model,split,flows,unknown,temperature,n_known,n_unknown,accuracy,macro_f1,auroc_msp,fpr95_msp,oscr_msp,auroc_energy,fpr95_energy,oscr_energy,ece,nll,brier,aurc,ece_ts,nll_ts,start,condition,seed,weeks_since
teacherA_0,val,all,all,1.3226642003178721,200000,37194,0.97536,0.962386062835966,0.9218921650669463,0.4790826477388826,0.9128180608431469,0.8917006415013173,0.4108189492928967,0.8782126588965962,0.005768528310656551,0.09212237596511841,0.03706327807037021,0.0011535111982566727,0.004128935264125458,0.08664852380752563,24,teacherA_member,0,1.0
teacherA_0,val,all,near,1.3226642003178721,200000,10090,0.97536,0.962386062835966,0.8998247710604559,0.5173439048562933,0.891641563924678,0.8362701603072349,0.5427155599603568,0.8254977185332012,0.005768528310656551,0.09212237596511841,0.03706327807037021,0.0011535111982566727,0.004128935264125458,0.08664852380752563,24,teacherA_member,0,1.0
teacherA_0,val,all,far,1.3226642003178721,200000,27104,0.97536,0.962386062835966,0.9301071888835597,0.46483913813459266,0.9207014306006494,0.9123357343012102,0.3617178276269185,0.8978368379206021,0.005768528310656551,0.09212237596511841,0.03706327807037021,0.0011535111982566727,0.004128935264125458,0.08664852380752563,24,teacherA_member,0,1.0
teacherA_0,val,ge5,all,1.3226642003178721,191393,35514,0.9774338664423464,0.9653457621198527,0.9265199042282634,0.44588049783184097,0.9184114049241037,0.8965369179594929,0.38407388635467704,0.8840422816967799,0.0057390334586482055,0.08419957756996155,0.03395123551638155,0.0009836115284774544,0.003374435244177605,0.07830984890460968,24,teacherA_member,0,1.0
teacherA_0,val,ge5,near,1.3226642003178721,191393,9767,0.9774338664423464,0.9653457621198527,0.9060619915570413,0.49759393877342073,0.898620480916782,0.8434252399830537,0.5034299170676769,0.8332466443257609,0.0057390334586482055,0.08419957756996155,0.03395123551638155,0.0009836115284774544,0.003374435244177605,0.07830984890460968,24,teacherA_member,0,1.0
teacherA_0,val,ge5,far,1.3226642003178721,191393,25747,0.9774338664423464,0.9653457621198527,0.9342805145152805,0.42626325397133646,0.9259189962854083,0.9166845762806908,0.3387967530197693,0.9033113612090627,0.0057390334586482055,0.08419957756996155,0.03395123551638155,0.0009836115284774544,0.003374435244177605,0.07830984890460968,24,teacherA_member,0,1.0
teacherA_1,val,all,all,1.3326215961863106,200000,37194,0.97569,0.9630116401228392,0.9205503366134323,0.45219659084798625,0.9115570380975426,0.8915117828816476,0.41205570790987794,0.8783333259396677,0.006143733865618712,0.08985474705696106,0.03640918359186233,0.0010962286963678094,0.0025986336452513753,0.08417825400829315,24,teacherA_member,1,1.0
teacherA_1,val,all,near,1.3326215961863106,200000,10090,0.97569,0.9630116401228392,0.9047029410307235,0.525173439048563,0.896987092666006,0.8411046813676908,0.5590683845391476,0.8306070550049554,0.006143733865618712,0.08985474705696106,0.03640918359186233,0.0010962286963678094,0.0025986336452513753,0.08417825400829315,24,teacherA_member,1,1.0
teacherA_1,val,all,far,1.3326215961863106,200000,27104,0.97569,0.9630116401228392,0.9264498430121015,0.42502951593860683,0.9169809884149942,0.9102768232548701,0.35732733175914994,0.8961003741145218,0.006143733865618712,0.08985474705696106,0.03640918359186233,0.0010962286963678094,0.0025986336452513753,0.08417825400829315,24,teacherA_member,1,1.0
teacherA_1,val,ge5,all,1.3326215961863106,191393,35514,0.9778727539669685,0.9658334110083489,0.9255145430695644,0.42909838373599146,0.917535041352731,0.8963259961750552,0.38083572675564564,0.8842312433336267,0.0060538733566805735,0.08132952451705933,0.03317545832389778,0.0009337430463845335,0.0020977504873386024,0.07541877776384354,24,teacherA_member,1,1.0
teacherA_1,val,ge5,near,1.3326215961863106,191393,9767,0.9778727539669685,0.9658334110083489,0.9116120618269071,0.49800348110985976,0.9046023709588586,0.848872675649831,0.504658544076994,0.839005627342651,0.0060538733566805735,0.08132952451705933,0.03317545832389778,0.0009337430463845335,0.0020977504873386024,0.07541877776384354,24,teacherA_member,1,1.0
teacherA_1,val,ge5,far,1.3326215961863106,191393,25747,0.9778727539669685,0.9658334110083489,0.9307883821303105,0.4029595681050219,0.9224409873556421,0.9143271839472173,0.33386413951139937,0.9013873621584941,0.0060538733566805735,0.08132952451705933,0.03317545832389778,0.0009337430463845335,0.0020977504873386024,0.07541877776384354,24,teacherA_member,1,1.0
teacherA_2,val,all,all,1.3488426478138016,200000,37194,0.97398,0.9605542650322927,0.9257156326289186,0.46773673173092434,0.9159722328870249,0.8950040126767758,0.3951981502392859,0.8807997120503306,0.006648009116575143,0.09775280952453613,0.038619428877829494,0.0013079334025266729,0.0029021689620241896,0.09090642631053925,24,teacherA_member,2,1.0
teacherA_2,val,all,near,1.3488426478138016,200000,10090,0.97398,0.9605542650322927,0.904179489098117,0.5312190287413281,0.8955278062438058,0.8470030777998018,0.5256689791873141,0.8352390951437065,0.006648009116575143,0.09775280952453613,0.038619428877829494,0.0013079334025266729,0.0029021689620241896,0.09090642631053925,24,teacherA_member,2,1.0
teacherA_2,val,all,far,1.3488426478138016,200000,27104,0.97398,0.9605542650322927,0.9337328879501181,0.44410419126328216,0.923583075007379,0.9128733099358028,0.34662780401416765,0.8977605526859505,0.006648009116575143,0.09775280952453613,0.038619428877829494,0.0013079334025266729,0.0029021689620241896,0.09090642631053925,24,teacherA_member,2,1.0
teacherA_2,val,ge5,all,1.3488426478138016,191393,35514,0.976091079611062,0.963188815841583,0.9303560196411234,0.4467533930281016,0.9216547965835423,0.8995942934159737,0.36588387678098777,0.8864217984363045,0.006567530238427138,0.0897117406129837,0.03547549666917506,0.001134568209792719,0.002357975936492241,0.08252173662185669,24,teacherA_member,2,1.0
teacherA_2,val,ge5,near,1.3488426478138016,191393,9767,0.976091079611062,0.963188815841583,0.9106739385928858,0.5089587386096037,0.9027490781027195,0.8535633501294289,0.4731237841711887,0.8424604118039637,0.006567530238427138,0.0897117406129837,0.03547549666917506,0.001134568209792719,0.002357975936492241,0.08252173662185669,24,teacherA_member,2,1.0
teacherA_2,val,ge5,far,1.3488426478138016,191393,25747,0.976091079611062,0.963188815841583,0.9378223219519997,0.42315609585582786,0.9288265895070751,0.9170559092578072,0.32520293626441915,0.9030983379647184,0.006567530238427138,0.0897117406129837,0.03547549666917506,0.001134568209792719,0.002357975936492241,0.08252173662185669,24,teacherA_member,2,1.0
teacherA_3,val,all,all,1.3539903444654904,200000,37194,0.97537,0.961736698054871,0.9191606482228316,0.4976071409367102,0.9102195735871378,0.8800814575603593,0.4117061891702963,0.866733559982793,0.005766062351018191,0.09663332998752594,0.03723191640953581,0.0015989535371063524,0.004209144468009471,0.08973861485719681,24,teacherA_member,3,1.0
teacherA_3,val,all,near,1.3539903444654904,200000,10090,0.97537,0.961736698054871,0.9022980131318137,0.5366699702675917,0.8941312041625371,0.833082985381566,0.5256689791873141,0.821946635777998,0.005766062351018191,0.09663332998752594,0.03723191640953581,0.0015989535371063524,0.004209144468009471,0.08973861485719681,24,teacherA_member,3,1.0
teacherA_3,val,all,far,1.3539903444654904,200000,27104,0.97537,0.961736698054871,0.9254380976055194,0.48306523022432113,0.9162087872638724,0.897577568255608,0.36928128689492323,0.8834063782098583,0.005766062351018191,0.09663332998752594,0.03723191640953581,0.0015989535371063524,0.004209144468009471,0.08973861485719681,24,teacherA_member,3,1.0
teacherA_3,val,ge5,all,1.3539903444654904,191393,35514,0.9775383634720183,0.9644763838044956,0.9242744475060802,0.47153235343808075,0.9162773738166066,0.8840316016024904,0.3929717857746241,0.8717520423332279,0.005789086178426182,0.0885516107082367,0.03399738831299502,0.0014300148621351333,0.003392450817353106,0.08120282739400864,24,teacherA_member,3,1.0
teacherA_3,val,ge5,near,1.3539903444654904,191393,9767,0.9775383634720183,0.9644763838044956,0.9094227257494272,0.512235077301116,0.9019299436795407,0.8397551257883369,0.4851028975120303,0.8292841494855291,0.005789086178426182,0.0885516107082367,0.03399738831299502,0.0014300148621351333,0.003392450817353106,0.08120282739400864,24,teacherA_member,3,1.0
teacherA_3,val,ge5,far,1.3539903444654904,191393,25747,0.9775383634720183,0.9644763838044956,0.9299083763675877,0.45609197188021905,0.9217200020897539,0.9008276686890183,0.35802229385947876,0.8878620322133488,0.005789086178426182,0.0885516107082367,0.03399738831299502,0.0014300148621351333,0.003392450817353106,0.08120282739400864,24,teacherA_member,3,1.0
teacherA_4,val,all,all,1.335423425817747,200000,37194,0.974835,0.9616807674360857,0.9257920188740119,0.4703446792493413,0.9164320266709685,0.8983254885868689,0.38893369898370705,0.8843752220788299,0.006219196301177167,0.09352301806211472,0.037826634784650044,0.0012400971466418648,0.0030460959535092576,0.08762158453464508,24,teacherA_member,4,1.0
teacherA_4,val,all,near,1.335423425817747,200000,10090,0.974835,0.9616807674360857,0.9059019479682855,0.5341922695738355,0.8975897710604559,0.8349488102081268,0.5412289395441031,0.8240717601585729,0.006219196301177167,0.09352301806211472,0.037826634784650044,0.0012400971466418648,0.0030460959535092576,0.08762158453464508,24,teacherA_member,4,1.0
teacherA_4,val,all,far,1.335423425817747,200000,27104,0.974835,0.9616807674360857,0.9331964911083236,0.44657615112160565,0.9234464289403778,0.9219187104301948,0.3322387839433294,0.9068243783205432,0.006219196301177167,0.09352301806211472,0.037826634784650044,0.0012400971466418648,0.0030460959535092576,0.08762158453464508,24,teacherA_member,4,1.0
teacherA_4,val,ge5,all,1.335423425817747,191393,35514,0.9768434582247,0.9642628209754153,0.9306733844233182,0.433406543898181,0.922306514197738,0.9031740784742345,0.37258545925550485,0.8902469370120284,0.0062621840825602005,0.08550924062728882,0.034751899515211064,0.0010741399862939423,0.0023601835750977733,0.07925187796354294,24,teacherA_member,4,1.0
teacherA_4,val,ge5,near,1.335423425817747,191393,9767,0.9768434582247,0.9642628209754153,0.9128045353461232,0.5124398484693355,0.9052138914923289,0.842033393738205,0.5125422340534452,0.831772179147232,0.0062621840825602005,0.08550924062728882,0.034751899515211064,0.0010741399862939423,0.0023601835750977733,0.07925187796354294,24,teacherA_member,4,1.0
teacherA_4,val,ge5,far,1.335423425817747,191393,25747,0.9768434582247,0.9642628209754153,0.9374518459503683,0.40342564182234825,0.9287905180025984,0.9263675017008939,0.3194935332271721,0.9124290537660373,0.0062621840825602005,0.08550924062728882,0.034751899515211064,0.0010741399862939423,0.0023601835750977733,0.07925187796354294,24,teacherA_member,4,1.0
teacherA,val,all,all,1.1466253202812484,200000,37194,0.97787,0.9672553050846058,0.9399346188901435,0.3751411517986772,0.9304317935688551,0.9062375744743776,0.37627036618809484,0.8937501582244448,0.0026564187327772224,0.07810074836015701,0.033347358316665666,0.0009041827512882375,0.00418651958078147,0.07709993422031403,24,teacherA,,1.0
teacherA,val,all,near,1.1466253202812484,200000,10090,0.97787,0.9672553050846058,0.919212292368682,0.4585728444003964,0.9111173919722497,0.8542310921704659,0.5174430128840436,0.8442380396432111,0.0026564187327772224,0.07810074836015701,0.033347358316665666,0.0009041827512882375,0.00418651958078147,0.07709993422031403,24,teacherA,,1.0
teacherA,val,all,far,1.1466253202812484,200000,27104,0.97787,0.9672553050846058,0.9476489147358322,0.34408205430932703,0.9376219615185951,0.9255980159755017,0.3237160566706021,0.9121820235020661,0.0026564187327772224,0.07810074836015701,0.033347358316665666,0.0009041827512882375,0.00418651958078147,0.07709993422031403,24,teacherA,,1.0
teacherA,val,ge5,all,1.1466253202812484,191393,35514,0.9799835939663415,0.9700794418689612,0.9434601389340709,0.35690150363237033,0.9350977820097632,0.9115977356735959,0.34414597060314245,0.9001248407894081,0.002669384845955232,0.07005340605974197,0.030190873967069858,0.0007597346524440543,0.0038556040211874467,0.0690397098660469,24,teacherA,,1.0
teacherA,val,ge5,near,1.1466253202812484,191393,9767,0.9799835939663415,0.9700794418689612,0.9247917908853887,0.4389269990785297,0.9175108118945188,0.8620012333142366,0.4646257806900788,0.8526273613437974,0.002669384845955232,0.07005340605974197,0.030190873967069858,0.0007597346524440543,0.0038556040211874467,0.0690397098660469,24,teacherA,,1.0
teacherA,val,ge5,far,1.1466253202812484,191393,25747,0.9799835939663415,0.9700794418689612,0.9505418865315182,0.325785528411077,0.9417693141150801,0.9304119291153119,0.2984425369946013,0.9181427800345738,0.002669384845955232,0.07005340605974197,0.030190873967069858,0.0007597346524440543,0.0038556040211874467,0.0690397098660469,24,teacherA,,1.0
teacherB,val,all,all,1.4376083289838688,200000,37194,0.977365,0.9668425337976739,0.9235629943673711,0.4911007151691133,0.9163615893692532,0.9016219581115233,0.41799752648276606,0.8898848271226543,0.0060224027869850505,0.08883967995643616,0.0344433141847352,0.0009769184764911868,0.004447156413868093,0.0804259404540062,24,teacherB,,1.0
teacherB,val,all,near,1.4376083289838688,200000,10090,0.977365,0.9668425337976739,0.9057846139742318,0.55599603567889,0.9002799088206145,0.8590211808721506,0.5234886025768087,0.849317117938553,0.0060224027869850505,0.08883967995643616,0.0344433141847352,0.0009769184764911868,0.004447156413868093,0.0804259404540062,24,teacherB,,1.0
teacherB,val,all,far,1.4376083289838688,200000,27104,0.977365,0.9668425337976739,0.9301813480482586,0.4669421487603306,0.9223483129796339,0.9174809398981699,0.3787263872491145,0.904986959120425,0.0060224027869850505,0.08883967995643616,0.0344433141847352,0.0009769184764911868,0.004447156413868093,0.0804259404540062,24,teacherB,,1.0
teacherB,val,ge5,all,1.4376083289838688,191393,35514,0.9795708306991374,0.9697200368849668,0.9295874636138137,0.4446697077208988,0.9233406234414665,0.9072084760004747,0.3888044151602185,0.8964635623775785,0.006017788963590305,0.08048740029335022,0.03107686403841875,0.0008116059072862395,0.0035635535715005237,0.07168491929769516,24,teacherB,,1.0
teacherB,val,ge5,near,1.4376083289838688,191393,9767,0.9795708306991374,0.9697200368849668,0.9136911897541624,0.5216545510392137,0.9089188028127628,0.8664703073827311,0.48592198218490834,0.8574314060599433,0.006017788963590305,0.08048740029335022,0.03107686403841875,0.0008116059072862395,0.0035635535715005237,0.07168491929769516,24,teacherB,,1.0
teacherB,val,ge5,far,1.4376083289838688,191393,25747,0.9795708306991374,0.9697200368849668,0.9356176382666748,0.41546587951994407,0.9288114713880448,0.9226623033547103,0.351963335534237,0.9112702222119027,0.006017788963590305,0.08048740029335022,0.03107686403841875,0.0008116059072862395,0.0035635535715005237,0.07168491929769516,24,teacherB,,1.0
teacherA_0,test_w29-32,all,all,1.3226642003178721,100000,100000,0.95924,0.9265526018924345,0.8914168432,0.5421,0.8736891422000002,0.8650416444000001,0.46048,0.8415858797000001,0.017317604768872223,0.184354767203331,0.06469217548071893,0.003226918397544741,0.008976383193656809,0.16052652895450592,24,teacherA_member,0,3.5
teacherA_0,test_w29-32,all,near,1.3226642003178721,100000,16111,0.95924,0.9265526018924345,0.8916922202222085,0.5869902551052076,0.8746561976289492,0.8658849720687729,0.5186518527713985,0.8435759263856991,0.017317604768872223,0.184354767203331,0.06469217548071893,0.003226918397544741,0.008976383193656809,0.16052652895450592,24,teacherA_member,0,3.5
teacherA_0,test_w29-32,all,far,1.3226642003178721,100000,83889,0.95924,0.9265526018924345,0.8913639566570111,0.5334787636042866,0.8735034178497776,0.864879682139494,0.4493080141615706,0.8412036884454458,0.017317604768872223,0.184354767203331,0.06469217548071893,0.003226918397544741,0.008976383193656809,0.16052652895450592,24,teacherA_member,0,3.5
teacherA_0,test_w29-32,ge5,all,1.3226642003178721,95313,94723,0.9610021717918856,0.9286942738664132,0.8957492494097166,0.5243077182943953,0.8787972707962385,0.8698129407639185,0.4367999324345724,0.8470917873454109,0.017850984408325037,0.176853209733963,0.06192101106873964,0.002899756650896988,0.009774488402052982,0.15237100422382355,24,teacherA_member,0,3.5
teacherA_0,test_w29-32,ge5,near,1.3226642003178721,95313,15529,0.9610021717918856,0.9286942738664132,0.8980067061344089,0.5643634490308456,0.8815930102193634,0.8721688586755547,0.4862515293966128,0.8504832808742205,0.017850984408325037,0.176853209733963,0.06192101106873964,0.002899756650896988,0.009774488402052982,0.15237100422382355,24,teacherA_member,0,3.5
teacherA_0,test_w29-32,ge5,far,1.3226642003178721,95313,79194,0.9610021717918856,0.9286942738664132,0.8953065890379996,0.5164532666616157,0.8782490595996617,0.8693509733263627,0.4271030633633861,0.8464267558656411,0.017850984408325037,0.176853209733963,0.06192101106873964,0.002899756650896988,0.009774488402052982,0.15237100422382355,24,teacherA_member,0,3.5
teacherA_1,test_w29-32,all,all,1.3326215961863106,100000,100000,0.96031,0.9298142485967363,0.8899448304,0.54679,0.8740380471999998,0.862636072,0.46914,0.8408809610000001,0.016242697878181965,0.17325328290462494,0.062258920210964144,0.002815253501494556,0.0070581095287203886,0.1515333354473114,24,teacherA_member,1,3.5
teacherA_1,test_w29-32,all,near,1.3326215961863106,100000,16111,0.96031,0.9298142485967363,0.8843621441872014,0.6262181118490472,0.869951788219229,0.8452406933151264,0.5367761156973496,0.8256331388492335,0.016242697878181965,0.17325328290462494,0.062258920210964144,0.002815253501494556,0.0070581095287203886,0.1515333354473114,24,teacherA_member,1,3.5
teacherA_1,test_w29-32,all,far,1.3326215961863106,100000,83889,0.96031,0.9298142485967363,0.891016993109943,0.5315357198202386,0.8748228189631537,0.8659768788518162,0.4561503892047825,0.8438093266101635,0.016242697878181965,0.17325328290462494,0.062258920210964144,0.002815253501494556,0.0070581095287203886,0.1515333354473114,24,teacherA_member,1,3.5
teacherA_1,test_w29-32,ge5,all,1.3326215961863106,95313,94723,0.9622821650771668,0.931986888780885,0.8948594448650737,0.5280343739112993,0.8797870654464858,0.8671663445751573,0.44140282719086177,0.846267949683057,0.016547641615833986,0.16396035254001617,0.05905750835692615,0.0025136919987027756,0.007513102503309565,0.14205995202064514,24,teacherA_member,1,3.5
teacherA_1,test_w29-32,ge5,near,1.3326215961863106,95313,15529,0.9622821650771668,0.931986888780885,0.8910894591578237,0.6096335887693992,0.8774089626380575,0.8505112732828161,0.5207675961105029,0.8318115619696637,0.016547641615833986,0.16396035254001617,0.05905750835692615,0.0025136919987027756,0.007513102503309565,0.14205995202064514,24,teacherA_member,1,3.5
teacherA_1,test_w29-32,ge5,far,1.3326215961863106,95313,79194,0.9622821650771668,0.931986888780885,0.8955986941522407,0.5120337399297926,0.8802533830780247,0.8704322056517384,0.4258403414400081,0.8491026751016656,0.016547641615833986,0.16396035254001617,0.05905750835692615,0.0025136919987027756,0.007513102503309565,0.14205995202064514,24,teacherA_member,1,3.5
teacherA_2,test_w29-32,all,all,1.3488426478138016,100000,100000,0.95685,0.9203917545490653,0.8881689243499999,0.56626,0.8702072756,0.85926940025,0.46371,0.8359630297999999,0.01835881083369251,0.2077787071466446,0.06784150477801021,0.003906485991350538,0.007511249581873415,0.1775253713130951,24,teacherA_member,2,3.5
teacherA_2,test_w29-32,all,near,1.3488426478138016,100000,16111,0.95685,0.9203917545490653,0.8896322273601889,0.5920799453789336,0.8720511935944386,0.8424385817143567,0.5588107504189684,0.8215421705666935,0.01835881083369251,0.2077787071466446,0.06784150477801021,0.003906485991350538,0.007511249581873415,0.1775253713130951,24,teacherA_member,2,3.5
teacherA_2,test_w29-32,all,far,1.3488426478138016,100000,83889,0.95685,0.9203917545490653,0.8878878949564304,0.5613012433096115,0.8698531485653661,0.8625017825340628,0.44544576762149984,0.8387325760230782,0.01835881083369251,0.2077787071466446,0.06784150477801021,0.003906485991350538,0.007511249581873415,0.1775253713130951,24,teacherA_member,2,3.5
teacherA_2,test_w29-32,ge5,all,1.3488426478138016,95313,94723,0.9585785779484436,0.9222599988605458,0.8927664840854697,0.5467732229764682,0.8755161414871021,0.8635714908601759,0.44024154640372454,0.841074779975289,0.01886536113856624,0.20006495714187622,0.06508965001371732,0.0035778520124781148,0.009112372561519557,0.16929256916046143,24,teacherA_member,2,3.5
teacherA_2,test_w29-32,ge5,near,1.3488426478138016,95313,15529,0.9585785779484436,0.9222599988605458,0.89601613286717,0.5681627921952476,0.8790034320407669,0.8482754921374629,0.5377680468800309,0.8280931124880662,0.01886536113856624,0.20006495714187622,0.06508965001371732,0.0035778520124781148,0.009112372561519557,0.16929256916046143,24,teacherA_member,2,3.5
teacherA_2,test_w29-32,ge5,far,1.3488426478138016,95313,79194,0.9585785779484436,0.9222599988605458,0.89212926667088,0.5425789832563073,0.8748323253519422,0.8665708539958302,0.42111776144657426,0.8436203303251777,0.01886536113856624,0.20006495714187622,0.06508965001371732,0.0035778520124781148,0.009112372561519557,0.16929256916046143,24,teacherA_member,2,3.5
teacherA_3,test_w29-32,all,all,1.3539903444654904,100000,100000,0.96055,0.9305664300490712,0.8875285056000001,0.55717,0.8700448704000001,0.8538092335499999,0.46088,0.8309025953,0.01588299093857405,0.20533917844295502,0.06333926105001027,0.00503167233463087,0.010225294006094359,0.17501626908779144,24,teacherA_member,3,3.5
teacherA_3,test_w29-32,all,near,1.3539903444654904,100000,16111,0.96055,0.9305664300490712,0.8908808695922041,0.5981006765563901,0.8740092663397679,0.8511220163242506,0.4856930047793433,0.8291525088448887,0.01588299093857405,0.20533917844295502,0.06333926105001027,0.00503167233463087,0.010225294006094359,0.17501626908779144,24,teacherA_member,3,3.5
teacherA_3,test_w29-32,all,far,1.3539903444654904,100000,83889,0.96055,0.9305664300490712,0.8868846793977756,0.5493092062129719,0.8692835026046323,0.8543253173836857,0.4561146276627448,0.8312387018560241,0.01588299093857405,0.20533917844295502,0.06333926105001027,0.00503167233463087,0.010225294006094359,0.17501626908779144,24,teacherA_member,3,3.5
teacherA_3,test_w29-32,ge5,all,1.3539903444654904,95313,94723,0.962554950531407,0.9325984776079467,0.8925295343153237,0.5281821732842077,0.875761270009356,0.8586626623940281,0.43504745415580165,0.836603069011265,0.01649828372415331,0.1969224065542221,0.06014530170565889,0.004703309971429631,0.009335720991960846,0.16601817309856415,24,teacherA_member,3,3.5
teacherA_3,test_w29-32,ge5,near,1.3539903444654904,95313,15529,0.962554950531407,0.9325984776079467,0.897463454639394,0.5662953184364737,0.8812123622424387,0.8564223947762696,0.46963745250821043,0.8353119987467033,0.01649828372415331,0.1969224065542221,0.06014530170565889,0.004703309971429631,0.009335720991960846,0.16601817309856415,24,teacherA_member,3,3.5
teacherA_3,test_w29-32,ge5,far,1.3539903444654904,95313,79194,0.962554950531407,0.9325984776079467,0.8915620513151913,0.5207086395433997,0.8746923757586865,0.859101952186641,0.4282647675328939,0.836856232510247,0.01649828372415331,0.1969224065542221,0.06014530170565889,0.004703309971429631,0.009335720991960846,0.16601817309856415,24,teacherA_member,3,3.5
teacherA_4,test_w29-32,all,all,1.335423425817747,100000,100000,0.95827,0.92475393442984,0.8879352043,0.58425,0.87102431,0.8558228640000001,0.48728,0.8334336520999998,0.016969961085915596,0.1878841370344162,0.06503385558164418,0.0033012553517851586,0.007606702111884991,0.1632191389799118,24,teacherA_member,4,3.5
teacherA_4,test_w29-32,all,near,1.335423425817747,100000,16111,0.95827,0.92475393442984,0.8922257280739867,0.5950592762708709,0.8755903320712557,0.846252862640432,0.5445347898951027,0.8255053205884179,0.016969961085915596,0.1878841370344162,0.06503385558164418,0.0033012553517851586,0.007606702111884991,0.1632191389799118,24,teacherA_member,4,3.5
teacherA_4,test_w29-32,all,far,1.335423425817747,100000,83889,0.95827,0.92475393442984,0.8871112031970818,0.5821740633456115,0.8701473990630475,0.857660796171131,0.4762841373720035,0.8349562992764248,0.016969961085915596,0.1878841370344162,0.06503385558164418,0.0033012553517851586,0.007606702111884991,0.1632191389799118,24,teacherA_member,4,3.5
teacherA_4,test_w29-32,ge5,all,1.335423425817747,95313,94723,0.9600893896950049,0.926807669984515,0.892563891542702,0.5601912946169357,0.8763697713592794,0.8608703081288405,0.4686190260021325,0.8392710967858565,0.01726205245027934,0.179505854845047,0.06222438052524696,0.002989829889552468,0.008354310578886248,0.15457841753959656,24,teacherA_member,4,3.5
teacherA_4,test_w29-32,ge5,near,1.335423425817747,95313,15529,0.9600893896950049,0.926807669984515,0.8983168261730956,0.5761478524051774,0.8823463797651796,0.8523060398816409,0.52855946937987,0.8323056990569054,0.01726205245027934,0.179505854845047,0.06222438052524696,0.002989829889552468,0.008354310578886248,0.15457841753959656,24,teacherA_member,4,3.5
teacherA_4,test_w29-32,ge5,far,1.335423425817747,95313,79194,0.9600893896950049,0.926807669984515,0.8914358095936226,0.5570624037174533,0.8751978296473414,0.8625496591101112,0.45686541909740636,0.8406369283050736,0.01726205245027934,0.179505854845047,0.06222438052524696,0.002989829889552468,0.008354310578886248,0.15457841753959656,24,teacherA_member,4,3.5
teacherA,test_w29-32,all,all,1.1466253202812484,100000,100000,0.9633,0.9361671102535628,0.90808230285,0.477,0.8907847817000001,0.8735891820999999,0.43593,0.8523436038,0.009146952632665656,0.15280131995677948,0.05738279553769818,0.002572695582833551,0.00809578038722278,0.14528514444828033,24,teacherA,,3.5
teacherA,test_w29-32,all,near,1.1466253202812484,100000,16111,0.9633,0.9361671102535628,0.9153373272919124,0.4989758550058966,0.8985729650549314,0.8684452060703867,0.4957482465396313,0.8488092849605859,0.009146952632665656,0.15280131995677948,0.05738279553769818,0.002572695582833551,0.00809578038722278,0.14528514444828033,24,teacherA,,3.5
teacherA,test_w29-32,all,far,1.1466253202812484,100000,83889,0.9633,0.9361671102535628,0.9066889652397812,0.4727795062523096,0.8892890501734435,0.8745770899045167,0.4244418219313617,0.8530223746855965,0.009146952632665656,0.15280131995677948,0.05738279553769818,0.002572695582833551,0.00809578038722278,0.14528514444828033,24,teacherA,,3.5
teacherA,test_w29-32,ge5,all,1.1466253202812484,95313,94723,0.9652303463326094,0.9384577701401163,0.9117867638882791,0.4535434899654783,0.8953497030172058,0.8787620370504888,0.4128669911214805,0.8583252043717001,0.009185615620829656,0.1439318209886551,0.0543082265522464,0.002311120082010728,0.007570820781271426,0.13648326694965363,24,teacherA,,3.5
teacherA,test_w29-32,ge5,near,1.1466253202812484,95313,15529,0.9652303463326094,0.9384577701401163,0.9203227749017873,0.47833086483353726,0.9044007419428706,0.875097797514768,0.47762251271814027,0.8562134901442227,0.009185615620829656,0.1439318209886551,0.0543082265522464,0.002311120082010728,0.007570820781271426,0.13648326694965363,24,teacherA,,3.5
teacherA,test_w29-32,ge5,far,1.1466253202812484,95313,79194,0.9652303463326094,0.9384577701401163,0.9101129538139201,0.4486829810339167,0.8935749021045528,0.8794805507731219,0.40016920473773265,0.8587392863758732,0.009185615620829656,0.1439318209886551,0.0543082265522464,0.002311120082010728,0.007570820781271426,0.13648326694965363,24,teacherA,,3.5
teacherB,test_w29-32,all,all,1.4376083289838688,100000,100000,0.96151,0.934228723273395,0.89635599095,0.56127,0.8818829790000001,0.8786581995,0.4543,0.8575623351999999,0.017265454850196812,0.1967012733221054,0.06206294684312386,0.002943800213269692,0.009676093370541901,0.16112348437309265,24,teacherB,,3.5
teacherB,test_w29-32,all,near,1.4376083289838688,100000,16111,0.96151,0.934228723273395,0.8949007560052138,0.5882316429768482,0.8798374452237602,0.8605073462230775,0.4804171063248712,0.8407344379616412,0.017265454850196812,0.1967012733221054,0.06206294684312386,0.002943800213269692,0.009676093370541901,0.16112348437309265,24,teacherB,,3.5
teacherB,test_w29-32,all,far,1.4376083289838688,100000,83889,0.96151,0.934228723273395,0.8966354708603035,0.5560919786861209,0.8822758266280442,0.8821440963058327,0.4492841731335455,0.8607941564448259,0.017265454850196812,0.1967012733221054,0.06206294684312386,0.002943800213269692,0.009676093370541901,0.16112348437309265,24,teacherB,,3.5
teacherB,test_w29-32,ge5,all,1.4376083289838688,95313,94723,0.9638874025578882,0.9368912935086492,0.9031185196611116,0.5230936520169336,0.88957482616305,0.8846418300578958,0.4155062656377015,0.8643714264364134,0.017417148153037167,0.18732276558876038,0.05839173839216677,0.002587853676892322,0.00955754436032153,0.1513213813304901,24,teacherB,,3.5
teacherB,test_w29-32,ge5,near,1.4376083289838688,95313,15529,0.9638874025578882,0.9368912935086492,0.9029232583368725,0.5450447549745637,0.8885915974654998,0.8669774140887918,0.4465838109343808,0.8479663916137543,0.017417148153037167,0.18732276558876038,0.05839173839216677,0.002587853676892322,0.00955754436032153,0.1513213813304901,24,teacherB,,3.5
teacherB,test_w29-32,ge5,far,1.4376083289838688,95313,79194,0.9638874025578882,0.9368912935086492,0.9031568080807408,0.5187893022198652,0.8897676255979093,0.8881056116017528,0.4094123292168599,0.8675882583398541,0.017417148153037167,0.18732276558876038,0.05839173839216677,0.002587853676892322,0.00955754436032153,0.1513213813304901,24,teacherB,,3.5
teacherA_0,test_w33-36,all,all,1.3226642003178721,100000,100000,0.93457,0.8894746867371255,0.8754112273,0.63686,0.8470793042000001,0.8483429398000001,0.55586,0.8133550264,0.03255190019816165,0.3289748728275299,0.10372471465216178,0.006716672055581792,0.01958332887277004,0.2777671813964844,24,teacherA_member,0,7.5
teacherA_0,test_w33-36,all,near,1.3226642003178721,100000,15732,0.93457,0.8894746867371255,0.8741175123951183,0.6638698194762268,0.8467924866514112,0.8502988561530638,0.5847317569285533,0.8164158740147471,0.03255190019816165,0.3289748728275299,0.10372471465216178,0.006716672055581792,0.01958332887277004,0.2777671813964844,24,teacherA_member,0,7.5
teacherA_0,test_w33-36,all,far,1.3226642003178721,100000,84268,0.93457,0.8894746867371255,0.8756527510442872,0.6318175345326814,0.8471328501922437,0.847977789611715,0.550469929273271,0.8127835965016377,0.03255190019816165,0.3289748728275299,0.10372471465216178,0.006716672055581792,0.01958332887277004,0.2777671813964844,24,teacherA_member,0,7.5
teacherA_0,test_w33-36,ge5,all,1.3226642003178721,95121,93782,0.9399606816580987,0.894339053021016,0.8810551136072142,0.6011174852317076,0.8537933831340201,0.8538130288149037,0.5212834019321405,0.8206102489744203,0.03118493969282351,0.30980804562568665,0.09676682265076694,0.006036149872016488,0.01951455903806041,0.25966405868530273,24,teacherA_member,0,7.5
teacherA_0,test_w33-36,ge5,near,1.3226642003178721,95121,15221,0.9399606816580987,0.894339053021016,0.882296494021628,0.6289337100059129,0.8558900737275874,0.8582400589874242,0.5530517048814139,0.825934028427864,0.03118493969282351,0.30980804562568665,0.09676682265076694,0.006036149872016488,0.01951455903806041,0.25966405868530273,24,teacherA_member,0,7.5
teacherA_0,test_w33-36,ge5,far,1.3226642003178721,95121,78561,0.9399606816580987,0.894339053021016,0.8808145992134593,0.5957281602830922,0.853387154502451,0.8529553026370809,0.5151283715838648,0.8195787798350144,0.03118493969282351,0.30980804562568665,0.09676682265076694,0.006036149872016488,0.01951455903806041,0.25966405868530273,24,teacherA_member,0,7.5
teacherA_1,test_w33-36,all,all,1.3326215961863106,100000,100000,0.93477,0.8952278746845722,0.8734484595,0.64883,0.8466260106,0.8463148354,0.56292,0.8127785339,0.03276143257141117,0.2976251244544983,0.10081168098737332,0.005853053942247014,0.019332784591913184,0.253039687871933,24,teacherA_member,1,7.5
teacherA_1,test_w33-36,all,near,1.3326215961863106,100000,15732,0.93477,0.8952278746845722,0.8677956429570303,0.6988304093567251,0.8429799256292907,0.8320193052377319,0.6016399694889397,0.8006354023646072,0.03276143257141117,0.2976251244544983,0.10081168098737332,0.005853053942247014,0.019332784591913184,0.253039687871933,24,teacherA_member,1,7.5
teacherA_1,test_w33-36,all,far,1.3326215961863106,100000,84268,0.93477,0.8952278746845722,0.8745037842953434,0.6394954193762757,0.8473066985095173,0.8489836691270707,0.5556913656429487,0.8150455361465799,0.03276143257141117,0.2976251244544983,0.10081168098737332,0.005853053942247014,0.019332784591913184,0.253039687871933,24,teacherA_member,1,7.5
teacherA_1,test_w33-36,ge5,all,1.3326215961863106,95121,93782,0.9402235047991505,0.8998804602238529,0.879457493055422,0.619020707598473,0.8537618324745352,0.852308686797142,0.5163250943677892,0.8202746919069951,0.03120209143535262,0.28289705514907837,0.0948910775156828,0.005213324434571878,0.019281865765391995,0.2380378544330597,24,teacherA_member,1,7.5
teacherA_1,test_w33-36,ge5,near,1.3326215961863106,95121,15221,0.9402235047991505,0.8998804602238529,0.8759045129798926,0.6795217134222455,0.8521178100148793,0.8393357093291225,0.5656658563826292,0.809488487763138,0.03120209143535262,0.28289705514907837,0.0948910775156828,0.005213324434571878,0.019281865765391995,0.2380378544330597,24,teacherA_member,1,7.5
teacherA_1,test_w33-36,ge5,far,1.3326215961863106,95121,78561,0.9402235047991505,0.8998804602238529,0.8801458741825667,0.6072987869299016,0.8540803577715455,0.8548221691871413,0.5067654434133985,0.8223644923585378,0.03120209143535262,0.28289705514907837,0.0948910775156828,0.005213324434571878,0.019281865765391995,0.2380378544330597,24,teacherA_member,1,7.5
teacherA_2,test_w33-36,all,all,1.3488426478138016,100000,100000,0.93019,0.8838355992260549,0.8707600045499999,0.66102,0.8419105937000001,0.84317140055,0.55773,0.8069078089999999,0.03539544203713532,0.34715625643730164,0.10731197989190247,0.008196042076734165,0.021564748525470495,0.28922078013420105,24,teacherA_member,2,7.5
teacherA_2,test_w33-36,all,near,1.3488426478138016,100000,15732,0.93019,0.8838355992260549,0.8709607465675058,0.6773455377574371,0.8426213107042969,0.8221793481439106,0.6261759471141622,0.7892943179506738,0.03539544203713532,0.34715625643730164,0.10731197989190247,0.008196042076734165,0.021564748525470495,0.28922078013420105,24,teacherA_member,2,7.5
teacherA_2,test_w33-36,all,far,1.3488426478138016,100000,84268,0.93019,0.8838355992260549,0.8707225280058861,0.6579721839844306,0.8417779098827551,0.8470904085773959,0.5449518203825889,0.810196073123843,0.03539544203713532,0.34715625643730164,0.10731197989190247,0.008196042076734165,0.021564748525470495,0.28922078013420105,24,teacherA_member,2,7.5
teacherA_2,test_w33-36,ge5,all,1.3488426478138016,95121,93782,0.9354926882602159,0.8884504299770165,0.8766537448750992,0.6275724552686016,0.8486926671394835,0.8486247879669784,0.5194813503657418,0.813890182927554,0.034486759266143655,0.32964974641799927,0.10073605289971556,0.00750684040141413,0.02194537830636826,0.27215930819511414,24,teacherA_member,2,7.5
teacherA_2,test_w33-36,ge5,near,1.3488426478138016,95121,15221,0.9354926882602159,0.8884504299770165,0.8792439830755753,0.6473950463175876,0.8516109282793785,0.8301134257512256,0.5998948820708232,0.7985396946077361,0.034486759266143655,0.32964974641799927,0.10073605289971556,0.00750684040141413,0.02194537830636826,0.27215930819511414,24,teacherA_member,2,7.5
teacherA_2,test_w33-36,ge5,far,1.3488426478138016,95121,78561,0.9354926882602159,0.8884504299770165,0.8761518926118969,0.6237318771400567,0.8481272612407509,0.8522113187428846,0.5039014269166635,0.8168643021815851,0.034486759266143655,0.32964974641799927,0.10073605289971556,0.00750684040141413,0.02194537830636826,0.27215930819511414,24,teacherA_member,2,7.5
teacherA_3,test_w33-36,all,all,1.3539903444654904,100000,100000,0.93779,0.8950666928187873,0.8696695779500001,0.67401,0.8428581715000001,0.83942758075,0.56548,0.8052059799999999,0.03188059802994135,0.33919358253479004,0.09984255553211296,0.00883925935800727,0.019700102090016023,0.2833077013492584,24,teacherA_member,3,7.5
teacherA_3,test_w33-36,all,near,1.3539903444654904,100000,15732,0.93779,0.8950666928187873,0.8707634232773964,0.6969234680905162,0.8448795041952708,0.8329377631578947,0.5858759216882786,0.7998265853038393,0.03188059802994135,0.33919358253479004,0.09984255553211296,0.00883925935800727,0.019700102090016023,0.2833077013492584,24,teacherA_member,3,7.5
teacherA_3,test_w33-36,all,far,1.3539903444654904,100000,84268,0.93779,0.8950666928187873,0.8694653678739261,0.6697322827170457,0.8424808087292922,0.8406391653415294,0.5616722836663977,0.8062102596477905,0.03188059802994135,0.33919358253479004,0.09984255553211296,0.00883925935800727,0.019700102090016023,0.2833077013492584,24,teacherA_member,3,7.5
teacherA_3,test_w33-36,ge5,all,1.3539903444654904,95121,93782,0.9435771280789731,0.9001519018109652,0.8756491533447921,0.6370625493165,0.8499995889643593,0.8452120114604069,0.5231174425795995,0.8126985872759398,0.030439472274714597,0.32146382331848145,0.09274494964216831,0.008171859272403837,0.019826230142985787,0.26620352268218994,24,teacherA_member,3,7.5
teacherA_3,test_w33-36,ge5,near,1.3539903444654904,95121,15221,0.9435771280789731,0.9001519018109652,0.8788866375369874,0.6653307929833783,0.8539936983129786,0.8401088071987255,0.5443794757243282,0.8086094459734394,0.030439472274714597,0.32146382331848145,0.09274494964216831,0.008171859272403837,0.019826230142985787,0.26620352268218994,24,teacherA_member,3,7.5
teacherA_3,test_w33-36,ge5,far,1.3539903444654904,95121,78561,0.9435771280789731,0.9001519018109652,0.8750218987669558,0.6315856468222146,0.8492257401284823,0.8462007447003993,0.518997976095009,0.81349084831851,0.030439472274714597,0.32146382331848145,0.09274494964216831,0.008171859272403837,0.019826230142985787,0.26620352268218994,24,teacherA_member,3,7.5
teacherA_4,test_w33-36,all,all,1.335423425817747,100000,100000,0.9321,0.8883688477192797,0.8702871088999999,0.69303,0.8424029904,0.83744820955,0.58977,0.8026820203999999,0.0332796047337353,0.3276381194591522,0.10305542719138559,0.009261151571158003,0.020257176372930404,0.276483952999115,24,teacherA_member,4,7.5
teacherA_4,test_w33-36,all,near,1.335423425817747,100000,15732,0.9321,0.8883688477192797,0.8731138383549453,0.7051233155352149,0.8458663145181795,0.827155025743707,0.6294813119755912,0.7944460259344013,0.0332796047337353,0.3276381194591522,0.10305542719138559,0.009261151571158003,0.020257176372930404,0.276483952999115,24,teacherA_member,4,7.5
teacherA_4,test_w33-36,all,far,1.335423425817747,100000,84268,0.9321,0.8883688477192797,0.8697593865405611,0.6907722979066787,0.8417564221293967,0.839369844899606,0.5823562918308255,0.8042195988987515,0.0332796047337353,0.3276381194591522,0.10305542719138559,0.009261151571158003,0.020257176372930404,0.276483952999115,24,teacherA_member,4,7.5
teacherA_4,test_w33-36,ge5,all,1.335423425817747,95121,93782,0.9375216829091367,0.8933266229309983,0.8763691420128847,0.6653302339468128,0.8495229533044245,0.8436027819290337,0.552216843317481,0.8103148216864089,0.03174101642776239,0.30999600887298584,0.09623149943903783,0.008644306764834252,0.020177214155087927,0.25939661264419556,24,teacherA_member,4,7.5
teacherA_4,test_w33-36,ge5,near,1.335423425817747,95121,15221,0.9375216829091367,0.8933266229309983,0.8812986042326162,0.6818868668287235,0.8549549420503344,0.8354726083719407,0.594704684317719,0.8040129864338068,0.03174101642776239,0.30999600887298584,0.09623149943903783,0.008644306764834252,0.020177214155087927,0.25939661264419556,24,teacherA_member,4,7.5
teacherA_4,test_w33-36,ge5,far,1.335423425817747,95121,78561,0.9375216829091367,0.8933266229309983,0.875414070865031,0.6621224271585138,0.8484705188814731,0.8451779830047903,0.5439849289087461,0.8115357867247849,0.03174101642776239,0.30999600887298584,0.09623149943903783,0.008644306764834252,0.020177214155087927,0.25939661264419556,24,teacherA_member,4,7.5
teacherA,test_w33-36,all,all,1.1466253202812484,100000,100000,0.9382,0.9014435249920199,0.89044463035,0.59168,0.8627844103000001,0.8572747408999999,0.53431,0.8245540648,0.019875383328422883,0.26397037506103516,0.09238793084806309,0.00548143441576834,0.015063642592877149,0.24720311164855957,24,teacherA,,7.5
teacherA,test_w33-36,all,near,1.1466253202812484,100000,15732,0.9382,0.9014435249920199,0.8964899354818205,0.6004958047292144,0.8692614181286549,0.8503767925247901,0.5867658276125095,0.8197773213831681,0.019875383328422883,0.26397037506103516,0.09238793084806309,0.00548143441576834,0.015063642592877149,0.24720311164855957,24,teacherA,,7.5
teacherA,test_w33-36,all,far,1.1466253202812484,100000,84268,0.9382,0.9014435249920199,0.8893160318270279,0.5900341766744197,0.8615752171642853,0.8585625194617175,0.5245170171358048,0.8254458354298192,0.019875383328422883,0.26397037506103516,0.09238793084806309,0.00548143441576834,0.015063642592877149,0.24720311164855957,24,teacherA,,7.5
teacherA,test_w33-36,ge5,all,1.1466253202812484,95121,93782,0.9437032831866781,0.9065764803389615,0.896095698337291,0.5490499242925082,0.869398261832006,0.863799407454509,0.48759889957561153,0.8325690894206351,0.01855330039780537,0.24611666798591614,0.08557455093701061,0.00489693946047906,0.014101294363748539,0.22988386452198029,24,teacherA,,7.5
teacherA,test_w33-36,ge5,near,1.1466253202812484,95121,15221,0.9437032831866781,0.9065764803389615,0.9035705362722246,0.5686222981407266,0.8774089419243437,0.859178859241285,0.5379410025622495,0.8298875183745597,0.01855330039780537,0.24611666798591614,0.08557455093701061,0.00489693946047906,0.014101294363748539,0.22988386452198029,24,teacherA,,7.5
teacherA,test_w33-36,ge5,far,1.1466253202812484,95121,78561,0.9437032831866781,0.9065764803389615,0.8946474669221149,0.5452578251295171,0.8678462123203469,0.8646946272754568,0.4778452412774786,0.833088637197424,0.01855330039780537,0.24611666798591614,0.08557455093701061,0.00489693946047906,0.014101294363748539,0.22988386452198029,24,teacherA,,7.5
teacherB,test_w33-36,all,all,1.4376083289838688,100000,100000,0.93699,0.8961767018097629,0.87677103305,0.69041,0.8539174275000001,0.8604993004500001,0.55116,0.8287477504999998,0.03207289005964994,0.34988415241241455,0.09848067968181808,0.006578154800759939,0.017649895061105498,0.27732419967651367,24,teacherB,,7.5
teacherB,test_w33-36,all,near,1.4376083289838688,100000,15732,0.93699,0.8961767018097629,0.8758061969234681,0.6971777269260107,0.8521543287566743,0.8414454548054919,0.5751970505975083,0.8114940376303077,0.03207289005964994,0.34988415241241455,0.09848067968181808,0.006578154800759939,0.017649895061105498,0.27732419967651367,24,teacherB,,7.5
teacherB,test_w33-36,all,far,1.4376083289838688,100000,84268,0.93699,0.8961767018097629,0.8769511583875255,0.6891465324915745,0.8542465805525229,0.8640564644942326,0.5466725210044144,0.8319688476052595,0.03207289005964994,0.34988415241241455,0.09848067968181808,0.006578154800759939,0.017649895061105498,0.27732419967651367,24,teacherB,,7.5
teacherB,test_w33-36,ge5,all,1.4376083289838688,95121,93782,0.942473270886555,0.9000226297021204,0.884467823358468,0.6500607792540146,0.862682137767932,0.867520573407729,0.509362137723657,0.8371604422740444,0.030638022531433794,0.33119577169418335,0.09138472555726872,0.005924265003864226,0.017823722476960936,0.259743332862854,24,teacherB,,7.5
teacherB,test_w33-36,ge5,near,1.4376083289838688,95121,15221,0.942473270886555,0.9000226297021204,0.8850985019311648,0.6642796136916103,0.8623263739927428,0.8496045812115496,0.5272321135273635,0.8208544667675346,0.030638022531433794,0.33119577169418335,0.09138472555726872,0.005924265003864226,0.017823722476960936,0.259743332862854,24,teacherB,,7.5
teacherB,test_w33-36,ge5,far,1.4376083289838688,95121,78561,0.942473270886555,0.9000226297021204,0.8843456309404105,0.6473059151487379,0.862751066121977,0.8709917527106662,0.5058998739832742,0.8403196848140397,0.030638022531433794,0.33119577169418335,0.09138472555726872,0.005924265003864226,0.017823722476960936,0.259743332862854,24,teacherB,,7.5
teacherA_0,test_w37-40,all,all,1.3226642003178721,100000,100000,0.914,0.8718370629305683,0.87379396135,0.66448,0.8335713144,0.85390455205,0.58245,0.8058268701999999,0.04690318637385962,0.46847593784332275,0.13586086371867825,0.010436774487480188,0.031633083494603614,0.3887074589729309,24,teacherA_member,0,11.5
teacherA_0,test_w37-40,all,near,1.3226642003178721,100000,12184,0.914,0.8718370629305683,0.8584816201575837,0.7178266579120157,0.8221815487524622,0.8330754715200261,0.6576657912015759,0.7896712541037426,0.04690318637385962,0.46847593784332275,0.13586086371867825,0.010436774487480188,0.031633083494603614,0.3887074589729309,24,teacherA_member,0,11.5
teacherA_0,test_w37-40,all,far,1.3226642003178721,100000,87816,0.914,0.8718370629305683,0.8759184667372688,0.6570784367313474,0.835151583424433,0.8567944754942152,0.5720142115332058,0.8080683754668854,0.04690318637385962,0.46847593784332275,0.13586086371867825,0.010436774487480188,0.031633083494603614,0.3887074589729309,24,teacherA_member,0,11.5
teacherA_0,test_w37-40,ge5,all,1.3226642003178721,95295,92226,0.9199433338580199,0.8770401928489852,0.8786306191987833,0.6226985882506018,0.8394651307612616,0.8592133052040017,0.5260989308871685,0.8130085666241718,0.04550693484811021,0.44757741689682007,0.1285231504933204,0.00956002144214607,0.031576327100068524,0.36895355582237244,24,teacherA_member,0,11.5
teacherA_0,test_w37-40,ge5,near,1.3226642003178721,95295,11717,0.9199433338580199,0.8770401928489852,0.8662062765410956,0.6866945463855936,0.8307753364100462,0.8404214843327792,0.619441836647606,0.7986120503889086,0.04550693484811021,0.44757741689682007,0.1285231504933204,0.00956002144214607,0.031576327100068524,0.36895355582237244,24,teacherA_member,0,11.5
teacherA_0,test_w37-40,ge5,far,1.3226642003178721,95295,80509,0.9199433338580199,0.8770401928489852,0.8804388148405143,0.6133848389621036,0.8407298132242559,0.8619482014907288,0.512514128855159,0.8151037855528455,0.04550693484811021,0.44757741689682007,0.1285231504933204,0.00956002144214607,0.031576327100068524,0.36895355582237244,24,teacherA_member,0,11.5
teacherA_1,test_w37-40,all,all,1.3326215961863106,100000,100000,0.91475,0.8794557043101782,0.870394664,0.67169,0.8316117398000001,0.84928102985,0.60575,0.8033128507000001,0.046793369876742374,0.4106062352657318,0.13301117893226866,0.008853187962096554,0.03117106117390095,0.34313035011291504,24,teacherA_member,1,11.5
teacherA_1,test_w37-40,all,near,1.3326215961863106,100000,12184,0.91475,0.8794557043101782,0.8482824880991463,0.73456992777413,0.814526664478004,0.8128133022816808,0.6745732107682206,0.7719254054497702,0.046793369876742374,0.4106062352657318,0.13301117893226866,0.008853187962096554,0.03117106117390095,0.34313035011291504,24,teacherA_member,1,11.5
teacherA_1,test_w37-40,all,far,1.3326215961863106,100000,87816,0.91475,0.8794557043101782,0.8734626100596703,0.6629657465609912,0.833982202559898,0.8543407318711851,0.5962011478546051,0.8076676907397285,0.046793369876742374,0.4106062352657318,0.13301117893226866,0.008853187962096554,0.03117106117390095,0.34313035011291504,24,teacherA_member,1,11.5
teacherA_1,test_w37-40,ge5,all,1.3326215961863106,95295,92226,0.9206254263077811,0.8845748530845425,0.8752495542653749,0.6353089150564917,0.8375929921426953,0.8557385812897359,0.5486196950968274,0.8109429114997808,0.04518837966425568,0.3956586420536041,0.1271809910744749,0.008041361658460493,0.03109145354767072,0.3276788592338562,24,teacherA_member,1,11.5
teacherA_1,test_w37-40,ge5,near,1.3326215961863106,95295,11717,0.9206254263077811,0.8845748530845425,0.8551443437995998,0.7107621404796449,0.822507542653907,0.8189029052026282,0.6321584023214133,0.7794591867230286,0.04518837966425568,0.3956586420536041,0.1271809910744749,0.008041361658460493,0.03109145354767072,0.3276788592338562,24,teacherA_member,1,11.5
teacherA_1,test_w37-40,ge5,far,1.3326215961863106,95295,80509,0.9206254263077811,0.8845748530845425,0.8781755967081764,0.6243277149138605,0.8397884760222634,0.8610995175417404,0.5364617620390267,0.8155249433621715,0.04518837966425568,0.3956586420536041,0.1271809910744749,0.008041361658460493,0.03109145354767072,0.3276788592338562,24,teacherA_member,1,11.5
teacherA_2,test_w37-40,all,all,1.3488426478138016,100000,100000,0.91098,0.8675064633680116,0.87120184655,0.66744,0.8302521423,0.8508436686499999,0.57875,0.8019292214999999,0.048626154257208114,0.46677109599113464,0.1367551962952866,0.012785585845325142,0.03259710196122526,0.3835391104221344,24,teacherA_member,2,11.5
teacherA_2,test_w37-40,all,near,1.3488426478138016,100000,12184,0.91098,0.8675064633680116,0.8579963718811556,0.712655942219304,0.8199947816808929,0.8160437738017072,0.6557780695994747,0.7726811621799081,0.048626154257208114,0.46677109599113464,0.1367551962952866,0.012785585845325142,0.03259710196122526,0.3835391104221344,24,teacherA_member,2,11.5
teacherA_2,test_w37-40,all,far,1.3488426478138016,100000,87816,0.91098,0.8675064633680116,0.8730340354832833,0.661166530017309,0.8316752961874829,0.8556719678076888,0.5680627676049923,0.8059872331921291,0.048626154257208114,0.46677109599113464,0.1367551962952866,0.012785585845325142,0.03259710196122526,0.3835391104221344,24,teacherA_member,2,11.5
teacherA_2,test_w37-40,ge5,all,1.3488426478138016,95295,92226,0.9169945957290518,0.8728389535206185,0.8761514313394352,0.6296814347364084,0.8360619172715565,0.8566966500998835,0.5370177607182356,0.8091583106333573,0.0476551168451492,0.4488229751586914,0.1300029007492197,0.011932326351012445,0.03288978336271328,0.3657047748565674,24,teacherA_member,2,11.5
teacherA_2,test_w37-40,ge5,near,1.3488426478138016,95295,11717,0.9169945957290518,0.8728389535206185,0.8658830849719464,0.6819151659981224,0.8284191872833151,0.823187602542413,0.6256721003669882,0.781021850624588,0.0476551168451492,0.4488229751586914,0.1300029007492197,0.011932326351012445,0.03288978336271328,0.3657047748565674,24,teacherA_member,2,11.5
teacherA_2,test_w37-40,ge5,far,1.3488426478138016,95295,80509,0.9169945957290518,0.8728389535206185,0.8776458507756207,0.6220795190599808,0.8371742136268985,0.8615734403994884,0.5241153163000409,0.8132531932169536,0.0476551168451492,0.4488229751586914,0.1300029007492197,0.011932326351012445,0.03288978336271328,0.3657047748565674,24,teacherA_member,2,11.5
teacherA_3,test_w37-40,all,all,1.3539903444654904,100000,100000,0.92063,0.8795639953805164,0.8678747768499999,0.7125,0.8308466355999999,0.8469626565,0.60426,0.8007310898000002,0.046215806633532044,0.45848405361175537,0.12846495362275376,0.013367623661117498,0.03272857012554998,0.3777333199977875,24,teacherA_member,3,11.5
teacherA_3,test_w37-40,all,near,1.3539903444654904,100000,12184,0.92063,0.8795639953805164,0.8568263374097176,0.7474556795797768,0.8222068122127381,0.8260030646749836,0.6252462245567958,0.7824753553841104,0.046215806633532044,0.45848405361175537,0.12846495362275376,0.013367623661117498,0.03272857012554998,0.3777333199977875,24,teacherA_member,3,11.5
teacherA_3,test_w37-40,all,far,1.3539903444654904,100000,87816,0.92063,0.8795639953805164,0.8694076886899882,0.7076500865445933,0.8320453648537853,0.8498706876878928,0.6013482736631138,0.8032639752436915,0.046215806633532044,0.45848405361175537,0.12846495362275376,0.013367623661117498,0.03272857012554998,0.3777333199977875,24,teacherA_member,3,11.5
teacherA_3,test_w37-40,ge5,all,1.3539903444654904,95295,92226,0.9269321580355737,0.8849058031644148,0.8727165840201515,0.6770541929607703,0.8370063254357951,0.8529753825270716,0.5552772537028604,0.8083359523567499,0.04450265096588567,0.439769446849823,0.12087975631074949,0.012520843178427162,0.032716954353786507,0.3596254289150238,24,teacherA_member,3,11.5
teacherA_3,test_w37-40,ge5,near,1.3539903444654904,95295,11717,0.9269321580355737,0.8849058031644148,0.8643093048992926,0.7180165571391994,0.8307258348785657,0.8326935950896078,0.5774515661005377,0.7906030416690327,0.04450265096588567,0.439769446849823,0.12087975631074949,0.012520843178427162,0.032716954353786507,0.3596254289150238,24,teacherA_member,3,11.5
teacherA_3,test_w37-40,ge5,far,1.3539903444654904,95295,80509,0.9269321580355737,0.8849058031644148,0.8739401501985801,0.6710926728688718,0.8379203661996731,0.8559271233685275,0.5520500813573638,0.8109167385362825,0.04450265096588567,0.439769446849823,0.12087975631074949,0.012520843178427162,0.032716954353786507,0.3596254289150238,24,teacherA_member,3,11.5
teacherA_4,test_w37-40,all,all,1.335423425817747,100000,100000,0.91148,0.8691886360862849,0.8672375536999999,0.69439,0.8276898509,0.8460814043,0.58729,0.7977393373000001,0.0467744098526984,0.449863463640213,0.13318929561309523,0.015386649255104239,0.0312900993922353,0.37363171577453613,24,teacherA_member,4,11.5
teacherA_4,test_w37-40,all,near,1.335423425817747,100000,12184,0.91148,0.8691886360862849,0.8560028553841103,0.7133946158896914,0.8185935292186475,0.8130525734569928,0.6486375574523966,0.7695991841759684,0.0467744098526984,0.449863463640213,0.13318929561309523,0.015386649255104239,0.0312900993922353,0.37363171577453613,24,teacherA_member,4,11.5
teacherA_4,test_w37-40,all,far,1.335423425817747,100000,87816,0.91148,0.8691886360862849,0.8687963079621026,0.6917532112599071,0.8289519168488657,0.8506639778058668,0.5787783547417327,0.8016436329370503,0.0467744098526984,0.449863463640213,0.13318929561309523,0.015386649255104239,0.0312900993922353,0.37363171577453613,24,teacherA_member,4,11.5
teacherA_4,test_w37-40,ge5,all,1.335423425817747,95295,92226,0.9171310142190041,0.8744543310222656,0.8721582607726084,0.6803504434758094,0.83368540510889,0.8525138130949128,0.5741114219417518,0.8055263479160395,0.04539280771729118,0.43102049827575684,0.12610322580210245,0.014648127054981652,0.03135239103685564,0.3553963899612427,24,teacherA_member,4,11.5
teacherA_4,test_w37-40,ge5,near,1.335423425817747,95295,11717,0.9171310142190041,0.8744543310222656,0.8633722449027369,0.6980455748058376,0.8268040878689262,0.8205151682559266,0.6394128189809678,0.7782141567528704,0.04539280771729118,0.43102049827575684,0.12610322580210245,0.014648127054981652,0.03135239103685564,0.3553963899612427,24,teacherA_member,4,11.5
teacherA_4,test_w37-40,ge5,far,1.335423425817747,95295,80509,0.9171310142190041,0.8744543310222656,0.8734369469809489,0.6777751555726689,0.8346868880996196,0.8571707846332302,0.5646076836130122,0.8095012692771153,0.04539280771729118,0.43102049827575684,0.12610322580210245,0.014648127054981652,0.03135239103685564,0.3553963899612427,24,teacherA_member,4,11.5
teacherA,test_w37-40,all,all,1.1466253202812484,100000,100000,0.91895,0.8854861561915444,0.8875684884499999,0.59905,0.8480784999000001,0.8629438984,0.56539,0.8179598673000003,0.03051727510519323,0.3614605963230133,0.11995138280800935,0.008567270634968026,0.022899816766828292,0.3357671797275543,24,teacherA,,11.5
teacherA,test_w37-40,all,near,1.1466253202812484,100000,12184,0.91895,0.8854861561915444,0.8803523879678268,0.6249179251477347,0.8434813887065005,0.8358812746224558,0.6382140512147079,0.7958061457649376,0.03051727510519323,0.3614605963230133,0.11995138280800935,0.008567270634968026,0.022899816766828292,0.3357671797275543,24,teacherA,,11.5
teacherA,test_w37-40,all,far,1.1466253202812484,100000,87816,0.91895,0.8854861561915444,0.8885696837706113,0.59546096383347,0.8487163244739002,0.8666986926072697,0.5552860526555525,0.8210335775940603,0.03051727510519323,0.3614605963230133,0.11995138280800935,0.008567270634968026,0.022899816766828292,0.3357671797275543,24,teacherA,,11.5
teacherA,test_w37-40,ge5,all,1.1466253202812484,95295,92226,0.9248648932262973,0.8906895577293994,0.8928895163803995,0.5618914405915902,0.8541612627103279,0.8696826558189903,0.5136729338798169,0.8259721670930464,0.029190934636724977,0.3420104682445526,0.11285770547837798,0.007816290310543266,0.02205517222274423,0.3169073760509491,24,teacherA,,11.5
teacherA,test_w37-40,ge5,near,1.1466253202812484,95295,11717,0.9248648932262973,0.8906895577293994,0.8871924929949516,0.6010070837245028,0.8512896972837427,0.8438472375860313,0.5926431680464282,0.8048879448621794,0.029190934636724977,0.3420104682445526,0.11285770547837798,0.007816290310543266,0.02205517222274423,0.3169073760509491,24,teacherA,,11.5
teacherA,test_w37-40,ge5,far,1.1466253202812484,95295,80509,0.9248648932262973,0.8906895577293994,0.8937186413603061,0.556198685861208,0.8545791803605695,0.8734426527812627,0.5021798805102535,0.8290406915049642,0.029190934636724977,0.3420104682445526,0.11285770547837798,0.007816290310543266,0.02205517222274423,0.3169073760509491,24,teacherA,,11.5
teacherB,test_w37-40,all,all,1.4376083289838688,100000,100000,0.91673,0.8793995897761437,0.87128597975,0.73497,0.8389650046000001,0.86336538135,0.56729,0.8192692683,0.04575488213062289,0.48227250576019287,0.12882268153836174,0.010222520245948809,0.028859269535988614,0.37633100152015686,24,teacherB,,11.5
teacherB,test_w37-40,all,near,1.4376083289838688,100000,12184,0.91673,0.8793995897761437,0.85998336671044,0.7503282994090611,0.8284366464215365,0.8324965224885094,0.6223736047275115,0.7926103012147077,0.04575488213062289,0.48227250576019287,0.12882268153836174,0.010222520245948809,0.028859269535988614,0.37633100152015686,24,teacherB,,11.5
teacherB,test_w37-40,all,far,1.4376083289838688,100000,87816,0.91673,0.8793995897761437,0.8728541568165256,0.7328391181561447,0.8404257579484377,0.8676482703038171,0.5596474446570101,0.8229680573016306,0.04575488213062289,0.48227250576019287,0.12882268153836174,0.010222520245948809,0.028859269535988614,0.37633100152015686,24,teacherB,,11.5
teacherB,test_w37-40,ge5,all,1.4376083289838688,95295,92226,0.9225667663571017,0.8837037823505047,0.8776545093335423,0.7049855789039967,0.846447682549687,0.8699136628950535,0.5208726389521393,0.8271407220855242,0.0442512304589971,0.4624005854129791,0.12146408546060766,0.009391007297537423,0.029012328377237332,0.3576810956001282,24,teacherB,,11.5
teacherB,test_w37-40,ge5,near,1.4376083289838688,95295,11717,0.9225667663571017,0.8837037823505047,0.8683860984040955,0.7233933600751046,0.8376372676854469,0.8398644443298376,0.5683195357173337,0.8010094606434591,0.0442512304589971,0.4624005854129791,0.12146408546060766,0.009391007297537423,0.029012328377237332,0.3576810956001282,24,teacherB,,11.5
teacherB,test_w37-40,ge5,far,1.4376083289838688,95295,80509,0.9225667663571017,0.8837037823505047,0.8790034016419839,0.7023065744202511,0.8477299197028536,0.8742869217099514,0.5139673825286614,0.8309437750400593,0.0442512304589971,0.4624005854129791,0.12146408546060766,0.009391007297537423,0.029012328377237332,0.3576810956001282,24,teacherB,,11.5
teacherA_0,test_w41-44,all,all,1.3226642003178721,100000,100000,0.90709,0.8553029770175143,0.8613135787000001,0.69737,0.8190185596999999,0.8386689118,0.63256,0.7898541885999999,0.05149327789336447,0.5279784202575684,0.14682532943230972,0.012092172018378124,0.03554140703715387,0.4357980489730835,24,teacherA_member,0,15.5
teacherA_0,test_w41-44,all,near,1.3226642003178721,100000,11009,0.90709,0.8553029770175143,0.8349941525115815,0.7593786901625943,0.7984561031883006,0.8062382459805615,0.7316740848396767,0.7646116595512763,0.05149327789336447,0.5279784202575684,0.14682532943230972,0.012092172018378124,0.03554140703715387,0.4357980489730835,24,teacherA_member,0,15.5
teacherA_0,test_w41-44,all,far,1.3226642003178721,100000,88991,0.90709,0.8553029770175143,0.8645695322560709,0.689698958321628,0.8215623234933869,0.8426808815498197,0.6202986818891798,0.7929769201379915,0.05149327789336447,0.5279784202575684,0.14682532943230972,0.012092172018378124,0.03554140703715387,0.4357980489730835,24,teacherA_member,0,15.5
teacherA_0,test_w41-44,ge5,all,1.3226642003178721,95403,93678,0.9131369034516734,0.8612974578375182,0.8673384848056681,0.655575481970153,0.8259402734033437,0.8457898527614442,0.5884946305429236,0.7985447490087489,0.05011144729406828,0.5082018971443176,0.13958004546743408,0.01113013240746626,0.035625045810517564,0.41670167446136475,24,teacherA_member,0,15.5
teacherA_0,test_w41-44,ge5,near,1.3226642003178721,95403,10688,0.9131369034516734,0.8612974578375182,0.8441081992017349,0.7294161676646707,0.8081553229112982,0.8159576995108867,0.6966691616766467,0.7753785464274746,0.05011144729406828,0.5082018971443176,0.13958004546743408,0.01113013240746626,0.035625045810517564,0.41670167446136475,24,teacherA_member,0,15.5
teacherA_0,test_w41-44,ge5,far,1.3226642003178721,95403,82990,0.9131369034516734,0.8612974578375182,0.8703302343241021,0.6460657910591637,0.8282307367225268,0.8496318343729873,0.5745632003855886,0.8015282454925259,0.05011144729406828,0.5082018971443176,0.13958004546743408,0.01113013240746626,0.035625045810517564,0.41670167446136475,24,teacherA_member,0,15.5
teacherA_1,test_w41-44,all,all,1.3326215961863106,100000,100000,0.90799,0.8617979391401467,0.8581402295,0.6903,0.8172646605999999,0.8356228252,0.63001,0.7879641663,0.05147523062691091,0.4702979028224945,0.14352742643535882,0.010499578241870606,0.03505250206530096,0.3900567591190338,24,teacherA_member,1,15.5
teacherA_1,test_w41-44,all,near,1.3326215961863106,100000,11009,0.90799,0.8617979391401467,0.8247298937233173,0.7671904805159415,0.7909334081206286,0.7858707502952129,0.7178671995639931,0.7455790725769824,0.05147523062691091,0.4702979028224945,0.14352742643535882,0.010499578241870606,0.03505250206530096,0.3900567591190338,24,teacherA_member,1,15.5
teacherA_1,test_w41-44,all,far,1.3326215961863106,100000,88991,0.90799,0.8617979391401467,0.8622733933768583,0.6807879448483555,0.8205220771763437,0.8417776115562249,0.6191412614758796,0.7932075897562675,0.05147523062691091,0.4702979028224945,0.14352742643535882,0.010499578241870606,0.03505250206530096,0.3900567591190338,24,teacherA_member,1,15.5
teacherA_1,test_w41-44,ge5,all,1.3326215961863106,95403,93678,0.9138811148496379,0.8671622566183983,0.864086691368436,0.6560878754883751,0.8242616387755729,0.843264444593946,0.5863703324152949,0.7969606471843307,0.049870023858942965,0.4538261890411377,0.1372736739771451,0.009592620482697677,0.0350134164354516,0.37349820137023926,24,teacherA_member,1,15.5
teacherA_1,test_w41-44,ge5,near,1.3326215961863106,95403,10688,0.9138811148496379,0.8671622566183983,0.8333306976696273,0.7383046407185628,0.8003341323312307,0.7935758110206429,0.6877806886227545,0.7546264033048333,0.049870023858942965,0.4538261890411377,0.1372736739771451,0.009592620482697677,0.0350134164354516,0.37349820137023926,24,teacherA_member,1,15.5
teacherA_1,test_w41-44,ge5,far,1.3326215961863106,95403,82990,0.9138811148496379,0.8671622566183983,0.8680476512509865,0.6454994577659959,0.8273431809960469,0.8496636748100137,0.5733100373538981,0.8024127305508095,0.049870023858942965,0.4538261890411377,0.1372736739771451,0.009592620482697677,0.0350134164354516,0.37349820137023926,24,teacherA_member,1,15.5
teacherA_2,test_w41-44,all,all,1.3488426478138016,100000,100000,0.90525,0.8535530790656448,0.8599726642000001,0.68691,0.8165466961000001,0.8356213891,0.61433,0.7855991771999999,0.053187468110397415,0.5180069804191589,0.14707936524585769,0.014358003488646872,0.036181528711691516,0.4233461022377014,24,teacherA_member,2,15.5
teacherA_2,test_w41-44,all,near,1.3488426478138016,100000,11009,0.90525,0.8535530790656448,0.8399483604323736,0.7430284312834953,0.8010935143973112,0.7879355699881915,0.7173221909346899,0.7460208547552003,0.053187468110397415,0.5180069804191589,0.14707936524585769,0.014358003488646872,0.036181528711691516,0.4233461022377014,24,teacherA_member,2,15.5
teacherA_2,test_w41-44,all,far,1.3488426478138016,100000,88991,0.90525,0.8535530790656448,0.8624498535806993,0.6799676371767932,0.8184583959052038,0.8415205607308605,0.6015889247227247,0.7904953773977144,0.053187468110397415,0.5180069804191589,0.14707936524585769,0.014358003488646872,0.036181528711691516,0.4233461022377014,24,teacherA_member,2,15.5
teacherA_2,test_w41-44,ge5,all,1.3488426478138016,95403,93678,0.9110405333165623,0.859358032330984,0.8666320959839476,0.6462349751275647,0.8237067050202996,0.8435635269458173,0.578972650995965,0.7946846730588286,0.05251783147321033,0.49941256642341614,0.1403172804556679,0.013435678458519082,0.03689253414285305,0.40495565533638,24,teacherA_member,2,15.5
teacherA_2,test_w41-44,ge5,near,1.3488426478138016,95403,10688,0.9110405333165623,0.859358032330984,0.8493279828389195,0.7118263473053892,0.8107587064793718,0.7971646876367702,0.6933944610778443,0.7561047620334314,0.05251783147321033,0.49941256642341614,0.1403172804556679,0.013435678458519082,0.03689253414285305,0.40495565533638,24,teacherA_member,2,15.5
teacherA_2,test_w41-44,ge5,far,1.3488426478138016,95403,82990,0.9110405333165623,0.859358032330984,0.8688606338956727,0.6377876852632848,0.8253742337394879,0.8495390757412756,0.5642366550186769,0.7996532486587737,0.05251783147321033,0.49941256642341614,0.1403172804556679,0.013435678458519082,0.03689253414285305,0.40495565533638,24,teacherA_member,2,15.5
teacherA_3,test_w41-44,all,all,1.3539903444654904,100000,100000,0.912,0.8632468258939948,0.8575886341500001,0.71185,0.8169184290000001,0.8316984141000001,0.64913,0.7841480416000001,0.05095687619015572,0.5168764591217041,0.14179811930094155,0.015010451815987376,0.03595529665023084,0.42180588841438293,24,teacherA_member,3,15.5
teacherA_3,test_w41-44,all,near,1.3539903444654904,100000,11009,0.912,0.8632468258939948,0.8392082959396858,0.757198655645381,0.8027201598691979,0.8011486951585067,0.6857116904350986,0.7577986501952948,0.05095687619015572,0.5168764591217041,0.14179811930094155,0.015010451815987376,0.03595529665023084,0.42180588841438293,24,teacherA_member,3,15.5
teacherA_3,test_w41-44,all,far,1.3539903444654904,100000,88991,0.912,0.8632468258939948,0.8598624499668505,0.7062399568495691,0.8186748846512567,0.8354776935308065,0.6446045105684844,0.7874077021271813,0.05095687619015572,0.5168764591217041,0.14179811930094155,0.015010451815987376,0.03595529665023084,0.42180588841438293,24,teacherA_member,3,15.5
teacherA_3,test_w41-44,ge5,all,1.3539903444654904,95403,93678,0.9180319277171577,0.8688308043836453,0.8634947757400193,0.6810457097717714,0.8241380524546489,0.8396592765152662,0.6155127137641709,0.7935198987459714,0.04948089519402413,0.49915003776550293,0.1341258976884533,0.014081084518530983,0.03600938359295315,0.4044744670391083,24,teacherA_member,3,15.5
teacherA_3,test_w41-44,ge5,near,1.3539903444654904,95403,10688,0.9180319277171577,0.8688308043836453,0.8478538053762603,0.7364333832335329,0.8123370527270355,0.8092489507439949,0.6538173652694611,0.7672805018088724,0.04948089519402413,0.49915003776550293,0.1341258976884533,0.014081084518530983,0.03600938359295315,0.4044744670391083,24,teacherA_member,3,15.5
teacherA_3,test_w41-44,ge5,far,1.3539903444654904,95403,82990,0.9180319277171577,0.8688308043836453,0.8655091231463075,0.6739125195806723,0.8256578630955543,0.8435757190004253,0.6105795879021569,0.7968991814844185,0.04948089519402413,0.49915003776550293,0.1341258976884533,0.014081084518530983,0.03600938359295315,0.4044744670391083,24,teacherA_member,3,15.5
teacherA_4,test_w41-44,all,all,1.335423425817747,100000,100000,0.90555,0.854897269502067,0.8553774873000001,0.71033,0.8133003382,0.8286443606,0.63826,0.7799170834,0.05163299101814625,0.5075841546058655,0.1453067079160308,0.01643569781526532,0.03511803307682275,0.41871586441993713,24,teacherA_member,4,15.5
teacherA_4,test_w41-44,all,near,1.335423425817747,100000,11009,0.90555,0.854897269502067,0.8320007048778273,0.7482060132618766,0.7941908020710328,0.781506104550822,0.728585702606958,0.7404467462984831,0.05163299101814625,0.5075841546058655,0.1453067079160308,0.01643569781526532,0.03511803307682275,0.41871586441993713,24,teacherA_member,4,15.5
teacherA_4,test_w41-44,all,far,1.335423425817747,100000,88991,0.90555,0.854897269502067,0.8582694089289928,0.7056443910058321,0.8156643624636198,0.834475793675765,0.6270858850895035,0.7847999248238586,0.05163299101814625,0.5075841546058655,0.1453067079160308,0.01643569781526532,0.03511803307682275,0.41871586441993713,24,teacherA_member,4,15.5
teacherA_4,test_w41-44,ge5,all,1.335423425817747,95403,93678,0.9114702891942601,0.8608789429188453,0.8610535522365454,0.6886995879502125,0.820386244092881,0.8367111490996348,0.6018382117466214,0.7896584966480312,0.0496134448250191,0.4868535101413727,0.13746124814778185,0.015535741959685132,0.03472737618848195,0.3991638720035553,24,teacherA_member,4,15.5
teacherA_4,test_w41-44,ge5,near,1.335423425817747,95403,10688,0.9114702891942601,0.8608789429188453,0.8404021652498594,0.7273577844311377,0.803642212446275,0.7905273920807171,0.6990082335329342,0.7507962891706603,0.0496134448250191,0.4868535101413727,0.13746124814778185,0.015535741959685132,0.03472737618848195,0.3991638720035553,24,teacherA_member,4,15.5
teacherA_4,test_w41-44,ge5,far,1.335423425817747,95403,82990,0.9114702891942601,0.8608789429188453,0.8637131741682684,0.6837209302325581,0.8225426510122555,0.8426589981780563,0.5893240149415592,0.7946634282484426,0.0496134448250191,0.4868535101413727,0.13746124814778185,0.015535741959685132,0.03472737618848195,0.3991638720035553,24,teacherA_member,4,15.5
teacherA,test_w41-44,all,all,1.1466253202812484,100000,100000,0.91269,0.8704504993232623,0.8755184981999999,0.63225,0.8340021185,0.8474080511000001,0.61512,0.8013533546,0.034166164283305406,0.40856727957725525,0.1300084043703577,0.009911329441900884,0.02612135505653917,0.3780379295349121,24,teacherA,,15.5
teacherA,test_w41-44,all,near,1.1466253202812484,100000,11009,0.91269,0.8704504993232623,0.8599809292397129,0.6778090653102008,0.8228134798800981,0.8086422236352077,0.7157779998183305,0.7698169570351532,0.034166164283305406,0.40856727957725525,0.1300084043703577,0.009911329441900884,0.02612135505653917,0.3780379295349121,24,teacherA,,15.5
teacherA,test_w41-44,all,far,1.1466253202812484,100000,88991,0.91269,0.8704504993232623,0.8774406374801946,0.6266139272510703,0.8353862553516648,0.8522037382431931,0.6026676854962861,0.805254695193896,0.034166164283305406,0.40856727957725525,0.1300084043703577,0.009911329441900884,0.02612135505653917,0.3780379295349121,24,teacherA,,15.5
teacherA,test_w41-44,ge5,all,1.1466253202812484,95403,93678,0.9187761391151221,0.8763840143690932,0.8815479333615955,0.5948888746557356,0.8409031259843638,0.8557293210371859,0.5670061273724888,0.8110048369073838,0.032701758496386714,0.3883608877658844,0.12282580808781866,0.009093019694823035,0.025251924750838074,0.35848939418792725,24,teacherA,,15.5
teacherA,test_w41-44,ge5,near,1.1466253202812484,95403,10688,0.9187761391151221,0.8763840143690932,0.867907164174685,0.6505426646706587,0.8316526752789819,0.8184678394264895,0.6741205089820359,0.7806638999837501,0.032701758496386714,0.3883608877658844,0.12282580808781866,0.009093019694823035,0.025251924750838074,0.35848939418792725,24,teacherA,,15.5
teacherA,test_w41-44,ge5,far,1.1466253202812484,95403,82990,0.9187761391151221,0.8763840143690932,0.8833046816574106,0.5877214122183395,0.8420944600865341,0.8605281005944233,0.5532112302687071,0.8149123430387224,0.032701758496386714,0.3883608877658844,0.12282580808781866,0.009093019694823035,0.025251924750838074,0.35848939418792725,24,teacherA,,15.5
teacherB,test_w41-44,all,all,1.4376083289838688,100000,100000,0.91012,0.8646212917662498,0.8605186500500001,0.73508,0.8252500059,0.8490278681000001,0.61402,0.8038867271,0.05173851895004512,0.5367831587791443,0.14056673957506347,0.01169323252871217,0.03370303727552298,0.41605448722839355,24,teacherB,,15.5
teacherB,test_w41-44,all,near,1.4376083289838688,100000,11009,0.91012,0.8646212917662498,0.839416283949496,0.7623762376237624,0.8062897492960306,0.8057874761558725,0.686620038150604,0.7668486165864293,0.05173851895004512,0.5367831587791443,0.14056673957506347,0.01169323252871217,0.03370303727552298,0.41605448722839355,24,teacherB,,15.5
teacherB,test_w41-44,all,far,1.4376083289838688,100000,88991,0.91012,0.8646212917662498,0.8631292055938241,0.731703205942174,0.8275955629220934,0.8543770997628973,0.6050387117798429,0.8084686798665033,0.05173851895004512,0.5367831587791443,0.14056673957506347,0.01169323252871217,0.03370303727552298,0.41605448722839355,24,teacherB,,15.5
teacherB,test_w41-44,ge5,all,1.4376083289838688,95403,93678,0.91609278534218,0.86969120110592,0.8678733781392383,0.7057046478362049,0.8339027748256942,0.8570625150296449,0.5662695616900446,0.8131179971595445,0.04986440358461894,0.515902042388916,0.13289047623482658,0.010748127570311971,0.033701544681179564,0.3966403007507324,24,teacherB,,15.5
teacherB,test_w41-44,ge5,near,1.4376083289838688,95403,10688,0.91609278534218,0.86969120110592,0.8491978644123658,0.7333458083832335,0.8169078192550467,0.8150090881019008,0.640063622754491,0.7769519567512564,0.04986440358461894,0.515902042388916,0.13289047623482658,0.010748127570311971,0.033701544681179564,0.3966403007507324,24,teacherB,,15.5
teacherB,test_w41-44,ge5,far,1.4376083289838688,95403,82990,0.91609278534218,0.86969120110592,0.8702785340702276,0.7021448367273165,0.8360914973843045,0.8624784329354617,0.5567658754066755,0.8177756985679525,0.04986440358461894,0.515902042388916,0.13289047623482658,0.010748127570311971,0.033701544681179564,0.3966403007507324,24,teacherB,,15.5
teacherA_0,test_w45-48,all,all,1.3226642003178721,100000,100000,0.87332,0.8220515963350149,0.84649864475,0.72932,0.7861218033,0.8206403644000001,0.69681,0.7540130514000001,0.07801331983357668,0.8686755299568176,0.2035882431673599,0.01992132007323299,0.05890555711582304,0.7022811770439148,24,teacherA_member,0,19.5
teacherA_0,test_w45-48,all,near,1.3226642003178721,100000,10212,0.87332,0.8220515963350149,0.8099893967880925,0.7710536623580102,0.7577941921269096,0.7795523800430866,0.7700744222483353,0.7217077389345867,0.07801331983357668,0.8686755299568176,0.2035882431673599,0.01992132007323299,0.05890555711582304,0.7022811770439148,24,teacherA_member,0,19.5
teacherA_0,test_w45-48,all,far,1.3226642003178721,100000,89788,0.87332,0.8220515963350149,0.8506510085423442,0.7245734396578607,0.7893436321111952,0.8253134888292422,0.6884773020893661,0.757687282376264,0.07801331983357668,0.8686755299568176,0.2035882431673599,0.01992132007323299,0.05890555711582304,0.7022811770439148,24,teacherA_member,0,19.5
teacherA_0,test_w45-48,ge5,all,1.3226642003178721,95040,92738,0.882438973063973,0.8299847424178557,0.8503418250161765,0.7127283314283249,0.7943165022966117,0.8268125619617861,0.666954215100606,0.7642625885082793,0.07274790200238623,0.7640809416770935,0.18998347562233586,0.016680579562502573,0.05497449088970241,0.617833137512207,24,teacherA_member,0,19.5
teacherA_0,test_w45-48,ge5,near,1.3226642003178721,95040,9889,0.882438973063973,0.8299847424178557,0.817843617606612,0.7556881383355243,0.7690735184538274,0.7888798443658958,0.7439579330569319,0.7345073891321616,0.07274790200238623,0.7640809416770935,0.18998347562233586,0.016680579562502573,0.05497449088970241,0.617833137512207,24,teacherA_member,0,19.5
teacherA_0,test_w45-48,ge5,far,1.3226642003178721,95040,82849,0.882438973063973,0.8299847424178557,0.8542208672867311,0.707600574539222,0.7973295485279638,0.8313402767719318,0.6577629180798803,0.767814220593524,0.07274790200238623,0.7640809416770935,0.18998347562233586,0.016680579562502573,0.05497449088970241,0.617833137512207,24,teacherA_member,0,19.5
teacherA_1,test_w45-48,all,all,1.3326215961863106,100000,100000,0.87327,0.8284383465934172,0.83968689405,0.75185,0.7806145601,0.81595216185,0.6973,0.7505063806999999,0.07748954335853458,0.8019792437553406,0.20113336779254024,0.019675972891975934,0.05780280646182594,0.654011070728302,24,teacherA_member,1,19.5
teacherA_1,test_w45-48,all,near,1.3326215961863106,100000,10212,0.87327,0.8284383465934172,0.7938977438307874,0.8087544065804936,0.7458245025460243,0.7565263072855464,0.7839796318057187,0.7012404974539757,0.07748954335853458,0.8019792437553406,0.20113336779254024,0.019675972891975934,0.05780280646182594,0.654011070728302,24,teacherA_member,1,19.5
teacherA_1,test_w45-48,all,far,1.3326215961863106,100000,89788,0.87327,0.8284383465934172,0.844894703579543,0.745378001514679,0.7845713925023388,0.8227109361495969,0.6874415289348242,0.7561096149819574,0.07748954335853458,0.8019792437553406,0.20113336779254024,0.019675972891975934,0.05780280646182594,0.654011070728302,24,teacherA_member,1,19.5
teacherA_1,test_w45-48,ge5,all,1.3326215961863106,95040,92738,0.8824600168350168,0.8371628348210491,0.843603758237609,0.7302615971877763,0.7889325744895671,0.822677694505367,0.6602579309452435,0.7611484013005976,0.07185994732438236,0.6949068903923035,0.1882917394180955,0.015937963902777904,0.053513085378823086,0.5632433295249939,24,teacherA_member,1,19.5
teacherA_1,test_w45-48,ge5,near,1.3326215961863106,95040,9889,0.8824600168350168,0.8371628348210491,0.8010598514725575,0.7937101830316513,0.756661041942668,0.7633673868322215,0.7614521185155223,0.712024518025504,0.07185994732438236,0.6949068903923035,0.1882917394180955,0.015937963902777904,0.053513085378823086,0.5632433295249939,24,teacherA_member,1,19.5
teacherA_1,test_w45-48,ge5,far,1.3326215961863106,95040,82849,0.8824600168350168,0.8371628348210491,0.8486818725660813,0.7226882641914809,0.792784560456281,0.829757075458423,0.6481792176127654,0.767011913011148,0.07185994732438236,0.6949068903923035,0.1882917394180955,0.015937963902777904,0.053513085378823086,0.5632433295249939,24,teacherA_member,1,19.5
teacherA_2,test_w45-48,all,all,1.3488426478138016,100000,100000,0.87337,0.8236147803465923,0.8449358596500001,0.72858,0.7840221164,0.81758739385,0.69611,0.7509343964,0.07731950445391236,0.8299509286880493,0.20053017191919975,0.022397710112351425,0.05687050009801983,0.6629790663719177,24,teacherA_member,2,19.5
teacherA_2,test_w45-48,all,near,1.3488426478138016,100000,10212,0.87337,0.8236147803465923,0.8155226542303173,0.7813356835095966,0.7617504191147669,0.7583049843321583,0.786623580101841,0.7026089541715628,0.07731950445391236,0.8299509286880493,0.20053017191919975,0.022397710112351425,0.05687050009801983,0.6629790663719177,24,teacherA_member,2,19.5
teacherA_2,test_w45-48,all,far,1.3488426478138016,100000,89788,0.87337,0.8236147803465923,0.8482811580612108,0.7225798547690114,0.786555178420279,0.8243298534882167,0.6858154764556511,0.7564306700227201,0.07731950445391236,0.8299509286880493,0.20053017191919975,0.022397710112351425,0.05687050009801983,0.6629790663719177,24,teacherA_member,2,19.5
teacherA_2,test_w45-48,ge5,all,1.3488426478138016,95040,92738,0.8825021043771044,0.83194647745159,0.849898998102017,0.7008993077271453,0.7926749285195257,0.8247126098402341,0.656354460954517,0.7617407803467253,0.07256512726392123,0.7300047278404236,0.18739804510656732,0.019434739869052437,0.05328458163993879,0.5843206644058228,24,teacherA_member,2,19.5
teacherA_2,test_w45-48,ge5,near,1.3488426478138016,95040,9889,0.8825021043771044,0.83194647745159,0.8237364741262696,0.7573060976842957,0.7730677960121661,0.7666523564129173,0.7512387501264031,0.7144300802459489,0.07256512726392123,0.7300047278404236,0.18739804510656732,0.019434739869052437,0.05328458163993879,0.5843206644058228,24,teacherA_member,2,19.5
teacherA_2,test_w45-48,ge5,far,1.3488426478138016,95040,82849,0.8825021043771044,0.83194647745159,0.8530218022347905,0.6941664956728506,0.7950152697833341,0.8316427821554431,0.6450289080133738,0.7673878673760989,0.07256512726392123,0.7300047278404236,0.18739804510656732,0.019434739869052437,0.05328458163993879,0.5843206644058228,24,teacherA_member,2,19.5
teacherA_3,test_w45-48,all,all,1.3539903444654904,100000,100000,0.87871,0.8328342193180742,0.84174145665,0.75567,0.7833853006,0.8101024676500002,0.7337,0.7464976373000001,0.07557708401799207,0.8734265565872192,0.19761398480329914,0.02310784985585532,0.05779967411100863,0.6986016631126404,24,teacherA_member,3,19.5
teacherA_3,test_w45-48,all,near,1.3539903444654904,100000,10212,0.87871,0.8328342193180742,0.8136544281237759,0.7918135526831179,0.761963866039953,0.7721888278495888,0.7504896200548374,0.7137859009009009,0.07557708401799207,0.8734265565872192,0.19761398480329914,0.02310784985585532,0.05779967411100863,0.6986016631126404,24,teacherA_member,3,19.5
teacherA_3,test_w45-48,all,far,1.3539903444654904,100000,89788,0.87871,0.8328342193180742,0.8449359228961554,0.7515592284046866,0.785821658350782,0.8144145593509154,0.7317904397024101,0.7502180927295407,0.07557708401799207,0.8734265565872192,0.19761398480329914,0.02310784985585532,0.05779967411100863,0.6986016631126404,24,teacherA_member,3,19.5
teacherA_3,test_w45-48,ge5,all,1.3539903444654904,95040,92738,0.8880471380471381,0.8410891648773126,0.8459392327107692,0.7372705902650478,0.792000924815851,0.817399371595029,0.7026569475295995,0.7578852516598842,0.06979565197721072,0.7682647705078125,0.1835912861243947,0.01966144215904318,0.053601126559235504,0.6116765141487122,24,teacherA_member,3,19.5
teacherA_3,test_w45-48,ge5,near,1.3539903444654904,95040,9889,0.8880471380471381,0.8410891648773126,0.8212219860782973,0.7762159975730609,0.7732802819205642,0.7796746282728182,0.7147335423197492,0.7254039833736973,0.06979565197721072,0.7682647705078125,0.1835912861243947,0.01966144215904318,0.053601126559235504,0.6116765141487122,24,teacherA_member,3,19.5
teacherA_3,test_w45-48,ge5,far,1.3539903444654904,95040,82849,0.8880471380471381,0.8410891648773126,0.8488895260389748,0.7326219990585282,0.7942354531456015,0.8219022622359944,0.701215464278386,0.7617622720473616,0.06979565197721072,0.7682647705078125,0.1835912861243947,0.01966144215904318,0.053601126559235504,0.6116765141487122,24,teacherA_member,3,19.5
teacherA_4,test_w45-48,all,all,1.335423425817747,100000,100000,0.87143,0.8195549839672127,0.83851338435,0.74738,0.7789604786999998,0.8081870118000001,0.73421,0.7435509955,0.07725217469528317,0.8441915512084961,0.20081372493492242,0.02597353722668617,0.057436456329226476,0.6799793839454651,24,teacherA_member,4,19.5
teacherA_4,test_w45-48,all,near,1.335423425817747,100000,10212,0.87143,0.8195549839672127,0.8035776811594202,0.8011163337250293,0.752067955346651,0.7552759028593811,0.7902467685076381,0.6996854347826087,0.07725217469528317,0.8441915512084961,0.20081372493492242,0.02597353722668617,0.057436456329226476,0.6799793839454651,24,teacherA_member,4,19.5
teacherA_4,test_w45-48,all,far,1.335423425817747,100000,89788,0.87143,0.8195549839672127,0.842486781696886,0.741268320933755,0.7820190884082506,0.8142048342762952,0.7278366819619548,0.7485400263955093,0.07725217469528317,0.8441915512084961,0.20081372493492242,0.02597353722668617,0.057436456329226476,0.6799793839454651,24,teacherA_member,4,19.5
teacherA_4,test_w45-48,ge5,all,1.335423425817747,95040,92738,0.8804608585858585,0.8279850223942877,0.8428322964457525,0.7328710992257759,0.7877909847421064,0.8161548317590238,0.7080269145334167,0.7554680361778046,0.07147144028785249,0.7402083277702332,0.1870203759707755,0.022211672259455875,0.053066479855276606,0.5976473093032837,24,teacherA_member,4,19.5
teacherA_4,test_w45-48,ge5,near,1.335423425817747,95040,9889,0.8804608585858585,0.8279850223942877,0.8107554854252574,0.7880473253109516,0.7630130304971038,0.7635846798878323,0.7727778339569218,0.7118686219647514,0.07147144028785249,0.7402083277702332,0.1870203759707755,0.022211672259455875,0.053066479855276606,0.5976473093032837,24,teacherA_member,4,19.5
teacherA_4,test_w45-48,ge5,far,1.335423425817747,95040,82849,0.8804608585858585,0.8279850223942877,0.8466610401141331,0.7262851694045794,0.790748524235991,0.8224296960525483,0.7002981327475286,0.760672137701696,0.07147144028785249,0.7402083277702332,0.1870203759707755,0.022211672259455875,0.053066479855276606,0.5976473093032837,24,teacherA_member,4,19.5
teacherA,test_w45-48,all,all,1.1466253202812484,100000,100000,0.88041,0.8422359733111565,0.8582618211999999,0.68632,0.8001226723,0.82725733105,0.71325,0.7648323076999999,0.05436317181639371,0.6938909292221069,0.18052104103196642,0.017891779672597176,0.044548560429289924,0.6316321492195129,24,teacherA,,19.5
teacherA,test_w45-48,all,near,1.1466253202812484,100000,10212,0.88041,0.8422359733111565,0.8326068316686253,0.7180767724245986,0.7806358979631807,0.7789987348217782,0.7909322365844105,0.7257040775558166,0.05436317181639371,0.6938909292221069,0.18052104103196642,0.017891779672597176,0.044548560429289924,0.6316321492195129,24,teacherA,,19.5
teacherA,test_w45-48,all,far,1.1466253202812484,100000,89788,0.88041,0.8422359733111565,0.8611796805252372,0.6827081569920257,0.8023389922929567,0.8327460019713102,0.7044148438544127,0.7692825403171917,0.05436317181639371,0.6938909292221069,0.18052104103196642,0.017891779672597176,0.044548560429289924,0.6316321492195129,24,teacherA,,19.5
teacherA,test_w45-48,ge5,all,1.1466253202812484,95040,92738,0.8896675084175084,0.8510387674891271,0.8627364323997413,0.6669218659017878,0.8089452166363396,0.835066599537087,0.6779529426987858,0.7764867506613071,0.048665592068201105,0.5907541513442993,0.16673159509053756,0.01451644949266849,0.039360035673765364,0.5405258536338806,24,teacherA,,19.5
teacherA,test_w45-48,ge5,near,1.1466253202812484,95040,9889,0.8896675084175084,0.8510387674891271,0.8393364456791939,0.7023966022853676,0.7914468083096103,0.7882033346875911,0.7607442613004348,0.7385045799195993,0.048665592068201105,0.5907541513442993,0.16673159509053756,0.01451644949266849,0.039360035673765364,0.5405258536338806,24,teacherA,,19.5
teacherA,test_w45-48,ge5,far,1.1466253202812484,95040,82849,0.8896675084175084,0.8510387674891271,0.8655294953055035,0.6626875399823776,0.8110338569330605,0.8406602799206362,0.6680708276503036,0.7810203682845099,0.048665592068201105,0.5907541513442993,0.16673159509053756,0.01451644949266849,0.039360035673765364,0.5405258536338806,24,teacherA,,19.5
teacherB,test_w45-48,all,all,1.4376083289838688,100000,100000,0.87606,0.8326610670361072,0.8428917437,0.77182,0.7884671286,0.8296481334499999,0.72301,0.7663009356,0.07851097578048705,0.905335545539856,0.19944628709992276,0.020308369403533467,0.05622793141067026,0.6846522688865662,24,teacherB,,19.5
teacherB,test_w45-48,all,near,1.4376083289838688,100000,10212,0.87606,0.8326610670361072,0.8087666451233843,0.8169800235017627,0.7611147796709753,0.7734128133568351,0.7856443399921661,0.7195931394437916,0.07851097578048705,0.905335545539856,0.19944628709992276,0.020308369403533467,0.05622793141067026,0.6846522688865662,24,teacherB,,19.5
teacherB,test_w45-48,all,far,1.4376083289838688,100000,89788,0.87606,0.8326610670361072,0.8467729472758051,0.7666837439301466,0.7915780363745714,0.8360440336681962,0.7158863099746069,0.7716132269345569,0.07851097578048705,0.905335545539856,0.19944628709992276,0.020308369403533467,0.05622793141067026,0.6846522688865662,24,teacherB,,19.5
teacherB,test_w45-48,ge5,all,1.4376083289838688,95040,92738,0.8852062289562289,0.840614561712035,0.848303956818485,0.7587073260152257,0.7981893061272942,0.8364531957763528,0.666954215100606,0.777244236446539,0.07297540800928165,0.7935678958892822,0.1856944186171088,0.01708504732746287,0.0522751217958853,0.5997660756111145,24,teacherB,,19.5
teacherB,test_w45-48,ge5,near,1.4376083289838688,95040,9889,0.8852062289562289,0.840614561712035,0.8177680869818282,0.8005865102639296,0.7734928838048466,0.7818859511026945,0.7490140560218425,0.7318191766571911,0.07297540800928165,0.7935678958892822,0.1856944186171088,0.01708504732746287,0.0522751217958853,0.5997660756111145,24,teacherB,,19.5
teacherB,test_w45-48,ge5,far,1.4376083289838688,95040,82849,0.8852062289562289,0.840614561712035,0.8519487710807536,0.7537085541165253,0.8011371138298213,0.8429664365225031,0.6571594104937899,0.7826662501854719,0.07297540800928165,0.7935678958892822,0.1856944186171088,0.01708504732746287,0.0522751217958853,0.5997660756111145,24,teacherB,,19.5
teacherA_0,test_w49-51,all,all,1.3226642003178721,100000,100000,0.85023,0.7947448071424597,0.8358305489000001,0.78182,0.7662958505,0.80959898835,0.75571,0.7334760093999999,0.093148715185523,1.0955946445465088,0.23979471986580508,0.02594093283345525,0.07235159697636964,0.8806725740432739,24,teacherA_member,0,23.0
teacherA_0,test_w49-51,all,near,1.3226642003178721,100000,12082,0.85023,0.7947448071424597,0.8035878422446616,0.80491640456878,0.7421249933785796,0.772084814186393,0.8245323621916901,0.7052413110412183,0.093148715185523,1.0955946445465088,0.23979471986580508,0.02594093283345525,0.07235159697636964,0.8806725740432739,24,teacherA_member,0,23.0
teacherA_0,test_w49-51,all,far,1.3226642003178721,100000,87918,0.85023,0.7947448071424597,0.8402614547646671,0.7786460110557565,0.7696174944834958,0.8147543177733797,0.7462521895402534,0.7373561207033827,0.093148715185523,1.0955946445465088,0.23979471986580508,0.02594093283345525,0.07235159697636964,0.8806725740432739,24,teacherA_member,0,23.0
teacherA_0,test_w49-51,ge5,all,1.3226642003178721,94427,93681,0.8614697067576012,0.8030060489549156,0.842296916986047,0.7603142579605257,0.777337691066004,0.8185890197190985,0.7336813227869045,0.7468433567243871,0.08655464731338537,0.9649598598480225,0.22324991420229864,0.021856665282159054,0.06731496868621532,0.7758640050888062,24,teacherA_member,0,23.0
teacherA_0,test_w49-51,ge5,near,1.3226642003178721,94427,11739,0.8614697067576012,0.8030060489549156,0.8130077492802876,0.7872902291506942,0.75547423333864,0.7830581806484441,0.8087571343385297,0.7201317913094526,0.08655464731338537,0.9649598598480225,0.22324991420229864,0.021856665282159054,0.06731496868621532,0.7758640050888062,24,teacherA_member,0,23.0
teacherA_0,test_w49-51,ge5,far,1.3226642003178721,94427,81942,0.8614697067576012,0.8030060489549156,0.8464928792483534,0.7564496839227747,0.7804698471063926,0.8236791629893434,0.7229259720289961,0.750670052026014,0.08655464731338537,0.9649598598480225,0.22324991420229864,0.021856665282159054,0.06731496868621532,0.7758640050888062,24,teacherA_member,0,23.0
teacherA_1,test_w49-51,all,all,1.3326215961863106,100000,100000,0.85202,0.8008640381345102,0.82975493225,0.79521,0.7625624690999998,0.8050248975499998,0.75784,0.7323929471999999,0.09135951450102031,0.9840134978294373,0.23302340769074995,0.024768721101969704,0.06946405737698076,0.7980791330337524,24,teacherA_member,1,23.0
teacherA_1,test_w49-51,all,near,1.3326215961863106,100000,12082,0.85202,0.8008640381345102,0.7891123319814599,0.8382718093030955,0.7330832312531038,0.7541144144181426,0.8158417480549578,0.6916677727197484,0.09135951450102031,0.9840134978294373,0.23302340769074995,0.024768721101969704,0.06946405737698076,0.7980791330337524,24,teacherA_member,1,23.0
teacherA_1,test_w49-51,all,far,1.3326215961863106,100000,87918,0.85202,0.8008640381345102,0.8353401809640801,0.789292295093155,0.766613609386019,0.8120211947496531,0.749869196296549,0.737989543551946,0.09135951450102031,0.9840134978294373,0.23302340769074995,0.024768721101969704,0.06946405737698076,0.7980791330337524,24,teacherA_member,1,23.0
teacherA_1,test_w49-51,ge5,all,1.3326215961863106,94427,93681,0.863397121585987,0.8100182478623856,0.8361846135715019,0.7745647463199582,0.7738508868659336,0.8147593590768707,0.7346527043904314,0.7463288465641532,0.08426471253886825,0.8513020277023315,0.21713232156358114,0.02008593052639978,0.06389421102231227,0.6870129704475403,24,teacherA_member,1,23.0
teacherA_1,test_w49-51,ge5,near,1.3326215961863106,94427,11739,0.863397121585987,0.8100182478623856,0.7977204124579936,0.8219609847516824,0.745974819054528,0.7630193522562452,0.7981940540080075,0.7050074508748749,0.08426471253886825,0.8513020277023315,0.21713232156358114,0.02008593052639978,0.06389421102231227,0.6870129704475403,24,teacherA_member,1,23.0
teacherA_1,test_w49-51,ge5,far,1.3326215961863106,94427,81942,0.863397121585987,0.8100182478623856,0.8416949898970916,0.7677747675184887,0.7778444086256916,0.8221716255588618,0.7255497791120549,0.7522485442039037,0.08426471253886825,0.8513020277023315,0.21713232156358114,0.02008593052639978,0.06389421102231227,0.6870129704475403,24,teacherA_member,1,23.0
teacherA_2,test_w49-51,all,all,1.3488426478138016,100000,100000,0.85217,0.7997078130390027,0.8362575669,0.77216,0.7671092517000001,0.8077563130000001,0.77141,0.7338177127000001,0.09004939728230238,1.0102750062942505,0.23217332808281274,0.027556881461290487,0.06744198973044753,0.8047563433647156,24,teacherA_member,2,23.0
teacherA_2,test_w49-51,all,near,1.3488426478138016,100000,12082,0.85217,0.7997078130390027,0.8056700575235887,0.8095513987750372,0.7444740349279921,0.746941969458699,0.8352921701705016,0.6853275086906141,0.09004939728230238,1.0102750062942505,0.23217332808281274,0.027556881461290487,0.06744198973044753,0.8047563433647156,24,teacherA_member,2,23.0
teacherA_2,test_w49-51,all,far,1.3488426478138016,100000,87918,0.85217,0.7997078130390027,0.8404610097477195,0.7670215428012466,0.7702198625992402,0.816113633442526,0.762631088059328,0.7404814066516527,0.09004939728230238,1.0102750062942505,0.23217332808281274,0.027556881461290487,0.06744198973044753,0.8047563433647156,24,teacherA_member,2,23.0
teacherA_2,test_w49-51,ge5,all,1.3488426478138016,94427,93681,0.8633759412032576,0.8084470188763115,0.8437597623292598,0.7462452364940596,0.7785064678632593,0.8178784328683225,0.7346206808210843,0.7477044496936301,0.08425369999070881,0.8854303359985352,0.21626595938558035,0.023549612390331136,0.06292064019644364,0.706836998462677,24,teacherA_member,2,23.0
teacherA_2,test_w49-51,ge5,near,1.3488426478138016,94427,11739,0.8633759412032576,0.8084470188763115,0.8154099937736909,0.7929976999744441,0.7577131147254591,0.7573978447555945,0.8113127182894625,0.6995365917557811,0.08425369999070881,0.8854303359985352,0.21626595938558035,0.023549612390331136,0.06292064019644364,0.706836998462677,24,teacherA_member,2,23.0
teacherA_2,test_w49-51,ge5,far,1.3488426478138016,94427,81942,0.8633759412032576,0.8084470188763115,0.8478211463944989,0.7395474848063264,0.7814853208627546,0.8265428738614067,0.7236337897537283,0.7546049706027174,0.08425369999070881,0.8854303359985352,0.21626595938558035,0.023549612390331136,0.06292064019644364,0.706836998462677,24,teacherA_member,2,23.0
teacherA_3,test_w49-51,all,all,1.3539903444654904,100000,100000,0.8523,0.8037172889099575,0.83283873745,0.78831,0.7644188459000001,0.7984241722,0.7588,0.7265469717,0.09192073150485758,1.0703144073486328,0.23517047396572618,0.02798408885046033,0.06887125497072938,0.8513649106025696,24,teacherA_member,3,23.0
teacherA_3,test_w49-51,all,near,1.3539903444654904,100000,12082,0.8523,0.8037172889099575,0.8043382399437179,0.8238702201622248,0.7435559286541963,0.7618816979804668,0.7741268001986427,0.6955680177122993,0.09192073150485758,1.0703144073486328,0.23517047396572618,0.02798408885046033,0.06887125497072938,0.8513649106025696,24,teacherA_member,3,23.0
teacherA_3,test_w49-51,all,far,1.3539903444654904,100000,87918,0.8523,0.8037172889099575,0.8367553758047271,0.7834231897904866,0.7672859011806455,0.8034459672080801,0.7566937373461635,0.7308042082394959,0.09192073150485758,1.0703144073486328,0.23517047396572618,0.02798408885046033,0.06887125497072938,0.8513649106025696,24,teacherA_member,3,23.0
teacherA_3,test_w49-51,ge5,all,1.3539903444654904,94427,93681,0.8637148273269298,0.8117290773283715,0.8391782757056931,0.766003778781183,0.7757826177616791,0.8084063332793597,0.7465120995719516,0.7409931061430965,0.08445208647449153,0.937566876411438,0.2178871712205611,0.023735042526111305,0.06312480900223483,0.7428569197654724,24,teacherA_member,3,23.0
teacherA_3,test_w49-51,ge5,near,1.3539903444654904,94427,11739,0.8637148273269298,0.8117290773283715,0.812945915878266,0.801942243802709,0.756596555459021,0.7708232565145534,0.7616492035096686,0.7093214639760378,0.08445208647449153,0.937566876411438,0.2178871712205611,0.023735042526111305,0.06312480900223483,0.7428569197654724,24,teacherA_member,3,23.0
teacherA_3,test_w49-51,ge5,far,1.3539903444654904,94427,81942,0.8637148273269298,0.8117290773283715,0.842936320078715,0.7608552390715384,0.7785312104903276,0.8137904798481774,0.7443435600790803,0.7455303813792284,0.08445208647449153,0.937566876411438,0.2178871712205611,0.023735042526111305,0.06312480900223483,0.7428569197654724,24,teacherA_member,3,23.0
teacherA_4,test_w49-51,all,all,1.335423425817747,100000,100000,0.85254,0.7945170799837754,0.8323128341,0.77904,0.7632208007999999,0.7989563884499999,0.76922,0.7272911956,0.0897230820800364,1.0360249280929565,0.23379873125115147,0.03225334658913896,0.06760952773131435,0.8304365873336792,24,teacherA_member,4,23.0
teacherA_4,test_w49-51,all,near,1.335423425817747,100000,12082,0.85254,0.7945170799837754,0.803133758069856,0.8165038900844231,0.7415957664293991,0.7520897728025161,0.80491640456878,0.688792617944049,0.0897230820800364,1.0360249280929565,0.23379873125115147,0.03225334658913896,0.06760952773131435,0.8304365873336792,24,teacherA_member,4,23.0
teacherA_4,test_w49-51,all,far,1.335423425817747,100000,87918,0.85254,0.7945170799837754,0.8363227250961123,0.7738915807911918,0.7661925888896471,0.8053969631929753,0.7643144748515662,0.7325818052048501,0.0897230820800364,1.0360249280929565,0.23379873125115147,0.03225334658913896,0.06760952773131435,0.8304365873336792,24,teacherA_member,4,23.0
teacherA_4,test_w49-51,ge5,all,1.335423425817747,94427,93681,0.8639372213455897,0.8028748556037576,0.8394063148646289,0.7577523724127625,0.7751909528668807,0.8103657795337371,0.749532989613689,0.7427089681046258,0.0823673467627044,0.9079471826553345,0.21698478322413906,0.027544326392236085,0.061887969216512795,0.7292764186859131,24,teacherA_member,4,23.0
teacherA_4,test_w49-51,ge5,near,1.335423425817747,94427,11739,0.8639372213455897,0.8028748556037576,0.8118981603787512,0.7961495868472612,0.754749844041412,0.7625106793563736,0.7905273021552092,0.7035308269063101,0.0823673467627044,0.9079471826553345,0.21698478322413906,0.027544326392236085,0.061887969216512795,0.7292764186859131,24,teacherA_member,4,23.0
teacherA_4,test_w49-51,ge5,far,1.335423425817747,94427,81942,0.8639372213455897,0.8028748556037576,0.8433471294104018,0.7522515925898806,0.778119343393133,0.8172214948077366,0.7436601498620976,0.7483216233916219,0.0823673467627044,0.9079471826553345,0.21698478322413906,0.027544326392236085,0.061887969216512795,0.7292764186859131,24,teacherA_member,4,23.0
teacherA,test_w49-51,all,all,1.1466253202812484,100000,100000,0.85879,0.8163074608149913,0.8480444867,0.74472,0.7819730157000001,0.8164270724999999,0.77627,0.7462429011999998,0.06503881896376613,0.8529792428016663,0.21057612857155378,0.022581972347939135,0.05420171885371212,0.7749041318893433,24,teacherA,,23.0
teacherA,test_w49-51,all,near,1.1466253202812484,100000,12082,0.85879,0.8163074608149913,0.8253733016056944,0.7623737791756332,0.7649232138718756,0.7713306646250621,0.8379407382883629,0.7107916396292004,0.06503881896376613,0.8529792428016663,0.21057612857155378,0.022581972347939135,0.05420171885371212,0.7749041318893433,24,teacherA,,23.0
teacherA,test_w49-51,all,far,1.1466253202812484,100000,87918,0.85879,0.8163074608149913,0.8511600404922769,0.742293955731477,0.7843160592825132,0.8226243790805068,0.7677949907868696,0.7511147379376237,0.06503881896376613,0.8529792428016663,0.21057612857155378,0.022581972347939135,0.05420171885371212,0.7749041318893433,24,teacherA,,23.0
teacherA,test_w49-51,ge5,all,1.1466253202812484,94427,93681,0.8704395988435512,0.8259863564277006,0.85431790768519,0.7187796885174155,0.7934645515006925,0.8273694431176352,0.7185448490088705,0.7611854138781223,0.05752887099699463,0.7234530448913574,0.19348728636661758,0.018379885013372628,0.04730162409434528,0.6605297327041626,24,teacherA,,23.0
teacherA,test_w49-51,ge5,near,1.1466253202812484,94427,11739,0.8704395988435512,0.8259863564277006,0.8330060455396109,0.7390748786097623,0.7775936310785799,0.7825390840015647,0.7936791890280263,0.7259718510764908,0.05752887099699463,0.7234530448913574,0.19348728636661758,0.018379885013372628,0.04730162409434528,0.6605297327041626,24,teacherA,,23.0
teacherA,test_w49-51,ge5,far,1.1466253202812484,94427,81942,0.8704395988435512,0.8259863564277006,0.8573710422160405,0.7158722022894243,0.7957382174453262,0.8337918343902861,0.7077811134705035,0.7662301041923492,0.05752887099699463,0.7234530448913574,0.19348728636661758,0.018379885013372628,0.04730162409434528,0.6605297327041626,24,teacherA,,23.0
teacherB,test_w49-51,all,all,1.4376083289838688,100000,100000,0.85463,0.8076473471877479,0.8343518623499999,0.81074,0.7695595231,0.8206427304,0.77238,0.7477317165999999,0.09343733761474493,1.1016589403152466,0.23493186153477857,0.02616944167002318,0.06870694732546806,0.8287563920021057,24,teacherB,,23.0
teacherB,test_w49-51,all,near,1.4376083289838688,100000,12082,0.85463,0.8076473471877479,0.8050684505876511,0.8417480549577885,0.7471515494123488,0.7687972554212879,0.8136070187055123,0.7050757622910114,0.09343733761474493,1.1016589403152466,0.23493186153477857,0.02616944167002318,0.06870694732546806,0.8287563920021057,24,teacherB,,23.0
teacherB,test_w49-51,all,far,1.4376083289838688,100000,87918,0.85463,0.8076473471877479,0.8383760915284697,0.8064787643031006,0.7726389054573579,0.8277675174594508,0.766714438454014,0.7535936474897063,0.09343733761474493,1.1016589403152466,0.23493186153477857,0.02616944167002318,0.06870694732546806,0.8287563920021057,24,teacherB,,23.0
teacherB,test_w49-51,ge5,all,1.4376083289838688,94427,93681,0.8660128988530823,0.8162569229804941,0.8424591661877846,0.7859758115306199,0.7820324663185003,0.8302447598831083,0.7306497582220515,0.7616987823944519,0.08677345747077334,0.9591389298439026,0.21813215636509953,0.021933963767305237,0.0637866646513463,0.7214560508728027,24,teacherB,,23.0
teacherB,test_w49-51,ge5,near,1.4376083289838688,94427,11739,0.8660128988530823,0.8162569229804941,0.8158515011882237,0.8140386745037907,0.7615995624950986,0.7790444674485282,0.7768123349518699,0.7195285798190811,0.08677345747077334,0.9591389298439026,0.21813215636509953,0.021933963767305237,0.0637866646513463,0.7214560508728027,24,teacherB,,23.0
teacherB,test_w49-51,ge5,far,1.4376083289838688,94427,81942,0.8660128988530823,0.8162569229804941,0.8462709767297515,0.7819555295208807,0.7849596813972503,0.8375797069540796,0.724036513631593,0.7677400799955878,0.08677345747077334,0.9591389298439026,0.21813215636509953,0.021933963767305237,0.0637866646513463,0.7214560508728027,24,teacherB,,23.0
student_direct_s0,val,all,all,1.0956470290862,200000,37194,0.954155,0.9264629006737732,0.8982713153331183,0.5990751196429531,0.8806863924288864,0.8755656035247621,0.5446577404957789,0.8504706795450878,0.0024193952722474923,0.16307836771011353,0.0672099661009241,0.00297522751443042,0.005426740754879991,0.1621955931186676,24,direct,0,1.0
student_direct_s0,val,all,near,1.0956470290862,200000,10090,0.954155,0.9264629006737732,0.8717079767096136,0.6596630327056492,0.8562208384539147,0.7746748768582755,0.730822596630327,0.757125410802775,0.0024193952722474923,0.16307836771011353,0.0672099661009241,0.00297522751443042,0.005426740754879991,0.1621955931186676,24,direct,0,1.0
student_direct_s0,val,all,far,1.0956470290862,200000,27104,0.954155,0.9264629006737732,0.9081600434437722,0.5765200708382526,0.8897941787190082,0.9131241717089729,0.47535419126328216,0.8852203018004723,0.0024193952722474923,0.16307836771011353,0.0672099661009241,0.00297522751443042,0.005426740754879991,0.1621955931186676,24,direct,0,1.0
student_direct_s0,val,ge5,all,1.0956470290862,191393,35514,0.9587915963488738,0.9316168863620311,0.9076384828664805,0.5618910852058343,0.8914453598462513,0.8882227482777005,0.47651630342963336,0.8647450829284459,0.0021996039683468745,0.14479149878025055,0.060539449350902635,0.0024585927723461383,0.0037131653122846487,0.1434878259897232,24,direct,0,1.0
student_direct_s0,val,ge5,near,1.0956470290862,191393,9767,0.9587915963488738,0.9316168863620311,0.8801509636608391,0.634176307975837,0.8660784395093403,0.790301616553482,0.6899764513156548,0.7737501306687639,0.0021996039683468745,0.14479149878025055,0.060539449350902635,0.0024585927723461383,0.0037131653122846487,0.1434878259897232,24,direct,0,1.0
student_direct_s0,val,ge5,far,1.0956470290862,191393,25747,0.9587915963488738,0.9316168863620311,0.9180657404142141,0.5344700353439236,0.901068178463201,0.9253686562883596,0.39554122810424514,0.899263578237426,0.0021996039683468745,0.14479149878025055,0.060539449350902635,0.0024585927723461383,0.0037131653122846487,0.1434878259897232,24,direct,0,1.0
student_directTS_s0,val,all,all,,200000,37194,0.954155,0.9264629006737732,0.899286845458945,0.5865193310749045,0.8814477737000592,0.8746976454535678,0.5478302952089047,0.8495164414959402,0.005426740754879991,0.1621955931186676,0.06742058373767844,0.002974679224853112,,,24,directTS,0,1.0
student_directTS_s0,val,all,near,,200000,10090,0.954155,0.9264629006737732,0.8717531283448959,0.6554013875123885,0.8562026228939543,0.7732139340931615,0.7325074331020812,0.7556167175421209,0.005426740754879991,0.1621955931186676,0.06742058373767844,0.002974679224853112,,,24,directTS,0,1.0
student_directTS_s0,val,all,far,,200000,27104,0.954155,0.9264629006737732,0.9095368161525974,0.5608766233766234,0.8908457803276268,0.912476963916765,0.4790805785123967,0.884472470668536,0.005426740754879991,0.1621955931186676,0.06742058373767844,0.002974679224853112,,,24,directTS,0,1.0
student_directTS_s0,val,ge5,all,,191393,35514,0.9587915963488738,0.9316168863620311,0.9088516945138024,0.5531058174241145,0.8923653201939568,0.8874702296785305,0.47862814664639297,0.8639229623898899,0.0037131653122846487,0.1434878259897232,0.06058718195910904,0.002453738667208056,,,24,directTS,0,1.0
student_directTS_s0,val,ge5,near,,191393,9767,0.9587915963488738,0.9316168863620311,0.8805367143870285,0.6293641855226784,0.8663536287511795,0.788948971138396,0.6920241629978499,0.7723565846219709,0.0037131653122846487,0.1434878259897232,0.06058718195910904,0.002453738667208056,,,24,directTS,0,1.0
student_directTS_s0,val,ge5,far,,191393,25747,0.9587915963488738,0.9316168863620311,0.9195928453623752,0.5241775740863013,0.902232729613369,0.9248437928960507,0.3976773993086573,0.8986582252033929,0.0037131653122846487,0.1434878259897232,0.06058718195910904,0.002453738667208056,,,24,directTS,0,1.0
student_direct_s0,test_w29-32,all,all,1.0956470290862,100000,100000,0.93525,0.8866050262539574,0.87961276865,0.62846,0.8517415732,0.871482282,0.53144,0.8340511476000002,0.012150027974620482,0.245696559548378,0.0940503811617786,0.005661018225830649,0.006947657116055461,0.23951159417629242,24,direct,0,3.5
student_direct_s0,test_w29-32,all,near,1.0956470290862,100000,16111,0.93525,0.8866050262539574,0.8721658261436286,0.6877288808888338,0.8472760126621564,0.8754969585997144,0.6182732294705481,0.8405317664949412,0.012150027974620482,0.245696559548378,0.0940503811617786,0.005661018225830649,0.006947657116055461,0.23951159417629242,24,direct,0,3.5
student_direct_s0,test_w29-32,all,far,1.0956470290862,100000,83889,0.93525,0.8866050262539574,0.8810429643934247,0.6170773283743995,0.8525991903586883,0.8707112577334335,0.5147635566045607,0.8328065356602177,0.012150027974620482,0.245696559548378,0.0940503811617786,0.005661018225830649,0.006947657116055461,0.23951159417629242,24,direct,0,3.5
student_direct_s0,test_w29-32,ge5,all,1.0956470290862,95313,94723,0.9402704772696274,0.8913286311144996,0.8864598351044993,0.6061674566895052,0.8603322709475438,0.8819870506311489,0.4852570125523896,0.8466553941741003,0.013379142987056825,0.22734908759593964,0.08723956521951033,0.004936278844661168,0.007688168147256726,0.22065860033035278,24,direct,0,3.5
student_direct_s0,test_w29-32,ge5,near,1.0956470290862,95313,15529,0.9402704772696274,0.8913286311144996,0.8808020655673432,0.6644986798892395,0.8573759399060765,0.8898552234478645,0.567776418314122,0.8568205224692396,0.013379142987056825,0.22734908759593964,0.08723956521951033,0.004936278844661168,0.007688168147256726,0.22065860033035278,24,direct,0,3.5
student_direct_s0,test_w29-32,ge5,far,1.0956470290862,95313,79194,0.9402704772696274,0.8913286311144996,0.8875692563124504,0.5947293986918201,0.8609119722474269,0.8804441956715462,0.46907594009647197,0.8446621336077036,0.013379142987056825,0.22734908759593964,0.08723956521951033,0.004936278844661168,0.007688168147256726,0.22065860033035278,24,direct,0,3.5
student_directTS_s0,test_w29-32,all,all,,100000,100000,0.93525,0.8866050262539574,0.8806653184,0.62017,0.8524294793999999,0.8709044376999999,0.53428,0.833383635,0.006947657116055461,0.23951159417629242,0.09360231641104583,0.0056567310942280445,,,24,directTS,0,3.5
student_directTS_s0,test_w29-32,all,near,,100000,16111,0.93525,0.8866050262539574,0.8733659515238037,0.6820184966792875,0.8482024846378251,0.8749295456520391,0.620631866426665,0.8398331258146606,0.006947657116055461,0.23951159417629242,0.09360231641104583,0.0056567310942280445,,,24,directTS,0,3.5
student_directTS_s0,test_w29-32,all,far,,100000,83889,0.93525,0.8866050262539574,0.8820671720368582,0.6082919095471396,0.8532412796671792,0.8701314100776025,0.5176960030516515,0.832145001251654,0.006947657116055461,0.23951159417629242,0.09360231641104583,0.0056567310942280445,,,24,directTS,0,3.5
student_directTS_s0,test_w29-32,ge5,all,,95313,94723,0.9402704772696274,0.8913286311144996,0.8877845821097218,0.5981123908659988,0.8612591060258331,0.8815204487833341,0.4872734182827824,0.8461128695643207,0.007688168147256726,0.22065860033035278,0.08666590269724209,0.004923065111033394,,,24,directTS,0,3.5
student_directTS_s0,test_w29-32,ge5,near,,95313,15529,0.9402704772696274,0.8913286311144996,0.8823061954032797,0.6590894455534806,0.8585756462179305,0.8893250638358763,0.5702878485414385,0.8561839742059549,0.007688168147256726,0.22065860033035278,0.08666590269724209,0.004923065111033394,,,24,directTS,0,3.5
student_directTS_s0,test_w29-32,ge5,far,,95313,79194,0.9402704772696274,0.8913286311144996,0.8888588284814711,0.5861555168320832,0.8617853005273978,0.8799900567441528,0.4709952774200066,0.8441380459163178,0.007688168147256726,0.22065860033035278,0.08666590269724209,0.004923065111033394,,,24,directTS,0,3.5
student_direct_s0,test_w33-36,all,all,1.0956470290862,100000,100000,0.91567,0.8526703406601572,0.8591935666,0.68615,0.8211740624,0.8534915593000001,0.60083,0.8046521915,0.021032928741872327,0.3573405146598816,0.12683675348655918,0.009788993193366048,0.01630445378169421,0.3444274365901947,24,direct,0,7.5
student_direct_s0,test_w33-36,all,near,1.0956470290862,100000,15732,0.91567,0.8526703406601572,0.8567951535087719,0.7238749046529367,0.8211196078057462,0.8670495865115688,0.6377447241291635,0.8188420728451564,0.021032928741872327,0.3573405146598816,0.12683675348655918,0.009788993193366048,0.01630445378169421,0.3444274365901947,24,direct,0,7.5
student_direct_s0,test_w33-36,all,far,1.0956470290862,100000,84268,0.91567,0.8526703406601572,0.8596413265415105,0.6791071343807851,0.8211842285327764,0.8509604100607585,0.5939383870508378,0.8020030813594721,0.021032928741872327,0.3573405146598816,0.12683675348655918,0.009788993193366048,0.01630445378169421,0.3444274365901947,24,direct,0,7.5
student_direct_s0,test_w33-36,ge5,all,1.0956470290862,95121,93782,0.9200176617150787,0.8569632240438666,0.8655724712948103,0.6566292038984026,0.8295204670964943,0.8637071959966676,0.5467040583480839,0.8168147053782431,0.02282616386662744,0.3393484354019165,0.119955354806019,0.008687257728333998,0.016917767423620524,0.3257134258747101,24,direct,0,7.5
student_direct_s0,test_w33-36,ge5,near,1.0956470290862,95121,15221,0.9200176617150787,0.8569632240438666,0.8662734288216271,0.6907561921030155,0.83196699868801,0.8813391540393296,0.5755863609486893,0.8349046834970463,0.02282616386662744,0.3393484354019165,0.119955354806019,0.008687257728333998,0.016917767423620524,0.3257134258747101,24,direct,0,7.5
student_direct_s0,test_w33-36,ge5,far,1.0956470290862,95121,78561,0.9200176617150787,0.8569632240438666,0.8654366625027166,0.6500171840989805,0.8290464576343634,0.8602910476104789,0.5411081834498034,0.813309816731888,0.02282616386662744,0.3393484354019165,0.119955354806019,0.008687257728333998,0.016917767423620524,0.3257134258747101,24,direct,0,7.5
student_directTS_s0,test_w33-36,all,all,,100000,100000,0.91567,0.8526703406601572,0.8603605432499999,0.67234,0.8219353956,0.8528566179999999,0.60196,0.8039360905999999,0.01630445378169421,0.3444274365901947,0.12607024633303518,0.009780107862464972,,,24,directTS,0,7.5
student_directTS_s0,test_w33-36,all,near,,100000,15732,0.91567,0.8526703406601572,0.8580888494787694,0.7149122807017544,0.822079942791762,0.8665976090134757,0.6367276887871853,0.8182450184337656,0.01630445378169421,0.3444274365901947,0.12607024633303518,0.009780107862464972,,,24,directTS,0,7.5
student_directTS_s0,test_w33-36,all,far,,100000,84268,0.91567,0.8526703406601572,0.8607846459510134,0.6643921773389662,0.8219084100726254,0.8502913112332083,0.5954692172592205,0.8012647556605115,0.01630445378169421,0.3444274365901947,0.12607024633303518,0.009780107862464972,,,24,directTS,0,7.5
student_directTS_s0,test_w33-36,ge5,all,,95121,93782,0.9200176617150787,0.8569632240438666,0.8670212665544818,0.6454116994732465,0.8305313951693666,0.8632026109332749,0.548356827536201,0.8162255296687582,0.016917767423620524,0.3257134258747101,0.11895401603482957,0.008661808564613967,,,24,directTS,0,7.5
student_directTS_s0,test_w33-36,ge5,near,,95121,15221,0.9200176617150787,0.8569632240438666,0.8678424033721907,0.681426975888575,0.8331765052231119,0.8809094439882017,0.5775573221207542,0.8343443157587337,0.016917767423620524,0.3257134258747101,0.11895401603482957,0.008661808564613967,,,24,directTS,0,7.5
student_directTS_s0,test_w33-36,ge5,far,,95121,78561,0.9200176617150787,0.8569632240438666,0.8668621733211681,0.6384338284899632,0.83001891161992,0.8597719556981194,0.5426993037257672,0.8127150595490356,0.016917767423620524,0.3257134258747101,0.11895401603482957,0.008661808564613967,,,24,directTS,0,7.5
student_direct_s0,test_w37-40,all,all,1.0956470290862,100000,100000,0.89739,0.8338964264349569,0.8582543389,0.67076,0.8081021954000001,0.8548317432499999,0.60021,0.7943690414000001,0.03230860781110825,0.4492819607257843,0.1542184767111176,0.013525380236106336,0.02476809958323836,0.43088391423225403,24,direct,0,11.5
student_direct_s0,test_w37-40,all,near,1.0956470290862,100000,12184,0.89739,0.8338964264349569,0.8461119796454366,0.7244747209455022,0.80081851116218,0.8560601190085358,0.6410045961917269,0.7980828537426132,0.03230860781110825,0.4492819607257843,0.1542184767111176,0.013525380236106336,0.02476809958323836,0.43088391423225403,24,direct,0,11.5
student_direct_s0,test_w37-40,all,far,1.0956470290862,100000,87816,0.89739,0.8338964264349569,0.8599390262594516,0.6633073699553612,0.8091127676049922,0.8546613126878929,0.5945499681151498,0.7938537698141569,0.03230860781110825,0.4492819607257843,0.1542184767111176,0.013525380236106336,0.02476809958323836,0.43088391423225403,24,direct,0,11.5
student_direct_s0,test_w37-40,ge5,all,1.0956470290862,95295,92226,0.9016842436644105,0.8385602940796252,0.8626344634885743,0.6557153080476221,0.8149396307237231,0.8639172058084144,0.572474139613558,0.8051295137701318,0.0343599682267937,0.42855387926101685,0.14726822756687838,0.012180461044428211,0.025954533862044327,0.40956249833106995,24,direct,0,11.5
student_direct_s0,test_w37-40,ge5,near,1.0956470290862,95295,11717,0.9016842436644105,0.8385602940796252,0.8541961524067716,0.7048732610736537,0.8105856864886976,0.8683962571801771,0.6185883758641291,0.8121517590389183,0.0343599682267937,0.42855387926101685,0.14726822756687838,0.012180461044428211,0.025954533862044327,0.40956249833106995,24,direct,0,11.5
student_direct_s0,test_w37-40,ge5,far,1.0956470290862,95295,80509,0.9016842436644105,0.8385602940796252,0.8638625459507274,0.6485610304438013,0.8155732886327989,0.8632653402415468,0.5657628339688731,0.8041075206039718,0.0343599682267937,0.42855387926101685,0.14726822756687838,0.012180461044428211,0.025954533862044327,0.40956249833106995,24,direct,0,11.5
student_directTS_s0,test_w37-40,all,all,,100000,100000,0.89739,0.8338964264349569,0.8595881543,0.66012,0.8089502511,0.85409443595,0.60216,0.7935738669000001,0.02476809958323836,0.43088391423225403,0.15284402063821453,0.013503438948038304,,,24,directTS,0,11.5
student_directTS_s0,test_w37-40,all,near,,100000,12184,0.89739,0.8338964264349569,0.8474932842252133,0.7182370321733421,0.8017956385423506,0.855534844468155,0.6401017728168089,0.7974123145108338,0.02476809958323836,0.43088391423225403,0.15284402063821453,0.013503438948038304,,,24,directTS,0,11.5
student_directTS_s0,test_w37-40,all,far,,100000,87816,0.89739,0.8338964264349569,0.8612662527899244,0.6520565728341077,0.8099429153001731,0.8538945869773162,0.5968957820898242,0.7930413028377516,0.02476809958323836,0.43088391423225403,0.15284402063821453,0.013503438948038304,,,24,directTS,0,11.5
student_directTS_s0,test_w37-40,ge5,all,,95295,92226,0.9016842436644105,0.8385602940796252,0.8642709678839511,0.640979767093878,0.8160398712221598,0.8633244589483801,0.5743391234575933,0.8044667466416193,0.025954533862044327,0.40956249833106995,0.1456530186001231,0.012139546859724059,,,24,directTS,0,11.5
student_directTS_s0,test_w37-40,ge5,near,,95295,11717,0.9016842436644105,0.8385602940796252,0.8558425082158755,0.6961679610821883,0.8117988026946935,0.8678798410865782,0.6214901425279509,0.8115035076817269,0.025954533862044327,0.40956249833106995,0.1456530186001231,0.012139546859724059,,,24,directTS,0,11.5
student_directTS_s0,test_w37-40,ge5,far,,95295,80509,0.9016842436644105,0.8385602940796252,0.8654976166055952,0.6329478691823275,0.8166571015931287,0.8626614844671012,0.5674769280453117,0.80344264090056,0.025954533862044327,0.40956249833106995,0.1456530186001231,0.012139546859724059,,,24,directTS,0,11.5
student_direct_s0,test_w41-44,all,all,1.0956470290862,100000,100000,0.88873,0.8254277152064278,0.85224208785,0.68033,0.7971725076999998,0.8430801274999999,0.6406,0.7799009694999999,0.03730523069709542,0.5263915061950684,0.16828556421836413,0.01638476763512761,0.02904350651688877,0.5016602277755737,24,direct,0,15.5
student_direct_s0,test_w41-44,all,near,1.0956470290862,100000,11009,0.88873,0.8254277152064278,0.8337008511218095,0.742483422654192,0.7849375274775183,0.8439768430375147,0.6907076028703788,0.7842178735579981,0.03730523069709542,0.5263915061950684,0.16828556421836413,0.01638476763512761,0.02904350651688877,0.5016602277755737,24,direct,0,15.5
student_direct_s0,test_w41-44,all,far,1.0956470290862,100000,88991,0.88873,0.8254277152064278,0.8545358082839838,0.6726410535896888,0.7986860865705521,0.8429691955928129,0.6344012315852164,0.7793669290152935,0.03730523069709542,0.5263915061950684,0.16828556421836413,0.01638476763512761,0.02904350651688877,0.5016602277755737,24,direct,0,15.5
student_direct_s0,test_w41-44,ge5,all,1.0956470290862,95403,93678,0.8938188526566251,0.8305211222325104,0.8582406299305856,0.6605286193129657,0.8054117099515103,0.8539588761704916,0.600151583082474,0.791967872986919,0.04033987717371179,0.5031937956809998,0.1605613093535581,0.014864930917040917,0.031962165321941204,0.47801661491394043,24,direct,0,15.5
student_direct_s0,test_w41-44,ge5,near,1.0956470290862,95403,10688,0.8938188526566251,0.8305211222325104,0.8428498671503883,0.7234281437125748,0.7956997391651087,0.8580743105037056,0.6588697604790419,0.7995829784724755,0.04033987717371179,0.5031937956809998,0.1605613093535581,0.014864930917040917,0.031962165321941204,0.47801661491394043,24,direct,0,15.5
student_direct_s0,test_w41-44,ge5,far,1.0956470290862,95403,82990,0.8938188526566251,0.8305211222325104,0.8602227539526937,0.6524280033739005,0.806662481656114,0.8534288633719207,0.592589468610676,0.7909871494367365,0.04033987717371179,0.5031937956809998,0.1605613093535581,0.014864930917040917,0.031962165321941204,0.47801661491394043,24,direct,0,15.5
student_directTS_s0,test_w41-44,all,all,,100000,100000,0.88873,0.8254277152064278,0.8533983535,0.67254,0.7979610495999998,0.8422925553,0.64086,0.7790718781,0.02904350651688877,0.5016602277755737,0.16653335300316074,0.016343628075933092,,,24,directTS,0,15.5
student_directTS_s0,test_w41-44,all,near,,100000,11009,0.88873,0.8254277152064278,0.8348448319556727,0.7369425015896085,0.7858153528930876,0.8434216709056226,0.6888000726678173,0.7835134589881007,0.02904350651688877,0.5016602277755737,0.16653335300316074,0.016343628075933092,,,24,directTS,0,15.5
student_directTS_s0,test_w41-44,all,far,,100000,88991,0.88873,0.8254277152064278,0.8556935936780123,0.6645728219707611,0.7994635832837029,0.8421528733804542,0.6349293748806059,0.7785224139519726,0.02904350651688877,0.5016602277755737,0.16653335300316074,0.016343628075933092,,,24,directTS,0,15.5
student_directTS_s0,test_w41-44,ge5,all,,95403,93678,0.8938188526566251,0.8305211222325104,0.859717492849084,0.6426802450948995,0.8064249863991001,0.8532974183894623,0.6012724439035846,0.79125436943478,0.031962165321941204,0.47801661491394043,0.15867402804641279,0.014815804981795373,,,24,directTS,0,15.5
student_directTS_s0,test_w41-44,ge5,near,,95403,10688,0.8938188526566251,0.8305211222325104,0.8443275992039694,0.7147267964071856,0.7968237430833123,0.8575257722503485,0.6575598802395209,0.7988980285631687,0.031962165321941204,0.47801661491394043,0.15867402804641279,0.014815804981795373,,,24,directTS,0,15.5
student_directTS_s0,test_w41-44,ge5,far,,95403,82990,0.8938188526566251,0.8305211222325104,0.8616995049382392,0.6334016146523678,0.8076614978891486,0.8527528630687592,0.5940233763103988,0.7902699685579971,0.031962165321941204,0.47801661491394043,0.15867402804641279,0.014815804981795373,,,24,directTS,0,15.5
student_direct_s0,test_w45-48,all,all,1.0956470290862,100000,100000,0.86037,0.7871148527728001,0.8339958185499999,0.7256,0.7659088978,0.822517784,0.71777,0.7472832897000001,0.05549050114303827,0.7201828956604004,0.21117561316322914,0.023829048153690816,0.045858295188397194,0.6814894676208496,24,direct,0,19.5
student_direct_s0,test_w45-48,all,near,1.0956470290862,100000,10212,0.86037,0.7871148527728001,0.8097356678417549,0.7761457109283196,0.7499219555424991,0.8193478084606345,0.7695848021934979,0.7495048227575402,0.05549050114303827,0.7201828956604004,0.21117561316322914,0.023829048153690816,0.045858295188397194,0.6814894676208496,24,direct,0,19.5
student_direct_s0,test_w45-48,all,far,1.0956470290862,100000,89788,0.86037,0.7871148527728001,0.8367550364748073,0.7198512050608099,0.7677271658796276,0.8228783198200204,0.7118768655054127,0.7470306245823496,0.05549050114303827,0.7201828956604004,0.21117561316322914,0.023829048153690816,0.045858295188397194,0.6814894676208496,24,direct,0,19.5
student_direct_s0,test_w45-48,ge5,all,1.0956470290862,95040,92738,0.8681607744107744,0.7942238428241605,0.8383978913718442,0.7150898229420518,0.7750695806169628,0.8323631348307889,0.6893937760141474,0.7604265856353728,0.05401810743306651,0.667572557926178,0.19834868885080548,0.02071368023754833,0.04520265443269347,0.6312418580055237,24,direct,0,19.5
student_direct_s0,test_w45-48,ge5,near,1.0956470290862,95040,9889,0.8681607744107744,0.7942238428241605,0.8169916571630282,0.768025078369906,0.761467198572505,0.8340133478241476,0.7513398725857012,0.767341271786868,0.05401810743306651,0.667572557926178,0.19834868885080548,0.02071368023754833,0.04520265443269347,0.6312418580055237,24,direct,0,19.5
student_direct_s0,test_w45-48,ge5,far,1.0956470290862,95040,82849,0.8681607744107744,0.7942238428241605,0.8409529765278627,0.7087713792562372,0.7766931844750375,0.8321661625524112,0.681999782737269,0.7596012367313167,0.05401810743306651,0.667572557926178,0.19834868885080548,0.02071368023754833,0.04520265443269347,0.6312418580055237,24,direct,0,19.5
student_directTS_s0,test_w45-48,all,all,,100000,100000,0.86037,0.7871148527728001,0.83529729785,0.73086,0.7667720053,0.82175157555,0.71866,0.7465011258,0.045858295188397194,0.6814894676208496,0.20835609460871768,0.023764256246759666,,,24,directTS,0,19.5
student_directTS_s0,test_w45-48,all,near,,100000,10212,0.86037,0.7871148527728001,0.8107953608499805,0.7777124951037995,0.7507926498237367,0.8188224294947121,0.7690951821386603,0.7488319173521347,0.045858295188397194,0.6814894676208496,0.20835609460871768,0.023764256246759666,,,24,directTS,0,19.5
student_directTS_s0,test_w45-48,all,far,,100000,89788,0.86037,0.7871148527728001,0.838084015235889,0.7255312513921682,0.7685894105002895,0.8220847207310554,0.7129237760057023,0.7462360342139261,0.045858295188397194,0.6814894676208496,0.20835609460871768,0.023764256246759666,,,24,directTS,0,19.5
student_directTS_s0,test_w45-48,ge5,all,,95040,92738,0.8681607744107744,0.7942238428241605,0.8399853521166722,0.7055683754232354,0.7761431969961644,0.8317247059422428,0.690978886756238,0.759753273345901,0.04520265443269347,0.6312418580055237,0.19552747959046168,0.020641485162471915,,,24,directTS,0,19.5
student_directTS_s0,test_w45-48,ge5,near,,95040,9889,0.8681607744107744,0.7942238428241605,0.818432430896248,0.7628678329456973,0.7626274223851077,0.8335194751599658,0.7519466073414905,0.7666996836177871,0.04520265443269347,0.6312418580055237,0.19552747959046168,0.020641485162471915,,,24,directTS,0,19.5
student_directTS_s0,test_w45-48,ge5,far,,95040,82849,0.8681607744107744,0.7942238428241605,0.8425579460882202,0.6987290130236937,0.7777564632411251,0.8315104791827882,0.6837016741300438,0.7589241377959407,0.04520265443269347,0.6312418580055237,0.19552747959046168,0.020641485162471915,,,24,directTS,0,19.5
student_direct_s0,test_w49-51,all,all,1.0956470290862,100000,100000,0.83545,0.7601266760714555,0.8258585185,0.75524,0.7464686192,0.81319564985,0.76533,0.7275454213000002,0.07355847977191213,0.9039761424064636,0.24729510714043376,0.029770594757026248,0.06330494777016339,0.852979302406311,24,direct,0,23.0
student_direct_s0,test_w49-51,all,near,1.0956470290862,100000,12082,0.83545,0.7601266760714555,0.805544372620427,0.78687303426585,0.7337872645257408,0.8099998241185233,0.7844727694090382,0.7294671412017878,0.07355847977191213,0.9039761424064636,0.24729510714043376,0.029770594757026248,0.06330494777016339,0.852979302406311,24,direct,0,23.0
student_direct_s0,test_w49-51,all,far,1.0956470290862,100000,87918,0.83545,0.7601266760714555,0.8286501596942606,0.7508928774539912,0.748211335448941,0.8136348314338362,0.7626993334698241,0.7272813318091859,0.07355847977191213,0.9039761424064636,0.24729510714043376,0.029770594757026248,0.06330494777016339,0.852979302406311,24,direct,0,23.0
student_direct_s0,test_w49-51,ge5,all,1.0956470290862,94427,93681,0.8429368718692747,0.7669988047958389,0.8317197551594195,0.7445052892262038,0.7571347214689297,0.8256387890730768,0.737332009692467,0.7428847647612727,0.07267776636609621,0.8485668897628784,0.23417577165602926,0.026015280685900023,0.06332786902999131,0.8000969886779785,24,direct,0,23.0
student_direct_s0,test_w49-51,ge5,near,1.0956470290862,94427,11739,0.8429368718692747,0.7669988047958389,0.8138419679464921,0.7837124116193883,0.7465142575473898,0.8263959104312955,0.7653973933043701,0.7486989619726094,0.07267776636609621,0.8485668897628784,0.23417577165602926,0.026015280685900023,0.06332786902999131,0.8000969886779785,24,direct,0,23.0
student_direct_s0,test_w49-51,ge5,far,1.0956470290862,94427,81942,0.8429368718692747,0.7669988047958389,0.8342809245730604,0.738888482097093,0.7586562077149933,0.825530323968196,0.7333113665763589,0.7420518236436054,0.07267776636609621,0.8485668897628784,0.23417577165602926,0.026015280685900023,0.06332786902999131,0.8000969886779785,24,direct,0,23.0
student_directTS_s0,test_w49-51,all,all,,100000,100000,0.83545,0.7601266760714555,0.8270885261,0.7534,0.7472527757,0.8124547318500001,0.76699,0.7268091849999999,0.06330494777016339,0.852979302406311,0.2432596983763496,0.029676050573821215,,,24,directTS,0,23.0
student_directTS_s0,test_w49-51,all,near,,100000,12082,0.83545,0.7601266760714555,0.8064843879324616,0.783810627379573,0.7345197078298296,0.8094990196159577,0.7832312531037907,0.7288407722231418,0.06330494777016339,0.852979302406311,0.2432596983763496,0.029676050573821215,,,24,directTS,0,23.0
student_directTS_s0,test_w49-51,all,far,,100000,87918,0.83545,0.7601266760714555,0.8299200190518438,0.7492208648968357,0.749002598557747,0.8128609161946359,0.7647580700197911,0.7265299971564412,0.06330494777016339,0.852979302406311,0.2432596983763496,0.029676050573821215,,,24,directTS,0,23.0
student_directTS_s0,test_w49-51,ge5,all,,94427,93681,0.8429368718692747,0.7669988047958389,0.8332949835261243,0.7456688122458129,0.758179701629782,0.8250207256836766,0.739264098376405,0.7422518313441487,0.06332786902999131,0.8000969886779785,0.23005334043929832,0.025899627978592174,,,24,directTS,0,23.0
student_directTS_s0,test_w49-51,ge5,near,,94427,11739,0.8429368718692747,0.7669988047958389,0.8152258891742401,0.7802197802197802,0.7475761075911407,0.8259258643500341,0.7650566487775791,0.7481028954107333,0.06332786902999131,0.8000969886779785,0.23005334043929832,0.025899627978592174,,,24,directTS,0,23.0
student_directTS_s0,test_w49-51,ge5,far,,94427,81942,0.8429368718692747,0.7669988047958389,0.8358835595749974,0.7407190451782969,0.7596987710986698,0.8248910556389576,0.7355690610431769,0.7414136086857118,0.06332786902999131,0.8000969886779785,0.23005334043929832,0.025899627978592174,,,24,directTS,0,23.0
student_ls_s0,val,all,all,0.720423118138467,200000,37194,0.950375,0.9177631077454725,0.9056229396542453,0.48182502554175405,0.8822615193310749,0.8856500114937893,0.46827445286874225,0.8574617212453621,0.058798971616327786,0.2268783450126648,0.07714342848641198,0.003932679054655567,0.005452065148018287,0.18130628764629364,24,ls,0,1.0
student_ls_s0,val,all,near,0.720423118138467,200000,10090,0.950375,0.9177631077454725,0.8782702861744301,0.6145688800792865,0.8602945361744302,0.8264523265609515,0.6712586719524282,0.8045420857284441,0.058798971616327786,0.2268783450126648,0.07714342848641198,0.003932679054655567,0.005452065148018287,0.18130628764629364,24,ls,0,1.0
student_ls_s0,val,all,far,0.720423118138467,200000,27104,0.950375,0.9177631077454725,0.9158055058293979,0.43240850059031877,0.8904391632231405,0.907687520384445,0.3927095631641086,0.8771621020882527,0.058798971616327786,0.2268783450126648,0.07714342848641198,0.003932679054655567,0.005452065148018287,0.18130628764629364,24,ls,0,1.0
student_ls_s0,val,ge5,all,0.720423118138467,191393,35514,0.955097626349971,0.9227222021704237,0.9124945216113991,0.45998761051979503,0.8912775422773879,0.8928235766993975,0.434363912823112,0.8670076838692656,0.057699128394514146,0.208292618393898,0.0701074529722498,0.0034037070341345348,0.00490076070601867,0.16234581172466278,24,ls,0,1.0
student_ls_s0,val,ge5,near,0.720423118138467,191393,9767,0.955097626349971,0.9227222021704237,0.8834272344137686,0.599569980546739,0.8673478687196616,0.8324209899384291,0.6503532302651787,0.8123764680304719,0.057699128394514146,0.208292618393898,0.0701074529722498,0.0034037070341345348,0.00490076070601867,0.16234581172466278,24,ls,0,1.0
student_ls_s0,val,ge5,far,0.720423118138467,191393,25747,0.955097626349971,0.9227222021704237,0.9235210565109702,0.407037713131627,0.9003551482756914,0.9157370060268679,0.3524294092515633,0.8877317715337505,0.057699128394514146,0.208292618393898,0.0701074529722498,0.0034037070341345348,0.00490076070601867,0.16234581172466278,24,ls,0,1.0
student_ls_s0,test_w29-32,all,all,0.720423118138467,100000,100000,0.93026,0.8744132465317541,0.8792126131,0.57079,0.8479565698000001,0.85814428985,0.54417,0.8214257321999999,0.053291787164956306,0.29334354400634766,0.10017310625178463,0.006813456150902796,0.011852551152780607,0.25510919094085693,24,ls,0,3.5
student_ls_s0,test_w29-32,all,near,0.720423118138467,100000,16111,0.93026,0.8744132465317541,0.8725684867481843,0.5645211346285147,0.841911847185153,0.8539888656818323,0.5559555583141953,0.8178314666997704,0.053291787164956306,0.29334354400634766,0.10017310625178463,0.006813456150902796,0.011852551152780607,0.25510919094085693,24,ls,0,3.5
student_ls_s0,test_w29-32,all,far,0.720423118138467,100000,83889,0.93026,0.8744132465317541,0.8804886268759909,0.5719939443788816,0.8491174672483878,0.8589423448843114,0.5419065670111696,0.8221160159258066,0.053291787164956306,0.29334354400634766,0.10017310625178463,0.006813456150902796,0.011852551152780607,0.25510919094085693,24,ls,0,3.5
student_ls_s0,test_w29-32,ge5,all,0.720423118138467,95313,94723,0.9356331245475433,0.8797136900885891,0.8825199204688776,0.5486735006281473,0.8536343875179746,0.8613433534693877,0.5236637353124373,0.8277171560367313,0.05284063646581634,0.27491822838783264,0.09291760432345664,0.006175334262772362,0.010742796828481704,0.23629476130008698,24,ls,0,3.5
student_ls_s0,test_w29-32,ge5,near,0.720423118138467,95313,15529,0.9356331245475433,0.8797136900885891,0.8759050503526995,0.5476205808487347,0.8477290675794299,0.8558226446528371,0.5422113465129758,0.8229038724588735,0.05284063646581634,0.27491822838783264,0.09291760432345664,0.006175334262772362,0.010742796828481704,0.23629476130008698,24,ls,0,3.5
student_ls_s0,test_w29-32,ge5,far,0.720423118138467,95313,79194,0.9356331245475433,0.8797136900885891,0.8838170176988966,0.5488799656539637,0.8547923504106896,0.8624258987027666,0.5200267697047756,0.8286609836080189,0.05284063646581634,0.27491822838783264,0.09291760432345664,0.006175334262772362,0.010742796828481704,0.23629476130008698,24,ls,0,3.5
student_ls_s0,test_w33-36,all,all,0.720423118138467,100000,100000,0.90362,0.8394438325858594,0.85957674755,0.64397,0.8148079071,0.8385991237000001,0.61334,0.7875840181999999,0.05011029239505526,0.38732197880744934,0.1352769293653007,0.01264399875245185,0.024257434312626693,0.360636442899704,24,ls,0,7.5
student_ls_s0,test_w33-36,all,near,0.720423118138467,100000,15732,0.90362,0.8394438325858594,0.8537733886346299,0.6250317823544368,0.8090853521484871,0.8369284324942792,0.6023391812865497,0.7857782392575643,0.05011029239505526,0.38732197880744934,0.1352769293653007,0.01264399875245185,0.024257434312626693,0.360636442899704,24,ls,0,7.5
student_ls_s0,test_w33-36,all,far,0.720423118138467,100000,84268,0.90362,0.8394438325858594,0.860660177113495,0.6475055774433949,0.8158762513646937,0.8389110251815636,0.6153937437698771,0.7879211392224806,0.05011029239505526,0.38732197880744934,0.1352769293653007,0.01264399875245185,0.024257434312626693,0.360636442899704,24,ls,0,7.5
student_ls_s0,test_w33-36,ge5,all,0.720423118138467,95121,93782,0.9112919334321549,0.8453045257942992,0.8625756424096116,0.6159710818707215,0.821217661496888,0.841093261427406,0.6068328677144867,0.7946610056793987,0.04951821380364954,0.3669435679912567,0.12704871663502257,0.011541411190006852,0.021250195324557502,0.3391949236392975,24,ls,0,7.5
student_ls_s0,test_w33-36,ge5,near,0.720423118138467,95121,15221,0.9112919334321549,0.8453045257942992,0.8578090725492924,0.6036397082977465,0.8165806838023875,0.8393711010957141,0.5998291833650877,0.7928607932736527,0.04951821380364954,0.3669435679912567,0.12704871663502257,0.011541411190006852,0.021250195324557502,0.3391949236392975,24,ls,0,7.5
student_ls_s0,test_w33-36,ge5,far,0.720423118138467,95121,78561,0.9112919334321549,0.8453045257942992,0.8634991535645602,0.6183602550884026,0.8221160644893142,0.8414269257444169,0.6081898142844414,0.7950097923932626,0.04951821380364954,0.3669435679912567,0.12704871663502257,0.011541411190006852,0.021250195324557502,0.3391949236392975,24,ls,0,7.5
student_ls_s0,test_w37-40,all,all,0.720423118138467,100000,100000,0.8796,0.8163670477702102,0.8557352554000001,0.65402,0.7972098385000002,0.8342532894,0.64775,0.7690549709000001,0.047872641998529405,0.46201449632644653,0.16308655801771038,0.016917410539070112,0.03652251130990686,0.44249793887138367,24,ls,0,11.5
student_ls_s0,test_w37-40,all,near,0.720423118138467,100000,12184,0.8796,0.8163670477702102,0.8475837307124097,0.6169566644780039,0.788837969468155,0.8341314391825345,0.6445338148391333,0.7683471085029546,0.047872641998529405,0.46201449632644653,0.16308655801771038,0.016917410539070112,0.03652251130990686,0.44249793887138367,24,ls,0,11.5
student_ls_s0,test_w37-40,all,far,0.720423118138467,100000,87816,0.8796,0.8163670477702102,0.8568662358226292,0.6591623394370046,0.7983713905210894,0.8342701954655188,0.6481962284777262,0.7691531830190398,0.047872641998529405,0.46201449632644653,0.16308655801771038,0.016917410539070112,0.03652251130990686,0.44249793887138367,24,ls,0,11.5
student_ls_s0,test_w37-40,ge5,all,0.720423118138467,95295,92226,0.8880319009391888,0.8221018362216805,0.8583580657541701,0.6470409645869928,0.8037298799615529,0.8379502574191299,0.6401448615357925,0.7774307016348571,0.047157403415776476,0.43872299790382385,0.15449022816750085,0.015430768205634843,0.03301554807196999,0.4172646105289459,24,ls,0,11.5
student_ls_s0,test_w37-40,ge5,near,0.720423118138467,95295,11717,0.8880319009391888,0.8221018362216805,0.8510750352609523,0.6098830758726637,0.7963235547881589,0.8363035071694446,0.639071434667577,0.7755685232575542,0.047157403415776476,0.43872299790382385,0.15449022816750085,0.015430768205634843,0.03301554807196999,0.4172646105289459,24,ls,0,11.5
student_ls_s0,test_w37-40,ge5,far,0.720423118138467,95295,80509,0.8880319009391888,0.8221018362216805,0.8594180126953694,0.6524487945447093,0.8048077707819166,0.8381899197261459,0.6403010843508179,0.7777017166027098,0.047157403415776476,0.43872299790382385,0.15449022816750085,0.015430768205634843,0.03301554807196999,0.4172646105289459,24,ls,0,11.5
student_ls_s0,test_w41-44,all,all,0.720423118138467,100000,100000,0.8761,0.809781582717712,0.8456342066999999,0.68081,0.7858810722999999,0.8204428450500001,0.68177,0.7561433497,0.042751357286497954,0.49978718161582947,0.17214248712644964,0.019274549757011955,0.03789336463168263,0.49063894152641296,24,ls,0,15.5
student_ls_s0,test_w41-44,all,near,0.720423118138467,100000,11009,0.8761,0.809781582717712,0.8278417549277863,0.6530111726769007,0.7698338450358797,0.8136021850304296,0.6927059678444909,0.7503552466164048,0.042751357286497954,0.49978718161582947,0.17214248712644964,0.019274549757011955,0.03789336463168263,0.49063894152641296,24,ls,0,15.5
student_ls_s0,test_w41-44,all,far,0.720423118138467,100000,88991,0.8761,0.809781582717712,0.8478352955916891,0.6842489689968648,0.7878662609702105,0.8212890972120775,0.6804171208324438,0.7568593909496464,0.042751357286497954,0.49978718161582947,0.17214248712644964,0.019274549757011955,0.03789336463168263,0.49063894152641296,24,ls,0,15.5
student_ls_s0,test_w41-44,ge5,all,0.720423118138467,95403,93678,0.8845738603607853,0.8165034855796139,0.8492848325080545,0.6709793121117018,0.7932823809585103,0.8259994791653236,0.670157347509554,0.7658507796760221,0.04364207573924231,0.4745244085788727,0.16305004115875169,0.017692809822180574,0.03409736113275039,0.4625870883464813,24,ls,0,15.5
student_ls_s0,test_w41-44,ge5,near,0.720423118138467,95403,10688,0.8845738603607853,0.8165034855796139,0.8317003962382772,0.6457709580838323,0.7776412463115027,0.8169369223762781,0.6887163173652695,0.758188145579223,0.04364207573924231,0.4745244085788727,0.16305004115875169,0.017692809822180574,0.03409736113275039,0.4625870883464813,24,ls,0,15.5
student_ls_s0,test_w41-44,ge5,far,0.720423118138467,95403,82990,0.8845738603607853,0.8165034855796139,0.8515494722821404,0.674225810338595,0.7952967495222798,0.8271666150486988,0.6677672008675745,0.7668376242744869,0.04364207573924231,0.4745244085788727,0.16305004115875169,0.017692809822180574,0.03409736113275039,0.4625870883464813,24,ls,0,15.5
student_ls_s0,test_w45-48,all,all,0.720423118138467,100000,100000,0.85085,0.7808382993988735,0.82321087995,0.74784,0.7532681479,0.8007226390000001,0.75437,0.7256074433999999,0.03947521039500834,0.6401177644729614,0.2098502701897894,0.028166853772887475,0.04823240047305821,0.6564090847969055,24,ls,0,19.5
student_ls_s0,test_w45-48,all,near,0.720423118138467,100000,10212,0.85085,0.7808382993988735,0.8007090178221701,0.7168037602820212,0.7317365041128086,0.7848004803172738,0.7656678417547983,0.711080705052879,0.03947521039500834,0.6401177644729614,0.2098502701897894,0.028166853772887475,0.04823240047305821,0.6564090847969055,24,ls,0,19.5
student_ls_s0,test_w45-48,all,far,0.720423118138467,100000,89788,0.85085,0.7808382993988735,0.8257701196707801,0.7513698935269747,0.7557170402503675,0.8025335389472981,0.7530850447721299,0.727259635808794,0.03947521039500834,0.6401177644729614,0.2098502701897894,0.028166853772887475,0.04823240047305821,0.6564090847969055,24,ls,0,19.5
student_ls_s0,test_w45-48,ge5,all,0.720423118138467,95040,92738,0.8616582491582492,0.7896905924814381,0.825930319027,0.7414867691776834,0.7618135256529511,0.8046913696049905,0.7480860057365912,0.7357991890217421,0.04355523326835573,0.5956417322158813,0.1964076966989529,0.023347953552491033,0.041011691231105,0.6000086069107056,24,ls,0,19.5
student_ls_s0,test_w45-48,ge5,near,0.720423118138467,95040,9889,0.8616582491582492,0.7896905924814381,0.8031335391234964,0.7176660936393973,0.7404707488816095,0.7871290037854528,0.7662048741025381,0.7200636173478473,0.04355523326835573,0.5956417322158813,0.1964076966989529,0.023347953552491033,0.041011691231105,0.6000086069107056,24,ls,0,19.5
student_ls_s0,test_w45-48,ge5,far,0.720423118138467,95040,82849,0.8616582491582492,0.7896905924814381,0.8286513821233048,0.744330046228681,0.7643610364194272,0.8067876439787235,0.7459233062559596,0.7376774140852087,0.04355523326835573,0.5956417322158813,0.1964076966989529,0.023347953552491033,0.041011691231105,0.6000086069107056,24,ls,0,19.5
student_ls_s0,test_w49-51,all,all,0.720423118138467,100000,100000,0.82839,0.7511016251638168,0.8124368561499999,0.79331,0.7337224653000001,0.7928316911000001,0.79927,0.7088459094999999,0.03612570458348838,0.7439028024673462,0.2372430336563216,0.034480927541774356,0.0592385273624957,0.7818189263343811,24,ls,0,23.0
student_ls_s0,test_w49-51,all,near,0.720423118138467,100000,12082,0.82839,0.7511016251638168,0.7938610333554046,0.7560006621420294,0.7136604709485185,0.7775732449097832,0.8053302433371958,0.6933811190200297,0.03612570458348838,0.7439028024673462,0.2372430336563216,0.034480927541774356,0.0592385273624957,0.7818189263343811,24,ls,0,23.0
student_ls_s0,test_w49-51,all,far,0.720423118138467,100000,87918,0.82839,0.7511016251638168,0.8149896108874178,0.7984371800996383,0.7364794549466549,0.7949285603061944,0.7984371800996383,0.7109711352624035,0.03612570458348838,0.7439028024673462,0.2372430336563216,0.034480927541774356,0.0592385273624957,0.7818189263343811,24,ls,0,23.0
student_ls_s0,test_w49-51,ge5,all,0.720423118138467,94427,93681,0.8403740455590033,0.7598522233213276,0.8156903089754797,0.789872012467843,0.743451463162079,0.7977736644864525,0.7949210619015595,0.7205898373330589,0.0377450955894527,0.6961495280265808,0.22292817838522447,0.02862586179807991,0.05055158472265549,0.7207828760147095,24,ls,0,23.0
student_ls_s0,test_w49-51,ge5,near,0.720423118138467,94427,11739,0.8403740455590033,0.7598522233213276,0.7964099910735937,0.7573898969247806,0.7233224096488224,0.7803392367484081,0.8037311525683619,0.70360493479029,0.0377450955894527,0.6961495280265808,0.22292817838522447,0.02862586179807991,0.05055158472265549,0.7207828760147095,24,ls,0,23.0
student_ls_s0,test_w49-51,ge5,far,0.720423118138467,94427,81942,0.8403740455590033,0.7598522233213276,0.8184524047487123,0.7945253960118133,0.7463351486858899,0.8002713182808059,0.7936589294867101,0.7230230922078428,0.0377450955894527,0.6961495280265808,0.22292817838522447,0.02862586179807991,0.05055158472265549,0.7207828760147095,24,ls,0,23.0
student_kdA_s0,val,all,all,1.0998810819365188,200000,37194,0.954315,0.9268149535871806,0.9050223565628865,0.5914394794859386,0.887033887051675,0.8841424969081035,0.5460558154541055,0.8589462393127925,0.0017550647567957517,0.1644664704799652,0.06685535276283937,0.0028759409562086205,0.005162995425760784,0.16317303478717804,24,kdA,0,1.0
student_kdA_s0,val,all,near,1.0998810819365188,200000,10090,0.954315,0.9268149535871806,0.8766035951437068,0.6377601585728444,0.8605195138751238,0.7881338134291378,0.7309217046580773,0.7699642333994053,0.0017550647567957517,0.1644664704799652,0.06685535276283937,0.0028759409562086205,0.005162995425760784,0.16317303478717804,24,kdA,0,1.0
student_kdA_s0,val,all,far,1.0998810819365188,200000,27104,0.954315,0.9268149535871806,0.9156018025014758,0.5741956906729634,0.8969043868063755,0.9198836279700413,0.4772358323494687,0.8920715506936245,0.0017550647567957517,0.1644664704799652,0.06685535276283937,0.0028759409562086205,0.005162995425760784,0.16317303478717804,24,kdA,0,1.0
student_kdA_s0,val,ge5,all,1.0998810819365188,191393,35514,0.9587445726855214,0.9316416497900241,0.9135112185086587,0.5612716111955849,0.8969583365696621,0.8974004129396945,0.4788815678324041,0.8737044134139228,0.002459603311903844,0.1467672884464264,0.06032426530605979,0.002378689637292707,0.0037100908979149517,0.14510956406593323,24,kdA,0,1.0
student_kdA_s0,val,ge5,near,1.0998810819365188,191393,9767,0.9587445726855214,0.9316416497900241,0.8842935668938272,0.6135968055697758,0.8696653179736367,0.8038262970793709,0.6850619432783864,0.7866598474589123,0.002459603311903844,0.1467672884464264,0.06032426530605979,0.002378689637292707,0.0037100908979149517,0.14510956406593323,24,kdA,0,1.0
student_kdA_s0,val,ge5,far,1.0998810819365188,191393,25747,0.9587445726855214,0.9316416497900241,0.9245947934230976,0.541422301627374,0.9073118112512707,0.9328973014940032,0.40066803899483433,0.9067243487727059,0.002459603311903844,0.1467672884464264,0.06032426530605979,0.002378689637292707,0.0037100908979149517,0.14510956406593323,24,kdA,0,1.0
student_kdA_s0,test_w29-32,all,all,1.0998810819365188,100000,100000,0.93752,0.8883036938588358,0.87792174575,0.62328,0.8513585993,0.867101863,0.56298,0.8323359318999999,0.010365968324542089,0.2481294721364975,0.09218484196320924,0.005167359352670875,0.004256510803997482,0.24138692021369934,24,kdA,0,3.5
student_kdA_s0,test_w29-32,all,near,1.0998810819365188,100000,16111,0.93752,0.8883036938588358,0.8757716175283968,0.7026255353485197,0.8527210713177331,0.8836409502824156,0.6051145180311588,0.8493765812178015,0.010365968324542089,0.2481294721364975,0.09218484196320924,0.005167359352670875,0.004256510803997482,0.24138692021369934,24,kdA,0,3.5
student_kdA_s0,test_w29-32,all,far,1.0998810819365188,100000,83889,0.93752,0.8883036938588358,0.8783346808878398,0.6080415787528758,0.8510969346398217,0.8639255081119097,0.5548880067708519,0.8290632513201969,0.010365968324542089,0.2481294721364975,0.09218484196320924,0.005167359352670875,0.004256510803997482,0.24138692021369934,24,kdA,0,3.5
student_kdA_s0,test_w29-32,ge5,all,1.0998810819365188,95313,94723,0.9421485002045891,0.892619115719218,0.8846730452878465,0.5970777952556401,0.8596562718679933,0.8776642770130854,0.5140462189753281,0.845034756176429,0.011585600859961562,0.23053032159805298,0.08553426031791335,0.004486082963343533,0.005559461549762906,0.22330227494239807,24,kdA,0,3.5
student_kdA_s0,test_w29-32,ge5,near,1.0998810819365188,95313,15529,0.9421485002045891,0.892619115719218,0.8844173660095194,0.6808551741902248,0.8627497128219197,0.8973543759954632,0.5548972889432674,0.8650281058423048,0.011585600859961562,0.23053032159805298,0.08553426031791335,0.004486082963343533,0.005559461549762906,0.22330227494239807,24,kdA,0,3.5
student_kdA_s0,test_w29-32,ge5,far,1.0998810819365188,95313,79194,0.9421485002045891,0.892619115719218,0.8847231809485423,0.580650049246155,0.8590496849476013,0.8738032831613121,0.506035810793747,0.841114298478101,0.011585600859961562,0.23053032159805298,0.08553426031791335,0.004486082963343533,0.005559461549762906,0.22330227494239807,24,kdA,0,3.5
student_kdA_s0,test_w33-36,all,all,1.0998810819365188,100000,100000,0.91691,0.8515311675701107,0.8582868252500001,0.68662,0.8213732465000001,0.85009866635,0.60763,0.8039874600999999,0.02172549361787735,0.35953113436698914,0.12630410598611974,0.009525949157877992,0.014646953429058208,0.3459424078464508,24,kdA,0,7.5
student_kdA_s0,test_w33-36,all,near,1.0998810819365188,100000,15732,0.91691,0.8515311675701107,0.8567971138443936,0.7435799644037631,0.8231870582252733,0.8713238383549454,0.6315153826595474,0.8249015630561912,0.02172549361787735,0.35953113436698914,0.12630410598611974,0.009525949157877992,0.014646953429058208,0.3459424078464508,24,kdA,0,7.5
student_kdA_s0,test_w33-36,all,far,1.0998810819365188,100000,84268,0.91691,0.8515311675701107,0.8585649395974746,0.6759861394598187,0.8210346258366165,0.8461361372051074,0.6031708359044952,0.8000830044619549,0.02172549361787735,0.35953113436698914,0.12630410598611974,0.009525949157877992,0.014646953429058208,0.3459424078464508,24,kdA,0,7.5
student_kdA_s0,test_w33-36,ge5,all,1.0998810819365188,95121,93782,0.9209533120972235,0.8558800567744023,0.8650547924364502,0.6564372694120407,0.8297749306333162,0.8600149302197493,0.5808470708664776,0.8158517108744853,0.021849954400437466,0.3408798277378082,0.11920825947249261,0.008453212721103718,0.01474299656820151,0.3267674744129181,24,kdA,0,7.5
student_kdA_s0,test_w33-36,ge5,near,1.0998810819365188,95121,15221,0.9209533120972235,0.8558800567744023,0.8664491651410579,0.714342027462059,0.8340990823080653,0.8855210768546175,0.5977268247815518,0.840599359399735,0.021849954400437466,0.3408798277378082,0.11920825947249261,0.008453212721103718,0.01474299656820151,0.3267674744129181,24,kdA,0,7.5
student_kdA_s0,test_w33-36,ge5,far,1.0998810819365188,95121,78561,0.9209533120972235,0.8558800567744023,0.8647846361637854,0.6452183653466733,0.8289371369107138,0.8550731772134315,0.577576660174896,0.8110569150062705,0.021849954400437466,0.3408798277378082,0.11920825947249261,0.008453212721103718,0.01474299656820151,0.3267674744129181,24,kdA,0,7.5
student_kdA_s0,test_w37-40,all,all,1.0998810819365188,100000,100000,0.901,0.8325714417255172,0.85553940065,0.69532,0.8086584666000001,0.8535787166499998,0.62096,0.7977628142000001,0.030259158689975772,0.43982553482055664,0.15045264051517823,0.013286350869143065,0.021361667753308985,0.4215676486492157,24,kdA,0,11.5
student_kdA_s0,test_w37-40,all,near,1.0998810819365188,100000,12184,0.901,0.8325714417255172,0.8424920732107682,0.7706007879185818,0.801306719468155,0.857721217170059,0.6758864084044649,0.8041470329940905,0.030259158689975772,0.43982553482055664,0.15045264051517823,0.013286350869143065,0.021361667753308985,0.4215676486492157,24,kdA,0,11.5
student_kdA_s0,test_w37-40,all,far,1.0998810819365188,100000,87816,0.901,0.8325714417255172,0.8573496475015941,0.6848751935865901,0.8096784821672587,0.8530039668739182,0.6133392548055024,0.7968770380112964,0.030259158689975772,0.43982553482055664,0.15045264051517823,0.013286350869143065,0.021361667753308985,0.4215676486492157,24,kdA,0,11.5
student_kdA_s0,test_w37-40,ge5,all,1.0998810819365188,95295,92226,0.9053360617031324,0.836937914973624,0.8609312429057651,0.6698653308177738,0.8160491869591102,0.862385482944385,0.5966430290807364,0.8084107648711577,0.031102213891410387,0.417787104845047,0.14304629997904394,0.01200167822421304,0.02206511974250279,0.3992146849632263,24,kdA,0,11.5
student_kdA_s0,test_w37-40,ge5,near,1.0998810819365188,95295,11717,0.9053360617031324,0.836937914973624,0.8511874248377185,0.7460954169155928,0.8114617038210938,0.8707619614494643,0.6498250405393872,0.8185019228257852,0.031102213891410387,0.417787104845047,0.14304629997904394,0.01200167822421304,0.02206511974250279,0.3992146849632263,24,kdA,0,11.5
student_kdA_s0,test_w37-40,ge5,far,1.0998810819365188,95295,80509,0.9053360617031324,0.836937914973624,0.86234932431658,0.6587710690730229,0.8167168333083152,0.8611663993805101,0.5889031040007949,0.8069421328206496,0.031102213891410387,0.417787104845047,0.14304629997904394,0.01200167822421304,0.02206511974250279,0.3992146849632263,24,kdA,0,11.5
student_kdA_s0,test_w41-44,all,all,1.0998810819365188,100000,100000,0.89125,0.8232384910807297,0.84692740195,0.71539,0.7955169937,0.841383451,0.6656,0.7829409549999999,0.034617805795297045,0.510446310043335,0.16567564544413724,0.016143964130442938,0.026179030774235754,0.486468642950058,24,kdA,0,15.5
student_kdA_s0,test_w41-44,all,near,1.0998810819365188,100000,11009,0.89125,0.8232384910807297,0.8281914497229539,0.7897175038604778,0.7835548760105369,0.8475699718412208,0.7096012353528931,0.7913242111000092,0.034617805795297045,0.510446310043335,0.16567564544413724,0.016143964130442938,0.026179030774235754,0.486468642950058,24,kdA,0,15.5
student_kdA_s0,test_w41-44,all,far,1.0998810819365188,100000,88991,0.89125,0.8232384910807297,0.8492452104707218,0.706195008484004,0.7969968169814926,0.8406181218325448,0.6601566450539942,0.7819038696047915,0.034617805795297045,0.510446310043335,0.16567564544413724,0.016143964130442938,0.026179030774235754,0.486468642950058,24,kdA,0,15.5
student_kdA_s0,test_w41-44,ge5,all,1.0998810819365188,95403,93678,0.8964497971761894,0.8284618079273759,0.8535963296019988,0.6910800828369521,0.8041623975067252,0.8519925722095827,0.6293153141612758,0.7949261885358319,0.03559177793674015,0.48570239543914795,0.1574667033414165,0.014647908297731558,0.027419428468611486,0.4616110026836395,24,kdA,0,15.5
student_kdA_s0,test_w41-44,ge5,near,1.0998810819365188,95403,10688,0.8964497971761894,0.8284618079273759,0.8372089603535611,0.7718001497005988,0.79426171025924,0.8619476514840825,0.6744947604790419,0.8066494571703735,0.03559177793674015,0.48570239543914795,0.1574667033414165,0.014647908297731558,0.027419428468611486,0.4616110026836395,24,kdA,0,15.5
student_kdA_s0,test_w41-44,ge5,far,1.0998810819365188,95403,82990,0.8964497971761894,0.8284618079273759,0.8557068031834821,0.6806844198096156,0.805437473362866,0.8507104913891723,0.6234968068441981,0.7934163886181793,0.03559177793674015,0.48570239543914795,0.1574667033414165,0.014647908297731558,0.027419428468611486,0.4616110026836395,24,kdA,0,15.5
student_kdA_s0,test_w45-48,all,all,1.0998810819365188,100000,100000,0.86108,0.7899821698896924,0.8275464651,0.74843,0.7618165951999999,0.82238788315,0.72114,0.7484068589000001,0.05301160545744005,0.7347270846366882,0.21090098748586505,0.023750182183161616,0.0429510464420915,0.6937023997306824,24,kdA,0,19.5
student_kdA_s0,test_w45-48,all,near,1.0998810819365188,100000,10212,0.86108,0.7899821698896924,0.8091586349392872,0.7923031727379554,0.7499323805327066,0.8323039340971405,0.7519584802193497,0.760079830591461,0.05301160545744005,0.7347270846366882,0.21090098748586505,0.023750182183161616,0.0429510464420915,0.6937023997306824,24,kdA,0,19.5
student_kdA_s0,test_w45-48,all,far,1.0998810819365188,100000,89788,0.86108,0.7899821698896924,0.8296377971443845,0.7434401033545686,0.7631682413017331,0.8212600853120684,0.7176348732570054,0.7470792384282977,0.05301160545744005,0.7347270846366882,0.21090098748586505,0.023750182183161616,0.0429510464420915,0.6937023997306824,24,kdA,0,19.5
student_kdA_s0,test_w45-48,ge5,all,1.0998810819365188,95040,92738,0.8690130471380472,0.7976281261771643,0.8321900203828998,0.7337445275938665,0.7709299193818755,0.8315900702718271,0.6909681036899653,0.761239243641785,0.05109186301067444,0.685137927532196,0.19781494350689544,0.020998508927559507,0.04181146597543026,0.6464664340019226,24,kdA,0,19.5
student_kdA_s0,test_w45-48,ge5,near,1.0998810819365188,95040,9889,0.8690130471380472,0.7976281261771643,0.8159294249928415,0.7791485488927091,0.7609860922996099,0.8466984878957777,0.7220143593892203,0.7773797389661607,0.05109186301067444,0.685137927532196,0.19781494350689544,0.020998508927559507,0.04181146597543026,0.6464664340019226,24,kdA,0,19.5
student_kdA_s0,test_w45-48,ge5,far,1.0998810819365188,95040,82849,0.8690130471380472,0.7976281261771643,0.8341309131856166,0.7283250250455648,0.7721168317889839,0.8297867034009745,0.6872623688879769,0.7593126861907264,0.05109186301067444,0.685137927532196,0.19781494350689544,0.020998508927559507,0.04181146597543026,0.6464664340019226,24,kdA,0,19.5
student_kdA_s0,test_w49-51,all,all,1.0998810819365188,100000,100000,0.83973,0.764634591756051,0.81706772,0.78574,0.7422977289,0.81137160655,0.76592,0.7297056356,0.06616198832571504,0.8853967189788818,0.24375967601725548,0.02955165367083632,0.05544808239921926,0.8349911570549011,24,kdA,0,23.0
student_kdA_s0,test_w49-51,all,near,1.0998810819365188,100000,12082,0.83973,0.764634591756051,0.8057115026485681,0.8153451415328588,0.7361646035424598,0.8236983690614137,0.773299122661811,0.7423933206422778,0.06616198832571504,0.8853967189788818,0.24375967601725548,0.02955165367083632,0.05544808239921926,0.8349911570549011,24,kdA,0,23.0
student_kdA_s0,test_w49-51,all,far,1.0998810819365188,100000,87918,0.83973,0.764634591756051,0.8186283312290998,0.7816715575877522,0.7431405645032871,0.809677619600082,0.7649059350758661,0.7279620494096772,0.06616198832571504,0.8853967189788818,0.24375967601725548,0.02955165367083632,0.05544808239921926,0.8349911570549011,24,kdA,0,23.0
student_kdA_s0,test_w49-51,ge5,all,1.0998810819365188,94427,93681,0.8475647854956739,0.7711566933728045,0.822860271253097,0.7665481794600826,0.7529276630715559,0.8233609160186772,0.7406624609045591,0.7450860762294952,0.0644731637928514,0.8316929936408997,0.22976288973799922,0.026132557835605277,0.05461149638943799,0.7839961051940918,24,kdA,0,23.0
student_kdA_s0,test_w49-51,ge5,near,1.0998810819365188,94427,11739,0.8475647854956739,0.7711566933728045,0.8133833212738759,0.8033904080415708,0.7484865834837672,0.8394314260584524,0.7451230939603033,0.7610017972084301,0.0644731637928514,0.8316929936408997,0.22976288973799922,0.026132557835605277,0.05461149638943799,0.7839961051940918,24,kdA,0,23.0
student_kdA_s0,test_w49-51,ge5,far,1.0998810819365188,94427,81942,0.8475647854956739,0.7711566933728045,0.8242179378441749,0.761270166703278,0.753563891541462,0.8210586568920155,0.7400234312074394,0.7428059921630614,0.0644731637928514,0.8316929936408997,0.22976288973799922,0.026132557835605277,0.05461149638943799,0.7839961051940918,24,kdA,0,23.0
student_kdB_s0,val,all,all,1.1190012322971874,200000,37194,0.953955,0.9267895574601922,0.9009551377238264,0.5792869817712534,0.8826407635640157,0.8815325865058882,0.5603591977200624,0.8565136914556111,0.0025925420345365973,0.1682513803243637,0.06675468873928951,0.0028615072063686775,0.005854534016028062,0.16653509438037872,24,kdB,0,1.0
student_kdB_s0,val,all,near,1.1190012322971874,200000,10090,0.953955,0.9267895574601922,0.8719038064915758,0.6462834489593657,0.8562653369672943,0.7909300374132805,0.7342913776015857,0.7724637081268584,0.0025925420345365973,0.1682513803243637,0.06675468873928951,0.0028615072063686775,0.005854534016028062,0.16653509438037872,24,kdB,0,1.0
student_kdB_s0,val,all,far,1.1190012322971874,200000,27104,0.953955,0.9267895574601922,0.9117700702848288,0.5543462219598583,0.8924595377066117,0.9152611771325265,0.4956095041322314,0.8878029598952184,0.0025925420345365973,0.1682513803243637,0.06675468873928951,0.0028615072063686775,0.005854534016028062,0.16653509438037872,24,kdB,0,1.0
student_kdB_s0,val,ge5,all,1.1190012322971874,191393,35514,0.9583683833787024,0.9315220615461837,0.9096516278972256,0.545080813200428,0.892801432135764,0.8951109180784919,0.48490736047755817,0.8716096903615336,0.003168172249995504,0.15039029717445374,0.0602016740869199,0.002361179697063481,0.004428833282012018,0.14817407727241516,24,kdB,0,1.0
student_kdB_s0,val,ge5,near,1.1190012322971874,191393,9767,0.9583683833787024,0.9315220615461837,0.8800452413294038,0.6192280126958124,0.8658135336011827,0.8071338211852467,0.6840380874372888,0.789718042315328,0.003168172249995504,0.15039029717445374,0.0602016740869199,0.002361179697063481,0.004428833282012018,0.14817407727241516,24,kdB,0,1.0
student_kdB_s0,val,ge5,far,1.1190012322971874,191393,25747,0.9583683833787024,0.9315220615461837,0.9208826675371027,0.5169534314677439,0.9030391609968837,0.9284846045412383,0.40936808171825845,0.9026748912186153,0.003168172249995504,0.15039029717445374,0.0602016740869199,0.002361179697063481,0.004428833282012018,0.14817407727241516,24,kdB,0,1.0
student_kdB_s0,test_w29-32,all,all,1.1190012322971874,100000,100000,0.93629,0.8889882043550486,0.8783766282000001,0.6169,0.8508586777000001,0.86597790215,0.55569,0.8303047444,0.011607376747727396,0.26523637771606445,0.09384540737603807,0.005520480207294695,0.004819170381426803,0.25567543506622314,24,kdB,0,3.5
student_kdB_s0,test_w29-32,all,near,1.1190012322971874,100000,16111,0.93629,0.8889882043550486,0.8808929011234561,0.6385078517782882,0.8544469554962447,0.8869529721929117,0.555272794984793,0.8505297219291168,0.011607376747727396,0.26523637771606445,0.09384540737603807,0.005520480207294695,0.004819170381426803,0.25567543506622314,24,kdB,0,3.5
student_kdB_s0,test_w29-32,all,far,1.1190012322971874,100000,83889,0.93629,0.8889882043550486,0.8778933744591068,0.6127501817878387,0.850169543921134,0.8619496105568072,0.5557701248077818,0.8264205091251535,0.011607376747727396,0.26523637771606445,0.09384540737603807,0.005520480207294695,0.004819170381426803,0.25567543506622314,24,kdB,0,3.5
student_kdB_s0,test_w29-32,ge5,all,1.1190012322971874,95313,94723,0.940983916149948,0.89332376973452,0.885292734638551,0.591450861987057,0.8593051255495083,0.8760284794620983,0.5073319046060619,0.842630983156396,0.012899431868207755,0.24803511798381805,0.08732221359892127,0.004809548551147591,0.00576273157664048,0.23780523240566254,24,kdB,0,3.5
student_kdB_s0,test_w29-32,ge5,near,1.1190012322971874,95313,15529,0.940983916149948,0.89332376973452,0.8887709402169207,0.6219331573185652,0.8638697517065589,0.8993359334127189,0.508274840620774,0.8650812652044672,0.012899431868207755,0.24803511798381805,0.08732221359892127,0.004809548551147591,0.00576273157664048,0.23780523240566254,24,kdB,0,3.5
student_kdB_s0,test_w29-32,ge5,far,1.1190012322971874,95313,79194,0.940983916149948,0.89332376973452,0.8846106999588215,0.585473646993459,0.8584100567363045,0.8714581653928609,0.5071470060863197,0.8382287502861726,0.012899431868207755,0.24803511798381805,0.08732221359892127,0.004809548551147591,0.00576273157664048,0.23780523240566254,24,kdB,0,3.5
student_kdB_s0,test_w33-36,all,all,1.1190012322971874,100000,100000,0.90691,0.8507700644649734,0.85744938415,0.70314,0.8181737804000001,0.85051358555,0.60244,0.7975671054999999,0.027669467422664143,0.387022465467453,0.13213094311285076,0.010214656400454816,0.018455297209098925,0.3683854937553406,24,kdB,0,7.5
student_kdB_s0,test_w33-36,all,near,1.1190012322971874,100000,15732,0.90691,0.8507700644649734,0.8621484986015764,0.7049961861174676,0.8230491240783118,0.8742829118993135,0.5763412153572337,0.8191342918891431,0.027669467422664143,0.387022465467453,0.13213094311285076,0.010214656400454816,0.018455297209098925,0.3683854937553406,24,kdB,0,7.5
student_kdB_s0,test_w33-36,all,far,1.1190012322971874,100000,84268,0.90691,0.8507700644649734,0.8565721060782265,0.7027934684577776,0.817263602079081,0.8460760880168036,0.6073123842977168,0.7935407256609863,0.027669467422664143,0.387022465467453,0.13213094311285076,0.010214656400454816,0.018455297209098925,0.3683854937553406,24,kdB,0,7.5
student_kdB_s0,test_w33-36,ge5,all,1.1190012322971874,95121,93782,0.9136258029246959,0.8562958070389611,0.864413149008868,0.6793627775052782,0.8271757746107893,0.8598353577420994,0.5690964150903158,0.8105153566790633,0.027807008117618135,0.36822643876075745,0.12495495326219432,0.00899404333865307,0.01949514277105728,0.3490074574947357,24,kdB,0,7.5
student_kdB_s0,test_w33-36,ge5,near,1.1190012322971874,95121,15221,0.9136258029246959,0.8562958070389611,0.8710968621565047,0.6742658169634058,0.8337606878011946,0.8868057752237964,0.5416201300834373,0.8349654569237098,0.027807008117618135,0.36822643876075745,0.12495495326219432,0.00899404333865307,0.01949514277105728,0.3490074574947357,24,kdB,0,7.5
student_kdB_s0,test_w33-36,ge5,far,1.1190012322971874,95121,78561,0.9136258029246959,0.8562958070389611,0.8631181960701302,0.6803503010399562,0.825899963920101,0.8546099058704466,0.5744198775473836,0.8057782100563907,0.027807008117618135,0.36822643876075745,0.12495495326219432,0.00899404333865307,0.01949514277105728,0.3490074574947357,24,kdB,0,7.5
student_kdB_s0,test_w37-40,all,all,1.1190012322971874,100000,100000,0.88811,0.8348967181001646,0.8524529251499999,0.72757,0.8029901377,0.8537522133,0.61331,0.7873746716000001,0.0365736353428662,0.47281843423843384,0.1576293131965787,0.013923215242573825,0.026293457300662987,0.44824546575546265,24,kdB,0,11.5
student_kdB_s0,test_w37-40,all,near,1.1190012322971874,100000,12184,0.88811,0.8348967181001646,0.8478979436145765,0.7426953381483913,0.800137660045962,0.863569781680893,0.6092416283650689,0.796615978332239,0.0365736353428662,0.47281843423843384,0.1576293131965787,0.013923215242573825,0.026293457300662987,0.44824546575546265,24,kdB,0,11.5
student_kdB_s0,test_w37-40,all,far,1.1190012322971874,100000,87816,0.88811,0.8348967181001646,0.8530849044593241,0.7254714402842307,0.8033859037077526,0.8523900782317573,0.6138744647900155,0.7860924897512982,0.0365736353428662,0.47281843423843384,0.1576293131965787,0.013923215242573825,0.026293457300662987,0.44824546575546265,24,kdB,0,11.5
student_kdB_s0,test_w37-40,ge5,all,1.1190012322971874,95295,92226,0.8956188677265334,0.8402689995303811,0.8575553550316238,0.7090191486131894,0.8109252377354781,0.8618065685422468,0.5872964240019084,0.7993539169532334,0.036118891202388356,0.45167478919029236,0.1500569192717745,0.012454939065503878,0.02671937284098573,0.42669567465782166,24,kdB,0,11.5
student_kdB_s0,test_w37-40,ge5,near,1.1190012322971874,95295,11717,0.8956188677265334,0.8402689995303811,0.8553992155173329,0.7174191345907656,0.8100083074392239,0.8743933123710397,0.5681488435606384,0.8110127500431532,0.036118891202388356,0.45167478919029236,0.1500569192717745,0.012454939065503878,0.02671937284098573,0.42669567465782166,24,kdB,0,11.5
student_kdB_s0,test_w37-40,ge5,far,1.1190012322971874,95295,80509,0.8956188677265334,0.8402689995303811,0.8578691520815058,0.7077966438534822,0.8110586845834231,0.8599747375986012,0.5900830962997926,0.7976571309129822,0.036118891202388356,0.45167478919029236,0.1500569192717745,0.012454939065503878,0.02671937284098573,0.42669567465782166,24,kdB,0,11.5
student_kdB_s0,test_w41-44,all,all,1.1190012322971874,100000,100000,0.88137,0.822820576113229,0.8445707442,0.7333,0.7908313035,0.841704549,0.66305,0.7752358884000001,0.0425214250629395,0.5416007041931152,0.17191459704809972,0.016721069160167593,0.032002729533463684,0.5103869438171387,24,kdB,0,15.5
student_kdB_s0,test_w41-44,all,near,1.1190012322971874,100000,11009,0.88137,0.822820576113229,0.8304419438641113,0.7569261513307294,0.7801935734399128,0.8501069329639387,0.6541011899355074,0.7837350676719048,0.0425214250629395,0.5416007041931152,0.17191459704809972,0.016721069160167593,0.032002729533463684,0.5103869438171387,24,kdB,0,15.5
student_kdB_s0,test_w41-44,all,far,1.1190012322971874,100000,88991,0.88137,0.822820576113229,0.846318605926442,0.7303772291580047,0.7921472879279928,0.8406650973132115,0.6641570495892843,0.7741844622489914,0.0425214250629395,0.5416007041931152,0.17191459704809972,0.016721069160167593,0.032002729533463684,0.5103869438171387,24,kdB,0,15.5
student_kdB_s0,test_w41-44,ge5,all,1.1190012322971874,95403,93678,0.8873829963418342,0.8280515964312338,0.8512634937471585,0.7107431840987212,0.7997372250678111,0.8517630033658848,0.6322829266209783,0.7872564246661296,0.04351772262181208,0.5171153545379639,0.16364853767733456,0.01509564288031734,0.033940455392750396,0.48576638102531433,24,kdB,0,15.5
student_kdB_s0,test_w41-44,ge5,near,1.1190012322971874,95403,10688,0.8873829963418342,0.8280515964312338,0.8388566723664085,0.7370883233532934,0.7906451295076586,0.8630238412753437,0.6148952095808383,0.798296585306479,0.04351772262181208,0.5171153545379639,0.16364853767733456,0.01509564288031734,0.033940455392750396,0.48576638102531433,24,kdB,0,15.5
student_kdB_s0,test_w41-44,ge5,far,1.1190012322971874,95403,82990,0.8873829963418342,0.8280515964312338,0.8528613260994595,0.7073502831666466,0.8009081651491089,0.8503127583294189,0.634522231594168,0.7858345999050254,0.04351772262181208,0.5171153545379639,0.16364853767733456,0.01509564288031734,0.033940455392750396,0.48576638102531433,24,kdB,0,15.5
student_kdB_s0,test_w45-48,all,all,1.1190012322971874,100000,100000,0.85226,0.7902882059044474,0.8253698034999999,0.76689,0.7589654508,0.8229829987999999,0.73203,0.7426375302000001,0.06069223061352967,0.7500216960906982,0.2145586273666928,0.023663309029843135,0.048877944047153,0.7004806399345398,24,kdB,0,19.5
student_kdB_s0,test_w45-48,all,near,1.1190012322971874,100000,10212,0.85226,0.7902882059044474,0.8104699564238151,0.7878965922444183,0.7478569907951429,0.832821196141794,0.7146494320407364,0.7524107638072856,0.06069223061352967,0.7500216960906982,0.2145586273666928,0.023663309029843135,0.048877944047153,0.7004806399345398,24,kdB,0,19.5
student_kdB_s0,test_w45-48,all,far,1.1190012322971874,100000,89788,0.85226,0.7902882059044474,0.8270644312714394,0.7645008241635853,0.7602288667750703,0.8218640556087673,0.7340067715062146,0.7415259756314876,0.06069223061352967,0.7500216960906982,0.2145586273666928,0.023663309029843135,0.048877944047153,0.7004806399345398,24,kdB,0,19.5
student_kdB_s0,test_w45-48,ge5,all,1.1190012322971874,95040,92738,0.8620791245791246,0.7980773015474496,0.8305948226972544,0.7474605878927731,0.7687407110646168,0.8314508679093079,0.7060104811404171,0.7561766527980821,0.05728528777479196,0.6985471844673157,0.20151038578915265,0.020746787352219548,0.046354562080204983,0.6518751978874207,24,kdB,0,19.5
student_kdB_s0,test_w45-48,ge5,near,1.1190012322971874,95040,9889,0.8620791245791246,0.7980773015474496,0.8174873178774293,0.769036302962888,0.759339297515554,0.8459106062563819,0.6808575184548489,0.7698242409942279,0.05728528777479196,0.6985471844673157,0.20151038578915265,0.020746787352219548,0.046354562080204983,0.6518751978874207,24,kdB,0,19.5
student_kdB_s0,test_w45-48,ge5,far,1.1190012322971874,95040,82849,0.8620791245791246,0.7980773015474496,0.832159357153473,0.7448852732078842,0.7698628800538225,0.8297249285194034,0.7090127822906734,0.7545476530555183,0.05728528777479196,0.6985471844673157,0.20151038578915265,0.020746787352219548,0.046354562080204983,0.6518751978874207,24,kdB,0,19.5
student_kdB_s0,test_w49-51,all,all,1.1190012322971874,100000,100000,0.83312,0.7673536219862279,0.8176130840000001,0.78388,0.7419156011,0.81361014985,0.77414,0.7267083947999998,0.07337746298454705,0.9214110374450684,0.24474464753906652,0.02924664404388939,0.06077657153636217,0.8581554889678955,24,kdB,0,23.0
student_kdB_s0,test_w49-51,all,near,1.1190012322971874,100000,12082,0.83312,0.7673536219862279,0.8108237626220824,0.7802516139711968,0.736681570931965,0.8269149122661811,0.7283562324118523,0.7377605197814933,0.07337746298454705,0.9214110374450684,0.24474464753906652,0.02924664404388939,0.06077657153636217,0.8581554889678955,24,kdB,0,23.0
student_kdB_s0,test_w49-51,all,far,1.1190012322971874,100000,87918,0.83312,0.7673536219862279,0.8185460963625195,0.7843786255374326,0.7426348798880775,0.811781762722082,0.780431765963739,0.7251895730112149,0.07337746298454705,0.9214110374450684,0.24474464753906652,0.02924664404388939,0.06077657153636217,0.8581554889678955,24,kdB,0,23.0
student_kdB_s0,test_w49-51,ge5,all,1.1190012322971874,94427,93681,0.8441123831107629,0.7754583197369065,0.8243993897475508,0.7558950053906341,0.7535679547165609,0.8243620694433653,0.753503912212722,0.7432321070082214,0.06919173423383462,0.8669660091400146,0.23069184819743507,0.025635652092742763,0.057555991901844246,0.8068361282348633,24,kdB,0,23.0
student_kdB_s0,test_w49-51,ge5,near,1.1190012322971874,94427,11739,0.8441123831107629,0.7754583197369065,0.8188358863989675,0.7541528239202658,0.7496024553214787,0.840949251545871,0.6989522105801176,0.7570299007850989,0.06919173423383462,0.8669660091400146,0.23069184819743507,0.025635652092742763,0.057555991901844246,0.8068361282348633,24,kdB,0,23.0
student_kdB_s0,test_w49-51,ge5,far,1.1190012322971874,94427,81942,0.8441123831107629,0.7754583197369065,0.8251964164958486,0.7561445900759074,0.7541360516314384,0.8219857919458511,0.7613189817187767,0.7412554369105088,0.06919173423383462,0.8669660091400146,0.23069184819743507,0.025635652092742763,0.057555991901844246,0.8068361282348633,24,kdB,0,23.0
student_enddA_s0,val,all,all,0.9265236150994173,200000,37194,0.951505,0.9229687803853335,0.8994278653815131,0.5356777974942195,0.8783801235414315,0.8003161244421143,0.573936656449965,0.775490810480185,0.007702683408893636,0.1886785477399826,0.07074283481200636,0.0035060430625904735,0.00444990322776138,0.1869213730096817,24,enddA,0,1.0
student_enddA_s0,val,all,near,0.9265236150994173,200000,10090,0.951505,0.9229687803853335,0.8633510334489594,0.6236868186323092,0.8459377205153618,0.7619991865708622,0.6515361744301288,0.7400145703666998,0.007702683408893636,0.1886785477399826,0.07074283481200636,0.0035060430625904735,0.00444990322776138,0.1869213730096817,24,enddA,0,1.0
student_enddA_s0,val,all,far,0.9265236150994173,200000,27104,0.951505,0.9229687803853335,0.9128581795122492,0.5029146989374262,0.8904574496384298,0.8145803623081465,0.5450487012987013,0.7886975424291618,0.007702683408893636,0.1886785477399826,0.07074283481200636,0.0035060430625904735,0.00444990322776138,0.1869213730096817,24,enddA,0,1.0
student_enddA_s0,val,ge5,all,0.9265236150994173,191393,35514,0.9565292356564765,0.928424640601481,0.9054753341062649,0.5063636875598355,0.8867803080779875,0.8053620556068841,0.5724221433800755,0.782308885827768,0.008132287023210012,0.16711008548736572,0.06329729178309121,0.0029518417737292727,0.0035883828500966218,0.16486530005931854,24,enddA,0,1.0
student_enddA_s0,val,ge5,near,0.9265236150994173,191393,9767,0.9565292356564765,0.928424640601481,0.8676786159412393,0.6105252380464831,0.85239800282799,0.7637918122250581,0.6544486536295689,0.7434143851093571,0.008132287023210012,0.16711008548736572,0.06329729178309121,0.0029518417737292727,0.0035883828500966218,0.16486530005931854,24,enddA,0,1.0
student_enddA_s0,val,ge5,far,0.9265236150994173,191393,25747,0.9565292356564765,0.928424640601481,0.9198133364489767,0.4668505068551676,0.8998230693851971,0.8211315265009804,0.5413057831980425,0.7970633266758947,0.008132287023210012,0.16711008548736572,0.06329729178309121,0.0029518417737292727,0.0035883828500966218,0.16486530005931854,24,enddA,0,1.0
student_enddA_s0,test_w29-32,all,all,0.9265236150994173,100000,100000,0.93723,0.8940740619966019,0.87525333945,0.57243,0.8465275159,0.7551157306,0.65035,0.7250749273999999,0.006412848049104216,0.2518360912799835,0.09220788923476018,0.006088665944481548,0.006962572700679278,0.2525365650653839,24,enddA,0,3.5
student_enddA_s0,test_w29-32,all,near,0.9265236150994173,100000,16111,0.93723,0.8940740619966019,0.8779393845819627,0.5882937123704302,0.849602214635963,0.7294227977779157,0.7015703556576253,0.7017926913289056,0.006412848049104216,0.2518360912799835,0.09220788923476018,0.006088665944481548,0.006962572700679278,0.2525365650653839,24,enddA,0,3.5
student_enddA_s0,test_w29-32,all,far,0.9265236150994173,100000,83889,0.93723,0.8940740619966019,0.8747374807185687,0.56938335181013,0.845937015699317,0.7600500943508683,0.6405130589231007,0.7295463134618366,0.006412848049104216,0.2518360912799835,0.09220788923476018,0.006088665944481548,0.006962572700679278,0.2525365650653839,24,enddA,0,3.5
student_enddA_s0,test_w29-32,ge5,all,0.9265236150994173,95313,94723,0.9427780050989897,0.8995235460314797,0.8791910226530063,0.5556306282529059,0.8528535950099287,0.7585608049891733,0.6384932909641797,0.730164574421523,0.006176370698020434,0.22935965657234192,0.08424612517453943,0.005411521983780154,0.005605892778842517,0.22955076396465302,24,enddA,0,3.5
student_enddA_s0,test_w29-32,ge5,near,0.9265236150994173,95313,15529,0.9427780050989897,0.8995235460314797,0.882056369304733,0.5764054349925944,0.8563235187139713,0.7312997470061758,0.6942494687359134,0.7052220301036667,0.006176370698020434,0.22935965657234192,0.08424612517453943,0.005411521983780154,0.005605892778842517,0.22955076396465302,24,enddA,0,3.5
student_enddA_s0,test_w29-32,ge5,far,0.9265236150994173,95313,79194,0.9427780050989897,0.8995235460314797,0.8786291623080981,0.5515569361315251,0.8521731843070969,0.7639063737117783,0.6275601686996489,0.7350555102337308,0.006176370698020434,0.22935965657234192,0.08424612517453943,0.005411521983780154,0.005605892778842517,0.22955076396465302,24,enddA,0,3.5
student_enddA_s0,test_w33-36,all,all,0.9265236150994173,100000,100000,0.91332,0.8560723573082422,0.8570927080499999,0.63693,0.8157729856,0.7440649238000001,0.67477,0.6996749276,0.011336670079231233,0.3576127290725708,0.1289855331564213,0.011444359638231679,0.019925284546166634,0.36279696226119995,24,enddA,0,7.5
student_enddA_s0,test_w33-36,all,near,0.9265236150994173,100000,15732,0.91332,0.8560723573082422,0.8637529815026697,0.6313882532418001,0.8221162350622934,0.7147053461098398,0.738367658276125,0.6742017537503179,0.011336670079231233,0.3576127290725708,0.1289855331564213,0.011444359638231679,0.019925284546166634,0.36279696226119995,24,enddA,0,7.5
student_enddA_s0,test_w33-36,all,far,0.9265236150994173,100000,84268,0.91332,0.8560723573082422,0.8558493010395405,0.6379645891678929,0.8145887638249394,0.749546065825699,0.6628969478331039,0.7044305165661936,0.011336670079231233,0.3576127290725708,0.1289855331564213,0.011444359638231679,0.019925284546166634,0.36279696226119995,24,enddA,0,7.5
student_enddA_s0,test_w33-36,ge5,all,0.9265236150994173,95121,93782,0.9180412316943682,0.8605909298947626,0.8616402585442899,0.6063317054445416,0.8225207643122442,0.7464168084329342,0.6606918171930648,0.7036071668824034,0.009894942833385965,0.33367785811424255,0.12022076808087176,0.01036860840372913,0.01792828847971811,0.3383401036262512,24,enddA,0,7.5
student_enddA_s0,test_w33-36,ge5,near,0.9265236150994173,95121,15221,0.9180412316943682,0.8605909298947626,0.8695269047603207,0.6029827212403915,0.8302428098141488,0.7182400525916754,0.724919519085474,0.6790241165733754,0.009894942833385965,0.33367785811424255,0.12022076808087176,0.01036860840372913,0.01792828847971811,0.3383401036262512,24,enddA,0,7.5
student_enddA_s0,test_w33-36,ge5,far,0.9265236150994173,95121,78561,0.9180412316943682,0.8605909298947626,0.8601122402902683,0.6069805628747088,0.8210246370406401,0.7518759853866364,0.6482478583521085,0.7083700722521634,0.009894942833385965,0.33367785811424255,0.12022076808087176,0.01036860840372913,0.01792828847971811,0.3383401036262512,24,enddA,0,7.5
student_enddA_s0,test_w37-40,all,all,0.9265236150994173,100000,100000,0.8994,0.8423594213480363,0.8531098324999999,0.67153,0.8037525188999999,0.7609633294999999,0.68247,0.7073908492,0.017823111279085244,0.43001025915145874,0.15159270761622784,0.01486108550774041,0.02323589929029347,0.437308132648468,24,enddA,0,11.5
student_enddA_s0,test_w37-40,all,near,0.9265236150994173,100000,12184,0.8994,0.8423594213480363,0.8456589650361129,0.6661195009848982,0.7971829456664479,0.7213247472094549,0.7488509520682862,0.673096719468155,0.017823111279085244,0.43001025915145874,0.15159270761622784,0.01486108550774041,0.02323589929029347,0.437308132648468,24,enddA,0,11.5
student_enddA_s0,test_w37-40,all,far,0.9265236150994173,100000,87816,0.8994,0.8423594213480363,0.8541436004828277,0.6722806777808145,0.8046640120251435,0.7664629706431629,0.6732599981780085,0.7121489761546871,0.017823111279085244,0.43001025915145874,0.15159270761622784,0.01486108550774041,0.02323589929029347,0.437308132648468,24,enddA,0,11.5
student_enddA_s0,test_w37-40,ge5,all,0.9265236150994173,95295,92226,0.9041607639435437,0.8469873724592617,0.857502246694894,0.6324138529265066,0.8104999569861295,0.7632651249303498,0.6850671177325266,0.711563894522018,0.01514489932104089,0.4012230634689331,0.1423329790961302,0.013523777644660246,0.021203708024457545,0.4076114892959595,24,enddA,0,11.5
student_enddA_s0,test_w37-40,ge5,near,0.9265236150994173,95295,11717,0.9041607639435437,0.8469873724592617,0.8506367189565999,0.6369377827088846,0.8046728856413645,0.7239662494882828,0.7478876845608944,0.6772845409727294,0.01514489932104089,0.4012230634689331,0.1423329790961302,0.013523777644660246,0.021203708024457545,0.4076114892959595,24,enddA,0,11.5
student_enddA_s0,test_w37-40,ge5,far,0.9265236150994173,95295,80509,0.9041607639435437,0.8469873724592617,0.8585014317364371,0.6317554559117614,0.811348008693971,0.7689845466540663,0.6759244308089779,0.7165527924779858,0.01514489932104089,0.4012230634689331,0.1423329790961302,0.013523777644660246,0.021203708024457545,0.4076114892959595,24,enddA,0,11.5
student_enddA_s0,test_w41-44,all,all,0.9265236150994173,100000,100000,0.89104,0.8322235993860304,0.8427900212,0.69477,0.7905588813999999,0.74585469205,0.72243,0.6921178277000001,0.019594049960002344,0.4790322780609131,0.1631703767034732,0.01760035824123695,0.026265376529246605,0.4895811080932617,24,enddA,0,15.5
student_enddA_s0,test_w41-44,all,near,0.9265236150994173,100000,11009,0.89104,0.8322235993860304,0.8236681669543102,0.6947951675901535,0.7738093568898174,0.6943120928331366,0.7746389317830865,0.6466937814515397,0.019594049960002344,0.4790322780609131,0.1631703767034732,0.01760035824123695,0.026265376529246605,0.4895811080932617,24,enddA,0,15.5
student_enddA_s0,test_w41-44,all,far,0.9265236150994173,100000,88991,0.89104,0.8322235993860304,0.8451555693272355,0.6947668865390882,0.7926309506579317,0.7522309826274567,0.715971277994404,0.6977371973570361,0.019594049960002344,0.4790322780609131,0.1631703767034732,0.01760035824123695,0.026265376529246605,0.4895811080932617,24,enddA,0,15.5
student_enddA_s0,test_w41-44,ge5,all,0.9265236150994173,95403,93678,0.8970682263660472,0.8377634692376726,0.8478630409295533,0.6651828604368155,0.798538467037075,0.7523075151216955,0.7115758235658319,0.7002174465617964,0.017600078019561195,0.4454689919948578,0.15279282265457259,0.01605151843266647,0.024973587024954474,0.4547313153743744,24,enddA,0,15.5
student_enddA_s0,test_w41-44,ge5,near,0.9265236150994173,95403,10688,0.8970682263660472,0.8377634692376726,0.8284199226778353,0.6763660179640718,0.7816793920335173,0.6979989910708755,0.7681511976047904,0.6520978033477399,0.017600078019561195,0.4454689919948578,0.15279282265457259,0.01605151843266647,0.024973587024954474,0.4547313153743744,24,enddA,0,15.5
student_enddA_s0,test_w41-44,ge5,far,0.9265236150994173,95403,82990,0.8970682263660472,0.8377634692376726,0.8503670540380527,0.663742619592722,0.8007096899993357,0.7593017253284091,0.7042896734546331,0.7064146118428163,0.017600078019561195,0.4454689919948578,0.15279282265457259,0.01605151843266647,0.024973587024954474,0.4547313153743744,24,enddA,0,15.5
student_enddA_s0,test_w45-48,all,all,0.9265236150994173,100000,100000,0.86239,0.7966011589459825,0.81846992105,0.77929,0.7550798176999999,0.72614996975,0.8101,0.6607224159,0.029348888540566,0.6369806528091431,0.20493239826566736,0.02496483554768846,0.037534056592658176,0.6549078822135925,24,enddA,0,19.5
student_enddA_s0,test_w45-48,all,near,0.9265236150994173,100000,10212,0.86239,0.7966011589459825,0.7946957491186839,0.7561692126909518,0.7334608754406581,0.6646809322365844,0.8326478652565609,0.607400740305523,0.029348888540566,0.6369806528091431,0.20493239826566736,0.02496483554768846,0.037534056592658176,0.6549078822135925,24,enddA,0,19.5
student_enddA_s0,test_w45-48,all,far,0.9265236150994173,100000,89788,0.86239,0.7966011589459825,0.8211738663852631,0.7819196329130842,0.757538638904976,0.7331411245934869,0.8075355281329354,0.666786934000089,0.029348888540566,0.6369806528091431,0.20493239826566736,0.02496483554768846,0.037534056592658176,0.6549078822135925,24,enddA,0,19.5
student_enddA_s0,test_w45-48,ge5,all,0.9265236150994173,95040,92738,0.8710648148148148,0.804917180293703,0.822462011339211,0.7625568806745886,0.7643919032732815,0.7304656326795309,0.8048804157950354,0.6692940524382329,0.023778638458475256,0.5803062915802002,0.18956332137690363,0.021407539720416247,0.03213883524310624,0.594693660736084,24,enddA,0,19.5
student_enddA_s0,test_w45-48,ge5,near,0.9265236150994173,95040,9889,0.8710648148148148,0.804917180293703,0.797413539339701,0.7481039538881585,0.7419795015071332,0.6668712018429823,0.8296086560825159,0.6137078909651339,0.023778638458475256,0.5803062915802002,0.18956332137690363,0.021407539720416247,0.03213883524310624,0.594693660736084,24,enddA,0,19.5
student_enddA_s0,test_w45-48,ge5,far,0.9265236150994173,95040,82849,0.8710648148148148,0.804917180293703,0.8254518403003712,0.7642820070248283,0.7670670863299924,0.7380563739865187,0.8019288102451447,0.6759289128566746,0.023778638458475256,0.5803062915802002,0.18956332137690363,0.021407539720416247,0.03213883524310624,0.594693660736084,24,enddA,0,19.5
student_enddA_s0,test_w49-51,all,all,0.9265236150994173,100000,100000,0.83839,0.7694041145701088,0.8095084032,0.80267,0.7361778079999999,0.7245497345999999,0.82218,0.6460537365,0.03859070706546304,0.7609452605247498,0.2360914630410761,0.03126700175849605,0.05061453412368895,0.7856883406639099,24,enddA,0,23.0
student_enddA_s0,test_w49-51,all,near,0.9265236150994173,100000,12082,0.83839,0.7694041145701088,0.7935237444131766,0.7600562820725045,0.720043261049495,0.6873863135242508,0.8267670915411356,0.6145175740771396,0.03859070706546304,0.7609452605247498,0.2360914630410761,0.03126700175849605,0.05061453412368895,0.7856883406639099,24,enddA,0,23.0
student_enddA_s0,test_w49-51,all,far,0.9265236150994173,100000,87918,0.83839,0.7694041145701088,0.8117050710889693,0.808526126617985,0.7383950740462704,0.7296568623035101,0.8215496257876658,0.6503875465774926,0.03859070706546304,0.7609452605247498,0.2360914630410761,0.03126700175849605,0.05061453412368895,0.7856883406639099,24,enddA,0,23.0
student_enddA_s0,test_w49-51,ge5,all,0.9265236150994173,94427,93681,0.8465481271246571,0.7765168990993253,0.81378006436289,0.7992976163789882,0.7460021328130599,0.7293873968077286,0.8217888365837256,0.6553164300835992,0.03350770695852758,0.698368489742279,0.21997469206726844,0.026969548221683275,0.0460531939808668,0.7190220952033997,24,enddA,0,23.0
student_enddA_s0,test_w49-51,ge5,near,0.9265236150994173,94427,11739,0.8465481271246571,0.7765168990993253,0.7966223352812132,0.7630121816168328,0.729275932143362,0.6903225488026199,0.8266462219950592,0.6219553361083388,0.03350770695852758,0.698368489742279,0.21997469206726844,0.026969548221683275,0.0460531939808668,0.7190220952033997,24,enddA,0,23.0
student_enddA_s0,test_w49-51,ge5,far,0.9265236150994173,94427,81942,0.8465481271246571,0.7765168990993253,0.8162380783446062,0.8044958629274365,0.748398326091984,0.7349838217269636,0.8210929681970174,0.660095735960629,0.03350770695852758,0.698368489742279,0.21997469206726844,0.026969548221683275,0.0460531939808668,0.7190220952033997,24,enddA,0,23.0
student_kdA4_s0,val,all,all,1.6122890684829325,200000,37194,0.94308,0.9052428516844034,0.8870728580550626,0.6504274883045652,0.8653169038016885,0.8696905337554444,0.5533957089853202,0.841762408318546,0.026059340959191324,0.23328492045402527,0.08716372955279608,0.004198307013482369,0.004266872962787741,0.19584865868091583,24,kdA4,0,1.0
student_kdA4_s0,val,all,near,1.6122890684829325,200000,10090,0.94308,0.9052428516844034,0.8771795817641228,0.6973240832507434,0.8575791689791874,0.8020378746283449,0.7361744301288404,0.7813495312190287,0.026059340959191324,0.23328492045402527,0.08716372955279608,0.004198307013482369,0.004266872962787741,0.19584865868091583,24,kdA4,0,1.0
student_kdA4_s0,val,all,far,1.6122890684829325,200000,27104,0.94308,0.9052428516844034,0.8907558258006198,0.6329693034238488,0.8681974286083236,0.8948755739927687,0.48535271546635184,0.8642522965244982,0.026059340959191324,0.23328492045402527,0.08716372955279608,0.004198307013482369,0.004266872962787741,0.19584865868091583,24,kdA4,0,1.0
student_kdA4_s0,val,ge5,all,1.6122890684829325,191393,35514,0.949230118133892,0.9119383078889653,0.8962443337795774,0.6263163822717801,0.8767565799815373,0.8789283798182119,0.5061102663738244,0.8529621827641803,0.02360120370756657,0.2055327445268631,0.0776512941331761,0.0034271080644221854,0.0036824144742647388,0.17106415331363678,24,kdA4,0,1.0
student_kdA4_s0,val,ge5,near,1.6122890684829325,191393,9767,0.949230118133892,0.9119383078889653,0.8854345472468607,0.673389986689874,0.8680756284236931,0.8132372038691648,0.6951981161052524,0.793930597145997,0.02360120370756657,0.2055327445268631,0.0776512941331761,0.0034271080644221854,0.0036824144742647388,0.17106415331363678,24,kdA4,0,1.0
student_kdA4_s0,val,ge5,far,1.6122890684829325,191393,25747,0.949230118133892,0.9119383078889653,0.9003449740508727,0.6084592379694722,0.880049656994994,0.9038480098913989,0.4343807045481027,0.875355529434969,0.02360120370756657,0.2055327445268631,0.0776512941331761,0.0034271080644221854,0.0036824144742647388,0.17106415331363678,24,kdA4,0,1.0
student_kdA4_s0,test_w29-32,all,all,1.6122890684829325,100000,100000,0.92649,0.8710487567708163,0.8598988599499999,0.70222,0.830592033,0.8367102412,0.55091,0.7988713373,0.03717273553512988,0.32324811816215515,0.11308187005927114,0.00710157288181347,0.010158880790956294,0.2595663368701935,24,kdA4,0,3.5
student_kdA4_s0,test_w29-32,all,near,1.6122890684829325,100000,16111,0.92649,0.8710487567708163,0.857402505431072,0.7156601080007449,0.8295358016262182,0.8378596635838869,0.58798336540252,0.8010707721432562,0.03717273553512988,0.32324811816215515,0.11308187005927114,0.00710157288181347,0.010158880790956294,0.2595663368701935,24,kdA4,0,3.5
student_kdA4_s0,test_w29-32,all,far,1.6122890684829325,100000,83889,0.92649,0.8710487567708163,0.860378288333393,0.6996388084254193,0.8307948837153858,0.8364894930205391,0.5437900082251547,0.7984489327563804,0.03717273553512988,0.32324811816215515,0.11308187005927114,0.00710157288181347,0.010158880790956294,0.2595663368701935,24,kdA4,0,3.5
student_kdA4_s0,test_w29-32,ge5,all,1.6122890684829325,95313,94723,0.9331675637111412,0.8770611603776587,0.866070566908077,0.6804999841643529,0.8394190275229891,0.8420237446641479,0.5123359690888168,0.8069591586530105,0.034479024623091145,0.2945636212825775,0.10296024243770216,0.006086182206327249,0.009895047380893817,0.233931764960289,24,kdA4,0,3.5
student_kdA4_s0,test_w29-32,ge5,near,1.6122890684829325,95313,15529,0.9331675637111412,0.8770611603776587,0.8650257357571205,0.7037156288234915,0.8397599905807897,0.8451171489157296,0.5536737716530362,0.8111320795862418,0.034479024623091145,0.2945636212825775,0.10296024243770216,0.006086182206327249,0.009895047380893817,0.233931764960289,24,kdA4,0,3.5
student_kdA4_s0,test_w29-32,ge5,far,1.6122890684829325,95313,79194,0.9331675637111412,0.8770611603776587,0.8662754458502091,0.6759476728034952,0.839352168729083,0.8414171649406484,0.5042301184433164,0.8061408985680023,0.034479024623091145,0.2945636212825775,0.10296024243770216,0.006086182206327249,0.009895047380893817,0.233931764960289,24,kdA4,0,3.5
student_kdA4_s0,test_w33-36,all,all,1.6122890684829325,100000,100000,0.90141,0.8402097198519645,0.8429294199499999,0.74024,0.7994178339000001,0.8220181353,0.5938,0.7693991827,0.0556669351577759,0.48450490832328796,0.15667515164508578,0.012643603003202436,0.02725728630952541,0.3697068393230438,24,kdA4,0,7.5
student_kdA4_s0,test_w33-36,all,near,1.6122890684829325,100000,15732,0.90141,0.8402097198519645,0.8398313094330028,0.7510170353419782,0.7983129621154336,0.8212346971141622,0.603674040172896,0.769879305237732,0.0556669351577759,0.48450490832328796,0.15667515164508578,0.012643603003202436,0.02725728630952541,0.3697068393230438,24,kdA4,0,7.5
student_kdA4_s0,test_w33-36,all,far,1.6122890684829325,100000,84268,0.90141,0.8402097198519645,0.8435078064627142,0.7382280343665448,0.7996241025062893,0.8221643954407367,0.5919566146105283,0.7693095485830921,0.0556669351577759,0.48450490832328796,0.15667515164508578,0.012643603003202436,0.02725728630952541,0.3697068393230438,24,kdA4,0,7.5
student_kdA4_s0,test_w33-36,ge5,all,1.6122890684829325,95121,93782,0.9106506449679881,0.8476605884896082,0.8480490234625069,0.7302574054722655,0.8094077945945285,0.8261413023128404,0.5847070866477576,0.7778484607296831,0.05020695569497158,0.44149336218833923,0.14108528459575578,0.010720393793829483,0.024628102533753672,0.33558908104896545,24,kdA4,0,7.5
student_kdA4_s0,test_w33-36,ge5,near,1.6122890684829325,95121,15221,0.9106506449679881,0.8476605884896082,0.847381059450542,0.7435779515143551,0.8104142813709686,0.8291222186908158,0.5936535050259509,0.7817650153139745,0.05020695569497158,0.44149336218833923,0.14108528459575578,0.010720393793829483,0.024628102533753672,0.33558908104896545,24,kdA4,0,7.5
student_kdA4_s0,test_w33-36,ge5,far,1.6122890684829325,95121,78561,0.9106506449679881,0.8476605884896082,0.8481784398424679,0.7276765825282264,0.8092127902638278,0.8255637571162523,0.5829737401509655,0.7770896379381262,0.05020695569497158,0.44149336218833923,0.14108528459575578,0.010720393793829483,0.024628102533753672,0.33558908104896545,24,kdA4,0,7.5
student_kdA4_s0,test_w37-40,all,all,1.6122890684829325,100000,100000,0.88544,0.8250972827714296,0.8425383754,0.73138,0.7883790435,0.83345527615,0.61384,0.769658263,0.06641857632011172,0.6027429699897766,0.18415307907927989,0.016778871395078495,0.03779528634764253,0.4515887200832367,24,kdA4,0,11.5
student_kdA4_s0,test_w37-40,all,near,1.6122890684829325,100000,12184,0.88544,0.8250972827714296,0.8292875590938935,0.7338312541037426,0.7785445444845699,0.8142867851280368,0.6289395929087328,0.7540735431713723,0.06641857632011172,0.6027429699897766,0.18415307907927989,0.016778871395078495,0.03779528634764253,0.4515887200832367,24,kdA4,0,11.5
student_kdA4_s0,test_w37-40,all,far,1.6122890684829325,100000,87816,0.88544,0.8250972827714296,0.8443768552427804,0.7310399016124625,0.7897435276031702,0.8361148016876194,0.6117450122984422,0.7718205594652456,0.06641857632011172,0.6027429699897766,0.18415307907927989,0.016778871395078495,0.03779528634764253,0.4515887200832367,24,kdA4,0,11.5
student_kdA4_s0,test_w37-40,ge5,all,1.6122890684829325,95295,92226,0.8961750354163387,0.8324380966287276,0.8454206438567277,0.7383384295101164,0.7977428243471834,0.8369998032365891,0.5812026977208162,0.7783594779804317,0.05993098095485498,0.5529360771179199,0.16603519960951094,0.014336706384283221,0.033914659244890746,0.41329824924468994,24,kdA4,0,11.5
student_kdA4_s0,test_w37-40,ge5,near,1.6122890684829325,95295,11717,0.8961750354163387,0.8324380966287276,0.8350375089946657,0.7395237688828198,0.7901376867920548,0.820691402825192,0.6139796876333532,0.7654097624011122,0.05993098095485498,0.5529360771179199,0.16603519960951094,0.014336706384283221,0.033914659244890746,0.41329824924468994,24,kdA4,0,11.5
student_kdA4_s0,test_w37-40,ge5,far,1.6122890684829325,95295,80509,0.8961750354163387,0.8324380966287276,0.8469317692113932,0.7381659193382106,0.7988496496304865,0.8393732711422932,0.5764324485461253,0.7802441345709109,0.05993098095485498,0.5529360771179199,0.16603519960951094,0.014336706384283221,0.033914659244890746,0.41329824924468994,24,kdA4,0,11.5
student_kdA4_s0,test_w41-44,all,all,1.6122890684829325,100000,100000,0.87786,0.8156810594334427,0.8339252698499999,0.75456,0.7768762779,0.8196782809000001,0.66122,0.7542678446,0.07281459824681286,0.6730438470840454,0.196045826258781,0.0186971464564386,0.03949447604224088,0.49684378504753113,24,kdA4,0,15.5
student_kdA4_s0,test_w41-44,all,near,1.6122890684829325,100000,11009,0.87786,0.8156810594334427,0.8110285116722681,0.7579253338177855,0.7591118076119538,0.7920550158960851,0.6635480061767645,0.731408901807612,0.07281459824681286,0.6730438470840454,0.196045826258781,0.0186971464564386,0.03949447604224088,0.49684378504753113,24,kdA4,0,15.5
student_kdA4_s0,test_w41-44,all,far,1.6122890684829325,100000,88991,0.87786,0.8156810594334427,0.8367578080929532,0.7541436774505287,0.7790739052263712,0.8230955312334955,0.6609320043599914,0.7570957047341865,0.07281459824681286,0.6730438470840454,0.196045826258781,0.0186971464564386,0.03949447604224088,0.49684378504753113,24,kdA4,0,15.5
student_kdA4_s0,test_w41-44,ge5,all,1.6122890684829325,95403,93678,0.8886722639749274,0.8241851449744607,0.8386728307320106,0.7418283908708555,0.7871265173231049,0.8253955229699818,0.6182241294647622,0.76425634235611,0.06606208149519793,0.6256559491157532,0.1786730733260244,0.016238576729428123,0.03664680950495665,0.45948395133018494,24,kdA4,0,15.5
student_kdA4_s0,test_w41-44,ge5,near,1.6122890684829325,95403,10688,0.8886722639749274,0.8241851449744607,0.818555260101005,0.7464446107784432,0.7714973842682862,0.8001121741415442,0.6450224550898204,0.7435865303997835,0.06606208149519793,0.6256559491157532,0.1786730733260244,0.016238576729428123,0.03664680950495665,0.45948395133018494,24,kdA4,0,15.5
student_kdA4_s0,test_w41-44,ge5,far,1.6122890684829325,95403,82990,0.8886722639749274,0.8241851449744607,0.8412637042698368,0.7412338836004337,0.7891393402426121,0.8286516795223174,0.614772864200506,0.7669183371770426,0.06606208149519793,0.6256559491157532,0.1786730733260244,0.016238576729428123,0.03664680950495665,0.45948395133018494,24,kdA4,0,15.5
student_kdA4_s0,test_w45-48,all,all,1.6122890684829325,100000,100000,0.84775,0.7768545633268076,0.8130311915499999,0.79431,0.7447419844000002,0.8003133716999999,0.74806,0.7235343466,0.09322687893912199,0.9457013010978699,0.24238607683300645,0.0262222928442031,0.05174700561054048,0.6817675232887268,24,kdA4,0,19.5
student_kdA4_s0,test_w45-48,all,near,1.6122890684829325,100000,10212,0.84775,0.7768545633268076,0.7851946577555816,0.7793772032902467,0.7222667636114375,0.7637756683313748,0.7230708969839404,0.692005751077164,0.09322687893912199,0.9457013010978699,0.24238607683300645,0.0262222928442031,0.05174700561054048,0.6817675232887268,24,kdA4,0,19.5
student_kdA4_s0,test_w45-48,all,far,1.6122890684829325,100000,89788,0.84775,0.7768545633268076,0.8161971678843498,0.7960083752840024,0.7472981940793869,0.8044689718559273,0.7509021250055686,0.7271202380050786,0.09322687893912199,0.9457013010978699,0.24238607683300645,0.0262222928442031,0.05174700561054048,0.6817675232887268,24,kdA4,0,19.5
student_kdA4_s0,test_w45-48,ge5,all,1.6122890684829325,95040,92738,0.8600378787878787,0.7867927568936987,0.8152155463015426,0.7919407362677651,0.7545372491357754,0.8037438277951033,0.732472125773685,0.733420265111124,0.08360989872814603,0.8428964018821716,0.2213520724824608,0.02244952312171719,0.04584848100252083,0.6118216514587402,24,kdA4,0,19.5
student_kdA4_s0,test_w45-48,ge5,near,1.6122890684829325,95040,9889,0.8600378787878787,0.7867927568936987,0.790062322248337,0.7796541611892002,0.7341573590167356,0.770116826870859,0.7068459904944888,0.704796442319511,0.08360989872814603,0.8428964018821716,0.2213520724824608,0.02244952312171719,0.04584848100252083,0.6118216514587402,24,kdA4,0,19.5
student_kdA4_s0,test_w45-48,ge5,far,1.6122890684829325,95040,82849,0.8600378787878787,0.7867927568936987,0.8182178786490923,0.7934072831295489,0.756969828085276,0.8077576048128084,0.7355309056234837,0.7368368541295343,0.08360989872814603,0.8428964018821716,0.2213520724824608,0.02244952312171719,0.04584848100252083,0.6118216514587402,24,kdA4,0,19.5
student_kdA4_s0,test_w49-51,all,all,1.6122890684829325,100000,100000,0.82511,0.7514093510105799,0.8053208812,0.81139,0.7274139933,0.7893029648,0.80585,0.7046895720999999,0.11019610793486237,1.145358920097351,0.2776939405007118,0.03200119428657553,0.06373740387268362,0.8152430653572083,24,kdA4,0,23.0
student_kdA4_s0,test_w49-51,all,near,1.6122890684829325,100000,12082,0.82511,0.7514093510105799,0.7850041818407548,0.7911769574573746,0.7108058251945042,0.763991670667108,0.7656017215692766,0.6819265295480881,0.11019610793486237,1.145358920097351,0.2776939405007118,0.03200119428657553,0.06373740387268362,0.8152430653572083,24,kdA4,0,23.0
student_kdA4_s0,test_w49-51,all,far,1.6122890684829325,100000,87918,0.82511,0.7514093510105799,0.8081128733023955,0.8141677472189995,0.7296963460269796,0.7927813316385723,0.8113810596237403,0.7078177492663618,0.11019610793486237,1.145358920097351,0.2776939405007118,0.03200119428657553,0.06373740387268362,0.8152430653572083,24,kdA4,0,23.0
student_kdA4_s0,test_w49-51,ge5,all,1.6122890684829325,94427,93681,0.8382030563292279,0.7607706989413785,0.807179095982773,0.8164942731183484,0.7384520072414833,0.7943965074454372,0.791740054013087,0.7169297025583072,0.09881697117803223,1.0261834859848022,0.2539594546477838,0.027388304288446793,0.05549297955580351,0.7357315421104431,24,kdA4,0,23.0
student_kdA4_s0,test_w49-51,ge5,near,1.6122890684829325,94427,11739,0.8382030563292279,0.7607706989413785,0.7896666783773127,0.7952125393985859,0.7239096280467233,0.7711913421206265,0.7607121560609933,0.6963372127597673,0.09881697117803223,1.0261834859848022,0.2539594546477838,0.027388304288446793,0.05549297955580351,0.7357315421104431,24,kdA4,0,23.0
student_kdA4_s0,test_w49-51,ge5,far,1.6122890684829325,94427,81942,0.8382030563292279,0.7607706989413785,0.8096879225951393,0.8195430914549315,0.7405353465469346,0.7977208763374333,0.7961851065387713,0.7198797799025881,0.09881697117803223,1.0261834859848022,0.2539594546477838,0.027388304288446793,0.05549297955580351,0.7357315421104431,24,kdA4,0,23.0
student_kdB4_s0,val,all,all,1.7893812238539897,200000,37194,0.941455,0.9043336676863277,0.8817630001478733,0.6826907565736409,0.8613224866914018,0.8621779436199386,0.5655213206431144,0.8350744478948218,0.031258962378054825,0.26364657282829285,0.09040837393201964,0.004250285029027535,0.0037962921250984287,0.20413215458393097,24,kdB4,0,1.0
student_kdB4_s0,val,all,near,1.7893812238539897,200000,10090,0.941455,0.9043336676863277,0.8751019055996035,0.7012884043607532,0.8558643805748266,0.8026402874132805,0.7424182358771061,0.7827642234886026,0.031258962378054825,0.26364657282829285,0.09040837393201964,0.004250285029027535,0.0037962921250984287,0.20413215458393097,24,kdB4,0,1.0
student_kdB4_s0,val,all,far,1.7893812238539897,200000,27104,0.941455,0.9043336676863277,0.8842427243211335,0.6757674144037781,0.8633543746310507,0.8843420135404368,0.49966794569067297,0.8545479634002362,0.031258962378054825,0.26364657282829285,0.09040837393201964,0.004250285029027535,0.0037962921250984287,0.20413215458393097,24,kdB4,0,1.0
student_kdB4_s0,val,ge5,all,1.7893812238539897,191393,35514,0.9475686153621083,0.9107182485469859,0.8918001380606612,0.6559385031255279,0.8736108153944331,0.8726159218874505,0.5189221152221659,0.8472919268887735,0.02839677185596406,0.23522023856639862,0.08103697990634333,0.003483600633092918,0.004496877949182283,0.1799011528491974,24,kdB4,0,1.0
student_kdB4_s0,val,ge5,near,1.7893812238539897,191393,9767,0.9475686153621083,0.9107182485469859,0.8833809043124052,0.6734923722739838,0.8665511711471969,0.8142643635581954,0.7115798095628135,0.7957846576546272,0.02839677185596406,0.23522023856639862,0.08103697990634333,0.003483600633092918,0.004496877949182283,0.1799011528491974,24,kdB4,0,1.0
student_kdB4_s0,val,ge5,far,1.7893812238539897,191393,25747,0.9475686153621083,0.9107182485469859,0.8949939336880823,0.6492795277119664,0.8762888573163174,0.8947513034931456,0.44583835009904066,0.8668309605086092,0.02839677185596406,0.23522023856639862,0.08103697990634333,0.003483600633092918,0.004496877949182283,0.1799011528491974,24,kdB4,0,1.0
student_kdB4_s0,test_w29-32,all,all,1.7893812238539897,100000,100000,0.92154,0.8621167499329094,0.85966108885,0.70773,0.8298425536,0.83716650825,0.54259,0.7979117017999998,0.04659277998045086,0.3885725438594818,0.12252268080175185,0.007628387800708608,0.013989853123053897,0.2825867533683777,24,kdB4,0,3.5
student_kdB4_s0,test_w29-32,all,near,1.7893812238539897,100000,16111,0.92154,0.8621167499329094,0.8422043312022841,0.7320464279063994,0.815251479734343,0.8146245769970828,0.600583452299671,0.778652186084042,0.04659277998045086,0.3885725438594818,0.12252268080175185,0.007628387800708608,0.013989853123053897,0.2825867533683777,24,kdB4,0,3.5
student_kdB4_s0,test_w29-32,all,far,1.7893812238539897,100000,83889,0.92154,0.8621167499329094,0.8630136836176376,0.7030599959470253,0.8326447897817354,0.8414957177341487,0.5314522762221507,0.8016105187807698,0.04659277998045086,0.3885725438594818,0.12252268080175185,0.007628387800708608,0.013989853123053897,0.2825867533683777,24,kdB4,0,3.5
student_kdB4_s0,test_w29-32,ge5,all,1.7893812238539897,95313,94723,0.9283413595207369,0.8682991554568994,0.8666156902810196,0.6838888126431807,0.8393749142867126,0.8433961156311538,0.5060650528382759,0.806581679234924,0.04335312703546099,0.3620593249797821,0.11279832061925266,0.00658113859743656,0.014802327944692016,0.25883781909942627,24,kdB4,0,3.5
student_kdB4_s0,test_w29-32,ge5,near,1.7893812238539897,95313,15529,0.9283413595207369,0.8682991554568994,0.8500060907743557,0.714920471376135,0.8255496807057792,0.8222460275478879,0.5718333440659411,0.7886694351031751,0.04335312703546099,0.3620593249797821,0.11279832061925266,0.00658113859743656,0.014802327944692016,0.25883781909942627,24,kdB4,0,3.5
student_kdB4_s0,test_w29-32,ge5,far,1.7893812238539897,95313,79194,0.9283413595207369,0.8682991554568994,0.8698726348821129,0.677803874030861,0.8420858778985812,0.847543395953464,0.49316867439452483,0.810094056929218,0.04335312703546099,0.3620593249797821,0.11279832061925266,0.00658113859743656,0.014802327944692016,0.25883781909942627,24,kdB4,0,3.5
student_kdB4_s0,test_w33-36,all,all,1.7893812238539897,100000,100000,0.89427,0.8276726438037415,0.84451489855,0.72058,0.7992133554999998,0.8214331947,0.60583,0.7670020864,0.0687445301131904,0.5891566276550293,0.17169647321387718,0.01368386934210393,0.030026624850183703,0.4059965908527374,24,kdB4,0,7.5
student_kdB4_s0,test_w33-36,all,near,1.7893812238539897,100000,15732,0.89427,0.8276726438037415,0.8241650479913551,0.7462496821764556,0.7829783511314519,0.7973102552123061,0.6458174421561149,0.7471227809560131,0.0687445301131904,0.5891566276550293,0.17169647321387718,0.01368386934210393,0.030026624850183703,0.4059965908527374,24,kdB4,0,7.5
student_kdB4_s0,test_w33-36,all,far,1.7893812238539897,100000,84268,0.89427,0.8276726438037415,0.8483140138605403,0.7157877248777709,0.8022442698295913,0.8259367082997104,0.5983647410642237,0.7707133556035507,0.0687445301131904,0.5891566276550293,0.17169647321387718,0.01368386934210393,0.030026624850183703,0.4059965908527374,24,kdB4,0,7.5
student_kdB4_s0,test_w33-36,ge5,all,1.7893812238539897,95121,93782,0.902576718074873,0.8341486259482161,0.8511049390993859,0.710520142458041,0.8096619282221976,0.826689360950257,0.5638395427694014,0.7756583178466433,0.06389359921842644,0.5425453186035156,0.15810170091537193,0.01193803979142068,0.029628990079266743,0.37073084712028503,24,kdB4,0,7.5
student_kdB4_s0,test_w33-36,ge5,near,1.7893812238539897,95121,15221,0.902576718074873,0.8341486259482161,0.8324681439341924,0.7395703304644898,0.7948312509359092,0.8060207794519563,0.6108008672229157,0.7587501662937839,0.06389359921842644,0.5425453186035156,0.15810170091537193,0.01193803979142068,0.029628990079266743,0.37073084712028503,24,kdB4,0,7.5
student_kdB4_s0,test_w33-36,ge5,far,1.7893812238539897,95121,78561,0.902576718074873,0.8341486259482161,0.854715772199899,0.7048917401764234,0.8125353353704595,0.8306938476419442,0.5547409019742621,0.7789342305105105,0.06389359921842644,0.5425453186035156,0.15810170091537193,0.01193803979142068,0.029628990079266743,0.37073084712028503,24,kdB4,0,7.5
student_kdB4_s0,test_w37-40,all,all,1.7893812238539897,100000,100000,0.87435,0.8099068141174816,0.8435766974000001,0.72313,0.7848846582,0.8317277531,0.59438,0.7630721312,0.08414475039288401,0.7309947609901428,0.20496268717709193,0.017933056690455848,0.04149568357624118,0.49414879083633423,24,kdB4,0,11.5
student_kdB4_s0,test_w37-40,all,near,1.7893812238539897,100000,12184,0.87435,0.8099068141174816,0.8128007095370978,0.7709290873276428,0.7617172373604726,0.794216246717006,0.6593893630991464,0.733403368351937,0.08414475039288401,0.7309947609901428,0.20496268717709193,0.017933056690455848,0.04149568357624118,0.49414879083633423,24,kdB4,0,11.5
student_kdB4_s0,test_w37-40,all,far,1.7893812238539897,100000,87816,0.87435,0.8099068141174816,0.8478467009998177,0.7164981324587775,0.788099013847135,0.836932273845313,0.5853602988065956,0.7671885132549877,0.08414475039288401,0.7309947609901428,0.20496268717709193,0.017933056690455848,0.04149568357624118,0.49414879083633423,24,kdB4,0,11.5
student_kdB4_s0,test_w37-40,ge5,all,1.7893812238539897,95295,92226,0.8838134214806653,0.8161948274248675,0.8485348033630642,0.7100709127577907,0.79473055845164,0.8357577469054849,0.5669225597987553,0.7713171722586536,0.07823312807617284,0.6741371154785156,0.18945723937898545,0.015762723615568797,0.0401192188134717,0.452842652797699,24,kdB4,0,11.5
student_kdB4_s0,test_w37-40,ge5,near,1.7893812238539897,95295,11717,0.8838134214806653,0.8161948274248675,0.8197332514791943,0.7637620551335667,0.7729319308311389,0.8013648995872871,0.6346334385934966,0.7442356282929177,0.07823312807617284,0.6741371154785156,0.18945723937898545,0.015762723615568797,0.0401192188134717,0.452842652797699,24,kdB4,0,11.5
student_kdB4_s0,test_w37-40,ge5,far,1.7893812238539897,95295,80509,0.8838134214806653,0.8161948274248675,0.8527264811062147,0.7022568905339776,0.7979030549405968,0.8407631623500603,0.5570681538709958,0.7752585260283753,0.07823312807617284,0.6741371154785156,0.18945723937898545,0.015762723615568797,0.0401192188134717,0.452842652797699,24,kdB4,0,11.5
student_kdB4_s0,test_w41-44,all,all,1.7893812238539897,100000,100000,0.8678,0.798374163675708,0.8349572257500001,0.73395,0.7742073006000002,0.82106308465,0.62088,0.7511320173,0.08911600221917035,0.808819591999054,0.21524843312663663,0.02019071011494587,0.045946921718716595,0.5400627851486206,24,kdB4,0,15.5
student_kdB4_s0,test_w41-44,all,near,1.7893812238539897,100000,11009,0.8678,0.798374163675708,0.7990390430556817,0.7779089835589064,0.7470581151784903,0.7757557007902625,0.7030611318012535,0.7154835470978291,0.08911600221917035,0.808819591999054,0.21524843312663663,0.02019071011494587,0.045946921718716595,0.5400627851486206,24,kdB4,0,15.5
student_kdB4_s0,test_w41-44,all,far,1.7893812238539897,100000,88991,0.8678,0.798374163675708,0.8394006332100998,0.7285118719870549,0.7775659029564789,0.8266680221033588,0.6107134429324313,0.7555420588598847,0.08911600221917035,0.808819591999054,0.21524843312663663,0.02019071011494587,0.045946921718716595,0.5400627851486206,24,kdB4,0,15.5
student_kdB4_s0,test_w41-44,ge5,all,1.7893812238539897,95403,93678,0.87758246596019,0.8057928557185252,0.8415662980679421,0.7186425841713102,0.7851423467848846,0.8272979034521575,0.5897542646085527,0.7611431504645997,0.08315274976401243,0.7508391737937927,0.19974505098711146,0.017867950052567708,0.04443160802434875,0.49806222319602966,24,kdB4,0,15.5
student_kdB4_s0,test_w41-44,ge5,near,1.7893812238539897,95403,10688,0.87758246596019,0.8057928557185252,0.8073757274216072,0.7679640718562875,0.7592840824985042,0.78474327091862,0.6759917664670658,0.727813421300539,0.08315274976401243,0.7508391737937927,0.19974505098711146,0.017867950052567708,0.04443160802434875,0.49806222319602966,24,kdB4,0,15.5
student_kdB4_s0,test_w41-44,ge5,far,1.7893812238539897,95403,82990,0.87758246596019,0.8057928557185252,0.8459695854407344,0.7122906374261959,0.7884725447447933,0.8327783699242439,0.5786480298831185,0.7654355729890663,0.08315274976401243,0.7508391737937927,0.19974505098711146,0.017867950052567708,0.04443160802434875,0.49806222319602966,24,kdB4,0,15.5
student_kdB4_s0,test_w45-48,all,all,1.7893812238539897,100000,100000,0.83665,0.7571960126474125,0.8172186683,0.76959,0.7412811769000001,0.80372602275,0.69028,0.7200416046999999,0.11384455238193275,1.1338437795639038,0.26818389466288384,0.028734865942430143,0.0636035440618545,0.7368242740631104,24,kdB4,0,19.5
student_kdB4_s0,test_w45-48,all,near,1.7893812238539897,100000,10212,0.83665,0.7571960126474125,0.7798172248335293,0.7888758323540932,0.7129404954954955,0.7554441769486878,0.7484332158245202,0.6823472032902467,0.11384455238193275,1.1338437795639038,0.26818389466288384,0.028734865942430143,0.0636035440618545,0.7368242740631104,24,kdB4,0,19.5
student_kdB4_s0,test_w45-48,all,far,1.7893812238539897,100000,89788,0.83665,0.7571960126474125,0.8214725055686729,0.7673965340580033,0.7445044922484074,0.8092173379516193,0.6836659687263331,0.7243287614157794,0.11384455238193275,1.1338437795639038,0.26818389466288384,0.028734865942430143,0.0636035440618545,0.7368242740631104,24,kdB4,0,19.5
student_kdB4_s0,test_w45-48,ge5,all,1.7893812238539897,95040,92738,0.8478535353535354,0.7661807841197872,0.8224051691269485,0.7548577713558627,0.7524221758740982,0.8080893515391611,0.6575729474433349,0.7301109508083052,0.10560519323772075,1.0107187032699585,0.24921778644956097,0.02508328677282378,0.05909602486572354,0.6598355174064636,24,kdB4,0,19.5
student_kdB4_s0,test_w45-48,ge5,near,1.7893812238539897,95040,9889,0.8478535353535354,0.7661807841197872,0.7858429349661715,0.78248559004955,0.7248934479541088,0.7631945566963327,0.7307108908888664,0.6955153774659665,0.10560519323772075,1.0107187032699585,0.24921778644956097,0.02508328677282378,0.05909602486572354,0.6598355174064636,24,kdB4,0,19.5
student_kdB4_s0,test_w45-48,ge5,far,1.7893812238539897,95040,82849,0.8478535353535354,0.7661807841197872,0.8267693006628261,0.7515600671100435,0.7557080524737043,0.8134480719365192,0.6488430759574648,0.7342403383058294,0.10560519323772075,1.0107187032699585,0.24921778644956097,0.02508328677282378,0.05909602486572354,0.6598355174064636,24,kdB4,0,19.5
student_kdB4_s0,test_w49-51,all,all,1.7893812238539897,100000,100000,0.81871,0.733709770109958,0.809171007,0.79129,0.7244134612,0.7921519172,0.7725,0.7024811998,0.12582720368161798,1.331200361251831,0.2982001285741624,0.03469497955979674,0.07183387323334814,0.8584029674530029,24,kdB4,0,23.0
student_kdB4_s0,test_w49-51,all,near,1.7893812238539897,100000,12082,0.81871,0.733709770109958,0.7743944462837279,0.798874358549909,0.6978709129283232,0.7447830888925674,0.7785134911438504,0.6647429134249296,0.12582720368161798,1.331200361251831,0.2982001285741624,0.03469497955979674,0.07183387323334814,0.8584029674530029,24,kdB4,0,23.0
student_kdB4_s0,test_w49-51,all,far,1.7893812238539897,100000,87918,0.81871,0.733709770109958,0.8139501239791624,0.790247730840101,0.7280610313018949,0.7986615077686027,0.7716736049500671,0.707667327509725,0.12582720368161798,1.331200361251831,0.2982001285741624,0.03469497955979674,0.07183387323334814,0.8584029674530029,24,kdB4,0,23.0
student_kdB4_s0,test_w49-51,ge5,all,1.7893812238539897,94427,93681,0.8310758575407458,0.7430346620170705,0.8146110757670073,0.7818874691773146,0.7365842630052273,0.7984848026023538,0.7309913429617532,0.7147475360932227,0.11642072021258024,1.188547134399414,0.2772646788515235,0.03036371599279075,0.06641856041820074,0.7700391411781311,24,kdB4,0,23.0
student_kdB4_s0,test_w49-51,ge5,near,1.7893812238539897,94427,11739,0.8310758575407458,0.7430346620170705,0.7810956632013429,0.7912087912087912,0.7109895810496569,0.7534612985877047,0.764715904250788,0.6791243339464051,0.11642072021258024,1.188547134399414,0.2772646788515235,0.03036371599279075,0.06641856041820074,0.7700391411781311,24,kdB4,0,23.0
student_kdB4_s0,test_w49-51,ge5,far,1.7893812238539897,94427,81942,0.8310758575407458,0.7430346620170705,0.8194124893047332,0.7805520978252911,0.7402509537313071,0.8049348637874354,0.7261599668057894,0.71985091128545,0.11642072021258024,1.188547134399414,0.2772646788515235,0.03036371599279075,0.06641856041820074,0.7700391411781311,24,kdB4,0,23.0
student_direct_s1,val,all,all,1.1119071500956017,200000,37194,0.95336,0.9262019749300935,0.8993544958192181,0.590552239608539,0.8806596652685916,0.8794563916223046,0.5659783836102598,0.8539953516696243,0.0021707082367316334,0.17226561903953552,0.06813517805208683,0.003073478739746438,0.006073745569735741,0.17063648998737335,24,direct,1,1.0
student_direct_s1,val,all,near,1.1119071500956017,200000,10090,0.95336,0.9262019749300935,0.8663930773042616,0.6406342913776016,0.8499054846382557,0.7915426087710604,0.7162537165510406,0.7721301868186323,0.0021707082367316334,0.17226561903953552,0.06813517805208683,0.003073478739746438,0.006073745569735741,0.17063648998737335,24,direct,1,1.0
student_direct_s1,val,all,far,1.1119071500956017,200000,27104,0.95336,0.9262019749300935,0.9116250356958384,0.5719082054309327,0.8921085171930343,0.9121840358434179,0.5100354191263282,0.8844712782246162,0.0021707082367316334,0.17226561903953552,0.06813517805208683,0.003073478739746438,0.006073745569735741,0.17063648998737335,24,direct,1,1.0
student_direct_s1,val,ge5,all,1.1119071500956017,191393,35514,0.9578981467451788,0.930987234215164,0.9079649840769686,0.5491073942670496,0.8907199677655999,0.8932156544744494,0.498901841527285,0.869186375290049,0.002414223912583283,0.15475843846797943,0.06153112070905728,0.002560193985923457,0.004268734134296896,0.15256327390670776,24,direct,1,1.0
student_direct_s1,val,ge5,near,1.1119071500956017,191393,9767,0.9578981467451788,0.930987234215164,0.8744832280451222,0.6073512849390805,0.8594458866809978,0.806654777946056,0.6731852155216546,0.7882970517558225,0.002414223912583283,0.15475843846797943,0.06153112070905728,0.002560193985923457,0.004268734134296896,0.15256327390670776,24,direct,1,1.0
student_direct_s1,val,ge5,far,1.1119071500956017,191393,25747,0.9578981467451788,0.930987234215164,0.9206661263911428,0.5270128558667029,0.9025836392594948,0.9260521045871932,0.4327882860139045,0.8998713491883203,0.002414223912583283,0.15475843846797943,0.06153112070905728,0.002560193985923457,0.004268734134296896,0.15256327390670776,24,direct,1,1.0
student_directTS_s1,val,all,all,,200000,37194,0.95336,0.9262019749300935,0.9003536270635049,0.5842609022960693,0.8814254242619777,0.8784959553288165,0.5669731677152229,0.852947998601925,0.006073745569735741,0.17063648998737335,0.06841680997303834,0.0030731119262837354,,,24,directTS,1,1.0
student_directTS_s1,val,all,near,,200000,10090,0.95336,0.9262019749300935,0.866529657333994,0.6419226957383548,0.8499234900891972,0.7900183981665014,0.7172447968285431,0.7705480029732409,0.006073745569735741,0.17063648998737335,0.06841680997303834,0.0030731119262837354,,,24,directTS,1,1.0
student_directTS_s1,val,all,far,,200000,27104,0.95336,0.9262019749300935,0.9129452686872787,0.5627951593860685,0.8931526422299292,0.9114334756862456,0.5110315820543093,0.8836230264905549,0.006073745569735741,0.17063648998737335,0.06841680997303834,0.0030731119262837354,,,24,directTS,1,1.0
student_directTS_s1,val,ge5,all,,191393,35514,0.9578981467451788,0.930987234215164,0.9092183453109206,0.5418989694205102,0.8916893957489743,0.8923926025870643,0.5027594751365658,0.8682932984907032,0.004268734134296896,0.15256327390670776,0.06163097036704697,0.0025539523599508135,,,24,directTS,1,1.0
student_directTS_s1,val,ge5,near,,191393,9767,0.9578981467451788,0.930987234215164,0.8749827815145073,0.6054059588409952,0.8597750844214327,0.8052577023026533,0.675949626292618,0.7868500005978862,0.004268734134296896,0.15256327390670776,0.06163097036704697,0.0025539523599508135,,,24,directTS,1,1.0
student_directTS_s1,val,ge5,far,,191393,25747,0.9578981467451788,0.930987234215164,0.9222054409569985,0.5178078999495087,0.9037959354909286,0.9254468058370678,0.43706062842272886,0.8991884198842306,0.004268734134296896,0.15256327390670776,0.06163097036704697,0.0025539523599508135,,,24,directTS,1,1.0
student_direct_s1,test_w29-32,all,all,1.1119071500956017,100000,100000,0.93439,0.8846230640225957,0.8814079551,0.6154,0.8518154695999999,0.8652555265,0.54807,0.8277506838000002,0.012916182315349602,0.274156391620636,0.09742128908548661,0.006132528064577245,0.0055298325800895295,0.26451337337493896,24,direct,1,3.5
student_direct_s1,test_w29-32,all,near,1.1119071500956017,100000,16111,0.93439,0.8846230640225957,0.8718924197753088,0.6474458444540997,0.8442513003537956,0.8895966622183601,0.5500589659239029,0.8514397293774439,0.012916182315349602,0.274156391620636,0.09742128908548661,0.006132528064577245,0.0055298325800895295,0.26451337337493896,24,direct,1,3.5
student_direct_s1,test_w29-32,all,far,1.1119071500956017,100000,83889,0.93439,0.8846230640225957,0.883235426992812,0.6092455506681448,0.8532681789030744,0.8605807772771161,0.5476880163072632,0.8232011694024246,0.012916182315349602,0.274156391620636,0.09742128908548661,0.006132528064577245,0.0055298325800895295,0.26451337337493896,24,direct,1,3.5
student_direct_s1,test_w29-32,ge5,all,1.1119071500956017,95313,94723,0.9391163849632265,0.8887975033096583,0.8881807749485922,0.5885898884114734,0.8602009282112127,0.8753649262013138,0.5017999852200627,0.8399472883704844,0.01424093375558646,0.2570001780986786,0.09087238620129917,0.005383584241123672,0.007482809065457929,0.24670706689357758,24,direct,1,3.5
student_direct_s1,test_w29-32,ge5,near,1.1119071500956017,95313,15529,0.9391163849632265,0.8887975033096583,0.8796660590107417,0.6236074441367764,0.8535567442379535,0.9023402663642125,0.5093051709704424,0.8661769674761014,0.01424093375558646,0.2570001780986786,0.09087238620129917,0.005383584241123672,0.007482809065457929,0.24670706689357758,24,direct,1,3.5
student_direct_s1,test_w29-32,ge5,far,1.1119071500956017,95313,79194,0.9391163849632265,0.8887975033096583,0.8898504093122925,0.5817233628810263,0.8615037735394034,0.8700753833396117,0.5003283077000783,0.834803960759414,0.01424093375558646,0.2570001780986786,0.09087238620129917,0.005383584241123672,0.007482809065457929,0.24670706689357758,24,direct,1,3.5
student_directTS_s1,test_w29-32,all,all,,100000,100000,0.93439,0.8846230640225957,0.88257540185,0.60239,0.8526047829999999,0.86447277125,0.55232,0.8268856837999998,0.0055298325800895295,0.26451337337493896,0.09692816264148878,0.006119938806904372,,,24,directTS,1,3.5
student_directTS_s1,test_w29-32,all,near,,100000,16111,0.93439,0.8846230640225957,0.873639013717336,0.6348457575569487,0.845587088324747,0.8890167754950034,0.5517969089441996,0.850722698156539,0.0055298325800895295,0.26451337337493896,0.09692816264148878,0.006119938806904372,,,24,directTS,1,3.5
student_directTS_s1,test_w29-32,all,far,,100000,83889,0.93439,0.8846230640225957,0.8842916477130494,0.5961568262823493,0.8539525410959721,0.8597590608423036,0.5524204603702512,0.8223077517910573,0.0055298325800895295,0.26451337337493896,0.09692816264148878,0.006119938806904372,,,24,directTS,1,3.5
student_directTS_s1,test_w29-32,ge5,all,,95313,94723,0.9391163849632265,0.8887975033096583,0.8896337756925339,0.5783811745827308,0.8612416420050909,0.8746675249987357,0.5038269480485205,0.8391888649967308,0.007482809065457929,0.24670706689357758,0.09022338118223193,0.0053583969790657725,,,24,directTS,1,3.5
student_directTS_s1,test_w29-32,ge5,near,,95313,15529,0.9391163849632265,0.8887975033096583,0.8817029982517371,0.6143988666366154,0.8551543620434446,0.901808844012997,0.5122673707257389,0.8655336183925588,0.007482809065457929,0.24670706689357758,0.09022338118223193,0.0053583969790657725,,,24,directTS,1,3.5
student_directTS_s1,test_w29-32,ge5,far,,95313,79194,0.9391163849632265,0.8887975033096583,0.8911889066731401,0.5713185342323913,0.8624352850907339,0.8693454356615073,0.5021718817082103,0.8340229726881746,0.007482809065457929,0.24670706689357758,0.09022338118223193,0.0053583969790657725,,,24,directTS,1,3.5
student_direct_s1,test_w33-36,all,all,1.1119071500956017,100000,100000,0.90463,0.8426774756810601,0.86171038375,0.67509,0.8191500032000001,0.85039245985,0.59066,0.7954820415999999,0.03010257258333266,0.39713045954704285,0.13740720232305123,0.010915043136220218,0.02107273771166803,0.3788548707962036,24,direct,1,7.5
student_direct_s1,test_w33-36,all,near,1.1119071500956017,100000,15732,0.90463,0.8426774756810601,0.8521653623188405,0.7063946097126875,0.81230231439105,0.8758158346046275,0.5702390033053648,0.8189916838291382,0.03010257258333266,0.39713045954704285,0.13740720232305123,0.010915043136220218,0.02107273771166803,0.3788548707962036,24,direct,1,7.5
student_direct_s1,test_w33-36,all,far,1.1119071500956017,100000,84268,0.90463,0.8426774756810601,0.8634923446029336,0.6692457397825984,0.8204283987990697,0.8456461678810462,0.5944723975886458,0.7910930245170171,0.03010257258333266,0.39713045954704285,0.13740720232305123,0.010915043136220218,0.02107273771166803,0.3788548707962036,24,direct,1,7.5
student_direct_s1,test_w33-36,ge5,all,1.1119071500956017,95121,93782,0.9116283470527013,0.847414918619121,0.8686028788895915,0.649314367362607,0.8282701995178078,0.859513116595019,0.5589558763941908,0.8080581547470014,0.030115330377866165,0.37708115577697754,0.12903307095481778,0.009637789511899702,0.021999126324360175,0.35824501514434814,24,direct,1,7.5
student_direct_s1,test_w33-36,ge5,near,1.1119071500956017,95121,15221,0.9116283470527013,0.847414918619121,0.8613076838612981,0.681164181065633,0.8232578344273417,0.8885145397066561,0.5414887326719664,0.8348224739518474,0.030115330377866165,0.37708115577697754,0.12903307095481778,0.009637789511899702,0.021999126324360175,0.35824501514434814,24,direct,1,7.5
student_direct_s1,test_w33-36,ge5,far,1.1119071500956017,95121,78561,0.9116283470527013,0.847414918619121,0.8700163049346478,0.6431435445068163,0.8292413328924078,0.8538941623915056,0.5623400924122657,0.8028726339082017,0.030115330377866165,0.37708115577697754,0.12903307095481778,0.009637789511899702,0.021999126324360175,0.35824501514434814,24,direct,1,7.5
student_directTS_s1,test_w33-36,all,all,,100000,100000,0.90463,0.8426774756810601,0.8630864419000001,0.65972,0.820018202,0.849631383,0.59397,0.7945827054000001,0.02107273771166803,0.3788548707962036,0.13568659929166257,0.010872799166434945,,,24,directTS,1,7.5
student_directTS_s1,test_w33-36,all,near,,100000,15732,0.90463,0.8426774756810601,0.85407092359522,0.6943173150266971,0.8136410411899313,0.8753672222222223,0.5732901093312993,0.818304304602085,0.02107273771166803,0.3788548707962036,0.13568659929166257,0.010872799166434945,,,24,directTS,1,7.5
student_directTS_s1,test_w33-36,all,far,,100000,84268,0.90463,0.8426774756810601,0.864769549769782,0.6532610243508805,0.8212087546874258,0.8448267570133383,0.5978307305264158,0.7901541180519296,0.02107273771166803,0.3788548707962036,0.13568659929166257,0.010872799166434945,,,24,directTS,1,7.5
student_directTS_s1,test_w33-36,ge5,all,,95121,93782,0.9116283470527013,0.847414918619121,0.8701711808532873,0.6390245462882003,0.8293341254838834,0.8588382306445852,0.5617282634194195,0.8072831694496558,0.021999126324360175,0.35824501514434814,0.12725582292739723,0.009581710475807219,,,24,directTS,1,7.5
student_directTS_s1,test_w33-36,ge5,near,,95121,15221,0.9116283470527013,0.847414918619121,0.8634493621404791,0.6692727153275081,0.8248296249031299,0.8880923191049204,0.5419486236121148,0.8342129218006908,0.021999126324360175,0.35824501514434814,0.12725582292739723,0.009581710475807219,,,24,directTS,1,7.5
student_directTS_s1,test_w33-36,ge5,far,,95121,78561,0.9116283470527013,0.847414918619121,0.8714735166512996,0.6331640381359708,0.8302068613622411,0.8531703231528939,0.5655605198508166,0.802065596346779,0.021999126324360175,0.35824501514434814,0.12725582292739723,0.009581710475807219,,,24,directTS,1,7.5
student_direct_s1,test_w37-40,all,all,1.1119071500956017,100000,100000,0.88457,0.8249388406066852,0.85962639685,0.67437,0.8046452164,0.8533430121500001,0.61092,0.7847049393999999,0.04170142203986646,0.48835042119026184,0.1652402822521075,0.015366625796307069,0.03174664660423996,0.4635946452617645,24,direct,1,11.5
student_direct_s1,test_w37-40,all,near,1.1119071500956017,100000,12184,0.88457,0.8249388406066852,0.8401833141825344,0.7177445830597505,0.789836535620486,0.8647413587491792,0.6069435325016415,0.796106865561392,0.04170142203986646,0.48835042119026184,0.1652402822521075,0.015366625796307069,0.03174664660423996,0.4635946452617645,24,direct,1,11.5
student_direct_s1,test_w37-40,all,far,1.1119071500956017,100000,87816,0.88457,0.8249388406066852,0.8623240205087912,0.6683520087455589,0.8066998416006195,0.8517615525644531,0.6114717135829462,0.7831229831693542,0.04170142203986646,0.48835042119026184,0.1652402822521075,0.015366625796307069,0.03174664660423996,0.4635946452617645,24,direct,1,11.5
student_direct_s1,test_w37-40,ge5,all,1.1119071500956017,95295,92226,0.8928485230075031,0.8305807469985373,0.8649686528973195,0.6575260772450285,0.8129047005890137,0.8612942625752553,0.579489514887342,0.7964477602064292,0.04084485907142186,0.4643629789352417,0.15633505521902313,0.013830154894882747,0.03179400045878368,0.43931177258491516,24,direct,1,11.5
student_direct_s1,test_w37-40,ge5,near,1.1119071500956017,95295,11717,0.8928485230075031,0.8305807469985373,0.8481831788445723,0.6927541179482802,0.8000667095649489,0.8759911638978182,0.5684902278740291,0.8108557426346309,0.04084485907142186,0.4643629789352417,0.15633505521902313,0.013830154894882747,0.03179400045878368,0.43931177258491516,24,direct,1,11.5
student_direct_s1,test_w37-40,ge5,far,1.1119071500956017,95295,80509,0.8928485230075031,0.8305807469985373,0.8674115524424143,0.6523991106584357,0.8147730971760905,0.8591553266451547,0.5810903128842738,0.7943508725278935,0.04084485907142186,0.4643629789352417,0.15633505521902313,0.013830154894882747,0.03179400045878368,0.43931177258491516,24,direct,1,11.5
student_directTS_s1,test_w37-40,all,all,,100000,100000,0.88457,0.8249388406066852,0.8612361199499998,0.65813,0.8055912606999999,0.85251638905,0.61555,0.7837619758000001,0.03174664660423996,0.4635946452617645,0.16274074234631206,0.015305932723595156,,,24,directTS,1,11.5
student_directTS_s1,test_w37-40,all,near,,100000,12184,0.88457,0.8249388406066852,0.8420858913328956,0.7028069599474721,0.7910849441891004,0.8642474696323046,0.6182698621142482,0.7953802872619828,0.03174664660423996,0.4635946452617645,0.16274074234631206,0.015305932723595156,,,24,directTS,1,11.5
student_directTS_s1,test_w37-40,all,far,,100000,87816,0.88457,0.8249388406066852,0.8638931116766876,0.6519313109228386,0.807603934476633,0.8508887644051197,0.6151726336886216,0.7821499972670127,0.03174664660423996,0.4635946452617645,0.16274074234631206,0.015305932723595156,,,24,directTS,1,11.5
student_directTS_s1,test_w37-40,ge5,all,,95295,92226,0.8928485230075031,0.8305807469985373,0.866736439457614,0.6381606054691735,0.8140203229253626,0.8605745614487375,0.5813111270140742,0.7956534523416482,0.03179400045878368,0.43931177258491516,0.15384814485903398,0.01375050692270805,,,24,directTS,1,11.5
student_directTS_s1,test_w37-40,ge5,near,,95295,11717,0.8928485230075031,0.8305807469985373,0.8502743843505627,0.6714175983613553,0.8015130378818593,0.8755315072675842,0.5690023043441154,0.8102175192961106,0.03179400045878368,0.43931177258491516,0.15384814485903398,0.01375050692270805,,,24,directTS,1,11.5
student_directTS_s1,test_w37-40,ge5,far,,95295,80509,0.8928485230075031,0.8305807469985373,0.8691322697335997,0.6333204983293793,0.8158405897136064,0.8583977795465969,0.583102510278354,0.793533848663731,0.03179400045878368,0.43931177258491516,0.15384814485903398,0.01375050692270805,,,24,directTS,1,11.5
student_direct_s1,test_w41-44,all,all,1.1119071500956017,100000,100000,0.87728,0.811737138497576,0.8505988051,0.69054,0.7917533226999999,0.84036180065,0.6547,0.7702303393000001,0.0475893203934282,0.5546155571937561,0.17857476676065312,0.017778457524524498,0.037330473928749594,0.5240349769592285,24,direct,1,15.5
student_direct_s1,test_w41-44,all,near,1.1119071500956017,100000,11009,0.87728,0.811737138497576,0.8222486006903442,0.7366699972749569,0.7691745490053593,0.851749766100463,0.6552820419656644,0.7820991416114088,0.0475893203934282,0.5546155571937561,0.17857476676065312,0.017778457524524498,0.037330473928749594,0.5240349769592285,24,direct,1,15.5
student_direct_s1,test_w41-44,all,far,1.1119071500956017,100000,88991,0.87728,0.811737138497576,0.8541059844815768,0.6848332977492106,0.7945465233562946,0.8389530052477218,0.6546279960894922,0.7687620599835938,0.0475893203934282,0.5546155571937561,0.17857476676065312,0.017778457524524498,0.037330473928749594,0.5240349769592285,24,direct,1,15.5
student_direct_s1,test_w41-44,ge5,all,1.1119071500956017,95403,93678,0.8851293984465898,0.8179235295785031,0.857428259257445,0.67064839129785,0.8009363229155857,0.8502098571169343,0.6144025278080232,0.7826895610542411,0.047238272576676094,0.5310768485069275,0.16982359531845567,0.016104605454756477,0.037907027612007746,0.5000928640365601,24,direct,1,15.5
student_direct_s1,test_w41-44,ge5,near,1.1119071500956017,95403,10688,0.8851293984465898,0.8179235295785031,0.8308358544106405,0.7135104790419161,0.7797809040969663,0.8646498942619776,0.6138660179640718,0.7974111866751075,0.047238272576676094,0.5310768485069275,0.16982359531845567,0.016104605454756477,0.037907027612007746,0.5000928640365601,24,direct,1,15.5
student_direct_s1,test_w41-44,ge5,far,1.1119071500956017,95403,82990,0.8851293984465898,0.8179235295785031,0.860853004684637,0.6651283287143029,0.8036608573936361,0.8483501738176664,0.6144716230871189,0.7807936129323491,0.047238272576676094,0.5310768485069275,0.16982359531845567,0.016104605454756477,0.037907027612007746,0.5000928640365601,24,direct,1,15.5
student_directTS_s1,test_w41-44,all,all,,100000,100000,0.87728,0.811737138497576,0.8520580713499999,0.68014,0.7926582829,0.8394953668,0.65864,0.7692800213000001,0.037330473928749594,0.5240349769592285,0.1757370681276002,0.017705874274034628,,,24,directTS,1,15.5
student_directTS_s1,test_w41-44,all,near,,100000,11009,0.87728,0.811737138497576,0.8240631619583976,0.7270415114905986,0.7704195776183123,0.8512943082932146,0.6569170678535744,0.7814177636479244,0.037330473928749594,0.5240349769592285,0.1757370681276002,0.017705874274034628,,,24,directTS,1,15.5
student_directTS_s1,test_w41-44,all,far,,100000,88991,0.87728,0.811737138497576,0.8555212974907576,0.6743378543897698,0.7954094139856838,0.8380357299052713,0.6588531424526076,0.7677784716431999,0.037330473928749594,0.5240349769592285,0.1757370681276002,0.017705874274034628,,,24,directTS,1,15.5
student_directTS_s1,test_w41-44,ge5,all,,95403,93678,0.8851293984465898,0.8179235295785031,0.8591464745139146,0.6539208779008946,0.8020231149806382,0.8494449379713476,0.6168470718845407,0.7818707541658352,0.037907027612007746,0.5000928640365601,0.16701754785609993,0.01601747043730972,,,24,directTS,1,15.5
student_directTS_s1,test_w41-44,ge5,near,,95403,10688,0.8851293984465898,0.8179235295785031,0.8329389105503342,0.6955464071856288,0.7812496881335595,0.8642227544337444,0.6158308383233533,0.7967981190381728,0.037907027612007746,0.5000928640365601,0.16701754785609993,0.01601747043730972,,,24,directTS,1,15.5
student_directTS_s1,test_w41-44,ge5,far,,95403,82990,0.8851293984465898,0.8179235295785031,0.8625216575919087,0.6485600674780094,0.8046984540111429,0.8475417532219789,0.6169779491505001,0.779948309585096,0.037907027612007746,0.5000928640365601,0.16701754785609993,0.01601747043730972,,,24,directTS,1,15.5
student_direct_s1,test_w45-48,all,all,1.1119071500956017,100000,100000,0.85162,0.7803130534735366,0.8324437102,0.72841,0.7622353718,0.8201056618500001,0.71986,0.7396583482000001,0.062156931852996346,0.746214747428894,0.21738920556269267,0.024356076889640334,0.05053990164414047,0.7000378966331482,24,direct,1,19.5
student_direct_s1,test_w45-48,all,near,1.1119071500956017,100000,10212,0.85162,0.7803130534735366,0.8014467954367411,0.7619467293380336,0.7375073864081473,0.8301862162162161,0.7193497845671759,0.7504586594202899,0.062156931852996346,0.746214747428894,0.21738920556269267,0.024356076889640334,0.05053990164414047,0.7000378966331482,24,direct,1,19.5
student_direct_s1,test_w45-48,all,far,1.1119071500956017,100000,89788,0.85162,0.7803130534735366,0.8359691311199715,0.7245957143493562,0.7650477987036131,0.8189591542856507,0.7199180291352965,0.7384299793959104,0.062156931852996346,0.746214747428894,0.21738920556269267,0.024356076889640334,0.05053990164414047,0.7000378966331482,24,direct,1,19.5
student_direct_s1,test_w45-48,ge5,all,1.1119071500956017,95040,92738,0.862037037037037,0.7883177732190167,0.8372739769352573,0.7121029135845068,0.7720402789686349,0.8283690571304096,0.6984946839483276,0.7529112590678508,0.058115198377281505,0.6959282755851746,0.20349401148377982,0.021460967099875244,0.047386322589434364,0.6522844433784485,24,direct,1,19.5
student_direct_s1,test_w45-48,ge5,near,1.1119071500956017,95040,9889,0.862037037037037,0.7883177732190167,0.8082146314835414,0.7479017089695621,0.7487623553684959,0.8431905445691281,0.6925877237334412,0.7678268191913403,0.058115198377281505,0.6959282755851746,0.20349401148377982,0.021460967099875244,0.047386322589434364,0.6522844433784485,24,direct,1,19.5
student_direct_s1,test_w45-48,ge5,far,1.1119071500956017,95040,82849,0.862037037037037,0.7883177732190167,0.8407425506919955,0.7078299074219363,0.77481877220913,0.8265999387429641,0.6991997489408441,0.7511309120019696,0.058115198377281505,0.6959282755851746,0.20349401148377982,0.021460967099875244,0.047386322589434364,0.6522844433784485,24,direct,1,19.5
student_directTS_s1,test_w45-48,all,all,,100000,100000,0.85162,0.7803130534735366,0.8339742501,0.72384,0.7632011824999999,0.8192566707,0.72218,0.7387478950000002,0.05053990164414047,0.7000378966331482,0.21358237246611098,0.02424814795142774,,,24,directTS,1,19.5
student_directTS_s1,test_w45-48,all,near,,100000,10212,0.85162,0.7803130534735366,0.8031873423423423,0.7587152369761065,0.738738178613396,0.829721401782217,0.7221895808852331,0.7497864590677633,0.05053990164414047,0.7000378966331482,0.21358237246611098,0.02424814795142774,,,24,directTS,1,19.5
student_directTS_s1,test_w45-48,all,far,,100000,89788,0.85162,0.7803130534735366,0.8374757859624895,0.7198734797523054,0.76598347184479,0.8180664689602175,0.722178910322092,0.7374924286096137,0.05053990164414047,0.7000378966331482,0.21358237246611098,0.02424814795142774,,,24,directTS,1,19.5
student_directTS_s1,test_w45-48,ge5,all,,95040,92738,0.862037037037037,0.7883177732190167,0.8390716205067017,0.703185317776963,0.7732074689680055,0.8276177859040164,0.6940089283788738,0.7521251019444519,0.047386322589434364,0.6522844433784485,0.19990449241495037,0.021343076065665555,,,24,directTS,1,19.5
student_directTS_s1,test_w45-48,ge5,near,,95040,9889,0.862037037037037,0.7883177732190167,0.8103055809212902,0.7403175245221963,0.7502626726104202,0.8427846444013397,0.6882394579836182,0.7672355198681798,0.047386322589434364,0.6522844433784485,0.19990449241495037,0.021343076065665555,,,24,directTS,1,19.5
student_directTS_s1,test_w45-48,ge5,far,,95040,82849,0.862037037037037,0.7883177732190167,0.8425051847677082,0.6987531533271373,0.7759461995643935,0.8258074434293935,0.6946975823486101,0.7503214963143569,0.047386322589434364,0.6522844433784485,0.19990449241495037,0.021343076065665555,,,24,directTS,1,19.5
student_direct_s1,test_w49-51,all,all,1.1119071500956017,100000,100000,0.8339,0.7623106652974578,0.8228959236000001,0.76258,0.7451132372999999,0.81155784515,0.76135,0.7250676672000002,0.07298165293946862,0.9103990793228149,0.24555109222145563,0.029426669800434783,0.06070540548384191,0.8513246774673462,24,direct,1,23.0
student_direct_s1,test_w49-51,all,near,1.1119071500956017,100000,12082,0.8339,0.7623106652974578,0.7981861537824864,0.7780168846217513,0.7251978488660817,0.8269386045356728,0.7438338023506043,0.7383020898857804,0.07298165293946862,0.9103990793228149,0.24555109222145563,0.029426669800434783,0.06070540548384191,0.8513246774673462,24,direct,1,23.0
student_direct_s1,test_w49-51,all,far,1.1119071500956017,100000,87918,0.8339,0.7623106652974578,0.8262916268568439,0.7604586091585341,0.7478500798471304,0.8094441672353785,0.7637571373325144,0.7232489464046042,0.07298165293946862,0.9103990793228149,0.24555109222145563,0.029426669800434783,0.06070540548384191,0.8513246774673462,24,direct,1,23.0
student_direct_s1,test_w49-51,ge5,all,1.1119071500956017,94427,93681,0.8456691412413823,0.7709739556642248,0.8291315222700268,0.7431389502673968,0.7568080146135964,0.8225355901685099,0.7354105955316447,0.741545364031578,0.06790693127606645,0.8569129705429077,0.23001597022301334,0.025790934623535915,0.05661421386688738,0.8005732297897339,24,direct,1,23.0
student_direct_s1,test_w49-51,ge5,near,1.1119071500956017,94427,11739,0.8456691412413823,0.7709739556642248,0.805993518396923,0.7638640429338104,0.7381054272865123,0.8409470165003725,0.7029559587699122,0.7575871510795031,0.06790693127606645,0.8569129705429077,0.23001597022301334,0.025790934623535915,0.05661421386688738,0.8005732297897339,24,direct,1,23.0
student_direct_s1,test_w49-51,ge5,far,1.1119071500956017,94427,81942,0.8456691412413823,0.7709739556642248,0.8324462696214018,0.7401698762539357,0.7594873447816742,0.8198979716858057,0.7400600424690635,0.7392472197569007,0.06790693127606645,0.8569129705429077,0.23001597022301334,0.025790934623535915,0.05661421386688738,0.8005732297897339,24,direct,1,23.0
student_directTS_s1,test_w49-51,all,all,,100000,100000,0.8339,0.7623106652974578,0.8244113609499999,0.75726,0.7460742213,0.81072237145,0.77011,0.7242052954,0.06070540548384191,0.8513246774673462,0.24095889098938006,0.029265273901633023,,,24,directTS,1,23.0
student_directTS_s1,test_w49-51,all,near,,100000,12082,0.8339,0.7623106652974578,0.7999244450422116,0.7752855487502069,0.7264003062406887,0.8265641466644594,0.7519450422115543,0.737738089720245,0.06070540548384191,0.8513246774673462,0.24095889098938006,0.029265273901633023,,,24,directTS,1,23.0
student_directTS_s1,test_w49-51,all,far,,100000,87918,0.8339,0.7623106652974578,0.8277764388407379,0.7547828658522714,0.7487778797288382,0.8085453391228191,0.7726062922268477,0.7223455713278282,0.06070540548384191,0.8513246774673462,0.24095889098938006,0.029265273901633023,,,24,directTS,1,23.0
student_directTS_s1,test_w49-51,ge5,all,,94427,93681,0.8456691412413823,0.7709739556642248,0.8309977372302422,0.7367235618748732,0.7580236665250256,0.8218130167915332,0.738965211729166,0.7408367288503912,0.05661421386688738,0.8005732297897339,0.22568335469409792,0.02561947297386595,,,24,directTS,1,23.0
student_directTS_s1,test_w49-51,ge5,near,,94427,11739,0.8456691412413823,0.7709739556642248,0.8081360681950875,0.7549194991055456,0.739606989040229,0.8406180489267437,0.7048300536672629,0.7571173882693967,0.05661421386688738,0.8005732297897339,0.22568335469409792,0.02561947297386595,,,24,directTS,1,23.0
student_directTS_s1,test_w49-51,ge5,far,,94427,81942,0.8456691412413823,0.7709739556642248,0.8342728968895582,0.7341168143320885,0.7606620372871992,0.8191190103938957,0.7438554099240926,0.7385043637516665,0.05661421386688738,0.8005732297897339,0.22568335469409792,0.02561947297386595,,,24,directTS,1,23.0
student_ls_s1,val,all,all,0.7290366218169603,200000,37194,0.949435,0.9171607861604603,0.9127879453003171,0.4798085712749368,0.8879633138409422,0.8942360295343336,0.4477872775178792,0.8648577886218207,0.0578752158084139,0.23073439300060272,0.07896045867608334,0.004179115727148881,0.005349612232372157,0.18698552250862122,24,ls,1,1.0
student_ls_s1,val,all,near,0.7290366218169603,200000,10090,0.949435,0.9171607861604603,0.8787558114469771,0.6036669970267592,0.8595104995044599,0.8224824915758177,0.6593657086223984,0.8000887408325075,0.0578752158084139,0.23073439300060272,0.07896045867608334,0.004179115727148881,0.005349612232372157,0.18698552250862122,24,ls,1,1.0
student_ls_s1,val,all,far,0.7290366218169603,200000,27104,0.949435,0.9171607861604603,0.9254570801357733,0.43369982290436837,0.8985554366514169,0.9209477030143152,0.3690230224321133,0.888969347513282,0.0578752158084139,0.23073439300060272,0.07896045867608334,0.004179115727148881,0.005349612232372157,0.18698552250862122,24,ls,1,1.0
student_ls_s1,val,ge5,all,0.7290366218169603,191393,35514,0.9540631057562189,0.922100739912574,0.9200243575061229,0.45666497719209326,0.8973085162262405,0.9045757950951436,0.416004955792082,0.8774473774663318,0.05660916587286831,0.21233010292053223,0.07196936859358265,0.0036512406816918614,0.005041407760013446,0.16843020915985107,24,ls,1,1.0
student_ls_s1,val,ge5,near,0.7290366218169603,191393,9767,0.9540631057562189,0.922100739912574,0.8836912095098465,0.5876932527900072,0.8663339714979168,0.8281616551138917,0.6368383331626907,0.8075507557209513,0.05660916587286831,0.21233010292053223,0.07196936859358265,0.0036512406816918614,0.005041407760013446,0.16843020915985107,24,ls,1,1.0
student_ls_s1,val,ge5,far,0.7290366218169603,191393,25747,0.9540631057562189,0.922100739912574,0.9338071615795931,0.40696003417873927,0.9090585600512119,0.9335631297437196,0.33223288150075736,0.9039623230750292,0.05660916587286831,0.21233010292053223,0.07196936859358265,0.0036512406816918614,0.005041407760013446,0.16843020915985107,24,ls,1,1.0
student_ls_s1,test_w29-32,all,all,0.7290366218169603,100000,100000,0.92936,0.873996294521147,0.8803353356000001,0.53448,0.8460899398000001,0.8618745911500001,0.52345,0.8226135227999998,0.05166446972668168,0.301848828792572,0.10495872808416276,0.007824076568261099,0.012163271468430758,0.2676525115966797,24,ls,1,3.5
student_ls_s1,test_w29-32,all,near,0.7290366218169603,100000,16111,0.92936,0.873996294521147,0.8826977487430947,0.5698591024765688,0.8500159524548445,0.8496214601824841,0.5709763515610452,0.81223636335423,0.05166446972668168,0.301848828792572,0.10495872808416276,0.007824076568261099,0.012163271468430758,0.2676525115966797,24,ls,1,3.5
student_ls_s1,test_w29-32,all,far,0.7290366218169603,100000,83889,0.92936,0.873996294521147,0.8798816308455221,0.5276853937941804,0.8453359435682867,0.8642278221220899,0.5143224975860959,0.8246064708126215,0.05166446972668168,0.301848828792572,0.10495872808416276,0.007824076568261099,0.012163271468430758,0.2676525115966797,24,ls,1,3.5
student_ls_s1,test_w29-32,ge5,all,0.7290366218169603,95313,94723,0.9346049332200225,0.8787979571286078,0.8834513418311053,0.5182479440051518,0.8515631916083075,0.8647307756532129,0.5035102351065739,0.8283412504086818,0.05099950036263591,0.2836242616176605,0.09792124291865296,0.007161504191935431,0.011102243745759589,0.24933235347270966,24,ls,1,3.5
student_ls_s1,test_w29-32,ge5,near,0.7290366218169603,95313,15529,0.9346049332200225,0.8787979571286078,0.8864933059210686,0.5552192671775388,0.8561647757052151,0.8519334558020126,0.552901023890785,0.8175478995043371,0.05099950036263591,0.2836242616176605,0.09792124291865296,0.007161504191935431,0.011102243745759589,0.24933235347270966,24,ls,1,3.5
student_ls_s1,test_w29-32,ge5,far,0.7290366218169603,95313,79194,0.9346049332200225,0.8787979571286078,0.8828548489105175,0.5109983079526227,0.85066087578336,0.8672401776277221,0.49382528979468143,0.8304576979450302,0.05099950036263591,0.2836242616176605,0.09792124291865296,0.007161504191935431,0.011102243745759589,0.24933235347270966,24,ls,1,3.5
student_ls_s1,test_w33-36,all,all,0.7290366218169603,100000,100000,0.90709,0.8412435560026753,0.86320559335,0.61561,0.8170522821000001,0.8410413668999999,0.58796,0.7895039799000001,0.048569063853994,0.3936566412448883,0.13842675895032827,0.013673036851036376,0.021836751340255138,0.37089383602142334,24,ls,1,7.5
student_ls_s1,test_w33-36,all,near,0.7290366218169603,100000,15732,0.90709,0.8412435560026753,0.8687484877955759,0.6334858886346301,0.8236531032290874,0.8263698738240528,0.6393338418510043,0.7773993046020848,0.048569063853994,0.3936566412448883,0.13842675895032827,0.013673036851036376,0.021836751340255138,0.37089383602142334,24,ls,1,7.5
student_ls_s1,test_w33-36,all,far,0.7290366218169603,100000,84268,0.90709,0.8412435560026753,0.8621707899202544,0.6122727488489106,0.8158199742488252,0.8437803891750131,0.5783690131485262,0.7917638027483743,0.048569063853994,0.3936566412448883,0.13842675895032827,0.013673036851036376,0.021836751340255138,0.37089383602142334,24,ls,1,7.5
student_ls_s1,test_w33-36,ge5,all,0.7290366218169603,95121,93782,0.9149294057043135,0.8476487962477873,0.8664790705024785,0.5841312831886716,0.8238215027226223,0.8438523077582761,0.5770083811392378,0.7965185986791563,0.05008163100472511,0.3706105351448059,0.12916202657235243,0.012537376416710537,0.021052394237851504,0.34632089734077454,24,ls,1,7.5
student_ls_s1,test_w33-36,ge5,near,0.7290366218169603,95121,15221,0.9149294057043135,0.8476487962477873,0.8735031123926976,0.6098153866368833,0.831828413311415,0.82958349341958,0.636620458576966,0.7848130951665081,0.05008163100472511,0.3706105351448059,0.12916202657235243,0.012537376416710537,0.021052394237851504,0.34632089734077454,24,ls,1,7.5
student_ls_s1,test_w33-36,ge5,far,0.7290366218169603,95121,78561,0.9149294057043135,0.8476487962477873,0.8651181797091965,0.5791550514886521,0.8222701835429784,0.8466168553461286,0.5654586881531549,0.7987865111161926,0.05008163100472511,0.3706105351448059,0.12916202657235243,0.012537376416710537,0.021052394237851504,0.34632089734077454,24,ls,1,7.5
student_ls_s1,test_w37-40,all,all,0.7290366218169603,100000,100000,0.88832,0.8251601432505146,0.8593430627,0.61894,0.8017096871,0.83482214835,0.62183,0.77275751,0.04627463785551489,0.46631449460983276,0.16404775959989984,0.016720334817352994,0.0290606627455354,0.4505966901779175,24,ls,1,11.5
student_ls_s1,test_w37-40,all,near,0.7290366218169603,100000,12184,0.88832,0.8251601432505146,0.8550542264445175,0.6580761654629022,0.8004384742284965,0.8094861170387393,0.6915627051871307,0.7522741964871964,0.04627463785551489,0.46631449460983276,0.16404775959989984,0.016720334817352994,0.0290606627455354,0.4505966901779175,24,ls,1,11.5
student_ls_s1,test_w37-40,all,far,0.7290366218169603,100000,87816,0.88832,0.8251601432505146,0.8599381157761684,0.6135100665026875,0.8018860610822629,0.8383373870934681,0.6121549603716863,0.7755994601211623,0.04627463785551489,0.46631449460983276,0.16404775959989984,0.016720334817352994,0.0290606627455354,0.4505966901779175,24,ls,1,11.5
student_ls_s1,test_w37-40,ge5,all,0.7290366218169603,95295,92226,0.8972034209559788,0.8314553151354279,0.8620436839326802,0.6061956498167544,0.8086649865343151,0.8384782353132124,0.6102183765966214,0.780915979470206,0.048836463762281006,0.43857043981552124,0.1540608055580329,0.015255058916414379,0.02781621901340619,0.4197436273097992,24,ls,1,11.5
student_ls_s1,test_w37-40,ge5,near,0.7290366218169603,95295,11717,0.8972034209559788,0.8314553151354279,0.8589671092406472,0.6434240846633097,0.8084340544904551,0.8117818109483117,0.6895109669710677,0.7592502008256946,0.048836463762281006,0.43857043981552124,0.1540608055580329,0.015255058916414379,0.02781621901340619,0.4197436273097992,24,ls,1,11.5
student_ls_s1,test_w37-40,ge5,far,0.7290366218169603,95295,80509,0.8972034209559788,0.8314553151354279,0.8624914379187756,0.6007775528201816,0.808698595581228,0.8423635401149555,0.5986784086251227,0.7840691415809978,0.048836463762281006,0.43857043981552124,0.1540608055580329,0.015255058916414379,0.02781621901340619,0.4197436273097992,24,ls,1,11.5
student_ls_s1,test_w41-44,all,all,0.7290366218169603,100000,100000,0.88036,0.8144953135827984,0.8511065616,0.64871,0.7903677801,0.82316257235,0.66358,0.7594103091000001,0.040031842862702886,0.5044357776641846,0.1738134612025126,0.019824977166054407,0.03514640972167253,0.4997714161872864,24,ls,1,15.5
student_ls_s1,test_w41-44,all,near,0.7290366218169603,100000,11009,0.88036,0.8144953135827984,0.8388841416114088,0.6924334635298393,0.7823433754201108,0.7902644377327641,0.727768189663003,0.7326372140975566,0.040031842862702886,0.5044357776641846,0.1738134612025126,0.019824977166054407,0.03514640972167253,0.4997714161872864,24,ls,1,15.5
student_ls_s1,test_w41-44,all,far,0.7290366218169603,100000,88991,0.88036,0.8144953135827984,0.8526185866548304,0.6433010079670978,0.7913604722949512,0.8272323722623636,0.655639334314706,0.7627223856345023,0.040031842862702886,0.5044357776641846,0.1738134612025126,0.019824977166054407,0.03514640972167253,0.4997714161872864,24,ls,1,15.5
student_ls_s1,test_w41-44,ge5,all,0.7290366218169603,95403,93678,0.8893116568661363,0.8217823421436826,0.8550008025959261,0.6326458720297188,0.7983027893191538,0.828423648709609,0.6505155959777109,0.7688238337959212,0.042573520395065914,0.4751937687397003,0.1635521666932352,0.01825618737833172,0.030951014656831255,0.4668915867805481,24,ls,1,15.5
student_ls_s1,test_w41-44,ge5,near,0.7290366218169603,95403,10688,0.8893116568661363,0.8217823421436826,0.8433857532372442,0.6793600299401198,0.7908480633541256,0.7940376302989756,0.7276384730538922,0.7406552182889339,0.042573520395065914,0.4751937687397003,0.1635521666932352,0.01825618737833172,0.030951014656831255,0.4668915867805481,24,ls,1,15.5
student_ls_s1,test_w41-44,ge5,far,0.7290366218169603,95403,82990,0.8893116568661363,0.8217823421436826,0.8564966653209002,0.6266297144234245,0.7992628581360501,0.8328521071355982,0.6405832027955175,0.7724515740361751,0.042573520395065914,0.4751937687397003,0.1635521666932352,0.01825618737833172,0.030951014656831255,0.4668915867805481,24,ls,1,15.5
student_ls_s1,test_w45-48,all,all,0.7290366218169603,100000,100000,0.85449,0.7837486023707415,0.8251889297000001,0.7415,0.7556193792,0.8003746717,0.75122,0.7275452936,0.03570530154794458,0.6424658298492432,0.21088835218906574,0.027492171559788673,0.04734307963088156,0.6609511971473694,24,ls,1,19.5
student_ls_s1,test_w45-48,all,near,0.7290366218169603,100000,10212,0.85449,0.7837486023707415,0.8103188356835096,0.77222875048962,0.7437103270661967,0.7613037196435566,0.7971014492753623,0.6950670407363886,0.03570530154794458,0.6424658298492432,0.21088835218906574,0.027492171559788673,0.04734307963088156,0.6609511971473694,24,ls,1,19.5
student_ls_s1,test_w45-48,all,far,0.7290366218169603,100000,89788,0.85449,0.7837486023707415,0.8268801735198468,0.738005078629661,0.7569738501804251,0.8048183898182386,0.7460016928765537,0.7312391938789147,0.03570530154794458,0.6424658298492432,0.21088835218906574,0.027492171559788673,0.04734307963088156,0.6609511971473694,24,ls,1,19.5
student_ls_s1,test_w45-48,ge5,all,0.7290366218169603,95040,92738,0.8655618686868687,0.7930126184166761,0.8284412431444932,0.7233496517069594,0.7645927217715481,0.8048707723595411,0.7458754771506826,0.7379580416005613,0.04127972811203362,0.5947807431221008,0.19653387022742078,0.023583958281183873,0.04056402316868861,0.6015866994857788,24,ls,1,19.5
student_ls_s1,test_w45-48,ge5,near,0.7290366218169603,95040,9889,0.8655618686868687,0.7930126184166761,0.8138567396289044,0.7634745677014865,0.753145326635758,0.7644819624302825,0.8023055920719991,0.7042915588622941,0.04127972811203362,0.5947807431221008,0.19653387022742078,0.023583958281183873,0.04056402316868861,0.6015866994857788,24,ls,1,19.5
student_ls_s1,test_w45-48,ge5,far,0.7290366218169603,95040,82849,0.8655618686868687,0.7930126184166761,0.8301820747208024,0.7185602723026229,0.7659591026632647,0.8096916506005633,0.7391398809883041,0.7419765312359068,0.04127972811203362,0.5947807431221008,0.19653387022742078,0.023583958281183873,0.04056402316868861,0.6015866994857788,24,ls,1,19.5
student_ls_s1,test_w49-51,all,all,0.7290366218169603,100000,100000,0.82889,0.7552244702151052,0.8120930690500001,0.79692,0.7337560651999999,0.78868878375,0.79335,0.7067805916000001,0.0306914252625406,0.7625758051872253,0.24078730125006928,0.03375887158605697,0.06264327716425062,0.8086597919464111,24,ls,1,23.0
student_ls_s1,test_w49-51,all,near,0.7290366218169603,100000,12082,0.82889,0.7552244702151052,0.8026655661314351,0.8115378248634332,0.725040337692435,0.750899256745572,0.8280086078463831,0.6751268035093527,0.0306914252625406,0.7625758051872253,0.24078730125006928,0.03375887158605697,0.06264327716425062,0.8086597919464111,24,ls,1,23.0
student_ls_s1,test_w49-51,all,far,0.7290366218169603,100000,87918,0.82889,0.7552244702151052,0.8133886295752862,0.7949111672240042,0.7349538110512068,0.7938819531267772,0.7885870925180282,0.7111305662094224,0.0306914252625406,0.7625758051872253,0.24078730125006928,0.03375887158605697,0.06264327716425062,0.8086597919464111,24,ls,1,23.0
student_ls_s1,test_w49-51,ge5,all,0.7290366218169603,94427,93681,0.8410306374236183,0.7646823445629739,0.8160137186967469,0.7934800012809428,0.743956196039287,0.7949220098989633,0.791569261643236,0.7191232483835945,0.03226298705831142,0.7095907330513,0.22517310984909744,0.028816970575043472,0.054933008236364,0.742071270942688,24,ls,1,23.0
student_ls_s1,test_w49-51,ge5,near,0.7290366218169603,94427,11739,0.8410306374236183,0.7646823445629739,0.806457449790641,0.8118238350796491,0.7353895172746747,0.7549229227171164,0.836612999403697,0.685799258761121,0.03226298705831142,0.7095907330513,0.22517310984909744,0.028816970575043472,0.054933008236364,0.742071270942688,24,ls,1,23.0
student_ls_s1,test_w49-51,ge5,far,0.7290366218169603,94427,81942,0.8410306374236183,0.7646823445629739,0.8173827485067195,0.7908520660955309,0.745183457297467,0.8006522737981566,0.7851163017744258,0.7238972386959889,0.03226298705831142,0.7095907330513,0.22517310984909744,0.028816970575043472,0.054933008236364,0.742071270942688,24,ls,1,23.0
student_kdA_s1,val,all,all,1.1002322480028695,200000,37194,0.953555,0.9265890180593184,0.9073453640372103,0.564607194708824,0.888305162122923,0.8830169916518793,0.5661396999516051,0.8579419648330375,0.001805455031990976,0.16807182133197784,0.06803766398648592,0.0029888455581596257,0.005128257488049548,0.166819766163826,24,kdA,1,1.0
student_kdA_s1,val,all,near,1.1002322480028695,200000,10090,0.953555,0.9265890180593184,0.877457196481665,0.6443012884043607,0.8616620931615462,0.7838251189296332,0.7405351833498514,0.7658678295341922,0.001805455031990976,0.16807182133197784,0.06803766398648592,0.0029888455581596257,0.005128257488049548,0.166819766163826,24,kdA,1,1.0
student_kdA_s1,val,all,far,1.1002322480028695,200000,27104,0.953555,0.9265890180593184,0.9184718254685654,0.5349394923258559,0.8982235714285715,0.9199431278593565,0.5012175324675324,0.8922183825265643,0.001805455031990976,0.16807182133197784,0.06803766398648592,0.0029888455581596257,0.005128257488049548,0.166819766163826,24,kdA,1,1.0
student_kdA_s1,val,ge5,all,1.1002322480028695,191393,35514,0.9578354485273756,0.9312300067196251,0.9160310459174522,0.5257081714253534,0.898425177652623,0.8957966446002595,0.49825420960747874,0.8721121326418124,0.0026825527863544776,0.15037493407726288,0.061566261261149384,0.0024861274864148067,0.0037126490728820604,0.14871542155742645,24,kdA,1,1.0
student_kdA_s1,val,ge5,near,1.1002322480028695,191393,9767,0.9578354485273756,0.9312300067196251,0.8857237655385777,0.6216852667144466,0.8712997640710742,0.7988534100063286,0.694481417016484,0.7818118876707902,0.0026825527863544776,0.15037493407726288,0.061566261261149384,0.0024861274864148067,0.0037126490728820604,0.14871542155742645,24,kdA,1,1.0
student_kdA_s1,val,ge5,far,1.1002322480028695,191393,25747,0.9578354485273756,0.9312300067196251,0.9275279662367308,0.48929972423971724,0.9087150721821207,0.9325715920612812,0.42381636695537345,0.906367094098758,0.0026825527863544776,0.15037493407726288,0.061566261261149384,0.0024861274864148067,0.0037126490728820604,0.14871542155742645,24,kdA,1,1.0
student_kdA_s1,test_w29-32,all,all,1.1002322480028695,100000,100000,0.93453,0.8838102578762727,0.88119178625,0.61971,0.8528226574000002,0.8728934870999999,0.54513,0.8359896170000001,0.01160042299062009,0.25562506914138794,0.09547888841366223,0.005580130038333557,0.005174171454906435,0.24866922199726105,24,kdA,1,3.5
student_kdA_s1,test_w29-32,all,near,1.1002322480028695,100000,16111,0.93453,0.8838102578762727,0.8732214105269691,0.6813357333498852,0.8482524138787164,0.888115416485631,0.6016386319905654,0.8524375271553597,0.01160042299062009,0.25562506914138794,0.09547888841366223,0.005580130038333557,0.005174171454906435,0.24866922199726105,24,kdA,1,3.5
student_kdA_s1,test_w29-32,all,far,1.1002322480028695,100000,83889,0.93453,0.8838102578762727,0.8827225080761483,0.6078746915566999,0.8537003790723454,0.8699700942316633,0.5342774380431284,0.8328307728069234,0.01160042299062009,0.25562506914138794,0.09547888841366223,0.005580130038333557,0.005174171454906435,0.24866922199726105,24,kdA,1,3.5
student_kdA_s1,test_w29-32,ge5,all,1.1002322480028695,95313,94723,0.9389590087396262,0.8876180799413594,0.887563582182723,0.6003188243615595,0.8608246980492872,0.8824658031158936,0.4993085100767501,0.8475203264646334,0.013092017632591477,0.23830559849739075,0.08896935710229943,0.004880044795428646,0.006955286674547419,0.23082198202610016,24,kdA,1,3.5
student_kdA_s1,test_w29-32,ge5,near,1.1002322480028695,95313,15529,0.9389590087396262,0.8876180799413594,0.8814080408803102,0.671710992336918,0.8579457224373228,0.9014476867437224,0.5472342069676089,0.8674990169365672,0.013092017632591477,0.23830559849739075,0.08896935710229943,0.004880044795428646,0.006955286674547419,0.23082198202610016,24,kdA,1,3.5
student_kdA_s1,test_w29-32,ge5,far,1.1002322480028695,95313,79194,0.9389590087396262,0.8876180799413594,0.8887706105041256,0.5863196706821224,0.8613892308709428,0.8787436818585187,0.4899108518322095,0.8436027432596094,0.013092017632591477,0.23830559849739075,0.08896935710229943,0.004880044795428646,0.006955286674547419,0.23082198202610016,24,kdA,1,3.5
student_kdA_s1,test_w33-36,all,all,1.1002322480028695,100000,100000,0.91176,0.8450059805250751,0.8600187876,0.69493,0.8205390234000002,0.8552978603000001,0.61237,0.8048016814,0.02542196107074621,0.3591499328613281,0.1324885017861494,0.01002241211281838,0.018557036519199585,0.34621167182922363,24,kdA,1,7.5
student_kdA_s1,test_w33-36,all,near,1.1002322480028695,100000,15732,0.91176,0.8450059805250751,0.8564956213450292,0.7344266463259598,0.819875408721078,0.8744636012585814,0.655860666158149,0.8241889238494788,0.02542196107074621,0.3591499328613281,0.1324885017861494,0.01002241211281838,0.018557036519199585,0.34621167182922363,24,kdA,1,7.5
student_kdA_s1,test_w33-36,all,far,1.1002322480028695,100000,84268,0.91176,0.8450059805250751,0.8606765278041486,0.6875563677789909,0.8206629136801633,0.8517198065101818,0.6042507238809512,0.8011822754782361,0.02542196107074621,0.3591499328613281,0.1324885017861494,0.01002241211281838,0.018557036519199585,0.34621167182922363,24,kdA,1,7.5
student_kdA_s1,test_w33-36,ge5,all,1.1002322480028695,95121,93782,0.9154550519864173,0.8486853845915525,0.866802966520054,0.6715467786995373,0.8289741385484116,0.8649131716741761,0.5586146595295473,0.8161245279199841,0.026430785763127206,0.3404318392276764,0.1252569960792348,0.008889520982877847,0.018803849722172777,0.3268831968307495,24,kdA,1,7.5
student_kdA_s1,test_w33-36,ge5,near,1.1002322480028695,95121,15221,0.9154550519864173,0.8486853845915525,0.8658442243523644,0.7117797779383747,0.8305847675680721,0.8884852332256155,0.5883976085671112,0.8395375974230785,0.026430785763127206,0.3404318392276764,0.1252569960792348,0.008889520982877847,0.018803849722172777,0.3268831968307495,24,kdA,1,7.5
student_kdA_s1,test_w33-36,ge5,far,1.1002322480028695,95121,78561,0.9154550519864173,0.8486853845915525,0.8669887204505591,0.6637517343211008,0.8286620831480442,0.8603461428828616,0.552844286605313,0.8115883034459246,0.026430785763127206,0.3404318392276764,0.1252569960792348,0.008889520982877847,0.018803849722172777,0.3268831968307495,24,kdA,1,7.5
student_kdA_s1,test_w37-40,all,all,1.1002322480028695,100000,100000,0.89446,0.823879220880887,0.85117476635,0.72734,0.8019380127000001,0.8544657785499999,0.63239,0.7932349309999999,0.03648751146495345,0.4359177052974701,0.1597757711025038,0.014024731507010061,0.029329839913099988,0.4188217222690582,24,kdA,1,11.5
student_kdA_s1,test_w37-40,all,near,1.1002322480028695,100000,12184,0.89446,0.823879220880887,0.83808055277413,0.7622291529875246,0.7934808248522652,0.8578661490479318,0.6945994747209455,0.7995394960604072,0.03648751146495345,0.4359177052974701,0.1597757711025038,0.014024731507010061,0.029329839913099988,0.4188217222690582,24,kdA,1,11.5
student_kdA_s1,test_w37-40,all,far,1.1002322480028695,100000,87816,0.89446,0.823879220880887,0.8529915184021135,0.7224993167532112,0.8031114022501594,0.8539939953425344,0.6237587683337888,0.7923602063405303,0.03648751146495345,0.4359177052974701,0.1597757711025038,0.014024731507010061,0.029329839913099988,0.4188217222690582,24,kdA,1,11.5
student_kdA_s1,test_w37-40,ge5,all,1.1002322480028695,95295,92226,0.8983892124455638,0.8280471319573073,0.8562373165560999,0.7033049248584998,0.8092101229843058,0.8625831464340353,0.5781449916509445,0.8029633538674715,0.036797868968419786,0.41137439012527466,0.1521388488826387,0.012623760277599004,0.029088456179801825,0.39408957958221436,24,kdA,1,11.5
student_kdA_s1,test_w37-40,ge5,near,1.1002322480028695,95295,11717,0.8983892124455638,0.8280471319573073,0.846206444734532,0.7393530767261244,0.8033452850532372,0.8705069992762623,0.6464965434838269,0.8134554390813024,0.036797868968419786,0.41137439012527466,0.1521388488826387,0.012623760277599004,0.029088456179801825,0.39408957958221436,24,kdA,1,11.5
student_kdA_s1,test_w37-40,ge5,far,1.1002322480028695,95295,80509,0.8983892124455638,0.8280471319573073,0.8576971747723654,0.6980586021438597,0.8100636711098365,0.8614299364357448,0.5681973443962787,0.8014363722573351,0.036797868968419786,0.41137439012527466,0.1521388488826387,0.012623760277599004,0.029088456179801825,0.39408957958221436,24,kdA,1,11.5
student_kdA_s1,test_w41-44,all,all,1.1002322480028695,100000,100000,0.885,0.8131727196957019,0.84398566415,0.72947,0.7899667607,0.84266886675,0.68023,0.7786853511999999,0.03949218070790168,0.5054910778999329,0.17366058356953265,0.01687164711480005,0.033063676182329645,0.4825914204120636,24,kdA,1,15.5
student_kdA_s1,test_w41-44,all,near,1.1002322480028695,100000,11009,0.885,0.8131727196957019,0.8296216286674538,0.7672813152874921,0.7804391288945409,0.8481423090198928,0.7403033881369788,0.787508196021437,0.03949218070790168,0.5054910778999329,0.17366058356953265,0.01687164711480005,0.033063676182329645,0.4825914204120636,24,kdA,1,15.5
student_kdA_s1,test_w41-44,all,far,1.1002322480028695,100000,88991,0.885,0.8131727196957019,0.8457626266139273,0.7247923947365464,0.791145415828567,0.8419917519187333,0.6727983728691665,0.7775938846624939,0.03949218070790168,0.5054910778999329,0.17366058356953265,0.01687164711480005,0.033063676182329645,0.4825914204120636,24,kdA,1,15.5
student_kdA_s1,test_w41-44,ge5,all,1.1002322480028695,95403,93678,0.8900768319654518,0.8184938029665543,0.8506258876647356,0.7012959286065031,0.7983893529262299,0.8524741543815639,0.6131001942825424,0.7896934670325689,0.040621107690930566,0.4806199073791504,0.16562067437040623,0.015331461629590768,0.03371979911134338,0.4574442505836487,24,kdA,1,15.5
student_kdA_s1,test_w41-44,ge5,near,1.1002322480028695,95403,10688,0.8900768319654518,0.8184938029665543,0.8389078915256809,0.7368076347305389,0.7911651520863182,0.8625349867071932,0.6900261976047904,0.802686925330183,0.040621107690930566,0.4806199073791504,0.16562067437040623,0.015331461629590768,0.03371979911134338,0.4574442505836487,24,kdA,1,15.5
student_kdA_s1,test_w41-44,ge5,far,1.1002322480028695,95403,82990,0.8900768319654518,0.8184938029665543,0.8521350085556163,0.6967224966863478,0.7993197331958647,0.851178453985175,0.6031931558019038,0.7880200837058441,0.040621107690930566,0.4806199073791504,0.16562067437040623,0.015331461629590768,0.03371979911134338,0.4574442505836487,24,kdA,1,15.5
student_kdA_s1,test_w45-48,all,all,1.1002322480028695,100000,100000,0.85559,0.7752248862694074,0.82473114475,0.79685,0.7588833684,0.82180187805,0.7629,0.7463916678000001,0.052900902981534575,0.6880040764808655,0.21570464201614378,0.023912894392905733,0.04469374068520965,0.652273416519165,24,kdA,1,19.5
student_kdA_s1,test_w45-48,all,near,1.1002322480028695,100000,10212,0.85559,0.7752248862694074,0.807265821092832,0.8076772424598512,0.7466618654524089,0.823248607030944,0.8065021543282412,0.7528651096748924,0.052900902981534575,0.6880040764808655,0.21570464201614378,0.023912894392905733,0.04469374068520965,0.652273416519165,24,kdA,1,19.5
student_kdA_s1,test_w45-48,all,far,1.1002322480028695,100000,89788,0.85559,0.7752248862694074,0.8267175559094757,0.7956185681828307,0.7602733758408696,0.8216373349445361,0.7579409275181539,0.7456554136410211,0.052900902981534575,0.6880040764808655,0.21570464201614378,0.023912894392905733,0.04469374068520965,0.652273416519165,24,kdA,1,19.5
student_kdA_s1,test_w45-48,ge5,all,1.1002322480028695,95040,92738,0.8632049663299664,0.7823370804122239,0.8293848186262838,0.7650693351161336,0.7681774357458139,0.8308294490695449,0.7245897043283228,0.7585767046657201,0.05187715887937142,0.6402089595794678,0.20245494584719267,0.021027337859710227,0.04305627835382983,0.6065036058425903,24,kdA,1,19.5
student_kdA_s1,test_w45-48,ge5,near,1.1002322480028695,95040,9889,0.8632049663299664,0.7823370804122239,0.8145187459376521,0.7870361007179695,0.758114029319725,0.8378363454930537,0.782991202346041,0.769995234135946,0.05187715887937142,0.6402089595794678,0.20245494584719267,0.021027337859710227,0.04305627835382983,0.6065036058425903,24,kdA,1,19.5
student_kdA_s1,test_w45-48,ge5,far,1.1002322480028695,95040,82849,0.8632049663299664,0.7823370804122239,0.8311592587863084,0.7624473439631136,0.7693786213503184,0.8299930937878627,0.7176188004683219,0.7572137692297939,0.05187715887937142,0.6402089595794678,0.20245494584719267,0.021027337859710227,0.04305627835382983,0.6065036058425903,24,kdA,1,19.5
student_kdA_s1,test_w49-51,all,all,1.1002322480028695,100000,100000,0.83135,0.7480094909312389,0.8155559544000001,0.81786,0.7401549369,0.80945833835,0.82148,0.7263341073999999,0.06941550617262725,0.8553365468978882,0.24872879116019841,0.03006117802672939,0.060803954202011234,0.8080210089683533,24,kdA,1,23.0
student_kdA_s1,test_w49-51,all,near,1.1002322480028695,100000,12082,0.83135,0.7480094909312389,0.8022170737460685,0.8213871875517298,0.7310476287038571,0.8110001903658334,0.8525078629365999,0.7323429713623573,0.06941550617262725,0.8553365468978882,0.24872879116019841,0.03006117802672939,0.060803954202011234,0.8080210089683533,24,kdA,1,23.0
student_kdA_s1,test_w49-51,all,far,1.1002322480028695,100000,87918,0.83135,0.7480094909312389,0.8173890301758456,0.8173752815123183,0.7414064951432017,0.8092464516367524,0.8172160422211606,0.7255083482335815,0.06941550617262725,0.8553365468978882,0.24872879116019841,0.03006117802672939,0.060803954202011234,0.8080210089683533,24,kdA,1,23.0
student_kdA_s1,test_w49-51,ge5,all,1.1002322480028695,94427,93681,0.8386584345579124,0.7547882903468572,0.8213878657302469,0.7995965030262273,0.7512246279015149,0.8217823153428203,0.7961593065829784,0.7413181901209285,0.06876587307524992,0.8048161268234253,0.23421734298453598,0.026297669353121753,0.05869779054278297,0.7597410082817078,24,kdA,1,23.0
student_kdA_s1,test_w49-51,ge5,near,1.1002322480028695,94427,11739,0.8386584345579124,0.7547882903468572,0.8103806059836324,0.8015163131442201,0.7439542792850048,0.8276882692199459,0.8290314336825965,0.7512247546389832,0.06876587307524992,0.8048161268234253,0.23421734298453598,0.026297669353121753,0.05869779054278297,0.7597410082817078,24,kdA,1,23.0
student_kdA_s1,test_w49-51,ge5,far,1.1002322480028695,94427,81942,0.8386584345579124,0.7547882903468572,0.8229647642946645,0.7993214712845671,0.752266177075433,0.8209362291774401,0.7914500500353909,0.7398989770082699,0.06876587307524992,0.8048161268234253,0.23421734298453598,0.026297669353121753,0.05869779054278297,0.7597410082817078,24,kdA,1,23.0
student_kdB_s1,val,all,all,1.1006590857717187,200000,37194,0.953165,0.9236884914703765,0.9049002540060225,0.5563531752433188,0.8856287539656934,0.8794543352422434,0.5426681722858525,0.8534484262246598,0.003262284376174247,0.16646693646907806,0.06803379053866036,0.0030565592062663837,0.0051245033115148685,0.16527710855007172,24,kdB,1,1.0
student_kdB_s1,val,all,near,1.1006590857717187,200000,10090,0.953165,0.9236884914703765,0.8717407770069376,0.6585728444003964,0.8560187036669971,0.7667431855797819,0.7467789890981169,0.7492319915758175,0.003262284376174247,0.16646693646907806,0.06803379053866036,0.0030565592062663837,0.0051245033115148685,0.16527710855007172,24,kdB,1,1.0
student_kdB_s1,val,all,far,1.1006590857717187,200000,27104,0.953165,0.9236884914703765,0.9172445250701003,0.5182998819362455,0.896651680748229,0.921413289643595,0.46668388429752067,0.8922450549734356,0.003262284376174247,0.16646693646907806,0.06803379053866036,0.0030565592062663837,0.0051245033115148685,0.16527710855007172,24,kdB,1,1.0
student_kdB_s1,val,ge5,all,1.1006590857717187,191393,35514,0.957777975161056,0.9288443588926087,0.9137690458919302,0.5214563270822774,0.8959390444598054,0.8914817243800417,0.480402094948471,0.8671266387635824,0.0029993883322465406,0.14859415590763092,0.0614891775843188,0.0025413967847430154,0.0037915333946275855,0.1470012366771698,24,kdB,1,1.0
student_kdB_s1,val,ge5,near,1.1006590857717187,191393,9767,0.957777975161056,0.9288443588926087,0.8802104690327245,0.6281355585133613,0.8658554709649646,0.7812126578688916,0.7099416402170574,0.7647115184861651,0.0029993883322465406,0.14859415590763092,0.0614891775843188,0.0025413967847430154,0.0037915333946275855,0.1470012366771698,24,kdB,1,1.0
student_kdB_s1,val,ge5,far,1.1006590857717187,191393,25747,0.957777975161056,0.9288443588926087,0.9264993298156443,0.48098807628073176,0.9073511026539296,0.9333117617674811,0.3933273779469453,0.9059773196098765,0.0029993883322465406,0.14859415590763092,0.0614891775843188,0.0025413967847430154,0.0037915333946275855,0.1470012366771698,24,kdB,1,1.0
student_kdB_s1,test_w29-32,all,all,1.1006590857717187,100000,100000,0.9346,0.8856141958332632,0.8828949959,0.62,0.8536462808999999,0.87337918105,0.53893,0.8361019465,0.0126784315571189,0.25247785449028015,0.09635180250764269,0.005971726765558701,0.006938683544248323,0.24550296366214752,24,kdB,1,3.5
student_kdB_s1,test_w29-32,all,near,1.1006590857717187,100000,16111,0.9346,0.8856141958332632,0.877557447706536,0.6535907144187201,0.8500200881385389,0.8867425079138477,0.5733349885171621,0.8502185066103904,0.0126784315571189,0.25247785449028015,0.09635180250764269,0.005971726765558701,0.006938683544248323,0.24550296366214752,24,kdB,1,3.5
student_kdB_s1,test_w29-32,all,far,1.1006590857717187,100000,83889,0.9346,0.8856141958332632,0.8839200795098284,0.6135488562266805,0.8543426963010644,0.8708127354003505,0.5323224737450679,0.833390841349879,0.0126784315571189,0.25247785449028015,0.09635180250764269,0.005971726765558701,0.006938683544248323,0.24550296366214752,24,kdB,1,3.5
student_kdB_s1,test_w29-32,ge5,all,1.1006590857717187,95313,94723,0.9393786786692266,0.8902497489757315,0.8895263455093673,0.5898884114734542,0.8618906333311698,0.8829759763502502,0.49702817689473516,0.847863343818716,0.013971815596668645,0.23460014164447784,0.08983897563227732,0.005233761240018481,0.007856956825924886,0.2271355539560318,24,kdB,1,3.5
student_kdB_s1,test_w29-32,ge5,near,1.1006590857717187,95313,15529,0.9393786786692266,0.8902497489757315,0.8854658128498298,0.6356494300985254,0.8595640953787489,0.89900292158063,0.5364801339429455,0.8645667628157121,0.013971815596668645,0.23460014164447784,0.08983897563227732,0.005233761240018481,0.007856956825924886,0.2271355539560318,24,kdB,1,3.5
student_kdB_s1,test_w29-32,ge5,far,1.1006590857717187,95313,79194,0.9393786786692266,0.8902497489757315,0.8903225675927317,0.5809152208500644,0.8623468397087131,0.8798332833118563,0.48929211808975426,0.8445880023331951,0.013971815596668645,0.23460014164447784,0.08983897563227732,0.005233761240018481,0.007856956825924886,0.2271355539560318,24,kdB,1,3.5
student_kdB_s1,test_w33-36,all,all,1.1006590857717187,100000,100000,0.9077,0.8488529215693347,0.8630309861500001,0.69566,0.8223759912999999,0.85512732855,0.58655,0.8018219348,0.02624945845499632,0.356708288192749,0.13210904458501346,0.010563854638395213,0.018359561686664843,0.34354084730148315,24,kdB,1,7.5
student_kdB_s1,test_w33-36,all,near,1.1006590857717187,100000,15732,0.9077,0.8488529215693347,0.8628011969234681,0.6941266209000763,0.8232284121535722,0.875508977243834,0.5891812865497076,0.8214141838291381,0.02624945845499632,0.356708288192749,0.13210904458501346,0.010563854638395213,0.018359561686664843,0.34354084730148315,24,kdB,1,7.5
student_kdB_s1,test_w33-36,all,far,1.1006590857717187,100000,84268,0.9077,0.8488529215693347,0.8630738855200075,0.6959462666729956,0.8222168527792281,0.8513222768429297,0.5860587648929606,0.7981642561826555,0.02624945845499632,0.356708288192749,0.13210904458501346,0.010563854638395213,0.018359561686664843,0.34354084730148315,24,kdB,1,7.5
student_kdB_s1,test_w33-36,ge5,all,1.1006590857717187,95121,93782,0.9148137635222506,0.854929857638236,0.8702368907862357,0.6696061077818771,0.8313455538996896,0.8645016980042954,0.55020153121068,0.8143012666589406,0.02651766064122006,0.33622562885284424,0.1242039959532515,0.009336555779395279,0.019354469729144626,0.3226051926612854,24,kdB,1,7.5
student_kdB_s1,test_w33-36,ge5,near,1.1006590857717187,95121,15221,0.9148137635222506,0.854929857638236,0.8721921089167884,0.6741344195519349,0.8342170396682866,0.8881279432872191,0.5539057880559753,0.8369473778950053,0.02651766064122006,0.33622562885284424,0.1242039959532515,0.009336555779395279,0.019354469729144626,0.3226051926612854,24,kdB,1,7.5
student_kdB_s1,test_w33-36,ge5,far,1.1006590857717187,95121,78561,0.9148137635222506,0.854929857638236,0.8698580720954713,0.6687287585443159,0.8307892106137867,0.8599241712486356,0.5494838405824773,0.8099136384576175,0.02651766064122006,0.33622562885284424,0.1242039959532515,0.009336555779395279,0.019354469729144626,0.3226051926612854,24,kdB,1,7.5
student_kdB_s1,test_w37-40,all,all,1.1006590857717187,100000,100000,0.88801,0.8318334242053552,0.856876745,0.70969,0.8058818106,0.8542184024000001,0.61907,0.7883399158000002,0.03507785462111235,0.42964938282966614,0.15700214064669304,0.014205236482169288,0.026316661940365995,0.4126553237438202,24,kdB,1,11.5
student_kdB_s1,test_w37-40,all,near,1.1006590857717187,100000,12184,0.88801,0.8318334242053552,0.8490110554826001,0.7259520682862771,0.800723297767564,0.8616042206992778,0.6315659881812212,0.796710469468155,0.03507785462111235,0.42964938282966614,0.15700214064669304,0.014205236482169288,0.026316661940365995,0.4126553237438202,24,kdB,1,11.5
student_kdB_s1,test_w37-40,all,far,1.1006590857717187,100000,87816,0.88801,0.8318334242053552,0.8579680673225836,0.7074337250614922,0.8065975266466249,0.8531936596406122,0.617336248519632,0.7871785462785824,0.03507785462111235,0.42964938282966614,0.15700214064669304,0.014205236482169288,0.026316661940365995,0.4126553237438202,24,kdB,1,11.5
student_kdB_s1,test_w37-40,ge5,all,1.1006590857717187,95295,92226,0.8962904664462983,0.8379338231409134,0.8624060326251597,0.6950317697829246,0.8139302958337186,0.8624556983503184,0.5803244204454275,0.7999634752748277,0.03446590444387285,0.40307000279426575,0.14836201378540503,0.01268353834574169,0.02644844465127768,0.3860808312892914,24,kdB,1,11.5
student_kdB_s1,test_w37-40,ge5,near,1.1006590857717187,95295,11717,0.8962904664462983,0.8379338231409134,0.8572465074035137,0.7075189895024324,0.8111267490107876,0.872767504730765,0.6019458905863275,0.8111417440198625,0.03446590444387285,0.40307000279426575,0.14836201378540503,0.01268353834574169,0.02644844465127768,0.3860808312892914,24,kdB,1,11.5
student_kdB_s1,test_w37-40,ge5,far,1.1006590857717187,95295,80509,0.8962904664462983,0.8379338231409134,0.8631569319907217,0.6932144232321852,0.8143383142928259,0.8609549538949195,0.5771777068402291,0.7983366288988253,0.03446590444387285,0.40307000279426575,0.14836201378540503,0.01268353834574169,0.02644844465127768,0.3860808312892914,24,kdB,1,11.5
student_kdB_s1,test_w41-44,all,all,1.1006590857717187,100000,100000,0.88183,0.8192444013201229,0.8502758615999999,0.71483,0.7948921175999999,0.84278418555,0.65946,0.7766469762999999,0.04099988211572166,0.49921715259552,0.1702503911862192,0.016913344970591892,0.03201307908818124,0.47634491324424744,24,kdB,1,15.5
student_kdB_s1,test_w41-44,all,near,1.1006590857717187,100000,11009,0.88183,0.8192444013201229,0.8379540339722046,0.7331274411844855,0.7861429675719864,0.8506810632210009,0.6805341084567172,0.7861241738577527,0.04099988211572166,0.49921715259552,0.1702503911862192,0.016913344970591892,0.03201307908818124,0.47634491324424744,24,kdB,1,15.5
student_kdB_s1,test_w41-44,all,far,1.1006590857717187,100000,88991,0.88183,0.8192444013201229,0.8518001842882988,0.7125664393028508,0.7959744674180536,0.8418072696115338,0.6568529401849625,0.7754745603487994,0.04099988211572166,0.49921715259552,0.1702503911862192,0.016913344970591892,0.03201307908818124,0.47634491324424744,24,kdB,1,15.5
student_kdB_s1,test_w41-44,ge5,all,1.1006590857717187,95403,93678,0.8892592476127585,0.8255218832977076,0.8571002567636727,0.6928200858259143,0.8038832788184115,0.8527179414409185,0.6095347893849142,0.7886849912139572,0.04129042785526911,0.47330787777900696,0.16135191474388955,0.01526005261843892,0.03311534622503741,0.4502844214439392,24,kdB,1,15.5
student_kdB_s1,test_w41-44,ge5,near,1.1006590857717187,95403,10688,0.8892592476127585,0.8255218832977076,0.8472683869549038,0.7097679640718563,0.7972989677150212,0.8638801063834094,0.6386601796407185,0.8012039033156604,0.04129042785526911,0.47330787777900696,0.16135191474388955,0.01526005261843892,0.03311534622503741,0.4502844214439392,24,kdB,1,15.5
student_kdB_s1,test_w41-44,ge5,far,1.1006590857717187,95403,82990,0.8892592476127585,0.8255218832977076,0.858366469855806,0.6906374261959273,0.8047312498639958,0.8512804041604589,0.6057838293770333,0.787072723078724,0.04129042785526911,0.47330787777900696,0.16135191474388955,0.01526005261843892,0.03311534622503741,0.4502844214439392,24,kdB,1,15.5
student_kdB_s1,test_w45-48,all,all,1.1006590857717187,100000,100000,0.84897,0.7847465914364321,0.8330790377,0.74773,0.7606122451,0.8245602099999999,0.72037,0.7417403307000001,0.06318147751644257,0.7123075723648071,0.22048108177505435,0.02554997024763213,0.05299370641425252,0.6732310056686401,24,kdB,1,19.5
student_kdB_s1,test_w45-48,all,near,1.1006590857717187,100000,10212,0.84897,0.7847465914364321,0.817781437034861,0.7520564042303173,0.7493203143360753,0.8299307358989425,0.7492166079122601,0.7499222248335291,0.06318147751644257,0.7123075723648071,0.22048108177505435,0.02554997024763213,0.05299370641425252,0.6732310056686401,24,kdB,1,19.5
student_kdB_s1,test_w45-48,all,far,1.1006590857717187,100000,89788,0.84897,0.7847465914364321,0.8348189038067447,0.7472379382545552,0.7618965280438366,0.8239493955205595,0.7170891433153651,0.7408097664498596,0.06318147751644257,0.7123075723648071,0.22048108177505435,0.02554997024763213,0.05299370641425252,0.6732310056686401,24,kdB,1,19.5
student_kdB_s1,test_w45-48,ge5,all,1.1006590857717187,95040,92738,0.8592066498316498,0.7931172415777916,0.8378425505245652,0.7303478617179581,0.7701533655865013,0.8332911437356049,0.6883693847182385,0.7549895148068565,0.05963499109332858,0.6618995666503906,0.20692497102085214,0.022576546914868503,0.05020968575134046,0.6251223087310791,24,kdB,1,19.5
student_kdB_s1,test_w45-48,ge5,near,1.1006590857717187,95040,9889,0.8592066498316498,0.7931172415777916,0.8254654436764927,0.7345535443421984,0.7611853675971636,0.843298520777601,0.7205986449590454,0.7671976425698994,0.05963499109332858,0.6618995666503906,0.20692497102085214,0.022576546914868503,0.05020968575134046,0.6251223087310791,24,kdB,1,19.5
student_kdB_s1,test_w45-48,ge5,far,1.1006590857717187,95040,82849,0.8592066498316498,0.7931172415777916,0.8393199034150116,0.7298458641625125,0.7712238013445256,0.8320966458953377,0.6845224444471267,0.7535323315523967,0.05963499109332858,0.6618995666503906,0.20692497102085214,0.022576546914868503,0.05020968575134046,0.6251223087310791,24,kdB,1,19.5
student_kdB_s1,test_w49-51,all,all,1.1006590857717187,100000,100000,0.82816,0.7579674631546774,0.82539855755,0.76904,0.7421641332,0.8156235833000001,0.7778,0.7259276342000001,0.07739818578094244,0.8928446173667908,0.25488585347398696,0.03191082989390562,0.0665777536100149,0.8412078022956848,24,kdB,1,23.0
student_kdB_s1,test_w49-51,all,near,1.1006590857717187,100000,12082,0.82816,0.7579674631546774,0.8131667116371462,0.7635325277271975,0.7327033760966728,0.8206901477404402,0.78687303426585,0.7330225451084258,0.07739818578094244,0.8928446173667908,0.25488585347398696,0.03191082989390562,0.0665777536100149,0.8412078022956848,24,kdB,1,23.0
student_kdB_s1,test_w49-51,all,far,1.1006590857717187,100000,87918,0.82816,0.7579674631546774,0.827079500727951,0.7697968561614231,0.7434642636320208,0.8149273182397234,0.7765531518005414,0.7249526266521076,0.07739818578094244,0.8928446173667908,0.25488585347398696,0.03191082989390562,0.0665777536100149,0.8412078022956848,24,kdB,1,23.0
student_kdB_s1,test_w49-51,ge5,all,1.1006590857717187,94427,93681,0.839463289101634,0.7666453333113759,0.8316375467372881,0.7458396046156638,0.7535009826452619,0.8272905580560661,0.7485295844408151,0.7423737005591667,0.07313365250554774,0.8379860520362854,0.24023238427602217,0.028142526602819653,0.06315707167452546,0.7890095710754395,24,kdB,1,23.0
student_kdB_s1,test_w49-51,ge5,near,1.1006590857717187,94427,11739,0.839463289101634,0.7666453333113759,0.8217485832583358,0.7376267143709004,0.7458852746968754,0.8358311299686463,0.7538120793934747,0.7525384498801394,0.07313365250554774,0.8379860520362854,0.24023238427602217,0.028142526602819653,0.06315707167452546,0.7890095710754395,24,kdB,1,23.0
student_kdB_s1,test_w49-51,ge5,far,1.1006590857717187,94427,81942,0.839463289101634,0.7666453333113759,0.8330542383274301,0.7470161821776379,0.7545920079510404,0.826067036862029,0.7477728149178687,0.7409174999260495,0.07313365250554774,0.8379860520362854,0.24023238427602217,0.028142526602819653,0.06315707167452546,0.7890095710754395,24,kdB,1,23.0
student_enddA_s1,val,all,all,0.9308752814926521,200000,37194,0.94967,0.9189171245098037,0.9002024322471366,0.5097327525945045,0.8772446428187342,0.8092599729122977,0.512179383771576,0.7821394637575954,0.006846159826554371,0.1936069130897522,0.07355352506450266,0.003841960382192507,0.004693282455801965,0.19206693768501282,24,enddA,1,1.0
student_enddA_s1,val,all,near,0.9308752814926521,200000,10090,0.94967,0.9189171245098037,0.8580564003964322,0.6121902874132805,0.8394770118929633,0.7946342844400398,0.5797819623389494,0.7691772125867196,0.006846159826554371,0.1936069130897522,0.07355352506450266,0.003841960382192507,0.004693282455801965,0.19206693768501282,24,enddA,1,1.0
student_enddA_s1,val,all,far,0.9308752814926521,200000,27104,0.94967,0.9189171245098037,0.9158921260699527,0.4715909090909091,0.8913043903113931,0.8147046746790142,0.487012987012987,0.7869649180932703,0.006846159826554371,0.1936069130897522,0.07355352506450266,0.003841960382192507,0.004693282455801965,0.19206693768501282,24,enddA,1,1.0
student_enddA_s1,val,ge5,all,0.9308752814926521,191393,35514,0.9546012654590293,0.9241734074525604,0.9071564311745186,0.48420341273863826,0.8864684453230435,0.816441030909529,0.5,0.7912013535442524,0.007045691930930897,0.1724771410226822,0.06631089245904595,0.003274757915687283,0.0037833307928878943,0.17050743103027344,24,enddA,1,1.0
student_enddA_s1,val,ge5,near,0.9308752814926521,191393,9767,0.9546012654590293,0.9241734074525604,0.8624224696461125,0.596191256271117,0.8459254277088595,0.7970624633712408,0.5707996314118972,0.7734754624677095,0.007045691930930897,0.1724771410226822,0.06631089245904595,0.003274757915687283,0.0037833307928878943,0.17050743103027344,24,enddA,1,1.0
student_enddA_s1,val,ge5,far,0.9308752814926521,191393,25747,0.9546012654590293,0.9241734074525604,0.9241260432554579,0.4417213655959918,0.9018482430873551,0.8237921968374609,0.4731425020390725,0.797925584644753,0.007045691930930897,0.1724771410226822,0.06631089245904595,0.003274757915687283,0.0037833307928878943,0.17050743103027344,24,enddA,1,1.0
student_enddA_s1,test_w29-32,all,all,0.9308752814926521,100000,100000,0.93201,0.8833146135458403,0.8748995703,0.58363,0.8444784677000001,0.7597029420499999,0.64394,0.7275085912000001,0.006740506572350898,0.2602141499519348,0.09723464962884205,0.0062860449431460805,0.008392548876479236,0.2606901228427887,24,enddA,1,3.5
student_enddA_s1,test_w29-32,all,near,0.9308752814926521,100000,16111,0.93201,0.8833146135458403,0.8825346759977656,0.6013903544162373,0.852549585376451,0.7244633430575383,0.6569424616721494,0.6941458003848302,0.006740506572350898,0.2602141499519348,0.09723464962884205,0.0062860449431460805,0.008392548876479236,0.2606901228427887,24,enddA,1,3.5
student_enddA_s1,test_w29-32,all,far,0.9308752814926521,100000,83889,0.93201,0.8833146135458403,0.8734332375520033,0.580219099047551,0.8429283982405322,0.7664707564162168,0.6414428590160808,0.7339159619258783,0.006740506572350898,0.2602141499519348,0.09723464962884205,0.0062860449431460805,0.008392548876479236,0.2606901228427887,24,enddA,1,3.5
student_enddA_s1,test_w29-32,ge5,all,0.9308752814926521,95313,94723,0.9370809858046646,0.8883496390498024,0.8781168233319562,0.5728809264909261,0.8502049764656124,0.7649786652498728,0.6272922099173379,0.7343316811015752,0.005951651423675815,0.23799477517604828,0.08971471443046518,0.005590135132954235,0.0072525803162288415,0.23799510300159454,24,enddA,1,3.5
student_enddA_s1,test_w29-32,ge5,near,0.9308752814926521,95313,15529,0.9370809858046646,0.8883496390498024,0.8866500088864344,0.5959817116362934,0.8592603076158288,0.7277784199686184,0.6493657028784854,0.6991568172652236,0.005951651423675815,0.23799477517604828,0.08971471443046518,0.005590135132954235,0.0072525803162288415,0.23799510300159454,24,enddA,1,3.5
student_enddA_s1,test_w29-32,ge5,far,0.9308752814926521,95313,79194,0.9370809858046646,0.8883496390498024,0.8764435672964549,0.5683511377124529,0.8484293338988561,0.7722731902009119,0.6229638608985529,0.741229052878663,0.005951651423675815,0.23799477517604828,0.08971471443046518,0.005590135132954235,0.0072525803162288415,0.23799510300159454,24,enddA,1,3.5
student_enddA_s1,test_w33-36,all,all,0.9308752814926521,100000,100000,0.90712,0.8422589305403727,0.85743698805,0.65599,0.8152569095000001,0.750799792,0.66096,0.7042425265999999,0.010390442467331916,0.3519737124443054,0.13077709542684987,0.011277574758438172,0.018241193852201083,0.3554609715938568,24,enddA,1,7.5
student_enddA_s1,test_w33-36,all,near,0.9308752814926521,100000,15732,0.90712,0.8422589305403727,0.8655913920671243,0.6467709127892194,0.8231895385202136,0.707601572908721,0.6917747266717519,0.665349270277142,0.010390442467331916,0.3519737124443054,0.13077709542684987,0.011277574758438172,0.018241193852201083,0.3554609715938568,24,enddA,1,7.5
student_enddA_s1,test_w33-36,all,far,0.9308752814926521,100000,84268,0.90712,0.8422589305403727,0.8559146416789292,0.6577111121659467,0.8137759663217353,0.758864471151564,0.6552071960886695,0.7115035118906347,0.010390442467331916,0.3519737124443054,0.13077709542684987,0.011277574758438172,0.018241193852201083,0.3554609715938568,24,enddA,1,7.5
student_enddA_s1,test_w33-36,ge5,all,0.9308752814926521,95121,93782,0.9149819703325238,0.848671507164255,0.8617553180325791,0.6302488750506494,0.8225456187015148,0.7542518178192174,0.6516708963340513,0.7108728144455503,0.0085796488766223,0.3263947069644928,0.12179699102654426,0.01006817893954613,0.015736614972222365,0.3293071985244751,24,enddA,1,7.5
student_enddA_s1,test_w33-36,ge5,near,0.9308752814926521,95121,15221,0.9149819703325238,0.848671507164255,0.8713209647716766,0.628013928125616,0.832093203525079,0.7116897750421157,0.6839892254122594,0.6723566079195114,0.0085796488766223,0.3263947069644928,0.12179699102654426,0.01006817893954613,0.015736614972222365,0.3293071985244751,24,enddA,1,7.5
student_enddA_s1,test_w33-36,ge5,far,0.9308752814926521,95121,78561,0.9149819703325238,0.848671507164255,0.8599019975680253,0.6306818905054671,0.8206957976885509,0.7624981086392204,0.645409299779789,0.7183352344698987,0.0085796488766223,0.3263947069644928,0.12179699102654426,0.01006817893954613,0.015736614972222365,0.3293071985244751,24,enddA,1,7.5
student_enddA_s1,test_w37-40,all,all,0.9308752814926521,100000,100000,0.89032,0.824585847792067,0.85715386645,0.66851,0.8051953532000001,0.7733580053,0.65649,0.7156765694999999,0.01648485202796755,0.4136978089809418,0.15268917630406784,0.014751617421415958,0.02353772028699515,0.4187563359737396,24,enddA,1,11.5
student_enddA_s1,test_w37-40,all,near,0.9308752814926521,100000,12184,0.89032,0.824585847792067,0.8545884549409061,0.6643959290873277,0.8038118491464215,0.7216055482600132,0.6903315824031516,0.670344766086671,0.01648485202796755,0.4136978089809418,0.15268917630406784,0.014751617421415958,0.02353772028699515,0.4187563359737396,24,enddA,1,11.5
student_enddA_s1,test_w37-40,all,far,0.9308752814926521,100000,87816,0.89032,0.824585847792067,0.8575098035665483,0.669080805320215,0.8053873069827823,0.7805383817299809,0.6517946615650907,0.7219661146032614,0.01648485202796755,0.4136978089809418,0.15268917630406784,0.014751617421415958,0.02353772028699515,0.4187563359737396,24,enddA,1,11.5
student_enddA_s1,test_w37-40,ge5,all,0.9308752814926521,95295,92226,0.8990503174353324,0.830788742456543,0.8614540633681088,0.6459892004423915,0.8128372252429216,0.7765382085105198,0.6541647691540347,0.7227522997498098,0.014053474737336993,0.383289098739624,0.14317675465494778,0.013254465395752146,0.020507394614099693,0.38747918605804443,24,enddA,1,11.5
student_enddA_s1,test_w37-40,ge5,near,0.9308752814926521,95295,11717,0.8990503174353324,0.830788742456543,0.8593831314065002,0.6493983101476487,0.8123072242264752,0.7250134672296383,0.6893402748143723,0.6772461242663889,0.014053474737336993,0.383289098739624,0.14317675465494778,0.013254465395752146,0.020507394614099693,0.38747918605804443,24,enddA,1,11.5
student_enddA_s1,test_w37-40,ge5,far,0.9308752814926521,95295,80509,0.8990503174353324,0.830788742456543,0.8617554596069663,0.6454930504664075,0.812914359748501,0.7840369402496804,0.6490454483349688,0.729375110344144,0.014053474737336993,0.383289098739624,0.14317675465494778,0.013254465395752146,0.020507394614099693,0.38747918605804443,24,enddA,1,11.5
student_enddA_s1,test_w41-44,all,all,0.9308752814926521,100000,100000,0.88331,0.8146542889194798,0.8454465102,0.69881,0.7910643391000001,0.7575716041000001,0.71648,0.7012918090999999,0.018626895355656734,0.4608946740627289,0.1649395821733962,0.01723535173670565,0.027977184266746023,0.4685139060020447,24,enddA,1,15.5
student_enddA_s1,test_w41-44,all,near,0.9308752814926521,100000,11009,0.88331,0.8146542889194798,0.8342660459623945,0.7028794622581525,0.7821796339358708,0.7020873489871924,0.7276773548914525,0.6518120673994006,0.018626895355656734,0.4608946740627289,0.1649395821733962,0.01723535173670565,0.027977184266746023,0.4685139060020447,24,enddA,1,15.5
student_enddA_s1,test_w41-44,all,far,0.9308752814926521,100000,88991,0.88331,0.8146542889194798,0.846829635805868,0.6983065703273365,0.7921634583272467,0.7644355135350765,0.7150947848658853,0.7074129053499791,0.018626895355656734,0.4608946740627289,0.1649395821733962,0.01723535173670565,0.027977184266746023,0.4685139060020447,24,enddA,1,15.5
student_enddA_s1,test_w41-44,ge5,all,0.9308752814926521,95403,93678,0.8918063373269184,0.8217464092216404,0.8498878257019676,0.6790068105638464,0.79918318969614,0.7640894042429889,0.7033882021392429,0.7107578942490528,0.01606175354377678,0.4272301495075226,0.15429330105794495,0.01551855364316188,0.024550414285282342,0.4336561858654022,24,enddA,1,15.5
student_enddA_s1,test_w41-44,ge5,near,0.9308752814926521,95403,10688,0.8918063373269184,0.8217464092216404,0.839337624847001,0.6902133233532934,0.7910588115144197,0.7080869078484018,0.71875,0.6606162615807973,0.01606175354377678,0.4272301495075226,0.15429330105794495,0.01551855364316188,0.024550414285282342,0.4336561858654022,24,enddA,1,15.5
student_enddA_s1,test_w41-44,ge5,far,0.9308752814926521,95403,82990,0.8918063373269184,0.8217464092216404,0.8512465502077864,0.6775635618749247,0.800229500745739,0.7713017753896976,0.7014098084106519,0.7172154646787229,0.01606175354377678,0.4272301495075226,0.15429330105794495,0.01551855364316188,0.024550414285282342,0.4336561858654022,24,enddA,1,15.5
student_enddA_s1,test_w45-48,all,all,0.9308752814926521,100000,100000,0.85648,0.7861797666286898,0.8246972940499999,0.74454,0.757629626,0.7397127512499999,0.78443,0.6710783121,0.029422187292426835,0.6152459383010864,0.20568081672100796,0.02551305649174496,0.041518216216564166,0.6301663517951965,24,enddA,1,19.5
student_enddA_s1,test_w45-48,all,near,0.9308752814926521,100000,10212,0.85648,0.7861797666286898,0.8100782349197023,0.7296318057187623,0.7444940716803761,0.676512437818253,0.7712495103799452,0.6153782912260086,0.029422187292426835,0.6152459383010864,0.20568081672100796,0.02551305649174496,0.041518216216564166,0.6301663517951965,24,enddA,1,19.5
student_enddA_s1,test_w45-48,all,far,0.9308752814926521,100000,89788,0.85648,0.7861797666286898,0.8263599865238116,0.7462355771372566,0.7591235926849913,0.7469008120238785,0.7859290773822782,0.6774133302891256,0.029422187292426835,0.6152459383010864,0.20568081672100796,0.02551305649174496,0.041518216216564166,0.6301663517951965,24,enddA,1,19.5
student_enddA_s1,test_w45-48,ge5,all,0.9308752814926521,95040,92738,0.8675399831649832,0.7953367230572133,0.8278583620804616,0.7297008777415946,0.7669399623694586,0.744326891095678,0.7735879574715866,0.6812205654285963,0.023160319429467932,0.5582659840583801,0.19009443019899802,0.021233153758677358,0.03419252662364432,0.5699272155761719,24,enddA,1,19.5
student_enddA_s1,test_w45-48,ge5,near,0.9308752814926521,95040,9889,0.8675399831649832,0.7953367230572133,0.8134490492828987,0.7192840529881687,0.7543146891352599,0.6822870398672742,0.7660026291839418,0.6261294433872551,0.023160319429467932,0.5582659840583801,0.19009443019899802,0.021233153758677358,0.03419252662364432,0.5699272155761719,24,enddA,1,19.5
student_enddA_s1,test_w45-48,ge5,far,0.9308752814926521,95040,82849,0.8675399831649832,0.7953367230572133,0.8295782825895213,0.730944247969197,0.7684469368291744,0.7517320750906288,0.7744933553814771,0.6877963370838588,0.023160319429467932,0.5582659840583801,0.19009443019899802,0.021233153758677358,0.03419252662364432,0.5699272155761719,24,enddA,1,19.5
student_enddA_s1,test_w49-51,all,all,0.9308752814926521,100000,100000,0.83207,0.7568482185901698,0.81378626905,0.7882,0.7378615707,0.730974664,0.81074,0.6503872070000001,0.043101470199599874,0.72852623462677,0.23611109701776484,0.03138038960412149,0.05593369505405425,0.7487086653709412,24,enddA,1,23.0
student_enddA_s1,test_w49-51,all,near,0.9308752814926521,100000,12082,0.83207,0.7568482185901698,0.8085893237874523,0.7549246813441484,0.730876145505711,0.6848626361529548,0.7704022512829002,0.609183629365999,0.043101470199599874,0.72852623462677,0.23611109701776484,0.03138038960412149,0.05593369505405425,0.7487086653709412,24,enddA,1,23.0
student_enddA_s1,test_w49-51,all,far,0.9308752814926521,100000,87918,0.83207,0.7568482185901698,0.8145004515002615,0.7927728110284583,0.7388215323369504,0.7373115406401419,0.81628335494438,0.6560495471917014,0.043101470199599874,0.72852623462677,0.23611109701776484,0.03138038960412149,0.05593369505405425,0.7487086653709412,24,enddA,1,23.0
student_enddA_s1,test_w49-51,ge5,all,0.9308752814926521,94427,93681,0.8441441536848571,0.7666250427877372,0.8176536889216836,0.7709887810762054,0.74848767766505,0.7370510760428061,0.8058090754795529,0.6625987425450657,0.03508671304049252,0.664680540561676,0.2194761562452195,0.026212996218111673,0.04759581953077871,0.6810478568077087,24,enddA,1,23.0
student_enddA_s1,test_w49-51,ge5,near,0.9308752814926521,94427,11739,0.8441441536848571,0.7666250427877372,0.812584644567318,0.7442712326433256,0.7420121605185446,0.6906400420901965,0.7685492801771872,0.6209931569149629,0.03508671304049252,0.664680540561676,0.2194761562452195,0.026212996218111673,0.04759581953077871,0.6810478568077087,24,enddA,1,23.0
student_enddA_s1,test_w49-51,ge5,far,0.9308752814926521,94427,81942,0.8441441536848571,0.7666250427877372,0.8183798795403637,0.7748163335041859,0.7494153593884985,0.7436999145818908,0.8111469087891435,0.6685591531978662,0.03508671304049252,0.664680540561676,0.2194761562452195,0.026212996218111673,0.04759581953077871,0.6810478568077087,24,enddA,1,23.0
student_kdA4_s1,val,all,all,1.6337335328020652,200000,37194,0.939415,0.8986513482929337,0.8801625315911168,0.6759423562940259,0.8579289979566597,0.8654913689708017,0.5654675485293327,0.8367215861429262,0.029468532478697608,0.24816952645778656,0.09227090450382952,0.004635754436874369,0.005131915828734683,0.20571179687976837,24,kdA4,1,1.0
student_kdA4_s1,val,all,near,1.6337335328020652,200000,10090,0.939415,0.8986513482929337,0.8720937631318136,0.7232903865213082,0.851863306739346,0.8043722827056491,0.7303270564915758,0.7821714415262637,0.029468532478697608,0.24816952645778656,0.09227090450382952,0.004635754436874369,0.005131915828734683,0.20571179687976837,24,kdA4,1,1.0
student_kdA4_s1,val,all,far,1.6337335328020652,200000,27104,0.939415,0.8986513482929337,0.8831662902154663,0.6583161157024794,0.8601870714654662,0.8882441575044274,0.5040953364817001,0.857028956242621,0.029468532478697608,0.24816952645778656,0.09227090450382952,0.004635754436874369,0.005131915828734683,0.20571179687976837,24,kdA4,1,1.0
student_kdA4_s1,val,ge5,all,1.6337335328020652,191393,35514,0.946032509025931,0.905829094138804,0.8899454521650545,0.6554035028439489,0.8700572596379098,0.8754919840075197,0.5199639578757673,0.8487029107284519,0.0265684826032744,0.21965359151363373,0.08235888195178911,0.003796789814840427,0.004137517993207159,0.18045100569725037,24,kdA4,1,1.0
student_kdA4_s1,val,ge5,near,1.6337335328020652,191393,9767,0.946032509025931,0.905829094138804,0.8808600715491387,0.707586771782533,0.8629989788066025,0.8154968561123903,0.694481417016484,0.7948714101059586,0.0265684826032744,0.21965359151363373,0.08235888195178911,0.003796789814840427,0.004137517993207159,0.18045100569725037,24,kdA4,1,1.0
student_kdA4_s1,val,ge5,far,1.6337335328020652,191393,25747,0.946032509025931,0.905829094138804,0.893391947386853,0.6356080320037286,0.8727347843545517,0.8982508457837162,0.4537616032935876,0.8691236302911154,0.0265684826032744,0.21965359151363373,0.08235888195178911,0.003796789814840427,0.004137517993207159,0.18045100569725037,24,kdA4,1,1.0
student_kdA4_s1,test_w29-32,all,all,1.6337335328020652,100000,100000,0.92241,0.8614814340933235,0.8637007653,0.69886,0.8314260125,0.8427772743999999,0.56173,0.8030667949,0.04164691538825631,0.3550527095794678,0.12081624612228288,0.008025720876051872,0.011840827755182998,0.27914535999298096,24,kdA4,1,3.5
student_kdA4_s1,test_w29-32,all,near,1.6337335328020652,100000,16111,0.92241,0.8614814340933235,0.8597312721122214,0.7340326485010241,0.8296952206566942,0.8412505915213209,0.6139283719198063,0.8033704475203277,0.04164691538825631,0.3550527095794678,0.12081624612228288,0.008025720876051872,0.011840827755182998,0.27914535999298096,24,kdA4,1,3.5
student_kdA4_s1,test_w29-32,all,far,1.6337335328020652,100000,83889,0.92241,0.8614814340933235,0.8644631120289906,0.6921050435694787,0.83175841349879,0.8430704759861245,0.5517052295294973,0.803008477988771,0.04164691538825631,0.3550527095794678,0.12081624612228288,0.008025720876051872,0.011840827755182998,0.27914535999298096,24,kdA4,1,3.5
student_kdA4_s1,test_w29-32,ge5,all,1.6337335328020652,95313,94723,0.9296318445542581,0.867976322239469,0.8696659416494588,0.6847544946845011,0.8404389083465094,0.8485498166476143,0.529142869208112,0.8117753111542498,0.038152554344538306,0.3248351216316223,0.11006334488828323,0.006888548225514958,0.011776572482749959,0.25266075134277344,24,kdA4,1,3.5
student_kdA4_s1,test_w29-32,ge5,near,1.6337335328020652,95313,15529,0.9296318445542581,0.867976322239469,0.8671706675782116,0.7246442140511301,0.8400524711186119,0.8491261662466781,0.5777577435765342,0.8141046170477537,0.038152554344538306,0.3248351216316223,0.11006334488828323,0.006888548225514958,0.011776572482749959,0.25266075134277344,24,kdA4,1,3.5
student_kdA4_s1,test_w29-32,ge5,far,1.6337335328020652,95313,79194,0.9296318445542581,0.867976322239469,0.8701552351698315,0.6769325959037301,0.8405146840834593,0.8484368013570132,0.5196100714700609,0.8113185620164336,0.038152554344538306,0.3248351216316223,0.11006334488828323,0.006888548225514958,0.011776572482749959,0.25266075134277344,24,kdA4,1,3.5
student_kdA4_s1,test_w33-36,all,all,1.6337335328020652,100000,100000,0.89617,0.8300681710128079,0.8490120964000001,0.72729,0.8016018147000001,0.8278323218,0.59942,0.7718896245,0.061330314762592354,0.5235106348991394,0.16482498855632893,0.013765605249445685,0.02831383815690874,0.3924400806427002,24,kdA4,1,7.5
student_kdA4_s1,test_w33-36,all,near,1.6337335328020652,100000,15732,0.89617,0.8300681710128079,0.8444951455631833,0.7563564708873634,0.8001589804220696,0.8280077345537757,0.6390160183066361,0.7742503121027207,0.061330314762592354,0.5235106348991394,0.16482498855632893,0.013765605249445685,0.02831383815690874,0.3924400806427002,24,kdA4,1,7.5
student_kdA4_s1,test_w33-36,all,far,1.6337335328020652,100000,84268,0.89617,0.8300681710128079,0.849855366331229,0.7218635781079413,0.8018711775525704,0.8277995739782599,0.5920278160155694,0.7714489075331087,0.061330314762592354,0.5235106348991394,0.16482498855632893,0.013765605249445685,0.02831383815690874,0.3924400806427002,24,kdA4,1,7.5
student_kdA4_s1,test_w33-36,ge5,all,1.6337335328020652,95121,93782,0.9070341985471136,0.8388785061864317,0.85330636492029,0.7219935595316799,0.8118642002830592,0.8317937017417386,0.5726045509799322,0.7817166900494011,0.05382484074109934,0.472322553396225,0.14818493630425444,0.011522538594763109,0.024505114801400912,0.35408544540405273,24,kdA4,1,7.5
student_kdA4_s1,test_w33-36,ge5,near,1.6337335328020652,95121,15221,0.9070341985471136,0.8388785061864317,0.8514812189035338,0.7532356612574732,0.8126314491697237,0.8361640927580246,0.6093554956967348,0.7876970819322509,0.05382484074109934,0.472322553396225,0.14818493630425444,0.011522538594763109,0.024505114801400912,0.35408544540405273,24,kdA4,1,7.5
student_kdA4_s1,test_w33-36,ge5,far,1.6337335328020652,95121,78561,0.9070341985471136,0.8388785061864317,0.8536599824597949,0.7159404793727168,0.811715547703485,0.8309469492607506,0.5654841460775702,0.7805580038711591,0.05382484074109934,0.472322553396225,0.14818493630425444,0.011522538594763109,0.024505114801400912,0.35408544540405273,24,kdA4,1,7.5
student_kdA4_s1,test_w37-40,all,all,1.6337335328020652,100000,100000,0.87931,0.8119535991599541,0.8473363242499998,0.7217,0.7891055476000001,0.8366397646499999,0.60603,0.7684830391999999,0.0719596028596163,0.6316172480583191,0.1918261946715574,0.01740915473492031,0.035350122647657946,0.46775293350219727,24,kdA4,1,11.5
student_kdA4_s1,test_w37-40,all,near,1.6337335328020652,100000,12184,0.87931,0.8119535991599541,0.8322399031516743,0.7495075508864084,0.7794557214379515,0.8221662060899539,0.6600459619172685,0.75844403890348,0.0719596028596163,0.6316172480583191,0.1918261946715574,0.01740915473492031,0.035350122647657946,0.46775293350219727,24,kdA4,1,11.5
student_kdA4_s1,test_w37-40,all,far,1.6337335328020652,100000,87816,0.87931,0.8119535991599541,0.8494308718798398,0.7178418511432997,0.7904444093331511,0.838647893436276,0.5985355743828004,0.7698758967614101,0.0719596028596163,0.6316172480583191,0.1918261946715574,0.01740915473492031,0.035350122647657946,0.46775293350219727,24,kdA4,1,11.5
student_kdA4_s1,test_w37-40,ge5,all,1.6337335328020652,95295,92226,0.8910645889081273,0.8204799085505642,0.8497321510292857,0.7173465183353935,0.7989174945947808,0.839600916960346,0.5799774467070024,0.7782398108178442,0.063433275315849,0.5708779096603394,0.17301940143363992,0.014594761919103059,0.030414296240138312,0.4236409366130829,24,kdA4,1,11.5
student_kdA4_s1,test_w37-40,ge5,near,1.6337335328020652,95295,11717,0.8910645889081273,0.8204799085505642,0.837613840614589,0.7455833404455066,0.7915089200533654,0.8285608333828934,0.6393274729026202,0.7711417454528204,0.063433275315849,0.5708779096603394,0.17301940143363992,0.014594761919103059,0.030414296240138312,0.4236409366130829,24,kdA4,1,11.5
student_kdA4_s1,test_w37-40,ge5,far,1.6337335328020652,95295,80509,0.8910645889081273,0.8204799085505642,0.8514958078021807,0.7132370294004396,0.799995712780347,0.8412076523474084,0.5713398502030829,0.7792728385772497,0.063433275315849,0.5708779096603394,0.17301940143363992,0.014594761919103059,0.030414296240138312,0.4236409366130829,24,kdA4,1,11.5
student_kdA4_s1,test_w41-44,all,all,1.6337335328020652,100000,100000,0.87079,0.8023302552699408,0.83800062415,0.73083,0.7754287610000001,0.8231705522,0.63248,0.7523894416999999,0.08014309220120312,0.7112360000610352,0.20719835455687396,0.020203222057535913,0.04091422255501152,0.5182541608810425,24,kdA4,1,15.5
student_kdA4_s1,test_w41-44,all,near,1.6337335328020652,100000,11009,0.87079,0.8023302552699408,0.8105016477427559,0.7730039058951766,0.756624549913707,0.7960449482241803,0.7043328186029613,0.732759715687165,0.08014309220120312,0.7112360000610352,0.20719835455687396,0.020203222057535913,0.04091422255501152,0.5182541608810425,24,kdA4,1,15.5
student_kdA4_s1,test_w41-44,all,far,1.6337335328020652,100000,88991,0.87079,0.8023302552699408,0.8414024988481981,0.7256127024081087,0.777755013765437,0.826526237316133,0.6235911496668203,0.7548178182063354,0.08014309220120312,0.7112360000610352,0.20719835455687396,0.020203222057535913,0.04091422255501152,0.5182541608810425,24,kdA4,1,15.5
student_kdA4_s1,test_w41-44,ge5,all,1.6337335328020652,95403,93678,0.8823936354202698,0.8116859152948297,0.8418055359763541,0.7233288498900489,0.7859341990322428,0.82830938346822,0.6072183436879524,0.7634192819107328,0.0718114514799186,0.6533746123313904,0.18880407348049918,0.017364946964727047,0.03597997563410813,0.4755899906158447,24,kdA4,1,15.5
student_kdA4_s1,test_w41-44,ge5,near,1.6337335328020652,95403,10688,0.8823936354202698,0.8116859152948297,0.8173334080871307,0.7672155688622755,0.7692992044510707,0.8044297002164031,0.688061377245509,0.7463536722897088,0.0718114514799186,0.6533746123313904,0.18880407348049918,0.017364946964727047,0.03597997563410813,0.4755899906158447,24,kdA4,1,15.5
student_kdA4_s1,test_w41-44,ge5,far,1.6337335328020652,95403,82990,0.8823936354202698,0.8116859152948297,0.8449572181414344,0.7176768285335583,0.7880765634385998,0.8313847667022894,0.5968068441980962,0.7656171037643235,0.0718114514799186,0.6533746123313904,0.18880407348049918,0.017364946964727047,0.03597997563410813,0.4755899906158447,24,kdA4,1,15.5
student_kdA4_s1,test_w45-48,all,all,1.6337335328020652,100000,100000,0.84176,0.7665927744649575,0.8184915737499999,0.78193,0.7442736225000001,0.8069848371,0.72263,0.7237114516,0.09955515224114064,0.9706999063491821,0.25335651173176243,0.028096942420809626,0.05463401438131932,0.6924594044685364,24,kdA4,1,19.5
student_kdA4_s1,test_w45-48,all,near,1.6337335328020652,100000,10212,0.84176,0.7665927744649575,0.7847076179984332,0.8024872698785742,0.7201771748922836,0.7718927971993733,0.7479435957696827,0.6980485164512338,0.09955515224114064,0.9706999063491821,0.25335651173176243,0.028096942420809626,0.05463401438131932,0.6924594044685364,24,kdA4,1,19.5
student_kdA4_s1,test_w45-48,all,far,1.6337335328020652,100000,89788,0.84176,0.7665927744649575,0.8223339775916604,0.7795919276518021,0.7470142217222792,0.8109760153361252,0.7197509689490801,0.7266302146166526,0.09955515224114064,0.9706999063491821,0.25335651173176243,0.028096942420809626,0.05463401438131932,0.6924594044685364,24,kdA4,1,19.5
student_kdA4_s1,test_w45-48,ge5,all,1.6337335328020652,95040,92738,0.8541456228956229,0.7765227620129656,0.8211829075438114,0.7712911643554962,0.7547631518781087,0.8104721354108235,0.6805732278030581,0.7343446821565958,0.08998119733688306,0.8689659237861633,0.23233080084200683,0.02391587575106634,0.04773156806381314,0.6238763928413391,24,kdA4,1,19.5
student_kdA4_s1,test_w45-48,ge5,near,1.6337335328020652,95040,9889,0.8541456228956229,0.7765227620129656,0.7895464024621106,0.7998786530488422,0.7323767674299199,0.7791413583878697,0.7384973202548286,0.7119142558153075,0.08998119733688306,0.8689659237861633,0.23233080084200683,0.02391587575106634,0.04773156806381314,0.6238763928413391,24,kdA4,1,19.5
student_kdA4_s1,test_w45-48,ge5,far,1.6337335328020652,95040,82849,0.8541456228956229,0.7765227620129656,0.8249590955334425,0.7678789122379268,0.7574352294627282,0.8142118311703379,0.6736593078975003,0.7370220166577846,0.08998119733688306,0.8689659237861633,0.23233080084200683,0.02391587575106634,0.04773156806381314,0.6238763928413391,24,kdA4,1,19.5
student_kdA4_s1,test_w49-51,all,all,1.6337335328020652,100000,100000,0.81847,0.7432006869423387,0.8114328005,0.80118,0.7265974123,0.7970687351000001,0.75874,0.7047009128,0.11820407391905785,1.1756526231765747,0.2910651589546184,0.03414887239040505,0.06947556434035297,0.8268861770629883,24,kdA4,1,23.0
student_kdA4_s1,test_w49-51,all,near,1.6337335328020652,100000,12082,0.81847,0.7432006869423387,0.7849010383214701,0.8131931799370965,0.7085074060585997,0.7693372905975833,0.7627048501903658,0.6849891714947857,0.11820407391905785,1.1756526231765747,0.2910651589546184,0.03414887239040505,0.06947556434035297,0.8268861770629883,24,kdA4,1,23.0
student_kdA4_s1,test_w49-51,all,far,1.6337335328020652,100000,87918,0.81847,0.7432006869423387,0.8150788883391342,0.7995291066675766,0.7290834044223025,0.8008796874928911,0.7581951363770787,0.7074097694442549,0.11820407391905785,1.1756526231765747,0.2910651589546184,0.03414887239040505,0.06947556434035297,0.8268861770629883,24,kdA4,1,23.0
student_kdA4_s1,test_w49-51,ge5,all,1.6337335328020652,94427,93681,0.8309487752443687,0.7516523993057644,0.8144568193726196,0.7945474535925108,0.7381286675517437,0.8023503344783257,0.7465761467106456,0.7173508162087571,0.10837152074825476,1.0597870349884033,0.2686966368856421,0.029145840652229017,0.062154783022356164,0.7499450445175171,24,kdA4,1,23.0
student_kdA4_s1,test_w49-51,ge5,near,1.6337335328020652,94427,11739,0.8309487752443687,0.7516523993057644,0.7897614682130886,0.80722378396797,0.7215091828664366,0.7773278095169425,0.7518527983644263,0.700041820294921,0.10837152074825476,1.0597870349884033,0.2686966368856421,0.029145840652229017,0.062154783022356164,0.7499450445175171,24,kdA4,1,23.0
student_kdA4_s1,test_w49-51,ge5,far,1.6337335328020652,94427,81942,0.8309487752443687,0.7516523993057644,0.8179946720887081,0.7927314441922335,0.7405095727129655,0.805935058069667,0.745820214297918,0.71983050065669,0.10837152074825476,1.0597870349884033,0.2686966368856421,0.029145840652229017,0.062154783022356164,0.7499450445175171,24,kdA4,1,23.0
student_kdB4_s1,val,all,all,1.7819785924888618,200000,37194,0.940315,0.9050829418047388,0.8757524291552401,0.6953540893692531,0.85530909259558,0.8588225120987256,0.5780502231542722,0.8315911273323654,0.031642695299312476,0.2653927206993103,0.09217660306926849,0.004513684600418224,0.0045392131178080735,0.20657069981098175,24,kdB4,1,1.0
student_kdB4_s1,val,all,near,1.7819785924888618,200000,10090,0.940315,0.9050829418047388,0.875818371655104,0.7091179385530227,0.8557043771060456,0.8120592517343905,0.7410307234886025,0.791632796333003,0.031642695299312476,0.2653927206993103,0.09217660306926849,0.004513684600418224,0.0045392131178080735,0.20657069981098175,24,kdB4,1,1.0
student_kdB4_s1,val,all,far,1.7819785924888618,200000,27104,0.940315,0.9050829418047388,0.8757278807556079,0.6902302243211335,0.8551619401195396,0.8762310605445691,0.5173775088547816,0.8464664062499999,0.031642695299312476,0.2653927206993103,0.09217660306926849,0.004513684600418224,0.0045392131178080735,0.20657069981098175,24,kdB4,1,1.0
student_kdB4_s1,val,ge5,all,1.7819785924888618,191393,35514,0.9474327692235348,0.9123015675074407,0.8858880255107962,0.6655685081939516,0.8679065637052142,0.869659922290843,0.5376752829869911,0.8444627064435088,0.028099845441573557,0.23408888280391693,0.08184667645192394,0.003682189403220357,0.003941009575742754,0.1803472638130188,24,kdB4,1,1.0
student_kdB4_s1,val,ge5,near,1.7819785924888618,191393,9767,0.9474327692235348,0.9123015675074407,0.8843945816699176,0.6883382819698987,0.866785736861155,0.823964419096275,0.7123988942356916,0.8051362077884887,0.028099845441573557,0.23408888280391693,0.08184667645192394,0.003682189403220357,0.003941009575742754,0.1803472638130188,24,kdB4,1,1.0
student_kdB4_s1,val,ge5,far,1.7819785924888618,191393,25747,0.9474327692235348,0.9123015675074407,0.8864545562131638,0.6569309045714063,0.8683317439509098,0.886994290555159,0.47139472559909895,0.8593810236207949,0.028099845441573557,0.23408888280391693,0.08184667645192394,0.003682189403220357,0.003941009575742754,0.1803472638130188,24,kdB4,1,1.0
student_kdB4_s1,test_w29-32,all,all,1.7819785924888618,100000,100000,0.92289,0.872110711391628,0.8609339384500001,0.7231,0.8320234712,0.8420369534000001,0.54796,0.8040628412,0.04519513032920661,0.3724781274795532,0.12077050082541056,0.0074992202326403575,0.012974152474552365,0.2746703326702118,24,kdB4,1,3.5
student_kdB4_s1,test_w29-32,all,near,1.7819785924888618,100000,16111,0.92289,0.872110711391628,0.8544834401961394,0.7102600707591087,0.8259261268698405,0.8156719548755509,0.5938799577928123,0.7806344180994352,0.04519513032920661,0.3724781274795532,0.12077050082541056,0.0074992202326403575,0.012974152474552365,0.2746703326702118,24,kdB4,1,3.5
student_kdB4_s1,test_w29-32,all,far,1.7819785924888618,100000,83889,0.92289,0.872110711391628,0.862172765678456,0.7255659264027465,0.83319447472255,0.8471003883107439,0.5391410077602546,0.8085623026856916,0.04519513032920661,0.3724781274795532,0.12077050082541056,0.0074992202326403575,0.012974152474552365,0.2746703326702118,24,kdB4,1,3.5
student_kdB4_s1,test_w29-32,ge5,all,1.7819785924888618,95313,94723,0.9305341349028988,0.8789814561451211,0.8675828005117603,0.7036728144167731,0.8417339134834257,0.8480574239929819,0.5237693062930862,0.8130604826931965,0.04115880221308567,0.3391507565975189,0.1094825119004406,0.00638114791510497,0.012542347004166676,0.2469346523284912,24,kdB4,1,3.5
student_kdB4_s1,test_w29-32,ge5,near,1.7819785924888618,95313,15529,0.9305341349028988,0.8789814561451211,0.8625410743853013,0.6900637516903857,0.836782468373414,0.8231935842939918,0.5732500482967351,0.7908730184251009,0.04115880221308567,0.3391507565975189,0.1094825119004406,0.00638114791510497,0.012542347004166676,0.2469346523284912,24,kdB4,1,3.5
student_kdB4_s1,test_w29-32,ge5,far,1.7819785924888618,95313,79194,0.9305341349028988,0.8789814561451211,0.8685714229455026,0.7063413894992044,0.8427048328853174,0.8529329267670004,0.5140667222264313,0.8174111801275888,0.04115880221308567,0.3391507565975189,0.1094825119004406,0.00638114791510497,0.012542347004166676,0.2469346523284912,24,kdB4,1,3.5
student_kdB4_s1,test_w33-36,all,all,1.7819785924888618,100000,100000,0.89688,0.8363365355489076,0.8480725031,0.73378,0.8032844674,0.82975336835,0.57873,0.7760114511999998,0.06678680944949392,0.5533744096755981,0.16775461843710676,0.013389378247704049,0.029265802213400596,0.38513410091400146,24,kdB4,1,7.5
student_kdB4_s1,test_w33-36,all,near,1.7819785924888618,100000,15732,0.89688,0.8363365355489076,0.8416564985380117,0.7349987287058225,0.7983757723112128,0.8047781420035596,0.6191202644291889,0.7550420321637427,0.06678680944949392,0.5533744096755981,0.16775461843710676,0.013389378247704049,0.029265802213400596,0.38513410091400146,24,kdB4,1,7.5
student_kdB4_s1,test_w33-36,all,far,1.7819785924888618,100000,84268,0.89688,0.8363365355489076,0.8492703075307353,0.7335524754355153,0.8042008720985429,0.8344159954549768,0.5711895381402193,0.7799262338016804,0.06678680944949392,0.5533744096755981,0.16775461843710676,0.013389378247704049,0.029265802213400596,0.38513410091400146,24,kdB4,1,7.5
student_kdB4_s1,test_w33-36,ge5,all,1.7819785924888618,95121,93782,0.906109061090611,0.8434254765321828,0.8531634231762094,0.7243287624490841,0.8137493293189619,0.8343350718164616,0.556652662557847,0.7852654304356181,0.0606624037854496,0.5061019062995911,0.15215429315159976,0.011374698910764008,0.027336538939735342,0.3502785563468933,24,kdB4,1,7.5
student_kdB4_s1,test_w33-36,ge5,near,1.7819785924888618,95121,15221,0.906109061090611,0.8434254765321828,0.8495388859592423,0.7220287760331121,0.810917304936662,0.8132212117968349,0.5982524144274358,0.7673313955499351,0.0606624037854496,0.5061019062995911,0.15215429315159976,0.011374698910764008,0.027336538939735342,0.3502785563468933,24,kdB4,1,7.5
student_kdB4_s1,test_w33-36,ge5,far,1.7819785924888618,95121,78561,0.906109061090611,0.8434254765321828,0.853865668323031,0.7247743791448683,0.814298027058591,0.8384258301234937,0.5485928132279375,0.7887401054651493,0.0606624037854496,0.5061019062995911,0.15215429315159976,0.011374698910764008,0.027336538939735342,0.3502785563468933,24,kdB4,1,7.5
student_kdB4_s1,test_w37-40,all,all,1.7819785924888618,100000,100000,0.87689,0.8154878112714445,0.84393009295,0.73181,0.7871288160000001,0.8359326826,0.60865,0.7688673507,0.08227553157061337,0.6816433072090149,0.20078650071467916,0.017461100989744422,0.04049147768735886,0.46633514761924744,24,kdB4,1,11.5
student_kdB4_s1,test_w37-40,all,near,1.7819785924888618,100000,12184,0.87689,0.8154878112714445,0.8318965910210112,0.7623933026920552,0.7788418384766908,0.8029237323539067,0.6408404464871963,0.7421197168417597,0.08227553157061337,0.6816433072090149,0.20078650071467916,0.017461100989744422,0.04049147768735886,0.46633514761924744,24,kdB4,1,11.5
student_kdB4_s1,test_w37-40,all,far,1.7819785924888618,100000,87816,0.87689,0.8154878112714445,0.8455996769381433,0.727566730436367,0.7882785897786281,0.8405124977794479,0.6041837478363852,0.7725784417418238,0.08227553157061337,0.6816433072090149,0.20078650071467916,0.017461100989744422,0.04049147768735886,0.46633514761924744,24,kdB4,1,11.5
student_kdB4_s1,test_w37-40,ge5,all,1.7819785924888618,95295,92226,0.8871189464295084,0.8223270969127348,0.8463737154412805,0.730791750699369,0.7965904260533001,0.8388033033646691,0.5773100860928588,0.777516637780691,0.0748414382677062,0.6242007613182068,0.18299794718135984,0.014904579283312045,0.03716702700174144,0.42602109909057617,24,kdB4,1,11.5
student_kdB4_s1,test_w37-40,ge5,near,1.7819785924888618,95295,11717,0.8871189464295084,0.8223270969127348,0.8382711858810047,0.7556541776905351,0.7909843786405388,0.8096231283492844,0.6183323376290859,0.7536471830915372,0.0748414382677062,0.6242007613182068,0.18299794718135984,0.014904579283312045,0.03716702700174144,0.42602109909057617,24,kdB4,1,11.5
student_kdB4_s1,test_w37-40,ge5,far,1.7819785924888618,95295,80509,0.8871189464295084,0.8223270969127348,0.8475529294280117,0.7271733595001801,0.7974063107063866,0.8430500846022358,0.5713398502030829,0.7809905152427489,0.0748414382677062,0.6242007613182068,0.18299794718135984,0.014904579283312045,0.03716702700174144,0.42602109909057617,24,kdB4,1,11.5
student_kdB4_s1,test_w41-44,all,all,1.7819785924888618,100000,100000,0.8708,0.8077017882124152,0.8354111926500001,0.74733,0.7764748082,0.8259541380000001,0.64222,0.7570369244,0.08701243413612247,0.7510409355163574,0.21070244685404577,0.019614609665025734,0.0446446018078923,0.5074589848518372,24,kdB4,1,15.5
student_kdB4_s1,test_w41-44,all,near,1.7819785924888618,100000,11009,0.8708,0.8077017882124152,0.814830891089109,0.7838132437096921,0.7614080361522391,0.7821447006994278,0.6913434462712327,0.7220303651557816,0.08701243413612247,0.7510409355163574,0.21070244685404577,0.019614609665025734,0.0446446018078923,0.5074589848518372,24,kdB4,1,15.5
student_kdB4_s1,test_w41-44,all,far,1.7819785924888618,100000,88991,0.8708,0.8077017882124152,0.8379571640390601,0.7428166893281343,0.7783387055994426,0.831373765774067,0.6361429807508624,0.7613675557078804,0.08701243413612247,0.7510409355163574,0.21070244685404577,0.019614609665025734,0.0446446018078923,0.5074589848518372,24,kdB4,1,15.5
student_kdB4_s1,test_w41-44,ge5,all,1.7819785924888618,95403,93678,0.8810624403844742,0.8153674248460367,0.8399571860675702,0.7406007814001153,0.7869779068396846,0.8314267208590543,0.593757338969662,0.7672134981409132,0.08002906591354597,0.6968669295310974,0.19358689451209224,0.017024359751279604,0.041857385309122676,0.4682493805885315,24,kdB4,1,15.5
student_kdB4_s1,test_w41-44,ge5,near,1.7819785924888618,95403,10688,0.8810624403844742,0.8153674248460367,0.8227497225016337,0.7737649700598802,0.7742424513100775,0.7908682081608928,0.6577470059880239,0.7347462642480204,0.08002906591354597,0.6968669295310974,0.19358689451209224,0.017024359751279604,0.041857385309122676,0.4682493805885315,24,kdB4,1,15.5
student_kdB4_s1,test_w41-44,ge5,far,1.7819785924888618,95403,82990,0.8810624403844742,0.8153674248460367,0.8421732768085358,0.7363296782744909,0.7886180628669222,0.8366501138427626,0.5855163272683456,0.7713948428312042,0.08002906591354597,0.6968669295310974,0.19358689451209224,0.017024359751279604,0.041857385309122676,0.4682493805885315,24,kdB4,1,15.5
student_kdB4_s1,test_w45-48,all,all,1.7819785924888618,100000,100000,0.83986,0.770060168979669,0.82022510245,0.79416,0.7458347497000001,0.8118239572999999,0.72616,0.7284836097999999,0.11172863213688139,1.0677416324615479,0.2645915747239043,0.028222036024518234,0.06349978609241544,0.6990510821342468,24,kdB4,1,19.5
student_kdB4_s1,test_w45-48,all,near,1.7819785924888618,100000,10212,0.83986,0.770060168979669,0.7944459655307482,0.8091461026243635,0.7268567939678809,0.7588520196827262,0.7621425773599687,0.6868727790834313,0.11172863213688139,1.0677416324615479,0.2645915747239043,0.028222036024518234,0.06349978609241544,0.6990510821342468,24,kdB4,1,19.5
student_kdB4_s1,test_w45-48,all,far,1.7819785924888618,100000,89788,0.83986,0.770060168979669,0.8231570816256071,0.7924555619904664,0.747993199425313,0.8178486980999687,0.7220675368646144,0.7332161999376309,0.11172863213688139,1.0677416324615479,0.2645915747239043,0.028222036024518234,0.06349978609241544,0.6990510821342468,24,kdB4,1,19.5
student_kdB4_s1,test_w45-48,ge5,all,1.7819785924888618,95040,92738,0.851925505050505,0.7795619058194934,0.8236096612289152,0.7846837326662209,0.7568759143368528,0.8155010191881034,0.7048674761155082,0.7391110728121647,0.10235072276288466,0.9490242004394531,0.24385708135282178,0.024102720674713675,0.057438983983181466,0.6250740885734558,24,kdB4,1,19.5
student_kdB4_s1,test_w45-48,ge5,near,1.7819785924888618,95040,9889,0.851925505050505,0.7795619058194934,0.8004919356541108,0.798361816159369,0.7397257910874682,0.7662053906740238,0.7404186469814946,0.7004161885055429,0.10235072276288466,0.9490242004394531,0.24385708135282178,0.024102720674713675,0.057438983983181466,0.6250740885734558,24,kdB4,1,19.5
student_kdB4_s1,test_w45-48,ge5,far,1.7819785924888618,95040,82849,0.851925505050505,0.7795619058194934,0.8263690329559032,0.7830510929522384,0.7589229827240772,0.8213850307075632,0.7006240268440175,0.7437297611597391,0.10235072276288466,0.9490242004394531,0.24385708135282178,0.024102720674713675,0.057438983983181466,0.6250740885734558,24,kdB4,1,19.5
student_kdB4_s1,test_w49-51,all,all,1.7819785924888618,100000,100000,0.81962,0.7438953642645726,0.8113218856999999,0.81969,0.7282114325,0.8004898649000001,0.76518,0.7097651614000002,0.12577508593693382,1.2625641822814941,0.2969518901139528,0.03436283884006963,0.0738871585600078,0.8195114731788635,24,kdB4,1,23.0
student_kdB4_s1,test_w49-51,all,near,1.7819785924888618,100000,12082,0.81962,0.7438953642645726,0.7912089827843072,0.8248634332064227,0.7131772363847045,0.7537192559178945,0.7827346465816918,0.6727989198808145,0.12577508593693382,1.2625641822814941,0.2969518901139528,0.03436283884006963,0.0738871585600078,0.8195114731788635,24,kdB4,1,23.0
student_kdB4_s1,test_w49-51,all,far,1.7819785924888618,100000,87918,0.81962,0.7438953642645726,0.8140858713801497,0.8189790486589776,0.7302774844741693,0.8069172460702018,0.7627675788803203,0.7148451919970883,0.12577508593693382,1.2625641822814941,0.2969518901139528,0.03436283884006963,0.0738871585600078,0.8195114731788635,24,kdB4,1,23.0
student_kdB4_s1,test_w49-51,ge5,all,1.7819785924888618,94427,93681,0.8324525824181643,0.7540723997126915,0.8147185955276433,0.8119896243635316,0.7401520352950282,0.8055776956641327,0.7568450379479297,0.7224464823352231,0.11547439965291477,1.1229075193405151,0.2743157509749922,0.02928608817322629,0.06690547687762158,0.7339498400688171,24,kdB4,1,23.0
student_kdB4_s1,test_w49-51,ge5,near,1.7819785924888618,94427,11739,0.8324525824181643,0.7540723997126915,0.7973044373371831,0.814294232898884,0.7269341710033068,0.7617827518761204,0.7767271488201721,0.6876840800725894,0.11547439965291477,1.1229075193405151,0.2743157509749922,0.02928608817322629,0.06690547687762158,0.7339498400688171,24,kdB4,1,23.0
student_kdB4_s1,test_w49-51,ge5,far,1.7819785924888618,94427,81942,0.8324525824181643,0.7540723997126915,0.8172133455093109,0.8116594664518806,0.7420456247719814,0.8118517534748706,0.7539967293939616,0.7274265394507566,0.11547439965291477,1.1229075193405151,0.2743157509749922,0.02928608817322629,0.06690547687762158,0.7339498400688171,24,kdB4,1,23.0
student_direct_s2,val,all,all,1.0816166176022575,200000,37194,0.953525,0.925129084413526,0.8967571475910092,0.5847448513201053,0.8783558811905143,0.8733300393208582,0.5706027853954939,0.8480862122923052,0.002451684110611716,0.16531191766262054,0.06807764637981281,0.003105861454956629,0.005254318219497802,0.16450640559196472,24,direct,2,1.0
student_direct_s2,val,all,near,1.0816166176022575,200000,10090,0.953525,0.925129084413526,0.8705027485133796,0.654410307234886,0.8546199544103072,0.7657027760158572,0.740832507433102,0.7475887314172447,0.002451684110611716,0.16531191766262054,0.06807764637981281,0.003105861454956629,0.005254318219497802,0.16450640559196472,24,direct,2,1.0
student_direct_s2,val,all,far,1.0816166176022575,200000,27104,0.953525,0.925129084413526,0.906530866846222,0.5588105076741441,0.8871920493285124,0.9133964164883411,0.5072314049586777,0.885498386953955,0.002451684110611716,0.16531191766262054,0.06807764637981281,0.003105861454956629,0.005254318219497802,0.16450640559196472,24,direct,2,1.0
student_direct_s2,val,ge5,all,1.0816166176022575,191393,35514,0.9580496674382031,0.9299302477064673,0.9055908034858853,0.5348594920313116,0.888629367040703,0.8859560475188852,0.5029565805034634,0.862275007687133,0.0023994144463212607,0.1472850739955902,0.06143281760811018,0.002590909175404513,0.0036287590074426425,0.14611731469631195,24,direct,2,1.0
student_direct_s2,val,ge5,near,1.0816166176022575,191393,9767,0.9580496674382031,0.9299302477064673,0.8787495083861169,0.628237944097471,0.8642545485460282,0.779670458458239,0.6959148151940207,0.7625908359514746,0.0023994144463212607,0.1472850739955902,0.06143281760811018,0.002590909175404513,0.0036287590074426425,0.14611731469631195,24,direct,2,1.0
student_direct_s2,val,ge5,far,1.0816166176022575,191393,25747,0.9580496674382031,0.9299302477064673,0.9157729190426271,0.49943682759156405,0.8978758366191973,0.9262749719899044,0.42975880685128365,0.9000897164043496,0.0023994144463212607,0.1472850739955902,0.06143281760811018,0.002590909175404513,0.0036287590074426425,0.14611731469631195,24,direct,2,1.0
student_directTS_s2,val,all,all,,200000,37194,0.953525,0.925129084413526,0.8975246578749261,0.5753347314082916,0.8789061305586923,0.8725774665268592,0.574205517018874,0.8472714745657901,0.005254318219497802,0.16450640559196472,0.06825475788549593,0.0031035428151656766,,,24,directTS,2,1.0
student_directTS_s2,val,all,near,,200000,10090,0.953525,0.925129084413526,0.8704470812685828,0.6521308225966304,0.8545151689791873,0.7644155327056492,0.7438057482656095,0.746261753221011,0.005254318219497802,0.16450640559196472,0.06825475788549593,0.0031035428151656766,,,24,directTS,2,1.0
student_directTS_s2,val,all,far,,200000,27104,0.953525,0.925129084413526,0.9076048212440968,0.546745867768595,0.8879861483544865,0.9128428853674735,0.5110684769775679,0.884874340872196,0.005254318219497802,0.16450640559196472,0.06825475788549593,0.0031035428151656766,,,24,directTS,2,1.0
student_directTS_s2,val,ge5,all,,191393,35514,0.9580496674382031,0.9299302477064673,0.9065580384116303,0.5296221208537478,0.8893428276167273,0.8853026185208722,0.5056034240018021,0.8615736258837519,0.0036287590074426425,0.14611731469631195,0.06147713369420349,0.0025844003923231086,,,24,directTS,2,1.0
student_directTS_s2,val,ge5,near,,191393,9767,0.9580496674382031,0.9299302477064673,0.8789763603961777,0.623221050476093,0.8643950610488376,0.7784783232945633,0.6979625268762158,0.7613659081177497,0.0036287590074426425,0.14611731469631195,0.06147713369420349,0.0025844003923231086,,,24,directTS,2,1.0
student_directTS_s2,val,ge5,far,,191393,25747,0.9580496674382031,0.9299302477064673,0.9170210146487425,0.4941158193187556,0.8988066422774095,0.9258258985719601,0.4326329281081291,0.8995869392569817,0.0036287590074426425,0.14611731469631195,0.06147713369420349,0.0025844003923231086,,,24,directTS,2,1.0
student_direct_s2,test_w29-32,all,all,1.0816166176022575,100000,100000,0.93687,0.889726909983707,0.8809710718499999,0.61722,0.8530973298999999,0.86924346145,0.53868,0.8330162508,0.01009722227022053,0.24029181897640228,0.0934034795242702,0.005722344195651068,0.005349886147081865,0.23551392555236816,24,direct,2,3.5
student_direct_s2,test_w29-32,all,near,1.0816166176022575,100000,16111,0.93687,0.889726909983707,0.8705928120538763,0.6624666377009497,0.8453274346719634,0.8779325423623612,0.5769970827385017,0.842978800819316,0.01009722227022053,0.24029181897640228,0.0934034795242702,0.005722344195651068,0.005349886147081865,0.23551392555236816,24,direct,2,3.5
student_direct_s2,test_w29-32,all,far,1.0816166176022575,100000,83889,0.93687,0.889726909983707,0.8829642311864487,0.6085303198273909,0.85458954916616,0.8675747112851506,0.5313211505680125,0.8311029291087032,0.01009722227022053,0.24029181897640228,0.0934034795242702,0.005722344195651068,0.005349886147081865,0.23551392555236816,24,direct,2,3.5
student_direct_s2,test_w29-32,ge5,all,1.0816166176022575,95313,94723,0.9416029292961086,0.8940579601567967,0.8876032073813229,0.5971516949420943,0.8614172588047249,0.8789485568592099,0.4873367608711717,0.8448972098587563,0.010944148324172148,0.22250032424926758,0.08666045532031015,0.0049987279265391055,0.006122590004650498,0.21728485822677612,24,direct,2,3.5
student_direct_s2,test_w29-32,ge5,near,1.0816166176022575,95313,15529,0.9416029292961086,0.8940579601567967,0.8789321392973894,0.6465966900637516,0.8552020306181807,0.8905214795263249,0.5331315603065233,0.8576489989875973,0.010944148324172148,0.22250032424926758,0.08666045532031015,0.0049987279265391055,0.006122590004650498,0.21728485822677612,24,direct,2,3.5
student_direct_s2,test_w29-32,ge5,far,1.0816166176022575,95313,79194,0.9416029292961086,0.8940579601567967,0.8893035005383222,0.5874561204131626,0.8626359910130851,0.8766792445868457,0.4783569462333005,0.842396735916516,0.010944148324172148,0.22250032424926758,0.08666045532031015,0.0049987279265391055,0.006122590004650498,0.21728485822677612,24,direct,2,3.5
student_directTS_s2,test_w29-32,all,all,,100000,100000,0.93687,0.889726909983707,0.88189191315,0.61068,0.8537250175,0.8687049879000001,0.53995,0.8324202129,0.005349886147081865,0.23551392555236816,0.09317226133131146,0.005714251761742109,,,24,directTS,2,3.5
student_directTS_s2,test_w29-32,all,near,,100000,16111,0.93687,0.889726909983707,0.871717321084973,0.6573769474272236,0.8462134833343679,0.8775133408851096,0.5770591521320837,0.8424652926571907,0.005349886147081865,0.23551392555236816,0.09317226133131146,0.005714251761742109,,,24,directTS,2,3.5
student_directTS_s2,test_w29-32,all,far,,100000,83889,0.93687,0.889726909983707,0.8838459578133009,0.6017117858122042,0.8551676181620952,0.8670133313664485,0.5328231353335956,0.8304910412568992,0.005349886147081865,0.23551392555236816,0.09317226133131146,0.005714251761742109,,,24,directTS,2,3.5
student_directTS_s2,test_w29-32,ge5,all,,95313,94723,0.9416029292961086,0.8940579601567967,0.8887224221539011,0.5874180505262714,0.8622181723023249,0.8784816213950012,0.489764893426095,0.8443862447838945,0.006122590004650498,0.21728485822677612,0.08631885172030368,0.00498228127428161,,,24,directTS,2,3.5
student_directTS_s2,test_w29-32,ge5,near,,95313,15529,0.9416029292961086,0.8940579601567967,0.8802846009099192,0.6408654774937215,0.8563008279183864,0.8901306009294164,0.5346126601841715,0.8571815706254134,0.006122590004650498,0.21728485822677612,0.08631885172030368,0.00498228127428161,,,24,directTS,2,3.5
student_directTS_s2,test_w29-32,ge5,far,,95313,79194,0.9416029292961086,0.8940579601567967,0.8903769783841431,0.5769376467914236,0.8633784930455402,0.8761973952769879,0.480970780614693,0.8418772338109299,0.006122590004650498,0.21728485822677612,0.08631885172030368,0.00498228127428161,,,24,directTS,2,3.5
student_direct_s2,test_w33-36,all,all,1.0816166176022575,100000,100000,0.91337,0.8553441127548521,0.86208631675,0.69335,0.8233986171000001,0.8526320757499999,0.603,0.8039628451999999,0.021155943626910416,0.3400987982749939,0.12699678332534778,0.010080210850771824,0.015199430254399755,0.33053991198539734,24,direct,2,7.5
student_direct_s2,test_w33-36,all,near,1.0816166176022575,100000,15732,0.91337,0.8553441127548521,0.855837506992118,0.7157386219171116,0.8194450222476481,0.867464079265192,0.6121917111619629,0.8190361810322909,0.021155943626910416,0.3400987982749939,0.12699678332534778,0.010080210850771824,0.015199430254399755,0.33053991198539734,24,direct,2,7.5
student_direct_s2,test_w33-36,all,far,1.0816166176022575,100000,84268,0.91337,0.8553441127548521,0.8632529075687093,0.6891702662932548,0.8241367140551573,0.8498630877675987,0.6012839986709071,0.8011488028670432,0.021155943626910416,0.3400987982749939,0.12699678332534778,0.010080210850771824,0.015199430254399755,0.33053991198539734,24,direct,2,7.5
student_direct_s2,test_w33-36,ge5,all,1.0816166176022575,95121,93782,0.9213317774203383,0.8615501385830672,0.8689576233186439,0.6688703589174895,0.8328140528517929,0.8622296660197188,0.5589025612590902,0.8169153558068385,0.020627717242398202,0.3190310299396515,0.11850959260669992,0.00884734953115861,0.015206760666488482,0.30912336707115173,24,direct,2,7.5
student_direct_s2,test_w33-36,ge5,near,1.0816166176022575,95121,15221,0.9213317774203383,0.8615501385830672,0.8652015707480931,0.6862886801130018,0.8309519429442356,0.8805478182708999,0.5671112279088102,0.8352609377523732,0.020627717242398202,0.3190310299396515,0.11850959260669992,0.00884734953115861,0.015206760666488482,0.30912336707115173,24,direct,2,7.5
student_direct_s2,test_w33-36,ge5,far,1.0816166176022575,95121,78561,0.9213317774203383,0.8615501385830672,0.8696853492408746,0.6654956021435572,0.8331748320539788,0.858680569197947,0.5573121523402197,0.8133609445494336,0.020627717242398202,0.3190310299396515,0.11850959260669992,0.00884734953115861,0.015206760666488482,0.30912336707115173,24,direct,2,7.5
student_directTS_s2,test_w33-36,all,all,,100000,100000,0.91337,0.8553441127548521,0.8630839585,0.68222,0.8240839763999999,0.8520699777,0.59683,0.8033310436000002,0.015199430254399755,0.33053991198539734,0.12625264397490782,0.010047093078274776,,,24,directTS,2,7.5
student_directTS_s2,test_w33-36,all,near,,100000,15732,0.91337,0.8553441127548521,0.857037091278922,0.7052504449529621,0.8203652313755402,0.867071741037376,0.6041825578438851,0.8185200464022374,0.015199430254399755,0.33053991198539734,0.12625264397490782,0.010047093078274776,,,24,directTS,2,7.5
student_directTS_s2,test_w33-36,all,far,,100000,84268,0.91337,0.8553441127548521,0.8642128486495467,0.6779204442967675,0.8247782292210566,0.8492692972421323,0.5954573503583804,0.800495407390706,0.015199430254399755,0.33053991198539734,0.12625264397490782,0.010047093078274776,,,24,directTS,2,7.5
student_directTS_s2,test_w33-36,ge5,all,,95121,93782,0.9213317774203383,0.8615501385830672,0.8701282403689595,0.6600733616258984,0.8336403224877011,0.8617283672684984,0.5596916252585784,0.8163728647647112,0.015206760666488482,0.30912336707115173,0.11772591705141609,0.008807134318225242,,,24,directTS,2,7.5
student_directTS_s2,test_w33-36,ge5,near,,95121,15221,0.9213317774203383,0.8615501385830672,0.8665934137942974,0.6792589185993035,0.8320500467255376,0.8801763872353616,0.5664542408514552,0.8348086975367065,0.015206760666488482,0.30912336707115173,0.11772591705141609,0.008807134318225242,,,24,directTS,2,7.5
student_directTS_s2,test_w33-36,ge5,far,,95121,78561,0.9213317774203383,0.8615501385830672,0.8708131043000824,0.6563562072784206,0.8339484344946244,0.8581541088970974,0.5583813851656675,0.8128009676322594,0.015206760666488482,0.30912336707115173,0.11772591705141609,0.008807134318225242,,,24,directTS,2,7.5
student_direct_s2,test_w37-40,all,all,1.0816166176022575,100000,100000,0.89608,0.8379139329128895,0.8578154513,0.68384,0.8089533745,0.85222062885,0.61345,0.7938057452999999,0.03098894558370116,0.4159678816795349,0.15049498424653035,0.013578637471653379,0.023612721242755617,0.40301182866096497,24,direct,2,11.5
student_direct_s2,test_w37-40,all,near,1.0816166176022575,100000,12184,0.89608,0.8379139329128895,0.8436219804661851,0.7252133946158897,0.7993449294156271,0.8556436301707158,0.6270518713066316,0.7990722176625082,0.03098894558370116,0.4159678816795349,0.15049498424653035,0.013578637471653379,0.023612721242755617,0.40301182866096497,24,direct,2,11.5
student_direct_s2,test_w37-40,all,far,1.0816166176022575,100000,87816,0.89608,0.8379139329128895,0.8597847194133188,0.6780996629315842,0.8102864948300994,0.8517457057369956,0.6115628131547781,0.7930750504463879,0.03098894558370116,0.4159678816795349,0.15049498424653035,0.013578637471653379,0.023612721242755617,0.40301182866096497,24,direct,2,11.5
student_direct_s2,test_w37-40,ge5,all,1.0816166176022575,95295,92226,0.9051471745631985,0.8442877938115609,0.8626419285487266,0.6889814152191356,0.8172567421347632,0.8605399989643719,0.5810508967102552,0.805828308279317,0.029707555055580762,0.38884422183036804,0.1413886484168592,0.012078909556237805,0.02288284831918279,0.37593188881874084,24,direct,2,11.5
student_direct_s2,test_w37-40,ge5,near,1.0816166176022575,95295,11717,0.9051471745631985,0.8442877938115609,0.851644752911326,0.7182725953742426,0.8101208018010382,0.8670296877491094,0.6051036954851925,0.8140447278023208,0.029707555055580762,0.38884422183036804,0.1413886484168592,0.012078909556237805,0.02288284831918279,0.37593188881874084,24,direct,2,11.5
student_direct_s2,test_w37-40,ge5,far,1.0816166176022575,95295,80509,0.9051471745631985,0.8442877938115609,0.8642424192633475,0.6847184786794023,0.8182952820854552,0.8595955122176633,0.5775503359872809,0.8046325191433068,0.029707555055580762,0.38884422183036804,0.1413886484168592,0.012078909556237805,0.02288284831918279,0.37593188881874084,24,direct,2,11.5
student_directTS_s2,test_w37-40,all,all,,100000,100000,0.89608,0.8379139329128895,0.8590322576,0.67295,0.8097692058999999,0.85157237325,0.61633,0.7931120032,0.023612721242755617,0.40301182866096497,0.14935919161606667,0.013527818339304387,,,24,directTS,2,11.5
student_directTS_s2,test_w37-40,all,near,,100000,12184,0.89608,0.8379139329128895,0.8449969656927119,0.7169238345370978,0.8003647242284964,0.8552372414642153,0.6281188443860801,0.7985445961917268,0.023612721242755617,0.40301182866096497,0.14935919161606667,0.013527818339304387,,,24,directTS,2,11.5
student_directTS_s2,test_w37-40,all,far,,100000,87816,0.89608,0.8379139329128895,0.8609795792338526,0.6668488658103306,0.8110740273981961,0.8510638924000182,0.6146943609365036,0.7923582599981781,0.023612721242755617,0.40301182866096497,0.14935919161606667,0.013527818339304387,,,24,directTS,2,11.5
student_directTS_s2,test_w37-40,ge5,all,,95295,92226,0.9051471745631985,0.8442877938115609,0.8640459646127816,0.6761867586147073,0.8182049294800148,0.8599877212231086,0.5828291371196842,0.8052526687160514,0.02288284831918279,0.37593188881874084,0.14025117191465689,0.012019560652973741,,,24,directTS,2,11.5
student_directTS_s2,test_w37-40,ge5,near,,95295,11717,0.9051471745631985,0.8442877938115609,0.853190514626374,0.7128957924383375,0.8113046990993675,0.8666389783371824,0.6044209268584109,0.8135749271733841,0.02288284831918279,0.37593188881874084,0.14025117191465689,0.012019560652973741,,,24,directTS,2,11.5
student_directTS_s2,test_w37-40,ge5,far,,95295,80509,0.9051471745631985,0.8442877938115609,0.8656258290688144,0.6708442534375039,0.8192091650234948,0.8590197203833815,0.579686743097045,0.8040414761494494,0.02288284831918279,0.37593188881874084,0.14025117191465689,0.012019560652973741,,,24,directTS,2,11.5
student_direct_s2,test_w41-44,all,all,1.0816166176022575,100000,100000,0.88793,0.8259596988178003,0.85063921805,0.69892,0.7972881206999998,0.8408623844499999,0.6566,0.7797180237999998,0.03524382098153231,0.4922259747982025,0.16470667311740556,0.016218456866800828,0.02790556598737834,0.4740394055843353,24,direct,2,15.5
student_direct_s2,test_w41-44,all,near,1.0816166176022575,100000,11009,0.88793,0.8259596988178003,0.8375692301753112,0.7337632845853392,0.7884575256608229,0.8506248460350623,0.6626396584612589,0.7907293478063403,0.03524382098153231,0.4922259747982025,0.16470667311740556,0.016218456866800828,0.02790556598737834,0.4740394055843353,24,direct,2,15.5
student_direct_s2,test_w41-44,all,far,1.0816166176022575,100000,88991,0.88793,0.8259596988178003,0.8522560949983707,0.6946095672596105,0.7983805460102706,0.8396546787315571,0.65585283905114,0.7783558223865337,0.03524382098153231,0.4922259747982025,0.16470667311740556,0.016218456866800828,0.02790556598737834,0.4740394055843353,24,direct,2,15.5
student_direct_s2,test_w41-44,ge5,all,1.0816166176022575,95403,93678,0.8966908797417272,0.8331122901068944,0.8573190519414712,0.6885287901108051,0.8067824432647533,0.8510034538218276,0.6164948013407631,0.7925267214076177,0.034122629767043854,0.46447116136550903,0.1553040512281267,0.014566036261089791,0.027581397474115775,0.44631269574165344,24,direct,2,15.5
student_direct_s2,test_w41-44,ge5,near,1.0816166176022575,95403,10688,0.8966908797417272,0.8331122901068944,0.8464326437373986,0.7222118263473054,0.7997902980633493,0.86363199358335,0.6276197604790419,0.8063391892906744,0.034122629767043854,0.46447116136550903,0.1553040512281267,0.014566036261089791,0.027581397474115775,0.44631269574165344,24,direct,2,15.5
student_direct_s2,test_w41-44,ge5,far,1.0816166176022575,95403,82990,0.8966908797417272,0.8331122901068944,0.8587210754489434,0.6841908663694422,0.8076829378775091,0.849377067112933,0.6150620556693578,0.7907478606203648,0.034122629767043854,0.46447116136550903,0.1553040512281267,0.014566036261089791,0.027581397474115775,0.44631269574165344,24,direct,2,15.5
student_directTS_s2,test_w41-44,all,all,,100000,100000,0.88793,0.8259596988178003,0.8517149695000001,0.68944,0.7980355970999999,0.8401889688,0.65885,0.7790234675,0.02790556598737834,0.4740394055843353,0.16328618109526874,0.01615325706001597,,,24,directTS,2,15.5
student_directTS_s2,test_w41-44,all,near,,100000,11009,0.88793,0.8259596988178003,0.838877780906531,0.7256789899173404,0.7894530402398037,0.8501386933418114,0.6665455536379326,0.7901532673267326,0.02790556598737834,0.4740394055843353,0.16328618109526874,0.01615325706001597,,,24,directTS,2,15.5
student_directTS_s2,test_w41-44,all,far,,100000,88991,0.88793,0.8259596988178003,0.8533030470497016,0.6849569057545145,0.7990973378206785,0.8389580969423874,0.6578979896843501,0.7776466095447854,0.02790556598737834,0.4740394055843353,0.16328618109526874,0.01615325706001597,,,24,directTS,2,15.5
student_directTS_s2,test_w41-44,ge5,all,,95403,93678,0.8966908797417272,0.8331122901068944,0.8586151086423257,0.6747155148487372,0.8076598092333568,0.8504071309779022,0.6168790964794295,0.7919288667575507,0.027581397474115775,0.44631269574165344,0.1539258589927987,0.014496500609755056,,,24,directTS,2,15.5
student_directTS_s2,test_w41-44,ge5,near,,95403,10688,0.8966908797417272,0.8331122901068944,0.8479929468442756,0.7136040419161677,0.8009810943582474,0.8631659685212763,0.6269648203592815,0.8058138816546336,0.027581397474115775,0.44631269574165344,0.1539258589927987,0.014496500609755056,,,24,directTS,2,15.5
student_directTS_s2,test_w41-44,ge5,far,,95403,82990,0.8966908797417272,0.8331122901068944,0.859983100753394,0.6697071936377876,0.8085199382198028,0.8487639636605919,0.6155801903843836,0.7901406628869636,0.027581397474115775,0.44631269574165344,0.1539258589927987,0.014496500609755056,,,24,directTS,2,15.5
student_direct_s2,test_w45-48,all,all,1.0816166176022575,100000,100000,0.86098,0.7949811960907945,0.83414208,0.73616,0.7669408684000001,0.8230521902,0.72287,0.7488825632,0.05123925748348236,0.6897022128105164,0.2074495809981728,0.024124574606918664,0.04286989342294637,0.6594778299331665,24,direct,2,19.5
student_direct_s2,test_w45-48,all,near,1.0816166176022575,100000,10212,0.86098,0.7949811960907945,0.8176299980415198,0.7486290638464551,0.7547619858989423,0.8267400210536624,0.7263023893458677,0.7550433519388954,0.05123925748348236,0.6897022128105164,0.2074495809981728,0.024124574606918664,0.04286989342294637,0.6594778299331665,24,direct,2,19.5
student_direct_s2,test_w45-48,all,far,1.0816166176022575,100000,89788,0.86098,0.7949811960907945,0.8360200746202165,0.7347418363255669,0.7683260284225062,0.8226327563260124,0.7224796186572816,0.748181868512496,0.05123925748348236,0.6897022128105164,0.2074495809981728,0.024124574606918664,0.04286989342294637,0.6594778299331665,24,direct,2,19.5
student_direct_s2,test_w45-48,ge5,all,1.0816166176022575,95040,92738,0.872064393939394,0.8041387934729012,0.8394092820044492,0.7231339903815048,0.7774527445735581,0.832105633472286,0.6832366451724212,0.7625868057257428,0.046806815354097045,0.63680499792099,0.19286357245659824,0.021009968552660078,0.039074707965708326,0.6086302995681763,24,direct,2,19.5
student_direct_s2,test_w45-48,ge5,near,1.0816166176022575,95040,9889,0.872064393939394,0.8041387934729012,0.824829431393859,0.734856911720093,0.7669710107955886,0.8398130698565525,0.6931944584892304,0.7724654374840187,0.046806815354097045,0.63680499792099,0.19286357245659824,0.021009968552660078,0.039074707965708326,0.6086302995681763,24,direct,2,19.5
student_direct_s2,test_w45-48,ge5,far,1.0816166176022575,95040,82849,0.872064393939394,0.8041387934729012,0.8411495582019669,0.7217347222054581,0.7787038624546471,0.8311856605286897,0.6820480633441562,0.7614076751453184,0.046806815354097045,0.63680499792099,0.19286357245659824,0.021009968552660078,0.039074707965708326,0.6086302995681763,24,direct,2,19.5
student_directTS_s2,test_w45-48,all,all,,100000,100000,0.86098,0.7949811960907945,0.8354319067,0.73284,0.7678210726,0.822356606,0.72277,0.7482026332999999,0.04286989342294637,0.6594778299331665,0.20525051904679426,0.024019477442056115,,,24,directTS,2,19.5
student_directTS_s2,test_w45-48,all,near,,100000,10212,0.86098,0.7949811960907945,0.8188554489815902,0.7466705836271054,0.7557069584802194,0.8262101826282804,0.7281629455542499,0.7544791539365452,0.04286989342294637,0.6594778299331665,0.20525051904679426,0.024019477442056115,,,24,directTS,2,19.5
student_directTS_s2,test_w45-48,all,far,,100000,89788,0.86098,0.7949811960907945,0.837317223069898,0.7312669844522653,0.7691988662182028,0.8219183211008153,0.7221566356305965,0.7474887758943289,0.04286989342294637,0.6594778299331665,0.20525051904679426,0.024019477442056115,,,24,directTS,2,19.5
student_directTS_s2,test_w45-48,ge5,all,,95040,92738,0.872064393939394,0.8041387934729012,0.8409039553376287,0.7127391144945977,0.778462111509177,0.8314877772196542,0.6858461472104208,0.7619963792950462,0.039074707965708326,0.6086302995681763,0.1908077211749093,0.020903032572688905,,,24,directTS,2,19.5
student_directTS_s2,test_w45-48,ge5,near,,95040,9889,0.872064393939394,0.8041387934729012,0.8263433534582348,0.7277783395692183,0.7681346479167923,0.8393286843389229,0.6967337445646679,0.771951979259341,0.039074707965708326,0.6086302995681763,0.1908077211749093,0.020903032572688905,,,24,directTS,2,19.5
student_directTS_s2,test_w45-48,ge5,far,,95040,82849,0.872064393939394,0.8041387934729012,0.842641933973283,0.7109440065661625,0.7796948154339688,0.8305518729781733,0.6845465847505703,0.760808061656367,0.039074707965708326,0.6086302995681763,0.1908077211749093,0.020903032572688905,,,24,directTS,2,19.5
student_direct_s2,test_w49-51,all,all,1.0816166176022575,100000,100000,0.83546,0.7660019496226093,0.8244071099500001,0.77371,0.7453855838999998,0.8148574152,0.76279,0.7294349855000001,0.06921027067862448,0.8543458580970764,0.24305602088772219,0.030642513583649826,0.060294131823182065,0.8151931762695312,24,direct,2,23.0
student_direct_s2,test_w49-51,all,near,1.0816166176022575,100000,12082,0.83546,0.7660019496226093,0.8085001651216686,0.7710643933123655,0.7332297293494454,0.8157518573083926,0.7752855487502069,0.7327483330574409,0.06921027067862448,0.8543458580970764,0.24305602088772219,0.030642513583649826,0.060294131823182065,0.8151931762695312,24,direct,2,23.0
student_direct_s2,test_w49-51,all,far,1.0816166176022575,100000,87918,0.83546,0.7660019496226093,0.8265930981141518,0.7740735685525149,0.7470560840783456,0.814734497827521,0.7610728178529994,0.7289796536545416,0.06921027067862448,0.8543458580970764,0.24305602088772219,0.030642513583649826,0.060294131823182065,0.8151931762695312,24,direct,2,23.0
student_direct_s2,test_w49-51,ge5,all,1.0816166176022575,94427,93681,0.84773422855751,0.775372601898171,0.8308020420673934,0.7526392758403518,0.757721682212051,0.8268077734213974,0.7338414406336397,0.7463243264501309,0.06381013483237981,0.7956753969192505,0.2271246159557666,0.026609942052924274,0.055607959779756855,0.7590099573135376,24,direct,2,23.0
student_direct_s2,test_w49-51,ge5,near,1.0816166176022575,94427,11739,0.84773422855751,0.775372601898171,0.8167645531342995,0.7461453275406764,0.7471135844339607,0.8305003209205076,0.7358378056052475,0.7523389674459493,0.06381013483237981,0.7956753969192505,0.2271246159557666,0.026609942052924274,0.055607959779756855,0.7590099573135376,24,direct,2,23.0
student_direct_s2,test_w49-51,ge5,far,1.0816166176022575,94427,81942,0.84773422855751,0.775372601898171,0.8328130508612426,0.7535695980083473,0.7592413968860521,0.8262787795587623,0.7335554416538528,0.7454626697826111,0.06381013483237981,0.7956753969192505,0.2271246159557666,0.026609942052924274,0.055607959779756855,0.7590099573135376,24,direct,2,23.0
student_directTS_s2,test_w49-51,all,all,,100000,100000,0.83546,0.7660019496226093,0.8257538431,0.76977,0.7462739261,0.8141846633,0.76485,0.7287977930999999,0.060294131823182065,0.8151931762695312,0.23991694894742252,0.030490960195984556,,,24,directTS,2,23.0
student_directTS_s2,test_w49-51,all,near,,100000,12082,0.83546,0.7660019496226093,0.8096541847376263,0.7673398443966231,0.7340965452739613,0.8152501796060254,0.7785134911438504,0.7322436343320643,0.060294131823182065,0.8151931762695312,0.23991694894742252,0.030490960195984556,,,24,directTS,2,23.0
student_directTS_s2,test_w49-51,all,far,,100000,87918,0.83546,0.7660019496226093,0.8279663146340909,0.7701039605086558,0.7479473844946429,0.814038236311108,0.7629723151118087,0.7283242535089516,0.060294131823182065,0.8151931762695312,0.23991694894742252,0.030490960195984556,,,24,directTS,2,23.0
student_directTS_s2,test_w49-51,ge5,all,,94427,93681,0.84773422855751,0.775372601898171,0.8324150976896736,0.747696971637792,0.7587876977185866,0.8262234308626155,0.736029717872354,0.7457881013162155,0.055607959779756855,0.7590099573135376,0.22412134953590762,0.026454105593271025,,,24,directTS,2,23.0
student_directTS_s2,test_w49-51,ge5,near,,94427,11739,0.84773422855751,0.775372601898171,0.8182401279170262,0.7412897180339041,0.7482233596268778,0.83005445888857,0.743078626799557,0.7518986549124509,0.055607959779756855,0.7590099573135376,0.22412134953590762,0.026454105593271025,,,24,directTS,2,23.0
student_directTS_s2,test_w49-51,ge5,far,,94427,81942,0.84773422855751,0.775372601898171,0.8344458019702758,0.7486148739352225,0.7603011433857483,0.8256745982981591,0.7350198921188158,0.7449127042223419,0.055607959779756855,0.7590099573135376,0.22412134953590762,0.026454105593271025,,,24,directTS,2,23.0
student_ls_s2,val,all,all,0.7209069723651976,200000,37194,0.94988,0.9181845916968531,0.9056475073264504,0.4734096897349035,0.8812973976985535,0.8840686885653599,0.4576006882830564,0.8552566130289831,0.05890447728700937,0.22825740277767181,0.07833732904556896,0.004406405985635996,0.004593311262950259,0.18270206451416016,24,ls,2,1.0
student_ls_s2,val,all,near,0.7209069723651976,200000,10090,0.94988,0.9181845916968531,0.8617694838949455,0.6277502477700694,0.8434141139742319,0.8290590894449952,0.6439048562933598,0.8060990376610506,0.05890447728700937,0.22825740277767181,0.07833732904556896,0.004406405985635996,0.004593311262950259,0.18270206451416016,24,ls,2,1.0
student_ls_s2,val,all,far,0.7209069723651976,200000,27104,0.94988,0.9181845916968531,0.921981969266529,0.4159533648170012,0.8954001992325855,0.9045470996900827,0.3882452774498229,0.8735564925841204,0.05890447728700937,0.22825740277767181,0.07833732904556896,0.004406405985635996,0.004593311262950259,0.18270206451416016,24,ls,2,1.0
student_ls_s2,val,ge5,all,0.7209069723651976,191393,35514,0.9545385672412262,0.9233270885203737,0.9113815013536206,0.45207523793433574,0.8891327925299269,0.8888384879182589,0.4246494340260179,0.8624154113368081,0.05772588578190643,0.20948584377765656,0.07126503143912626,0.0038709559095793187,0.0040062808820533966,0.1636064350605011,24,ls,2,1.0
student_ls_s2,val,ge5,near,0.7209069723651976,191393,9767,0.9545385672412262,0.9233270885203737,0.8664617843002838,0.6123681785604587,0.84997168065767,0.8346002943759536,0.6218900378826662,0.813564132888893,0.05772588578190643,0.20948584377765656,0.07126503143912626,0.0038709559095793187,0.0040062808820533966,0.1636064350605011,24,ls,2,1.0
student_ls_s2,val,ge5,far,0.7209069723651976,191393,25747,0.9545385672412262,0.9233270885203737,0.9284215788950796,0.39126888569542084,0.9039883710305806,0.9094134844742731,0.34982716432982486,0.8809469076898118,0.05772588578190643,0.20948584377765656,0.07126503143912626,0.0038709559095793187,0.0040062808820533966,0.1636064350605011,24,ls,2,1.0
student_ls_s2,test_w29-32,all,all,0.7209069723651976,100000,100000,0.93052,0.8796477919242406,0.8775048575500002,0.56103,0.8443137891,0.8575762900499999,0.53125,0.8193620987,0.05354249202564361,0.28871285915374756,0.10240949337851364,0.008333373426903483,0.01131503154501324,0.24953649938106537,24,ls,2,3.5
student_ls_s2,test_w29-32,all,near,0.7209069723651976,100000,16111,0.93052,0.8796477919242406,0.8691850729315374,0.608031779529514,0.8385094630997454,0.8525209437651293,0.5679349512755261,0.8157319471168767,0.05354249202564361,0.28871285915374756,0.10240949337851364,0.008333373426903483,0.01131503154501324,0.24953649938106537,24,ls,2,3.5
student_ls_s2,test_w29-32,all,far,0.7209069723651976,100000,83889,0.93052,0.8796477919242406,0.8791026838441273,0.5520032423798115,0.8454285180416978,0.8585471763878458,0.5242046037025117,0.820059274398312,0.05354249202564361,0.28871285915374756,0.10240949337851364,0.008333373426903483,0.01131503154501324,0.24953649938106537,24,ls,2,3.5
student_ls_s2,test_w29-32,ge5,all,0.7209069723651976,95313,94723,0.9355386988133833,0.8846157343608811,0.8805036362448542,0.5444189901079991,0.8497078284482151,0.8605259760802724,0.5243077182943953,0.8254021909919301,0.05277333647464839,0.2700129449367523,0.09529892958005136,0.007695017582970592,0.010189168165120893,0.23042668402194977,24,ls,2,3.5
student_ls_s2,test_w29-32,ge5,near,0.7209069723651976,95313,15529,0.9355386988133833,0.8846157343608811,0.8728883734327458,0.5937278639963939,0.8444532294791192,0.8547825532411109,0.5589542146950867,0.8208953705241627,0.05277333647464839,0.2700129449367523,0.09529892958005136,0.007695017582970592,0.010189168165120893,0.23042668402194977,24,ls,2,3.5
student_ls_s2,test_w29-32,ge5,far,0.7209069723651976,95313,79194,0.9355386988133833,0.8846157343608811,0.8819968985653485,0.5347501073313635,0.8507381927105467,0.8616521928804004,0.5175139530772533,0.8262859247980765,0.05277333647464839,0.2700129449367523,0.09529892958005136,0.007695017582970592,0.010189168165120893,0.23042668402194977,24,ls,2,3.5
student_ls_s2,test_w33-36,all,all,0.7209069723651976,100000,100000,0.90235,0.8421274014847211,0.86015504305,0.63186,0.8138562667,0.8385180916000001,0.61058,0.7862876517999999,0.046443777075111894,0.38553956151008606,0.13700310222467502,0.013411202145619748,0.02542862198382618,0.35897234082221985,24,ls,2,7.5
student_ls_s2,test_w33-36,all,near,0.7209069723651976,100000,15732,0.90235,0.8421274014847211,0.8571639270277142,0.6468980422069667,0.8124296669209256,0.8421226372997712,0.6135901347571828,0.7900264187643019,0.046443777075111894,0.38553956151008606,0.13700310222467502,0.013411202145619748,0.02542862198382618,0.35897234082221985,24,ls,2,7.5
student_ls_s2,test_w33-36,all,far,0.7209069723651976,100000,84268,0.90235,0.8421274014847211,0.8607134547515072,0.6290525466369203,0.814122598732615,0.8378451586604643,0.6100180376892771,0.785589661081312,0.046443777075111894,0.38553956151008606,0.13700310222467502,0.013411202145619748,0.02542862198382618,0.35897234082221985,24,ls,2,7.5
student_ls_s2,test_w33-36,ge5,all,0.7209069723651976,95121,93782,0.9099988435781794,0.8482290739012839,0.8633274386694956,0.6046469471753642,0.8205428153418156,0.8412278476028425,0.6035166663112325,0.7937200721547256,0.04682059730609174,0.36195337772369385,0.12768551805445802,0.012240831011971142,0.02229323031937502,0.3336485028266907,24,ls,2,7.5
student_ls_s2,test_w33-36,ge5,near,0.7209069723651976,95121,15221,0.9099988435781794,0.8482290739012839,0.8620957958546516,0.6207213717889758,0.8206005486360288,0.8452165578107815,0.604230996649366,0.79764538659404,0.04682059730609174,0.36195337772369385,0.12768551805445802,0.012240831011971142,0.02229323031937502,0.3336485028266907,24,ls,2,7.5
student_ls_s2,test_w33-36,ge5,far,0.7209069723651976,95121,78561,0.9099988435781794,0.8482290739012839,0.8635660664273492,0.6015325670498084,0.820531629658446,0.8404550448371568,0.6033782665699265,0.7929595521628621,0.04682059730609174,0.36195337772369385,0.12768551805445802,0.012240831011971142,0.02229323031937502,0.3336485028266907,24,ls,2,7.5
student_ls_s2,test_w37-40,all,all,0.7209069723651976,100000,100000,0.87892,0.8217493463760337,0.8564224192,0.63207,0.797090473,0.82986383265,0.66073,0.7657170034,0.04388865388058129,0.4648683965206146,0.16413230283867747,0.017911707334194216,0.03626817459143699,0.4471474885940552,24,ls,2,11.5
student_ls_s2,test_w37-40,all,near,0.7209069723651976,100000,12184,0.87892,0.8217493463760337,0.8434403057288247,0.6433026920551543,0.7867994230137886,0.8301062590282338,0.650032829940906,0.7654175787918582,0.04388865388058129,0.4648683965206146,0.16413230283867747,0.017911707334194216,0.03626817459143699,0.4471474885940552,24,ls,2,11.5
student_ls_s2,test_w37-40,all,far,0.7209069723651976,100000,87816,0.87892,0.8217493463760337,0.858223617962558,0.6305115240958368,0.7985183011068598,0.8298301972875103,0.6622141750933771,0.7657585469618293,0.04388865388058129,0.4648683965206146,0.16413230283867747,0.017911707334194216,0.03626817459143699,0.4471474885940552,24,ls,2,11.5
student_ls_s2,test_w37-40,ge5,all,0.7209069723651976,95295,92226,0.8871609213494936,0.8277208400012713,0.8591003587346672,0.627209246850129,0.8038670056114374,0.8341391803073351,0.6534599787478585,0.7748275493220529,0.044294210698382686,0.43763265013694763,0.15415942483626466,0.016401550480793062,0.03269659258572615,0.4169122576713562,24,ls,2,11.5
student_ls_s2,test_w37-40,ge5,near,0.7209069723651976,95295,11717,0.8871609213494936,0.8277208400012713,0.8474308723521395,0.6372791670222753,0.7945245208946603,0.8325619304375681,0.6394128189809678,0.772807833092536,0.044294210698382686,0.43763265013694763,0.15415942483626466,0.016401550480793062,0.03269659258572615,0.4169122576713562,24,ls,2,11.5
student_ls_s2,test_w37-40,ge5,far,0.7209069723651976,95295,80509,0.8871609213494936,0.8277208400012713,0.8607986952180924,0.6257437056726577,0.8052266783613969,0.8343687277706506,0.6555043535505347,0.7751214918012943,0.044294210698382686,0.43763265013694763,0.15415942483626466,0.016401550480793062,0.03269659258572615,0.4169122576713562,24,ls,2,11.5
student_ls_s2,test_w41-44,all,all,0.7209069723651976,100000,100000,0.87457,0.8128230277030246,0.8461750046,0.66967,0.7850929681000001,0.8166694083000001,0.69499,0.7521476591999999,0.038610771010778824,0.5087100267410278,0.17417382490965036,0.0205821555862407,0.039126731210052945,0.5031362771987915,24,ls,2,15.5
student_ls_s2,test_w41-44,all,near,0.7209069723651976,100000,11009,0.87457,0.8128230277030246,0.8223962694159324,0.6850758470342447,0.7658975701698609,0.8081710096284858,0.6974293759651194,0.7447740621309837,0.038610771010778824,0.5087100267410278,0.17417382490965036,0.0205821555862407,0.039126731210052945,0.5031362771987915,24,ls,2,15.5
student_ls_s2,test_w41-44,all,far,0.7209069723651976,100000,88991,0.87457,0.8128230277030246,0.8491166514591364,0.6677641559258801,0.7874676142531267,0.8177207378836062,0.6946882268993494,0.7530598405456731,0.038610771010778824,0.5087100267410278,0.17417382490965036,0.0205821555862407,0.039126731210052945,0.5031362771987915,24,ls,2,15.5
student_ls_s2,test_w41-44,ge5,all,0.7209069723651976,95403,93678,0.8829911009087764,0.8197122736446003,0.8502067644126421,0.6572514357693375,0.7930154316811522,0.8225291624486808,0.6869489100962873,0.7626388708789774,0.040511336035999684,0.4791620075702667,0.16378509661706633,0.01885848140188705,0.03536228970883837,0.4696325957775116,24,ls,2,15.5
student_ls_s2,test_w41-44,ge5,near,0.7209069723651976,95403,10688,0.8829911009087764,0.8197122736446003,0.8266248621079592,0.6760853293413174,0.7739552487977097,0.8115254443433815,0.6892776946107785,0.7528417995774748,0.040511336035999684,0.4791620075702667,0.16378509661706633,0.01885848140188705,0.03536228970883837,0.4696325957775116,24,ls,2,15.5
student_ls_s2,test_w41-44,ge5,far,0.7209069723651976,95403,82990,0.8829911009087764,0.8197122736446003,0.8532437974507485,0.6548258826364622,0.795470127845247,0.8239462938995716,0.6866489938546813,0.763900602389647,0.040511336035999684,0.4791620075702667,0.16378509661706633,0.01885848140188705,0.03536228970883837,0.4696325957775116,24,ls,2,15.5
student_ls_s2,test_w45-48,all,all,0.7209069723651976,100000,100000,0.8497,0.7841351140583642,0.8244567823,0.74509,0.7539726907000001,0.79375584235,0.76895,0.7203444842,0.03728487463638183,0.6441705822944641,0.21005078759386278,0.03017417549621047,0.0500122628375515,0.6628095507621765,24,ls,2,19.5
student_ls_s2,test_w45-48,all,near,0.7209069723651976,100000,10212,0.8497,0.7841351140583642,0.79224205346651,0.7362906384645516,0.726560695260478,0.7768689321386605,0.7719349784567175,0.7055351801801802,0.03728487463638183,0.6441705822944641,0.21005078759386278,0.03017417549621047,0.0500122628375515,0.6628095507621765,24,ls,2,19.5
student_ls_s2,test_w45-48,all,far,0.7209069723651976,100000,89788,0.8497,0.7841351140583642,0.8281207107854057,0.7460907916425358,0.7570903823450795,0.7956764679021695,0.7686105047445093,0.7220288140954249,0.03728487463638183,0.6441705822944641,0.21005078759386278,0.03017417549621047,0.0500122628375515,0.6628095507621765,24,ls,2,19.5
student_ls_s2,test_w45-48,ge5,all,0.7209069723651976,95040,92738,0.8604061447811447,0.7928535546671074,0.828102055634105,0.7357501779205935,0.7633481478413573,0.7985560394138862,0.7610580344626798,0.7314066126917924,0.04138919348994688,0.5974430441856384,0.1955495306768649,0.024764312826936235,0.04284277344149964,0.6038891673088074,24,ls,2,19.5
student_ls_s2,test_w45-48,ge5,near,0.7209069723651976,95040,9889,0.8604061447811447,0.7928535546671074,0.7946990333229147,0.734856911720093,0.7352127491417358,0.77948603180063,0.7667104863990293,0.7146424565624561,0.04138919348994688,0.5974430441856384,0.1955495306768649,0.024764312826936235,0.04284277344149964,0.6038891673088074,24,ls,2,19.5
student_ls_s2,test_w45-48,ge5,far,0.7209069723651976,95040,82849,0.8604061447811447,0.7928535546671074,0.8320890981769885,0.7358567997199725,0.7667064377149893,0.8008322685209062,0.7603833480186846,0.7334076113756994,0.04138919348994688,0.5974430441856384,0.1955495306768649,0.024764312826936235,0.04284277344149964,0.6038891673088074,24,ls,2,19.5
student_ls_s2,test_w49-51,all,all,0.7209069723651976,100000,100000,0.82804,0.7591051626680166,0.81377743445,0.77894,0.7344003761,0.7854867217,0.80271,0.7041099300999999,0.03177747438225894,0.7688582539558411,0.2389494317540034,0.03702514623941241,0.06177916214108463,0.8189908862113953,24,ls,2,23.0
student_ls_s2,test_w49-51,all,near,0.7209069723651976,100000,12082,0.82804,0.7591051626680166,0.7908655032279424,0.7441648733653369,0.7130326477404403,0.7741182635325278,0.7931633835457705,0.6919983752689952,0.03177747438225894,0.7688582539558411,0.2389494317540034,0.03702514623941241,0.06177916214108463,0.8189908862113953,24,ls,2,23.0
student_ls_s2,test_w49-51,all,far,0.7209069723651976,100000,87918,0.82804,0.7591051626680166,0.8169260724197549,0.7837189199026365,0.737336804294911,0.7870490151049843,0.8040219295252394,0.7057743424554698,0.03177747438225894,0.7688582539558411,0.2389494317540034,0.03702514623941241,0.06177916214108463,0.8189908862113953,24,ls,2,23.0
student_ls_s2,test_w49-51,ge5,all,0.7209069723651976,94427,93681,0.8398657163734948,0.768433399683832,0.8177200278265794,0.7746501425048836,0.7446817746675134,0.7903635764221365,0.8001942763207054,0.715970519666901,0.03386535312342206,0.717928946018219,0.2234094420935407,0.02995865669601438,0.05336287661332591,0.754180908203125,24,ls,2,23.0
student_ls_s2,test_w49-51,ge5,near,0.7209069723651976,94427,11739,0.8398657163734948,0.768433399683832,0.7936539824059184,0.7444416049067212,0.7227543670842679,0.7771795251865374,0.7935940028963285,0.7022824410027174,0.03386535312342206,0.717928946018219,0.2234094420935407,0.02995865669601438,0.05336287661332591,0.754180908203125,24,ls,2,23.0
student_ls_s2,test_w49-51,ge5,far,0.7209069723651976,94427,81942,0.8398657163734948,0.768433399683832,0.8211677262863819,0.7789778135754558,0.7478230921557333,0.792252321845176,0.8011398306118962,0.7179314719921902,0.03386535312342206,0.717928946018219,0.2234094420935407,0.02995865669601438,0.05336287661332591,0.754180908203125,24,ls,2,23.0
student_kdA_s2,val,all,all,1.097423880784929,200000,37194,0.95444,0.9266082262125406,0.8946415782115394,0.5738291122224015,0.8770902726246168,0.8658403360757111,0.5485293326880679,0.8416723951443781,0.0017762999258562585,0.16613078117370605,0.06661400651347785,0.002941996527739503,0.006228071172162861,0.16489863395690918,24,kdA,2,1.0
student_kdA_s2,val,all,near,1.097423880784929,200000,10090,0.95444,0.9266082262125406,0.8696898243310209,0.6285431119920714,0.8536753121902875,0.7612554566402379,0.7452923686818632,0.7440875411298316,0.0017762999258562585,0.16613078117370605,0.06661400651347785,0.002941996527739503,0.006228071172162861,0.16489863395690918,24,kdA,2,1.0
student_kdA_s2,val,all,far,1.097423880784929,200000,27104,0.95444,0.9266082262125406,0.9039303620314345,0.5534607438016529,0.8858069546930343,0.9047741256825561,0.47528040141676503,0.8780002868580283,0.0017762999258562585,0.16613078117370605,0.06661400651347785,0.002941996527739503,0.006228071172162861,0.16489863395690918,24,kdA,2,1.0
student_kdA_s2,val,ge5,all,1.097423880784929,191393,35514,0.958995365556734,0.9314843478275163,0.9028482329080172,0.5428563383454412,0.8867766612452294,0.8778839160587358,0.48907473109196375,0.8553713514259556,0.002010368663642486,0.1483244001865387,0.060139630279883435,0.0024478130134833703,0.004744091102832198,0.14673902094364166,24,kdA,2,1.0
student_kdA_s2,val,ge5,near,1.097423880784929,191393,9767,0.958995365556734,0.9314843478275163,0.8773996299971698,0.6001842940513976,0.8628644630873634,0.7755317742650758,0.7072796150302038,0.7594513030978869,0.002010368663642486,0.1483244001865387,0.060139630279883435,0.0024478130134833703,0.004744091102832198,0.14673902094364166,24,kdA,2,1.0
student_kdA_s2,val,ge5,far,1.097423880784929,191393,25747,0.958995365556734,0.9314843478275163,0.9125020374145713,0.5211092554472365,0.8958476380350641,0.916710706321628,0.4062997630791937,0.8917581581226678,0.002010368663642486,0.1483244001865387,0.060139630279883435,0.0024478130134833703,0.004744091102832198,0.14673902094364166,24,kdA,2,1.0
student_kdA_s2,test_w29-32,all,all,1.097423880784929,100000,100000,0.93509,0.8866416989122131,0.8816062960000001,0.61964,0.8529582625999999,0.87563063315,0.54603,0.8378773740000001,0.012724452444091438,0.25267067551612854,0.09532089831794725,0.00586921787620121,0.006183403258398187,0.24573823809623718,24,kdA,2,3.5
student_kdA_s2,test_w29-32,all,near,1.097423880784929,100000,16111,0.93509,0.8866416989122131,0.8728673136366458,0.6470113586990255,0.8460365923902923,0.8897974889826827,0.5444727205015207,0.8516570250139657,0.012724452444091438,0.25267067551612854,0.09532089831794725,0.00586921787620121,0.006183403258398187,0.24573823809623718,24,kdA,2,3.5
student_kdA_s2,test_w29-32,all,far,1.097423880784929,100000,83889,0.93509,0.8866416989122131,0.8832846298084374,0.6143832922075599,0.8542875790628093,0.8729098686359356,0.5463290777098309,0.8352309727139434,0.012724452444091438,0.25267067551612854,0.09532089831794725,0.00586921787620121,0.006183403258398187,0.24573823809623718,24,kdA,2,3.5
student_kdA_s2,test_w29-32,ge5,all,1.097423880784929,95313,94723,0.9400396588083473,0.8912086126220751,0.8886465317899426,0.5919787168903012,0.8616444132453157,0.8855020741076874,0.5087571128448212,0.8500589608106359,0.013607006439635479,0.23447179794311523,0.08868160700190689,0.00513674912928693,0.007709259334420718,0.22713890671730042,24,kdA,2,3.5
student_kdA_s2,test_w29-32,ge5,near,1.097423880784929,95313,15529,0.9400396588083473,0.8912086126220751,0.8810481186497235,0.6261832700109473,0.8557804395027998,0.9016358392801375,0.5102067100264022,0.8656730412884506,0.013607006439635479,0.23447179794311523,0.08868160700190689,0.00513674912928693,0.007709259334420718,0.22713890671730042,24,kdA,2,3.5
student_kdA_s2,test_w29-32,ge5,far,1.097423880784929,95313,79194,0.9400396588083473,0.8912086126220751,0.8901364900905013,0.5852716114857186,0.8627942686415265,0.882338434951148,0.5084728641058666,0.8469972256319609,0.013607006439635479,0.23447179794311523,0.08868160700190689,0.00513674912928693,0.007709259334420718,0.22713890671730042,24,kdA,2,3.5
student_kdA_s2,test_w33-36,all,all,1.097423880784929,100000,100000,0.90528,0.8445334587884508,0.85983330795,0.69588,0.8191706218000001,0.8566022095000001,0.5846,0.8011958940000001,0.029018537428379017,0.37310153245925903,0.1353744409772086,0.010361317281140096,0.0212910141327977,0.3588499128818512,24,kdA,2,7.5
student_kdA_s2,test_w33-36,all,near,1.097423880784929,100000,15732,0.90528,0.8445334587884508,0.8575032580091533,0.6984490211034834,0.8177064816933638,0.8811384439359268,0.547673531655225,0.8227811943808797,0.029018537428379017,0.37310153245925903,0.1353744409772086,0.010361317281140096,0.0212910141327977,0.3588499128818512,24,kdA,2,7.5
student_kdA_s2,test_w33-36,all,far,1.097423880784929,100000,84268,0.90528,0.8445334587884508,0.860268305169222,0.6954003892343475,0.8194439622395217,0.85202153783168,0.5914938054777614,0.7971661324583472,0.029018537428379017,0.37310153245925903,0.1353744409772086,0.010361317281140096,0.0212910141327977,0.3588499128818512,24,kdA,2,7.5
student_kdA_s2,test_w33-36,ge5,all,1.097423880784929,95121,93782,0.912816307650256,0.850243863275969,0.8673908910297399,0.6728263419419505,0.8285521717384697,0.8656478040264464,0.5682327099016868,0.8141982831011583,0.028896579457720922,0.3522506058216095,0.1275147213244424,0.009124447901555541,0.02212150438513561,0.33752259612083435,24,kdA,2,7.5
student_kdA_s2,test_w33-36,ge5,near,1.097423880784929,95121,15221,0.912816307650256,0.850243863275969,0.8673895446475619,0.670192497207805,0.8290328902490534,0.8927598571004907,0.5257867420011826,0.8381958860650297,0.028896579457720922,0.3522506058216095,0.1275147213244424,0.009124447901555541,0.02212150438513561,0.33752259612083435,24,kdA,2,7.5
student_kdA_s2,test_w33-36,ge5,far,1.097423880784929,95121,78561,0.912816307650256,0.850243863275969,0.8673911518879664,0.6733366428635074,0.8284590337126098,0.8603949106080832,0.5764565115006174,0.8095488067106708,0.028896579457720922,0.3522506058216095,0.1275147213244424,0.009124447901555541,0.02212150438513561,0.33752259612083435,24,kdA,2,7.5
student_kdA_s2,test_w37-40,all,all,1.097423880784929,100000,100000,0.88232,0.8252924895402757,0.8518429214999998,0.72425,0.7997544837,0.8552823475,0.61862,0.7852509818999999,0.0415756713703275,0.45834317803382874,0.16520717262426715,0.01454501005081633,0.03298581044696275,0.4392983615398407,24,kdA,2,11.5
student_kdA_s2,test_w37-40,all,near,1.097423880784929,100000,12184,0.88232,0.8252924895402757,0.8452095457156927,0.7366217990807616,0.79546713887065,0.8709624076657912,0.5946323046618516,0.7984817875902823,0.0415756713703275,0.45834317803382874,0.16520717262426715,0.01454501005081633,0.03298581044696275,0.4392983615398407,24,kdA,2,11.5
student_kdA_s2,test_w37-40,all,far,1.097423880784929,100000,87816,0.88232,0.8252924895402757,0.8527632668875832,0.7225334790926483,0.8003493298487747,0.8531068230732439,0.6219481643436275,0.7834152784230665,0.0415756713703275,0.45834317803382874,0.16520717262426715,0.01454501005081633,0.03298581044696275,0.4392983615398407,24,kdA,2,11.5
student_kdA_s2,test_w37-40,ge5,all,1.097423880784929,95295,92226,0.8905084212183221,0.8306923070548526,0.8577558590513035,0.6967124238284215,0.8080597913269234,0.8632516842265401,0.6023138811181229,0.7973462624834508,0.041196725728804666,0.4341146945953369,0.15714997524695515,0.013017573895818152,0.0333760018897454,0.4147951304912567,24,kdA,2,11.5
student_kdA_s2,test_w37-40,ge5,near,1.097423880784929,95295,11717,0.8905084212183221,0.8306923070548526,0.8541086174851954,0.7076043355807801,0.8061378021093437,0.8811190727895293,0.5732696082615004,0.8127215675925603,0.041196725728804666,0.4341146945953369,0.15714997524695515,0.013017573895818152,0.0333760018897454,0.4147951304912567,24,kdA,2,11.5
student_kdA_s2,test_w37-40,ge5,far,1.097423880784929,95295,80509,0.8905084212183221,0.8306923070548526,0.8582866659105379,0.6951272528537182,0.8083395109565595,0.8606513266045035,0.6065408836279174,0.7951085940244781,0.041196725728804666,0.4341146945953369,0.15714997524695515,0.013017573895818152,0.0333760018897454,0.4147951304912567,24,kdA,2,11.5
student_kdA_s2,test_w41-44,all,all,1.097423880784929,100000,100000,0.87647,0.8139593427202578,0.8464528499000001,0.72642,0.7901469055000001,0.8461747567500001,0.6554,0.7754139162,0.04735538152649998,0.5348079800605774,0.17816234605241504,0.01704989381961821,0.03856515856802464,0.509361743927002,24,kdA,2,15.5
student_kdA_s2,test_w41-44,all,near,1.097423880784929,100000,11009,0.87647,0.8139593427202578,0.8317723126532836,0.7467526569170678,0.7796519320555909,0.85815282904896,0.6541011899355074,0.786815198473976,0.04735538152649998,0.5348079800605774,0.17816234605241504,0.01704989381961821,0.03856515856802464,0.509361743927002,24,kdA,2,15.5
student_kdA_s2,test_w41-44,all,far,1.097423880784929,100000,88991,0.87647,0.8139593427202578,0.8482689665247047,0.7239046645166365,0.7914452296299626,0.8446929597375015,0.6555606746749671,0.7740034733849491,0.04735538152649998,0.5348079800605774,0.17816234605241504,0.01704989381961821,0.03856515856802464,0.509361743927002,24,kdA,2,15.5
student_kdA_s2,test_w41-44,ge5,all,1.097423880784929,95403,93678,0.8845528966594342,0.8201856463556491,0.8540835230629651,0.6973355537052456,0.7996839898251756,0.856064413756954,0.6283012019897948,0.7884013284658027,0.047125348665578756,0.5100178122520447,0.1698333230474412,0.015366618876202972,0.039137616368253116,0.48427778482437134,24,kdA,2,15.5
student_kdA_s2,test_w41-44,ge5,near,1.097423880784929,95403,10688,0.8845528966594342,0.8201856463556491,0.8415487922342479,0.7186564371257484,0.7911085738259025,0.8706825474785469,0.6234094311377245,0.8022499396430559,0.047125348665578756,0.5100178122520447,0.1698333230474412,0.015366618876202972,0.039137616368253116,0.48427778482437134,24,kdA,2,15.5
student_kdA_s2,test_w41-44,ge5,far,1.097423880784929,95403,82990,0.8845528966594342,0.8201856463556491,0.8556978284382794,0.6945897096035667,0.8007883885021275,0.8541817940049794,0.6289311965297024,0.7866178129065488,0.047125348665578756,0.5100178122520447,0.1698333230474412,0.015366618876202972,0.039137616368253116,0.48427778482437134,24,kdA,2,15.5
student_kdA_s2,test_w45-48,all,all,1.097423880784929,100000,100000,0.84801,0.7741077494984772,0.826463448,0.76215,0.757507591,0.8243178343,0.73461,0.7413096615000001,0.06426884039461617,0.7396443486213684,0.22216644832789173,0.024783140880952688,0.05438808610536157,0.6992591619491577,24,kdA,2,19.5
student_kdA_s2,test_w45-48,all,near,1.097423880784929,100000,10212,0.84801,0.7741077494984772,0.8114261398354876,0.7782021151586369,0.7464400812769291,0.8362180297688994,0.7336466901684293,0.7526744937328633,0.06426884039461617,0.7396443486213684,0.22216644832789173,0.024783140880952688,0.05438808610536157,0.6992591619491577,24,kdA,2,19.5
student_kdA_s2,test_w45-48,all,far,1.097423880784929,100000,89788,0.84801,0.7741077494984772,0.8281737098498687,0.7603243195081748,0.7587663495121844,0.8229643706285918,0.7347195616340714,0.7400170871385932,0.06426884039461617,0.7396443486213684,0.22216644832789173,0.024783140880952688,0.05438808610536157,0.6992591619491577,24,kdA,2,19.5
student_kdA_s2,test_w45-48,ge5,all,1.097423880784929,95040,92738,0.8583333333333333,0.7819071389452842,0.8322558681687187,0.7382302831633203,0.7677159590851256,0.83277646295621,0.7084798033168712,0.7548857288151053,0.06055852457871563,0.688435971736908,0.20875621333677027,0.021630915753977634,0.05143898601740949,0.6503562927246094,24,kdA,2,19.5
student_kdA_s2,test_w45-48,ge5,near,1.097423880784929,95040,9889,0.8583333333333333,0.7819071389452842,0.8190773828979789,0.755991505713419,0.7584518596233001,0.8486237014105732,0.71129537870361,0.7697903845479435,0.06055852457871563,0.688435971736908,0.20875621333677027,0.021630915753977634,0.05143898601740949,0.6503562927246094,24,kdA,2,19.5
student_kdA_s2,test_w45-48,ge5,far,1.097423880784929,95040,82849,0.8583333333333333,0.7819071389452842,0.8338288749743814,0.7361102729061304,0.7688217380272732,0.830884909152601,0.7081437313667033,0.7531066833161609,0.06055852457871563,0.688435971736908,0.20875621333677027,0.021630915753977634,0.05143898601740949,0.6503562927246094,24,kdA,2,19.5
student_kdA_s2,test_w49-51,all,all,1.097423880784929,100000,100000,0.82603,0.7471066506459163,0.8156903995,0.78773,0.7370615377,0.8112355918000002,0.78251,0.7216026259000001,0.07920052781000732,0.9092604517936707,0.2567029656977366,0.03121363445151551,0.06863665687792003,0.8579710721969604,24,kdA,2,23.0
student_kdA_s2,test_w49-51,all,near,1.097423880784929,100000,12082,0.82603,0.7471066506459163,0.8068110366661148,0.7790100976659493,0.729320639794736,0.827725975831816,0.758814765767257,0.735118043370303,0.07920052781000732,0.9092604517936707,0.2567029656977366,0.03121363445151551,0.06863665687792003,0.8579710721969604,24,kdA,2,23.0
student_kdA_s2,test_w49-51,all,far,1.097423880784929,100000,87918,0.82603,0.7471066506459163,0.8169106326918265,0.7889283195705089,0.7381253190472941,0.8089694253736437,0.7857662822175209,0.71974528981551,0.07920052781000732,0.9092604517936707,0.2567029656977366,0.03121363445151551,0.06863665687792003,0.8579710721969604,24,kdA,2,23.0
student_kdA_s2,test_w49-51,ge5,all,1.097423880784929,94427,93681,0.8373982017855063,0.7547171064732405,0.8231467299889864,0.7620542052283814,0.7491404137825333,0.8216728845523594,0.7693449045163907,0.7377725892814982,0.07481352099399707,0.853949248790741,0.24212477032118052,0.027226794876765444,0.06505890808199383,0.8053121566772461,24,kdA,2,23.0
student_kdA_s2,test_w49-51,ge5,near,1.097423880784929,94427,11739,0.8373982017855063,0.7547171064732405,0.8155156863914533,0.7561121049493142,0.7427160460361202,0.8410706169973141,0.7465712581991651,0.7539554633133257,0.07481352099399707,0.853949248790741,0.24212477032118052,0.027226794876765444,0.06505890808199383,0.8053121566772461,24,kdA,2,23.0
student_kdA_s2,test_w49-51,ge5,far,1.097423880784929,94427,81942,0.8373982017855063,0.7547171064732405,0.8242399522778181,0.7629054697224866,0.7500607678497406,0.8188939679873339,0.7726074540528667,0.735454232904309,0.07481352099399707,0.853949248790741,0.24212477032118052,0.027226794876765444,0.06505890808199383,0.8053121566772461,24,kdA,2,23.0
student_kdB_s2,val,all,all,1.1021293370868424,200000,37194,0.95452,0.9278866407610841,0.8922211041431414,0.6148841210948003,0.8753221159326773,0.8712545267381836,0.5730763026294564,0.8471851845727806,0.0015606269985437846,0.1639455258846283,0.06634585609380025,0.002942007222529882,0.0057398898611217344,0.1627749353647232,24,kdB,2,1.0
student_kdB_s2,val,all,near,1.1021293370868424,200000,10090,0.95452,0.9278866407610841,0.8693196647670962,0.6603567888999009,0.8542184697720516,0.7766726883052528,0.7344895936570862,0.7590795773042617,0.0015606269985437846,0.1639455258846283,0.06634585609380025,0.002942007222529882,0.0057398898611217344,0.1627749353647232,24,kdB,2,1.0
student_kdB_s2,val,all,far,1.1021293370868424,200000,27104,0.95452,0.9278866407610841,0.9007466178423849,0.5979560212514758,0.8831783655548996,0.9064644865149055,0.512987012987013,0.8799842392266825,0.0015606269985437846,0.1639455258846283,0.06634585609380025,0.002942007222529882,0.0057398898611217344,0.1627749353647232,24,kdB,2,1.0
student_kdB_s2,val,ge5,all,1.1021293370868424,191393,35514,0.9591312116953076,0.9325689769778144,0.9012455281055359,0.5871205721687222,0.8856973986860934,0.8838703804196593,0.5122768485667624,0.8613846529185962,0.0022323025887628556,0.14575627446174622,0.05982903990302507,0.0024421507973259077,0.00400241517423881,0.14420641958713531,24,kdB,2,1.0
student_kdB_s2,val,ge5,near,1.1021293370868424,191393,9767,0.9591312116953076,0.9325689769778144,0.877719924841033,0.6359168629057029,0.8639587525156154,0.7916168307516555,0.6907955359885328,0.7750884849087312,0.0022323025887628556,0.14575627446174622,0.05982903990302507,0.0024421507973259077,0.00400241517423881,0.14420641958713531,24,kdB,2,1.0
student_kdB_s2,val,ge5,far,1.1021293370868424,191393,25747,0.9591312116953076,0.9325689769778144,0.9101698519912079,0.5686099351380743,0.8939438490355345,0.9188663185719641,0.4445566473763934,0.8941206871343244,0.0022323025887628556,0.14575627446174622,0.05982903990302507,0.0024421507973259077,0.00400241517423881,0.14420641958713531,24,kdB,2,1.0
student_kdB_s2,test_w29-32,all,all,1.1021293370868424,100000,100000,0.93746,0.8922784919333068,0.8824833106500001,0.62149,0.8554306126000001,0.876791846,0.53445,0.8407360784,0.010283755763769126,0.24024462699890137,0.09133618300988021,0.0055290472630319535,0.0035758595681190733,0.23406982421875,24,kdB,2,3.5
student_kdB_s2,test_w29-32,all,near,1.1021293370868424,100000,16111,0.93746,0.8922784919333068,0.8708566221836013,0.6792874433616783,0.8467793085469556,0.8794138154056235,0.5716591148904475,0.8445684706101422,0.010283755763769126,0.24024462699890137,0.09133618300988021,0.0055290472630319535,0.0035758595681190733,0.23406982421875,24,kdB,2,3.5
student_kdB_s2,test_w29-32,all,far,1.1021293370868424,100000,83889,0.93746,0.8922784919333068,0.8847162324619438,0.610389920013351,0.8570921076660827,0.8762882931015985,0.5273039373457783,0.8400000621058779,0.010283755763769126,0.24024462699890137,0.09133618300988021,0.0055290472630319535,0.0035758595681190733,0.23406982421875,24,kdB,2,3.5
student_kdB_s2,test_w29-32,ge5,all,1.1021293370868424,95313,94723,0.9422114506940291,0.8970460623407343,0.8896369711882077,0.591271391319954,0.8641186513200746,0.8860895302110845,0.49295313704168997,0.8523086804795198,0.011528173887014145,0.22128549218177795,0.08475733592705888,0.004819523434389267,0.005342601089486116,0.21473051607608795,24,kdB,2,3.5
student_kdB_s2,test_w29-32,ge5,near,1.1021293370868424,95313,15529,0.9422114506940291,0.8970460623407343,0.8793205545731515,0.6614720844870887,0.8567517244634741,0.891548201711818,0.5425977203941014,0.8587412758510548,0.011528173887014145,0.22128549218177795,0.08475733592705888,0.004819523434389267,0.005342601089486116,0.21473051607608795,24,kdB,2,3.5
student_kdB_s2,test_w29-32,ge5,far,1.1021293370868424,95313,79194,0.9422114506940291,0.8970460623407343,0.8916598975919152,0.5775058716569437,0.8655632179180006,0.8850191497563166,0.4832184256383059,0.8510473251555741,0.011528173887014145,0.22128549218177795,0.08475733592705888,0.004819523434389267,0.005342601089486116,0.21473051607608795,24,kdB,2,3.5
student_kdB_s2,test_w33-36,all,all,1.1021293370868424,100000,100000,0.91288,0.8570661023885838,0.86197846995,0.69516,0.8233680459999999,0.8583389707,0.5872,0.8077442846999999,0.027010009423941383,0.34898948669433594,0.1282977234383814,0.00980600354541025,0.01881086566708983,0.3361116349697113,24,kdB,2,7.5
student_kdB_s2,test_w33-36,all,near,1.1021293370868424,100000,15732,0.91288,0.8570661023885838,0.8550060437325198,0.720188151538266,0.8189900845410628,0.8692204681540808,0.5846681922196796,0.8183583657513348,0.027010009423941383,0.34898948669433594,0.1282977234383814,0.00980600354541025,0.01881086566708983,0.3361116349697113,24,kdB,2,7.5
student_kdB_s2,test_w33-36,all,far,1.1021293370868424,100000,84268,0.91288,0.8570661023885838,0.8632801527863483,0.6904874922865144,0.8241853679925951,0.8563075030260596,0.5876726634072246,0.8057627410167562,0.027010009423941383,0.34898948669433594,0.1282977234383814,0.00980600354541025,0.01881086566708983,0.3361116349697113,24,kdB,2,7.5
student_kdB_s2,test_w33-36,ge5,all,1.1021293370868424,95121,93782,0.9169373745019501,0.8607272881934324,0.869449516688371,0.668443837836685,0.832649383344719,0.867031661215035,0.5673156895779574,0.8185634475266212,0.025553455741199414,0.3266289234161377,0.12047475515897625,0.008606328648820171,0.018332311935088656,0.3133966028690338,24,kdB,2,7.5
student_kdB_s2,test_w33-36,ge5,near,1.1021293370868424,95121,15221,0.9169373745019501,0.8607272881934324,0.8647160588253093,0.6979830497339202,0.8302151899873633,0.8812929606405119,0.5657315550883648,0.8321659776141846,0.025553455741199414,0.3266289234161377,0.12047475515897625,0.008606328648820171,0.018332311935088656,0.3133966028690338,24,kdB,2,7.5
student_kdB_s2,test_w33-36,ge5,far,1.1021293370868424,95121,78561,0.9169373745019501,0.8607272881934324,0.8703666124755131,0.6627206883822762,0.8331210023044102,0.8642685696230851,0.5676226117284657,0.8159279908692111,0.025553455741199414,0.3266289234161377,0.12047475515897625,0.008606328648820171,0.018332311935088656,0.3133966028690338,24,kdB,2,7.5
student_kdB_s2,test_w37-40,all,all,1.1021293370868424,100000,100000,0.89291,0.8408210955439432,0.8536961170499999,0.713,0.8044579567000001,0.85667825725,0.62117,0.7940417157,0.03747349791258569,0.43205663561820984,0.15606159314830548,0.01395610613932065,0.02809494046658282,0.41436800360679626,24,kdB,2,11.5
student_kdB_s2,test_w37-40,all,near,1.1021293370868424,100000,12184,0.89291,0.8408210955439432,0.8378243996224557,0.7302199606040709,0.7926298801707157,0.8560851415791201,0.6169566644780039,0.7940236679251478,0.03747349791258569,0.43205663561820984,0.15606159314830548,0.01395610613932065,0.02809494046658282,0.41436800360679626,24,kdB,2,11.5
student_kdB_s2,test_w37-40,all,far,1.1021293370868424,100000,87816,0.89291,0.8408210955439432,0.8558982328960555,0.7106108226291337,0.8060990390133916,0.8567605488749203,0.6217545777534845,0.7940442197321673,0.03747349791258569,0.43205663561820984,0.15606159314830548,0.01395610613932065,0.02809494046658282,0.41436800360679626,24,kdB,2,11.5
student_kdB_s2,test_w37-40,ge5,all,1.1021293370868424,95295,92226,0.8971194711160082,0.8446761352948395,0.8595205746714539,0.6996074859584065,0.8127000807050967,0.8642201934594551,0.6080823195194414,0.8034828586998184,0.03557947239493498,0.406931608915329,0.14784548908675305,0.01248008032377586,0.027401204653417735,0.38903486728668213,24,kdB,2,11.5
student_kdB_s2,test_w37-40,ge5,near,1.1021293370868424,95295,11717,0.8971194711160082,0.8446761352948395,0.846187370721167,0.7221985149782367,0.8029669214694232,0.8663215029267517,0.6052743876418879,0.8058922808898632,0.03557947239493498,0.406931608915329,0.14784548908675305,0.01248008032377586,0.027401204653417735,0.38903486728668213,24,kdB,2,11.5
student_kdB_s2,test_w37-40,ge5,far,1.1021293370868424,95295,80509,0.8971194711160082,0.8446761352948395,0.861461042826387,0.6963196661242842,0.8141166108664996,0.8639143761840161,0.6084909761641556,0.8031321997697515,0.03557947239493498,0.406931608915329,0.14784548908675305,0.01248008032377586,0.027401204653417735,0.38903486728668213,24,kdB,2,11.5
student_kdB_s2,test_w41-44,all,all,1.1021293370868424,100000,100000,0.88498,0.828974442392745,0.8451707663000001,0.73166,0.7922092374,0.8461702666,0.65853,0.7818473589000001,0.04375084501191974,0.5054401755332947,0.16971784923815633,0.016630274289818708,0.03427453183516861,0.4813537895679474,24,kdB,2,15.5
student_kdB_s2,test_w41-44,all,near,1.1021293370868424,100000,11009,0.88498,0.828974442392745,0.8145203483513489,0.7616495594513579,0.7684231565083114,0.834386583704242,0.6782632391679535,0.7735218212371695,0.04375084501191974,0.5054401755332947,0.16971784923815633,0.016630274289818708,0.03427453183516861,0.4813537895679474,24,kdB,2,15.5
student_kdB_s2,test_w41-44,all,far,1.1021293370868424,100000,88991,0.88498,0.828974442392745,0.8489625031182928,0.7279500174174917,0.7951517929903024,0.847628015866773,0.6560888179703566,0.7828773039970334,0.04375084501191974,0.5054401755332947,0.16971784923815633,0.016630274289818708,0.03427453183516861,0.4813537895679474,24,kdB,2,15.5
student_kdB_s2,test_w41-44,ge5,all,1.1021293370868424,95403,93678,0.8904436967390963,0.8336370485965248,0.8525810952622347,0.7089284570550183,0.801589290026085,0.8556125352529882,0.6324110250005337,0.7930150559466725,0.04206032497767162,0.47996798157691956,0.16115323176160837,0.01500203953369426,0.033719208032417874,0.4556131362915039,24,kdB,2,15.5
student_kdB_s2,test_w41-44,ge5,near,1.1021293370868424,95403,10688,0.8904436967390963,0.8336370485965248,0.8241661762321713,0.7467252994011976,0.7797552310162229,0.8471728577529386,0.6519461077844312,0.7877294911372187,0.04206032497767162,0.47996798157691956,0.16115323176160837,0.01500203953369426,0.033719208032417874,0.4556131362915039,24,kdB,2,15.5
student_kdB_s2,test_w41-44,ge5,far,1.1021293370868424,95403,82990,0.8904436967390963,0.8336370485965248,0.8562405560959896,0.7040607302084588,0.8044012242675287,0.856699452630028,0.6298951680925413,0.7936957658717654,0.04206032497767162,0.47996798157691956,0.16115323176160837,0.01500203953369426,0.033719208032417874,0.4556131362915039,24,kdB,2,15.5
student_kdB_s2,test_w45-48,all,all,1.1021293370868424,100000,100000,0.8534,0.7831725281074153,0.8250214342499999,0.75672,0.7577369364999998,0.8248730473500001,0.71836,0.7455815633,0.062204928842261475,0.7085745930671692,0.21642769270882348,0.024329628882881947,0.051407202721834216,0.6690136790275574,24,kdB,2,19.5
student_kdB_s2,test_w45-48,all,near,1.1021293370868424,100000,10212,0.8534,0.7831725281074153,0.791901991284763,0.7778104191147669,0.7322695985115549,0.8115196626517822,0.7190560125342734,0.736601555033294,0.062204928842261475,0.7085745930671692,0.21642769270882348,0.024329628882881947,0.051407202721834216,0.6690136790275574,24,kdB,2,19.5
student_kdB_s2,test_w45-48,all,far,1.1021293370868424,100000,89788,0.8534,0.7831725281074153,0.8287882600124739,0.7543212901501314,0.760633453356796,0.826391788880474,0.7182808393103756,0.7466029007217,0.062204928842261475,0.7085745930671692,0.21642769270882348,0.024329628882881947,0.051407202721834216,0.6690136790275574,24,kdB,2,19.5
student_kdB_s2,test_w45-48,ge5,all,1.1021293370868424,95040,92738,0.8611005892255892,0.7899938779430385,0.8299377370845007,0.7410985787918652,0.7673422182804125,0.8324982318222011,0.702009963553236,0.7569999867662367,0.05851688297090718,0.6564881205558777,0.20297024682332865,0.021262931569169807,0.04900306102644136,0.6194175481796265,24,kdB,2,19.5
student_kdB_s2,test_w45-48,ge5,near,1.1021293370868424,95040,9889,0.8611005892255892,0.7899938779430385,0.7992558769130274,0.7701486500151684,0.7438598898105674,0.8239043848630574,0.6973404793204571,0.7520357693886994,0.05851688297090718,0.6564881205558777,0.20297024682332865,0.021262931569169807,0.04900306102644136,0.6194175481796265,24,kdB,2,19.5
student_kdB_s2,test_w45-48,ge5,far,1.1021293370868424,95040,82849,0.8611005892255892,0.7899938779430385,0.8335999770057514,0.7376311120230782,0.7701451096398529,0.8335240082658391,0.7025673212712283,0.757592524342387,0.05851688297090718,0.6564881205558777,0.20297024682332865,0.021262931569169807,0.04900306102644136,0.6194175481796265,24,kdB,2,19.5
student_kdB_s2,test_w49-51,all,all,1.1021293370868424,100000,100000,0.83136,0.7533531734089662,0.8160138640000001,0.78243,0.7376680693000002,0.81373701125,0.76899,0.7268934495000001,0.07895386931948367,0.8957353830337524,0.25258745129694976,0.030978037312729058,0.0678303981517255,0.8436443209648132,24,kdB,2,23.0
student_kdB_s2,test_w49-51,all,near,1.1021293370868424,100000,12082,0.83136,0.7533531734089662,0.7883575186227446,0.7922529382552558,0.7169775120013242,0.8055424623406722,0.7380400595927826,0.7210588197318324,0.07895386931948367,0.8957353830337524,0.25258745129694976,0.030978037312729058,0.0678303981517255,0.8436443209648132,24,kdB,2,23.0
student_kdB_s2,test_w49-51,all,far,1.1021293370868424,100000,87918,0.83136,0.7533531734089662,0.8198144960076434,0.7810800973634523,0.7405114382720264,0.8148631349098023,0.7732432493914784,0.7276952647921927,0.07895386931948367,0.8957353830337524,0.25258745129694976,0.030978037312729058,0.0678303981517255,0.8436443209648132,24,kdB,2,23.0
student_kdB_s2,test_w49-51,ge5,all,1.1021293370868424,94427,93681,0.8388596481938428,0.7603066014939345,0.8221997719231519,0.7594389470650399,0.7490241342025765,0.8233494500658186,0.7502054845699768,0.7400683273277545,0.0739005982621125,0.8438616394996643,0.2378954463462668,0.027098936859543864,0.06376447225881159,0.7942586541175842,24,kdB,2,23.0
student_kdB_s2,test_w49-51,ge5,near,1.1021293370868424,94427,11739,0.8388596481938428,0.7603066014939345,0.7964247753018998,0.7800494079563847,0.7298947650455804,0.8190047092413163,0.7199931851094642,0.7375073092641062,0.0739005982621125,0.8438616394996643,0.2378954463462668,0.027098936859543864,0.06376447225881159,0.7942586541175842,24,kdB,2,23.0
student_kdB_s2,test_w49-51,ge5,far,1.1021293370868424,94427,81942,0.8388596481938428,0.7603066014939345,0.8258922945042075,0.7564862951843987,0.7517646050787328,0.8239718770573351,0.7545336945644481,0.7404352184342586,0.0739005982621125,0.8438616394996643,0.2378954463462668,0.027098936859543864,0.06376447225881159,0.7942586541175842,24,kdB,2,23.0
student_enddA_s2,val,all,all,0.9309574388218307,200000,37194,0.95073,0.9211646989932301,0.8942838373796849,0.5335537989998387,0.8724742462493952,0.794341678160456,0.5873796848954133,0.7693137754745389,0.007100572457462571,0.19392181932926178,0.07285698436728015,0.00392028093563449,0.0035557178528234415,0.19241949915885925,24,enddA,2,1.0
student_enddA_s2,val,all,near,0.9309574388218307,200000,10090,0.95073,0.9211646989932301,0.858318039395441,0.6389494549058474,0.8407766100099109,0.7606682621407334,0.6517343904856293,0.738124167988107,0.007100572457462571,0.19392181932926178,0.07285698436728015,0.00392028093563449,0.0035557178528234415,0.19241949915885925,24,enddA,2,1.0
student_enddA_s2,val,all,far,0.9309574388218307,200000,27104,0.95073,0.9211646989932301,0.9076728169273909,0.4943181818181818,0.8842743181818181,0.8068772731884593,0.563422373081464,0.7809247236570249,0.007100572457462571,0.19392181932926178,0.07285698436728015,0.00392028093563449,0.0035557178528234415,0.19241949915885925,24,enddA,2,1.0
student_enddA_s2,val,ge5,all,0.9309574388218307,191393,35514,0.9557089339735518,0.9266511597611237,0.9002387621629659,0.5099397420735484,0.8807041357947333,0.7993847312787161,0.5892887312045954,0.7761213256663374,0.007897073007831157,0.17241567373275757,0.06550130627441673,0.003342324954671787,0.003050013109216686,0.17042160034179688,24,enddA,2,1.0
student_enddA_s2,val,ge5,near,0.9309574388218307,191393,9767,0.9557089339735518,0.9266511597611237,0.8626160464617011,0.6257806900788369,0.8471709885436822,0.7625493391185821,0.6589536193303983,0.7416893806256646,0.007897073007831157,0.17241567373275757,0.06550130627441673,0.003342324954671787,0.003050013109216686,0.17042160034179688,24,enddA,2,1.0
student_enddA_s2,val,ge5,far,0.9309574388218307,191393,25747,0.9557089339735518,0.9266511597611237,0.9145107575121038,0.4659960383734027,0.8934247731195097,0.8133580592481116,0.5628616926243835,0.789182917588202,0.007897073007831157,0.17241567373275757,0.06550130627441673,0.003342324954671787,0.003050013109216686,0.17042160034179688,24,enddA,2,1.0
student_enddA_s2,test_w29-32,all,all,0.9309574388218307,100000,100000,0.9337,0.8879776736553652,0.87522395015,0.59167,0.844682166,0.76610884545,0.63823,0.7338204658,0.005350959947407198,0.2605513632297516,0.09758565005517951,0.007173623156613284,0.008579871219843611,0.26104462146759033,24,enddA,2,3.5
student_enddA_s2,test_w29-32,all,near,0.9309574388218307,100000,16111,0.9337,0.8879776736553652,0.8810713282850227,0.56774874309478,0.8496100124138787,0.7506633889888896,0.6408664887344051,0.7190173558438335,0.005350959947407198,0.2605513632297516,0.09758565005517951,0.007173623156613284,0.008579871219843611,0.26104462146759033,24,enddA,2,3.5
student_enddA_s2,test_w29-32,all,far,0.9309574388218307,100000,83889,0.9337,0.8879776736553652,0.8741009529854926,0.5962641109084623,0.8437357661910381,0.7690751670064012,0.6377236586441607,0.7366634238100347,0.005350959947407198,0.2605513632297516,0.09758565005517951,0.007173623156613284,0.008579871219843611,0.26104462146759033,24,enddA,2,3.5
student_enddA_s2,test_w29-32,ge5,all,0.9309574388218307,95313,94723,0.9392003189491465,0.8933683813488663,0.8787013434560176,0.5781911468175628,0.8507103990999879,0.7701471958030336,0.6157110733401603,0.7394303560701985,0.004461971041350486,0.2378654181957245,0.0897543484527425,0.006471144080810373,0.0069953143931527646,0.23780180513858795,24,enddA,2,3.5
student_enddA_s2,test_w29-32,ge5,near,0.9309574388218307,95313,15529,0.9392003189491465,0.8933683813488663,0.8850315693961514,0.5568291583488956,0.8562318826268254,0.7537000264270579,0.6212892008500226,0.7237474198948992,0.004461971041350486,0.2378654181957245,0.0897543484527425,0.006471144080810373,0.0069953143931527646,0.23780180513858795,24,enddA,2,3.5
student_enddA_s2,test_w29-32,ge5,far,0.9309574388218307,95313,79194,0.9392003189491465,0.8933683813488663,0.8774600615580919,0.5823799782811829,0.8496277019551504,0.7733722897904508,0.6146172689850241,0.7425055930309055,0.004461971041350486,0.2378654181957245,0.0897543484527425,0.006471144080810373,0.0069953143931527646,0.23780180513858795,24,enddA,2,3.5
student_enddA_s2,test_w33-36,all,all,0.9309574388218307,100000,100000,0.90756,0.8494316493497271,0.8537123456,0.69358,0.8112310964,0.7505150946500001,0.68205,0.7056303695999999,0.01370075295761225,0.3701537847518921,0.1352210198635586,0.012593237641502289,0.02354631290778519,0.3747948408126831,24,enddA,2,7.5
student_enddA_s2,test_w33-36,all,near,0.9309574388218307,100000,15732,0.90756,0.8494316493497271,0.8639831909483855,0.650139842359522,0.8193432157386218,0.7343491682557843,0.6919018560894991,0.6909106197559116,0.01370075295761225,0.3701537847518921,0.1352210198635586,0.012593237641502289,0.02354631290778519,0.3747948408126831,24,enddA,2,7.5
student_enddA_s2,test_w33-36,all,far,0.9309574388218307,100000,84268,0.90756,0.8494316493497271,0.8517948806189776,0.7016898466796412,0.8097166441591115,0.7535331128067594,0.6802107561589216,0.7083784009351117,0.01370075295761225,0.3701537847518921,0.1352210198635586,0.012593237641502289,0.02354631290778519,0.3747948408126831,24,enddA,2,7.5
student_enddA_s2,test_w33-36,ge5,all,0.9309574388218307,95121,93782,0.912132967483521,0.8526723817325458,0.8580479780529302,0.6631976285427907,0.8178541222218476,0.7535886330502933,0.6706084323217675,0.7102621500254906,0.010645694487253747,0.34524771571159363,0.12651043888208868,0.011350216515680826,0.019901624477903036,0.34926003217697144,24,enddA,2,7.5
student_enddA_s2,test_w33-36,ge5,near,0.9309574388218307,95121,15221,0.912132967483521,0.8526723817325458,0.8696326038323681,0.6241377044872216,0.8273360746272151,0.7386528869003194,0.6773536561329742,0.6966578409271076,0.010645694487253747,0.34524771571159363,0.12651043888208868,0.011350216515680826,0.019901624477903036,0.34926003217697144,24,enddA,2,7.5
student_enddA_s2,test_w33-36,ge5,far,0.9309574388218307,95121,78561,0.912132967483521,0.8526723817325458,0.8558034853785903,0.6707653924975496,0.8160170173280441,0.7564823970317697,0.6693015618436629,0.7128979513618596,0.010645694487253747,0.34524771571159363,0.12651043888208868,0.011350216515680826,0.019901624477903036,0.34926003217697144,24,enddA,2,7.5
student_enddA_s2,test_w37-40,all,all,0.9309574388218307,100000,100000,0.88686,0.8330795846382949,0.85021723785,0.73081,0.7960131228999999,0.7684285955,0.70462,0.7112970714999999,0.02242888382114467,0.4571062922477722,0.16459610583674084,0.017026993256081004,0.033822428732663404,0.4647553563117981,24,enddA,2,11.5
student_enddA_s2,test_w37-40,all,near,0.9309574388218307,100000,12184,0.88686,0.8330795846382949,0.8477105667268549,0.7013296126066974,0.7923069574852265,0.7411949786605384,0.7252954694681549,0.6870767219304005,0.02242888382114467,0.4571062922477722,0.16459610583674084,0.017026993256081004,0.033822428732663404,0.4647553563117981,24,enddA,2,11.5
student_enddA_s2,test_w37-40,all,far,0.9309574388218307,100000,87816,0.88686,0.8330795846382949,0.8505650250523824,0.734900245968844,0.7965273335155323,0.7722071140794389,0.7017513892684705,0.7146575153730528,0.02242888382114467,0.4571062922477722,0.16459610583674084,0.017026993256081004,0.033822428732663404,0.4647553563117981,24,enddA,2,11.5
student_enddA_s2,test_w37-40,ge5,all,0.9309574388218307,95295,92226,0.8913374258880319,0.8362272462655469,0.8543093190160561,0.7143538698414764,0.8024882659609776,0.7711480370115834,0.6957907748357296,0.7155679814080587,0.0193605112202446,0.42780575156211853,0.15558337625494484,0.015563987183635166,0.02971165728685371,0.43454858660697937,24,enddA,2,11.5
student_enddA_s2,test_w37-40,ge5,near,0.9309574388218307,95295,11717,0.8913374258880319,0.8362272462655469,0.852952669583372,0.6822565503115132,0.7998062345339341,0.7460354037421418,0.711871639498165,0.6930251744779644,0.0193605112202446,0.42780575156211853,0.15558337625494484,0.015563987183635166,0.02971165728685371,0.43454858660697937,24,enddA,2,11.5
student_enddA_s2,test_w37-40,ge5,far,0.9309574388218307,95295,80509,0.8913374258880319,0.8362272462655469,0.854506761058595,0.7190252021513123,0.8028785994917715,0.7748028423627622,0.6934504216919848,0.7188487831668673,0.0193605112202446,0.42780575156211853,0.15558337625494484,0.015563987183635166,0.02971165728685371,0.43454858660697937,24,enddA,2,11.5
student_enddA_s2,test_w41-44,all,all,0.9309574388218307,100000,100000,0.88045,0.8206024435274458,0.84267485465,0.73463,0.785378897,0.7567105360999999,0.72464,0.6994099602,0.025398521519303316,0.5048881769180298,0.17516758808587882,0.019404996054551062,0.037709969457164406,0.5158212184906006,24,enddA,2,15.5
student_enddA_s2,test_w41-44,all,near,0.9309574388218307,100000,11009,0.88045,0.8206024435274458,0.8279031978381326,0.7194113906803524,0.771882423471705,0.7126801385230267,0.7630120810246163,0.6604510037242256,0.025398521519303316,0.5048881769180298,0.17516758808587882,0.019404996054551062,0.037709969457164406,0.5158212184906006,24,enddA,2,15.5
student_enddA_s2,test_w41-44,all,far,0.9309574388218307,100000,88991,0.88045,0.8206024435274458,0.8445022435976672,0.736512681057635,0.7870485341214281,0.7621574986796418,0.7198930228899552,0.704229539166882,0.025398521519303316,0.5048881769180298,0.17516758808587882,0.019404996054551062,0.037709969457164406,0.5158212184906006,24,enddA,2,15.5
student_enddA_s2,test_w41-44,ge5,all,0.9309574388218307,95403,93678,0.8862509564688742,0.8252520125528694,0.8475995932110993,0.7131984030402015,0.7930909312617049,0.7628434452675954,0.7098251457119067,0.7069909823234837,0.023216906033633036,0.4722292423248291,0.1651058672633064,0.017673121981142775,0.03348551245869317,0.481990784406662,24,enddA,2,15.5
student_enddA_s2,test_w41-44,ge5,near,0.9309574388218307,95403,10688,0.8862509564688742,0.8252520125528694,0.8327450443677281,0.7017215568862275,0.7797673271189768,0.7174207212756023,0.7559880239520959,0.6667430317739416,0.023216906033633036,0.4722292423248291,0.1651058672633064,0.017673121981142775,0.03348551245869317,0.481990784406662,24,enddA,2,15.5
student_enddA_s2,test_w41-44,ge5,far,0.9309574388218307,95403,82990,0.8862509564688742,0.8252520125528694,0.8495126600629845,0.7146764670442222,0.7948068329495889,0.7686932834893863,0.7038799855404265,0.7121743790637357,0.023216906033633036,0.4722292423248291,0.1651058672633064,0.017673121981142775,0.03348551245869317,0.481990784406662,24,enddA,2,15.5
student_enddA_s2,test_w45-48,all,all,0.9309574388218307,100000,100000,0.8508,0.7887276953849625,0.8197842034499999,0.76363,0.7502061501000001,0.736778125,0.79271,0.6677354874,0.034107849394232,0.6603925824165344,0.21715425937004199,0.028004323244306184,0.04903011044710871,0.6782054901123047,24,enddA,2,19.5
student_enddA_s2,test_w45-48,all,near,0.9309574388218307,100000,10212,0.8508,0.7887276953849625,0.7997628339208773,0.7419702311006658,0.731603106149628,0.6806909679788484,0.8078730904817861,0.6188720564042303,0.034107849394232,0.6603925824165344,0.21715425937004199,0.028004323244306184,0.04903011044710871,0.6782054901123047,24,enddA,2,19.5
student_enddA_s2,test_w45-48,all,far,0.9309574388218307,100000,89788,0.8508,0.7887276953849625,0.8220613253998308,0.7660934646055152,0.7523219593932373,0.7431571739542032,0.7909854323517619,0.673292948946407,0.034107849394232,0.6603925824165344,0.21715425937004199,0.028004323244306184,0.04903011044710871,0.6782054901123047,24,enddA,2,19.5
student_enddA_s2,test_w45-48,ge5,all,0.9309574388218307,95040,92738,0.8587647306397307,0.7954411750008625,0.8229557313422273,0.7507278569734089,0.7586030235617987,0.7410861886470759,0.7867325152580388,0.6759048651361538,0.029926086016946317,0.6052411198616028,0.20225732211704123,0.024356464488821984,0.041948188132973366,0.6198304295539856,24,enddA,2,19.5
student_enddA_s2,test_w45-48,ge5,near,0.9309574388218307,95040,9889,0.8587647306397307,0.7954411750008625,0.8023681307377206,0.7372838507432501,0.7399060208039882,0.6842617937047355,0.8034179391242795,0.626118102222549,0.029926086016946317,0.6052411198616028,0.20225732211704123,0.024356464488821984,0.041948188132973366,0.6198304295539856,24,enddA,2,19.5
student_enddA_s2,test_w45-48,ge5,far,0.9309574388218307,95040,82849,0.8587647306397307,0.7954411750008625,0.8254131029746908,0.7523325568202393,0.7608347301638334,0.7478688467550169,0.7847409141932914,0.6818474993073886,0.029926086016946317,0.6052411198616028,0.20225732211704123,0.024356464488821984,0.041948188132973366,0.6198304295539856,24,enddA,2,19.5
student_enddA_s2,test_w49-51,all,all,0.9309574388218307,100000,100000,0.83004,0.7615672235311745,0.8117526337000001,0.79717,0.7323480994999999,0.7313115243499999,0.78973,0.6498456271,0.045771421800255806,0.8050533533096313,0.24817920411844596,0.033313288392188965,0.0605781968976557,0.830997884273529,24,enddA,2,23.0
student_enddA_s2,test_w49-51,all,near,0.9309574388218307,100000,12082,0.83004,0.7615672235311745,0.7974967492964741,0.7514484356894554,0.7181263880152292,0.6924826245654694,0.7833140208574739,0.6156385408045025,0.045771421800255806,0.8050533533096313,0.24817920411844596,0.033313288392188965,0.0605781968976557,0.830997884273529,24,enddA,2,23.0
student_enddA_s2,test_w49-51,all,far,0.9309574388218307,100000,87918,0.83004,0.7615672235311745,0.8137117273482107,0.8034532177711049,0.7343024969858276,0.7366475279806183,0.7906117063627471,0.65454648490639,0.045771421800255806,0.8050533533096313,0.24817920411844596,0.033313288392188965,0.0605781968976557,0.830997884273529,24,enddA,2,23.0
student_enddA_s2,test_w49-51,ge5,all,0.9309574388218307,94427,93681,0.8378959407796499,0.7675207923349128,0.8157305798735401,0.7838195578612526,0.741891230812021,0.7380998893417416,0.7833285297979313,0.6601305383810977,0.04058716472901524,0.7476359009742737,0.23244770691609587,0.02897497980647279,0.05302525132614255,0.7701742053031921,24,enddA,2,23.0
student_enddA_s2,test_w49-51,ge5,near,0.9309574388218307,94427,11739,0.8378959407796499,0.7675207923349128,0.8008766115477564,0.7431638129312548,0.7274811252031503,0.6966625564473145,0.7788568021126161,0.6236220124684722,0.04058716472901524,0.7476359009742737,0.23244770691609587,0.02897497980647279,0.05302525132614255,0.7701742053031921,24,enddA,2,23.0
student_enddA_s2,test_w49-51,ge5,far,0.9309574388218307,94427,81942,0.8378959407796499,0.7675207923349128,0.8178585573963777,0.7896438944619365,0.7439556206211853,0.7440361961300515,0.7839691489102047,0.665360744938032,0.04058716472901524,0.7476359009742737,0.23244770691609587,0.02897497980647279,0.05302525132614255,0.7701742053031921,24,enddA,2,23.0
student_kdA4_s2,val,all,all,1.6209226398900127,200000,37194,0.939915,0.8995568856726467,0.8837481333682852,0.7064311448083024,0.8623366388395977,0.8674916832015915,0.5336882292842932,0.8378503393020379,0.02823723034285008,0.24239425361156464,0.09107632351961985,0.00452181342596363,0.004240336644426027,0.2024848610162735,24,kdA4,2,1.0
student_kdA4_s2,val,all,near,1.6209226398900127,200000,10090,0.939915,0.8995568856726467,0.8749950919226958,0.7143706640237859,0.8547232229930624,0.8011979442517344,0.6902874132804757,0.7786319742319129,0.02823723034285008,0.24239425361156464,0.09107632351961985,0.00452181342596363,0.004240336644426027,0.2024848610162735,24,kdA4,2,1.0
student_kdA4_s2,val,all,far,1.6209226398900127,200000,27104,0.939915,0.8995568856726467,0.8870066261437426,0.7034755017709563,0.8651708834489374,0.8921708385293683,0.47539108618654075,0.8598955467827627,0.02823723034285008,0.24239425361156464,0.09107632351961985,0.00452181342596363,0.004240336644426027,0.2024848610162735,24,kdA4,2,1.0
student_kdA4_s2,val,ge5,all,1.6209226398900127,191393,35514,0.9463460001149467,0.9065969401792695,0.8933823365642408,0.6748606183476938,0.8742082674663152,0.8760556365248644,0.4807118319535958,0.848475910836947,0.025746159521500868,0.21495579183101654,0.08157304410010968,0.0037105202735811167,0.003764697902091181,0.17795619368553162,24,kdA4,2,1.0
student_kdA4_s2,val,ge5,near,1.6209226398900127,191393,9767,0.9463460001149467,0.9065969401792695,0.8833602876272664,0.6865977270400327,0.8654517831155365,0.8113549793407837,0.6486126753353127,0.7903539645689195,0.025746159521500868,0.21495579183101654,0.08157304410010968,0.0037105202735811167,0.003764697902091181,0.17795619368553162,24,kdA4,2,1.0
student_kdA4_s2,val,ge5,far,1.6209226398900127,191393,25747,0.9463460001149467,0.9065969401792695,0.8971841523861787,0.670408202897425,0.8775299974796784,0.900599518092306,0.4170194585776984,0.8705241902170621,0.025746159521500868,0.21495579183101654,0.08157304410010968,0.0037105202735811167,0.003764697902091181,0.17795619368553162,24,kdA4,2,1.0
student_kdA4_s2,test_w29-32,all,all,1.6209226398900127,100000,100000,0.9206,0.8600886800798929,0.86159133515,0.7061,0.8305068551,0.83840637415,0.55272,0.7986038574000002,0.04155122082903981,0.3383943438529968,0.11977944274378119,0.0075643135088297574,0.012493183668404781,0.27102723717689514,24,kdA4,2,3.5
student_kdA4_s2,test_w29-32,all,near,1.6209226398900127,100000,16111,0.9206,0.8600886800798929,0.8638961467320464,0.7515362174911551,0.835308414126994,0.8463259785239898,0.5899075166035628,0.807715038793371,0.04155122082903981,0.3383943438529968,0.11977944274378119,0.0075643135088297574,0.012493183668404781,0.27102723717689514,24,kdA4,2,3.5
student_kdA4_s2,test_w29-32,all,far,1.6209226398900127,100000,83889,0.9206,0.8600886800798929,0.8611486928560359,0.6973739107630321,0.8295847089606504,0.8368854030325787,0.5455780853270393,0.7968540422463016,0.04155122082903981,0.3383943438529968,0.11977944274378119,0.0075643135088297574,0.012493183668404781,0.27102723717689514,24,kdA4,2,3.5
student_kdA4_s2,test_w29-32,ge5,all,1.6209226398900127,95313,94723,0.9275125114097762,0.866683531222851,0.8680253804839068,0.6876788108484739,0.8396708909538896,0.8438441241246426,0.512504882657855,0.8069333157878578,0.03873012387505392,0.3099086284637451,0.1096116450417067,0.006487377716445806,0.012681650229818311,0.24557743966579437,24,kdA4,2,3.5
student_kdA4_s2,test_w29-32,ge5,near,1.6209226398900127,95313,15529,0.9275125114097762,0.866683531222851,0.871730393254283,0.739970378002447,0.8458590555053662,0.8535688307940834,0.5613368536286947,0.8178777575286609,0.03873012387505392,0.3099086284637451,0.1096116450417067,0.006487377716445806,0.012681650229818311,0.24557743966579437,24,kdA4,2,3.5
student_kdA4_s2,test_w29-32,ge5,far,1.6209226398900127,95313,79194,0.9275125114097762,0.866683531222851,0.8672988716156695,0.6774250574538475,0.8384574656019707,0.8419372249925146,0.502929514862237,0.8047872411383525,0.03873012387505392,0.3099086284637451,0.1096116450417067,0.006487377716445806,0.012681650229818311,0.24557743966579437,24,kdA4,2,3.5
student_kdA4_s2,test_w33-36,all,all,1.6209226398900127,100000,100000,0.89396,0.8297224448212871,0.84468421315,0.72727,0.7992379154,0.82228327055,0.60865,0.7668627146999999,0.06168725358888506,0.5182352066040039,0.16533298933677193,0.013197436179524366,0.027102085273712835,0.3927372694015503,24,kdA4,2,7.5
student_kdA4_s2,test_w33-36,all,near,1.6209226398900127,100000,15732,0.89396,0.8297224448212871,0.8471124440630562,0.7705314009661836,0.8044522673531656,0.834655809814391,0.613907958301551,0.7793926500127131,0.06168725358888506,0.5182352066040039,0.16533298933677193,0.013197436179524366,0.027102085273712835,0.3927372694015503,24,kdA4,2,7.5
student_kdA4_s2,test_w33-36,all,far,1.6209226398900127,100000,84268,0.89396,0.8297224448212871,0.8442308865168273,0.7191935254189016,0.798264447595766,0.8199734401552191,0.607668391322922,0.764523500023734,0.06168725358888506,0.5182352066040039,0.16533298933677193,0.013197436179524366,0.027102085273712835,0.3927372694015503,24,kdA4,2,7.5
student_kdA4_s2,test_w33-36,ge5,all,1.6209226398900127,95121,93782,0.9026713344056517,0.8370348997472378,0.8505960994634382,0.7164274594271822,0.8093736609358257,0.826624376974384,0.58012198502911,0.7753897613710287,0.05689620307619992,0.47433269023895264,0.15094102983757093,0.011357722946859987,0.025844912756592342,0.35789167881011963,24,kdA4,2,7.5
student_kdA4_s2,test_w33-36,ge5,near,1.6209226398900127,95121,15221,0.9026713344056517,0.8370348997472378,0.8551090678531137,0.7658498127586887,0.8165163657771826,0.842557037996869,0.5882005124499048,0.7912209391846066,0.05689620307619992,0.47433269023895264,0.15094102983757093,0.011357722946859987,0.025844912756592342,0.35789167881011963,24,kdA4,2,7.5
student_kdA4_s2,test_w33-36,ge5,far,1.6209226398900127,95121,78561,0.9026713344056517,0.8370348997472378,0.8497217229679855,0.7068520003564109,0.8079897794884119,0.8235374631949864,0.5785567902648897,0.7723225097130753,0.05689620307619992,0.47433269023895264,0.15094102983757093,0.011357722946859987,0.025844912756592342,0.35789167881011963,24,kdA4,2,7.5
student_kdA4_s2,test_w37-40,all,all,1.6209226398900127,100000,100000,0.87538,0.8179139623040677,0.8421650974,0.73074,0.7854280355,0.83090346225,0.63596,0.7625746633,0.07532861271537837,0.6390452980995178,0.19543235713757534,0.017463298907630688,0.03714657851040368,0.4754621982574463,24,kdA4,2,11.5
student_kdA4_s2,test_w37-40,all,near,1.6209226398900127,100000,12184,0.87538,0.8179139623040677,0.8371388846027576,0.7684668417596848,0.7848448498030205,0.8300071634931057,0.6433847669074195,0.7634277774130006,0.07532861271537837,0.6390452980995178,0.19543235713757534,0.017463298907630688,0.03714657851040368,0.4754621982574463,24,kdA4,2,11.5
student_kdA4_s2,test_w37-40,all,far,1.6209226398900127,100000,87816,0.87538,0.8179139623040677,0.8428624575248246,0.7255056026236677,0.7855089493941879,0.8310278189054386,0.6349298533296893,0.762456298282773,0.07532861271537837,0.6390452980995178,0.19543235713757534,0.017463298907630688,0.03714657851040368,0.4754621982574463,24,kdA4,2,11.5
student_kdA4_s2,test_w37-40,ge5,all,1.6209226398900127,95295,92226,0.8853245186001364,0.8253332644560748,0.846265544776265,0.7238414330015397,0.7950063000781664,0.8350659659664098,0.6047318543577733,0.771631977331577,0.06918906286578529,0.5888893008232117,0.17896312533702774,0.015184256681720893,0.03466469590544381,0.43655717372894287,24,kdA4,2,11.5
student_kdA4_s2,test_w37-40,ge5,near,1.6209226398900127,95295,11717,0.8853245186001364,0.8253332644560748,0.8436626949954029,0.7728087394384228,0.7965540998061376,0.8367476099370132,0.6229410258598618,0.7749962428514935,0.06918906286578529,0.5888893008232117,0.17896312533702774,0.015184256681720893,0.03466469590544381,0.43655717372894287,24,kdA4,2,11.5
student_kdA4_s2,test_w37-40,ge5,far,1.6209226398900127,95295,80509,0.8853245186001364,0.8253332644560748,0.8466443544855192,0.7167149014395906,0.7947810386861154,0.8348212253485465,0.6020817548348631,0.7711423538224432,0.06918906286578529,0.5888893008232117,0.17896312533702774,0.015184256681720893,0.03466469590544381,0.43655717372894287,24,kdA4,2,11.5
student_kdA4_s2,test_w41-44,all,all,1.6209226398900127,100000,100000,0.86809,0.8037923050903155,0.83475217135,0.73619,0.7742362676,0.8183949327,0.67163,0.7485940302999999,0.08197674238830809,0.7167483568191528,0.2080069597157697,0.01974419195811283,0.043240186676234006,0.5250049829483032,24,kdA4,2,15.5
student_kdA4_s2,test_w41-44,all,near,1.6209226398900127,100000,11009,0.86809,0.8037923050903155,0.8251316654555365,0.7919883731492415,0.7710225288400399,0.8122198305931511,0.7002452538831865,0.7461521845762558,0.08197674238830809,0.7167483568191528,0.2080069597157697,0.01974419195811283,0.043240186676234006,0.5250049829483032,24,kdA4,2,15.5
student_kdA4_s2,test_w41-44,all,far,1.6209226398900127,100000,88991,0.86809,0.8037923050903155,0.8359423158521648,0.7292872312930521,0.774633836455372,0.8191588492656561,0.6680900315762268,0.7488961089323638,0.08197674238830809,0.7167483568191528,0.2080069597157697,0.01974419195811283,0.043240186676234006,0.5250049829483032,24,kdA4,2,15.5
student_kdA4_s2,test_w41-44,ge5,all,1.6209226398900127,95403,93678,0.8780751129419411,0.8118590112906513,0.8406688600680493,0.7203078631055317,0.7847943864459562,0.8249866327199986,0.6265291744059438,0.7591719363880578,0.07609255415407301,0.6700769066810608,0.19192126529605774,0.017377745029965235,0.04105471869987615,0.4878930151462555,24,kdA4,2,15.5
student_kdA4_s2,test_w41-44,ge5,near,1.6209226398900127,95403,10688,0.8780751129419411,0.8118590112906513,0.8333949617705879,0.7878929640718563,0.7836642689354789,0.8209959307863001,0.6712200598802395,0.7588857819799537,0.07609255415407301,0.6700769066810608,0.19192126529605774,0.017377745029965235,0.04105471869987615,0.4878930151462555,24,kdA4,2,15.5
student_kdA4_s2,test_w41-44,ge5,far,1.6209226398900127,95403,82990,0.8780751129419411,0.8118590112906513,0.8416056407043098,0.7116038076876732,0.7849399304386295,0.8255005816568268,0.6207735871791782,0.7592087892415802,0.07609255415407301,0.6700769066810608,0.19192126529605774,0.017377745029965235,0.04105471869987615,0.4878930151462555,24,kdA4,2,15.5
student_kdA4_s2,test_w45-48,all,all,1.6209226398900127,100000,100000,0.8406,0.7745376280366565,0.81692941975,0.77909,0.7440053548000002,0.79904003065,0.75128,0.7177842373000001,0.10214917457610372,1.0237030982971191,0.25393687518819796,0.027660044171509475,0.058019205814525465,0.7280279397964478,24,kdA4,2,19.5
student_kdA4_s2,test_w45-48,all,near,1.6209226398900127,100000,10212,0.8406,0.7745376280366565,0.8043569452604779,0.8129651390520956,0.7375101625538582,0.7879115192910302,0.7462788875832355,0.7103365746180963,0.10214917457610372,1.0237030982971191,0.25393687518819796,0.027660044171509475,0.058019205814525465,0.7280279397964478,24,kdA4,2,19.5
student_kdA4_s2,test_w45-48,all,far,1.6209226398900127,100000,89788,0.8406,0.7745376280366565,0.8183593447899496,0.7752372254644273,0.7447440827282041,0.8003057271573039,0.7518487993941284,0.7186312940482024,0.10214917457610372,1.0237030982971191,0.25393687518819796,0.027660044171509475,0.058019205814525465,0.7280279397964478,24,kdA4,2,19.5
student_kdA4_s2,test_w45-48,ge5,all,1.6209226398900127,95040,92738,0.8524726430976431,0.7841878813803328,0.8214673371255962,0.7686600961849511,0.7550852948484247,0.8041075016816318,0.7260993336065044,0.7288837876044912,0.09324287121852085,0.925140380859375,0.23402826451187406,0.023900241183870394,0.05220172452302935,0.6605140566825867,24,kdA4,2,19.5
student_kdA4_s2,test_w45-48,ge5,near,1.6209226398900127,95040,9889,0.8524726430976431,0.7841878813803328,0.8103069864638907,0.8153503893214683,0.7500264893176208,0.7953109343255592,0.736272626150268,0.7239256845258464,0.09324287121852085,0.925140380859375,0.23402826451187406,0.023900241183870394,0.05220172452302935,0.6605140566825867,24,kdA4,2,19.5
student_kdA4_s2,test_w45-48,ge5,far,1.6209226398900127,95040,82849,0.8524726430976431,0.7841878813803328,0.8227994558921908,0.7630870620043694,0.7556891226302217,0.80515747518263,0.7248850318048498,0.7294755953673457,0.09324287121852085,0.925140380859375,0.23402826451187406,0.023900241183870394,0.05220172452302935,0.6605140566825867,24,kdA4,2,19.5
student_kdA4_s2,test_w49-51,all,all,1.6209226398900127,100000,100000,0.82244,0.7512597820060407,0.8098372147499999,0.79486,0.7279550756000002,0.7898741887999999,0.78371,0.7014364203,0.11503670650623737,1.2091290950775146,0.2838659271309551,0.03375562647795666,0.0674116758310795,0.85203617811203,24,kdA4,2,23.0
student_kdA4_s2,test_w49-51,all,near,1.6209226398900127,100000,12082,0.82244,0.7512597820060407,0.7967415605859958,0.8309054792252938,0.7209672007945704,0.782703572256249,0.7690779672239696,0.6964744570435358,0.11503670650623737,1.2091290950775146,0.2838659271309551,0.03375562647795666,0.0674116758310795,0.85203617811203,24,kdA4,2,23.0
student_kdA4_s2,test_w49-51,all,far,1.6209226398900127,100000,87918,0.82244,0.7512597820060407,0.8116368654882959,0.7899065037876203,0.7289153738711072,0.7908596000818945,0.7857207852771901,0.7021183106986054,0.11503670650623737,1.2091290950775146,0.2838659271309551,0.03375562647795666,0.0674116758310795,0.85203617811203,24,kdA4,2,23.0
student_kdA4_s2,test_w49-51,ge5,all,1.6209226398900127,94427,93681,0.8352907537039195,0.760136237743558,0.8147274997622611,0.7940244019598425,0.7402254313883241,0.7968766537653479,0.7667189718299335,0.7147814313526502,0.1047925477537979,1.0978931188583374,0.26198504580078064,0.029288119853170994,0.06047477173804228,0.7767524123191833,24,kdA4,2,23.0
student_kdA4_s2,test_w49-51,ge5,near,1.6209226398900127,94427,11739,0.8352907537039195,0.760136237743558,0.8023718024068979,0.8349944629014396,0.7340493812873978,0.7906611058265555,0.7607121560609933,0.7112211416868072,0.1047925477537979,1.0978931188583374,0.26198504580078064,0.029288119853170994,0.06047477173804228,0.7767524123191833,24,kdA4,2,23.0
student_kdA4_s2,test_w49-51,ge5,far,1.6209226398900127,94427,81942,0.8352907537039195,0.760136237743558,0.8164975753188086,0.7881550364892241,0.7411102115027315,0.7977670923347443,0.7675795074564936,0.7152914779757168,0.1047925477537979,1.0978931188583374,0.26198504580078064,0.029288119853170994,0.06047477173804228,0.7767524123191833,24,kdA4,2,23.0
student_kdB4_s2,val,all,all,1.795354470176719,200000,37194,0.940155,0.9028935200191838,0.8759517190944776,0.6700274237780287,0.8551605499542938,0.8587217432247136,0.5521051782545572,0.8303326754315212,0.03235151912055913,0.2677077651023865,0.0923119402873682,0.004476600070888298,0.0035873035146295955,0.20657560229301453,24,kdB4,2,1.0
student_kdB4_s2,val,all,near,1.795354470176719,200000,10090,0.940155,0.9028935200191838,0.8677909080773043,0.7037661050545094,0.8484755887016848,0.8076624769573836,0.6936570862239841,0.7856301243805749,0.03235151912055913,0.2677077651023865,0.0923119402873682,0.004476600070888298,0.0035873035146295955,0.20657560229301453,24,kdB4,2,1.0
student_kdB4_s2,val,all,far,1.795354470176719,200000,27104,0.940155,0.9028935200191838,0.8789897423811983,0.6574675324675324,0.8576491589802243,0.8777295648243801,0.49940968122786306,0.8469740840835301,0.03235151912055913,0.2677077651023865,0.0923119402873682,0.004476600070888298,0.0035873035146295955,0.20657560229301453,24,kdB4,2,1.0
student_kdB4_s2,val,ge5,all,1.795354470176719,191393,35514,0.9467274142732492,0.9099426344059816,0.8854256322600151,0.64757560398716,0.8670463490060596,0.8677708117975744,0.5154023765275666,0.8414219068776454,0.02910535220238625,0.2380852997303009,0.08243853105645095,0.00366974402981826,0.004014738343454128,0.18158064782619476,24,kdB4,2,1.0
student_kdB4_s2,val,ge5,near,1.795354470176719,191393,9767,0.9467274142732492,0.9099426344059816,0.8762790459300934,0.6833213883485205,0.8593892248330258,0.8178866008451535,0.6635609706153374,0.7974728474506725,0.02910535220238625,0.2380852997303009,0.08243853105645095,0.00366974402981826,0.004014738343454128,0.18158064782619476,24,kdB4,2,1.0
student_kdB4_s2,val,ge5,far,1.795354470176719,191393,25747,0.9467274142732492,0.9099426344059816,0.8888953455735797,0.6340156134695304,0.8699510420498326,0.8866941461034079,0.45919912999572765,0.8580937701402873,0.02910535220238625,0.2380852997303009,0.08243853105645095,0.00366974402981826,0.004014738343454128,0.18158064782619476,24,kdB4,2,1.0
student_kdB4_s2,test_w29-32,all,all,1.795354470176719,100000,100000,0.92297,0.8664271966755209,0.8650700660999999,0.70472,0.8343910392999999,0.8434815244,0.54313,0.8042466347000001,0.045078115049451604,0.38324233889579773,0.12185056409476815,0.00764967244870703,0.013132236390262803,0.27934977412223816,24,kdB4,2,3.5
student_kdB4_s2,test_w29-32,all,near,1.795354470176719,100000,16111,0.92297,0.8664271966755209,0.8652200757246601,0.7265222518775991,0.8354250673452922,0.828176692322016,0.5718453230711936,0.7909323747749984,0.045078115049451604,0.38324233889579773,0.12185056409476815,0.00764967244870703,0.013132236390262803,0.27934977412223816,24,kdB4,2,3.5
student_kdB4_s2,test_w29-32,all,far,1.795354470176719,100000,83889,0.92297,0.8664271966755209,0.8650412565413821,0.7005328469763616,0.8341924527649632,0.846420838846571,0.5376151819666464,0.8068036569752888,0.045078115049451604,0.38324233889579773,0.12185056409476815,0.00764967244870703,0.013132236390262803,0.27934977412223816,24,kdB4,2,3.5
student_kdB4_s2,test_w29-32,ge5,all,1.795354470176719,95313,94723,0.9301564319662585,0.8727074350294864,0.8712990823423963,0.693675242549328,0.8438135323209449,0.8488939656059102,0.5236637353124373,0.8125961245596236,0.04119579142251846,0.3507882058620453,0.11102824588228877,0.006535198245227629,0.013052746407478912,0.2525612711906433,24,kdB4,2,3.5
student_kdB4_s2,test_w29-32,ge5,near,1.795354470176719,95313,15529,0.9301564319662585,0.8727074350294864,0.8728375719945551,0.7166591538412004,0.84596250418355,0.835339831708291,0.552450254362805,0.8008491886846754,0.04119579142251846,0.3507882058620453,0.11102824588228877,0.006535198245227629,0.013052746407478912,0.2525612711906433,24,kdB4,2,3.5
student_kdB4_s2,test_w29-32,ge5,far,1.795354470176719,95313,79194,0.9301564319662585,0.8727074350294864,0.8709974028488947,0.6891683713412632,0.8433921445383553,0.8515517697993609,0.5180190418466045,0.8148995587491084,0.04119579142251846,0.3507882058620453,0.11102824588228877,0.006535198245227629,0.013052746407478912,0.2525612711906433,24,kdB4,2,3.5
student_kdB4_s2,test_w33-36,all,all,1.795354470176719,100000,100000,0.89521,0.8292816181908126,0.8474331456499999,0.72918,0.8022810387000001,0.8261165272000001,0.58862,0.7713066470000001,0.0672758995594084,0.5495121479034424,0.1684339582784495,0.013203440794470243,0.02853595656782389,0.38325077295303345,24,kdB4,2,7.5
student_kdB4_s2,test_w33-36,all,near,1.795354470176719,100000,15732,0.89521,0.8292816181908126,0.8514622787948132,0.7442156114924994,0.8068958447749809,0.8156729252479024,0.5955377574370709,0.7625396586575133,0.0672758995594084,0.5495121479034424,0.1684339582784495,0.013203440794470243,0.02853595656782389,0.38325077295303345,24,kdB4,2,7.5
student_kdB4_s2,test_w33-36,all,far,1.795354470176719,100000,84268,0.89521,0.8292816181908126,0.8466809464446766,0.7263730004272084,0.8014195001661367,0.8280662441258841,0.5873285232828594,0.7729433567902408,0.0672758995594084,0.5495121479034424,0.1684339582784495,0.013203440794470243,0.02853595656782389,0.38325077295303345,24,kdB4,2,7.5
student_kdB4_s2,test_w33-36,ge5,all,1.795354470176719,95121,93782,0.9041010922929742,0.8365554134022739,0.8519089801672924,0.7259495425561409,0.8124516380001876,0.8295893825738456,0.5759847305453072,0.7796787846024668,0.06140283500192877,0.49626389145851135,0.1532871348903997,0.011002904976920098,0.02650512333523566,0.34574154019355774,24,kdB4,2,7.5
student_kdB4_s2,test_w33-36,ge5,near,1.795354470176719,95121,15221,0.9041010922929742,0.8365554134022739,0.8585714240415177,0.7350371197687405,0.8191295623433831,0.823200690553549,0.5772945272978123,0.7742353169085658,0.06140283500192877,0.49626389145851135,0.1532871348903997,0.011002904976920098,0.02650512333523566,0.34574154019355774,24,kdB4,2,7.5
student_kdB4_s2,test_w33-36,ge5,far,1.795354470176719,95121,78561,0.9041010922929742,0.8365554134022739,0.8506181480978229,0.7241888468833136,0.811157806628034,0.8308271758967533,0.5757309606547778,0.7807334430432818,0.06140283500192877,0.49626389145851135,0.1532871348903997,0.011002904976920098,0.02650512333523566,0.34574154019355774,24,kdB4,2,7.5
student_kdB4_s2,test_w37-40,all,all,1.795354470176719,100000,100000,0.8765,0.8115333327640766,0.8401547249000001,0.75037,0.7848956081000001,0.8310321258,0.61148,0.7647460475,0.081462565497011,0.6657223701477051,0.2003371167122743,0.017249969199397183,0.038628694311752934,0.4570592939853668,24,kdB4,2,11.5
student_kdB4_s2,test_w37-40,all,near,1.795354470176719,100000,12184,0.8765,0.8115333327640766,0.8408667092087985,0.7664970453053185,0.7868888008864083,0.8117141862278399,0.6265594221930401,0.7488225114904792,0.081462565497011,0.6657223701477051,0.2003371167122743,0.017249969199397183,0.038628694311752934,0.4570592939853668,24,kdB4,2,11.5
student_kdB4_s2,test_w37-40,all,far,1.795354470176719,100000,87816,0.8765,0.8115333327640766,0.8400559408877654,0.7481324587774437,0.7846190632686526,0.8337123865240957,0.6093878108772889,0.7669553528969664,0.081462565497011,0.6657223701477051,0.2003371167122743,0.017249969199397183,0.038628694311752934,0.4570592939853668,24,kdB4,2,11.5
student_kdB4_s2,test_w37-40,ge5,all,1.795354470176719,95295,92226,0.8862479668398132,0.8182488424125114,0.8421235400846757,0.7565111790601349,0.7941753771446912,0.8327025533868001,0.603018671524299,0.7725382422107012,0.0743769250972379,0.6009069681167603,0.18324149593367986,0.014439084461949105,0.03512895813500985,0.4135144054889679,24,kdB4,2,11.5
student_kdB4_s2,test_w37-40,ge5,near,1.795354470176719,95295,11717,0.8862479668398132,0.8182488424125114,0.8464194969186547,0.7623111718016558,0.7987696793429304,0.8176269157287253,0.6016045062729367,0.7599577578333618,0.0743769250972379,0.6009069681167603,0.18324149593367986,0.014439084461949105,0.03512895813500985,0.4135144054889679,24,kdB4,2,11.5
student_kdB4_s2,test_w37-40,ge5,far,1.795354470176719,95295,80509,0.8862479668398132,0.8182488424125114,0.8414983214603763,0.7556670682780807,0.7935067383731655,0.8348966092866333,0.6032244842191556,0.7743691621755411,0.0743769250972379,0.6009069681167603,0.18324149593367986,0.014439084461949105,0.03512895813500985,0.4135144054889679,24,kdB4,2,11.5
student_kdB4_s2,test_w41-44,all,all,1.795354470176719,100000,100000,0.87026,0.8030610872103642,0.8312904046,0.75862,0.7736398483999999,0.8200610174499999,0.64456,0.7527638576000001,0.08684293646723035,0.7538439631462097,0.21159475462122013,0.019554332954770815,0.043177270768582826,0.5080838203430176,24,kdB4,2,15.5
student_kdB4_s2,test_w41-44,all,near,1.795354470176719,100000,11009,0.87026,0.8030610872103642,0.8240290603142882,0.7923517122354438,0.7701010818421292,0.7882703133799619,0.6872558815514579,0.7280313416295758,0.08684293646723035,0.7538439631462097,0.21159475462122013,0.019554332954770815,0.043177270768582826,0.5080838203430176,24,kdB4,2,15.5
student_kdB4_s2,test_w41-44,all,far,1.795354470176719,100000,88991,0.87026,0.8030610872103642,0.832188699250486,0.7544470789180928,0.7740776261644436,0.8239938180827274,0.6392781292490252,0.7558234958591317,0.08684293646723035,0.7538439631462097,0.21159475462122013,0.019554332954770815,0.043177270768582826,0.5080838203430176,24,kdB4,2,15.5
student_kdB4_s2,test_w41-44,ge5,all,1.795354470176719,95403,93678,0.8801190738236743,0.8106495549176654,0.8357278135877688,0.7576485407459596,0.7840996239657163,0.8246244234509663,0.6294220628109054,0.7623681118912091,0.08020920716330357,0.691681444644928,0.1950444580370089,0.01677687967020823,0.04040868055443357,0.46510472893714905,24,kdB4,2,15.5
student_kdB4_s2,test_w41-44,ge5,near,1.795354470176719,95403,10688,0.8801190738236743,0.8106495549176654,0.8317513584509859,0.7877058383233533,0.7830076900458383,0.7969561553954134,0.6705651197604791,0.7408369079503958,0.08020920716330357,0.691681444644928,0.1950444580370089,0.01677687967020823,0.04040868055443357,0.46510472893714905,24,kdB4,2,15.5
student_kdB4_s2,test_w41-44,ge5,far,1.795354470176719,95403,82990,0.8801190738236743,0.8106495549176654,0.83623992772805,0.753777563561875,0.7842402504235503,0.8281877256437336,0.6241233883600433,0.7651410424577761,0.08020920716330357,0.691681444644928,0.1950444580370089,0.01677687967020823,0.04040868055443357,0.46510472893714905,24,kdB4,2,15.5
student_kdB4_s2,test_w45-48,all,all,1.795354470176719,100000,100000,0.84328,0.7697070150781979,0.8134263773,0.79342,0.7424978966,0.80425507675,0.70308,0.7238018475,0.10690614093363289,1.0378073453903198,0.25756416339554444,0.027943271930585403,0.057059609129875864,0.6806768178939819,24,kdB4,2,19.5
student_kdB4_s2,test_w45-48,all,near,1.795354470176719,100000,10212,0.84328,0.7697070150781979,0.7988262705640423,0.8009204857030944,0.7320560849980415,0.7622805072463767,0.7301214257735997,0.6902286985898942,0.10690614093363289,1.0378073453903198,0.25756416339554444,0.027943271930585403,0.057059609129875864,0.6806768178939819,24,kdB4,2,19.5
student_kdB4_s2,test_w45-48,all,far,1.795354470176719,100000,89788,0.84328,0.7697070150781979,0.8150869142313004,0.7925669354479441,0.7436854916024414,0.8090290365639061,0.7000044549382991,0.7276202753151868,0.10690614093363289,1.0378073453903198,0.25756416339554444,0.027943271930585403,0.057059609129875864,0.6806768178939819,24,kdB4,2,19.5
student_kdB4_s2,test_w45-48,ge5,all,1.795354470176719,95040,92738,0.8549558080808081,0.7789624483794814,0.8164446778914756,0.7913800168215834,0.7532568544131023,0.8069155174282489,0.6810800319178761,0.7336709622118516,0.09782391973482665,0.9138730764389038,0.23714292591176475,0.023519176994742035,0.05111566031436347,0.6045469045639038,24,kdB4,2,19.5
student_kdB4_s2,test_w45-48,ge5,near,1.795354470176719,95040,9889,0.8549558080808081,0.7789624483794814,0.8042399900256483,0.7985640610779654,0.7447405191736015,0.7693066443456713,0.7157447669127314,0.7034969538135936,0.09782391973482665,0.9138730764389038,0.23714292591176475,0.023519176994742035,0.05111566031436347,0.6045469045639038,24,kdB4,2,19.5
student_kdB4_s2,test_w45-48,ge5,far,1.795354470176719,95040,82849,0.8549558080808081,0.7789624483794814,0.8179014505538513,0.790522516868037,0.7542733789237595,0.8114045775969125,0.6769423891658318,0.7372725840666763,0.09782391973482665,0.9138730764389038,0.23714292591176475,0.023519176994742035,0.05111566031436347,0.6045469045639038,24,kdB4,2,19.5
student_kdB4_s2,test_w49-51,all,all,1.795354470176719,100000,100000,0.82129,0.7433746766064768,0.8053205333,0.8178,0.7239368668,0.79551219835,0.73849,0.7048828044,0.12372657574534413,1.2704882621765137,0.2944140035328588,0.034690137124268806,0.07037859571903947,0.8202074766159058,24,kdB4,2,23.0
student_kdB4_s2,test_w49-51,all,near,1.795354470176719,100000,12082,0.82129,0.7433746766064768,0.7951246341665288,0.8130276444297302,0.717057665949346,0.7569052060917068,0.7459029961926833,0.674222269491806,0.12372657574534413,1.2704882621765137,0.2944140035328588,0.034690137124268806,0.07037859571903947,0.8202074766159058,24,kdB4,2,23.0
student_kdB4_s2,test_w49-51,all,far,1.795354470176719,100000,87918,0.82129,0.7433746766064768,0.8067216895288791,0.818455833845174,0.7248822307149844,0.8008177066698513,0.7374712800564162,0.7090962826724903,0.12372657574534413,1.2704882621765137,0.2944140035328588,0.034690137124268806,0.07037859571903947,0.8202074766159058,24,kdB4,2,23.0
student_kdB4_s2,test_w49-51,ge5,all,1.795354470176719,94427,93681,0.8340622915056075,0.7522256274878399,0.8079719723091198,0.8195258376832015,0.7356738065699316,0.7997335884135023,0.7181392171304747,0.7170401582734592,0.1132420808774677,1.129857063293457,0.2718151391176061,0.029195391285203386,0.06297831969512989,0.7351117730140686,24,kdB4,2,23.0
student_kdB4_s2,test_w49-51,ge5,near,1.795354470176719,94427,11739,0.8340622915056075,0.7522256274878399,0.8001516480400501,0.8136979299769997,0.730542357187131,0.764656977535586,0.738137831161087,0.6888953664762516,0.1132420808774677,1.129857063293457,0.2718151391176061,0.029195391285203386,0.06297831969512989,0.7351117730140686,24,kdB4,2,23.0
student_kdB4_s2,test_w49-51,ge5,far,1.795354470176719,94427,81942,0.8340622915056075,0.7522256274878399,0.8090923109217312,0.8203607429645359,0.7364089373246692,0.8047586590133881,0.7152742183495643,0.7210721773956119,0.1132420808774677,1.129857063293457,0.2718151391176061,0.029195391285203386,0.06297831969512989,0.7351117730140686,24,kdB4,2,23.0
