model,split,flows,unknown,temperature,n_known,n_unknown,accuracy,macro_f1,auroc_msp,fpr95_msp,oscr_msp,auroc_energy,fpr95_energy,oscr_energy,ece,nll,brier,aurc,ece_ts,nll_ts,start,condition,seed,weeks_since
teacherA_0,val,all,all,1.3233316230142453,200000,54382,0.973965,0.9652034154280741,0.9146329264278623,0.5473318377404288,0.9067196537457247,0.8642640816354675,0.4665698208966202,0.8521288970615278,0.006022708084583307,0.09556200355291367,0.038890616179734924,0.0010182472009666584,0.002557676902674153,0.08972056955099106,37,teacherA_member,0,1.0
teacherA_0,val,all,near,1.3233316230142453,200000,12295,0.973965,0.9652034154280741,0.8947897824318829,0.5959333062220414,0.8879397446116308,0.7988960052867019,0.6553070353802358,0.790090317608784,0.006022708084583307,0.09556200355291367,0.038890616179734924,0.0010182472009666584,0.002557676902674153,0.08972056955099106,37,teacherA_member,0,1.0
teacherA_0,val,all,far,1.3233316230142453,200000,42087,0.973965,0.9652034154280741,0.9204297628721456,0.5331337467626583,0.9122058842397891,0.8833602514434387,0.4114334592629553,0.8702524110770546,0.006022708084583307,0.09556200355291367,0.038890616179734924,0.0010182472009666584,0.002557676902674153,0.08972056955099106,37,teacherA_member,0,1.0
teacherA_0,val,ge5,all,1.3233316230142453,190477,52884,0.9764591000488247,0.9681711696759774,0.9209060089569273,0.5272672263822706,0.9137817113051947,0.8715072837769916,0.4332312230542319,0.8603560547415893,0.005465525512291006,0.0840499997138977,0.035158850607511116,0.000851105897361113,0.001964530362562082,0.07899559289216995,37,teacherA_member,0,1.0
teacherA_0,val,ge5,near,1.3233316230142453,190477,11763,0.9764591000488247,0.9681711696759774,0.9006983637878836,0.5766386125988269,0.8945104608273534,0.8068916562434882,0.6122587775227408,0.7987301035480419,0.005465525512291006,0.0840499997138977,0.035158850607511116,0.000851105897361113,0.001964530362562082,0.07899559289216995,37,teacherA_member,0,1.0
teacherA_0,val,ge5,far,1.3233316230142453,190477,41121,0.9764591000488247,0.9681711696759774,0.92668657193262,0.5131441355998152,0.9192944108837761,0.8899911150718676,0.38201891977335184,0.8779846645489796,0.005465525512291006,0.0840499997138977,0.035158850607511116,0.000851105897361113,0.001964530362562082,0.07899559289216995,37,teacherA_member,0,1.0
teacherA_1,val,all,all,1.3330578296311866,200000,54382,0.97457,0.9655996949607895,0.9139880174506271,0.5259276966643375,0.9061111355779485,0.8831396203707109,0.46675370527012616,0.8710320937074767,0.0057212049485742735,0.09555704891681671,0.038226547601563264,0.0010135450434878527,0.0031830860314145996,0.08940301090478897,37,teacherA_member,1,1.0
teacherA_1,val,all,near,1.3330578296311866,200000,12295,0.97457,0.9655996949607895,0.8989297649450996,0.5559983733224888,0.8917341488409923,0.836517364782432,0.6389589263928426,0.8272537206181374,0.0057212049485742735,0.09555704891681671,0.038226547601563264,0.0010135450434878527,0.0031830860314145996,0.08940301090478897,37,teacherA_member,1,1.0
teacherA_1,val,all,far,1.3330578296311866,200000,42087,0.97457,0.9655996949607895,0.9183870293677383,0.5171430608026232,0.9103111273077197,0.8967595180221921,0.4164468838358638,0.8838211995390501,0.0057212049485742735,0.09555704891681671,0.038226547601563264,0.0010135450434878527,0.0031830860314145996,0.08940301090478897,37,teacherA_member,1,1.0
teacherA_1,val,ge5,all,1.3330578296311866,190477,52884,0.977078597415961,0.9684814821803619,0.9198351700629052,0.5022312986914756,0.9127092992246433,0.8909004937245242,0.43351486271840256,0.8797566101806512,0.00538016675512143,0.08425082266330719,0.03459076618628121,0.0008536618899624817,0.0023294382093299853,0.07881712913513184,37,teacherA_member,1,1.0
teacherA_1,val,ge5,near,1.3330578296311866,190477,11763,0.977078597415961,0.9684814821803619,0.9040849144932323,0.5385530901980787,0.8975663307779322,0.8458944195495841,0.5961914477599252,0.837253362420468,0.00538016675512143,0.08425082266330719,0.03459076618628121,0.0008536618899624817,0.0023294382093299853,0.07881712913513184,37,teacherA_member,1,1.0
teacherA_1,val,ge5,far,1.3330578296311866,190477,41121,0.977078597415961,0.9684814821803619,0.9243406601109602,0.49184115172296394,0.917041069800229,0.9037748511214702,0.38697988862138566,0.8919150135123562,0.00538016675512143,0.08425082266330719,0.03459076618628121,0.0008536618899624817,0.0023294382093299853,0.07881712913513184,37,teacherA_member,1,1.0
teacherA_2,val,all,all,1.3464228271573337,200000,54382,0.97476,0.9656247008006918,0.9122055433323526,0.5229303813761906,0.9039886101099629,0.8669261414622486,0.4817218932735096,0.8549426175940569,0.005995540197230916,0.09690431505441666,0.0384380147502786,0.00103932578751352,0.0031259646255523085,0.09014245867729187,37,teacherA_member,2,1.0
teacherA_2,val,all,near,1.3464228271573337,200000,12295,0.97476,0.9656247008006918,0.8968448816592111,0.5371289141927613,0.8891229141927613,0.8134871492476616,0.6359495729971533,0.8041120138267589,0.005995540197230916,0.09690431505441666,0.0384380147502786,0.00103932578751352,0.0031259646255523085,0.09014245867729187,37,teacherA_member,2,1.0
teacherA_2,val,all,far,1.3464228271573337,200000,42087,0.97476,0.9656247008006918,0.9166928989355382,0.5187825219188823,0.9083313699004443,0.8825374325801316,0.436666904269727,0.8697919124670326,0.005995540197230916,0.09690431505441666,0.0384380147502786,0.00103932578751352,0.0031259646255523085,0.09014245867729187,37,teacherA_member,2,1.0
teacherA_2,val,ge5,all,1.3464228271573337,190477,52884,0.9772308467689013,0.9684673675537572,0.9181809749007002,0.4961803191891688,0.9108160244823158,0.8758175107430175,0.4483019438771651,0.864808609919092,0.005366561460869951,0.08436395972967148,0.03465589334912388,0.0008714218810826677,0.002693807053723821,0.07873500883579254,37,teacherA_member,2,1.0
teacherA_2,val,ge5,near,1.3464228271573337,190477,11763,0.9772308467689013,0.9684673675537572,0.901908962761685,0.5048031964634873,0.8949688682772345,0.8280717160305804,0.5922808807277056,0.8192947321009335,0.005366561460869951,0.08436395972967148,0.03465589334912388,0.0008714218810826677,0.002693807053723821,0.07873500883579254,37,teacherA_member,2,1.0
teacherA_2,val,ge5,far,1.3464228271573337,190477,41121,0.9772308467689013,0.9684673675537572,0.9228357177034343,0.4937136742783493,0.9153492337535001,0.8894755877159121,0.40711558571046425,0.8778282287215287,0.005366561460869951,0.08436395972967148,0.03465589334912388,0.0008714218810826677,0.002693807053723821,0.07873500883579254,37,teacherA_member,2,1.0
teacherA_3,val,all,all,1.3493442022256688,200000,54382,0.97381,0.9642691810049158,0.9195925815986907,0.5059210768268912,0.9108095832260675,0.8646319440255967,0.47379647677540365,0.8523213890625574,0.0069435176937654415,0.09773774445056915,0.03951282803906004,0.0010764838630843568,0.0022047445498407127,0.09077068418264389,37,teacherA_member,3,1.0
teacherA_3,val,all,near,1.3493442022256688,200000,12295,0.97381,0.9642691810049158,0.8922952539650264,0.5652704351362342,0.8846929373729158,0.8142197224481496,0.6380642537616917,0.8048769829198862,0.0069435176937654415,0.09773774445056915,0.03951282803906004,0.0010764838630843568,0.0022047445498407127,0.09077068418264389,37,teacherA_member,3,1.0
teacherA_3,val,all,far,1.3493442022256688,200000,42087,0.97381,0.9642691810049158,0.9275670307933566,0.48858317295126763,0.9184391163542185,0.8793590156699218,0.42580844441276405,0.8661814639912562,0.0069435176937654415,0.09773774445056915,0.03951282803906004,0.0010764838630843568,0.0022047445498407127,0.09077068418264389,37,teacherA_member,3,1.0
teacherA_3,val,ge5,all,1.3493442022256688,190477,52884,0.9762386009859458,0.9670708252743168,0.925508003651343,0.47640117994100295,0.9175211101648484,0.8725539065483251,0.44523863550412224,0.8612267029445564,0.006380436834932266,0.08651356399059296,0.03585295987584665,0.0009024040064505032,0.0018947415115137987,0.08029098808765411,37,teacherA_member,3,1.0
teacherA_3,val,ge5,near,1.3493442022256688,190477,11763,0.9762386009859458,0.9670708252743168,0.8976657509751362,0.5370228683159058,0.8907480080598078,0.8246423215261907,0.6006971010796566,0.8159147421940214,0.006380436834932266,0.08651356399059296,0.03585295987584665,0.0009024040064505032,0.0018947415115137987,0.08029098808765411,37,teacherA_member,3,1.0
teacherA_3,val,ge5,far,1.3493442022256688,190477,41121,0.9762386009859458,0.9670708252743168,0.933472508848936,0.4590598477663481,0.9251797760548217,0.8862594092018444,0.40076846380195036,0.8741885617103586,0.006380436834932266,0.08651356399059296,0.03585295987584665,0.0009024040064505032,0.0018947415115137987,0.08029098808765411,37,teacherA_member,3,1.0
teacherA_4,val,all,all,1.3446087481839755,200000,54382,0.974545,0.9651023874709843,0.9171438477345446,0.5102239711669302,0.9087886571843624,0.877781640340554,0.4338567908499136,0.8653291165275274,0.006347449954450129,0.09693796187639236,0.038531568731583456,0.001023595089139651,0.0028758031149953883,0.09021606296300888,37,teacherA_member,4,1.0
teacherA_4,val,all,near,1.3446087481839755,200000,12295,0.974545,0.9651023874709843,0.8968623885725904,0.5344448962993087,0.8892252151281008,0.8175408611224075,0.5815372102480684,0.8079373773891827,0.006347449954450129,0.09693796187639236,0.038531568731583456,0.001023595089139651,0.0028758031149953883,0.09021606296300888,37,teacherA_member,4,1.0
teacherA_4,val,all,far,1.3446087481839755,200000,42087,0.974545,0.9651023874709843,0.9230687304868487,0.5031482405493383,0.9145037834723311,0.8953799576472545,0.39071447240240453,0.8820951353149428,0.006347449954450129,0.09693796187639236,0.038531568731583456,0.001023595089139651,0.0028758031149953883,0.09021606296300888,37,teacherA_member,4,1.0
teacherA_4,val,ge5,all,1.3446087481839755,190477,52884,0.9770838473936486,0.968020988165426,0.9227623375918101,0.48175251493835564,0.9152687222165079,0.8852778957335108,0.4025603207019136,0.8738544030776025,0.0058557216866981085,0.08588887006044388,0.034745675970980806,0.0008560243362175326,0.002406446095085936,0.07988657057285309,37,teacherA_member,4,1.0
teacherA_4,val,ge5,near,1.3446087481839755,190477,11763,0.9770838473936486,0.968020988165426,0.9021741111821137,0.5031879622545269,0.8952966444281799,0.8273196093060956,0.5461191872821559,0.818367681462985,0.0058557216866981085,0.08588887006044388,0.034745675970980806,0.0008560243362175326,0.002406446095085936,0.07988657057285309,37,teacherA_member,4,1.0
teacherA_4,val,ge5,far,1.3446087481839755,190477,41121,0.9770838473936486,0.968020988165426,0.9286517689591713,0.47562072906787284,0.9209818992069532,0.9018573398921084,0.361494127088349,0.8897268358091202,0.0058557216866981085,0.08588887006044388,0.034745675970980806,0.0008560243362175326,0.002406446095085936,0.07988657057285309,37,teacherA_member,4,1.0
teacherA,val,all,all,1.1631470735488572,200000,54382,0.976665,0.9687475048172293,0.935748383242617,0.42063550439483655,0.9269383814497444,0.8883146982917142,0.4433636129601706,0.8771300102055828,0.002170883128419564,0.08184512704610825,0.03482601897427427,0.000820477628304246,0.0034695122246816957,0.08047085255384445,37,teacherA,,1.0
teacherA,val,all,near,1.1631470735488572,200000,12295,0.976665,0.9687475048172293,0.9120877334282228,0.48824725498169985,0.90469110451403,0.8348893070353802,0.6244001626677511,0.8265576811712079,0.002170883128419564,0.08184512704610825,0.03482601897427427,0.000820477628304246,0.0034695122246816957,0.08047085255384445,37,teacherA,,1.0
teacherA,val,all,far,1.1631470735488572,200000,42087,0.976665,0.9687475048172293,0.942660438971654,0.400883883384418,0.9334375443723716,0.9039220161213676,0.39047686934207715,0.8919038545156461,0.002170883128419564,0.08184512704610825,0.03482601897427427,0.000820477628304246,0.0034695122246816957,0.08047085255384445,37,teacherA,,1.0
teacherA,val,ge5,all,1.1631470735488572,190477,52884,0.9792363382455624,0.971844107591232,0.9401181289732186,0.3912525527569775,0.9323289089006397,0.8968231176060162,0.3988351864458059,0.8866218641607986,0.001956842696438205,0.07060182094573975,0.031123380988464584,0.0006734174789321128,0.0036684358852110827,0.06978265196084976,37,teacherA,,1.0
teacherA,val,ge5,near,1.1631470735488572,190477,11763,0.9792363382455624,0.971844107591232,0.916622390091899,0.4566012071750404,0.9100395712504654,0.8462103614929823,0.5739182181416306,0.8384967042415955,0.001956842696438205,0.07060182094573975,0.031123380988464584,0.0006734174789321128,0.0036684358852110827,0.06978265196084976,37,teacherA,,1.0
teacherA,val,ge5,far,1.1631470735488572,190477,41121,0.9792363382455624,0.971844107591232,0.946839278178271,0.37255903309744415,0.9387049571188006,0.9113013124494688,0.3487512463218307,0.9003884616688745,0.001956842696438205,0.07060182094573975,0.031123380988464584,0.0006734174789321128,0.0036684358852110827,0.06978265196084976,37,teacherA,,1.0
teacherB,val,all,all,1.4445600517857895,200000,54382,0.97632,0.9681228686873697,0.9206194064212423,0.5352690228384391,0.9139245011216947,0.8976386265676143,0.45239233569931225,0.8869471330587326,0.0068254213263094846,0.09169459342956543,0.035619862494342666,0.0008994473425186277,0.0026620778995007067,0.0826684832572937,37,teacherB,,1.0
teacherB,val,all,near,1.4445600517857895,200000,12295,0.97632,0.9681228686873697,0.8997771781211874,0.5802358682391215,0.8944072972753151,0.8638044987799919,0.5754371695811306,0.8553594644164295,0.0068254213263094846,0.09169459342956543,0.035619862494342666,0.0008994473425186277,0.0026620778995007067,0.0826684832572937,37,teacherB,,1.0
teacherB,val,all,far,1.4445600517857895,200000,42087,0.97632,0.9681228686873697,0.9267081083232352,0.5221327250694989,0.9196261197044218,0.9075226905576544,0.4164468838358638,0.8961749322831278,0.0068254213263094846,0.09169459342956543,0.035619862494342666,0.0008994473425186277,0.0026620778995007067,0.0826684832572937,37,teacherB,,1.0
teacherB,val,ge5,all,1.4445600517857895,190477,52884,0.9787480903206162,0.9711278011981638,0.9275800706406676,0.5037251342561077,0.9216305920471792,0.905224001079139,0.4163641176915513,0.8955192405175868,0.006196600789575761,0.07896830886602402,0.031920689421393325,0.0007424210557665063,0.0020207340521631876,0.07136105746030807,37,teacherB,,1.0
teacherB,val,ge5,near,1.4445600517857895,190477,11763,0.9787480903206162,0.9711278011981638,0.9061014526584718,0.5608263198163733,0.9014981007932349,0.8730624397332922,0.5303919068264898,0.8652989976259063,0.006196600789575761,0.07896830886602402,0.031920689421393325,0.0007424210557665063,0.0020207340521631876,0.07136105746030807,37,teacherB,,1.0
teacherB,val,ge5,far,1.4445600517857895,190477,41121,0.9787480903206162,0.9711278011981638,0.9337242058349617,0.4873908708445806,0.9273896566278106,0.9144240800196122,0.3837455314802656,0.9041639893596587,0.006196600789575761,0.07896830886602402,0.031920689421393325,0.0007424210557665063,0.0020207340521631876,0.07136105746030807,37,teacherB,,1.0
teacherA_0,test_w42-45,all,all,1.3233316230142453,100000,100000,0.96167,0.9479807900945978,0.8924095429500001,0.5052,0.8783791915000001,0.8557923713,0.46025,0.8386226674,0.015436208960711947,0.18604633212089539,0.0578970112063745,0.0025523665531533265,0.005701857057809812,0.1614626944065094,37,teacherA_member,0,3.5
teacherA_0,test_w42-45,all,near,1.3233316230142453,100000,11103,0.96167,0.9479807900945978,0.8558813122579483,0.6027199855894804,0.8440676330721426,0.8083257020625056,0.5593082950553905,0.7930481581554534,0.015436208960711947,0.18604633212089539,0.0578970112063745,0.0025523665531533265,0.005701857057809812,0.1614626944065094,37,teacherA_member,0,3.5
teacherA_0,test_w42-45,all,far,1.3233316230142453,100000,88897,0.96167,0.9479807900945978,0.8969718222774673,0.4930200119239119,0.8826646143289426,0.8617208326490208,0.44787788114334565,0.8443148029742286,0.015436208960711947,0.18604633212089539,0.0578970112063745,0.0025523665531533265,0.005701857057809812,0.1614626944065094,37,teacherA_member,0,3.5
teacherA_0,test_w42-45,ge5,all,1.3233316230142453,95189,93109,0.965416172036685,0.9508732813283615,0.8955315906918502,0.47835332782008183,0.8833533081421024,0.8626543638671096,0.41973386031425536,0.8470057328471997,0.013807367583421711,0.16431407630443573,0.05217112422376914,0.0022288791083307515,0.005205522365338598,0.142767071723938,37,teacherA_member,0,3.5
teacherA_0,test_w42-45,ge5,near,1.3233316230142453,95189,10761,0.965416172036685,0.9508732813283615,0.8614989854981423,0.5853545209553016,0.8510498594978039,0.8139155717348263,0.5318278970355915,0.800032645571474,0.013807367583421711,0.16431407630443573,0.05217112422376914,0.0022288791083307515,0.005205522365338598,0.142767071723938,37,teacherA_member,0,3.5
teacherA_0,test_w42-45,ge5,far,1.3233316230142453,95189,82348,0.965416172036685,0.9508732813283615,0.899978873740491,0.4643707193860203,0.8875746299818712,0.86902340916433,0.4050857337154515,0.8531440409077972,0.013807367583421711,0.16431407630443573,0.05217112422376914,0.0022288791083307515,0.005205522365338598,0.142767071723938,37,teacherA_member,0,3.5
teacherA_1,test_w42-45,all,all,1.3330578296311866,100000,100000,0.96255,0.948004942805312,0.8928932603499999,0.47381,0.8786981536,0.8580459927999999,0.46088,0.8404945524,0.014699474298656038,0.18438328802585602,0.05652661919292966,0.0025413610911897144,0.004924993615821041,0.1593465805053711,37,teacherA_member,1,3.5
teacherA_1,test_w42-45,all,near,1.3330578296311866,100000,11103,0.96255,0.948004942805312,0.8633707921282535,0.5762406556786455,0.8511514527605151,0.8185074290732234,0.5258939025488607,0.8026287039538862,0.014699474298656038,0.18438328802585602,0.05652661919292966,0.0025413610911897144,0.004924993615821041,0.1593465805053711,37,teacherA_member,1,3.5
teacherA_1,test_w42-45,all,far,1.3330578296311866,100000,88897,0.96255,0.948004942805312,0.8965805384883629,0.4610166822277467,0.8821386636219446,0.8629842547555036,0.4527599356558714,0.8452238966444312,0.014699474298656038,0.18438328802585602,0.05652661919292966,0.0025413610911897144,0.004924993615821041,0.1593465805053711,37,teacherA_member,1,3.5
teacherA_1,test_w42-45,ge5,all,1.3330578296311866,95189,93109,0.9662776161111053,0.9509889238363003,0.8965292241440477,0.4501498243993599,0.8837961709415216,0.8631417860834387,0.42916366838866277,0.8470991475406178,0.013524716960689277,0.16253380477428436,0.05121428422847032,0.0022519139582062044,0.004833375845540421,0.1403585523366928,37,teacherA_member,1,3.5
teacherA_1,test_w42-45,ge5,near,1.3330578296311866,95189,10761,0.9662776161111053,0.9509889238363003,0.8693813234460865,0.547253972679119,0.8582144347711218,0.8241320209879595,0.5036706625778273,0.8096311521463583,0.013524716960689277,0.16253380477428436,0.05121428422847032,0.0022519139582062044,0.004833375845540421,0.1403585523366928,37,teacherA_member,1,3.5
teacherA_1,test_w42-45,ge5,far,1.3330578296311866,95189,82348,0.9662776161111053,0.9509889238363003,0.9000768337934717,0.4374605333462865,0.8871391187111054,0.8682394700853874,0.4194273084956526,0.8519953575085298,0.013524716960689277,0.16253380477428436,0.05121428422847032,0.0022519139582062044,0.004833375845540421,0.1403585523366928,37,teacherA_member,1,3.5
teacherA_2,test_w42-45,all,all,1.3464228271573337,100000,100000,0.96332,0.9494461344594279,0.8938977331,0.48092,0.8792877883999999,0.8622940858500001,0.42955,0.8441450166000001,0.014726432131230819,0.1829126626253128,0.05679622427837409,0.0028175934924312817,0.0044408152541518565,0.15725542604923248,37,teacherA_member,2,3.5
teacherA_2,test_w42-45,all,near,1.3464228271573337,100000,11103,0.96332,0.9494461344594279,0.8609789430784474,0.5983968296856705,0.8491091155543546,0.8236111929208323,0.5450779068720166,0.8079228379717194,0.014726432131230819,0.1829126626253128,0.05679622427837409,0.0028175934924312817,0.0044408152541518565,0.15725542604923248,37,teacherA_member,2,3.5
teacherA_2,test_w42-45,all,far,1.3464228271573337,100000,88897,0.96332,0.9494461344594279,0.8980092028414907,0.46624745491973857,0.8830570247589906,0.8671254767877432,0.41512087022059235,0.8486690708347863,0.014726432131230819,0.1829126626253128,0.05679622427837409,0.0028175934924312817,0.0044408152541518565,0.15725542604923248,37,teacherA_member,2,3.5
teacherA_2,test_w42-45,ge5,all,1.3464228271573337,95189,93109,0.9669604681213165,0.9521767287562284,0.8972144212531143,0.4578289961228238,0.8844806535595735,0.8670091594118411,0.3912403741850949,0.8506407073811225,0.01317404131967288,0.15768639743328094,0.050952812440620124,0.0024781894797896954,0.004108393124210779,0.13612307608127594,37,teacherA_member,2,3.5
teacherA_2,test_w42-45,ge5,near,1.3464228271573337,95189,10761,0.9669604681213165,0.9521767287562284,0.8674746193246115,0.5723445776414832,0.8569565808832663,0.8298756048190848,0.5097109934021001,0.8156962445503914,0.01317404131967288,0.15768639743328094,0.050952812440620124,0.0024781894797896954,0.004108393124210779,0.13612307608127594,37,teacherA_member,2,3.5
teacherA_2,test_w42-45,ge5,far,1.3464228271573337,95189,82348,0.9669604681213165,0.9521767287562284,0.9011007331071075,0.4428644290085977,0.8880774202821378,0.8718616656168812,0.3757589741098752,0.8552071493654027,0.01317404131967288,0.15768639743328094,0.050952812440620124,0.0024781894797896954,0.004108393124210779,0.13612307608127594,37,teacherA_member,2,3.5
teacherA_3,test_w42-45,all,all,1.3493442022256688,100000,100000,0.96329,0.9514361390350282,0.8926990269499999,0.49719,0.8787387024000001,0.8567180113,0.48334,0.8398064523000001,0.014986563416719407,0.1740010678768158,0.05664962210635068,0.00255851797093213,0.00457790897287428,0.15043501555919647,37,teacherA_member,3,3.5
teacherA_3,test_w42-45,all,near,1.3493442022256688,100000,11103,0.96329,0.9514361390350282,0.8605673029811762,0.6158695847969018,0.8493960713320724,0.8079211911195172,0.5483202737998739,0.7929016806268576,0.014986563416719407,0.1740010678768158,0.05664962210635068,0.00255851797093213,0.00457790897287428,0.15043501555919647,37,teacherA_member,3,3.5
teacherA_3,test_w42-45,all,far,1.3493442022256688,100000,88897,0.96329,0.9514361390350282,0.8967121942247769,0.48236723398989845,0.882403519353859,0.8628126049810454,0.47522413579760847,0.8456647341305106,0.014986563416719407,0.1740010678768158,0.05664962210635068,0.00255851797093213,0.00457790897287428,0.15043501555919647,37,teacherA_member,3,3.5
teacherA_3,test_w42-45,ge5,all,1.3493442022256688,95189,93109,0.9670445114456502,0.9544611052948265,0.8962377676603802,0.4686872375387986,0.884052947672985,0.8607189898137648,0.4554769141543782,0.8455600628118489,0.013469719603296284,0.1531505286693573,0.05086656817179847,0.0022403033861875545,0.0042728927823529675,0.1324414163827896,37,teacherA_member,3,3.5
teacherA_3,test_w42-45,ge5,near,1.3493442022256688,95189,10761,0.9670445114456502,0.9544611052948265,0.8668592656587234,0.581451537961156,0.8569470702654606,0.8133614503590234,0.5287612675401915,0.7998773360697827,0.013469719603296284,0.1531505286693573,0.05086656817179847,0.0022403033861875545,0.0042728927823529675,0.1324414163827896,37,teacherA_member,3,3.5
teacherA_3,test_w42-45,ge5,far,1.3493442022256688,95189,82348,0.9670445114456502,0.9544611052948265,0.9000768658781855,0.45395152280565404,0.8875950658395755,0.8669075369803321,0.4459003254480983,0.8515297502659628,0.013469719603296284,0.1531505286693573,0.05086656817179847,0.0022403033861875545,0.0042728927823529675,0.1324414163827896,37,teacherA_member,3,3.5
teacherA_4,test_w42-45,all,all,1.3446087481839755,100000,100000,0.96351,0.9506636758091902,0.8914354019999999,0.4818,0.8776863126,0.8621837276000001,0.47215,0.8451920093000003,0.013855561520457225,0.17061318457126617,0.05566506533214591,0.0030344452472264097,0.0037838990551232903,0.1488952487707138,37,teacherA_member,4,3.5
teacherA_4,test_w42-45,all,near,1.3446087481839755,100000,11103,0.96351,0.9506636758091902,0.8648167715932631,0.5948842655138251,0.8532303197334055,0.831849031793209,0.536521660812393,0.8163276411780599,0.013855561520457225,0.17061318457126617,0.05566506533214591,0.0030344452472264097,0.0037838990551232903,0.1488952487707138,37,teacherA_member,4,3.5
teacherA_4,test_w42-45,all,far,1.3446087481839755,100000,88897,0.96351,0.9506636758091902,0.8947599984813887,0.46767607455819654,0.8807408013768743,0.8659724508138631,0.46411014994881716,0.8487970924778114,0.013855561520457225,0.17061318457126617,0.05566506533214591,0.0030344452472264097,0.0037838990551232903,0.1488952487707138,37,teacherA_member,4,3.5
teacherA_4,test_w42-45,ge5,all,1.3446087481839755,95189,93109,0.9670655222767337,0.9535487545428109,0.8942991609935611,0.458033058028762,0.8824740699975678,0.8659981944542952,0.42747747263959446,0.850603355381749,0.012391814680232666,0.15049511194229126,0.049920129228362184,0.0027294669651881727,0.0034794054684287494,0.13152006268501282,37,teacherA_member,4,3.5
teacherA_4,test_w42-45,ge5,near,1.3446087481839755,95189,10761,0.9670655222767337,0.9535487545428109,0.8707726115360559,0.5685345228138649,0.8605266248930303,0.8379363722857789,0.5048787287426819,0.8238506025685624,0.012391814680232666,0.15049511194229126,0.049920129228362184,0.0027294669651881727,0.0034794054684287494,0.13152006268501282,37,teacherA_member,4,3.5
teacherA_4,test_w42-45,ge5,far,1.3446087481839755,95189,82348,0.9670655222767337,0.9535487545428109,0.8973735428694076,0.4435930441540778,0.8853420990543747,0.8696652327351935,0.4173628989167921,0.8540993282411106,0.012391814680232666,0.15049511194229126,0.049920129228362184,0.0027294669651881727,0.0034794054684287494,0.13152006268501282,37,teacherA_member,4,3.5
teacherA,test_w42-45,all,all,1.1631470735488572,100000,100000,0.96555,0.9552821442944152,0.9092713968499999,0.40159,0.8945788920000001,0.87174530105,0.42443,0.8554764077,0.007418549308329771,0.14656859636306763,0.05054045354422931,0.00222918388225227,0.0038419188685715456,0.13862298429012299,37,teacherA,,3.5
teacherA,test_w42-45,all,near,1.1631470735488572,100000,11103,0.96555,0.9552821442944152,0.8912410888948934,0.492749707286319,0.8780719039899127,0.834524842384941,0.5323786364045754,0.8201883004593353,0.007418549308329771,0.14656859636306763,0.05054045354422931,0.00222918388225227,0.0038419188685715456,0.13862298429012299,37,teacherA,,3.5
teacherA,test_w42-45,all,far,1.1631470735488572,100000,88897,0.96555,0.9552821442944152,0.9115233345894687,0.39020439384906125,0.8966405711103862,0.8763940378190489,0.41094750104053007,0.8598837988908511,0.007418549308329771,0.14656859636306763,0.05054045354422931,0.00222918388225227,0.0038419188685715456,0.13862298429012299,37,teacherA,,3.5
teacherA,test_w42-45,ge5,all,1.1631470735488572,95189,93109,0.9691981216317012,0.958112623420451,0.9120859368116122,0.36949167105220765,0.8993618781285866,0.8771723363524282,0.3703079186759604,0.8625032435734223,0.006041875522682337,0.12540775537490845,0.044849724584718954,0.0019365479564001434,0.0034226499765031377,0.11923149973154068,37,teacherA,,3.5
teacherA,test_w42-45,ge5,near,1.1631470735488572,95189,10761,0.9691981216317012,0.958112623420451,0.8961335427766234,0.4643620481367903,0.8845674937066522,0.8411721144675506,0.5034848062447728,0.828256013089328,0.006041875522682337,0.12540775537490845,0.044849724584718954,0.0019365479564001434,0.0034226499765031377,0.11923149973154068,37,teacherA,,3.5
teacherA,test_w42-45,ge5,far,1.1631470735488572,95189,82348,0.9691981216317012,0.958112623420451,0.9141705498223777,0.35709428279982514,0.9012951657708417,0.8818767418960135,0.3529047457133142,0.8669785732382512,0.006041875522682337,0.12540775537490845,0.044849724584718954,0.0019365479564001434,0.0034226499765031377,0.11923149973154068,37,teacherA,,3.5
teacherB,test_w42-45,all,all,1.4445600517857895,100000,100000,0.96542,0.953333353448906,0.8918003008,0.47243,0.8809928502000001,0.8797738067,0.40381,0.8628088863,0.015714713982343694,0.17789559066295624,0.05349102046114491,0.002179062010156464,0.004659948803484434,0.1458951234817505,37,teacherB,,3.5
teacherB,test_w42-45,all,near,1.4445600517857895,100000,11103,0.96542,0.953333353448906,0.8553524259209222,0.5983067639376745,0.8465737899666758,0.8475189588399532,0.5037377285418355,0.8330633108168963,0.015714713982343694,0.17789559066295624,0.05349102046114491,0.002179062010156464,0.004659948803484434,0.1458951234817505,37,teacherB,,3.5
teacherB,test_w42-45,all,far,1.4445600517857895,100000,88897,0.96542,0.953333353448906,0.8963525438991192,0.4567083253653104,0.8852916997199007,0.8838023518228961,0.3913292912021778,0.8665240299447676,0.015714713982343694,0.17789559066295624,0.05349102046114491,0.002179062010156464,0.004659948803484434,0.1458951234817505,37,teacherB,,3.5
teacherB,test_w42-45,ge5,all,1.4445600517857895,95189,93109,0.9690615512296589,0.9562707213576996,0.8969906954712823,0.4566690652890698,0.8882250110546427,0.885784645244996,0.3722411367322171,0.8706480890047129,0.014180607813918104,0.15257884562015533,0.04780840505597788,0.0018510852942122916,0.0045309519946909235,0.1254451721906662,37,teacherB,,3.5
teacherB,test_w42-45,ge5,near,1.4445600517857895,95189,10761,0.9690615512296589,0.9562707213576996,0.8625783581260505,0.5802434717963014,0.8551616055316549,0.8541971823190774,0.46928724096273583,0.8412092958871511,0.014180607813918104,0.15257884562015533,0.04780840505597788,0.0018510852942122916,0.0045309519946909235,0.1254451721906662,37,teacherB,,3.5
teacherB,test_w42-45,ge5,far,1.4445600517857895,95189,82348,0.9690615512296589,0.9562707213576996,0.901487600826264,0.44052071695730316,0.8925456418754627,0.8899124041285853,0.35955943070869967,0.8744950658922886,0.014180607813918104,0.15257884562015533,0.04780840505597788,0.0018510852942122916,0.0045309519946909235,0.1254451721906662,37,teacherB,,3.5
teacherA_0,test_w46-49,all,all,1.3233316230142453,100000,100000,0.91529,0.904062390995215,0.87561468605,0.62128,0.8357675614,0.8362434381,0.64541,0.7968363076,0.05201370256453752,0.5788264870643616,0.13683665417926197,0.008697048242831431,0.038532069583684186,0.46720829606056213,37,teacherA_member,0,7.5
teacherA_0,test_w46-49,all,near,1.3233316230142453,100000,10044,0.91529,0.904062390995215,0.8244829495221028,0.7142572680207089,0.7921370360414177,0.7731571804062126,0.6881720430107527,0.7396433373158104,0.05201370256453752,0.5788264870643616,0.13683665417926197,0.008697048242831431,0.038532069583684186,0.46720829606056213,37,teacherA_member,0,7.5
teacherA_0,test_w46-49,all,far,1.3233316230142453,100000,89956,0.91529,0.904062390995215,0.8813237789586019,0.6108986615678776,0.8406391096758414,0.8432873081284183,0.6406354217617501,0.803222165058473,0.05201370256453752,0.5788264870643616,0.13683665417926197,0.008697048242831431,0.038532069583684186,0.46720829606056213,37,teacherA_member,0,7.5
teacherA_0,test_w46-49,ge5,all,1.3233316230142453,94953,93107,0.9228249765673544,0.9091549351238154,0.8784933847506493,0.6171931218920167,0.843494084347147,0.8428689171795865,0.6098574758074043,0.8075026280366578,0.046807341391610365,0.47936782240867615,0.1240346559393915,0.0071632385438762875,0.03441725755924763,0.38967758417129517,37,teacherA_member,0,7.5
teacherA_0,test_w46-49,ge5,near,1.3233316230142453,94953,9749,0.9228249765673544,0.9091549351238154,0.829796270214382,0.704482511026772,0.8011691067782749,0.7790610314707613,0.6723766540157965,0.7492677702329784,0.046807341391610365,0.47936782240867615,0.1240346559393915,0.0071632385438762875,0.03441725755924763,0.38967758417129517,37,teacherA_member,0,7.5
teacherA_0,test_w46-49,ge5,far,1.3233316230142453,94953,83358,0.9228249765673544,0.9091549351238154,0.8841886769795184,0.6069843326375393,0.8484441336083927,0.8503314651986769,0.6025456464886394,0.8143133915953812,0.046807341391610365,0.47936782240867615,0.1240346559393915,0.0071632385438762875,0.03441725755924763,0.38967758417129517,37,teacherA_member,0,7.5
teacherA_1,test_w46-49,all,all,1.3330578296311866,100000,100000,0.91816,0.9094403717231373,0.87359149785,0.61797,0.8350022673999999,0.83877865765,0.60241,0.7981587351999999,0.047805929772406816,0.5384193062782288,0.1306569254094463,0.008541372107849244,0.034212588771581606,0.4346398413181305,37,teacherA_member,1,7.5
teacherA_1,test_w46-49,all,near,1.3330578296311866,100000,10044,0.91816,0.9094403717231373,0.8370563630027877,0.6935483870967742,0.8037725985663082,0.7903985921943448,0.6367980884109916,0.7539343269613701,0.047805929772406816,0.5384193062782288,0.1306569254094463,0.008541372107849244,0.034212588771581606,0.4346398413181305,37,teacherA_member,1,7.5
teacherA_1,test_w46-49,all,far,1.3330578296311866,100000,89956,0.91816,0.9094403717231373,0.8776708132309129,0.6095313264262529,0.8384892031659922,0.8441805138623326,0.5985704122015207,0.8030965932233537,0.047805929772406816,0.5384193062782288,0.1306569254094463,0.008541372107849244,0.034212588771581606,0.4346398413181305,37,teacherA_member,1,7.5
teacherA_1,test_w46-49,ge5,all,1.3330578296311866,94953,93107,0.9258264615125378,0.9152582964375409,0.8762889776480788,0.619244525116264,0.8427428163300291,0.8445297297550436,0.5684427594058449,0.8080195438928096,0.04224242621818604,0.4369775354862213,0.11739957428309662,0.007055717519088657,0.02979951576945012,0.35615330934524536,37,teacherA_member,1,7.5
teacherA_1,test_w46-49,ge5,near,1.3330578296311866,94953,9749,0.9258264615125378,0.9152582964375409,0.8420989070355398,0.6814032208431634,0.8128791710618828,0.7961490218918841,0.6161657605908298,0.7636475585644702,0.04224242621818604,0.4369775354862213,0.11739957428309662,0.007055717519088657,0.02979951576945012,0.35615330934524536,37,teacherA_member,1,7.5
teacherA_1,test_w46-49,ge5,far,1.3330578296311866,94953,83358,0.9258264615125378,0.9152582964375409,0.8802876220301613,0.611974855442789,0.8462354706369841,0.8501880171534689,0.5628613930276638,0.8132089976340939,0.04224242621818604,0.4369775354862213,0.11739957428309662,0.007055717519088657,0.02979951576945012,0.35615330934524536,37,teacherA_member,1,7.5
teacherA_2,test_w46-49,all,all,1.3464228271573337,100000,100000,0.92136,0.9168329035497215,0.8758997977499999,0.61213,0.8380510754,0.84364066875,0.59351,0.8019413984999999,0.04611308593183755,0.5620732307434082,0.1270004431124381,0.009571215909128994,0.032063937901929004,0.4488968849182129,37,teacherA_member,2,7.5
teacherA_2,test_w46-49,all,near,1.3464228271573337,100000,10044,0.92136,0.9168329035497215,0.8286841671644763,0.7160493827160493,0.7981934259259259,0.789989813321386,0.6793110314615691,0.7543878534448427,0.04611308593183755,0.5620732307434082,0.1270004431124381,0.009571215909128994,0.032063937901929004,0.4488968849182129,37,teacherA_member,2,7.5
teacherA_2,test_w46-49,all,far,1.3464228271573337,100000,89956,0.92136,0.9168329035497215,0.8811716394681844,0.6005269242740896,0.8425013647783361,0.8496310328382765,0.5839299212948552,0.8072509699186268,0.04611308593183755,0.5620732307434082,0.1270004431124381,0.009571215909128994,0.032063937901929004,0.4488968849182129,37,teacherA_member,2,7.5
teacherA_2,test_w46-49,ge5,all,1.3464228271573337,94953,93107,0.9291860183459185,0.9219951085143231,0.8790041189186983,0.5989560398251474,0.84609085869334,0.848602155600531,0.5549529036484905,0.8116418725226463,0.04054739147657901,0.449923574924469,0.11344652893703343,0.008037672085550951,0.02754014482767768,0.36293715238571167,37,teacherA_member,2,7.5
teacherA_2,test_w46-49,ge5,near,1.3464228271573337,94953,9749,0.9291860183459185,0.9219951085143231,0.834896596817327,0.7026361678120833,0.8082417033576491,0.7966338620700661,0.650117960816494,0.7653775418648229,0.04054739147657901,0.449923574924469,0.11344652893703343,0.008037672085550951,0.02754014482767768,0.36293715238571167,37,teacherA_member,2,7.5
teacherA_2,test_w46-49,ge5,far,1.3464228271573337,94953,83358,0.9291860183459185,0.9219951085143231,0.8841626427912272,0.5868302982317234,0.8505174454080842,0.8546800232752413,0.5438230283835984,0.8170526424497454,0.04054739147657901,0.449923574924469,0.11344652893703343,0.008037672085550951,0.02754014482767768,0.36293715238571167,37,teacherA_member,2,7.5
teacherA_3,test_w46-49,all,all,1.3493442022256688,100000,100000,0.92047,0.9140307992737625,0.8756981294,0.60623,0.8377504026000001,0.8381259724500001,0.62018,0.7994188717,0.04868705978602168,0.5087761878967285,0.1292907244917765,0.008477548622150676,0.034652321906536804,0.40711015462875366,37,teacherA_member,3,7.5
teacherA_3,test_w46-49,all,near,1.3493442022256688,100000,10044,0.92047,0.9140307992737625,0.832958226802071,0.7176423735563521,0.8020479828753484,0.7784922082835524,0.6615890083632019,0.7447924880525686,0.04868705978602168,0.5087761878967285,0.1292907244917765,0.008477548622150676,0.034652321906536804,0.40711015462875366,37,teacherA_member,3,7.5
teacherA_3,test_w46-49,all,far,1.3493442022256688,100000,89956,0.92047,0.9140307992737625,0.880470235559607,0.5937902974787674,0.8417367415180754,0.8447843557405844,0.6155564942860954,0.8055181579883497,0.04868705978602168,0.5087761878967285,0.1292907244917765,0.008477548622150676,0.034652321906536804,0.40711015462875366,37,teacherA_member,3,7.5
teacherA_3,test_w46-49,ge5,all,1.3493442022256688,94953,93107,0.928448811517277,0.9194857396475374,0.8789453885269081,0.60181296787567,0.8458036688273305,0.8430730754290279,0.5904282169976479,0.8087014638006114,0.0430529519672179,0.4207998514175415,0.1158255253939898,0.007075463502551345,0.030170198296797044,0.33933159708976746,37,teacherA_member,3,7.5
teacherA_3,test_w46-49,ge5,near,1.3493442022256688,94953,9749,0.928448811517277,0.9194857396475374,0.8385490513909599,0.7017129962047389,0.811434195769395,0.7842116580208931,0.6311416555544158,0.7545207537322829,0.0430529519672179,0.4207998514175415,0.1158255253939898,0.007075463502551345,0.030170198296797044,0.33933159708976746,37,teacherA_member,3,7.5
teacherA_3,test_w46-49,ge5,far,1.3493442022256688,94953,83358,0.928448811517277,0.9194857396475374,0.8836698767672494,0.5901293217207707,0.8498232949321053,0.849957117252391,0.5856666426737686,0.8150380810713727,0.0430529519672179,0.4207998514175415,0.1158255253939898,0.007075463502551345,0.030170198296797044,0.33933159708976746,37,teacherA_member,3,7.5
teacherA_4,test_w46-49,all,all,1.3446087481839755,100000,100000,0.92235,0.920204910548205,0.87370315955,0.61221,0.8375311444,0.84076518455,0.65844,0.8040990958,0.04466731029868123,0.5200712084770203,0.12530748038533196,0.010787834243859816,0.03040805204108355,0.4185161590576172,37,teacherA_member,4,7.5
teacherA_4,test_w46-49,all,near,1.3446087481839755,100000,10044,0.92235,0.920204910548205,0.8354880814416568,0.6983273596176822,0.8047947929111907,0.7998225826363998,0.6743329350856233,0.7664814097968936,0.04466731029868123,0.5200712084770203,0.12530748038533196,0.010787834243859816,0.03040805204108355,0.4185161590576172,37,teacherA_member,4,7.5
teacherA_4,test_w46-49,all,far,1.3446087481839755,100000,89956,0.92235,0.920204910548205,0.8779700483013917,0.6025946018053271,0.8411863081951177,0.8453366138445462,0.6566654809017742,0.8082992829827916,0.04466731029868123,0.5200712084770203,0.12530748038533196,0.010787834243859816,0.03040805204108355,0.4185161590576172,37,teacherA_member,4,7.5
teacherA_4,test_w46-49,ge5,all,1.3446087481839755,94953,93107,0.9303444862194981,0.9255756451178871,0.8766558253367452,0.6006637524568508,0.8453228309729326,0.845981636597533,0.6164842600448945,0.8132247543271893,0.03922170611755776,0.43044403195381165,0.11194605927991631,0.009330755647467232,0.02614136024658764,0.3491467535495758,37,teacherA_member,4,7.5
teacherA_4,test_w46-49,ge5,near,1.3446087481839755,94953,9749,0.9303444862194981,0.9255756451178871,0.8411134245287877,0.6838650117960816,0.8142168639263423,0.8064106232399548,0.6429377372038158,0.7767413858730247,0.03922170611755776,0.43044403195381165,0.11194605927991631,0.009330755647467232,0.02614136024658764,0.3491467535495758,37,teacherA_member,4,7.5
teacherA_4,test_w46-49,ge5,far,1.3446087481839755,94953,83358,0.9303444862194981,0.9255756451178871,0.880812629308491,0.5909330838071931,0.8489607790131594,0.8506096004309147,0.6133904364308165,0.8174916076473224,0.03922170611755776,0.43044403195381165,0.11194605927991631,0.009330755647467232,0.02614136024658764,0.3491467535495758,37,teacherA_member,4,7.5
teacherA,test_w46-49,all,all,1.1631470735488572,100000,100000,0.92461,0.9239239303010879,0.89099116005,0.57037,0.8526142720000001,0.8525109274999999,0.60896,0.8149290153,0.03437572112992404,0.44740909337997437,0.11826184708232738,0.007882212034834062,0.027880955285131882,0.4036591053009033,37,teacherA,,7.5
teacherA,test_w46-49,all,near,1.1631470735488572,100000,10044,0.92461,0.9239239303010879,0.8617795504778972,0.6485463958582238,0.8278718130227003,0.8022511150935883,0.6665671047391477,0.7697228464755077,0.03437572112992404,0.44740909337997437,0.11826184708232738,0.007882212034834062,0.027880955285131882,0.4036591053009033,37,teacherA,,7.5
teacherA,test_w46-49,all,far,1.1631470735488572,100000,89956,0.92461,0.9239239303010879,0.8942527702432301,0.5616412468317844,0.8553768810307263,0.8581226660811954,0.6025279025301259,0.8199764913957935,0.03437572112992404,0.44740909337997437,0.11826184708232738,0.007882212034834062,0.027880955285131882,0.4036591053009033,37,teacherA,,7.5
teacherA,test_w46-49,ge5,all,1.1631470735488572,94953,93107,0.932587701283793,0.9290653165402067,0.893757815667694,0.5671861406768557,0.8605955259148556,0.8586602633996975,0.5773572341499565,0.8252826654875709,0.028777322141857783,0.35495468974113464,0.10473126139408681,0.006364055407054124,0.022718095514549216,0.3230327069759369,37,teacherA,,7.5
teacherA,test_w46-49,ge5,near,1.1631470735488572,94953,9749,0.932587701283793,0.9290653165402067,0.8662097115368976,0.6364755359524054,0.836800652773567,0.8091166539922683,0.6450918042876193,0.7805677553835157,0.028777322141857783,0.35495468974113464,0.10473126139408681,0.006364055407054124,0.022718095514549216,0.3230327069759369,37,teacherA,,7.5
teacherA,test_w46-49,ge5,far,1.1631470735488572,94953,83358,0.932587701283793,0.9290653165402067,0.8969796596079413,0.5590825115765733,0.863378416798207,0.8644545560664244,0.5694354471076561,0.8305122254410781,0.028777322141857783,0.35495468974113464,0.10473126139408681,0.006364055407054124,0.022718095514549216,0.3230327069759369,37,teacherA,,7.5
teacherB,test_w46-49,all,all,1.4445600517857895,100000,100000,0.92461,0.9275119543801411,0.87387137085,0.57642,0.8396592355,0.8611384823000001,0.53393,0.8210124092,0.04811625670313839,0.551295280456543,0.12445329884510631,0.0074490241589772015,0.03292240738525988,0.41460883617401123,37,teacherB,,7.5
teacherB,test_w46-49,all,near,1.4445600517857895,100000,10044,0.92461,0.9275119543801411,0.8308161061330147,0.6778176025487853,0.8028945888092394,0.8240382730983671,0.6158900836320191,0.7892455097570689,0.04811625670313839,0.551295280456543,0.12445329884510631,0.0074490241589772015,0.03292240738525988,0.41460883617401123,37,teacherB,,7.5
teacherB,test_w46-49,all,far,1.4445600517857895,100000,89956,0.92461,0.9275119543801411,0.8786786886366668,0.5650984925963805,0.8437641769309441,0.8652808908244031,0.5247787807372494,0.8245593292276224,0.04811625670313839,0.551295280456543,0.12445329884510631,0.0074490241589772015,0.03292240738525988,0.41460883617401123,37,teacherB,,7.5
teacherB,test_w46-49,ge5,all,1.4445600517857895,94953,93107,0.9327246111233979,0.9331920700663229,0.8780129677297327,0.5646621628878602,0.849250075940988,0.8672146131583078,0.5037107843663742,0.8321591948560944,0.04207550831069333,0.43687501549720764,0.11052279837314086,0.005784681902428587,0.0282769326328981,0.33174407482147217,37,teacherB,,7.5
teacherB,test_w46-49,ge5,near,1.4445600517857895,94953,9749,0.9327246111233979,0.9331920700663229,0.837416845356115,0.6609908708585496,0.8137096568132558,0.8309941267950611,0.5852907990563134,0.8007292597340595,0.04207550831069333,0.43687501549720764,0.11052279837314086,0.005784681902428587,0.0282769326328981,0.33174407482147217,37,teacherB,,7.5
teacherB,test_w46-49,ge5,far,1.4445600517857895,94953,83358,0.9327246111233979,0.9331920700663229,0.8827608215292528,0.553396194726361,0.8534066481485297,0.8714507215288938,0.4941697257611747,0.8358350320583392,0.04207550831069333,0.43687501549720764,0.11052279837314086,0.005784681902428587,0.0282769326328981,0.33174407482147217,37,teacherB,,7.5
teacherA_0,test_w51-51,all,all,1.3233316230142453,100000,43579,0.88213,0.850928680168443,0.8602618226668809,0.7685123568691342,0.8085422297436838,0.8144221013561577,0.8003166662842195,0.7658674402808693,0.06947857558459042,0.7880004644393921,0.18495323500993177,0.013734676338148668,0.0514526329218596,0.640329897403717,37,teacherA_member,0,11.0
teacherA_0,test_w51-51,all,near,1.3233316230142453,100000,6654,0.88213,0.850928680168443,0.8047625518485122,0.8306281935677787,0.7633894153892395,0.734720136008416,0.7944093778178539,0.6941901157198678,0.06947857558459042,0.7880004644393921,0.18495323500993177,0.013734676338148668,0.0514526329218596,0.640329897403717,37,teacherA_member,0,11.0
teacherA_0,test_w51-51,all,far,1.3233316230142453,100000,36925,0.88213,0.850928680168443,0.8702629641164523,0.7573188896411646,0.8166789075152336,0.8287846437373054,0.8013811780636425,0.7787839174001353,0.06947857558459042,0.7880004644393921,0.18495323500993177,0.013734676338148668,0.0514526329218596,0.640329897403717,37,teacherA_member,0,11.0
teacherA_0,test_w51-51,ge5,all,1.3233316230142453,93905,40935,0.8887705659975507,0.8555867046215593,0.8624006028041862,0.7747160131916453,0.8150879555857576,0.8194589010498936,0.7844631733235617,0.7739156099503532,0.06485244348818966,0.6945990920066833,0.1737343067350614,0.01219253656112715,0.04780382552131547,0.5674651861190796,37,teacherA_member,0,11.0
teacherA_0,test_w51-51,ge5,near,1.3233316230142453,93905,6460,0.8887705659975507,0.8555867046215593,0.8099451589883261,0.820123839009288,0.7716884563033288,0.7410750358169437,0.7764705882352941,0.7034792210624564,0.06485244348818966,0.6945990920066833,0.1737343067350614,0.01219253656112715,0.04780382552131547,0.5674651861190796,37,teacherA_member,0,11.0
teacherA_0,test_w51-51,ge5,far,1.3233316230142453,93905,34475,0.8887705659975507,0.8555867046215593,0.8722298172218934,0.7662073966642494,0.8232202475470191,0.8341466391036966,0.7859608411892676,0.7871141327122333,0.06485244348818966,0.6945990920066833,0.1737343067350614,0.01219253656112715,0.04780382552131547,0.5674651861190796,37,teacherA_member,0,11.0
teacherA_1,test_w51-51,all,all,1.3330578296311866,100000,43579,0.88277,0.851448545268124,0.8615343914500102,0.7398747102962436,0.8076837644278207,0.823146652286652,0.7726886803276808,0.7712095337203699,0.06834651463769373,0.7541569471359253,0.18498972976361688,0.013923466739176538,0.05020248703368009,0.6109813451766968,37,teacherA_member,1,11.0
teacherA_1,test_w51-51,all,near,1.3330578296311866,100000,6654,0.88277,0.851448545268124,0.8157820401262399,0.7843402464682897,0.7703818319807635,0.7590028434024647,0.8136459272617974,0.7147003411481816,0.06834651463769373,0.7541569471359253,0.18498972976361688,0.013923466739176538,0.05020248703368009,0.6109813451766968,37,teacherA_member,1,11.0
teacherA_1,test_w51-51,all,far,1.3330578296311866,100000,36925,0.88277,0.851448545268124,0.8697791076506431,0.7318618821936358,0.8144056888287068,0.8347055664184158,0.765308056872038,0.7813926662153013,0.06834651463769373,0.7541569471359253,0.18498972976361688,0.013923466739176538,0.05020248703368009,0.6109813451766968,37,teacherA_member,1,11.0
teacherA_1,test_w51-51,ge5,all,1.3330578296311866,93905,40935,0.8896863851765082,0.8569595080181213,0.8633502943713329,0.7441797972395261,0.8142135513265029,0.8293299608577773,0.7617930866007084,0.7800464608338732,0.06316663405809034,0.6612680554389954,0.17327404067568594,0.012385067104964264,0.04611751406283609,0.5390641689300537,37,teacherA_member,1,11.0
teacherA_1,test_w51-51,ge5,near,1.3330578296311866,93905,6460,0.8896863851765082,0.8569595080181213,0.8206092894422811,0.7794117647058824,0.7786375846217021,0.7660274389686039,0.8021671826625387,0.7243374133300847,0.06316663405809034,0.6612680554389954,0.17327404067568594,0.012385067104964264,0.04611751406283609,0.5390641689300537,37,teacherA_member,1,11.0
teacherA_1,test_w51-51,ge5,far,1.3330578296311866,93905,34475,0.8896863851765082,0.8569595080181213,0.8713591962376616,0.737577955039884,0.8208798528468224,0.8411917242052482,0.7542277012327774,0.7904853425416172,0.06316663405809034,0.6612680554389954,0.17327404067568594,0.012385067104964264,0.04611751406283609,0.5390641689300537,37,teacherA_member,1,11.0
teacherA_2,test_w51-51,all,all,1.3464228271573337,100000,43579,0.88514,0.8591266586284416,0.8629796123132701,0.7452901626930403,0.8104173136143555,0.8228162348837743,0.7928130521581496,0.7706549239312513,0.06789912957221268,0.7804756164550781,0.18173180981379122,0.01460249704684382,0.04896114043511446,0.626013457775116,37,teacherA_member,2,11.0
teacherA_2,test_w51-51,all,near,1.3464228271573337,100000,6654,0.88514,0.8591266586284416,0.8086812744214007,0.8067327923053802,0.7668429801623083,0.7549091493838292,0.8336339044183949,0.71188625488428,0.06789912957221268,0.7804756164550781,0.18173180981379122,0.01460249704684382,0.04896114043511446,0.626013457775116,37,teacherA_member,2,11.0
teacherA_2,test_w51-51,all,far,1.3464228271573337,100000,36925,0.88514,0.8591266586284416,0.8727643419092755,0.734218009478673,0.818269544211239,0.8350533031821259,0.7854570074475288,0.7812452211238998,0.06789912957221268,0.7804756164550781,0.18173180981379122,0.01460249704684382,0.04896114043511446,0.626013457775116,37,teacherA_member,2,11.0
teacherA_2,test_w51-51,ge5,all,1.3464228271573337,93905,40935,0.8921569671476492,0.8644425141746568,0.8657057409718403,0.7434469280566752,0.8174002134637746,0.8273258359500891,0.7857334799071699,0.7788187822289101,0.06290219661958565,0.6761252880096436,0.16988227641533313,0.013035113448916176,0.044870852143497564,0.5461797118186951,37,teacherA_member,2,11.0
teacherA_2,test_w51-51,ge5,near,1.3464228271573337,93905,6460,0.8921569671476492,0.8644425141746568,0.8148185604547644,0.798452012383901,0.7760495349443306,0.761990790705909,0.8263157894736842,0.7222114619824429,0.06290219661958565,0.6761252880096436,0.16988227641533313,0.013035113448916176,0.044870852143497564,0.5461797118186951,37,teacherA_member,2,11.0
teacherA_2,test_w51-51,ge5,far,1.3464228271573337,93905,34475,0.8921569671476492,0.8644425141746568,0.8752410908236259,0.7331399564902102,0.8251485929629946,0.8395684579160763,0.7781290790427846,0.7894259842243323,0.06290219661958565,0.6761252880096436,0.16988227641533313,0.013035113448916176,0.044870852143497564,0.5461797118186951,37,teacherA_member,2,11.0
teacherA_3,test_w51-51,all,all,1.3493442022256688,100000,43579,0.87915,0.8535307437121463,0.862867544918424,0.7581633355515272,0.808094644209367,0.8144973520502995,0.8111246242456229,0.7648509277404255,0.07442857450395823,0.7829395532608032,0.19154891387335457,0.015291911857332377,0.055540965988487,0.6273159980773926,37,teacherA_member,3,11.0
teacherA_3,test_w51-51,all,near,1.3493442022256688,100000,6654,0.87915,0.8535307437121463,0.8130092763751127,0.8291253381424707,0.7687901517883979,0.7383647114517583,0.8715058611361587,0.6978247219717464,0.07442857450395823,0.7829395532608032,0.19154891387335457,0.015291911857332377,0.055540965988487,0.6273159980773926,37,teacherA_member,3,11.0
teacherA_3,test_w51-51,all,far,1.3493442022256688,100000,36925,0.87915,0.8535307437121463,0.8718521601895736,0.7453757616790793,0.8151774361543671,0.8282166909952606,0.8002437373053487,0.7769292587677724,0.07442857450395823,0.7829395532608032,0.19154891387335457,0.015291911857332377,0.055540965988487,0.6273159980773926,37,teacherA_member,3,11.0
teacherA_3,test_w51-51,ge5,all,1.3493442022256688,93905,40935,0.8859592140993557,0.8586816079285254,0.8654282925654933,0.7608159276902406,0.814766049596746,0.820070549145969,0.7957249297667033,0.7735217474276656,0.06972837807046017,0.7044693827629089,0.18033343551925707,0.013829574213552262,0.0518898232347141,0.5667059421539307,37,teacherA_member,3,11.0
teacherA_3,test_w51-51,ge5,near,1.3493442022256688,93905,6460,0.8859592140993557,0.8586816079285254,0.8183182644735317,0.8246130030959752,0.7771211617432348,0.7449470654338592,0.8591331269349846,0.7072752648541615,0.06972837807046017,0.7044693827629089,0.18033343551925707,0.013829574213552262,0.0518898232347141,0.5667059421539307,37,teacherA_member,3,11.0
teacherA_3,test_w51-51,ge5,far,1.3493442022256688,93905,34475,0.8859592140993557,0.8586816079285254,0.8742558714334867,0.7488614938361131,0.821820030032821,0.8341473498647574,0.7838433647570704,0.7859351564900249,0.06972837807046017,0.7044693827629089,0.18033343551925707,0.013829574213552262,0.0518898232347141,0.5667059421539307,37,teacherA_member,3,11.0
teacherA_4,test_w51-51,all,all,1.3446087481839755,100000,43579,0.88501,0.8685615371617279,0.8583892199224397,0.7689483466807407,0.8088240361183139,0.811818190757016,0.847564193763051,0.7676072716216527,0.06576243337228899,0.7514363527297974,0.18019970583126163,0.01566736889570236,0.04632479925841093,0.6076223850250244,37,teacherA_member,4,11.0
teacherA_4,test_w51-51,all,near,1.3446087481839755,100000,6654,0.88501,0.8685615371617279,0.8135435535016531,0.8274721971746318,0.7727863195070636,0.7597901247370002,0.8656447249774571,0.7205696137661556,0.06576243337228899,0.7514363527297974,0.18019970583126163,0.01566736889570236,0.04632479925841093,0.6076223850250244,37,teacherA_member,4,11.0
teacherA_4,test_w51-51,all,far,1.3446087481839755,100000,36925,0.88501,0.8685615371617279,0.8664705486797561,0.7584021665538253,0.815318144888287,0.8211938102911307,0.8443060257278266,0.7760836040622884,0.06576243337228899,0.7514363527297974,0.18019970583126163,0.01566736889570236,0.04632479925841093,0.6076223850250244,37,teacherA_member,4,11.0
teacherA_4,test_w51-51,ge5,all,1.3446087481839755,93905,40935,0.8920611256056653,0.8732534779555884,0.860611679703766,0.7762550384756322,0.815373595716968,0.817958940920459,0.8358617320141688,0.776350301453797,0.06103943341977104,0.6641334295272827,0.16882190866973154,0.014171694605832896,0.042707624042556486,0.5400939583778381,37,teacherA_member,4,11.0
teacherA_4,test_w51-51,ge5,near,1.3446087481839755,93905,6460,0.8920611256056653,0.8732534779555884,0.8191493074072127,0.8198142414860681,0.78126031792555,0.7674383248797488,0.8523219814241486,0.7306209885723716,0.06103943341977104,0.6641334295272827,0.16882190866973154,0.014171694605832896,0.042707624042556486,0.5400939583778381,37,teacherA_member,4,11.0
teacherA_4,test_w51-51,ge5,far,1.3446087481839755,93905,34475,0.8920611256056653,0.8732534779555884,0.8683809886243095,0.7680928208846991,0.8217658154278472,0.8274256031285224,0.8327773749093546,0.7849191589219336,0.06103943341977104,0.6641334295272827,0.16882190866973154,0.014171694605832896,0.042707624042556486,0.5400939583778381,37,teacherA_member,4,11.0
teacherA,test_w51-51,all,all,1.1631470735488572,100000,43579,0.89041,0.8729290771880711,0.8730224576057275,0.7555473966818881,0.8234062766470088,0.8279637979301957,0.8133045733036555,0.7815980238188118,0.04455710182398556,0.6153941750526428,0.1644458682781529,0.012623368455354105,0.036149197943508585,0.5594413876533508,37,teacherA,,11.0
teacherA,test_w51-51,all,near,1.1631470735488572,100000,6654,0.89041,0.8729290771880711,0.8398000330628194,0.7874962428614367,0.7960127908025248,0.763830504959423,0.850015028554253,0.7254748001202285,0.04455710182398556,0.6153941750526428,0.1644458682781529,0.012623368455354105,0.036149197943508585,0.5594413876533508,37,teacherA,,11.0
teacherA,test_w51-51,all,far,1.1631470735488572,100000,36925,0.89041,0.8729290771880711,0.8790092419769804,0.749790115098172,0.828342668111036,0.8395208170616114,0.8066892349356805,0.7917116035206501,0.04455710182398556,0.6153941750526428,0.1644458682781529,0.012623368455354105,0.036149197943508585,0.5594413876533508,37,teacherA,,11.0
teacherA,test_w51-51,ge5,all,1.1631470735488572,93905,40935,0.8975666897396305,0.87753662009661,0.8746773281098177,0.7451325271772322,0.8297925829848373,0.8338897181788714,0.8013924514474167,0.7904914144569688,0.03891154629872142,0.5246802568435669,0.15228518490696916,0.011063685538943617,0.03186070760353506,0.4805417060852051,37,teacherA,,11.0
teacherA,test_w51-51,ge5,near,1.1631470735488572,93905,6460,0.8975666897396305,0.87753662009661,0.8435842296979211,0.780030959752322,0.8037484724945161,0.7715683461135793,0.8315789473684211,0.736028612673074,0.03891154629872142,0.5246802568435669,0.15228518490696916,0.011063685538943617,0.03186070760353506,0.4805417060852051,37,teacherA,,11.0
teacherA,test_w51-51,ge5,far,1.1631470735488572,93905,34475,0.8975666897396305,0.87753662009661,0.8805036200819962,0.7385931834662799,0.8346727846894778,0.8455676315520921,0.795736040609137,0.8006967719485993,0.03891154629872142,0.5246802568435669,0.15228518490696916,0.011063685538943617,0.03186070760353506,0.4805417060852051,37,teacherA,,11.0
teacherB,test_w51-51,all,all,1.4445600517857895,100000,43579,0.88969,0.8722651243958667,0.8651015587783106,0.712109043346566,0.8148602889006172,0.8411769800821497,0.7658734711673053,0.7912496218362056,0.07027192798793316,0.7806811928749084,0.17850594581799295,0.012863404755041488,0.04925482885718345,0.5901150107383728,37,teacherB,,11.0
teacherB,test_w51-51,all,near,1.4445600517857895,100000,6654,0.88969,0.8722651243958667,0.811799416892095,0.7874962428614367,0.7722894093778179,0.7893847024346258,0.8309287646528404,0.7468581740306582,0.07027192798793316,0.7806811928749084,0.17850594581799295,0.012863404755041488,0.04925482885718345,0.5901150107383728,37,teacherB,,11.0
teacherB,test_w51-51,all,far,1.4445600517857895,100000,36925,0.88969,0.8722651243958667,0.8747067707515235,0.6985240352064996,0.8225316939742722,0.850510109817197,0.7541503046716317,0.7992490989844279,0.07027192798793316,0.7806811928749084,0.17850594581799295,0.012863404755041488,0.04925482885718345,0.5901150107383728,37,teacherB,,11.0
teacherB,test_w51-51,ge5,all,1.4445600517857895,93905,40935,0.8970555348490495,0.8777943939078844,0.868138586352019,0.705215585684622,0.8228371337581601,0.8467340252568992,0.7509466226945157,0.8007106527484348,0.0647175376031302,0.6707525253295898,0.1662298935495298,0.011147718279880169,0.04507122958769946,0.5105706453323364,37,teacherB,,11.0
teacherB,test_w51-51,ge5,near,1.4445600517857895,93905,6460,0.8970555348490495,0.8777943939078844,0.818715982145845,0.7789473684210526,0.7827555844512512,0.7966505095476408,0.8143962848297214,0.7575698646761607,0.0647175376031302,0.6707525253295898,0.1662298935495298,0.011147718279880169,0.04507122958769946,0.5105706453323364,37,teacherB,,11.0
teacherB,test_w51-51,ge5,far,1.4445600517857895,93905,34475,0.8970555348490495,0.8777943939078844,0.8773995007297386,0.691399564902103,0.8303477010829645,0.8561187826602873,0.7390572878897752,0.8087944668440662,0.0647175376031302,0.6707525253295898,0.1662298935495298,0.011147718279880169,0.04507122958769946,0.5105706453323364,37,teacherB,,11.0
student_direct_s0,val,all,all,1.1105639097122812,200000,54382,0.95082,0.930397656518168,0.8867109408443969,0.6647603986613217,0.8700352804236696,0.8573361378765033,0.6205362068331434,0.8328682510757236,0.0021219881971180445,0.17462868988513947,0.0712773566945293,0.0031391151971175107,0.005338541553840077,0.17302852869033813,37,direct,0,1.0
student_direct_s0,val,all,near,1.1105639097122812,200000,12295,0.95082,0.930397656518168,0.8752054603497357,0.6522163481089874,0.8580002033346888,0.755804744408296,0.7545343635624238,0.7376289894265962,0.0021219881971180445,0.17462868988513947,0.0712773566945293,0.0031391151971175107,0.005338541553840077,0.17302852869033813,37,direct,0,1.0
student_direct_s0,val,all,far,1.1105639097122812,200000,42087,0.95082,0.930397656518168,0.8900720709482738,0.6684249293130895,0.8735511231496662,0.8869968046546439,0.5813909283151567,0.8606907787440301,0.0021219881971180445,0.17462868988513947,0.0712773566945293,0.0031391151971175107,0.005338541553840077,0.17302852869033813,37,direct,0,1.0
student_direct_s0,val,ge5,all,1.1105639097122812,190477,52884,0.9557426880935757,0.9357411559916504,0.8950182455328491,0.6395128961500642,0.8798628674298749,0.8712422798261084,0.5769987141668558,0.8481277084110628,0.0024187140031380837,0.15480093657970428,0.06431528149758864,0.0025981930740166946,0.003991170892309154,0.15308678150177002,37,direct,0,1.0
student_direct_s0,val,ge5,near,1.1105639097122812,190477,11763,0.9557426880935757,0.9357411559916504,0.8812051042470903,0.6360622290232084,0.8657426593465669,0.7703664528298491,0.7334013431947632,0.7531362025758827,0.0024187140031380837,0.15480093657970428,0.06431528149758864,0.0025981930740166946,0.003991170892309154,0.15308678150177002,37,direct,0,1.0
student_direct_s0,val,ge5,far,1.1105639097122812,190477,41121,0.9557426880935757,0.9357411559916504,0.898969608119955,0.6404999878407627,0.8839020689980261,0.9000986391791639,0.5322584567495927,0.8753008093361185,0.0024187140031380837,0.15480093657970428,0.06431528149758864,0.0025981930740166946,0.003991170892309154,0.15308678150177002,37,direct,0,1.0
student_directTS_s0,val,all,all,,200000,54382,0.95082,0.930397656518168,0.8875479485859291,0.6563936596668015,0.8706373840609026,0.8563367574289287,0.6236806296200949,0.8317631790849913,0.005338541553840077,0.17302852869033813,0.0713760897246173,0.0031315427617223325,,,37,directTS,0,1.0
student_directTS_s0,val,all,near,,200000,12295,0.95082,0.930397656518168,0.8755454536396908,0.6457096380642537,0.8582447303782026,0.7534325144367628,0.755591703944693,0.7352155628304189,0.005338541553840077,0.17302852869033813,0.0713760897246173,0.0031315427617223325,,,37,directTS,0,1.0
student_directTS_s0,val,all,far,,200000,42087,0.95082,0.930397656518168,0.8910542729940362,0.6595148145508114,0.8742576866966046,0.886398478805807,0.5851450566683298,0.8599679202604129,0.005338541553840077,0.17302852869033813,0.0713760897246173,0.0031315427617223325,,,37,directTS,0,1.0
student_directTS_s0,val,ge5,all,,190477,52884,0.9557426880935757,0.9357411559916504,0.8961555666224815,0.6298880568792073,0.8807329507668517,0.8703328009083213,0.5786627335299902,0.847127145795403,0.003991170892309154,0.15308678150177002,0.06432048594930106,0.0025884013551980174,,,37,directTS,0,1.0
student_directTS_s0,val,ge5,near,,190477,11763,0.9557426880935757,0.9357411559916504,0.8818375078651643,0.6290912182266428,0.8662265534899658,0.7681493593131954,0.7358667006715974,0.750886798465868,0.003991170892309154,0.15308678150177002,0.06432048594930106,0.0025884013551980174,,,37,directTS,0,1.0
student_directTS_s0,val,ge5,far,,190477,41121,0.9557426880935757,0.9357411559916504,0.9002513650019548,0.6301159991245349,0.8848826249276943,0.89956321416392,0.5336932467595632,0.8746574880934337,0.003991170892309154,0.15308678150177002,0.06432048594930106,0.0025884013551980174,,,37,directTS,0,1.0
student_direct_s0,test_w42-45,all,all,1.1105639097122812,100000,100000,0.94002,0.9164260364750721,0.8861241524,0.58754,0.8602591611000001,0.8690622645,0.57496,0.8376120895,0.009613879086375232,0.25382450222969055,0.08795262412213882,0.00459504404981579,0.0033719012948125637,0.24567732214927673,37,direct,0,3.5
student_direct_s0,test_w42-45,all,near,1.1105639097122812,100000,11103,0.94002,0.9164260364750721,0.8711613762046294,0.6575700261190669,0.8487956354138521,0.8754643290101773,0.5948842655138251,0.8450388633702604,0.009613879086375232,0.25382450222969055,0.08795262412213882,0.00459504404981579,0.0033719012948125637,0.24567732214927673,37,direct,0,3.5
student_direct_s0,test_w42-45,all,far,1.1105639097122812,100000,88897,0.94002,0.9164260364750721,0.8879929635420767,0.5787934350990472,0.8616909251155832,0.8682626635881977,0.5724715119745323,0.8366845051014096,0.009613879086375232,0.25382450222969055,0.08795262412213882,0.00459504404981579,0.0033719012948125637,0.24567732214927673,37,direct,0,3.5
student_direct_s0,test_w42-45,ge5,all,1.1105639097122812,95189,93109,0.9459286262068096,0.92154690334066,0.8912387268785305,0.5721251436488417,0.8679829782833338,0.8774491322025745,0.5235369298349246,0.8482578230365062,0.009130919376027058,0.22693964838981628,0.07937194793051602,0.0038559082430827127,0.0024943916605578427,0.2193426787853241,37,direct,0,3.5
student_direct_s0,test_w42-45,ge5,near,1.1105639097122812,95189,10761,0.9459286262068096,0.92154690334066,0.8788971861495856,0.6447356193662299,0.8587334048371298,0.8875656735030739,0.5473469008456463,0.8593155352850077,0.009130919376027058,0.22693964838981628,0.07937194793051602,0.0038559082430827127,0.0024943916605578427,0.2193426787853241,37,direct,0,3.5
student_direct_s0,test_w42-45,ge5,far,1.1105639097122812,95189,82348,0.9459286262068096,0.92154690334066,0.8928514839556201,0.5626366153397775,0.8691916859611719,0.8761271316569065,0.5204255112449604,0.8468128329759568,0.009130919376027058,0.22693964838981628,0.07937194793051602,0.0038559082430827127,0.0024943916605578427,0.2193426787853241,37,direct,0,3.5
student_directTS_s0,test_w42-45,all,all,,100000,100000,0.94002,0.9164260364750721,0.88717781285,0.57727,0.8610446556999999,0.86819772255,0.5774,0.8367077369000001,0.0033719012948125637,0.24567732214927673,0.08752348476273458,0.004571013516872887,,,37,directTS,0,3.5
student_directTS_s0,test_w42-45,all,near,,100000,11103,0.94002,0.9164260364750721,0.8723082356119968,0.6518958839953166,0.8497307412411059,0.8748516464018733,0.5960551202377736,0.8443220228767,0.0033719012948125637,0.24567732214927673,0.08752348476273458,0.004571013516872887,,,37,directTS,0,3.5
student_directTS_s0,test_w42-45,all,far,,100000,88897,0.94002,0.9164260364750721,0.8890349836889884,0.5679494246150039,0.8624577336693027,0.8673666650730621,0.5750700248602315,0.8357567327356378,0.0033719012948125637,0.24567732214927673,0.08752348476273458,0.004571013516872887,,,37,directTS,0,3.5
student_directTS_s0,test_w42-45,ge5,all,,95189,93109,0.9459286262068096,0.92154690334066,0.8925135912503342,0.5628993974803724,0.8689623564195794,0.8766733043481839,0.5256956899977446,0.847446346283354,0.0024943916605578427,0.2193426787853241,0.07895913798963927,0.0038301213883395867,,,37,directTS,0,3.5
student_directTS_s0,test_w42-45,ge5,near,,95189,10761,0.9459286262068096,0.92154690334066,0.8803655207872705,0.6388811448750116,0.8599518787926255,0.8869917240218571,0.5510640275067373,0.8586548880584128,0.0024943916605578427,0.2193426787853241,0.07895913798963927,0.0038301213883395867,,,37,directTS,0,3.5
student_directTS_s0,test_w42-45,ge5,far,,95189,82348,0.9459286262068096,0.92154690334066,0.8941010661890458,0.5529703210764074,0.8701398197428376,0.8753249229168388,0.5223806285519988,0.8459816462537068,0.0024943916605578427,0.2193426787853241,0.07895913798963927,0.0038301213883395867,,,37,directTS,0,3.5
student_direct_s0,test_w46-49,all,all,1.1105639097122812,100000,100000,0.89858,0.8793956658344945,0.8670007073000001,0.66645,0.8191086687999999,0.8487562869,0.66747,0.793020133,0.03801639113068582,0.49901941418647766,0.15049638518023833,0.011273304269865914,0.029107019326314335,0.4704202711582184,37,direct,0,7.5
student_direct_s0,test_w46-49,all,near,1.1105639097122812,100000,10044,0.89858,0.8793956658344945,0.844593903823178,0.7279968140183194,0.8027295828355236,0.8479213575268816,0.6863799283154122,0.7941764844683393,0.03801639113068582,0.49901941418647766,0.15049638518023833,0.011273304269865914,0.029107019326314335,0.4704202711582184,37,direct,0,7.5
student_direct_s0,test_w46-49,all,far,1.1105639097122812,100000,89956,0.89858,0.8793956658344945,0.8695025296811775,0.6595780159188936,0.8209374688736717,0.8488495105940682,0.6653586197696651,0.7928910210547381,0.03801639113068582,0.49901941418647766,0.15049638518023833,0.011273304269865914,0.029107019326314335,0.4704202711582184,37,direct,0,7.5
student_direct_s0,test_w46-49,ge5,all,1.1105639097122812,94953,93107,0.9081756237296347,0.8861064413909979,0.8725761797736276,0.6418421815760361,0.8287792811291615,0.8577457742034821,0.6118122160524987,0.8063169725443274,0.03480123433599317,0.4311741590499878,0.13676850109193014,0.009621835146916497,0.026648544292094043,0.40704628825187683,37,direct,0,7.5
student_direct_s0,test_w46-49,ge5,near,1.1105639097122812,94953,9749,0.9081756237296347,0.8861064413909979,0.8528609297975135,0.7028413170581598,0.8144949765878903,0.860564593700328,0.6350394912298697,0.811104035828267,0.03480123433599317,0.4311741590499878,0.13676850109193014,0.009621835146916497,0.026648544292094043,0.40704628825187683,37,direct,0,7.5
student_direct_s0,test_w46-49,ge5,far,1.1105639097122812,94953,83358,0.9081756237296347,0.8861064413909979,0.8748819449313465,0.6347081263945872,0.8304498788519099,0.8574161037306449,0.6090957076705296,0.805757109304385,0.03480123433599317,0.4311741590499878,0.13676850109193014,0.009621835146916497,0.026648544292094043,0.40704628825187683,37,direct,0,7.5
student_directTS_s0,test_w46-49,all,all,,100000,100000,0.89858,0.8793956658344945,0.8683138485999999,0.64679,0.8199552228999999,0.84783772815,0.67101,0.7920759768,0.029107019326314335,0.4704202711582184,0.14810694799252774,0.011248632008733658,,,37,directTS,0,7.5
student_directTS_s0,test_w46-49,all,near,,100000,10044,0.89858,0.8793956658344945,0.8459282163480686,0.7135603345280764,0.8036655764635603,0.8472496664675429,0.6867781760254879,0.7934111967343687,0.029107019326314335,0.4704202711582184,0.14810694799252774,0.011248632008733658,,,37,directTS,0,7.5
student_directTS_s0,test_w46-49,all,far,,100000,89956,0.89858,0.8793956658344945,0.8708133071168126,0.6393347858953266,0.8217740366401352,0.8479033879341011,0.6692494108230691,0.791926893370092,0.029107019326314335,0.4704202711582184,0.14810694799252774,0.011248632008733658,,,37,directTS,0,7.5
student_directTS_s0,test_w46-49,ge5,all,,94953,93107,0.9081756237296347,0.8861064413909979,0.8740752145366417,0.6272997733790155,0.8298176778186555,0.8569035703544337,0.6156035529015004,0.80546200122618,0.026648544292094043,0.40704628825187683,0.1344826917432614,0.009572702213805823,,,37,directTS,0,7.5
student_directTS_s0,test_w46-49,ge5,near,,94953,9749,0.9081756237296347,0.8861064413909979,0.8544464494890113,0.6938147502307929,0.8156902740152832,0.8599359056656648,0.6378090060519027,0.8103927035625251,0.026648544292094043,0.40704628825187683,0.1344826917432614,0.009572702213805823,,,37,directTS,0,7.5
student_directTS_s0,test_w46-49,ge5,far,,94953,83358,0.9081756237296347,0.8861064413909979,0.8763708649894998,0.6195206218959188,0.8314699254694997,0.8565489284850367,0.6130065500611819,0.8048853389133002,0.026648544292094043,0.40704628825187683,0.1344826917432614,0.009572702213805823,,,37,directTS,0,7.5
student_direct_s0,test_w51-51,all,all,1.1105639097122812,100000,43579,0.8626,0.8327409888084706,0.8590655501503017,0.741067945570114,0.7952693356892081,0.835082037334496,0.7974024185961128,0.7710450111292135,0.061028695303648725,0.7871456742286682,0.20347929494259961,0.017690500939691732,0.05083447635054587,0.7345711588859558,37,direct,0,11.0
student_direct_s0,test_w51-51,all,near,1.1105639097122812,100000,6654,0.8626,0.8327409888084706,0.8342120048091375,0.7813345356176736,0.7788016441238353,0.8268059685903215,0.8104899308686504,0.7662032566877065,0.061028695303648725,0.7871456742286682,0.20347929494259961,0.017690500939691732,0.05083447635054587,0.7345711588859558,37,direct,0,11.0
student_direct_s0,test_w51-51,all,far,1.1105639097122812,100000,36925,0.8626,0.8327409888084706,0.8635442364251861,0.7338117806364252,0.7982368649966147,0.8365734106973595,0.7950440081245769,0.7719175103588355,0.061028695303648725,0.7871456742286682,0.20347929494259961,0.017690500939691732,0.05083447635054587,0.7345711588859558,37,direct,0,11.0
student_direct_s0,test_w51-51,ge5,all,1.1105639097122812,93905,40935,0.8709333901283212,0.8375164578677963,0.8646856999204742,0.7204836936606815,0.8041343390068032,0.8461890078636617,0.7796750946622695,0.785550919088884,0.05874464929946462,0.7294126152992249,0.19221846470211254,0.01585494324920224,0.049307933809797755,0.6803551316261292,37,direct,0,11.0
student_direct_s0,test_w51-51,ge5,near,1.1105639097122812,93905,6460,0.8709333901283212,0.8375164578677963,0.842603976286554,0.7688854489164086,0.789673040882006,0.8405228812202833,0.7989164086687307,0.7835192984544191,0.05874464929946462,0.7294126152992249,0.19221846470211254,0.01585494324920224,0.049307933809797755,0.6803551316261292,37,direct,0,11.0
student_direct_s0,test_w51-51,ge5,far,1.1105639097122812,93905,34475,0.8709333901283212,0.8375164578677963,0.8688234210132986,0.7114140681653373,0.8068441283000938,0.8472507389185195,0.7760696156635243,0.7859316085536743,0.05874464929946462,0.7294126152992249,0.19221846470211254,0.01585494324920224,0.049307933809797755,0.6803551316261292,37,direct,0,11.0
student_directTS_s0,test_w51-51,all,all,,100000,43579,0.8626,0.8327409888084706,0.8598152965878061,0.7377177080704009,0.7959019686087335,0.8340549956401019,0.8035751164551733,0.770115538906354,0.05083447635054587,0.7345711588859558,0.1991926883527172,0.01758954675284968,,,37,directTS,0,11.0
student_directTS_s0,test_w51-51,all,near,,100000,6654,0.8626,0.8327409888084706,0.8351046438232642,0.7748722572888488,0.7795011917643522,0.8260268394950406,0.8163510670273519,0.7654671445746919,0.05083447635054587,0.7345711588859558,0.1991926883527172,0.01758954675284968,,,37,directTS,0,11.0
student_directTS_s0,test_w51-51,all,far,,100000,36925,0.8626,0.8327409888084706,0.8642682331753555,0.7310223425863236,0.7988574396750168,0.8355016943805008,0.8012728503723764,0.7709531940419769,0.05083447635054587,0.7345711588859558,0.1991926883527172,0.01758954675284968,,,37,directTS,0,11.0
student_directTS_s0,test_w51-51,ge5,all,,93905,40935,0.8709333901283212,0.8375164578677963,0.8656754998260374,0.7064370343227068,0.8050118080413958,0.8452910277791472,0.7861487724441187,0.7847735025731358,0.049307933809797755,0.6803551316261292,0.1879590870520538,0.015720637666211894,,,37,directTS,0,11.0
student_directTS_s0,test_w51-51,ge5,near,,93905,6460,0.8709333901283212,0.8375164578677963,0.8438167163210695,0.7619195046439629,0.7907150596668823,0.8398200440699652,0.8061919504643963,0.7828855458459351,0.049307933809797755,0.6803551316261292,0.1879590870520538,0.015720637666211894,,,37,directTS,0,11.0
student_directTS_s0,test_w51-51,ge5,far,,93905,34475,0.8709333901283212,0.8375164578677963,0.8697714459157282,0.6960406091370558,0.8076907636468884,0.8463161925292944,0.7823930384336476,0.7851272719845273,0.049307933809797755,0.6803551316261292,0.1879590870520538,0.015720637666211894,,,37,directTS,0,11.0
student_ls_s0,val,all,all,0.7371149822852291,200000,54382,0.947375,0.925486855261183,0.8725014263451142,0.5518737817660255,0.8497998842447869,0.8472403581607885,0.5092861608620499,0.8187664666617632,0.05722726067870855,0.2375996857881546,0.08133966882624587,0.004156520746729309,0.005421435013152683,0.19523853063583374,37,ls,0,1.0
student_ls_s0,val,all,near,0.7371149822852291,200000,12295,0.947375,0.925486855261183,0.8770251447742985,0.5902399349328995,0.8558911016673444,0.8257745829605532,0.6231801545343636,0.800894146400976,0.05722726067870855,0.2375996857881546,0.08133966882624587,0.004156520746729309,0.005421435013152683,0.19523853063583374,37,ls,0,1.0
student_ls_s0,val,all,far,0.7371149822852291,200000,42087,0.947375,0.925486855261183,0.8711798990781001,0.5406657637750374,0.8480204388528525,0.8535112186660964,0.47601397105994725,0.8239875605293796,0.05722726067870855,0.2375996857881546,0.08133966882624587,0.004156520746729309,0.005421435013152683,0.19523853063583374,37,ls,0,1.0
student_ls_s0,val,ge5,all,0.7371149822852291,190477,52884,0.9524877019272668,0.9310496972939896,0.8759191790765273,0.5393124574540503,0.8556063227722887,0.8503363974726252,0.4777248317071326,0.8243394332915813,0.05727640015461101,0.2169194221496582,0.07401146142293423,0.0035593998800546017,0.004697231964585104,0.17265640199184418,37,ls,0,1.0
student_ls_s0,val,ge5,near,0.7371149822852291,190477,11763,0.9524877019272668,0.9310496972939896,0.8796908215346155,0.5823344384935816,0.8609001808834891,0.8293438349864826,0.5957663861259883,0.8064446960479403,0.05727640015461101,0.2169194221496582,0.07401146142293423,0.0035593998800546017,0.004697231964585104,0.17265640199184418,37,ls,0,1.0
student_ls_s0,val,ge5,far,0.7371149822852291,190477,41121,0.9524877019272668,0.9310496972939896,0.8748402697544171,0.5270056662046156,0.8540919711523851,0.856341492497661,0.44395807494953915,0.8294583699467444,0.05727640015461101,0.2169194221496582,0.07401146142293423,0.0035593998800546017,0.004697231964585104,0.17265640199184418,37,ls,0,1.0
student_ls_s0,test_w42-45,all,all,0.7371149822852291,100000,100000,0.93678,0.9083405226547229,0.88258514375,0.53386,0.8528222251999998,0.8531317305999999,0.54893,0.8202578047999999,0.0536998760951683,0.29153692722320557,0.09581760188640344,0.006165271846561298,0.007886862203031789,0.2590658664703369,37,ls,0,3.5
student_ls_s0,test_w42-45,all,near,0.7371149822852291,100000,11103,0.93678,0.9083405226547229,0.8416062447086373,0.5666936863910654,0.8135518346392867,0.8305148158155453,0.50977213365757,0.7966637071061875,0.0536998760951683,0.29153692722320557,0.09581760188640344,0.006165271846561298,0.007886862203031789,0.2590658664703369,37,ls,0,3.5
student_ls_s0,test_w42-45,all,far,0.7371149822852291,100000,88897,0.93678,0.9083405226547229,0.8877032997738956,0.5297591594766977,0.8577269930368854,0.8559565233922405,0.5538207138598603,0.82320464515113,0.0536998760951683,0.29153692722320557,0.09581760188640344,0.006165271846561298,0.007886862203031789,0.2590658664703369,37,ls,0,3.5
student_ls_s0,test_w42-45,ge5,all,0.7371149822852291,95189,93109,0.9430396369328389,0.9137266645440778,0.886232377189264,0.5132586538358268,0.859937360619537,0.8579035676713532,0.5256849498974321,0.8282548999722448,0.05520541554194948,0.2656093239784241,0.08698569083721659,0.005247262310843482,0.006223614871762373,0.2290428727865219,37,ls,0,3.5
student_ls_s0,test_w42-45,ge5,near,0.7371149822852291,95189,10761,0.9430396369328389,0.9137266645440778,0.8431554590171552,0.562494191989592,0.8186216566984859,0.8323333341426438,0.5039494470774092,0.8021133397193491,0.05520541554194948,0.2656093239784241,0.08698569083721659,0.005247262310843482,0.006223614871762373,0.2290428727865219,37,ls,0,3.5
student_ls_s0,test_w42-45,ge5,far,0.7371149822852291,95189,82348,0.9430396369328389,0.9137266645440778,0.8918615450676588,0.5068246951959975,0.8653363780807313,0.8612450123087755,0.5285252829455481,0.8316710039441859,0.05520541554194948,0.2656093239784241,0.08698569083721659,0.005247262310843482,0.006223614871762373,0.2290428727865219,37,ls,0,3.5
student_ls_s0,test_w46-49,all,all,0.7371149822852291,100000,100000,0.89656,0.86609683347556,0.85788318975,0.67253,0.8103371172999999,0.8258929605,0.70815,0.7760690081999999,0.04152192370794715,0.47514215111732483,0.14880069966785495,0.012235764008964938,0.027844887546002842,0.4752620458602905,37,ls,0,7.5
student_ls_s0,test_w46-49,all,near,0.7371149822852291,100000,10044,0.89656,0.86609683347556,0.8104028524492233,0.6461569095977698,0.7655431501393868,0.7930215312624452,0.6499402628434886,0.7415955515730783,0.04152192370794715,0.47514215111732483,0.14880069966785495,0.012235764008964938,0.027844887546002842,0.4752620458602905,37,ls,0,7.5
student_ls_s0,test_w46-49,all,far,0.7371149822852291,100000,89956,0.89656,0.86609683347556,0.8631845871870691,0.6754746765085152,0.8153385691893816,0.8295632063453244,0.714649384143359,0.7799181277513451,0.04152192370794715,0.47514215111732483,0.14880069966785495,0.012235764008964938,0.027844887546002842,0.4752620458602905,37,ls,0,7.5
student_ls_s0,test_w46-49,ge5,all,0.7371149822852291,94953,93107,0.9063852642886481,0.8733616550909756,0.8612442016177608,0.668424500843116,0.8196263689552103,0.8310045857444548,0.690699947372378,0.7869286236580162,0.04642471823485374,0.4185445010662079,0.13480488074095096,0.0098050264260409,0.021555869520267983,0.40332815051078796,37,ls,0,7.5
student_ls_s0,test_w46-49,ge5,near,0.7371149822852291,94953,9749,0.9063852642886481,0.8733616550909756,0.8118795365130771,0.6458098266488871,0.7728402726665154,0.7952412921657759,0.6443737819263514,0.7502671028470675,0.04642471823485374,0.4185445010662079,0.13480488074095096,0.0098050264260409,0.021555869520267983,0.40332815051078796,37,ls,0,7.5
student_ls_s0,test_w46-49,ge5,far,0.7371149822852291,94953,83358,0.9063852642886481,0.8733616550909756,0.867017566143128,0.6710693634684134,0.8250981611373462,0.8351872238727513,0.6961179490870703,0.7912163124987507,0.04642471823485374,0.4185445010662079,0.13480488074095096,0.0098050264260409,0.021555869520267983,0.40332815051078796,37,ls,0,7.5
student_ls_s0,test_w51-51,all,all,0.7371149822852291,100000,43579,0.85676,0.8147859732835163,0.8457247984120791,0.7636246816127034,0.782611305215815,0.818202869271897,0.7612382110649625,0.7532811429817114,0.038218421589806706,0.6786242127418518,0.194986750076757,0.01951752995110129,0.049028309343606254,0.7230710387229919,37,ls,0,11.0
student_ls_s0,test_w51-51,all,near,0.7371149822852291,100000,6654,0.85676,0.8147859732835163,0.7996967891493838,0.718966035467388,0.7406011541929667,0.784494591974752,0.6979260595130748,0.7172741614066727,0.038218421589806706,0.6786242127418518,0.194986750076757,0.01951752995110129,0.049028309343606254,0.7230710387229919,37,ls,0,11.0
student_ls_s0,test_w51-51,all,far,0.7371149822852291,100000,36925,0.85676,0.8147859732835163,0.8540191890318212,0.7716723087339201,0.7901816652674342,0.8242772058226134,0.7726472579553149,0.7597697132024374,0.038218421589806706,0.6786242127418518,0.194986750076757,0.01951752995110129,0.049028309343606254,0.7230710387229919,37,ls,0,11.0
student_ls_s0,test_w51-51,ge5,all,0.7371149822852291,93905,40935,0.8652467919706086,0.82079078398803,0.8465263367147644,0.7565164284841822,0.7890369320711771,0.8216473326130034,0.7533895199706853,0.7615377383436933,0.0399983661271793,0.631903886795044,0.18322623164247398,0.017099920495028134,0.04297831212829705,0.6630418300628662,37,ls,0,11.0
student_ls_s0,test_w51-51,ge5,near,0.7371149822852291,93905,6460,0.8652467919706086,0.82079078398803,0.800612137983467,0.7181114551083592,0.7467589387403745,0.7857211672161263,0.6993808049535604,0.7242376500985862,0.0399983661271793,0.631903886795044,0.18322623164247398,0.017099920495028134,0.04297831212829705,0.6630418300628662,37,ls,0,11.0
student_ls_s0,test_w51-51,ge5,far,0.7371149822852291,93905,34475,0.8652467919706086,0.82079078398803,0.8551298384929857,0.7637128353879623,0.796959073823664,0.8283792551210183,0.7635097897026831,0.7685271094840384,0.0399983661271793,0.631903886795044,0.18322623164247398,0.017099920495028134,0.04297831212829705,0.6630418300628662,37,ls,0,11.0
student_kdA_s0,val,all,all,1.1297201418885354,200000,54382,0.95157,0.9324082774579688,0.8862706209315583,0.6533227906292524,0.869360877312346,0.8438426497738223,0.6442205141407084,0.8202661523114266,0.0032312383224070516,0.17210181057453156,0.070358196548417,0.003130445581082512,0.005000266163088402,0.17007224261760712,37,kdA,0,1.0
student_kdA_s0,val,all,near,1.1297201418885354,200000,12295,0.95157,0.9324082774579688,0.8795529963399755,0.6370882472549817,0.8617784265961773,0.7328293897925986,0.7760065067100448,0.7156030772671818,0.0032312383224070516,0.17210181057453156,0.070358196548417,0.003130445581082512,0.005000266163088402,0.17007224261760712,37,kdA,0,1.0
student_kdA_s0,val,all,far,1.1297201418885354,200000,42087,0.95157,0.9324082774579688,0.8882330605056192,0.6580654358828142,0.8715759611043791,0.8762732823080761,0.6057214816926842,0.8508416865065221,0.0032312383224070516,0.17210181057453156,0.070358196548417,0.003130445581082512,0.005000266163088402,0.17007224261760712,37,kdA,0,1.0
student_kdA_s0,val,ge5,all,1.1297201418885354,190477,52884,0.9563884353491497,0.9378410608132915,0.8940009630824169,0.6261440133121549,0.8786645578386654,0.8590618095613961,0.592844716738522,0.8365547643750628,0.0033084472496161844,0.15305759012699127,0.0636382701754084,0.0026063416957765855,0.003942467970373837,0.15096643567085266,37,kdA,0,1.0
student_kdA_s0,val,ge5,near,1.1297201418885354,190477,11763,0.9563884353491497,0.9378410608132915,0.8849991128930204,0.6081781858369464,0.8689692381482716,0.7479943294403202,0.7561846467737822,0.7315241662071954,0.0033084472496161844,0.15305759012699127,0.0636382701754084,0.0026063416957765855,0.003942467970373837,0.15096643567085266,37,kdA,0,1.0
student_kdA_s0,val,ge5,far,1.1297201418885354,190477,41121,0.9563884353491497,0.9378410608132915,0.8965760163101564,0.6312832859123075,0.8814379837163944,0.8908335750501782,0.5461199873543932,0.8665996301674468,0.0033084472496161844,0.15305759012699127,0.0636382701754084,0.0026063416957765855,0.003942467970373837,0.15096643567085266,37,kdA,0,1.0
student_kdA_s0,test_w42-45,all,all,1.1297201418885354,100000,100000,0.93927,0.9155907314178879,0.8876873995,0.59254,0.8618570924000001,0.8640991727999999,0.61246,0.8337283673,0.01181085528343912,0.26036906242370605,0.08905808545711445,0.004667190871207791,0.003505017989054332,0.24990636110305786,37,kdA,0,3.5
student_kdA_s0,test_w42-45,all,near,1.1297201418885354,100000,11103,0.93927,0.9155907314178879,0.8696182531748176,0.6596415383229758,0.8466209501936414,0.8800179127262902,0.5689453300909664,0.8479093605331893,0.01181085528343912,0.26036906242370605,0.08905808545711445,0.004667190871207791,0.003505017989054332,0.24990636110305786,37,kdA,0,3.5
student_kdA_s0,test_w42-45,all,far,1.1297201418885354,100000,88897,0.93927,0.9155907314178879,0.8899441880490905,0.5841591954734131,0.8637600462332812,0.8621109643182561,0.6178948670933777,0.8319571987806111,0.01181085528343912,0.26036906242370605,0.08905808545711445,0.004667190871207791,0.003505017989054332,0.24990636110305786,37,kdA,0,3.5
student_kdA_s0,test_w42-45,ge5,all,1.1297201418885354,95189,93109,0.9453613337675572,0.9212820918652939,0.893593052738024,0.5669591553985114,0.870162270204383,0.8749705243402779,0.5578622904337927,0.8464245569984855,0.010705935786638768,0.23546914756298065,0.08081032714584124,0.003941095437363258,0.0030826281874235333,0.22555038332939148,37,kdA,0,3.5
student_kdA_s0,test_w42-45,ge5,near,1.1297201418885354,95189,10761,0.9453613337675572,0.9212820918652939,0.8766187757076198,0.6449214756992845,0.8558767049989959,0.8926071248942657,0.5186320973887185,0.8624590668432704,0.010705935786638768,0.23546914756298065,0.08081032714584124,0.003941095437363258,0.0030826281874235333,0.22555038332939148,37,kdA,0,3.5
student_kdA_s0,test_w42-45,ge5,far,1.1297201418885354,95189,82348,0.9453613337675572,0.9212820918652939,0.895811202482088,0.5567712634186622,0.8720290668135922,0.8726658240614434,0.5629887793267596,0.8443292133296686,0.010705935786638768,0.23546914756298065,0.08081032714584124,0.003941095437363258,0.0030826281874235333,0.22555038332939148,37,kdA,0,3.5
student_kdA_s0,test_w46-49,all,all,1.1297201418885354,100000,100000,0.89715,0.878173191940856,0.8639936412999999,0.69279,0.8171343976000001,0.83988203205,0.71194,0.7851154949999999,0.03861500940233473,0.5260674357414246,0.15394509390667746,0.011944385239361003,0.028284248419702063,0.49051475524902344,37,kdA,0,7.5
student_kdA_s0,test_w46-49,all,near,1.1297201418885354,100000,10044,0.89715,0.878173191940856,0.8374453275587415,0.7505973715651135,0.796219623655914,0.8527135458980486,0.6763241736360016,0.7958284458383114,0.03861500940233473,0.5260674357414246,0.15394509390667746,0.011944385239361003,0.028284248419702063,0.49051475524902344,37,kdA,0,7.5
student_kdA_s0,test_w46-49,all,far,1.1297201418885354,100000,89956,0.89715,0.878173191940856,0.8669578822980123,0.6863355418204455,0.8194696280403753,0.8384493346747298,0.715916670372182,0.7839193449019521,0.03861500940233473,0.5260674357414246,0.15394509390667746,0.011944385239361003,0.028284248419702063,0.49051475524902344,37,kdA,0,7.5
student_kdA_s0,test_w46-49,ge5,all,1.1297201418885354,94953,93107,0.9065748317588702,0.8853033752286216,0.8697550059980953,0.6869300911854104,0.8269882409796975,0.8508600401134946,0.6582641477010321,0.8000589316407968,0.03503663291880606,0.4584045708179474,0.14067892517104044,0.010316518853437035,0.025491927315971916,0.42815473675727844,37,kdA,0,7.5
student_kdA_s0,test_w46-49,ge5,near,1.1297201418885354,94953,9749,0.9065748317588702,0.8853033752286216,0.8447979927492393,0.7417170991896604,0.8072157032644458,0.8659013891996863,0.6268335213868089,0.8130201783554405,0.03503663291880606,0.4584045708179474,0.14067892517104044,0.010316518853437035,0.025491927315971916,0.42815473675727844,37,kdA,0,7.5
student_kdA_s0,test_w46-49,ge5,far,1.1297201418885354,94953,83358,0.9065748317588702,0.8853033752286216,0.8726738130971512,0.6805225653206651,0.8293007061322442,0.8491009034710453,0.6619400657405408,0.7985430700051883,0.03503663291880606,0.4584045708179474,0.14067892517104044,0.010316518853437035,0.025491927315971916,0.42815473675727844,37,kdA,0,7.5
student_kdA_s0,test_w51-51,all,all,1.1297201418885354,100000,43579,0.86315,0.8324946709299743,0.8546383889029119,0.736822781614998,0.7932435388604603,0.8306685818857706,0.8026572431675807,0.7648631356846187,0.058358768888935465,0.7587883472442627,0.20170967984538835,0.018008562583245662,0.04723048298850657,0.7018848657608032,37,kdA,0,11.0
student_kdA_s0,test_w51-51,all,near,1.1297201418885354,100000,6654,0.86315,0.8324946709299743,0.8252000052599939,0.7792305380222423,0.7715118800721371,0.8392815471896603,0.7494740006011422,0.7708538578298768,0.058358768888935465,0.7587883472442627,0.20170967984538835,0.018008562583245662,0.04723048298850657,0.7018848657608032,37,kdA,0,11.0
student_kdA_s0,test_w51-51,all,far,1.1297201418885354,100000,36925,0.86315,0.8324946709299743,0.8599432773188895,0.7291807718348002,0.7971596514556534,0.8291164987136087,0.8122410291130671,0.7637835888964116,0.058358768888935465,0.7587883472442627,0.20170967984538835,0.018008562583245662,0.04723048298850657,0.7018848657608032,37,kdA,0,11.0
student_kdA_s0,test_w51-51,ge5,all,1.1297201418885354,93905,40935,0.8715616846813269,0.8392920744855336,0.8597942764676703,0.7346524978624649,0.802089759767048,0.8438782706667617,0.7654085745694393,0.7812047945068591,0.055252856668982435,0.7029151916503906,0.19052122372290264,0.016184310197143476,0.044984187629681,0.6500145792961121,37,kdA,0,11.0
student_kdA_s0,test_w51-51,ge5,near,1.1297201418885354,93905,6460,0.8715616846813269,0.8392920744855336,0.8323853375628456,0.7770897832817337,0.7817952090108853,0.8538531778130951,0.7188854489164087,0.7885921250034823,0.055252856668982435,0.7029151916503906,0.19052122372290264,0.016184310197143476,0.044984187629681,0.6500145792961121,37,kdA,0,11.0
student_kdA_s0,test_w51-51,ge5,far,1.1297201418885354,93905,34475,0.8715616846813269,0.8392920744855336,0.864930222669996,0.7267005076142132,0.8058925965439824,0.8420091510100449,0.7741261783901378,0.7798205405544824,0.055252856668982435,0.7029151916503906,0.19052122372290264,0.016184310197143476,0.044984187629681,0.6500145792961121,37,kdA,0,11.0
student_kdB_s0,val,all,all,1.1340198693808594,200000,54382,0.95098,0.9314555470833147,0.8887424870361517,0.6735132948402045,0.8719927411643559,0.854164313283807,0.6323967489242764,0.8297023318377403,0.004256719079092125,0.1723719984292984,0.07062380258310214,0.003144542113512018,0.00467424740672116,0.1701730638742447,37,kdB,0,1.0
student_kdB_s0,val,all,near,1.1340198693808594,200000,12295,0.95098,0.9314555470833147,0.8657690101667345,0.7013420089467263,0.8499068975193167,0.7236667177714518,0.7963399755998374,0.7071057690117935,0.004256719079092125,0.1723719984292984,0.07062380258310214,0.003144542113512018,0.00467424740672116,0.1701730638742447,37,kdB,0,1.0
student_kdB_s0,val,all,far,1.1340198693808594,200000,42087,0.95098,0.9314555470833147,0.895453796896904,0.6653836101408986,0.8784447441015042,0.8922869624824767,0.5845035284054458,0.8655168289495568,0.004256719079092125,0.1723719984292984,0.07062380258310214,0.003144542113512018,0.00467424740672116,0.1701730638742447,37,kdB,0,1.0
student_kdB_s0,val,ge5,all,1.1340198693808594,190477,52884,0.9557951878704516,0.9367090789133724,0.8963241569330319,0.6500832009681567,0.8811213649318391,0.8681955301670112,0.5746728689206565,0.8448755494536367,0.004092088229232772,0.15415558218955994,0.06400165124481447,0.0026227184696660808,0.003821965591855044,0.1518426388502121,37,kdB,0,1.0
student_kdB_s0,val,ge5,near,1.1340198693808594,190477,11763,0.9557951878704516,0.9367090789133724,0.8712786162127824,0.681798860834821,0.8570433579482841,0.7376999185243898,0.7689364957918898,0.7218884652563486,0.004092088229232772,0.15415558218955994,0.06400165124481447,0.0026227184696660808,0.003821965591855044,0.1518426388502121,37,kdB,0,1.0
student_kdB_s0,val,ge5,far,1.1340198693808594,190477,41121,0.9557951878704516,0.9367090789133724,0.903488639691046,0.6410106758104132,0.8880090767128648,0.9055248723462423,0.5191021619124049,0.880057015648834,0.004092088229232772,0.15415558218955994,0.06400165124481447,0.0026227184696660808,0.003821965591855044,0.1518426388502121,37,kdB,0,1.0
student_kdB_s0,test_w42-45,all,all,1.1340198693808594,100000,100000,0.93927,0.9147774339537296,0.8861450509,0.58381,0.8600897451,0.8673594028000001,0.58474,0.8360944700000001,0.01169055440723896,0.26692166924476624,0.08901819953988299,0.0046915001201486475,0.0041267929842323,0.25535866618156433,37,kdB,0,3.5
student_kdB_s0,test_w42-45,all,near,1.1340198693808594,100000,11103,0.93927,0.9147774339537296,0.8681169179501036,0.669818967846528,0.8456305439971179,0.8800003778258128,0.5611096100153111,0.847761617580834,0.01169055440723896,0.26692166924476624,0.08901819953988299,0.0046915001201486475,0.0041267929842323,0.25535866618156433,37,kdB,0,3.5
student_kdB_s0,test_w42-45,all,far,1.1340198693808594,100000,88897,0.93927,0.9147774339537296,0.8883967169870749,0.5730677075716841,0.8618956610459293,0.8657805784784639,0.587691373162199,0.834637274148734,0.01169055440723896,0.26692166924476624,0.08901819953988299,0.0046915001201486475,0.0041267929842323,0.25535866618156433,37,kdB,0,3.5
student_kdB_s0,test_w42-45,ge5,all,1.1340198693808594,95189,93109,0.9452772904432235,0.9201530912810217,0.8910745197496515,0.5657670042638199,0.8676012465792041,0.877373787785193,0.5130975523311387,0.8479924735411546,0.010506068614386372,0.24254685640335083,0.08076941049977389,0.003955216608081068,0.0028746402829137197,0.23154570162296295,37,kdB,0,3.5
student_kdB_s0,test_w42-45,ge5,near,1.1340198693808594,95189,10761,0.9452772904432235,0.9201530912810217,0.8748225727228849,0.6540284360189573,0.8547174805718565,0.8914876884715699,0.5043211597435182,0.8612588409341742,0.010506068614386372,0.24254685640335083,0.08076941049977389,0.003955216608081068,0.0028746402829137197,0.23154570162296295,37,kdB,0,3.5
student_kdB_s0,test_w42-45,ge5,far,1.1340198693808594,95189,82348,0.9452772904432235,0.9201530912810217,0.8931982774845697,0.5542332539952397,0.8692848600975055,0.8755294238020229,0.5142444260941371,0.8462588627732395,0.010506068614386372,0.24254685640335083,0.08076941049977389,0.003955216608081068,0.0028746402829137197,0.23154570162296295,37,kdB,0,3.5
student_kdB_s0,test_w46-49,all,all,1.1340198693808594,100000,100000,0.8961,0.8772810350621526,0.86493141275,0.67527,0.8174774565999999,0.8451356037000001,0.6772,0.7884300748999999,0.039663449119627506,0.5437599420547485,0.15354887208846535,0.011526383235057162,0.029125311124250274,0.5047151446342468,37,kdB,0,7.5
student_kdB_s0,test_w46-49,all,near,1.1340198693808594,100000,10044,0.8961,0.8772810350621526,0.8382002070888093,0.7674233373158105,0.7978295181202709,0.8499532566706491,0.6761250497809638,0.7931028156113102,0.039663449119627506,0.5437599420547485,0.15354887208846535,0.011526383235057162,0.029125311124250274,0.5047151446342468,37,kdB,0,7.5
student_kdB_s0,test_w46-49,all,far,1.1340198693808594,100000,89956,0.8961,0.8772810350621526,0.8679160744697407,0.6649806572101916,0.8196712390502024,0.8445976906487616,0.6773200231224153,0.7879083419671838,0.039663449119627506,0.5437599420547485,0.15354887208846535,0.011526383235057162,0.029125311124250274,0.5047151446342468,37,kdB,0,7.5
student_kdB_s0,test_w46-49,ge5,all,1.1340198693808594,94953,93107,0.9056059313555127,0.8844443633790865,0.8699273580364708,0.6646976059802163,0.8269933357738553,0.8550886641223505,0.6162157517694695,0.802645447965868,0.03553054570615343,0.46970871090888977,0.14002842346353783,0.009861952950361309,0.025925310744295993,0.4369601309299469,37,kdB,0,7.5
student_kdB_s0,test_w46-49,ge5,near,1.1340198693808594,94953,9749,0.9056059313555127,0.8844443633790865,0.8451791818179964,0.7500256436557595,0.8087981479750113,0.8621398270863845,0.615447738229562,0.8095401781972461,0.03553054570615343,0.46970871090888977,0.14002842346353783,0.009861952950361309,0.025925310744295993,0.4369601309299469,37,kdB,0,7.5
student_kdB_s0,test_w46-49,ge5,far,1.1340198693808594,94953,83358,0.9056059313555127,0.8844443633790865,0.8728217409385788,0.6547182034117901,0.8291213245193978,0.8542640067680909,0.6163055735502291,0.8018390859487166,0.03553054570615343,0.46970871090888977,0.14002842346353783,0.009861952950361309,0.025925310744295993,0.4369601309299469,37,kdB,0,7.5
student_kdB_s0,test_w51-51,all,all,1.1340198693808594,100000,43579,0.86151,0.8225779916646581,0.8553948936414328,0.7463916106381514,0.7938991934188485,0.8351030495192638,0.7990316436815897,0.7684448587622479,0.05995614886358383,0.791323184967041,0.20275116214792988,0.017756922560059358,0.04794428596481682,0.7289697527885437,37,kdB,0,11.0
student_kdB_s0,test_w51-51,all,near,1.1340198693808594,100000,6654,0.86151,0.8225779916646581,0.8240979215509467,0.8101893597835889,0.7720228839795612,0.836356278929967,0.7885482416591524,0.7701352765253983,0.05995614886358383,0.791323184967041,0.20275116214792988,0.017756922560059358,0.04794428596481682,0.7289697527885437,37,kdB,0,11.0
student_kdB_s0,test_w51-51,all,far,1.1340198693808594,100000,36925,0.86151,0.8225779916646581,0.8610347054840894,0.734895057549086,0.7978413725118484,0.8348772136763709,0.8009207853757617,0.7681402402166554,0.05995614886358383,0.791323184967041,0.20275116214792988,0.017756922560059358,0.04794428596481682,0.7289697527885437,37,kdB,0,11.0
student_kdB_s0,test_w51-51,ge5,all,1.1340198693808594,93905,40935,0.8699536765880411,0.8285689309360403,0.8598465177368213,0.7373152558934897,0.8025953223076213,0.8460406161296243,0.7820202760473922,0.7829119672420496,0.05621543836208977,0.7310705184936523,0.190996552824629,0.01583179362185035,0.04514142180439963,0.673508882522583,37,kdB,0,11.0
student_kdB_s0,test_w51-51,ge5,near,1.1340198693808594,93905,6460,0.8699536765880411,0.8285689309360403,0.8308114699280265,0.808359133126935,0.7822945213552396,0.8492402546674946,0.7752321981424148,0.7866335155597441,0.05621543836208977,0.7310705184936523,0.190996552824629,0.01583179362185035,0.04514142180439963,0.673508882522583,37,kdB,0,11.0
student_kdB_s0,test_w51-51,ge5,far,1.1340198693808594,93905,34475,0.8699536765880411,0.8285689309360403,0.8652871677395717,0.7240029006526468,0.8063993302598298,0.8454410609460234,0.7832922407541697,0.7822146154760654,0.05621543836208977,0.7310705184936523,0.190996552824629,0.01583179362185035,0.04514142180439963,0.673508882522583,37,kdB,0,11.0
student_enddA_s0,val,all,all,0.9491573577790553,200000,54382,0.947715,0.9253859952387067,0.8809834205711449,0.5761832959435107,0.8592536719870545,0.7633257420194183,0.6538008900003678,0.7375520471847303,0.006472753385826981,0.20362086594104767,0.07616920290874875,0.0038938404478562052,0.005196710533425213,0.2027604877948761,37,enddA,0,1.0
student_enddA_s0,val,all,near,0.9491573577790553,200000,12295,0.947715,0.9253859952387067,0.8604124518096787,0.6130134200894672,0.8398889507930052,0.7280520721838146,0.7531516876779178,0.7052403163887759,0.006472753385826981,0.20362086594104767,0.07616920290874875,0.0038938404478562052,0.005196710533425213,0.2027604877948761,37,enddA,0,1.0
student_enddA_s0,val,all,far,0.9491573577790553,200000,42087,0.947715,0.9253859952387067,0.8869928786204766,0.5654240026611542,0.8649107453608001,0.7736303436928268,0.6247772471309431,0.7469913688312305,0.006472753385826981,0.20362086594104767,0.07616920290874875,0.0038938404478562052,0.005196710533425213,0.2027604877948761,37,enddA,0,1.0
student_enddA_s0,val,ge5,all,0.9491573577790553,190477,52884,0.9527502008116465,0.9308449111022263,0.8853011169872145,0.5613607140155813,0.8659774045177463,0.7666746960729206,0.6416307389758718,0.7427169247725615,0.006975567875417253,0.17986327409744263,0.06860985101143606,0.003260238222442396,0.004521226858698726,0.17848603427410126,37,enddA,0,1.0
student_enddA_s0,val,ge5,near,0.9491573577790553,190477,11763,0.9527502008116465,0.9308449111022263,0.8625915000470785,0.6008671257332313,0.8444178324177853,0.7286476158209559,0.7430077361217376,0.7074061949391268,0.006975567875417253,0.17986327409744263,0.06860985101143606,0.003260238222442396,0.004521226858698726,0.17848603427410126,37,enddA,0,1.0
student_enddA_s0,val,ge5,far,0.9491573577790553,190477,41121,0.9527502008116465,0.9308449111022263,0.8917973895503043,0.5500595802631258,0.8721446973027428,0.7775526549018368,0.6126310157826901,0.7528178492401254,0.006975567875417253,0.17986327409744263,0.06860985101143606,0.003260238222442396,0.004521226858698726,0.17848603427410126,37,enddA,0,1.0
student_enddA_s0,test_w42-45,all,all,0.9491573577790553,100000,100000,0.93651,0.9083451352374382,0.8794501352499999,0.52707,0.8496376555,0.75523555175,0.6439,0.7256792113,0.007273483342528339,0.2688988745212555,0.09194358283737747,0.005494709696006789,0.007365115599185193,0.2702210247516632,37,enddA,0,3.5
student_enddA_s0,test_w42-45,all,near,0.9491573577790553,100000,11103,0.93651,0.9083451352374382,0.8673952958659822,0.5875889399261461,0.8399890173826893,0.7300972656038908,0.6656759434387103,0.7022840484553725,0.007273483342528339,0.2688988745212555,0.09194358283737747,0.005494709696006789,0.007365115599185193,0.2702210247516632,37,enddA,0,3.5
student_enddA_s0,test_w42-45,all,far,0.9491573577790553,100000,88897,0.93651,0.9083451352374382,0.8809557527813088,0.5195113445898062,0.8508427448620315,0.758375257151535,0.6411802423028898,0.7286012052150241,0.007273483342528339,0.2688988745212555,0.09194358283737747,0.005494709696006789,0.007365115599185193,0.2702210247516632,37,enddA,0,3.5
student_enddA_s0,test_w42-45,ge5,all,0.9491573577790553,95189,93109,0.9423777957537111,0.9138279187444877,0.8818328765086894,0.5150844708889581,0.8554374781542396,0.7612338704980512,0.632602648508737,0.733804425543943,0.007016027323065445,0.23837414383888245,0.08255667883235111,0.004474114150324781,0.0067172489770646665,0.23878969252109528,37,enddA,0,3.5
student_enddA_s0,test_w42-45,ge5,near,0.9491573577790553,95189,10761,0.9423777957537111,0.9138279187444877,0.8704196950801627,0.5765263451352105,0.8464246660385656,0.733175893070564,0.664064678003903,0.7076342639966838,0.007016027323065445,0.23837414383888245,0.08255667883235111,0.004474114150324781,0.0067172489770646665,0.23878969252109528,37,enddA,0,3.5
student_enddA_s0,test_w42-45,ge5,far,0.9491573577790553,95189,82348,0.9423777957537111,0.9138279187444877,0.8833243182601875,0.5070554233253995,0.8566152465417752,0.7649004063592402,0.6284912809054257,0.7372242670508413,0.007016027323065445,0.23837414383888245,0.08255667883235111,0.004474114150324781,0.0067172489770646665,0.23878969252109528,37,enddA,0,3.5
student_enddA_s0,test_w46-49,all,all,0.9491573577790553,100000,100000,0.88984,0.8514619457787207,0.8573763749500001,0.64312,0.8046580328,0.7336667309000001,0.76843,0.6859101719999998,0.02682208930879835,0.504833996295929,0.1586469990805521,0.014018943875187042,0.034062066798657184,0.514910876750946,37,enddA,0,7.5
student_enddA_s0,test_w46-49,all,near,0.9491573577790553,100000,10044,0.88984,0.8514619457787207,0.8377270942851454,0.6823974512146556,0.788728234767025,0.7058284607726006,0.7789725209080047,0.6611387435284746,0.02682208930879835,0.504833996295929,0.1586469990805521,0.014018943875187042,0.034062066798657184,0.514910876750946,37,enddA,0,7.5
student_enddA_s0,test_w46-49,all,far,0.9491573577790553,100000,89956,0.88984,0.8514619457787207,0.8595703072613278,0.6387344924185158,0.8064366678153765,0.736775001445151,0.7672528791853795,0.6886760156076303,0.02682208930879835,0.504833996295929,0.1586469990805521,0.014018943875187042,0.034062066798657184,0.514910876750946,37,enddA,0,7.5
student_enddA_s0,test_w46-49,ge5,all,0.9491573577790553,94953,93107,0.8994028624688003,0.8599665708269002,0.8600771159612831,0.6268057181522334,0.8131837015431912,0.7391759923165345,0.7424576025433104,0.696750236229567,0.02104497239604583,0.433241069316864,0.14338851494479923,0.010872088779078437,0.028049610577691737,0.4401717185974121,37,enddA,0,7.5
student_enddA_s0,test_w46-49,ge5,near,0.9491573577790553,94953,9749,0.8994028624688003,0.8599665708269002,0.8406704954819024,0.6758641911990974,0.7976274557640064,0.7083203151668678,0.7641809416350395,0.6694078439163056,0.02104497239604583,0.433241069316864,0.14338851494479923,0.010872088779078437,0.028049610577691737,0.4401717185974121,37,enddA,0,7.5
student_enddA_s0,test_w46-49,ge5,far,0.9491573577790553,94953,83358,0.8994028624688003,0.8599665708269002,0.8623467858556362,0.6210681638235083,0.8150030570951632,0.7427846681068858,0.7399169845725665,0.6999480214770775,0.02104497239604583,0.433241069316864,0.14338851494479923,0.010872088779078437,0.028049610577691737,0.4401717185974121,37,enddA,0,7.5
student_enddA_s0,test_w51-51,all,all,0.9491573577790553,100000,43579,0.85237,0.8004713455808982,0.8422470418091282,0.7789531655155005,0.7795520952752473,0.7105068335666261,0.8221620505289244,0.6471731948874456,0.039440333134084966,0.7458696961402893,0.20309340529631728,0.02057633900023746,0.0471786195245385,0.7641334533691406,37,enddA,0,11.0
student_enddA_s0,test_w51-51,all,near,0.9491573577790553,100000,6654,0.85237,0.8004713455808982,0.8244897400060115,0.7640516982266305,0.7647086429215509,0.6872776254884281,0.8237150586113616,0.6268773489630297,0.039440333134084966,0.7458696961402893,0.20309340529631728,0.02057633900023746,0.0471786195245385,0.7641334533691406,37,enddA,0,11.0
student_enddA_s0,test_w51-51,all,far,0.9491573577790553,100000,36925,0.85237,0.8004713455808982,0.8454469628977657,0.7816384563303994,0.7822269316181449,0.7146928092078538,0.8218821936357481,0.6508305695328368,0.039440333134084966,0.7458696961402893,0.20309340529631728,0.02057633900023746,0.0471786195245385,0.7641334533691406,37,enddA,0,11.0
student_enddA_s0,test_w51-51,ge5,all,0.9491573577790553,93905,40935,0.8602630317874448,0.8071042042991551,0.8433461789979811,0.7699035055575913,0.7860934438970353,0.7151866200977423,0.8082325638206913,0.65614761551159,0.0341225637981168,0.6879538297653198,0.19029165106430898,0.017377164634424597,0.041646728276774805,0.7035784125328064,37,enddA,0,11.0
student_enddA_s0,test_w51-51,ge5,near,0.9491573577790553,93905,6460,0.8602630317874448,0.8071042042991551,0.826924631358713,0.7639318885448917,0.772382887125072,0.6908061486948389,0.8089783281733746,0.6352189445132861,0.0341225637981168,0.6879538297653198,0.19029165106430898,0.017377164634424597,0.041646728276774805,0.7035784125328064,37,enddA,0,11.0
student_enddA_s0,test_w51-51,ge5,far,0.9491573577790553,93905,34475,0.8602630317874448,0.8071042042991551,0.8464232840813655,0.7710224800580131,0.78866255765329,0.7197550855150809,0.808092820884699,0.6600692751098218,0.0341225637981168,0.6879538297653198,0.19029165106430898,0.017377164634424597,0.041646728276774805,0.7035784125328064,37,enddA,0,11.0
student_kdA4_s0,val,all,all,1.6599358748990742,200000,54382,0.938325,0.9111033728304014,0.8815868810911699,0.7091684748630062,0.8593515267919531,0.8518078833989188,0.5992607848185061,0.8228662729395756,0.02996906122811135,0.2573493421077728,0.09392673075042479,0.0047265829097566485,0.004284326923415017,0.2105131447315216,37,kdA4,0,1.0
student_kdA4_s0,val,all,near,1.6599358748990742,200000,12295,0.938325,0.9111033728304014,0.8712386256608378,0.6927206181374542,0.8483038080520537,0.7970179446929646,0.7290768605124034,0.7737061683611225,0.02996906122811135,0.2573493421077728,0.09392673075042479,0.0047265829097566485,0.004284326923415017,0.2105131447315216,37,kdA4,0,1.0
student_kdA4_s0,val,all,far,1.6599358748990742,200000,42087,0.938325,0.9111033728304014,0.8846099476085252,0.7139734359778553,0.8625789295982131,0.8678138305177371,0.5613372300235226,0.837227559935372,0.02996906122811135,0.2573493421077728,0.09392673075042479,0.0047265829097566485,0.004284326923415017,0.2105131447315216,37,kdA4,0,1.0
student_kdA4_s0,val,ge5,all,1.6599358748990742,190477,52884,0.9454789817143278,0.9183598092075224,0.8888799610776716,0.6910407684743968,0.8695107759032323,0.8620493673203682,0.5484078360184554,0.8352720815748195,0.02600354466467046,0.22378571331501007,0.08295998947896303,0.0038501238129737543,0.00288522453122996,0.18358182907104492,37,kdA4,0,1.0
student_kdA4_s0,val,ge5,near,1.6599358748990742,190477,11763,0.9454789817143278,0.9183598092075224,0.8764426260178448,0.6629261242880218,0.8565694304164421,0.8064421147977526,0.6846892799455921,0.7847827230768953,0.02600354466467046,0.22378571331501007,0.08295998947896303,0.0038501238129737543,0.00288522453122996,0.18358182907104492,37,kdA4,0,1.0
student_kdA4_s0,val,ge5,far,1.6599358748990742,190477,41121,0.9454789817143278,0.9183598092075224,0.8924377629868845,0.6990831935021036,0.8732127541372517,0.8779562789086935,0.5094234089637898,0.8497149775163357,0.02600354466467046,0.22378571331501007,0.08295998947896303,0.0038501238129737543,0.00288522453122996,0.18358182907104492,37,kdA4,0,1.0
student_kdA4_s0,test_w42-45,all,all,1.6599358748990742,100000,100000,0.92807,0.8943622227100506,0.8655083261000001,0.6565,0.8358655229999999,0.8383890965999999,0.56308,0.8024377315,0.03799545446187263,0.3611884117126465,0.11146611920768865,0.006596575182063873,0.008544182886108777,0.27795708179473877,37,kdA4,0,3.5
student_kdA4_s0,test_w42-45,all,near,1.6599358748990742,100000,11103,0.92807,0.8943622227100506,0.8338090281905791,0.7067459245249031,0.8077734432135459,0.7981699270467442,0.5813744033144195,0.7644563009997298,0.03799545446187263,0.3611884117126465,0.11146611920768865,0.006596575182063873,0.008544182886108777,0.27795708179473877,37,kdA4,0,3.5
student_kdA4_s0,test_w42-45,all,far,1.6599358748990742,100000,88897,0.92807,0.8943622227100506,0.8694674845045389,0.6502244170219468,0.8393741494088665,0.8434123644217465,0.5607950774491828,0.8071815116370632,0.03799545446187263,0.3611884117126465,0.11146611920768865,0.006596575182063873,0.008544182886108777,0.27795708179473877,37,kdA4,0,3.5
student_kdA4_s0,test_w42-45,ge5,all,1.6599358748990742,95189,93109,0.9358749435333915,0.9012572947834396,0.8692985380098617,0.6430742463134606,0.8436252395343257,0.8430937120386841,0.5073623387642441,0.8103465822653337,0.03343476117506346,0.3214879333972931,0.09911906975266047,0.005507199170177889,0.0067838121370994734,0.24730780720710754,37,kdA4,0,3.5
student_kdA4_s0,test_w42-45,ge5,near,1.6599358748990742,95189,10761,0.9358749435333915,0.9012572947834396,0.8400042736666938,0.6956602546231763,0.8173535746498061,0.8044138822143803,0.5531084471703374,0.773835158748617,0.03343476117506346,0.3214879333972931,0.09911906975266047,0.005507199170177889,0.0067838121370994734,0.24730780720710754,37,kdA4,0,3.5
student_kdA4_s0,test_w42-45,ge5,far,1.6599358748990742,95189,82348,0.9358749435333915,0.9012572947834396,0.8731266282925259,0.6362024578617574,0.8470583452056512,0.8481482810475165,0.5013843687764123,0.8151177901691492,0.03343476117506346,0.3214879333972931,0.09911906975266047,0.005507199170177889,0.0067838121370994734,0.24730780720710754,37,kdA4,0,3.5
student_kdA4_s0,test_w46-49,all,all,1.6599358748990742,100000,100000,0.88406,0.847309251184152,0.8449259538,0.73232,0.7937564515000001,0.8208888671499999,0.66538,0.7618686825,0.06974538416594267,0.678993821144104,0.18274449662035494,0.013818506747066403,0.03275500390022998,0.4880833923816681,37,kdA4,0,7.5
student_kdA4_s0,test_w46-49,all,near,1.6599358748990742,100000,10044,0.88406,0.847309251184152,0.8033755281760255,0.7796694544006372,0.7597764784946237,0.7687060025886101,0.6618876941457587,0.7146780495818399,0.06974538416594267,0.678993821144104,0.18274449662035494,0.013818506747066403,0.03275500390022998,0.4880833923816681,37,kdA4,0,7.5
student_kdA4_s0,test_w46-49,all,far,1.6599358748990742,100000,89956,0.88406,0.847309251184152,0.8495652493997066,0.7270332162390502,0.7975504713415449,0.8267153233247365,0.6657699319667393,0.7671377331139668,0.06974538416594267,0.678993821144104,0.18274449662035494,0.013818506747066403,0.03275500390022998,0.4880833923816681,37,kdA4,0,7.5
student_kdA4_s0,test_w46-49,ge5,all,1.6599358748990742,94953,93107,0.8948953692879635,0.8563609370445776,0.849718427013905,0.717830023521325,0.8033650248069021,0.8257497931402665,0.6382549110163576,0.7720657336567929,0.06311724800266354,0.5878524780273438,0.16620238797014888,0.011899441904352421,0.0289508183986147,0.4258788824081421,37,kdA4,0,7.5
student_kdA4_s0,test_w46-49,ge5,near,1.6599358748990742,94953,9749,0.8948953692879635,0.8563609370445776,0.8100577909853133,0.7635654938968099,0.7706005414643344,0.7747017120768973,0.6345266181146785,0.7261026528106265,0.06311724800266354,0.5878524780273438,0.16620238797014888,0.011899441904352421,0.0289508183986147,0.4258788824081421,37,kdA4,0,7.5
student_kdA4_s0,test_w46-49,ge5,far,1.6599358748990742,94953,83358,0.8948953692879635,0.8563609370445776,0.8543568725217476,0.7124811055927446,0.807196941936712,0.8317200388549764,0.638690947479546,0.7774412713996526,0.06311724800266354,0.5878524780273438,0.16620238797014888,0.011899441904352421,0.0289508183986147,0.4258788824081421,37,kdA4,0,7.5
student_kdA4_s0,test_w51-51,all,all,1.6599358748990742,100000,43579,0.84613,0.8029890290197921,0.8361056789967645,0.79026595378508,0.7681184022120747,0.8060783856903555,0.755432662520939,0.7333220459395581,0.0956172564394772,1.032530426979065,0.24096552691288045,0.02136422283648446,0.05183514559686181,0.7216628193855286,37,kdA4,0,11.0
student_kdA4_s0,test_w51-51,all,near,1.6599358748990742,100000,6654,0.84613,0.8029890290197921,0.78857522993688,0.8298767658551247,0.731490353171025,0.7471266283438532,0.7108506161707244,0.6798273790201382,0.0956172564394772,1.032530426979065,0.24096552691288045,0.02136422283648446,0.05183514559686181,0.7216628193855286,37,kdA4,0,11.0
student_kdA4_s0,test_w51-51,all,far,1.6599358748990742,100000,36925,0.84613,0.8029890290197921,0.8446708139471901,0.7831279620853081,0.7747188907244413,0.8167016759647934,0.7634664861205146,0.7429619515233581,0.0956172564394772,1.032530426979065,0.24096552691288045,0.02136422283648446,0.05183514559686181,0.7216628193855286,37,kdA4,0,11.0
student_kdA4_s0,test_w51-51,ge5,all,1.6599358748990742,93905,40935,0.8551940791225174,0.8096553776140153,0.8399919929785141,0.7898375473311348,0.7766474821642061,0.8111227307312152,0.738170269940149,0.7426957451437304,0.09029382439230549,0.9561285972595215,0.2272773009442797,0.01930641299501175,0.04927806265834268,0.6687663793563843,37,kdA4,0,11.0
student_kdA4_s0,test_w51-51,ge5,near,1.6599358748990742,93905,6460,0.8551940791225174,0.8096553776140153,0.7957450929839343,0.8226006191950465,0.7419686106586544,0.7540828365008243,0.7034055727554179,0.6911851233617798,0.09029382439230549,0.9561285972595215,0.2272773009442797,0.01930641299501175,0.04927806265834268,0.6687663793563843,37,kdA4,0,11.0
student_kdA4_s0,test_w51-51,ge5,far,1.6599358748990742,93905,34475,0.8551940791225174,0.8096553776140153,0.8482830727164398,0.7836983321247281,0.78314568404748,0.8218109893745315,0.7446845540246555,0.7523479167669762,0.09029382439230549,0.9561285972595215,0.2272773009442797,0.01930641299501175,0.04927806265834268,0.6687663793563843,37,kdA4,0,11.0
student_kdB4_s0,val,all,all,1.8064305579810216,200000,54382,0.93894,0.9115385111046531,0.8791715073461808,0.7142804604464713,0.8580226898606157,0.8586806643742415,0.6006766944945019,0.8310622250009194,0.03240279468901451,0.277401864528656,0.0946904236483003,0.004729146784676178,0.0037792802770436084,0.21258075535297394,37,kdB4,0,1.0
student_kdB4_s0,val,all,near,1.8064305579810216,200000,12295,0.93894,0.9115385111046531,0.8800934253761693,0.6675071167141114,0.8577370910939406,0.8226878151687677,0.7152501016673445,0.7997304078893859,0.03240279468901451,0.277401864528656,0.0946904236483003,0.004729146784676178,0.0037792802770436084,0.21258075535297394,37,kdB4,0,1.0
student_kdB4_s0,val,all,far,1.8064305579810216,200000,42087,0.93894,0.9115385111046531,0.8789021847007389,0.7279444959251076,0.85810612267446,0.8691953620476632,0.5672060256136099,0.8402152815596265,0.03240279468901451,0.277401864528656,0.0946904236483003,0.004729146784676178,0.0037792802770436084,0.21258075535297394,37,kdB4,0,1.0
student_kdB4_s0,val,ge5,all,1.8064305579810216,190477,52884,0.9460564792599632,0.9186047328200241,0.8870259580725123,0.6978670297254368,0.86873105196496,0.8690327889328049,0.5707964601769911,0.8437256865024559,0.02794716354306132,0.24191252887248993,0.08356481068665324,0.003838573395514875,0.003108133438925549,0.18569134175777435,37,kdB4,0,1.0
student_kdB4_s0,val,ge5,near,1.8064305579810216,190477,11763,0.9460564792599632,0.9186047328200241,0.8861556834685416,0.6471138315055683,0.8669736043828393,0.8329173117655413,0.6791634787044122,0.8116857483717846,0.02794716354306132,0.24191252887248993,0.08356481068665324,0.003838573395514875,0.003108133438925549,0.18569134175777435,37,kdB4,0,1.0
student_kdB4_s0,val,ge5,far,1.8064305579810216,190477,41121,0.9460564792599632,0.9186047328200241,0.8872749072752676,0.7123853991877629,0.8692337842892832,0.8793639179889692,0.5397971839206245,0.8528909741226764,0.02794716354306132,0.24191252887248993,0.08356481068665324,0.003838573395514875,0.003108133438925549,0.18569134175777435,37,kdB4,0,1.0
student_kdB4_s0,test_w42-45,all,all,1.8064305579810216,100000,100000,0.92863,0.8981497503219968,0.8667409748000001,0.65405,0.8382904741,0.8461295051,0.52156,0.8099581076000001,0.041265839883238085,0.40538260340690613,0.11336231349930924,0.006596342033021035,0.009061334407255085,0.28807365894317627,37,kdB4,0,3.5
student_kdB4_s0,test_w42-45,all,near,1.8064305579810216,100000,11103,0.92863,0.8981497503219968,0.8453222048095109,0.7158425650725029,0.8200739664955418,0.8200602769521751,0.5772313789066018,0.7868327136809871,0.041265839883238085,0.40538260340690613,0.11336231349930924,0.006596342033021035,0.009061334407255085,0.28807365894317627,37,kdB4,0,3.5
student_kdB4_s0,test_w42-45,all,far,1.8064305579810216,100000,88897,0.92863,0.8981497503219968,0.8694161224788239,0.6463322721801635,0.840565667682824,0.8493854826934542,0.5146067921302181,0.8128464080902618,0.041265839883238085,0.40538260340690613,0.11336231349930924,0.006596342033021035,0.009061334407255085,0.28807365894317627,37,kdB4,0,3.5
student_kdB4_s0,test_w42-45,ge5,all,1.8064305579810216,95189,93109,0.9366628496990198,0.9050507211066303,0.8715945110806985,0.6413665703637672,0.8474712571691435,0.8523991129262726,0.49144551010106435,0.8199612118178359,0.03591552762468818,0.3623976409435272,0.10063389102077097,0.005412522634850272,0.007462875104059183,0.25704243779182434,37,kdB4,0,3.5
student_kdB4_s0,test_w42-45,ge5,near,1.8064305579810216,95189,10761,0.9366628496990198,0.9050507211066303,0.8519213276970066,0.7082055571043583,0.8303694662488115,0.8271654941384063,0.548276182510919,0.7973110849543414,0.03591552762468818,0.3623976409435272,0.10063389102077097,0.005412522634850272,0.007462875104059183,0.25704243779182434,37,kdB4,0,3.5
student_kdB4_s0,test_w42-45,ge5,far,1.8064305579810216,95189,82348,0.9366628496990198,0.9050507211066303,0.8741653461512758,0.6326322436489047,0.8497060700619119,0.8556965697166771,0.4840190411424686,0.8229210653076359,0.03591552762468818,0.3623976409435272,0.10063389102077097,0.005412522634850272,0.007462875104059183,0.25704243779182434,37,kdB4,0,3.5
student_kdB4_s0,test_w46-49,all,all,1.8064305579810216,100000,100000,0.88371,0.8505832373172824,0.84283361345,0.73753,0.7919576705000002,0.82771448645,0.65877,0.7662552615,0.075239820381552,0.8025012612342834,0.1891873190425024,0.01468872540850878,0.03552764198817317,0.5272185802459717,37,kdB4,0,7.5
student_kdB4_s0,test_w46-49,all,near,1.8064305579810216,100000,10044,0.88371,0.8505832373172824,0.8137879171644764,0.7831541218637993,0.7700499482277977,0.7921103912783751,0.680605336519315,0.7360346425726803,0.075239820381552,0.8025012612342834,0.1891873190425024,0.01468872540850878,0.03552764198817317,0.5272185802459717,37,kdB4,0,7.5
student_kdB4_s0,test_w46-49,all,far,1.8064305579810216,100000,89956,0.88371,0.8505832373172824,0.8460766986637912,0.7324358575303481,0.7944037681755525,0.8316898469807461,0.6563319845257681,0.76962953221575,0.075239820381552,0.8025012612342834,0.1891873190425024,0.01468872540850878,0.03552764198817317,0.5272185802459717,37,kdB4,0,7.5
student_kdB4_s0,test_w46-49,ge5,all,1.8064305579810216,94953,93107,0.8945899550303834,0.8591145641267335,0.8477566855837124,0.71842074172726,0.8025598783405232,0.8337201078634364,0.607312017356375,0.7780289887659166,0.067460735261358,0.6979988813400269,0.17165051201369802,0.01236138145718314,0.031300498395189974,0.46174776554107666,37,kdB4,0,7.5
student_kdB4_s0,test_w46-49,ge5,near,1.8064305579810216,94953,9749,0.8945899550303834,0.8591145641267335,0.8197498921453004,0.7802851574520464,0.7812777589204514,0.7989829552148704,0.6486819160939583,0.7485229529210524,0.067460735261358,0.6979988813400269,0.17165051201369802,0.01236138145718314,0.031300498395189974,0.46174776554107666,37,kdB4,0,7.5
student_kdB4_s0,test_w46-49,ge5,far,1.8064305579810216,94953,83358,0.8945899550303834,0.8591145641267335,0.8510321747896804,0.7111854890952278,0.8050488941785505,0.837782735339754,0.6024736677943329,0.781479819441456,0.067460735261358,0.6979988813400269,0.17165051201369802,0.01236138145718314,0.031300498395189974,0.46174776554107666,37,kdB4,0,7.5
student_kdB4_s0,test_w51-51,all,all,1.8064305579810216,100000,43579,0.84953,0.8047629999508842,0.8393911558319374,0.7865715138025196,0.7716923274971891,0.8156428374905345,0.7256247275063678,0.7409847754652471,0.10022199758350853,1.1653820276260376,0.24419071803329054,0.021441247538390436,0.05293131450645622,0.7481407523155212,37,kdB4,0,11.0
student_kdB4_s0,test_w51-51,all,near,1.8064305579810216,100000,6654,0.84953,0.8047629999508842,0.8045082702134054,0.8177036369101293,0.7468570874661857,0.771077518034265,0.7255785993387436,0.70273855124737,0.10022199758350853,1.1653820276260376,0.24419071803329054,0.021441247538390436,0.05293131450645622,0.7481407523155212,37,kdB4,0,11.0
student_kdB4_s0,test_w51-51,all,far,1.8064305579810216,100000,36925,0.84953,0.8047629999508842,0.8456771604603925,0.7809614082599865,0.776167715098172,0.8236736468517265,0.7256330399458362,0.7478768641841571,0.10022199758350853,1.1653820276260376,0.24419071803329054,0.021441247538390436,0.05293131450645622,0.7481407523155212,37,kdB4,0,11.0
student_kdB4_s0,test_w51-51,ge5,all,1.8064305579810216,93905,40935,0.8586443746339385,0.8107659934893817,0.8436761333716294,0.7769390497129596,0.7807932959333709,0.821099066521487,0.7155734701355808,0.7511842118518604,0.09404468055915471,1.0858738422393799,0.22985066018710293,0.019083672515302248,0.05000821243433852,0.6966685652732849,37,kdB4,0,11.0
student_kdB4_s0,test_w51-51,ge5,near,1.8064305579810216,93905,6460,0.8586443746339385,0.8107659934893817,0.8109066125224047,0.8178018575851393,0.7574870410333348,0.7788728975318082,0.7156346749226006,0.7149011607310795,0.09404468055915471,1.0858738422393799,0.22985066018710293,0.019083672515302248,0.05000821243433852,0.6966685652732849,37,kdB4,0,11.0
student_kdB4_s0,test_w51-51,ge5,far,1.8064305579810216,93905,34475,0.8586443746339385,0.8107659934893817,0.8498165570028402,0.7692820884699058,0.7851604723410351,0.8290114973169426,0.7155620014503263,0.7579830083780457,0.09404468055915471,1.0858738422393799,0.22985066018710293,0.019083672515302248,0.05000821243433852,0.6966685652732849,37,kdB4,0,11.0
student_direct_s1,val,all,all,1.1188069713225781,200000,54382,0.95186,0.9321796542080536,0.8935243520374389,0.6410393144790556,0.8762451701849877,0.8542026802986283,0.6353205104630208,0.830270347081755,0.0025964747723936773,0.17212674021720886,0.06993827387622198,0.0030635008713095174,0.005447417370527997,0.17029128968715668,37,direct,1,1.0
student_direct_s1,val,all,near,1.1188069713225781,200000,12295,0.95186,0.9321796542080536,0.878351874542497,0.6622204148027654,0.861467560797072,0.7366608072387149,0.7595770638470923,0.7191252533550224,0.0025964747723936773,0.17212674021720886,0.06993827387622198,0.0030635008713095174,0.005447417370527997,0.17029128968715668,37,direct,1,1.0
student_direct_s1,val,all,far,1.1188069713225781,200000,42087,0.95186,0.9321796542080536,0.897956732839119,0.6348516168888255,0.8805621969966972,0.8885405359137025,0.599021075391451,0.8627394925986647,0.0025964747723936773,0.17212674021720886,0.06993827387622198,0.0030635008713095174,0.005447417370527997,0.17029128968715668,37,direct,1,1.0
student_direct_s1,val,ge5,all,1.1188069713225781,190477,52884,0.9567034340104055,0.9374730517047287,0.901129371846698,0.6158384388472884,0.8854998510884194,0.8692464857781671,0.5664851372815974,0.8464287799326207,0.002659099468747295,0.15360619127750397,0.0631177826672623,0.00254748594121058,0.0042366255125882634,0.1516125500202179,37,direct,1,1.0
student_direct_s1,val,ge5,near,1.1188069713225781,190477,11763,0.9567034340104055,0.9374730517047287,0.8837964344096577,0.6455836096233953,0.8687171526345803,0.750894749528735,0.730680948737567,0.7341692404667775,0.002659099468747295,0.15360619127750397,0.0631177826672623,0.00254748594121058,0.0042366255125882634,0.1516125500202179,37,direct,1,1.0
student_direct_s1,val,ge5,far,1.1188069713225781,190477,41121,0.9567034340104055,0.9374730517047287,0.906087601050071,0.6073295882882226,0.8903006799085479,0.9031019725976043,0.5195155759830743,0.878541543793828,0.002659099468747295,0.15360619127750397,0.0631177826672623,0.00254748594121058,0.0042366255125882634,0.1516125500202179,37,direct,1,1.0
student_directTS_s1,val,all,all,,200000,54382,0.95186,0.9321796542080536,0.8944497138299439,0.6354124526497739,0.8769534950902873,0.8529286296476775,0.6408186532308484,0.8289157511676656,0.005447417370527997,0.17029128968715668,0.07006527464322834,0.003053503910632181,,,37,directTS,1,1.0
student_directTS_s1,val,all,near,,200000,12295,0.95186,0.9321796542080536,0.8789982761285074,0.658723058153721,0.8619879520130134,0.7339871699877999,0.7628304188694591,0.7164232057747052,0.005447417370527997,0.17029128968715668,0.07006527464322834,0.003053503910632181,,,37,directTS,1,1.0
student_directTS_s1,val,all,far,,200000,42087,0.95186,0.9321796542080536,0.8989635881032148,0.6286026564022145,0.881325423527455,0.8876753506427162,0.6051749946539311,0.8617785317318886,0.005447417370527997,0.17029128968715668,0.07006527464322834,0.003053503910632181,,,37,directTS,1,1.0
student_directTS_s1,val,ge5,all,,190477,52884,0.9567034340104055,0.9374730517047287,0.9023816515043709,0.6054383178276984,0.8864864250807534,0.8681433162480651,0.5699077225625898,0.8452515457992648,0.0042366255125882634,0.1516125500202179,0.0631780981638694,0.002535963087359393,,,37,directTS,1,1.0
student_directTS_s1,val,ge5,near,,190477,11763,0.9567034340104055,0.9374730517047287,0.8847767404320845,0.6341919578338859,0.8695057387373102,0.7484169102444538,0.7323811952733146,0.731666099039329,0.0042366255125882634,0.1516125500202179,0.0631780981638694,0.002535963087359393,,,37,directTS,1,1.0
student_directTS_s1,val,ge5,far,,190477,41121,0.9567034340104055,0.9374730517047287,0.907417681001302,0.5972131027941927,0.8913438899638525,0.9023920386483102,0.5234308504170618,0.8777435963388219,0.0042366255125882634,0.1516125500202179,0.0631780981638694,0.002535963087359393,,,37,directTS,1,1.0
student_direct_s1,test_w42-45,all,all,1.1188069713225781,100000,100000,0.93957,0.9153066826738447,0.88710638085,0.58139,0.8611515710000001,0.8701301126000001,0.58111,0.8388233466,0.010480018312633076,0.2519215941429138,0.08796511081951958,0.004634996222904063,0.003654518225640023,0.2432991862297058,37,direct,1,3.5
student_direct_s1,test_w42-45,all,near,1.1188069713225781,100000,11103,0.93957,0.9153066826738447,0.8572740259389355,0.6595514725749797,0.8350293560299018,0.8767452747005315,0.5524632982076916,0.8448366702692967,0.010480018312633076,0.2519215941429138,0.08796511081951958,0.004634996222904063,0.003654518225640023,0.2432991862297058,37,direct,1,3.5
student_direct_s1,test_w42-45,all,far,1.1188069713225781,100000,88897,0.93957,0.9153066826738447,0.8908323630156247,0.5716278389596949,0.8644141665073062,0.8693038963632069,0.5846878972293779,0.838072298390272,0.010480018312633076,0.2519215941429138,0.08796511081951958,0.004634996222904063,0.003654518225640023,0.2432991862297058,37,direct,1,3.5
student_direct_s1,test_w42-45,ge5,all,1.1188069713225781,95189,93109,0.945403355429724,0.9207926691258623,0.892742971806851,0.5625449741700588,0.8693411682164088,0.8805534802949806,0.5266085985243102,0.8511522444731171,0.009693721731324342,0.22779130935668945,0.0794966428277824,0.003905944107651977,0.003006929757721845,0.21957582235336304,37,direct,1,3.5
student_direct_s1,test_w42-45,ge5,near,1.1188069713225781,95189,10761,0.945403355429724,0.9207926691258623,0.864062052577454,0.64678003902983,0.8441789457826535,0.8890759370592702,0.5044140879100455,0.8591809974333935,0.009693721731324342,0.22779130935668945,0.0794966428277824,0.003905944107651977,0.003006929757721845,0.21957582235336304,37,direct,1,3.5
student_direct_s1,test_w42-45,ge5,far,1.1188069713225781,95189,82348,0.945403355429724,0.9207926691258623,0.8964909119125917,0.5515373779569631,0.872629295136427,0.8794397901356503,0.5295089133919464,0.8501030701081593,0.009693721731324342,0.22779130935668945,0.0794966428277824,0.003905944107651977,0.003006929757721845,0.21957582235336304,37,direct,1,3.5
student_directTS_s1,test_w42-45,all,all,,100000,100000,0.93957,0.9153066826738447,0.8882049868499999,0.57406,0.8620039064,0.8691475593,0.58479,0.8377962471000001,0.003654518225640023,0.2432991862297058,0.0874354519080149,0.004606870011111074,,,37,directTS,1,3.5
student_directTS_s1,test_w42-45,all,near,,100000,11103,0.93957,0.9153066826738447,0.8584929915338196,0.6548680536791858,0.8359732216518058,0.8762764261911195,0.551022246239755,0.8442325038277942,0.003654518225640023,0.2432991862297058,0.0874354519080149,0.004606870011111074,,,37,directTS,1,3.5
student_directTS_s1,test_w42-45,all,far,,100000,88897,0.93957,0.9153066826738447,0.8919159364208016,0.5639672879849714,0.8652550700248602,0.8682571826945792,0.5890075030653453,0.83699237567072,0.003654518225640023,0.2432991862297058,0.0874354519080149,0.004606870011111074,,,37,directTS,1,3.5
student_directTS_s1,test_w42-45,ge5,all,,95189,93109,0.945403355429724,0.9207926691258623,0.894069194909824,0.5535769904090905,0.8703700630340312,0.8796944111063288,0.5309798193515127,0.8502453983731961,0.003006929757721845,0.21957582235336304,0.07903630038868933,0.0038778029099072048,,,37,directTS,1,3.5
student_directTS_s1,test_w42-45,ge5,near,,95189,10761,0.945403355429724,0.9207926691258623,0.8655926465191774,0.6363720843787752,0.8453814307319473,0.8886678732733393,0.5035777344113,0.8586413611522009,0.003006929757721845,0.21957582235336304,0.07903630038868933,0.0038778029099072048,,,37,directTS,1,3.5
student_directTS_s1,test_w42-45,ge5,far,,95189,82348,0.945403355429724,0.9207926691258623,0.8977904284216488,0.5427575654539273,0.873635505694481,0.8785217848570064,0.5345606450672755,0.8491482380843626,0.003006929757721845,0.21957582235336304,0.07903630038868933,0.0038778029099072048,,,37,directTS,1,3.5
student_direct_s1,test_w46-49,all,all,1.1188069713225781,100000,100000,0.89468,0.8693773056068659,0.8657514742000001,0.65744,0.8164538673999999,0.8478627885,0.68484,0.7903265273000001,0.04052204729616639,0.5221574902534485,0.1555763439213902,0.012281697217105736,0.031092229572534595,0.4895487427711487,37,direct,1,7.5
student_direct_s1,test_w46-49,all,near,1.1188069713225781,100000,10044,0.89468,0.8693773056068659,0.8265836932497013,0.7283950617283951,0.7843023874950219,0.8473481685583433,0.6653723616089208,0.7899374910394266,0.04052204729616639,0.5221574902534485,0.1555763439213902,0.012281697217105736,0.031092229572534595,0.4895487427711487,37,direct,1,7.5
student_direct_s1,test_w46-49,all,far,1.1188069713225781,100000,89956,0.89468,0.8693773056068659,0.8701247365934457,0.6495175419093779,0.82004372760016,0.8479202481768865,0.6870136511183245,0.7903699649828805,0.04052204729616639,0.5221574902534485,0.1555763439213902,0.012281697217105736,0.031092229572534595,0.4895487427711487,37,direct,1,7.5
student_direct_s1,test_w46-49,ge5,all,1.1188069713225781,94953,93107,0.9040472654892421,0.8769962281429493,0.871260430575433,0.6493604132879376,0.8262645305709334,0.8589118628335598,0.6173112655332037,0.8052606578838788,0.03686588447470261,0.4546184539794922,0.14226932906922032,0.010619171759678924,0.028311149823642138,0.4268273711204529,37,direct,1,7.5
student_direct_s1,test_w46-49,ge5,near,1.1188069713225781,94953,9749,0.9040472654892421,0.8769962281429493,0.8335906389659897,0.7224330700584676,0.7951414862678844,0.8606686569317361,0.603241358088009,0.8071811465930783,0.03686588447470261,0.4546184539794922,0.14226932906922032,0.010619171759678924,0.028311149823642138,0.4268273711204529,37,direct,1,7.5
student_direct_s1,test_w46-49,ge5,far,1.1188069713225781,94953,83358,0.9040472654892421,0.8769962281429493,0.8756660400958206,0.6408143189615874,0.8299044758540547,0.8587063998226536,0.618956788790518,0.8050360502346312,0.03686588447470261,0.4546184539794922,0.14226932906922032,0.010619171759678924,0.028311149823642138,0.4268273711204529,37,direct,1,7.5
student_directTS_s1,test_w46-49,all,all,,100000,100000,0.89468,0.8693773056068659,0.86706831025,0.64562,0.8173585994,0.8468591053000001,0.68929,0.7892605336999999,0.031092229572534595,0.4895487427711487,0.1529146770585545,0.0122503494011562,,,37,directTS,1,7.5
student_directTS_s1,test_w46-49,all,near,,100000,10044,0.89468,0.8693773056068659,0.8279066328156113,0.7191358024691358,0.7851921724412585,0.8468633656909598,0.6659697331740343,0.7892786150935882,0.031092229572534595,0.4895487427711487,0.1529146770585545,0.0122503494011562,,,37,directTS,1,7.5
student_directTS_s1,test_w46-49,all,far,,100000,89956,0.89468,0.8693773056068659,0.8714408911578995,0.6374116234603584,0.8209501285072703,0.8468586296078082,0.6918938147538797,0.789258514829472,0.031092229572534595,0.4895487427711487,0.1529146770585545,0.0122503494011562,,,37,directTS,1,7.5
student_directTS_s1,test_w46-49,ge5,all,,94953,93107,0.9040472654892421,0.8769962281429493,0.8728247518758696,0.6327236405426016,0.8273666181823401,0.8580421540298295,0.6198996853083012,0.8043312268085581,0.028311149823642138,0.4268273711204529,0.13984189452262144,0.01056842182217741,,,37,directTS,1,7.5
student_directTS_s1,test_w46-49,ge5,near,,94953,9749,0.9040472654892421,0.8769962281429493,0.8352209265557176,0.707252025848805,0.796291952601409,0.860260428771906,0.6012924402502821,0.8066066172204763,0.028311149823642138,0.4268273711204529,0.13984189452262144,0.01056842182217741,,,37,directTS,1,7.5
student_directTS_s1,test_w46-49,ge5,far,,94953,83358,0.9040472654892421,0.8769962281429493,0.8772226464156399,0.624007293841023,0.8310009054103026,0.8577827192969844,0.622075865543799,0.8040651122049713,0.028311149823642138,0.4268273711204529,0.13984189452262144,0.01056842182217741,,,37,directTS,1,7.5
student_direct_s1,test_w51-51,all,all,1.1188069713225781,100000,43579,0.86191,0.8209706825773089,0.8531354482663667,0.7379242295601093,0.7911421193694211,0.8343503799995411,0.7801005071249913,0.7682608655545101,0.057454574483707554,0.7542141675949097,0.20131270737142404,0.01811898041467535,0.04673447072476147,0.7026157975196838,37,direct,1,11.0
student_direct_s1,test_w51-51,all,near,1.1188069713225781,100000,6654,0.86191,0.8209706825773089,0.814612902765254,0.7763751127141569,0.7611423098887887,0.8320598932972647,0.7657048391944695,0.7666031139164412,0.057454574483707554,0.7542141675949097,0.20131270737142404,0.01811898041467535,0.04673447072476147,0.7026157975196838,37,direct,1,11.0
student_direct_s1,test_w51-51,all,far,1.1188069713225781,100000,36925,0.86191,0.8209706825773089,0.8600773309410968,0.7309952606635071,0.7965481784698714,0.8347631328368313,0.7826946513202437,0.7685595975626269,0.057454574483707554,0.7542141675949097,0.20131270737142404,0.01811898041467535,0.04673447072476147,0.7026157975196838,37,direct,1,11.0
student_direct_s1,test_w51-51,ge5,all,1.1188069713225781,93905,40935,0.8702412012139928,0.8272237040912485,0.8576362335529203,0.740173445706608,0.799913916779695,0.8477555651371516,0.7647734212776353,0.7844896928263817,0.054110575516024204,0.7014484405517578,0.1897533675657589,0.016218597980137472,0.04431998070305033,0.653173565864563,37,direct,1,11.0
student_direct_s1,test_w51-51,ge5,near,1.1188069713225781,93905,6460,0.8702412012139928,0.8272237040912485,0.8215530310835517,0.7719814241486068,0.7716060134550712,0.8470503388989234,0.7464396284829722,0.7846968685663646,0.054110575516024204,0.7014484405517578,0.1897533675657589,0.016218597980137472,0.04431998070305033,0.653173565864563,37,direct,1,11.0
student_direct_s1,test_w51-51,ge5,far,1.1188069713225781,93905,34475,0.8702412012139928,0.8272237040912485,0.864397582006934,0.7342131979695431,0.8052183128776522,0.8478877119536552,0.7682088469905729,0.7844508717885197,0.054110575516024204,0.7014484405517578,0.1897533675657589,0.016218597980137472,0.04431998070305033,0.653173565864563,37,direct,1,11.0
student_directTS_s1,test_w51-51,all,all,,100000,43579,0.86191,0.8209706825773089,0.8540934933109984,0.7288143371807522,0.7918480651231098,0.833383707634411,0.7856306936827371,0.7672792627182817,0.04673447072476147,0.7026157975196838,0.1970910410365746,0.018047424421542474,,,37,directTS,1,11.0
student_directTS_s1,test_w51-51,all,near,,100000,6654,0.86191,0.8209706825773089,0.8154481574992486,0.7678088367899009,0.7616848241659152,0.8316434137360986,0.7757739705440336,0.7660558070333633,0.04673447072476147,0.7026157975196838,0.1970910410365746,0.018047424421542474,,,37,directTS,1,11.0
student_directTS_s1,test_w51-51,all,far,,100000,36925,0.86191,0.8209706825773089,0.8610575031821259,0.7217874069058903,0.797283575084631,0.833697314014895,0.7874069058903183,0.7674997332430602,0.04673447072476147,0.7026157975196838,0.1970910410365746,0.018047424421542474,,,37,directTS,1,11.0
student_directTS_s1,test_w51-51,ge5,all,,93905,40935,0.8702412012139928,0.8272237040912485,0.8589931604274289,0.7309148650299255,0.8008843454632919,0.8470212159859707,0.7680469036277024,0.7837410788512571,0.04431998070305033,0.653173565864563,0.1858159561554088,0.016126494169504724,,,37,directTS,1,11.0
student_directTS_s1,test_w51-51,ge5,near,,93905,6460,0.8702412012139928,0.8272237040912485,0.8228403664661422,0.7636222910216718,0.7725039929854673,0.8467719063614618,0.7541795665634675,0.7842869473347924,0.04431998070305033,0.653173565864563,0.1858159561554088,0.016126494169504724,,,37,directTS,1,11.0
student_directTS_s1,test_w51-51,ge5,far,,93905,34475,0.8702412012139928,0.8272237040912485,0.8657675490855844,0.7247860768672951,0.8062023172401374,0.8470679321621657,0.7706453952139232,0.7836387928351979,0.04431998070305033,0.653173565864563,0.1858159561554088,0.016126494169504724,,,37,directTS,1,11.0
student_ls_s1,val,all,all,0.7414062201985311,200000,54382,0.94442,0.921231351818325,0.9033692042403736,0.5242911257401346,0.8774946402302233,0.8803751933544188,0.48256776139163693,0.8484744567136184,0.056517951627895205,0.24709151685237885,0.08476833059926665,0.00457844569793787,0.005771413721963744,0.20545925199985504,37,ls,1,1.0
student_ls_s1,val,all,near,0.7414062201985311,200000,12295,0.94442,0.921231351818325,0.8973687446116307,0.5900772671817812,0.8739524623830826,0.8526782962586418,0.6548190321268809,0.8255976173241155,0.056517951627895205,0.24709151685237885,0.08476833059926665,0.00457844569793787,0.005771413721963744,0.20545925199985504,37,ls,1,1.0
student_ls_s1,val,all,far,0.7414062201985311,200000,42087,0.94442,0.921231351818325,0.9051221362891155,0.5050728253379904,0.8785294271390215,0.8884663699598452,0.432247487347637,0.8551575355810583,0.056517951627895205,0.24709151685237885,0.08476833059926665,0.00457844569793787,0.005771413721963744,0.20545925199985504,37,ls,1,1.0
student_ls_s1,val,ge5,all,0.7414062201985311,190477,52884,0.9495319644891509,0.9265887970752862,0.9075380266782153,0.5098328416912488,0.8842362188652552,0.8850524737989968,0.4534641857650707,0.855619109194007,0.05634583980720453,0.22549407184123993,0.07718302016374683,0.0039207469948686745,0.005693573165145259,0.18203067779541016,37,ls,1,1.0
student_ls_s1,val,ge5,near,0.7414062201985311,190477,11763,0.9495319644891509,0.9265887970752862,0.9007873953847606,0.5839496727025418,0.8799362496231452,0.8582647291282806,0.6323216866445635,0.8331022876753896,0.05634583980720453,0.22549407184123993,0.07718302016374683,0.0039207469948686745,0.005693573165145259,0.18203067779541016,37,ls,1,1.0
student_ls_s1,val,ge5,far,0.7414062201985311,190477,41121,0.9495319644891509,0.9265887970752862,0.909469100239289,0.4886311130565891,0.8854662604059507,0.8927153283152205,0.40230052771090197,0.8620602310422963,0.05634583980720453,0.22549407184123993,0.07718302016374683,0.0039207469948686745,0.005693573165145259,0.18203067779541016,37,ls,1,1.0
student_ls_s1,test_w42-45,all,all,0.7414062201985311,100000,100000,0.93499,0.9072528737635335,0.881564294,0.52952,0.8502514776,0.86148451515,0.53523,0.8266500228,0.055059863828569616,0.30116623640060425,0.09930626162433094,0.006593100036573426,0.007064884495884183,0.26784372329711914,37,ls,1,3.5
student_ls_s1,test_w42-45,all,near,0.7414062201985311,100000,11103,0.93499,0.9072528737635335,0.8590425376024499,0.5666036206430695,0.8295556029901828,0.8599907056651355,0.49815365216608126,0.8238973214446546,0.055059863828569616,0.30116623640060425,0.09930626162433094,0.006593100036573426,0.007064884495884183,0.26784372329711914,37,ls,1,3.5
student_ls_s1,test_w42-45,all,far,0.7414062201985311,100000,88897,0.93499,0.9072528737635335,0.8843772017615893,0.5248883539377032,0.8528363375591977,0.8616710880007199,0.5398607377076842,0.826993827913203,0.055059863828569616,0.30116623640060425,0.09930626162433094,0.006593100036573426,0.007064884495884183,0.26784372329711914,37,ls,1,3.5
student_ls_s1,test_w42-45,ge5,all,0.7414062201985311,95189,93109,0.9410541133954553,0.9125128040215484,0.8848787099589274,0.509660720231127,0.8569710431648963,0.8656284233805303,0.513602337045828,0.8338853032076595,0.05617422471143352,0.27392715215682983,0.09027693555069113,0.00556571650250991,0.005890560734176697,0.23644571006298065,37,ls,1,3.5
student_ls_s1,test_w42-45,ge5,near,0.7414062201985311,95189,10761,0.9410541133954553,0.9125128040215484,0.8613070925293659,0.5505993866741009,0.8353215322811147,0.8628059432465705,0.4869435926029179,0.8302768124082545,0.05617422471143352,0.27392715215682983,0.09027693555069113,0.00556571650250991,0.005890560734176697,0.23644571006298065,37,ls,1,3.5
student_ls_s1,test_w42-45,ge5,far,0.7414062201985311,95189,82348,0.9410541133954553,0.9125128040215484,0.8879589811878523,0.5043109729440909,0.8598001390338956,0.8659972569735931,0.5170860251615097,0.8343568504157569,0.05617422471143352,0.27392715215682983,0.09027693555069113,0.00556571650250991,0.005890560734176697,0.23644571006298065,37,ls,1,3.5
student_ls_s1,test_w46-49,all,all,0.7414062201985311,100000,100000,0.89801,0.8672367155230796,0.8584804043,0.65262,0.8097732785999998,0.8362971481000001,0.64523,0.7832976312000001,0.043896494340896604,0.4645167887210846,0.14927912987261782,0.014082176460961084,0.02469656507119536,0.45781850814819336,37,ls,1,7.5
student_ls_s1,test_w46-49,all,near,0.7414062201985311,100000,10044,0.89801,0.8672367155230796,0.8302746390880127,0.6474512146555157,0.7837486917562724,0.8275293727598566,0.6045400238948626,0.7726108422939068,0.043896494340896604,0.4645167887210846,0.14927912987261782,0.014082176460961084,0.02469656507119536,0.45781850814819336,37,ls,1,7.5
student_ls_s1,test_w46-49,all,far,0.7414062201985311,100000,89956,0.89801,0.8672367155230796,0.86162970735693,0.6531971185913114,0.8126790430877318,0.8372761104317665,0.6497732224643159,0.7844908601983192,0.043896494340896604,0.4645167887210846,0.14927912987261782,0.014082176460961084,0.02469656507119536,0.45781850814819336,37,ls,1,7.5
student_ls_s1,test_w46-49,ge5,all,0.7414062201985311,94953,93107,0.907901804050425,0.8745383562251894,0.8619057001015706,0.6316281267788674,0.8191382732644121,0.8411693573835901,0.6288678617074979,0.7940391611005689,0.04906233124416191,0.40682026743888855,0.13466734457004942,0.010687500738259331,0.01838710481519299,0.38517484068870544,37,ls,1,7.5
student_ls_s1,test_w46-49,ge5,near,0.7414062201985311,94953,9749,0.907901804050425,0.8745383562251894,0.8325074289956736,0.6361678120832905,0.7920940910417777,0.8305177548324173,0.6020104626115499,0.7823154529074168,0.04906233124416191,0.40682026743888855,0.13466734457004942,0.010687500738259331,0.01838710481519299,0.38517484068870544,37,ls,1,7.5
student_ls_s1,test_w46-49,ge5,far,0.7414062201985311,94953,83358,0.907901804050425,0.8745383562251894,0.8653439273264487,0.6310971952302119,0.8223011818333374,0.8424150983235283,0.632008925358094,0.7954102884209822,0.04906233124416191,0.40682026743888855,0.13466734457004942,0.010687500738259331,0.01838710481519299,0.38517484068870544,37,ls,1,7.5
student_ls_s1,test_w51-51,all,all,0.7414062201985311,100000,43579,0.85758,0.8157992679185694,0.8435427662406205,0.7597696138048142,0.7820261681084926,0.8220100597764978,0.7777140365772505,0.759384470272379,0.036828446743339294,0.6663623452186584,0.19366172398274953,0.020468171373826203,0.04483400379821657,0.6977513432502747,37,ls,1,11.0
student_ls_s1,test_w51-51,all,near,0.7414062201985311,100000,6654,0.85758,0.8157992679185694,0.814842468440036,0.7345957318905921,0.755116699729486,0.8130818500150285,0.7132551848512173,0.7456024797114518,0.036828446743339294,0.6663623452186584,0.19366172398274953,0.020468171373826203,0.04483400379821657,0.6977513432502747,37,ls,1,11.0
student_ls_s1,test_w51-51,all,far,0.7414062201985311,100000,36925,0.85758,0.8157992679185694,0.8487146492890996,0.7643060257278267,0.7868753381178063,0.8236189509817197,0.7893297224102911,0.7618680278943806,0.036828446743339294,0.6663623452186584,0.19366172398274953,0.020468171373826203,0.04483400379821657,0.6977513432502747,37,ls,1,11.0
student_ls_s1,test_w51-51,ge5,all,0.7414062201985311,93905,40935,0.8661093658484639,0.821511959714118,0.8447002173457971,0.7528276535971662,0.7886301478562894,0.8253308971738283,0.7789666544521803,0.7680193206496614,0.03935277449969484,0.6164941191673279,0.18143605300553883,0.017111501943732156,0.03896888448600345,0.6342415809631348,37,ls,1,11.0
student_ls_s1,test_w51-51,ge5,near,0.7414062201985311,93905,6460,0.8661093658484639,0.821511959714118,0.8163437556202229,0.7368421052631579,0.7619915424042775,0.8147499951782505,0.7244582043343654,0.7536074416819712,0.03935277449969484,0.6164941191673279,0.18143605300553883,0.017111501943732156,0.03896888448600345,0.6342415809631348,37,ls,1,11.0
student_ls_s1,test_w51-51,ge5,far,0.7414062201985311,93905,34475,0.8661093658484639,0.821511959714118,0.8500137124218584,0.7558230601885424,0.7936217473115468,0.8273135694549429,0.7891805656272661,0.770719849674499,0.03935277449969484,0.6164941191673279,0.18143605300553883,0.017111501943732156,0.03896888448600345,0.6342415809631348,37,ls,1,11.0
student_kdA_s1,val,all,all,1.1356050318447815,200000,54382,0.94985,0.9299035899293426,0.8963893881247471,0.6340149314111286,0.8774932382038175,0.8612154592512229,0.6030304144753779,0.8356201780920157,0.003680074156969781,0.1790507435798645,0.07245481052914798,0.003295563877656099,0.005171015875339546,0.17671851813793182,37,kdA,1,1.0
student_kdA_s1,val,all,near,1.1356050318447815,200000,12295,0.94985,0.9299035899293426,0.8872515073200488,0.6343228954859699,0.8678980349735665,0.755973066693778,0.7481089873932493,0.737174124847499,0.003680074156969781,0.1790507435798645,0.07245481052914798,0.003295563877656099,0.005171015875339546,0.17671851813793182,37,kdA,1,1.0
student_kdA_s1,val,all,far,1.1356050318447815,200000,42087,0.94985,0.9299035899293426,0.8990588643167723,0.6339249649535486,0.880296313350916,0.8919602311877777,0.5606481811485732,0.864379515289757,0.003680074156969781,0.1790507435798645,0.07245481052914798,0.003295563877656099,0.005171015875339546,0.17671851813793182,37,kdA,1,1.0
student_kdA_s1,val,ge5,all,1.1356050318447815,190477,52884,0.9547189424444946,0.9353105356347424,0.9035785398470826,0.6087096286211331,0.8864240705267223,0.8753503103304459,0.5457794417971409,0.8508404330545494,0.003656188795616873,0.1587153524160385,0.06553796837747139,0.002746771409779283,0.004304484173889348,0.1564662903547287,37,kdA,1,1.0
student_kdA_s1,val,ge5,near,1.1356050318447815,190477,11763,0.9547189424444946,0.9353105356347424,0.8924526748777131,0.6122587775227408,0.8750503181440286,0.7701061937663505,0.711213125903256,0.7520829034308789,0.003656188795616873,0.1587153524160385,0.06553796837747139,0.002746771409779283,0.004304484173889348,0.1564662903547287,37,kdA,1,1.0
student_kdA_s1,val,ge5,far,1.1356050318447815,190477,41121,0.9547189424444946,0.9353105356347424,0.9067611849586971,0.6076943654094015,0.889677625870163,0.9054562548148566,0.49845577685367576,0.8790908360351002,0.003656188795616873,0.1587153524160385,0.06553796837747139,0.002746771409779283,0.004304484173889348,0.1564662903547287,37,kdA,1,1.0
student_kdA_s1,test_w42-45,all,all,1.1356050318447815,100000,100000,0.93929,0.9151065684715435,0.88750689235,0.57738,0.8604173497000001,0.87544925675,0.57744,0.8432670959,0.011449390173703482,0.2649897336959839,0.09014309869872601,0.0050041904049869445,0.0036365535462647572,0.25381895899772644,37,kdA,1,3.5
student_kdA_s1,test_w42-45,all,near,1.1356050318447815,100000,11103,0.93929,0.9151065684715435,0.8692253665675943,0.6518058182473205,0.8458151742772224,0.8873276546879223,0.5575970458434657,0.8545294262811853,0.011449390173703482,0.2649897336959839,0.09014309869872601,0.0050041904049869445,0.0036365535462647572,0.25381895899772644,37,kdA,1,3.5
student_kdA_s1,test_w42-45,all,far,1.1356050318447815,100000,88897,0.93929,0.9151065684715435,0.889790206531154,0.5680844122973778,0.862241122760048,0.8739656762882886,0.5799183324521637,0.841860460645466,0.011449390173703482,0.2649897336959839,0.09014309869872601,0.0050041904049869445,0.0036365535462647572,0.25381895899772644,37,kdA,1,3.5
student_kdA_s1,test_w42-45,ge5,all,1.1356050318447815,95189,93109,0.9452457741965984,0.9205226354539991,0.8922656533340521,0.5554350277631593,0.8678666750550075,0.8845989939758226,0.5283807150758788,0.8543252270293846,0.010335467253996289,0.23758046329021454,0.08144773883109473,0.00422590295936339,0.003032914205962473,0.22730965912342072,37,kdA,1,3.5
student_kdA_s1,test_w42-45,ge5,near,1.1356050318447815,95189,10761,0.9452457741965984,0.9205226354539991,0.8760224052036323,0.6311681070532479,0.8550616561822845,0.8993785305245958,0.5045999442431001,0.8684715804283978,0.010335467253996289,0.23758046329021454,0.08144773883109473,0.00422590295936339,0.003032914205962473,0.22730965912342072,37,kdA,1,3.5
student_kdA_s1,test_w42-45,ge5,far,1.1356050318447815,95189,82348,0.9452457741965984,0.9205226354539991,0.894388274322193,0.5455384465925098,0.8695399981240484,0.8826676466109642,0.5314883178705008,0.852476622218985,0.010335467253996289,0.23758046329021454,0.08144773883109473,0.00422590295936339,0.003032914205962473,0.22730965912342072,37,kdA,1,3.5
student_kdA_s1,test_w46-49,all,all,1.1356050318447815,100000,100000,0.89776,0.872719617285738,0.86914115415,0.65581,0.8192026627,0.8558786746,0.66002,0.7981698123999998,0.03941841996490952,0.5389108061790466,0.1544429368555395,0.012385059934901351,0.02838520199760794,0.5002467036247253,37,kdA,1,7.5
student_kdA_s1,test_w46-49,all,near,1.1356050318447815,100000,10044,0.89776,0.872719617285738,0.8409318453803266,0.7223217841497411,0.7977092264038232,0.8597178858024692,0.6431700517722023,0.8022177459179609,0.03941841996490952,0.5389108061790466,0.1544429368555395,0.012385059934901351,0.02838520199760794,0.5002467036247253,37,kdA,1,7.5
student_kdA_s1,test_w46-49,all,far,1.1356050318447815,100000,89956,0.89776,0.872719617285738,0.8722908528613988,0.6483836542309573,0.8216025034461292,0.8554500090599849,0.6619013740050691,0.7977178420561164,0.03941841996490952,0.5389108061790466,0.1544429368555395,0.012385059934901351,0.02838520199760794,0.5002467036247253,37,kdA,1,7.5
student_kdA_s1,test_w46-49,ge5,all,1.1356050318447815,94953,93107,0.9072172548524007,0.8802826201937547,0.8738297672686298,0.6470082807952141,0.828778961700657,0.8653735014596358,0.6084934537682452,0.8120374987514223,0.03532943704177277,0.4652862846851349,0.14016707549122057,0.010411897625640576,0.02523231904782227,0.43289685249328613,37,kdA,1,7.5
student_kdA_s1,test_w46-49,ge5,near,1.1356050318447815,94953,9749,0.9072172548524007,0.8802826201937547,0.8478415978574462,0.7053031080110781,0.8088712993569966,0.8724322074109974,0.6019078879885117,0.8191311641753471,0.03532943704177277,0.4652862846851349,0.14016707549122057,0.010411897625640576,0.02523231904782227,0.43289685249328613,37,kdA,1,7.5
student_kdA_s1,test_w46-49,ge5,far,1.1356050318447815,94953,83358,0.9072172548524007,0.8802826201937547,0.8768691715680328,0.6401905036109312,0.8311072301354604,0.8645479619274994,0.6092636579572447,0.8112078705907435,0.03532943704177277,0.4652862846851349,0.14016707549122057,0.010411897625640576,0.02523231904782227,0.43289685249328613,37,kdA,1,7.5
student_kdA_s1,test_w51-51,all,all,1.1356050318447815,100000,43579,0.86321,0.8244415097984867,0.8627222035842952,0.7056609835012276,0.7967434310103492,0.8458811165928544,0.7711741894031529,0.7790876885655935,0.061088021662831324,0.8411702513694763,0.20503469584730283,0.01874415057478974,0.0486766963489354,0.7724121809005737,37,kdA,1,11.0
student_kdA_s1,test_w51-51,all,near,1.1356050318447815,100000,6654,0.86321,0.8244415097984867,0.8354626322512774,0.7717162608957019,0.7768548767658551,0.8454399045686805,0.7348963029756538,0.7779447625488428,0.061088021662831324,0.8411702513694763,0.20503469584730283,0.01874415057478974,0.0486766963489354,0.7724121809005737,37,kdA,1,11.0
student_kdA_s1,test_w51-51,all,far,1.1356050318447815,100000,36925,0.86321,0.8244415097984867,0.8676344632362898,0.6937576167907922,0.8003274104265403,0.8459606243737305,0.777711577522004,0.7792936473933649,0.061088021662831324,0.8411702513694763,0.20503469584730283,0.01874415057478974,0.0486766963489354,0.7724121809005737,37,kdA,1,11.0
student_kdA_s1,test_w51-51,ge5,all,1.1356050318447815,93905,40935,0.8714977903200043,0.8311396739165624,0.8672074691808594,0.702968120190546,0.8053736950275516,0.8566750791901097,0.7501893245389032,0.7935732001954968,0.057938658263468695,0.7831512093544006,0.19317348423964653,0.01662004597564568,0.04647979076522703,0.7188197374343872,37,kdA,1,11.0
student_kdA_s1,test_w51-51,ge5,near,1.1356050318447815,93905,6460,0.8714977903200043,0.8311396739165624,0.8424338798037606,0.7591331269349845,0.7872871304788467,0.8581703472137625,0.7089783281733746,0.7943742960039815,0.057938658263468695,0.7831512093544006,0.19317348423964653,0.01662004597564568,0.04647979076522703,0.7188197374343872,37,kdA,1,11.0
student_kdA_s1,test_w51-51,ge5,far,1.1356050318447815,93905,34475,0.8714977903200043,0.8311396739165624,0.8718495978937255,0.6924437998549674,0.8087627945775048,0.8563948926365841,0.7579115300942713,0.793423089131746,0.057938658263468695,0.7831512093544006,0.19317348423964653,0.01662004597564568,0.04647979076522703,0.7188197374343872,37,kdA,1,11.0
student_kdB_s1,val,all,all,1.1463838603910481,200000,54382,0.949335,0.9287472216229687,0.8947282161836637,0.6567062631017616,0.876445151061013,0.8547399715898643,0.6275789783384208,0.8295425022985546,0.004549084887579108,0.18146386742591858,0.07323050834467372,0.00336526538157508,0.005501474696621268,0.17868542671203613,37,kdB,1,1.0
student_kdB_s1,val,all,near,1.1463838603910481,200000,12295,0.949335,0.9287472216229687,0.8865194499796665,0.6540056933712891,0.8679659674664497,0.7524974428629525,0.7529890199267996,0.7337567864985766,0.004549084887579108,0.18146386742591858,0.07323050834467372,0.00336526538157508,0.005501474696621268,0.17868542671203613,37,kdB,1,1.0
student_kdB_s1,val,all,far,1.1463838603910481,200000,42087,0.949335,0.9287472216229687,0.8971262673747238,0.6574951885380284,0.8789222000855372,0.8846083844179914,0.5909425713403189,0.857524667236914,0.004549084887579108,0.18146386742591858,0.07323050834467372,0.00336526538157508,0.005501474696621268,0.17868542671203613,37,kdB,1,1.0
student_kdB_s1,val,ge5,all,1.1463838603910481,190477,52884,0.9540101954566693,0.933822628153483,0.9026066546537916,0.6285833144240224,0.8858425220282558,0.8698366047530297,0.5801376597836775,0.8456406987573457,0.0050101361545016355,0.16212838888168335,0.06651477551543054,0.0028234882448045216,0.004351064764085266,0.15921004116535187,37,kdB,1,1.0
student_kdB_s1,val,ge5,near,1.1463838603910481,190477,11763,0.9540101954566693,0.933822628153483,0.8927492147102523,0.6329167729320752,0.8758404373312911,0.7682334113979531,0.7256652214571113,0.750147411656719,0.0050101361545016355,0.16212838888168335,0.06651477551543054,0.0028234882448045216,0.004351064764085266,0.15921004116535187,37,kdB,1,1.0
student_kdB_s1,val,ge5,far,1.1463838603910481,190477,41121,0.9540101954566693,0.933822628153483,0.9054264563623069,0.6273436930035748,0.8887037005572409,0.8989010332308335,0.5385083047591255,0.872957338337236,0.0050101361545016355,0.16212838888168335,0.06651477551543054,0.0028234882448045216,0.004351064764085266,0.15921004116535187,37,kdB,1,1.0
student_kdB_s1,test_w42-45,all,all,1.1463838603910481,100000,100000,0.93703,0.9126525430409809,0.8810530243000001,0.59149,0.8539780858,0.87415951595,0.58619,0.8406822656,0.013488426901474561,0.2797909080982208,0.09205049078020743,0.005010643164408163,0.004495851151421654,0.26626506447792053,37,kdB,1,3.5
student_kdB_s1,test_w42-45,all,near,1.1463838603910481,100000,11103,0.93703,0.9126525430409809,0.8666383472935243,0.6445104926596416,0.8423390344951815,0.8790129275871386,0.5591281635593983,0.8449935864180852,0.013488426901474561,0.2797909080982208,0.09205049078020743,0.005010643164408163,0.004495851151421654,0.26626506447792053,37,kdB,1,3.5
student_kdB_s1,test_w42-45,all,far,1.1463838603910481,100000,88897,0.93703,0.9126525430409809,0.8828533793041385,0.5848678808058765,0.8554317725007591,0.8735533376829364,0.5895699517419035,0.8401437930413849,0.013488426901474561,0.2797909080982208,0.09205049078020743,0.005010643164408163,0.004495851151421654,0.26626506447792053,37,kdB,1,3.5
student_kdB_s1,test_w42-45,ge5,all,1.1463838603910481,95189,93109,0.9428400340375463,0.9179730261627336,0.8866641932749743,0.562190550859745,0.8618684028771779,0.8844474755078293,0.5348140351630885,0.8527188274872735,0.012812519533659812,0.25596609711647034,0.08381633099035839,0.004264458320378471,0.004667133205591126,0.24282395839691162,37,kdB,1,3.5
student_kdB_s1,test_w42-45,ge5,near,1.1463838603910481,95189,10761,0.9428400340375463,0.9179730261627336,0.873762207663102,0.6277297648917387,0.8516763233654923,0.8916707380887354,0.5131493355636093,0.8595338206575069,0.012812519533659812,0.25596609711647034,0.08381633099035839,0.004264458320378471,0.004667133205591126,0.24282395839691162,37,kdB,1,3.5
student_kdB_s1,test_w42-45,ge5,far,1.1463838603910481,95189,82348,0.9428400340375463,0.9179730261627336,0.8883501876788378,0.5536260747073396,0.8632002745392128,0.8835035603109437,0.5376451158498081,0.851828263763748,0.012812519533659812,0.25596609711647034,0.08381633099035839,0.004264458320378471,0.004667133205591126,0.24282395839691162,37,kdB,1,3.5
student_kdB_s1,test_w46-49,all,all,1.1463838603910481,100000,100000,0.89168,0.8605564106054476,0.8603093892999999,0.68508,0.8112634055999998,0.85338343915,0.67113,0.7938876367,0.04345006399519739,0.5480749011039734,0.15922430538385957,0.012269922915818831,0.031669342910721876,0.506106972694397,37,kdB,1,7.5
student_kdB_s1,test_w46-49,all,near,1.1463838603910481,100000,10044,0.89168,0.8605564106054476,0.8351075139386699,0.7217244125846276,0.7914385324571883,0.8493259991039427,0.632815611310235,0.7901880874153724,0.04345006399519739,0.5480749011039734,0.15922430538385957,0.012269922915818831,0.031669342910721876,0.506106972694397,37,kdB,1,7.5
student_kdB_s1,test_w46-49,all,far,1.1463838603910481,100000,89956,0.89168,0.8605564106054476,0.8631232942772021,0.6809884832584819,0.8134769436168794,0.8538364709413491,0.675407977233314,0.7943007083463026,0.04345006399519739,0.5480749011039734,0.15922430538385957,0.012269922915818831,0.031669342910721876,0.506106972694397,37,kdB,1,7.5
student_kdB_s1,test_w46-49,ge5,all,1.1463838603910481,94953,93107,0.9008140869693427,0.8675918466039527,0.8660458917880893,0.6727850752360188,0.8211406776943868,0.8643827370574164,0.6209092764238994,0.8088212514127209,0.03997969599383711,0.4762253165245056,0.1457413116764838,0.010517213795387203,0.02925467092919336,0.4406065046787262,37,kdB,1,7.5
student_kdB_s1,test_w46-49,ge5,near,1.1463838603910481,94953,9749,0.9008140869693427,0.8675918466039527,0.8424852716650375,0.712380757000718,0.8026852608846177,0.8624792983916958,0.5951379628679865,0.8074405328205969,0.03997969599383711,0.4762253165245056,0.1457413116764838,0.010517213795387203,0.02925467092919336,0.4406065046787262,37,kdB,1,7.5
student_kdB_s1,test_w46-49,ge5,far,1.1463838603910481,94953,83358,0.9008140869693427,0.8675918466039527,0.8688013859887617,0.6681542263490007,0.8232991011027991,0.8646053506464194,0.6239233186976655,0.8089827311213825,0.03997969599383711,0.4762253165245056,0.1457413116764838,0.010517213795387203,0.02925467092919336,0.4406065046787262,37,kdB,1,7.5
student_kdB_s1,test_w51-51,all,all,1.1463838603910481,100000,43579,0.85635,0.8105767190599713,0.856037477225269,0.7349181945432433,0.7905007595401456,0.8420026434750683,0.7899905917988022,0.7731443013836939,0.06564629987455908,0.9049095511436462,0.21104959841861987,0.018548257364520232,0.05215033874437212,0.8240913152694702,37,kdB,1,11.0
student_kdB_s1,test_w51-51,all,near,1.1463838603910481,100000,6654,0.85635,0.8105767190599713,0.8338196956717763,0.7366997294860235,0.7728423745115719,0.8419601322512774,0.7222723174030659,0.7704842636008417,0.06564629987455908,0.9049095511436462,0.21104959841861987,0.018548257364520232,0.05215033874437212,0.8240913152694702,37,kdB,1,11.0
student_kdB_s1,test_w51-51,all,far,1.1463838603910481,100000,36925,0.85635,0.8105767190599713,0.8600411906567367,0.7345971563981043,0.7936828555179418,0.8420103041299932,0.8021936357481381,0.7736236484766419,0.06564629987455908,0.9049095511436462,0.21104959841861987,0.018548257364520232,0.05215033874437212,0.8240913152694702,37,kdB,1,11.0
student_kdB_s1,test_w51-51,ge5,all,1.1463838603910481,93905,40935,0.864277727490549,0.8165361395252596,0.8613180553983572,0.7172834982288995,0.7994156057977791,0.8547010909797654,0.7579088799315988,0.7888494297871801,0.06305015567922406,0.8521163463592529,0.19984223232421555,0.016628817985222807,0.05062031536781837,0.7752590179443359,37,kdB,1,11.0
student_kdB_s1,test_w51-51,ge5,near,1.1463838603910481,93905,6460,0.864277727490549,0.8165361395252596,0.8410052465578891,0.7243034055727554,0.78329986846927,0.8553634412157863,0.6885448916408669,0.7872877437064632,0.06305015567922406,0.8521163463592529,0.19984223232421555,0.016628817985222807,0.05062031536781837,0.7752590179443359,37,kdB,1,11.0
student_kdB_s1,test_w51-51,ge5,far,1.1463838603910481,93905,34475,0.864277727490549,0.8165361395252596,0.8651243134145841,0.7159680928208847,0.8024354074842814,0.85457697836121,0.7709064539521392,0.7891420618997667,0.06305015567922406,0.8521163463592529,0.19984223232421555,0.016628817985222807,0.05062031536781837,0.7752590179443359,37,kdB,1,11.0
student_enddA_s1,val,all,all,0.9523462168703125,200000,54382,0.94575,0.9230307182039101,0.8919270015354344,0.5647640763487919,0.8685995147291382,0.7953673091280202,0.5613438270015814,0.7662256246552167,0.005623461310416487,0.20993128418922424,0.07848275834495899,0.00429473725259413,0.005032118696868393,0.2091623991727829,37,enddA,1,1.0
student_enddA_s1,val,all,near,0.9523462168703125,200000,12295,0.94575,0.9230307182039101,0.8749464493696624,0.6316388775925172,0.854175966653111,0.7480086718178122,0.7211061407076047,0.7236683082553884,0.005623461310416487,0.20993128418922424,0.07848275834495899,0.00429473725259413,0.005032118696868393,0.2091623991727829,37,enddA,1,1.0
student_enddA_s1,val,all,far,0.9523462168703125,200000,42087,0.94575,0.9230307182039101,0.8968875805474374,0.5452277425333238,0.8728131085608382,0.8092023281535867,0.514671988975218,0.7786580195784922,0.005623461310416487,0.20993128418922424,0.07848275834495899,0.00429473725259413,0.005032118696868393,0.2091623991727829,37,enddA,1,1.0
student_enddA_s1,val,ge5,all,0.9523462168703125,190477,52884,0.9508969586879256,0.9283747971475806,0.8965090923706778,0.5430565010211028,0.8756322226860399,0.7994018391898463,0.552927161334241,0.7723126974333459,0.00592572640924138,0.1854545623064041,0.07082446822974413,0.0036670679598132874,0.00415738642708895,0.18422731757164001,37,enddA,1,1.0
student_enddA_s1,val,ge5,near,0.9523462168703125,190477,11763,0.9508969586879256,0.9283747971475806,0.878160810312093,0.6203349485675423,0.8597304543450079,0.7497096995090895,0.7191192722944827,0.7270127706267373,0.00592572640924138,0.1854545623064041,0.07082446822974413,0.0036670679598132874,0.00415738642708895,0.18422731757164001,37,enddA,1,1.0
student_enddA_s1,val,ge5,far,0.9523462168703125,190477,41121,0.9508969586879256,0.9283747971475806,0.901757769247581,0.5209503659930449,0.8801810542075388,0.8136166841368258,0.5053865421560759,0.7852711137905874,0.00592572640924138,0.1854545623064041,0.07082446822974413,0.0036670679598132874,0.00415738642708895,0.18422731757164001,37,enddA,1,1.0
student_enddA_s1,test_w42-45,all,all,0.9523462168703125,100000,100000,0.93431,0.9059783636559505,0.8769461494999999,0.53303,0.8452660161999999,0.7469284791499999,0.64531,0.7147844361000001,0.006755514217913145,0.2833046615123749,0.09617597341420496,0.00639092343449664,0.008156596802920076,0.28516885638237,37,enddA,1,3.5
student_enddA_s1,test_w42-45,all,near,0.9523462168703125,100000,11103,0.93431,0.9059783636559505,0.8640895748896694,0.5670539493830496,0.8343359002071512,0.729662402053499,0.6899936953976403,0.6995094938304962,0.006755514217913145,0.2833046615123749,0.09617597341420496,0.00639092343449664,0.008156596802920076,0.28516885638237,37,enddA,1,3.5
student_enddA_s1,test_w42-45,all,far,0.9523462168703125,100000,88897,0.93431,0.9059783636559505,0.8785519016389755,0.5287804987794864,0.8466311587567634,0.7490849664780589,0.6397291247173695,0.7166922359584686,0.006755514217913145,0.2833046615123749,0.09617597341420496,0.00639092343449664,0.008156596802920076,0.28516885638237,37,enddA,1,3.5
student_enddA_s1,test_w42-45,ge5,all,0.9523462168703125,95189,93109,0.9405078317872864,0.9115519656315789,0.8797945402100205,0.5183065009827191,0.8515092727843868,0.7543852691647719,0.6311742151671696,0.7244693179647075,0.0053629584774127674,0.25164198875427246,0.08678936090904435,0.005441007569742534,0.005953440068367691,0.2526775896549225,37,enddA,1,3.5
student_enddA_s1,test_w42-45,ge5,near,0.9523462168703125,95189,10761,0.9405078317872864,0.9115519656315789,0.867642129010117,0.5580336399962829,0.8411194272850051,0.7326855285647732,0.6868320788030852,0.7049013486273752,0.0053629584774127674,0.25164198875427246,0.08678936090904435,0.005441007569742534,0.005953440068367691,0.2526775896549225,37,enddA,1,3.5
student_enddA_s1,test_w42-45,ge5,far,0.9523462168703125,95189,82348,0.9405078317872864,0.9115519656315789,0.8813825823837484,0.5131150726186429,0.852866987937382,0.7572209289087437,0.6239010054889008,0.7270264039660557,0.0053629584774127674,0.25164198875427246,0.08678936090904435,0.005441007569742534,0.005953440068367691,0.2526775896549225,37,enddA,1,3.5
student_enddA_s1,test_w46-49,all,all,0.9523462168703125,100000,100000,0.8915,0.859927417349707,0.8546585999,0.64523,0.8023234062000001,0.7317679851,0.74597,0.6809995259,0.024267797036245507,0.49011602997779846,0.15603177627175985,0.013482229366817764,0.031124115322530264,0.49876901507377625,37,enddA,1,7.5
student_enddA_s1,test_w46-49,all,near,0.9523462168703125,100000,10044,0.8915,0.859927417349707,0.8363835050776584,0.6646754281162883,0.787294504181601,0.7078935125448028,0.8080446037435285,0.661228158104341,0.024267797036245507,0.49011602997779846,0.15603177627175985,0.013482229366817764,0.031124115322530264,0.49876901507377625,37,enddA,1,7.5
student_enddA_s1,test_w46-49,all,far,0.9523462168703125,100000,89956,0.8915,0.859927417349707,0.8566990980590511,0.6430588287607275,0.8040014520432213,0.7344336794655165,0.7390390857752679,0.6832070897994574,0.024267797036245507,0.49011602997779846,0.15603177627175985,0.013482229366817764,0.031124115322530264,0.49876901507377625,37,enddA,1,7.5
student_enddA_s1,test_w46-49,ge5,all,0.9523462168703125,94953,93107,0.901382789380009,0.8678176628505183,0.8570052390519842,0.6404674192058599,0.8109699312491372,0.7393130853977037,0.7252515922540733,0.693681430709042,0.01822275694401967,0.4190247356891632,0.14038501765740496,0.01090380450689617,0.024832243989593362,0.42479705810546875,37,enddA,1,7.5
student_enddA_s1,test_w46-49,ge5,near,0.9523462168703125,94953,9749,0.901382789380009,0.8678176628505183,0.8395718182440681,0.6555544158375218,0.796431089952232,0.7106909250761942,0.7953636270386706,0.6695663580220858,0.01822275694401967,0.4190247356891632,0.14038501765740496,0.01090380450689617,0.024832243989593362,0.42479705810546875,37,enddA,1,7.5
student_enddA_s1,test_w46-49,ge5,far,0.9523462168703125,94953,83358,0.901382789380009,0.8678176628505183,0.8590441365717949,0.6387029439285972,0.812670297906249,0.7426605438416971,0.7170517526812064,0.6965017700121101,0.01822275694401967,0.4190247356891632,0.14038501765740496,0.01090380450689617,0.024832243989593362,0.42479705810546875,37,enddA,1,7.5
student_enddA_s1,test_w51-51,all,all,0.9523462168703125,100000,43579,0.85274,0.8076130602276118,0.8456033287822116,0.7631886918010968,0.7794924133183414,0.7263583609077767,0.8044700429105762,0.657971246012988,0.04128339776776728,0.680698573589325,0.20318820334442492,0.020363894771912836,0.04887990667283536,0.69482421875,37,enddA,1,11.0
student_enddA_s1,test_w51-51,all,near,0.9523462168703125,100000,6654,0.85274,0.8076130602276118,0.8234997730688307,0.7517282837391043,0.7611293402464684,0.6873002660054102,0.8391944694920349,0.6248708025247971,0.04128339776776728,0.680698573589325,0.20318820334442492,0.020363894771912836,0.04887990667283536,0.69482421875,37,enddA,1,11.0
student_enddA_s1,test_w51-51,all,far,0.9523462168703125,100000,36925,0.85274,0.8076130602276118,0.8495864583615438,0.7652538930264049,0.7828014962762355,0.7333967512525389,0.7982125930941096,0.6639360490182803,0.04128339776776728,0.680698573589325,0.20318820334442492,0.020363894771912836,0.04887990667283536,0.69482421875,37,enddA,1,11.0
student_enddA_s1,test_w51-51,ge5,all,0.9523462168703125,93905,40935,0.8606250998349396,0.8123419211352566,0.846073478372441,0.761182362281666,0.7861781241521082,0.7339041372691568,0.7943569072920483,0.6694768923945502,0.03588804746009276,0.6213916540145874,0.18980123163818105,0.01787845133388044,0.0432683689736068,0.6329913139343262,37,enddA,1,11.0
student_enddA_s1,test_w51-51,ge5,near,0.9523462168703125,93905,6460,0.8606250998349396,0.8123419211352566,0.8259964520166698,0.7486068111455109,0.768975959334437,0.6917106000844342,0.8351393188854489,0.6336783337616585,0.03588804746009276,0.6213916540145874,0.18980123163818105,0.01787845133388044,0.0432683689736068,0.6329913139343262,37,enddA,1,11.0
student_enddA_s1,test_w51-51,ge5,far,0.9523462168703125,93905,34475,0.8606250998349396,0.8123419211352566,0.8498355549571626,0.7635387962291516,0.7894015029692847,0.7418104534464826,0.7867150108774474,0.6761849036713735,0.03588804746009276,0.6213916540145874,0.18980123163818105,0.01787845133388044,0.0432683689736068,0.6329913139343262,37,enddA,1,11.0
student_kdA4_s1,val,all,all,1.6748460328322974,200000,54382,0.935625,0.906490054259266,0.8753189301607149,0.710988930160715,0.8521388138538487,0.8436812796513553,0.5921812364385275,0.8136112227391418,0.032240504307001816,0.27232983708381653,0.09877215246077795,0.005068299835464402,0.005917413415163766,0.22056278586387634,37,kdA4,1,1.0
student_kdA4_s1,val,all,near,1.6748460328322974,200000,12295,0.935625,0.906490054259266,0.8740494518096787,0.7022366815778772,0.8494884103294023,0.7945800093533957,0.7368849125660838,0.771126009760065,0.032240504307001816,0.27232983708381653,0.09877215246077795,0.005068299835464402,0.005917413415163766,0.22056278586387634,37,kdA4,1,1.0
student_kdA4_s1,val,all,far,1.6748460328322974,200000,42087,0.935625,0.906490054259266,0.8756897866324518,0.713545750469266,0.852913084087723,0.8580253792144843,0.5499085228217739,0.8260225538764939,0.032240504307001816,0.27232983708381653,0.09877215246077795,0.005068299835464402,0.005917413415163766,0.22056278586387634,37,kdA4,1,1.0
student_kdA4_s1,val,ge5,all,1.6748460328322974,190477,52884,0.9429694923796574,0.9134521857571528,0.8829710401601226,0.6901142122381061,0.8629148551895828,0.8537152487736713,0.5529838892670751,0.8260414754821136,0.027728751198970215,0.23664508759975433,0.08701885256705617,0.004100658100818881,0.004133843491156852,0.19269874691963196,37,kdA4,1,1.0
student_kdA4_s1,val,ge5,near,1.6748460328322974,190477,11763,0.9429694923796574,0.9134521857571528,0.8795811517635277,0.6679418515684774,0.8583189882702881,0.805220103382018,0.7007566097084077,0.7834423407985137,0.027728751198970215,0.23664508759975433,0.08701885256705617,0.004100658100818881,0.004133843491156852,0.19269874691963196,37,kdA4,1,1.0
student_kdA4_s1,val,ge5,far,1.6748460328322974,190477,41121,0.9429694923796574,0.9134521857571528,0.8839407455955242,0.696456798229615,0.8642295406926508,0.8675876836668408,0.5107122881252888,0.8382273080563016,0.027728751198970215,0.23664508759975433,0.08701885256705617,0.004100658100818881,0.004133843491156852,0.19269874691963196,37,kdA4,1,1.0
student_kdA4_s1,test_w42-45,all,all,1.6748460328322974,100000,100000,0.92407,0.8909883348259489,0.86681727835,0.65719,0.8351028486,0.8402891909500001,0.56546,0.8027279272999999,0.04095496774852276,0.3678950071334839,0.11732178903082295,0.006960570250370205,0.009650013301894033,0.283995658159256,37,kdA4,1,3.5
student_kdA4_s1,test_w42-45,all,near,1.6748460328322974,100000,11103,0.92407,0.8909883348259489,0.8476413888138341,0.7220571016842295,0.8202850031523011,0.8075738390525085,0.5829055210303522,0.7725538989462307,0.04095496774852276,0.3678950071334839,0.11732178903082295,0.006960570250370205,0.009650013301894033,0.283995658159256,37,kdA4,1,3.5
student_kdA4_s1,test_w42-45,all,far,1.6748460328322974,100000,88897,0.92407,0.8909883348259489,0.869212296196722,0.6490882706952991,0.8369535582753073,0.8443752518082726,0.5632811005995703,0.8064965835742489,0.04095496774852276,0.3678950071334839,0.11732178903082295,0.006960570250370205,0.009650013301894033,0.283995658159256,37,kdA4,1,3.5
student_kdA4_s1,test_w42-45,ge5,all,1.6748460328322974,95189,93109,0.9321140047694586,0.897728624701247,0.8706330154726729,0.6415169317681427,0.8431409197829693,0.8448663029242798,0.5334178221224586,0.8107852807640216,0.03582925768562748,0.327090322971344,0.10444469758383271,0.005779899769141503,0.0075681071144289005,0.2530527710914612,37,kdA4,1,3.5
student_kdA4_s1,test_w42-45,ge5,near,1.6748460328322974,95189,10761,0.9321140047694586,0.897728624701247,0.8539119589691837,0.7119226837654493,0.830225300629511,0.8144094029008335,0.5616578384908466,0.7826871423531906,0.03582925768562748,0.327090322971344,0.10444469758383271,0.005779899769141503,0.0075681071144289005,0.2530527710914612,37,kdA4,1,3.5
student_kdA4_s1,test_w42-45,ge5,far,1.6748460328322974,95189,82348,0.9321140047694586,0.897728624701247,0.872818075085949,0.6323165104191966,0.8448286957788692,0.8488463230966253,0.5297274979355904,0.814457064747105,0.03582925768562748,0.327090322971344,0.10444469758383271,0.005779899769141503,0.0075681071144289005,0.2530527710914612,37,kdA4,1,3.5
student_kdA4_s1,test_w46-49,all,all,1.6748460328322974,100000,100000,0.88123,0.8461994339936767,0.84542087275,0.74729,0.793438362,0.82088900215,0.69821,0.7622376549,0.07179683196842666,0.6799864172935486,0.1864323649017867,0.014063051580838697,0.032686131443977334,0.49061402678489685,37,kdA4,1,7.5
student_kdA4_s1,test_w46-49,all,near,1.6748460328322974,100000,10044,0.88123,0.8461994339936767,0.8154735220031859,0.8080446037435285,0.7723644295101554,0.7765372466148944,0.7125647152528873,0.7233339844683393,0.07179683196842666,0.6799864172935486,0.1864323649017867,0.014063051580838697,0.032686131443977334,0.49061402678489685,37,kdA4,1,7.5
student_kdA4_s1,test_w46-49,all,far,1.6748460328322974,100000,89956,0.88123,0.8461994339936767,0.848764631820001,0.7405064698296945,0.7957913632220197,0.8258410790831072,0.6966072302014318,0.7665814281426476,0.07179683196842666,0.6799864172935486,0.1864323649017867,0.014063051580838697,0.032686131443977334,0.49061402678489685,37,kdA4,1,7.5
student_kdA4_s1,test_w46-49,ge5,all,1.6748460328322974,94953,93107,0.8921150463913726,0.85486856584194,0.8498977248124613,0.7308258240518973,0.8035488370215504,0.8262317109887726,0.6618728989227448,0.7727009783186012,0.06422126589752411,0.5854995250701904,0.16855754857165112,0.011889620653138101,0.028723901493807866,0.42703017592430115,37,kdA4,1,7.5
student_kdA4_s1,test_w46-49,ge5,near,1.6748460328322974,94953,9749,0.8921150463913726,0.85486856584194,0.8216209048846909,0.8013129551748898,0.7835546502382464,0.7835762960947137,0.6846856087803878,0.7354725966498078,0.06422126589752411,0.5854995250701904,0.16855754857165112,0.011889620653138101,0.028723901493807866,0.42703017592430115,37,kdA4,1,7.5
student_kdA4_s1,test_w46-49,ge5,far,1.6748460328322974,94953,83358,0.8921150463913726,0.85486856584194,0.8532047945295349,0.7225821156937546,0.8058872247821784,0.8312204060126717,0.6592048753568943,0.7770549634536699,0.06422126589752411,0.5854995250701904,0.16855754857165112,0.011889620653138101,0.028723901493807866,0.42703017592430115,37,kdA4,1,7.5
student_kdA4_s1,test_w51-51,all,all,1.6748460328322974,100000,43579,0.84806,0.7990246399908153,0.8372182872484453,0.8096789738176645,0.7725396362927097,0.802641935335827,0.8231946579774662,0.7373985004245164,0.09257564976409077,0.9883614182472229,0.23724690529330097,0.02073150274698289,0.045191795521900065,0.6996545195579529,37,kdA4,1,11.0
student_kdA4_s1,test_w51-51,all,near,1.6748460328322974,100000,6654,0.84806,0.7990246399908153,0.7986486256387136,0.8614367297865946,0.7472241869552149,0.7502223376916141,0.8205590622182146,0.6920386684700932,0.09257564976409077,0.9883614182472229,0.23724690529330097,0.02073150274698289,0.045191795521900065,0.6996545195579529,37,kdA4,1,11.0
student_kdA4_s1,test_w51-51,all,far,1.6748460328322974,100000,36925,0.84806,0.7990246399908153,0.8441686603926879,0.8003520649966147,0.7771015591062965,0.8120881100880162,0.8236696005416384,0.7455724834123223,0.09257564976409077,0.9883614182472229,0.23724690529330097,0.02073150274698289,0.045191795521900065,0.6996545195579529,37,kdA4,1,11.0
student_kdA4_s1,test_w51-51,ge5,all,1.6748460328322974,93905,40935,0.8571322080826367,0.8040884960525294,0.84074153762453,0.8022963234395993,0.7813592112130403,0.8085462415343824,0.8085745694393551,0.7471138192355,0.08619184291697271,0.9058497548103333,0.22212734743928628,0.01851644760144421,0.042669710932441964,0.6437796950340271,37,kdA4,1,11.0
student_kdA4_s1,test_w51-51,ge5,near,1.6748460328322974,93905,6460,0.8571322080826367,0.8040884960525294,0.8049933764823582,0.8565015479876161,0.7577932872346616,0.7583695983837166,0.8131578947368421,0.7040176316127408,0.08619184291697271,0.9058497548103333,0.22212734743928628,0.01851644760144421,0.042669710932441964,0.6437796950340271,37,kdA4,1,11.0
student_kdA4_s1,test_w51-51,ge5,far,1.6748460328322974,93905,34475,0.8571322080826367,0.8040884960525294,0.8474401053106339,0.7921392313270486,0.785775044973746,0.8179484493589888,0.8077157360406091,0.7551892760025203,0.08619184291697271,0.9058497548103333,0.22212734743928628,0.01851644760144421,0.042669710932441964,0.6437796950340271,37,kdA4,1,11.0
student_kdB4_s1,val,all,all,1.8344740932602757,200000,54382,0.93576,0.9082761752042818,0.8822118040436173,0.7155124857489611,0.8588241249862086,0.8526515763487919,0.6338862123496746,0.8244495234636461,0.03521303680613635,0.2960359454154968,0.1001485355470911,0.005156780194225911,0.004590253205932641,0.22390392422676086,37,kdB4,1,1.0
student_kdB4_s1,val,all,near,1.8344740932602757,200000,12295,0.93576,0.9082761752042818,0.8788579174461164,0.6760471736478243,0.8542043228954859,0.816516609190728,0.7220821472143147,0.7926492846685643,0.03521303680613635,0.2960359454154968,0.1001485355470911,0.005156780194225911,0.004590253205932641,0.22390392422676086,37,kdB4,1,1.0
student_kdB4_s1,val,all,far,1.8344740932602757,200000,42087,0.93576,0.9082761752042818,0.8831915848718133,0.7270416042958633,0.8601737214579325,0.8632077913607528,0.6081212726019911,0.8337394214365482,0.03521303680613635,0.2960359454154968,0.1001485355470911,0.005156780194225911,0.004590253205932641,0.22390392422676086,37,kdB4,1,1.0
student_kdB4_s1,val,ge5,all,1.8344740932602757,190477,52884,0.9433212408847262,0.9153356525528445,0.8898399994725483,0.6975455714393768,0.8697302887835542,0.8636340122903013,0.5978367748279253,0.8378046237954043,0.03013887328101951,0.25810375809669495,0.08807252954026705,0.004162319343007268,0.003265938355462583,0.19588208198547363,37,kdB4,1,1.0
student_kdB4_s1,val,ge5,near,1.8344740932602757,190477,11763,0.9433212408847262,0.9153356525528445,0.8841937420809574,0.6600357051772507,0.8632331066354763,0.8273772149016185,0.685539403213466,0.8053876831339712,0.03013887328101951,0.25810375809669495,0.08807252954026705,0.004162319343007268,0.003265938355462583,0.19588208198547363,37,kdB4,1,1.0
student_kdB4_s1,val,ge5,far,1.8344740932602757,190477,41121,0.9433212408847262,0.9153356525528445,0.8914551578027756,0.7082755769558133,0.8715888611336393,0.8740055671572327,0.5727487172004572,0.8470777560879177,0.03013887328101951,0.25810375809669495,0.08807252954026705,0.004162319343007268,0.003265938355462583,0.19588208198547363,37,kdB4,1,1.0
student_kdB4_s1,test_w42-45,all,all,1.8344740932602757,100000,100000,0.92581,0.8933184577865643,0.86314596765,0.67526,0.8337850969,0.84457240885,0.52316,0.8075572685,0.043469498512595864,0.3918589949607849,0.11800218276737388,0.007047392668041699,0.008982101278528602,0.2816371023654938,37,kdB4,1,3.5
student_kdB4_s1,test_w42-45,all,near,1.8344740932602757,100000,11103,0.92581,0.8933184577865643,0.8351686868413942,0.7399801855354409,0.8097469656849501,0.8118355804737459,0.6097451139331712,0.7785432018373412,0.043469498512595864,0.3918589949607849,0.11800218276737388,0.007047392668041699,0.008982101278528602,0.2816371023654938,37,kdB4,1,3.5
student_kdB4_s1,test_w42-45,all,far,1.8344740932602757,100000,88897,0.92581,0.8933184577865643,0.8666402559703927,0.6671766201334128,0.8367873958626275,0.8486611520636241,0.5123457484504539,0.8111810486293125,0.043469498512595864,0.3918589949607849,0.11800218276737388,0.007047392668041699,0.008982101278528602,0.2816371023654938,37,kdB4,1,3.5
student_kdB4_s1,test_w42-45,ge5,all,1.8344740932602757,95189,93109,0.9343201420332181,0.9000955036593822,0.867385752027221,0.6528477375978692,0.8427057447150617,0.8503806485041587,0.4973740454735847,0.8172624119847757,0.03750200769143584,0.34616079926490784,0.10443251628052046,0.0057680265931228675,0.006946898151107061,0.2493617683649063,37,kdB4,1,3.5
student_kdB4_s1,test_w42-45,ge5,near,1.8344740932602757,95189,10761,0.9343201420332181,0.9000955036593822,0.8414782119736668,0.7278134002416132,0.8200074841396463,0.8192439412441842,0.5786636929653378,0.7893928923091942,0.03750200769143584,0.34616079926490784,0.10443251628052046,0.0057680265931228675,0.006946898151107061,0.2493617683649063,37,kdB4,1,3.5
student_kdB4_s1,test_w42-45,ge5,far,1.8344740932602757,95189,82348,0.9343201420332181,0.9000955036593822,0.8707712749120062,0.6430514402292709,0.845671888180016,0.8544495039326401,0.48675134793801916,0.8209043207285086,0.03750200769143584,0.34616079926490784,0.10443251628052046,0.0057680265931228675,0.006946898151107061,0.2493617683649063,37,kdB4,1,3.5
student_kdB4_s1,test_w46-49,all,all,1.8344740932602757,100000,100000,0.88264,0.8460237051486604,0.8406984491499999,0.75213,0.7903929035999999,0.82461912765,0.65025,0.765443984,0.07699407114654774,0.6929029822349548,0.18953363623254132,0.014416651492322047,0.03316091010980307,0.466685026884079,37,kdB4,1,7.5
student_kdB4_s1,test_w46-49,all,near,1.8344740932602757,100000,10044,0.88264,0.8460237051486604,0.8051818687773795,0.801373954599761,0.7632469245320589,0.7827530431103147,0.7043010752688172,0.7302530665073674,0.07699407114654774,0.6929029822349548,0.18953363623254132,0.014416651492322047,0.03316091010980307,0.466685026884079,37,kdB4,1,7.5
student_kdB4_s1,test_w46-49,all,far,1.8344740932602757,100000,89956,0.88264,0.8460237051486604,0.8446640382520345,0.7466316866023389,0.7934238766730403,0.8292936680154743,0.6442149495308818,0.7693732113477701,0.07699407114654774,0.6929029822349548,0.18953363623254132,0.014416651492322047,0.03316091010980307,0.466685026884079,37,kdB4,1,7.5
student_kdB4_s1,test_w46-49,ge5,all,1.8344740932602757,94953,93107,0.8939370004107295,0.8548636083116661,0.8448712560045564,0.7512646739772519,0.8006152623049643,0.8308632566725702,0.6138743596077632,0.7769838982168371,0.06887909473222163,0.5946357846260071,0.1712480062001428,0.012200665534875399,0.02854136628687704,0.40463486313819885,37,kdB4,1,7.5
student_kdB4_s1,test_w46-49,ge5,near,1.8344740932602757,94953,9749,0.8939370004107295,0.8548636083116661,0.8115374666247225,0.7952610524156324,0.7746619847059922,0.7906170604369067,0.6844804595343112,0.7430730831404184,0.06887909473222163,0.5946357846260071,0.1712480062001428,0.012200665534875399,0.02854136628687704,0.40463486313819885,37,kdB4,1,7.5
student_kdB4_s1,test_w46-49,ge5,far,1.8344740932602757,94953,83358,0.8939370004107295,0.8548636083116661,0.8487697554007032,0.7461191487319754,0.8036505858889319,0.8355701854268767,0.6056167374457161,0.7809498827195843,0.06887909473222163,0.5946357846260071,0.1712480062001428,0.012200665534875399,0.02854136628687704,0.40463486313819885,37,kdB4,1,7.5
student_kdB4_s1,test_w51-51,all,all,1.8344740932602757,100000,43579,0.84706,0.7965833361836072,0.8345294496202299,0.8046536175680947,0.7688730443562266,0.8077143212327037,0.8062828426535716,0.7396350478441451,0.10214603692412375,1.0199337005615234,0.24493113885735474,0.021254084402787216,0.04993452063284816,0.6692295074462891,37,kdB4,1,11.0
student_kdB4_s1,test_w51-51,all,near,1.8344740932602757,100000,6654,0.84706,0.7965833361836072,0.7889876367598436,0.8501653140967839,0.7362089074241058,0.7549908258190562,0.795912233243162,0.6942778899909828,0.10214603692412375,1.0199337005615234,0.24493113885735474,0.021254084402787216,0.04993452063284816,0.6692295074462891,37,kdB4,1,11.0
student_kdB4_s1,test_w51-51,all,far,1.8344740932602757,100000,36925,0.84706,0.7965833361836072,0.8427362261340555,0.7964522681110359,0.7747592235612728,0.817215259309411,0.8081516587677725,0.7478085489505755,0.10214603692412375,1.0199337005615234,0.24493113885735474,0.021254084402787216,0.04993452063284816,0.6692295074462891,37,kdB4,1,11.0
student_kdB4_s1,test_w51-51,ge5,all,1.8344740932602757,93905,40935,0.8563867738672062,0.8016466219685948,0.837760443972809,0.8028337608403566,0.7777572939997867,0.8138607020587084,0.7873457921094418,0.7500738620351748,0.09587710904120433,0.9425724744796753,0.23017765582050928,0.018940776152416957,0.04712029449702405,0.6185438632965088,37,kdB4,1,11.0
student_kdB4_s1,test_w51-51,ge5,near,1.8344740932602757,93905,6460,0.8563867738672062,0.8016466219685948,0.795975646786168,0.8464396284829722,0.747348623032005,0.7638020969417252,0.7839009287925697,0.706839246831204,0.09587710904120433,0.9425724744796753,0.23017765582050928,0.018940776152416957,0.04712029449702405,0.6185438632965088,37,kdB4,1,11.0
student_kdB4_s1,test_w51-51,ge5,far,1.8344740932602757,93905,34475,0.8563867738672062,0.8016466219685948,0.845590169566013,0.7946627991298042,0.7834553364784484,0.8232407916614847,0.7879912980420595,0.7581752576615026,0.09587710904120433,0.9425724744796753,0.23017765582050928,0.018940776152416957,0.04712029449702405,0.6185438632965088,37,kdB4,1,11.0
student_direct_s2,val,all,all,1.1117051759845116,200000,54382,0.94956,0.9297317482122802,0.8921615123570299,0.6561362215438932,0.8742798179544701,0.8551503015703726,0.6294729873855319,0.8298693409584053,0.0032146081631630433,0.17758966982364655,0.0727033477004977,0.003284602779783132,0.004799534527622114,0.17593161761760712,37,direct,2,1.0
student_direct_s2,val,all,near,1.1117051759845116,200000,12295,0.94956,0.9297317482122802,0.8895716720211468,0.639121594143961,0.8708831289141928,0.7357932734851567,0.7799918666124441,0.7180801037006913,0.0032146081631630433,0.17758966982364655,0.0727033477004977,0.003284602779783132,0.004799534527622114,0.17593161761760712,37,direct,2,1.0
student_direct_s2,val,all,far,1.1117051759845116,200000,42087,0.94956,0.9297317482122802,0.8929180900872005,0.6611067550550052,0.8752721027870839,0.8900184238006985,0.585501461258821,0.8625266620334069,0.0032146081631630433,0.17758966982364655,0.0727033477004977,0.003284602779783132,0.004799534527622114,0.17593161761760712,37,direct,2,1.0
student_direct_s2,val,ge5,all,1.1117051759845116,190477,52884,0.9546296928238055,0.9349913083323762,0.9003688886438185,0.6290371378866955,0.884143371177262,0.8713017517766655,0.5632894637319416,0.8470619893472215,0.0033343766284924677,0.1576756089925766,0.0655231862649803,0.002715572456469923,0.0038443825067172614,0.15583263337612152,37,direct,2,1.0
student_direct_s2,val,ge5,near,1.1117051759845116,190477,11763,0.9546296928238055,0.9349913083323762,0.8959795184387425,0.6056278160333248,0.8791359754803164,0.7523495394119327,0.7503187962254527,0.7353526643456677,0.0033343766284924677,0.1576756089925766,0.0655231862649803,0.002715572456469923,0.0038443825067172614,0.15583263337612152,37,direct,2,1.0
student_direct_s2,val,ge5,far,1.1117051759845116,190477,41121,0.9546296928238055,0.9349913083323762,0.9016245040647057,0.6357335667906909,0.885575777869297,0.9053290097238543,0.5097881860849688,0.8790173598390206,0.0033343766284924677,0.1576756089925766,0.0655231862649803,0.002715572456469923,0.0038443825067172614,0.15583263337612152,37,direct,2,1.0
student_directTS_s2,val,all,all,,200000,54382,0.94956,0.9297317482122802,0.8929915598451693,0.6482843587951895,0.8748655219557943,0.8539188594112023,0.6319738148652128,0.8285526408554302,0.004799534527622114,0.17593161761760712,0.07279436277224384,0.003278830681234339,,,37,directTS,2,1.0
student_directTS_s2,val,all,near,,200000,12295,0.94956,0.9297317482122802,0.8898542055713705,0.6317202114680764,0.8710713395689305,0.7327161331842212,0.7807238714924766,0.7149789642130948,0.004799534527622114,0.17593161761760712,0.07279436277224384,0.003278830681234339,,,37,directTS,2,1.0
student_directTS_s2,val,all,far,,200000,42087,0.94956,0.9297317482122802,0.8939080844441276,0.6531232922280039,0.8759739276973887,0.8893261709078812,0.5885190201249793,0.8617312554945709,0.004799534527622114,0.17593161761760712,0.07279436277224384,0.003278830681234339,,,37,directTS,2,1.0
student_directTS_s2,val,ge5,all,,190477,52884,0.9546296928238055,0.9349913083323762,0.9015442874590723,0.6228537932077756,0.8850234406301822,0.8702304388518692,0.5662771348612057,0.8459093013711738,0.0038443825067172614,0.15583263337612152,0.06553638727318771,0.0027077984085206682,,,37,directTS,2,1.0
student_directTS_s2,val,ge5,near,,190477,11763,0.9546296928238055,0.9349913083323762,0.8966051003885376,0.6021423106350421,0.8795943548124899,0.7494069869471098,0.751934030434413,0.7323888999715057,0.0038443825067172614,0.15583263337612152,0.06553638727318771,0.0027077984085206682,,,37,directTS,2,1.0
student_directTS_s2,val,ge5,far,,190477,41121,0.9546296928238055,0.9349913083323762,0.9029571825129548,0.6287784830135454,0.8865764752468868,0.9047929802481312,0.5131684540745605,0.8783827451508557,0.0038443825067172614,0.15583263337612152,0.06553638727318771,0.0027077984085206682,,,37,directTS,2,1.0
student_direct_s2,test_w42-45,all,all,1.1117051759845116,100000,100000,0.93785,0.9137037773599952,0.88477060365,0.58982,0.8574866928,0.8698120968,0.61366,0.8373498846,0.0109534345300496,0.2615751028060913,0.0910797831115657,0.0050075709670010255,0.003160857537612292,0.25296345353126526,37,direct,2,3.5
student_direct_s2,test_w42-45,all,near,1.1117051759845116,100000,11103,0.93785,0.9137037773599952,0.8752124263712509,0.6468522021075385,0.850706470323336,0.8828841344681617,0.6073133387372782,0.8501157858236512,0.0109534345300496,0.2615751028060913,0.0910797831115657,0.0050075709670010255,0.003160857537612292,0.25296345353126526,37,direct,2,3.5
student_direct_s2,test_w42-45,all,far,1.1117051759845116,100000,88897,0.93785,0.9137037773599952,0.8859643946927344,0.5826968289143616,0.8583335246408765,0.868179433895407,0.6144526811928411,0.835755457327019,0.0109534345300496,0.2615751028060913,0.0910797831115657,0.0050075709670010255,0.003160857537612292,0.25296345353126526,37,direct,2,3.5
student_direct_s2,test_w42-45,ge5,all,1.1117051759845116,95189,93109,0.944163716395802,0.9193163661012731,0.8900061007445752,0.5652407393485055,0.8654145203410638,0.8807640078227695,0.5506879034250179,0.8502783952776326,0.010008068050571658,0.23678235709667206,0.08240341658742698,0.004209480374353193,0.003376552801743643,0.22846242785453796,37,direct,2,3.5
student_direct_s2,test_w42-45,ge5,near,1.1117051759845116,95189,10761,0.944163716395802,0.9193163661012731,0.8824718775927374,0.624105566397175,0.8604478572183192,0.8970076273231591,0.535730880029737,0.8661323560190456,0.010008068050571658,0.23678235709667206,0.08240341658742698,0.004209480374353193,0.003376552801743643,0.22846242785453796,37,direct,2,3.5
student_direct_s2,test_w42-45,ge5,far,1.1117051759845116,95189,82348,0.944163716395802,0.9193163661012731,0.8909906513752757,0.5575484529071745,0.8660635496054523,0.878641338305068,0.5526424442609413,0.8482066452468079,0.010008068050571658,0.23678235709667206,0.08240341658742698,0.004209480374353193,0.003376552801743643,0.22846242785453796,37,direct,2,3.5
student_directTS_s2,test_w42-45,all,all,,100000,100000,0.93785,0.9137037773599952,0.88583776475,0.57991,0.8582837840000002,0.8687857158,0.61503,0.8363033456,0.003160857537612292,0.25296345353126526,0.09058688506946794,0.004980295537590803,,,37,directTS,2,3.5
student_directTS_s2,test_w42-45,all,near,,100000,11103,0.93785,0.9137037773599952,0.8762719796451409,0.6364946410879943,0.8515032837971719,0.8821822939746016,0.6064126812573178,0.8493318112221921,0.003160857537612292,0.25296345353126526,0.09058688506946794,0.004980295537590803,,,37,directTS,2,3.5
student_directTS_s2,test_w42-45,all,far,,100000,88897,0.93785,0.9137037773599952,0.8870325059900784,0.5728427281010607,0.8591306505281393,0.8671125186451736,0.6161062803019225,0.8346761247286186,0.003160857537612292,0.25296345353126526,0.09058688506946794,0.004980295537590803,,,37,directTS,2,3.5
student_directTS_s2,test_w42-45,ge5,all,,95189,93109,0.944163716395802,0.9193163661012731,0.8913200564909577,0.5555424287662847,0.8664138021152892,0.8799020262863753,0.5557572307725354,0.8493884622773016,0.003376552801743643,0.22846242785453796,0.08195861911591697,0.004183040577956163,,,37,directTS,2,3.5
student_directTS_s2,test_w42-45,ge5,near,,95189,10761,0.944163716395802,0.9193163661012731,0.8839171908145133,0.6145339652448657,0.8615643580602572,0.8964240930292122,0.5388904376916643,0.8654657546497698,0.003376552801743643,0.22846242785453796,0.08195861911591697,0.004183040577956163,,,37,directTS,2,3.5
student_directTS_s2,test_w42-45,ge5,far,,95189,82348,0.944163716395802,0.9193163661012731,0.8922874417042502,0.5478335843007723,0.8670475135287561,0.8777429700831929,0.5579613348229465,0.8472875279107094,0.003376552801743643,0.22846242785453796,0.08195861911591697,0.004183040577956163,,,37,directTS,2,3.5
student_direct_s2,test_w46-49,all,all,1.1117051759845116,100000,100000,0.89503,0.8678716564679281,0.8614875008999999,0.6754,0.8128617453,0.8475421373500001,0.6748,0.7911283961000001,0.03790293364062906,0.5037333369255066,0.15401079231339304,0.012206388517905894,0.02866647139616307,0.47541606426239014,37,direct,2,7.5
student_direct_s2,test_w46-49,all,near,1.1117051759845116,100000,10044,0.89503,0.8678716564679281,0.8466455470927916,0.7289924332935086,0.8026439028275587,0.8546512061927518,0.6785145360414178,0.7983482357626444,0.03790293364062906,0.5037333369255066,0.15401079231339304,0.012206388517905894,0.02866647139616307,0.47541606426239014,37,direct,2,7.5
student_direct_s2,test_w46-49,all,far,1.1117051759845116,100000,89956,0.89503,0.8678716564679281,0.8631446731179687,0.6694161590110721,0.8140026142780914,0.8467483772066344,0.6743852550135622,0.7903222678865223,0.03790293364062906,0.5037333369255066,0.15401079231339304,0.012206388517905894,0.02866647139616307,0.47541606426239014,37,direct,2,7.5
student_direct_s2,test_w46-49,ge5,all,1.1117051759845116,94953,93107,0.9047528777395132,0.8756959059297154,0.8669463143664489,0.6679626666093849,0.8227612652965789,0.8587834150215234,0.6445702256543546,0.8066793783217427,0.03421833212056279,0.4404086470603943,0.14014174185147274,0.010398445671780124,0.025811618145119303,0.41614988446235657,37,direct,2,7.5
student_direct_s2,test_w46-49,ge5,near,1.1117051759845116,94953,9749,0.9047528777395132,0.8756959059297154,0.8542990389109015,0.7121756077546415,0.8142540812961244,0.8691093267334704,0.6458098266488871,0.8169117733265745,0.03421833212056279,0.4404086470603943,0.14014174185147274,0.010398445671780124,0.025811618145119303,0.41614988446235657,37,direct,2,7.5
student_direct_s2,test_w46-49,ge5,far,1.1117051759845116,94953,83358,0.9047528777395132,0.8756959059297154,0.8684254560015184,0.6627918136231675,0.8237562092350184,0.8575757647266533,0.6444252501259627,0.8054826651220245,0.03421833212056279,0.4404086470603943,0.14014174185147274,0.010398445671780124,0.025811618145119303,0.41614988446235657,37,direct,2,7.5
student_directTS_s2,test_w46-49,all,all,,100000,100000,0.89503,0.8678716564679281,0.86282266795,0.66251,0.8137410121,0.84652897,0.67829,0.7901021493999999,0.02866647139616307,0.47541606426239014,0.15166034375376927,0.01216663911792492,,,37,directTS,2,7.5
student_directTS_s2,test_w46-49,all,near,,100000,10044,0.89503,0.8678716564679281,0.8480312305854241,0.7163480684986061,0.8035475995619275,0.8539453041616886,0.6807048984468339,0.7975472510951812,0.02866647139616307,0.47541606426239014,0.15166034375376927,0.01216663911792492,,,37,directTS,2,7.5
student_directTS_s2,test_w46-49,all,far,,100000,89956,0.89503,0.8678716564679281,0.8644741997754457,0.6564987327137711,0.8148791533638668,0.8457009022744453,0.6780203655120282,0.7892708696473832,0.02866647139616307,0.47541606426239014,0.15166034375376927,0.01216663911792492,,,37,directTS,2,7.5
student_directTS_s2,test_w46-49,ge5,all,,94953,93107,0.9047528777395132,0.8756959059297154,0.8685014815630758,0.6540861589354184,0.8238473017387443,0.8579258507221301,0.6427980710365494,0.8058017875291732,0.025811618145119303,0.41614988446235657,0.1379542316404048,0.010333920168980097,,,37,directTS,2,7.5
student_directTS_s2,test_w46-49,ge5,near,,94953,9749,0.9047528777395132,0.8756959059297154,0.8559919555387637,0.6960713919376347,0.8154521744553471,0.8685305583918965,0.6417068417273567,0.8162347849195377,0.025811618145119303,0.41614988446235657,0.1379542316404048,0.010333920168980097,,,37,directTS,2,7.5
student_directTS_s2,test_w46-49,ge5,far,,94953,83358,0.9047528777395132,0.8756959059297154,0.8699645129363215,0.6491758439501908,0.8248291402651705,0.8566855942971612,0.6429256939945776,0.8045816132020702,0.025811618145119303,0.41614988446235657,0.1379542316404048,0.010333920168980097,,,37,directTS,2,7.5
student_direct_s2,test_w51-51,all,all,1.1117051759845116,100000,43579,0.85732,0.8136999176869942,0.8572306775052204,0.7333578099543357,0.7909245978567658,0.8374555387916198,0.7971729502742146,0.7704412905298423,0.0629594426641613,0.8731279969215393,0.2103171962911211,0.019253268295243188,0.05261171175673604,0.8123129606246948,37,direct,2,11.0
student_direct_s2,test_w51-51,all,near,1.1117051759845116,100000,6654,0.85732,0.8136999176869942,0.8402550488428013,0.7790802524797115,0.7795183198076344,0.8404305357679591,0.7539825668770664,0.7730353681995792,0.0629594426641613,0.8731279969215393,0.2103171962911211,0.019253268295243188,0.05261171175673604,0.8123129606246948,37,direct,2,11.0
student_direct_s2,test_w51-51,all,far,1.1117051759845116,100000,36925,0.85732,0.8136999176869942,0.8602897386594448,0.7251184834123223,0.7929800446851727,0.83691943507109,0.8049559918754231,0.7699738296547054,0.0629594426641613,0.8731279969215393,0.2103171962911211,0.019253268295243188,0.05261171175673604,0.8123129606246948,37,direct,2,11.0
student_direct_s2,test_w51-51,ge5,all,1.1117051759845116,93905,40935,0.8655875618976625,0.8184754948468093,0.8625012546984977,0.7212409918162941,0.8000315837572552,0.8510748954180536,0.7709050934408208,0.787494783479092,0.06015450813486757,0.8261699080467224,0.19878352130661267,0.01714831610725346,0.05066716032384661,0.7678366899490356,37,direct,2,11.0
student_direct_s2,test_w51-51,ge5,near,1.1117051759845116,93905,6460,0.8655875618976625,0.8184754948468093,0.8477672135217348,0.7606811145510836,0.7902803274437656,0.8559239856564083,0.7275541795665634,0.7919075450569815,0.06015450813486757,0.8261699080467224,0.19878352130661267,0.01714831610725346,0.05066716032384661,0.7678366899490356,37,direct,2,11.0
student_direct_s2,test_w51-51,ge5,far,1.1117051759845116,93905,34475,0.8655875618976625,0.8184754948468093,0.8652621511742598,0.7138506163886874,0.8018587952376075,0.8501662624103736,0.7790282813633067,0.78666791067871,0.06015450813486757,0.8261699080467224,0.19878352130661267,0.01714831610725346,0.05066716032384661,0.7678366899490356,37,direct,2,11.0
student_directTS_s2,test_w51-51,all,all,,100000,43579,0.85732,0.8136999176869942,0.8580945199522706,0.7440510337547902,0.7916109334771335,0.8363904822276784,0.8006149751026871,0.7694641701278139,0.05261171175673604,0.8123129606246948,0.20594783426727314,0.01916448904862418,,,37,directTS,2,11.0
student_directTS_s2,test_w51-51,all,near,,100000,6654,0.85732,0.8136999176869942,0.8412720468890892,0.7796813946498347,0.7802351472798317,0.839690858130448,0.755936278929967,0.7722905034565676,0.05261171175673604,0.8123129606246948,0.20594783426727314,0.01916448904862418,,,37,directTS,2,11.0
student_directTS_s2,test_w51-51,all,far,,100000,36925,0.85732,0.8136999176869942,0.8611259819905213,0.7376303317535545,0.7936608855788762,0.8357957442112389,0.8086662153012864,0.7689548560595802,0.05261171175673604,0.8123129606246948,0.20594783426727314,0.01916448904862418,,,37,directTS,2,11.0
student_directTS_s2,test_w51-51,ge5,all,,93905,40935,0.8655875618976625,0.8184754948468093,0.8636915441369499,0.7144985953340662,0.8009909731622286,0.8502507684587272,0.7738854281177476,0.7867549293868257,0.05066716032384661,0.7678366899490356,0.1945271460365774,0.017023659722893582,,,37,directTS,2,11.0
student_directTS_s2,test_w51-51,ge5,near,,93905,6460,0.8655875618976625,0.8184754948468093,0.8491388231931256,0.7507739938080495,0.791333885457983,0.8554062295024135,0.7289473684210527,0.7913770273395664,0.05066716032384661,0.7678366899490356,0.1945271460365774,0.017023659722893582,,,37,directTS,2,11.0
student_directTS_s2,test_w51-51,ge5,far,,93905,34475,0.8655875618976625,0.8184754948468093,0.8664184644356333,0.707701232777375,0.8028005391250835,0.8492847270274809,0.7823060188542422,0.7858888306841513,0.05066716032384661,0.7678366899490356,0.1945271460365774,0.017023659722893582,,,37,directTS,2,11.0
student_ls_s2,val,all,all,0.7388355946162122,200000,54382,0.94533,0.9218814947496357,0.8896417373395609,0.5386708837482991,0.8648753344856754,0.8645614339763157,0.49595454378286935,0.8341407452833659,0.05657908799283205,0.24274423718452454,0.08384892711526207,0.004480611825591689,0.005749954942055078,0.20070156455039978,37,ls,2,1.0
student_ls_s2,val,all,near,0.7388355946162122,200000,12295,0.94533,0.9218814947496357,0.8916046041073608,0.6085400569337129,0.8693612269215129,0.8343530170801139,0.6759658397722651,0.8088583619357462,0.05657908799283205,0.24274423718452454,0.08384892711526207,0.004480611825591689,0.005749954942055078,0.20070156455039978,37,ls,2,1.0
student_ls_s2,val,all,far,0.7388355946162122,200000,42087,0.94533,0.9218814947496357,0.8890683192553521,0.5182597951861619,0.8635648574381638,0.8733863083018509,0.4433673105709601,0.8415265628341293,0.05657908799283205,0.24274423718452454,0.08384892711526207,0.004480611825591689,0.005749954942055078,0.20070156455039978,37,ls,2,1.0
student_ls_s2,val,ge5,all,0.7388355946162122,190477,52884,0.9509337085317388,0.9276108272084921,0.8937010379048639,0.524771197337569,0.8714835525058844,0.8688228821496194,0.47127675667498675,0.8411111914590792,0.05677530289281765,0.2225959300994873,0.07637219686244286,0.003868280695455641,0.004440904648325883,0.17939606308937073,37,ls,2,1.0
student_ls_s2,val,ge5,near,0.7388355946162122,190477,11763,0.9509337085317388,0.9276108272084921,0.8952538189279643,0.5933010286491541,0.8754452130482295,0.8394894755578952,0.6526396327467483,0.816095885392538,0.05677530289281765,0.2225959300994873,0.07637219686244286,0.003868280695455641,0.004440904648325883,0.17939606308937073,37,ls,2,1.0
student_ls_s2,val,ge5,far,0.7388355946162122,190477,41121,0.9509337085317388,0.9276108272084921,0.8932568521317862,0.5051676758833686,0.8703502869491225,0.877213944179688,0.41939641545682255,0.8482670253459185,0.05677530289281765,0.2225959300994873,0.07637219686244286,0.003868280695455641,0.004440904648325883,0.17939606308937073,37,ls,2,1.0
student_ls_s2,test_w42-45,all,all,0.7388355946162122,100000,100000,0.93422,0.9062013911746354,0.88387113065,0.51035,0.851950739,0.8542660228000001,0.56573,0.8201931158,0.052995700922384884,0.3010907769203186,0.09905655530915876,0.006395045351159381,0.008779955824911565,0.2699093818664551,37,ls,2,3.5
student_ls_s2,test_w42-45,all,near,0.7388355946162122,100000,11103,0.93422,0.9062013911746354,0.8700437814104296,0.5461586958479691,0.8393568963343241,0.8338050126092047,0.5450779068720166,0.7999676465820049,0.052995700922384884,0.3010907769203186,0.09905655530915876,0.006395045351159381,0.008779955824911565,0.2699093818664551,37,ls,2,3.5
student_ls_s2,test_w42-45,all,far,0.7388355946162122,100000,88897,0.93422,0.9062013911746354,0.8855981299706401,0.5058775886700339,0.853523676614509,0.8568215488149206,0.5683093917680012,0.8227192233708673,0.052995700922384884,0.3010907769203186,0.09905655530915876,0.006395045351159381,0.008779955824911565,0.2699093818664551,37,ls,2,3.5
student_ls_s2,test_w42-45,ge5,all,0.7388355946162122,95189,93109,0.9408440050846211,0.912006268956697,0.8866758736939792,0.49273432213856877,0.858227521959417,0.858914103652217,0.5480995392496966,0.828164298562517,0.05449717669040399,0.2760311961174011,0.09025945612604952,0.005403328033793726,0.006427477688659553,0.24167682230472565,37,ls,2,3.5
student_ls_s2,test_w42-45,ge5,near,0.7388355946162122,95189,10761,0.9408440050846211,0.912006268956697,0.8728510310237496,0.5319208252021188,0.8457259792694949,0.8371364860804869,0.5349874546975188,0.8068138390743272,0.05449717669040399,0.2760311961174011,0.09025945612604952,0.005403328033793726,0.006427477688659553,0.24167682230472565,37,ls,2,3.5
student_ls_s2,test_w42-45,ge5,far,0.7388355946162122,95189,82348,0.9408440050846211,0.912006268956697,0.888482464406253,0.4876135425268373,0.8598611876329764,0.8617599401350627,0.5498129887793267,0.830954315254512,0.05449717669040399,0.2760311961174011,0.09025945612604952,0.005403328033793726,0.006427477688659553,0.24167682230472565,37,ls,2,3.5
student_ls_s2,test_w46-49,all,all,0.7388355946162122,100000,100000,0.89251,0.8605113358558267,0.85391317305,0.68516,0.8045007726,0.8235219600500001,0.70726,0.7716322074,0.040036965862549866,0.4942930042743683,0.15268732220695527,0.013358961946513077,0.028795365273058385,0.4970608055591583,37,ls,2,7.5
student_ls_s2,test_w46-49,all,near,0.7388355946162122,100000,10044,0.89251,0.8605113358558267,0.8383467020111509,0.6645758661887694,0.7899983572281959,0.7940388082437275,0.6764237355635205,0.742211935483871,0.040036965862549866,0.4942930042743683,0.15268732220695527,0.013358961946513077,0.028795365273058385,0.4970608055591583,37,ls,2,7.5
student_ls_s2,test_w46-49,all,far,0.7388355946162122,100000,89956,0.89251,0.8605113358558267,0.8556512409400152,0.6874583129529992,0.8061200337942994,0.8268138891791542,0.7107030103606208,0.7749171157010094,0.040036965862549866,0.4942930042743683,0.15268732220695527,0.013358961946513077,0.028795365273058385,0.4970608055591583,37,ls,2,7.5
student_ls_s2,test_w46-49,ge5,all,0.7388355946162122,94953,93107,0.9025412572535886,0.8690362856929998,0.8568499325511161,0.6650949982278453,0.8133915652311524,0.8286679107522381,0.7023317258637911,0.7829820100566227,0.04522911656867274,0.43105971813201904,0.13839816878728559,0.01073384212330816,0.022381703702613526,0.41671836376190186,37,ls,2,7.5
student_ls_s2,test_w46-49,ge5,near,0.7388355946162122,94953,9749,0.9025412572535886,0.8690362856929998,0.8409840787209724,0.6482716176018053,0.7986685450311654,0.797373868411473,0.6714534824084522,0.7520967796975103,0.04522911656867274,0.43105971813201904,0.13839816878728559,0.01073384212330816,0.022381703702613526,0.41671836376190186,37,ls,2,7.5
student_ls_s2,test_w46-49,ge5,far,0.7388355946162122,94953,83358,0.9025412572535886,0.8690362856929998,0.8587054978116797,0.6670625494853524,0.8151134722338358,0.8323278548341515,0.7059430408599054,0.7865941421947614,0.04522911656867274,0.43105971813201904,0.13839816878728559,0.01073384212330816,0.022381703702613526,0.41671836376190186,37,ls,2,7.5
student_ls_s2,test_w51-51,all,all,0.7388355946162122,100000,43579,0.85442,0.8089384950776286,0.8382250424516395,0.7789531655155005,0.7755303017508433,0.8081809103008329,0.7962321301544322,0.7454142958764542,0.03273087260343134,0.6977072954177856,0.19956843232161434,0.02131316139114096,0.04642643920220432,0.7405030727386475,37,ls,2,11.0
student_ls_s2,test_w51-51,all,near,0.7388355946162122,100000,6654,0.85442,0.8089384950776286,0.8232869244063722,0.7246768860835587,0.7602859032161106,0.7847974203486625,0.7359483017733695,0.7201789449954914,0.03273087260343134,0.6977072954177856,0.19956843232161434,0.02131316139114096,0.04642643920220432,0.7405030727386475,37,ls,2,11.0
student_ls_s2,test_w51-51,all,far,0.7388355946162122,100000,36925,0.85442,0.8089384950776286,0.8409169378469872,0.7887339201083277,0.7782773898442789,0.8123946880162491,0.8070954637779282,0.7499617846987136,0.03273087260343134,0.6977072954177856,0.19956843232161434,0.02131316139114096,0.04642643920220432,0.7405030727386475,37,ls,2,11.0
student_ls_s2,test_w51-51,ge5,all,0.7388355946162122,93905,40935,0.8629465949629945,0.8152496391874628,0.8394155964325375,0.7738121411994625,0.7822811841362145,0.8118781508957265,0.7957005007939416,0.7545548856394405,0.034380318378829,0.6447042226791382,0.18778216953010946,0.018711315989832042,0.040243756411511164,0.67231684923172,37,ls,2,11.0
student_ls_s2,test_w51-51,ge5,near,0.7388355946162122,93905,6460,0.8629465949629945,0.8152496391874628,0.8251367637703806,0.725077399380805,0.7674864970410944,0.7870497479255351,0.7428792569659443,0.7284884961301545,0.034380318378829,0.6447042226791382,0.18778216953010946,0.018711315989832042,0.040243756411511164,0.67231684923172,37,ls,2,11.0
student_ls_s2,test_w51-51,ge5,far,0.7388355946162122,93905,34475,0.8629465949629945,0.8152496391874628,0.8420911949531331,0.7829441624365482,0.7850534445752131,0.8165305506981178,0.8055982596084119,0.7594392620347992,0.034380318378829,0.6447042226791382,0.18778216953010946,0.018711315989832042,0.040243756411511164,0.67231684923172,37,ls,2,11.0
student_kdA_s2,val,all,all,1.1495569196505013,200000,54382,0.950015,0.9298821688246733,0.884963698328491,0.6587106027729763,0.8678330235188113,0.8529446109466368,0.6178514949799566,0.8283285999963222,0.0038935777384787665,0.18314677476882935,0.07199250187749014,0.003228706917086484,0.006666528394632029,0.18020658195018768,37,kdA,2,1.0
student_kdA_s2,val,all,near,1.1495569196505013,200000,12295,0.950015,0.9298821688246733,0.8797921791378609,0.6578283855225702,0.8619720683204555,0.7394013674257828,0.7716144774298496,0.7218555412769418,0.0038935777384787665,0.18314677476882935,0.07199250187749014,0.003228706917086484,0.006666528394632029,0.18020658195018768,37,kdA,2,1.0
student_kdA_s2,val,all,far,1.1495569196505013,200000,42087,0.950015,0.9298821688246733,0.8864744695511677,0.6589683275120584,0.8695452017249982,0.8861143350678357,0.5729322593675007,0.8594328900848243,0.0038935777384787665,0.18314677476882935,0.07199250187749014,0.003228706917086484,0.006666528394632029,0.18020658195018768,37,kdA,2,1.0
student_kdA_s2,val,ge5,all,1.1495569196505013,190477,52884,0.9548449419089969,0.9353315740342506,0.8926569349917792,0.6340291959760986,0.8771309712942342,0.8673081129392719,0.558581045306709,0.8438109346084973,0.0038230029497759825,0.16323356330394745,0.06516071310535224,0.0026929764397317165,0.005622535215421897,0.16026687622070312,37,kdA,2,1.0
student_kdA_s2,val,ge5,near,1.1495569196505013,190477,11763,0.9548449419089969,0.9353315740342506,0.8852222010165612,0.6281560826319816,0.8692096396386796,0.7526361755630225,0.7477684264218312,0.735891699991517,0.0038230029497759825,0.16323356330394745,0.06516071310535224,0.0026929764397317165,0.005622535215421897,0.16026687622070312,37,kdA,2,1.0
student_kdA_s2,val,ge5,far,1.1495569196505013,190477,41121,0.9548449419089969,0.9353315740342506,0.8947837017472204,0.6357092483159457,0.8793969333152037,0.900110963048871,0.5044624401157559,0.8746821185972022,0.0038230029497759825,0.16323356330394745,0.06516071310535224,0.0026929764397317165,0.005622535215421897,0.16026687622070312,37,kdA,2,1.0
student_kdA_s2,test_w42-45,all,all,1.1495569196505013,100000,100000,0.93763,0.9125730501599988,0.8878959408,0.58015,0.8602229240999999,0.86685737655,0.59146,0.8343629645999999,0.013210744721740497,0.28431373834609985,0.091867832874239,0.005074382435167077,0.004113311695903552,0.2698199152946472,37,kdA,2,3.5
student_kdA_s2,test_w42-45,all,near,1.1495569196505013,100000,11103,0.93763,0.9125730501599988,0.8703069999099343,0.6592812753309917,0.8463376114563631,0.8897677474556426,0.5615599387552913,0.856067549310997,0.013210744721740497,0.28431373834609985,0.091867832874239,0.005074382435167077,0.004113311695903552,0.2698199152946472,37,kdA,2,3.5
student_kdA_s2,test_w42-45,all,far,1.1495569196505013,100000,88897,0.93763,0.9125730501599988,0.8900927529612922,0.5702667131624239,0.8619571628963857,0.8639959318649673,0.5951944385074862,0.831652119419103,0.013210744721740497,0.28431373834609985,0.091867832874239,0.005074382435167077,0.004113311695903552,0.2698199152946472,37,kdA,2,3.5
student_kdA_s2,test_w42-45,ge5,all,1.1495569196505013,95189,93109,0.943543896878841,0.9179462762353291,0.8929939643485182,0.5611380210291164,0.8677896299628423,0.8766039124053756,0.5458978186856265,0.8460879355435019,0.01226449547311182,0.2574840784072876,0.08368084250927849,0.0043305435837279836,0.003203707893538753,0.2438259720802307,37,kdA,2,3.5
student_kdA_s2,test_w42-45,ge5,near,1.1495569196505013,95189,10761,0.943543896878841,0.9179462762353291,0.877426942945096,0.6412972772047207,0.8556735270798476,0.9022612927942888,0.5151937552272093,0.8705193671748157,0.01226449547311182,0.2574840784072876,0.08368084250927849,0.0043305435837279836,0.003203707893538753,0.2438259720802307,37,kdA,2,3.5
student_kdA_s2,test_w42-45,ge5,far,1.1495569196505013,95189,82348,0.943543896878841,0.9179462762353291,0.8950282179712197,0.550663039782387,0.8693729274700543,0.8732510796666924,0.5499101374653907,0.842895306265504,0.01226449547311182,0.2574840784072876,0.08368084250927849,0.0043305435837279836,0.003203707893538753,0.2438259720802307,37,kdA,2,3.5
student_kdA_s2,test_w46-49,all,all,1.1495569196505013,100000,100000,0.89489,0.8639298450111664,0.86721537425,0.65883,0.816922421,0.8465489317999999,0.66337,0.7886357142000001,0.04206901908099654,0.5372055172920227,0.15605364327178098,0.012024382969535327,0.029908200843408683,0.49540945887565613,37,kdA,2,7.5
student_kdA_s2,test_w46-49,all,near,1.1495569196505013,100000,10044,0.89489,0.8639298450111664,0.8425872281959379,0.7255077658303465,0.7984524044205495,0.86330881869773,0.6570091596973318,0.8043146654719235,0.04206901908099654,0.5372055172920227,0.15605364327178098,0.012024382969535327,0.029908200843408683,0.49540945887565613,37,kdA,2,7.5
student_kdA_s2,test_w46-49,all,far,1.1495569196505013,100000,89956,0.89489,0.8639298450111664,0.869965219718529,0.6513851216150118,0.8189846830672773,0.8446776135555161,0.6640802169949753,0.7868850873760506,0.04206901908099654,0.5372055172920227,0.15605364327178098,0.012024382969535327,0.029908200843408683,0.49540945887565613,37,kdA,2,7.5
student_kdA_s2,test_w46-49,ge5,all,1.1495569196505013,94953,93107,0.9042894905900815,0.871635958172026,0.8726411864152165,0.6402418722545029,0.8265025343290711,0.8570661664761956,0.6139173209318312,0.8034737594462144,0.03869012512725112,0.4673995077610016,0.1427621872878834,0.010278549335727975,0.027529257466162464,0.4317408502101898,37,kdA,2,7.5
student_kdA_s2,test_w46-49,ge5,near,1.1495569196505013,94953,9749,0.9042894905900815,0.871635958172026,0.8502084738227738,0.7039696379115806,0.8096963351597294,0.8765774929001942,0.5865216945327726,0.8217427979282508,0.03869012512725112,0.4673995077610016,0.1427621872878834,0.010278549335727975,0.027529257466162464,0.4317408502101898,37,kdA,2,7.5
student_kdA_s2,test_w46-49,ge5,far,1.1495569196505013,94953,83358,0.9042894905900815,0.871635958172026,0.8752647680158273,0.6327886945464143,0.8284680761571127,0.854784250867525,0.6171213320857026,0.8013371336135245,0.03869012512725112,0.4673995077610016,0.1427621872878834,0.010278549335727975,0.027529257466162464,0.4317408502101898,37,kdA,2,7.5
student_kdA_s2,test_w51-51,all,all,1.1495569196505013,100000,43579,0.85605,0.8099378942103778,0.8555637263360792,0.7310172330709745,0.7893898554349572,0.8337742101700361,0.7843227242479176,0.7654173340370362,0.06541708645418283,0.8032132983207703,0.20946141296995469,0.018837991281702778,0.0516036878144741,0.734102189540863,37,kdA,2,11.0
student_kdA_s2,test_w51-51,all,near,1.1495569196505013,100000,6654,0.85605,0.8099378942103778,0.8246666568981065,0.7766756837992185,0.7674356883077847,0.8414822798316802,0.7775773970544033,0.7728406807935078,0.06541708645418283,0.8032132983207703,0.20946141296995469,0.018837991281702778,0.0516036878144741,0.734102189540863,37,kdA,2,11.0
student_kdA_s2,test_w51-51,all,far,1.1495569196505013,100000,36925,0.85605,0.8099378942103778,0.8611314744752877,0.7227894380501015,0.7933460647257955,0.8323851920108329,0.7855382532159784,0.7640796238320922,0.06541708645418283,0.8032132983207703,0.20946141296995469,0.018837991281702778,0.0516036878144741,0.734102189540863,37,kdA,2,11.0
student_kdA_s2,test_w51-51,ge5,all,1.1495569196505013,93905,40935,0.8641179915872425,0.8148747385157982,0.8605545652571243,0.7283986808354709,0.7978351403599663,0.8458238494164871,0.7665078783437157,0.7808922321674369,0.06313840680216695,0.7506492733955383,0.19882246031154058,0.016895662192683646,0.05029591213302628,0.6855215430259705,37,kdA,2,11.0
student_kdA_s2,test_w51-51,ge5,near,1.1495569196505013,93905,6460,0.8641179915872425,0.8148747385157982,0.8325173504676603,0.7691950464396284,0.7778829536404868,0.8552635189077691,0.759907120743034,0.790112255271491,0.06313840680216695,0.7506492733955383,0.19882246031154058,0.016895662192683646,0.05029591213302628,0.6855215430259705,37,kdA,2,11.0
student_kdA_s2,test_w51-51,ge5,far,1.1495569196505013,93905,34475,0.8641179915872425,0.8148747385157982,0.8658082391524089,0.7207541696881798,0.8015738242238629,0.8440550237482152,0.7677447425670776,0.7791645643138563,0.06313840680216695,0.7506492733955383,0.19882246031154058,0.016895662192683646,0.05029591213302628,0.6855215430259705,37,kdA,2,11.0
student_kdB_s2,val,all,all,1.1588036230688505,200000,54382,0.949805,0.9295676421410562,0.884961091951381,0.6547019234305469,0.8675792438674562,0.8506303647346549,0.6273583170902137,0.8262221919017323,0.0038953092170879175,0.1863178163766861,0.07243791697573736,0.003229608994935379,0.007323619527518732,0.1829605996608734,37,kdB,2,1.0
student_kdB_s2,val,all,near,1.1588036230688505,200000,12295,0.949805,0.9295676421410562,0.8843644625864173,0.6482309882065881,0.8663123851159009,0.7494931472143147,0.7582757218381456,0.7316575018300121,0.0038953092170879175,0.1863178163766861,0.07243791697573736,0.003229608994935379,0.007323619527518732,0.1829605996608734,37,kdB,2,1.0
student_kdB_s2,val,all,far,1.1588036230688505,200000,42087,0.949805,0.9295676421410562,0.8851353870553852,0.6565922969087842,0.8679493350678358,0.880175879725331,0.5891130277757978,0.8538476549765962,0.0038953092170879175,0.1863178163766861,0.07243791697573736,0.003229608994935379,0.007323619527518732,0.1829605996608734,37,kdB,2,1.0
student_kdB_s2,val,ge5,all,1.1588036230688505,190477,52884,0.9548659418197473,0.9353198794634988,0.8930976066567624,0.6323462673020195,0.8773114946221997,0.8652924877270315,0.5644429316995688,0.8420504511244755,0.00396203887829083,0.16736732423305511,0.06545144927442138,0.002680239695678804,0.005943791015133036,0.16368816792964935,37,kdB,2,1.0
student_kdB_s2,val,ge5,near,1.1588036230688505,190477,11763,0.9548659418197473,0.9353198794634988,0.890480104104036,0.6295162798605798,0.8742024679473409,0.763992898688176,0.7370568732466207,0.7469829006860997,0.00396203887829083,0.16736732423305511,0.06545144927442138,0.002680239695678804,0.005943791015133036,0.16368816792964935,37,kdB,2,1.0
student_kdB_s2,val,ge5,far,1.1588036230688505,190477,41121,0.9548659418197473,0.9353198794634988,0.8938463647737274,0.6331558084676929,0.8782008572538564,0.8942700676950299,0.515065295104691,0.8692453052332427,0.00396203887829083,0.16736732423305511,0.06545144927442138,0.002680239695678804,0.005943791015133036,0.16368816792964935,37,kdB,2,1.0
student_kdB_s2,test_w42-45,all,all,1.1588036230688505,100000,100000,0.93669,0.912973237268562,0.88428000465,0.58909,0.8563939386999999,0.8648164476000001,0.59538,0.8315787899999999,0.013606074282377941,0.292074054479599,0.0935217742557016,0.005226466992384739,0.003978926801234481,0.27613258361816406,37,kdB,2,3.5
student_kdB_s2,test_w42-45,all,near,1.1588036230688505,100000,11103,0.93669,0.912973237268562,0.8711806502747006,0.6591912095829956,0.8465630820498965,0.881644693326128,0.5737188147347564,0.8473688462577682,0.013606074282377941,0.292074054479599,0.0935217742557016,0.005226466992384739,0.003978926801234481,0.27613258361816406,37,kdB,2,3.5
student_kdB_s2,test_w42-45,all,far,1.1588036230688505,100000,88897,0.93669,0.912973237268562,0.8859160793390103,0.5803345444728168,0.8576217866744658,0.8627146442512121,0.5980854247049957,0.8296066537678437,0.013606074282377941,0.292074054479599,0.0935217742557016,0.005226466992384739,0.003978926801234481,0.27613258361816406,37,kdB,2,3.5
student_kdB_s2,test_w42-45,ge5,all,1.1588036230688505,95189,93109,0.9428190232064629,0.9187949628384032,0.8894309654900523,0.5640163679128763,0.8640453093629267,0.874327890812106,0.5452641527671869,0.843158536147067,0.012714566367335067,0.2687915563583374,0.08527151753625668,0.004454538790461132,0.0032714245829890292,0.253074049949646,37,kdB,2,3.5
student_kdB_s2,test_w42-45,ge5,near,1.1588036230688505,95189,10761,0.9428190232064629,0.9187949628384032,0.8786269389475516,0.6430629123687389,0.8562498781336165,0.8943910212840451,0.5200260198866277,0.8621365063620601,0.012714566367335067,0.2687915563583374,0.08527151753625668,0.004454538790461132,0.0032714245829890292,0.253074049949646,37,kdB,2,3.5
student_kdB_s2,test_w42-45,ge5,far,1.1588036230688505,95189,82348,0.9428190232064629,0.9187949628384032,0.8908428046315475,0.5536867926361296,0.8650639939145685,0.8717060985766113,0.5485621994462525,0.8406785495355701,0.012714566367335067,0.2687915563583374,0.08527151753625668,0.004454538790461132,0.0032714245829890292,0.253074049949646,37,kdB,2,3.5
student_kdB_s2,test_w46-49,all,all,1.1588036230688505,100000,100000,0.8935,0.863529278117524,0.8611449946,0.68588,0.8128080793000001,0.8435877760999999,0.67843,0.7856717155999999,0.04178220125406985,0.5672106742858887,0.15789318349305637,0.012209463985983523,0.028791409601420192,0.5198473930358887,37,kdB,2,7.5
student_kdB_s2,test_w46-49,all,near,1.1588036230688505,100000,10044,0.8935,0.863529278117524,0.8391573058542413,0.7242134607726005,0.7960001782158503,0.8532740098566308,0.6533253683791318,0.7947000577459179,0.04178220125406985,0.5672106742858887,0.15789318349305637,0.012209463985983523,0.028791409601420192,0.5198473930358887,37,kdB,2,7.5
student_kdB_s2,test_w46-49,all,far,1.1588036230688505,100000,89956,0.8935,0.863529278117524,0.8636000208991063,0.6815998932811597,0.8146847585486238,0.8425062636733514,0.6812330472675531,0.7846636597892301,0.04178220125406985,0.5672106742858887,0.15789318349305637,0.012209463985983523,0.028791409601420192,0.5198473930358887,37,kdB,2,7.5
student_kdB_s2,test_w46-49,ge5,all,1.1588036230688505,94953,93107,0.9029519867724032,0.8709932084162524,0.8670189635951667,0.6638920811539412,0.8225194854048734,0.8532095093823725,0.629866712492079,0.7998380253386098,0.03877823474002863,0.5006948113441467,0.14472081602079898,0.010510359651438983,0.026840734470732174,0.45928505063056946,37,kdB,2,7.5
student_kdB_s2,test_w46-49,ge5,near,1.1588036230688505,94953,9749,0.9029519867724032,0.8709932084162524,0.8471744469047785,0.706841727356652,0.807400293943115,0.8662803669612351,0.6196532977741307,0.8121046409972617,0.03877823474002863,0.5006948113441467,0.14472081602079898,0.010510359651438983,0.026840734470732174,0.45928505063056946,37,kdB,2,7.5
student_kdB_s2,test_w46-49,ge5,far,1.1588036230688505,94953,83358,0.9029519867724032,0.8709932084162524,0.8693398469322741,0.6588689747834641,0.8242877259763923,0.8516808283855116,0.6310612058830586,0.7984034031541021,0.03877823474002863,0.5006948113441467,0.14472081602079898,0.010510359651438983,0.026840734470732174,0.45928505063056946,37,kdB,2,7.5
student_kdB_s2,test_w51-51,all,all,1.1588036230688505,100000,43579,0.85609,0.8106982377870974,0.8527865750705614,0.7559374928291149,0.7879505034534982,0.8313391720782946,0.7825328713371119,0.7647098887078638,0.06443390781968836,0.8460083603858948,0.21158710248229637,0.019412097567485433,0.049986774294227335,0.7679063081741333,37,kdB,2,11.0
student_kdB_s2,test_w51-51,all,near,1.1588036230688505,100000,6654,0.85609,0.8106982377870974,0.8317631079050195,0.7781785392245266,0.7726917027351969,0.840374785843102,0.7365494439434926,0.7716643567778778,0.06443390781968836,0.8460083603858948,0.21158710248229637,0.019412097567485433,0.049986774294227335,0.7679063081741333,37,kdB,2,11.0
student_kdB_s2,test_w51-51,all,far,1.1588036230688505,100000,36925,0.85609,0.8106982377870974,0.8565750693297225,0.751929587000677,0.7907001868652676,0.82971092633717,0.7908192281651998,0.7634566719025051,0.06443390781968836,0.8460083603858948,0.21158710248229637,0.019412097567485433,0.049986774294227335,0.7679063081741333,37,kdB,2,11.0
student_kdB_s2,test_w51-51,ge5,all,1.1588036230688505,93905,40935,0.8642670784303286,0.816681039629132,0.8586421306179752,0.7329424697691462,0.7967856942707621,0.8427725595063066,0.7750824477830707,0.7801336397874541,0.062407258071398485,0.7955113649368286,0.2011116914270375,0.01750155510150555,0.04902764054845488,0.7212235927581787,37,kdB,2,11.0
student_kdB_s2,test_w51-51,ge5,near,1.1588036230688505,93905,6460,0.8642670784303286,0.816681039629132,0.8399107514791232,0.7585139318885449,0.7832610290717694,0.8536652326152031,0.7278637770897833,0.7889577850482249,0.062407258071398485,0.7955113649368286,0.2011116914270375,0.01750155510150555,0.04902764054845488,0.7212235927581787,37,kdB,2,11.0
student_kdB_s2,test_w51-51,ge5,far,1.1588036230688505,93905,34475,0.8642670784303286,0.816681039629132,0.8621520569192654,0.728150833937636,0.7993199752623643,0.840731466880245,0.7839303843364757,0.7784801523796345,0.062407258071398485,0.7955113649368286,0.2011116914270375,0.01750155510150555,0.04902764054845488,0.7212235927581787,37,kdB,2,11.0
student_enddA_s2,val,all,all,0.958994749790404,200000,54382,0.946275,0.9232098810226174,0.888756317485565,0.5646721341620389,0.8661099040123572,0.7824111307509837,0.6079952925600383,0.7554796182560405,0.006361847260966905,0.21206510066986084,0.07797114572077592,0.004149719931536049,0.005740421359762582,0.2115008383989334,37,enddA,2,1.0
student_enddA_s2,val,all,near,0.958994749790404,200000,12295,0.946275,0.9232098810226174,0.8724802966653111,0.5947946319642131,0.8506427714518097,0.751078609800732,0.7541276941846279,0.727602770638471,0.006361847260966905,0.21206510066986084,0.07797114572077592,0.004149719931536049,0.005740421359762582,0.2115008383989334,37,enddA,2,1.0
student_enddA_s2,val,all,far,0.958994749790404,200000,42087,0.946275,0.9232098810226174,0.8935110796683062,0.5558723596359921,0.870628363271319,0.7915643929241809,0.5653052011309906,0.7636233643405327,0.006361847260966905,0.21206510066986084,0.07797114572077592,0.004149719931536049,0.005740421359762582,0.2115008383989334,37,enddA,2,1.0
student_enddA_s2,val,ge5,all,0.958994749790404,190477,52884,0.9516267055865013,0.9290491723327016,0.8932806009507974,0.5472543680508283,0.8730943894878281,0.7864592294438386,0.5953974737160578,0.7614245498686265,0.006848796337973268,0.18891838192939758,0.07033491391124788,0.003534358387966466,0.004663545276837981,0.1880084127187729,37,enddA,2,1.0
student_enddA_s2,val,ge5,near,0.958994749790404,190477,11763,0.9516267055865013,0.9290491723327016,0.87514505361873,0.5715378729915838,0.8556964005894558,0.7539963348550311,0.7393522060698802,0.7319728471618163,0.006848796337973268,0.18891838192939758,0.07033491391124788,0.003534358387966466,0.004663545276837981,0.1880084127187729,37,enddA,2,1.0
student_enddA_s2,val,ge5,far,0.958994749790404,190477,41121,0.9516267055865013,0.9290491723327016,0.8984684233108351,0.5403078718902751,0.8780712271963359,0.7957455072349465,0.554218039444566,0.7698494514746237,0.006848796337973268,0.18891838192939758,0.07033491391124788,0.003534358387966466,0.004663545276837981,0.1880084127187729,37,enddA,2,1.0
student_enddA_s2,test_w42-45,all,all,0.958994749790404,100000,100000,0.93485,0.908213240868137,0.8837619149,0.52544,0.8530431930000002,0.76251619675,0.62775,0.7315024848,0.007461797288879772,0.2746131122112274,0.09399132956081371,0.005896390070022474,0.008756269657909823,0.2757055461406708,37,enddA,2,3.5
student_enddA_s2,test_w42-45,all,near,0.958994749790404,100000,11103,0.93485,0.908213240868137,0.8711629370440421,0.5582275060794379,0.8418712357020626,0.7370066806268576,0.638295956047915,0.707489301990453,0.007461797288879772,0.2746131122112274,0.09399132956081371,0.005896390070022474,0.008756269657909823,0.2757055461406708,37,enddA,2,3.5
student_enddA_s2,test_w42-45,all,far,0.958994749790404,100000,88897,0.93485,0.908213240868137,0.8853354938861828,0.5213449272753862,0.8544385408956433,0.7657022677930638,0.6264328380035322,0.7345016677728157,0.007461797288879772,0.2746131122112274,0.09399132956081371,0.005896390070022474,0.008756269657909823,0.2757055461406708,37,enddA,2,3.5
student_enddA_s2,test_w42-45,ge5,all,0.958994749790404,95189,93109,0.9411486621353308,0.9137146692614964,0.8875165126813929,0.5076845417736202,0.8600613892643337,0.7688826046786166,0.6133671288489835,0.7400143308066418,0.0064787829102077275,0.2455732673406601,0.08470350624408558,0.00499819067600839,0.006931601834721818,0.24606479704380035,37,enddA,2,3.5
student_enddA_s2,test_w42-45,ge5,near,0.958994749790404,95189,10761,0.9411486621353308,0.9137146692614964,0.8747521109747073,0.5478115416782827,0.8488325510166814,0.7404419220929688,0.6331195985503206,0.7132722123161097,0.0064787829102077275,0.2455732673406601,0.08470350624408558,0.00499819067600839,0.006931601834721818,0.24606479704380035,37,enddA,2,3.5
student_enddA_s2,test_w42-45,ge5,far,0.958994749790404,95189,82348,0.9411486621353308,0.9137146692614964,0.8891845280158956,0.5024408607373585,0.8615287415786946,0.7725991513501103,0.610785932870258,0.7435089140032781,0.0064787829102077275,0.2455732673406601,0.08470350624408558,0.00499819067600839,0.006931601834721818,0.24606479704380035,37,enddA,2,3.5
student_enddA_s2,test_w46-49,all,all,0.958994749790404,100000,100000,0.89264,0.8573585170071527,0.86073832185,0.65205,0.8095217957999999,0.7427388189499999,0.73051,0.6932000466,0.023091801110915796,0.48634073138237,0.15382643347267266,0.012650812155340198,0.029026515253037247,0.4934175908565521,37,enddA,2,7.5
student_enddA_s2,test_w46-49,all,near,0.958994749790404,100000,10044,0.89264,0.8573585170071527,0.8427558711668658,0.6460573476702509,0.7936278723616089,0.7160758248705695,0.7218239745121465,0.6686543359219435,0.023091801110915796,0.48634073138237,0.15382643347267266,0.012650812155340198,0.029026515253037247,0.4934175908565521,37,enddA,2,7.5
student_enddA_s2,test_w46-49,all,far,0.958994749790404,100000,89956,0.89264,0.8573585170071527,0.8627461449486415,0.652719107119036,0.8112964252523455,0.7457158645337721,0.7314798345857975,0.6959406877806928,0.023091801110915796,0.48634073138237,0.15382643347267266,0.012650812155340198,0.029026515253037247,0.4934175908565521,37,enddA,2,7.5
student_enddA_s2,test_w46-49,ge5,all,0.958994749790404,94953,93107,0.9024359419923541,0.8649741758053245,0.8645934976022176,0.6394256070972107,0.8189457484789454,0.7486006112361032,0.7037924108821034,0.7042575199366784,0.0175238094526184,0.42149487137794495,0.13861686391535546,0.01037793515786187,0.023244071013193437,0.4264313578605652,37,enddA,2,7.5
student_enddA_s2,test_w46-49,ge5,near,0.958994749790404,94953,9749,0.9024359419923541,0.8649741758053245,0.8464408713947402,0.6392450507744384,0.8029510088063965,0.7190391110319463,0.7095086675556468,0.6772538654468305,0.0175238094526184,0.42149487137794495,0.13861686391535546,0.01037793515786187,0.023244071013193437,0.4264313578605652,37,enddA,2,7.5
student_enddA_s2,test_w46-49,ge5,far,0.958994749790404,94953,83358,0.9024359419923541,0.8649741758053245,0.8667165086257149,0.6394467237697642,0.8208163873746442,0.7520579286560309,0.7031238753329014,0.7074156886501977,0.0175238094526184,0.42149487137794495,0.13861686391535546,0.01037793515786187,0.023244071013193437,0.4264313578605652,37,enddA,2,7.5
student_enddA_s2,test_w51-51,all,all,0.958994749790404,100000,43579,0.85132,0.8048536335880436,0.8503369692971385,0.7453360563574198,0.7836980919709033,0.7292145142155625,0.7696367516464352,0.66141953509718,0.04156929362669585,0.6925952434539795,0.20354834906950411,0.0199180053706037,0.04818448533371093,0.7046709656715393,37,enddA,2,11.0
student_enddA_s2,test_w51-51,all,near,0.958994749790404,100000,6654,0.85132,0.8048536335880436,0.8295426330027051,0.711151187255786,0.7651071505861137,0.6992074759543132,0.7568379921851518,0.6342315178839796,0.04156929362669585,0.6925952434539795,0.20354834906950411,0.0199180053706037,0.04818448533371093,0.7046709656715393,37,enddA,2,11.0
student_enddA_s2,test_w51-51,all,far,0.958994749790404,100000,36925,0.85132,0.8048536335880436,0.8540841734597157,0.7514962762356128,0.7870482375084631,0.7346218759647936,0.7719431279620853,0.6663189004739337,0.04156929362669585,0.6925952434539795,0.20354834906950411,0.0199180053706037,0.04818448533371093,0.7046709656715393,37,enddA,2,11.0
student_enddA_s2,test_w51-51,ge5,all,0.958994749790404,93905,40935,0.8594962994515734,0.8104746095386162,0.8517506657629988,0.7369243923293025,0.7905903881520016,0.7341783153851403,0.7510199096128007,0.6705249100242535,0.03624507635982585,0.6375119686126709,0.1906922738203063,0.01725543589532759,0.04267968783826215,0.6476640701293945,37,enddA,2,11.0
student_enddA_s2,test_w51-51,ge5,near,0.958994749790404,93905,6460,0.8594962994515734,0.8104746095386162,0.8322680651992833,0.7105263157894737,0.7730193300224537,0.702418646372569,0.7441176470588236,0.6422326908675077,0.03624507635982585,0.6375119686126709,0.1906922738203063,0.01725543589532759,0.04267968783826215,0.6476640701293945,37,enddA,2,11.0
student_enddA_s2,test_w51-51,ge5,far,0.958994749790404,93905,34475,0.8594962994515734,0.8104746095386162,0.8554013575582593,0.7418709209572154,0.7938828909951308,0.7401295107969231,0.7523132704858593,0.6758263671889404,0.03624507635982585,0.6375119686126709,0.1906922738203063,0.01725543589532759,0.04267968783826215,0.6476640701293945,37,enddA,2,11.0
student_kdA4_s2,val,all,all,1.6829974415446018,200000,54382,0.935915,0.9080399570583526,0.8733032279522637,0.716873230112905,0.8497310360045603,0.8302875820124306,0.6066529366334449,0.8009004799382149,0.03207673056580127,0.2744956314563751,0.09873338832027631,0.00514470403455934,0.005599241789244074,0.22136157751083374,37,kdA4,2,1.0
student_kdA4_s2,val,all,near,1.6829974415446018,200000,12295,0.935915,0.9080399570583526,0.8692218655957706,0.6929646197641317,0.8447368039853598,0.7797360998373322,0.7693371289141928,0.7572921114274096,0.03207673056580127,0.2744956314563751,0.09873338832027631,0.00514470403455934,0.005599241789244074,0.22136157751083374,37,kdA4,2,1.0
student_kdA4_s2,val,all,far,1.6829974415446018,200000,42087,0.935915,0.9080399570583526,0.8744955284292061,0.723857723287476,0.8511900158006035,0.8450553362677311,0.5591275215624777,0.8136399218285931,0.03207673056580127,0.2744956314563751,0.09873338832027631,0.00514470403455934,0.005599241789244074,0.22136157751083374,37,kdA4,2,1.0
student_kdA4_s2,val,ge5,all,1.6829974415446018,190477,52884,0.9432372412417247,0.9150052731805349,0.8806645138768031,0.6976968459269344,0.860126915710892,0.8400510889898153,0.5588079570380455,0.8129218328630137,0.027708497523339624,0.23940591514110565,0.08748778702961907,0.0041937376501911035,0.00452797546988006,0.19370661675930023,37,kdA4,2,1.0
student_kdA4_s2,val,ge5,near,1.6829974415446018,190477,11763,0.9432372412417247,0.9150052731805349,0.8744571465385096,0.6745728130578934,0.8531977370185184,0.7897492461543292,0.7317010966590155,0.7688342803375016,0.027708497523339624,0.23940591514110565,0.08748778702961907,0.0041937376501911035,0.00452797546988006,0.19370661675930023,37,kdA4,2,1.0
student_kdA4_s2,val,ge5,far,1.6829974415446018,190477,41121,0.9432372412417247,0.9150052731805349,0.8824401823187268,0.7043116655723353,0.8621090642228051,0.8544403445350068,0.509350453539554,0.8255334395933362,0.027708497523339624,0.23940591514110565,0.08748778702961907,0.0041937376501911035,0.00452797546988006,0.19370661675930023,37,kdA4,2,1.0
student_kdA4_s2,test_w42-45,all,all,1.6829974415446018,100000,100000,0.92445,0.891754498082162,0.86865274135,0.64089,0.8349310707,0.8393224401,0.53903,0.8004024650000001,0.041839022427722826,0.391338974237442,0.11814181449375592,0.007354917150895799,0.010646253780573588,0.2953728437423706,37,kdA4,2,3.5
student_kdA4_s2,test_w42-45,all,near,1.6829974415446018,100000,11103,0.92445,0.891754498082162,0.8479509898225706,0.701522111141133,0.8181653670179232,0.8022087503377464,0.5725479600108079,0.7663538782311088,0.041839022427722826,0.391338974237442,0.11814181449375592,0.007354917150895799,0.010646253780573588,0.2953728437423706,37,kdA4,2,3.5
student_kdA4_s2,test_w42-45,all,far,1.6829974415446018,100000,88897,0.92445,0.891754498082162,0.8712383353206521,0.6333172098046054,0.8370250627130273,0.8439578417156935,0.5348436955127844,0.8046550433647929,0.041839022427722826,0.391338974237442,0.11814181449375592,0.007354917150895799,0.010646253780573588,0.2953728437423706,37,kdA4,2,3.5
student_kdA4_s2,test_w42-45,ge5,all,1.6829974415446018,95189,93109,0.9323031022492094,0.8984314604222184,0.8720248472984019,0.6265130116315286,0.8425953817193387,0.8439254488573115,0.5101547648455037,0.8085559551781247,0.03715502043964508,0.35112887620925903,0.1058570849461377,0.0061592538398424395,0.008964477026563587,0.26451170444488525,37,kdA4,2,3.5
student_kdA4_s2,test_w42-45,ge5,near,1.6829974415446018,95189,10761,0.9323031022492094,0.8984314604222184,0.85378866360111,0.693522906793049,0.8277314295915419,0.8086576732480113,0.5366601616950097,0.7759672133566398,0.03715502043964508,0.35112887620925903,0.1058570849461377,0.0061592538398424395,0.008964477026563587,0.26451170444488525,37,kdA4,2,3.5
student_kdA4_s2,test_w42-45,ge5,far,1.6829974415446018,95189,82348,0.9323031022492094,0.8984314604222184,0.8744078993794066,0.6177563510953514,0.8445377602694821,0.8485341404264044,0.5066911157526595,0.8128145583104532,0.03715502043964508,0.35112887620925903,0.1058570849461377,0.0061592538398424395,0.008964477026563587,0.26451170444488525,37,kdA4,2,3.5
student_kdA4_s2,test_w46-49,all,all,1.6829974415446018,100000,100000,0.88045,0.8427605549285334,0.84755946095,0.73031,0.7919542770000001,0.8196307877500001,0.6585,0.7589942182999999,0.07494345259934666,0.7129243016242981,0.1892676148905136,0.014697658831532808,0.035801318501979075,0.5053678154945374,37,kdA4,2,7.5
student_kdA4_s2,test_w46-49,all,near,1.6829974415446018,100000,10044,0.88045,0.8427605549285334,0.8191487868379133,0.7629430505774591,0.7698176373954599,0.7726183472720032,0.6978295499800876,0.7175742702110712,0.07494345259934666,0.7129243016242981,0.1892676148905136,0.014697658831532808,0.035801318501979075,0.5053678154945374,37,kdA4,2,7.5
student_kdA4_s2,test_w46-49,all,far,1.6829974415446018,100000,89956,0.88045,0.8427605549285334,0.850731643025479,0.7266663702254436,0.7944259343456802,0.8248799423607097,0.6541086753523945,0.7636189454844592,0.07494345259934666,0.7129243016242981,0.1892676148905136,0.014697658831532808,0.035801318501979075,0.5053678154945374,37,kdA4,2,7.5
student_kdA4_s2,test_w46-49,ge5,all,1.6829974415446018,94953,93107,0.8914094341411014,0.8515069062686953,0.8510381976857618,0.7218898686457517,0.8013367238194198,0.8243979142480993,0.6170320169267617,0.7692553827840938,0.06759574590353341,0.6150171160697937,0.17181480817976114,0.012455822151999096,0.031415219697543184,0.4393501281738281,37,kdA4,2,7.5
student_kdA4_s2,test_w46-49,ge5,near,1.6829974415446018,94953,9749,0.8914094341411014,0.8515069062686953,0.8246822258368471,0.7460252333572674,0.780656191467842,0.7793699339115246,0.649297363832188,0.7293408534933064,0.06759574590353341,0.6150171160697937,0.17181480817976114,0.012455822151999096,0.031415219697543184,0.4393501281738281,37,kdA4,2,7.5
student_kdA4_s2,test_w46-49,ge5,far,1.6829974415446018,94953,83358,0.8914094341411014,0.8515069062686953,0.8541206177240912,0.719067156121788,0.8037553820153402,0.82966408882404,0.6132584754912546,0.7739235219675662,0.06759574590353341,0.6150171160697937,0.17181480817976114,0.012455822151999096,0.031415219697543184,0.4393501281738281,37,kdA4,2,7.5
student_kdA4_s2,test_w51-51,all,all,1.6829974415446018,100000,43579,0.84862,0.7983199574190382,0.8398231780215241,0.776153651988343,0.7722373861263452,0.8038017440739806,0.8080726955643773,0.7366054246311298,0.0937650892460346,1.0333079099655151,0.23604911206311105,0.020873972825097238,0.04623276369780305,0.721065878868103,37,kdA4,2,11.0
student_kdA4_s2,test_w51-51,all,near,1.6829974415446018,100000,6654,0.84862,0.7983199574190382,0.8094086068530207,0.7914036669672377,0.749069403366396,0.7537628614367299,0.7648031259392847,0.6903378975052601,0.0937650892460346,1.0333079099655151,0.23604911206311105,0.020873972825097238,0.04623276369780305,0.721065878868103,37,kdA4,2,11.0
student_kdA4_s2,test_w51-51,all,far,1.6829974415446018,100000,36925,0.84862,0.7983199574190382,0.8453039784698714,0.7734055517941774,0.776412328774543,0.8128189065673663,0.8158700067704807,0.7449429771157753,0.0937650892460346,1.0333079099655151,0.23604911206311105,0.020873972825097238,0.04623276369780305,0.721065878868103,37,kdA4,2,11.0
student_kdA4_s2,test_w51-51,ge5,all,1.6829974415446018,93905,40935,0.8578137479367446,0.8033898435190795,0.8426747167942789,0.7763771833394406,0.7805764546885188,0.808650991762509,0.7942103334554782,0.7458941874543001,0.08777617478921615,0.9561033248901367,0.22150497678861814,0.018584809376175435,0.04318238160720772,0.6678194999694824,37,kdA4,2,11.0
student_kdA4_s2,test_w51-51,ge5,near,1.6829974415446018,93905,6460,0.8578137479367446,0.8033898435190795,0.8155654024561744,0.7834365325077399,0.7595987200027431,0.7611272664900944,0.7549535603715171,0.7017279600307471,0.08777617478921615,0.9561033248901367,0.22150497678861814,0.018584809376175435,0.04318238160720772,0.6678194999694824,37,kdA4,2,11.0
student_kdA4_s2,test_w51-51,ge5,far,1.6829974415446018,93905,34475,0.8578137479367446,0.8033898435190795,0.8477545186978077,0.7750543872371284,0.784507307946535,0.8175560901021696,0.8015663524292966,0.7541701505915344,0.08777617478921615,0.9561033248901367,0.22150497678861814,0.018584809376175435,0.04318238160720772,0.6678194999694824,37,kdA4,2,11.0
student_kdB4_s2,val,all,all,1.8397431776880895,200000,54382,0.93722,0.9102470262204361,0.8747747963020853,0.6976757015188849,0.852325223971167,0.8430255062336802,0.611084550034938,0.8149374661652752,0.0342162534924597,0.29596614837646484,0.09789979718409081,0.005209147961062574,0.003240728848986335,0.2231259047985077,37,kdB4,2,1.0
student_kdB4_s2,val,all,near,1.8397431776880895,200000,12295,0.93722,0.9102470262204361,0.8765496661244409,0.6731191541276942,0.8528509028060187,0.8066005343635624,0.7525010166734445,0.7841088885725904,0.0342162534924597,0.29596614837646484,0.09789979718409081,0.005209147961062574,0.003240728848986335,0.2231259047985077,37,kdB4,2,1.0
student_kdB4_s2,val,all,far,1.8397431776880895,200000,42087,0.93722,0.9102470262204361,0.8742562983225224,0.7048494784612825,0.8521716558557273,0.8536664411813625,0.569772138665146,0.823943509872407,0.0342162534924597,0.29596614837646484,0.09789979718409081,0.005209147961062574,0.003240728848986335,0.2231259047985077,37,kdB4,2,1.0
student_kdB4_s2,val,ge5,all,1.8397431776880895,190477,52884,0.9445182357974978,0.9172508174533016,0.8822587531799676,0.674249300355495,0.8629133072185122,0.8535271116676493,0.5802132970274563,0.8277754701264779,0.029525409257514568,0.2571462094783783,0.0863781415463713,0.004251259864620972,0.003234793423211988,0.1946837604045868,37,kdB4,2,1.0
student_kdB4_s2,val,ge5,near,1.8397431776880895,190477,11763,0.9445182357974978,0.9172508174533016,0.8819938749001708,0.6457536342769702,0.8617721815131152,0.8179708475527425,0.7175890504123098,0.7971512880187831,0.029525409257514568,0.2571462094783783,0.0863781415463713,0.004251259864620972,0.003234793423211988,0.1946837604045868,37,kdB4,2,1.0
student_kdB4_s2,val,ge5,far,1.8397431776880895,190477,41121,0.9445182357974978,0.9172508174533016,0.8823345237887867,0.6824007198268525,0.8632397356048013,0.8636982732343341,0.5409158337589066,0.8365357691010363,0.029525409257514568,0.2571462094783783,0.0863781415463713,0.004251259864620972,0.003234793423211988,0.1946837604045868,37,kdB4,2,1.0
student_kdB4_s2,test_w42-45,all,all,1.8397431776880895,100000,100000,0.92597,0.8941849292705782,0.86503984445,0.66343,0.8351097218000002,0.84289756045,0.52598,0.8056132644999999,0.04417201023593545,0.4276813268661499,0.11778628961297638,0.007249584177640005,0.009845767723396457,0.29976120591163635,37,kdB4,2,3.5
student_kdB4_s2,test_w42-45,all,near,1.8397431776880895,100000,11103,0.92597,0.8941849292705782,0.8521385521931011,0.7271007835720076,0.824903280194542,0.8206465540844816,0.58749887417815,0.7864724768080699,0.04417201023593545,0.4276813268661499,0.11778628961297638,0.007249584177640005,0.009845767723396457,0.29976120591163635,37,kdB4,2,3.5
student_kdB4_s2,test_w42-45,all,far,1.8397431776880895,100000,88897,0.92597,0.8941849292705782,0.8666511817046695,0.6554776876610009,0.8363844793412603,0.8456766522492323,0.5182964554484404,0.8080038982192874,0.04417201023593545,0.4276813268661499,0.11778628961297638,0.007249584177640005,0.009845767723396457,0.29976120591163635,37,kdB4,2,3.5
student_kdB4_s2,test_w42-45,ge5,all,1.8397431776880895,95189,93109,0.9342676149555096,0.9011321660941876,0.8694896342591869,0.6375753149534417,0.8439442061504487,0.8496526403797249,0.4916173517060649,0.8160839593324594,0.03848504595393782,0.3780081570148468,0.10472556670319304,0.005994360159767074,0.007853837569109637,0.265472948551178,37,kdB4,2,3.5
student_kdB4_s2,test_w42-45,ge5,near,1.8397431776880895,95189,10761,0.9342676149555096,0.9011321660941876,0.8590605678442738,0.7116438992658675,0.8356462551538713,0.8283240635024633,0.561471982157792,0.7976218152501104,0.03848504595393782,0.3780081570148468,0.10472556670319304,0.005994360159767074,0.007853837569109637,0.265472948551178,37,kdB4,2,3.5
student_kdB4_s2,test_w42-45,ge5,far,1.8397431776880895,95189,82348,0.9342676149555096,0.9011321660941876,0.8708524746887163,0.6278962452032836,0.8450285585412072,0.8524397975150071,0.48248894933696024,0.8184965392672503,0.03848504595393782,0.3780081570148468,0.10472556670319304,0.005994360159767074,0.007853837569109637,0.265472948551178,37,kdB4,2,3.5
student_kdB4_s2,test_w46-49,all,all,1.8397431776880895,100000,100000,0.88229,0.8423893974592299,0.8418650682,0.74771,0.7917563732999999,0.8231183258000001,0.6515,0.7631734057,0.07747023237884049,0.7542972564697266,0.18822771578887165,0.014479174417089754,0.03433509693063797,0.4997135102748871,37,kdB4,2,7.5
student_kdB4_s2,test_w46-49,all,near,1.8397431776880895,100000,10044,0.88229,0.8423893974592299,0.817700092094783,0.7959976105137395,0.7744264844683393,0.7916070753683792,0.692652329749104,0.7371593886897649,0.07747023237884049,0.7542972564697266,0.18822771578887165,0.014479174417089754,0.03433509693063797,0.4997135102748871,37,kdB4,2,7.5
student_kdB4_s2,test_w46-49,all,far,1.8397431776880895,100000,89956,0.88229,0.8423893974592299,0.8445631986193249,0.742318466805994,0.7936913348748277,0.8266367014429277,0.6469051536306639,0.7660779900173419,0.07747023237884049,0.7542972564697266,0.18822771578887165,0.014479174417089754,0.03433509693063797,0.4997135102748871,37,kdB4,2,7.5
student_kdB4_s2,test_w46-49,ge5,all,1.8397431776880895,94953,93107,0.8932735142649522,0.8511191050881263,0.8463768169950587,0.7261537800595015,0.8019629166872918,0.8297941345579031,0.6200393096115222,0.7754462291191364,0.06959846916928072,0.6425548791885376,0.17002534670214245,0.0122631597156204,0.02976327536939807,0.43078675866127014,37,kdB4,2,7.5
student_kdB4_s2,test_w46-49,ge5,near,1.8397431776880895,94953,9749,0.8932735142649522,0.8511191050881263,0.824383119260161,0.7871576571956098,0.7861966611082484,0.7993784075932154,0.654426094984101,0.7503759106125545,0.06959846916928072,0.6425548791885376,0.17002534670214245,0.0122631597156204,0.02976327536939807,0.43078675866127014,37,kdB4,2,7.5
student_kdB4_s2,test_w46-49,ge5,far,1.8397431776880895,94953,83358,0.8932735142649522,0.8511191050881263,0.8489490543234197,0.7190191703255836,0.8038068335955679,0.833351356686298,0.6160176587730032,0.7783782876512588,0.06959846916928072,0.6425548791885376,0.17002534670214245,0.0122631597156204,0.02976327536939807,0.43078675866127014,37,kdB4,2,7.5
student_kdB4_s2,test_w51-51,all,all,1.8397431776880895,100000,43579,0.84455,0.7937993372799356,0.8389836767709218,0.7943045962504877,0.7699332972303173,0.8122642552605612,0.7725739461667317,0.7394732416989835,0.10613566942095753,1.1764134168624878,0.25104547287905987,0.022078889510467624,0.055285111692398754,0.7531905174255371,37,kdB4,2,11.0
student_kdB4_s2,test_w51-51,all,near,1.8397431776880895,100000,6654,0.84455,0.7937993372799356,0.8053144980462879,0.844604749023144,0.7481751232341449,0.7676753666967238,0.7703636910129246,0.7020782206191765,0.10613566942095753,1.1764134168624878,0.25104547287905987,0.022078889510467624,0.055285111692398754,0.7531905174255371,37,kdB4,2,11.0
student_kdB4_s2,test_w51-51,all,far,1.8397431776880895,100000,36925,0.84455,0.7937993372799356,0.8450509676371023,0.7852403520649966,0.7738541879485443,0.8202993118483412,0.7729722410291131,0.7462119409614083,0.10613566942095753,1.1764134168624878,0.25104547287905987,0.022078889510467624,0.055285111692398754,0.7531905174255371,37,kdB4,2,11.0
student_kdB4_s2,test_w51-51,ge5,all,1.8397431776880895,93905,40935,0.8534582823065865,0.7992039043089846,0.8426784589887646,0.7830707218761451,0.7788129632920833,0.8187128748731457,0.7459631122511299,0.7504709126422158,0.10019484787781102,1.087659239768982,0.23647284194406704,0.01978057225468197,0.05266624258625948,0.6972010731697083,37,kdB4,2,11.0
student_kdB4_s2,test_w51-51,ge5,near,1.8397431776880895,93905,6460,0.8534582823065865,0.7992039043089846,0.812942286709297,0.8342105263157895,0.7597538566989265,0.7766790543041079,0.7625386996904024,0.7152138507677626,0.10019484787781102,1.087659239768982,0.23647284194406704,0.01978057225468197,0.05266624258625948,0.6972010731697083,37,kdB4,2,11.0
student_kdB4_s2,test_w51-51,ge5,far,1.8397431776880895,93905,34475,0.8534582823065865,0.7992039043089846,0.8482504872099497,0.7734880348078318,0.7823842998719757,0.8265892630058791,0.7428571428571429,0.7570774570862757,0.10019484787781102,1.087659239768982,0.23647284194406704,0.01978057225468197,0.05266624258625948,0.6972010731697083,37,kdB4,2,11.0
