model,split,flows,unknown,temperature,n_known,n_unknown,accuracy,macro_f1,auroc_maha,fpr95_maha,oscr_maha,auroc_knnfeat,fpr95_knnfeat,oscr_knnfeat,ece,nll,brier,aurc,start,weeks_since
teacherA_0,val,all,all,,200000,37194,0.975405,0.9624407386147799,0.7654680129187503,0.8559176211216863,0.7505021761574447,0.8174485263080067,0.8009625208366941,0.801329092192289,0.0056245203746482595,0.09225162863731384,0.03707960686903488,0.0011603792803178059,24,1.0
teacherA_0,val,all,near,,200000,10090,0.975405,0.9624407386147799,0.6633837814667988,0.923191278493558,0.6514948746283449,0.7017653553022795,0.9228939544103072,0.6894464905847374,0.0056245203746482595,0.09225162863731384,0.03707960686903488,0.0011603792803178059,24,1.0
teacherA_0,val,all,far,,200000,27104,0.975405,0.9624407386147799,0.8034708868617179,0.8308736717827627,0.7873596020882527,0.8605138744281288,0.7555711334120425,0.8429796031951003,0.0056245203746482595,0.09225162863731384,0.03707960686903488,0.0011603792803178059,24,1.0
teacherA_0,val,ge5,all,,191393,35514,0.9774599906997644,0.9653518410521666,0.7735240695600765,0.8520301852790448,0.7599048794969804,0.8256679818806882,0.8010080531621332,0.8111428953447732,0.0056364266387005525,0.08426753431558609,0.033941873867496315,0.0009890014407785228,24,1.0
teacherA_0,val,ge5,near,,191393,9767,0.9774599906997644,0.9653518410521666,0.6680518141850809,0.9219821849083649,0.6572836210260651,0.7069937080757124,0.9245418245111089,0.6960672608146804,0.0056364266387005525,0.08426753431558609,0.033941873867496315,0.0009890014407785228,24,1.0
teacherA_0,val,ge5,far,,191393,25747,0.9774599906997644,0.9653518410521666,0.8135344598287518,0.8254942323377481,0.7988337578705942,0.8706864940278587,0.7541461141103818,0.854796281077302,0.0056364266387005525,0.08426753431558609,0.033941873867496315,0.0009890014407785228,24,1.0
teacherA_0,test_w29-32,all,all,,100000,100000,0.95912,0.9263622955163784,0.8261175999,0.77353,0.8016646375,0.8517277373999999,0.70704,0.8254485344,0.01721853122457867,0.18503758311271667,0.06485804509991852,0.0032501431881544,24,3.5
teacherA_0,test_w29-32,all,near,,100000,16111,0.95912,0.9263622955163784,0.8441818487368878,0.7472534293339954,0.818403347402396,0.8865992728570542,0.6579976413630438,0.8576518415989076,0.01721853122457867,0.18503758311271667,0.06485804509991852,0.0032501431881544,24,3.5
teacherA_0,test_w29-32,all,far,,100000,83889,0.95912,0.9263622955163784,0.822648335598231,0.7785764522166195,0.7984499448080201,0.8450306101515097,0.7164586536971475,0.8192638441273588,0.01721853122457867,0.18503758311271667,0.06485804509991852,0.0032501431881544,24,3.5
teacherA_0,test_w29-32,ge5,all,,95313,94723,0.9608762708130055,0.9284721884286999,0.8306093741943056,0.7717977682294691,0.8074546974032799,0.857028661409413,0.7011074395870063,0.8321223857378107,0.017811479719336304,0.17739181220531464,0.06202752219820644,0.0029178607885797826,24,3.5
teacherA_0,test_w29-32,ge5,near,,95313,15529,0.9608762708130055,0.9284721884286999,0.8436297096682741,0.7631528108699852,0.8194978560110107,0.8884837707508296,0.6576727413226866,0.8611735487464571,0.017811479719336304,0.17739181220531464,0.06202752219820644,0.0029178607885797826,24,3.5
teacherA_0,test_w29-32,ge5,far,,95313,79194,0.9608762708130055,0.9284721884286999,0.8280562415128491,0.7734929413844484,0.8050931774646551,0.8508606891771371,0.7096244664999873,0.8264257987443356,0.017811479719336304,0.17739181220531464,0.06202752219820644,0.0029178607885797826,24,3.5
teacherA_0,test_w33-36,all,all,,100000,100000,0.93446,0.8897789752508064,0.802951704,0.82184,0.7658775600999999,0.830144346,0.73964,0.789699315,0.03244982690244912,0.33059367537498474,0.10374270725791876,0.006738171042252589,24,7.5
teacherA_0,test_w33-36,all,near,,100000,15732,0.93446,0.8897789752508064,0.8350459817569286,0.7658911772184084,0.7941814073226544,0.8786539238494787,0.6624078311721332,0.8324018484617339,0.03244982690244912,0.33059367537498474,0.10374270725791876,0.006738171042252589,24,7.5
teacherA_0,test_w33-36,all,far,,100000,84268,0.93446,0.8897789752508064,0.796960020589073,0.8322850904257844,0.7605935124839798,0.8210880888356196,0.7540584800873404,0.781727175440262,0.03244982690244912,0.33059367537498474,0.10374270725791876,0.006738171042252589,24,7.5
teacherA_0,test_w33-36,ge5,all,,95121,93782,0.9398870911786041,0.8947526720724066,0.8072788016004445,0.8192723550361477,0.773429334578568,0.8372564423624111,0.7354076475229788,0.8006867236020094,0.03107753469787322,0.310854971408844,0.096784311786777,0.006056950030034349,24,7.5
teacherA_0,test_w33-36,ge5,near,,95121,15221,0.9398870911786041,0.8947526720724066,0.8353226187399261,0.7755732212075422,0.7985482466769366,0.8805769355040838,0.6674988502726497,0.8391690102855319,0.03107753469787322,0.310854971408844,0.096784311786777,0.006056950030034349,24,7.5
teacherA_0,test_w33-36,ge5,far,,95121,78561,0.9398870911786041,0.8947526720724066,0.8018453811923535,0.8277389544430442,0.7685626073086852,0.8288632036547904,0.7485648095110805,0.7932308754634942,0.03107753469787322,0.310854971408844,0.096784311786777,0.006056950030034349,24,7.5
teacherA_0,test_w37-40,all,all,,100000,100000,0.91384,0.8720371625895136,0.7652620592000001,0.87377,0.7212220746999999,0.79205881585,0.80379,0.7433384279000002,0.04688618366956715,0.4703204929828644,0.13582443684186352,0.010450605498346515,24,11.5
teacherA_0,test_w37-40,all,near,,100000,12184,0.91384,0.8720371625895136,0.8180749068450427,0.7894780039395929,0.7663847989166119,0.8595067268548916,0.7198785292186474,0.8010494156270518,0.04688618366956715,0.4703204929828644,0.13582443684186352,0.010450605498346515,24,11.5
teacherA_0,test_w37-40,all,far,,100000,87816,0.91384,0.8720371625895136,0.7579345592488841,0.8854650633142024,0.7149559884303545,0.7827007791860254,0.8154322674683429,0.7353313372278399,0.04688618366956715,0.4703204929828644,0.13582443684186352,0.010450605498346515,24,11.5
teacherA_0,test_w37-40,ge5,all,,95295,92226,0.9197544467180859,0.8772273064091729,0.7704738628756496,0.8716847743586408,0.7296978984209235,0.8029450240885924,0.7994925509075532,0.7577521726032503,0.04555863324980641,0.44873058795928955,0.12846073908342304,0.009570054799576937,24,11.5
teacherA_0,test_w37-40,ge5,near,,95295,11717,0.9197544467180859,0.8772273064091729,0.8175597637380173,0.8016557139199454,0.7705902590574326,0.8617001303315533,0.7244175130152769,0.808500038620455,0.04555863324980641,0.44873058795928955,0.12846073908342304,0.009570054799576937,24,11.5
teacherA_0,test_w37-40,ge5,far,,95295,80509,0.9197544467180859,0.8772273064091729,0.7636211445409992,0.8818765603845533,0.7237465664011744,0.7943940101665616,0.8104187109515706,0.7503665045894434,0.04555863324980641,0.44873058795928955,0.12846073908342304,0.009570054799576937,24,11.5
teacherA_0,test_w41-44,all,all,,100000,100000,0.90658,0.8554335881805125,0.7632303493,0.86734,0.7135363639,0.7917198764,0.80389,0.7379503028,0.051834891967326394,0.529518723487854,0.14682238509404386,0.012107937939524556,24,15.5
teacherA_0,test_w41-44,all,near,,100000,11009,0.90658,0.8554335881805125,0.8145782986647289,0.7769098010718503,0.7569922200018167,0.8614839781088199,0.6901625942410755,0.7967101762194568,0.051834891967326394,0.529518723487854,0.14682238509404386,0.012107937939524556,24,15.5
teacherA_0,test_w41-44,all,far,,100000,88991,0.90658,0.8554335881805125,0.7568781386881819,0.8785270420604331,0.7081604773516423,0.7830894194356732,0.8179591194615186,0.7306811694441012,0.051834891967326394,0.529518723487854,0.14682238509404386,0.012107937939524556,24,15.5
teacherA_0,test_w41-44,ge5,all,,95403,93678,0.9125499198138424,0.8613355225158251,0.7658899339949029,0.8665535130980593,0.7201515068748386,0.798862721529063,0.8004333995174961,0.7491613816216195,0.05055467959464464,0.5092206597328186,0.13956066232584038,0.011140357194766543,24,15.5
teacherA_0,test_w41-44,ge5,near,,95403,10688,0.9125499198138424,0.8613355225158251,0.813493579019126,0.7871444610778443,0.7610072073471998,0.8637100028544212,0.6958270958083832,0.804399770354891,0.05055467959464464,0.5092206597328186,0.13956066232584038,0.011140357194766543,24,15.5
teacherA_0,test_w41-44,ge5,far,,95403,82990,0.9125499198138424,0.8613355225158251,0.7597592223667685,0.8767803349801181,0.7148898400878934,0.790511260596355,0.813905289793951,0.7420474173032532,0.05055467959464464,0.5092206597328186,0.13956066232584038,0.011140357194766543,24,15.5
teacherA_0,test_w45-48,all,all,,100000,100000,0.873,0.8219438254906991,0.7395752346,0.88943,0.6737623414,0.7709784302500001,0.83563,0.6974235015000001,0.07800996341347696,0.8689467310905457,0.20325704751678317,0.01999671045573913,24,19.5
teacherA_0,test_w45-48,all,near,,100000,10212,0.873,0.8219438254906991,0.794137543576185,0.8124755189972581,0.716616178025852,0.8450664218566393,0.7376615746180963,0.7560964473168821,0.07800996341347696,0.8689467310905457,0.20325704751678317,0.01999671045573913,24,19.5
teacherA_0,test_w45-48,all,far,,100000,89788,0.873,0.8219438254906991,0.7333696135897892,0.8981823851739653,0.6688883785138325,0.7625520640286008,0.8467723972022988,0.6907503589566535,0.07800996341347696,0.8689467310905457,0.20325704751678317,0.01999671045573913,24,19.5
teacherA_0,test_w45-48,ge5,all,,95040,92738,0.8821443602693603,0.8298730178653224,0.7426036649205179,0.8883736979447475,0.6813186976853367,0.7771080269975849,0.8329595203692122,0.7103204951943469,0.07272603253658348,0.763992965221405,0.18962894716527742,0.016731615842341733,24,19.5
teacherA_0,test_w45-48,ge5,near,,95040,9889,0.8821443602693603,0.8298730178653224,0.7937867553113975,0.8226312063909395,0.7225406898730794,0.8466663088438231,0.7435534432197392,0.7661608649783642,0.07272603253658348,0.763992965221405,0.18962894716527742,0.016731615842341733,24,19.5
teacherA_0,test_w45-48,ge5,far,,95040,82849,0.8821443602693603,0.8298730178653224,0.7364943626854226,0.8962208354959021,0.6763983693682226,0.7688054301143701,0.8436311844439884,0.7036552920320376,0.07272603253658348,0.763992965221405,0.18962894716527742,0.016731615842341733,24,19.5
teacherA_0,test_w49-51,all,all,,100000,100000,0.85001,0.7948546224180794,0.7348428128,0.90136,0.6616352058999999,0.7661177859999999,0.85906,0.6834675765,0.09337229430243377,1.0958404541015625,0.2397942522710656,0.02601853750015409,24,23.0
teacherA_0,test_w49-51,all,near,,100000,12082,0.85001,0.7948546224180794,0.7921406265518953,0.8150968382718093,0.7038961521271312,0.8421192617116372,0.7530210230094355,0.740885619930475,0.09337229430243377,1.0958404541015625,0.2397942522710656,0.02601853750015409,24,23.0
teacherA_0,test_w49-51,all,far,,100000,87918,0.85001,0.7948546224180794,0.7269687462180668,0.91321458631907,0.6558275584066973,0.7556733965740804,0.8736322482313065,0.6755769875338384,0.09337229430243377,1.0958404541015625,0.2397942522710656,0.02601853750015409,24,23.0
teacherA_0,test_w49-51,ge5,all,,94427,93681,0.861215542164847,0.8030621183587495,0.737122207726849,0.900652213362368,0.6695676045146086,0.7696327810657115,0.857612536159947,0.6961830138321004,0.0868571837561857,0.9648627638816833,0.22328358940251505,0.021912978282198074,24,23.0
teacherA_0,test_w49-51,ge5,near,,94427,11739,0.861215542164847,0.8030621183587495,0.7924689089586743,0.8205128205128205,0.7118444022795631,0.8427401896696868,0.7595195502172246,0.7523327887066481,0.0868571837561857,0.9648627638816833,0.22328358940251505,0.021912978282198074,24,23.0
teacherA_0,test_w49-51,ge5,far,,94427,81942,0.861215542164847,0.8030621183587495,0.7291932466841555,0.9121329721022187,0.6635110361008183,0.7591594234517642,0.8716653242537404,0.6881390045663721,0.0868571837561857,0.9648627638816833,0.22328358940251505,0.021912978282198074,24,23.0
teacherA_1,val,all,all,,200000,37194,0.975665,0.9629759140505613,0.7687486009168145,0.8565360004301769,0.7538390452761197,0.8195674375571329,0.779964510404904,0.8036021565306233,0.005957914552241568,0.090239979326725,0.036573526966660004,0.001111640669107899,24,1.0
teacherA_1,val,all,near,,200000,10090,0.975665,0.9629759140505613,0.6698373121902874,0.9214073339940535,0.6577702804757185,0.7086173124380576,0.9176412289395441,0.6962399900891972,0.005957914552241568,0.090239979326725,0.036573526966660004,0.001111640669107899,24,1.0
teacherA_1,val,all,far,,200000,27104,0.975665,0.9629759140505613,0.8055702841831465,0.8323863636363636,0.789602542798111,0.8608708157467533,0.7287116292798111,0.84356984614817,0.005957914552241568,0.090239979326725,0.036573526966660004,0.001111640669107899,24,1.0
teacherA_1,val,ge5,all,,191393,35514,0.9778570794125176,0.965770946748205,0.7745340489908069,0.8553246606971898,0.7610765142643046,0.827088135986466,0.7798614630849806,0.81284998602709,0.005860179197902068,0.081753671169281,0.03335012529408683,0.0009482422669241079,24,1.0
teacherA_1,val,ge5,near,,191393,9767,0.9778570794125176,0.965770946748205,0.6716304568347958,0.9211631002354869,0.660798227281875,0.7133675309875406,0.9183986894645234,0.7025123571843324,0.005860179197902068,0.081753671169281,0.03335012529408683,0.0009482422669241079,24,1.0
teacherA_1,val,ge5,far,,191393,25747,0.9778570794125176,0.965770946748205,0.8135700292831811,0.8303491668932302,0.7991165977286846,0.8702274978159803,0.7273080358876762,0.8547060322036236,0.005860179197902068,0.081753671169281,0.03335012529408683,0.0009482422669241079,24,1.0
teacherA_1,test_w29-32,all,all,,100000,100000,0.96032,0.9296334601532448,0.8183579329999999,0.7775,0.7944306768,0.8495895138,0.7231,0.8240004110000001,0.01597753111660479,0.1741250455379486,0.06241964189020386,0.0028557004284977747,24,3.5
teacherA_1,test_w29-32,all,near,,100000,16111,0.96032,0.9296334601532448,0.8501694655825213,0.6812115945627211,0.8239085873006021,0.8890927000186208,0.5927006393147539,0.860493367885296,0.01597753111660479,0.1741250455379486,0.06241964189020386,0.0028557004284977747,24,3.5
teacherA_1,test_w29-32,all,far,,100000,83889,0.96032,0.9296334601532448,0.8122484835914124,0.795992323188976,0.7887694027822479,0.8420028715326205,0.7481433799425431,0.8169918874941887,0.01597753111660479,0.1741250455379486,0.06241964189020386,0.0028557004284977747,24,3.5
teacherA_1,test_w29-32,ge5,all,,95313,94723,0.9622716733289268,0.9317900119442809,0.8205119641319081,0.779166622678758,0.7980584588960689,0.8536682651994769,0.7207647561838202,0.8297017759445924,0.01633917355260883,0.16486482322216034,0.05923145293139521,0.0025507201221987913,24,3.5
teacherA_1,test_w29-32,ge5,near,,95313,15529,0.9622716733289268,0.9317900119442809,0.8498063901532739,0.6859424302917123,0.8252455497264185,0.8913560474608802,0.5925687423530169,0.864486578536968,0.01633917355260883,0.16486482322216034,0.05923145293139521,0.0025507201221987913,24,3.5
teacherA_1,test_w29-32,ge5,far,,95313,79194,0.9622716733289268,0.9317900119442809,0.814767676159514,0.7974467762709296,0.792727394250963,0.8462781400544239,0.7459024673586383,0.8228808905308362,0.01633917355260883,0.16486482322216034,0.05923145293139521,0.0025507201221987913,24,3.5
teacherA_1,test_w33-36,all,all,,100000,100000,0.93495,0.8962281322028193,0.7995142767500001,0.81322,0.7607993832000001,0.8302231689499999,0.75391,0.7888647972000001,0.03226664237976072,0.2974732518196106,0.10051900650820902,0.005875804219904537,24,7.5
teacherA_1,test_w33-36,all,near,,100000,15732,0.93495,0.8962281322028193,0.838022456775998,0.7331553521484871,0.7948441151792526,0.8804442839435545,0.6368548182049326,0.8331686193745232,0.03226664237976072,0.2974732518196106,0.10051900650820902,0.005875804219904537,24,7.5
teacherA_1,test_w33-36,all,far,,100000,84268,0.93495,0.8962281322028193,0.7923251813855793,0.8281672758342431,0.7544435693264347,0.8208473847723928,0.7757630417240233,0.7805937129159348,0.03226664237976072,0.2974732518196106,0.10051900650820902,0.005875804219904537,24,7.5
teacherA_1,test_w33-36,ge5,all,,95121,93782,0.9404337633119921,0.9008710884855086,0.8008827820088307,0.8157642191465313,0.765505042504909,0.8358386899509905,0.7491949414599817,0.7988234931128559,0.03080508361769229,0.2828049957752228,0.09469518951619489,0.005239290099030604,24,7.5
teacherA_1,test_w33-36,ge5,near,,95121,15221,0.9404337633119921,0.9008710884855086,0.8377949772584201,0.7409500032849353,0.798623898162286,0.8820036315821054,0.6390513106891794,0.8398053755426835,0.03080508361769229,0.2828049957752228,0.09469518951619489,0.005239290099030604,24,7.5
teacherA_1,test_w33-36,ge5,far,,95121,78561,0.9404337633119921,0.9008710884855086,0.7937311352134233,0.8302592889601711,0.7590883459002203,0.8268943463636228,0.7705349982815901,0.7908833544630881,0.03080508361769229,0.2828049957752228,0.09469518951619489,0.005239290099030604,24,7.5
teacherA_1,test_w37-40,all,all,,100000,100000,0.915,0.8798276353971435,0.77297576895,0.83713,0.7238182678,0.7974363467500001,0.80957,0.7458511542999999,0.04634570358142257,0.40909621119499207,0.13227711625451685,0.008840134715549064,24,11.5
teacherA_1,test_w37-40,all,near,,100000,12184,0.915,0.8798276353971435,0.8188780109159554,0.761736703873933,0.7630046093237033,0.8584606697307945,0.7225869993434012,0.7984244763624425,0.04634570358142257,0.40909621119499207,0.13227711625451685,0.008840134715549064,24,11.5
teacherA_1,test_w37-40,all,far,,100000,87816,0.915,0.8798276353971435,0.7666070785506058,0.8475904163250433,0.7183813726427984,0.7889695485446842,0.8216384257993987,0.738556887241505,0.04634570358142257,0.40909621119499207,0.13227711625451685,0.008840134715549064,24,11.5
teacherA_1,test_w37-40,ge5,all,,95295,92226,0.9209507319376672,0.8850931653305327,0.7746225176582813,0.836401882332531,0.7286467482481638,0.806825494924027,0.8032767332422527,0.7592322130562574,0.04484705479868474,0.39405640959739685,0.12651393904380476,0.008030873207703576,24,11.5
teacherA_1,test_w37-40,ge5,near,,95295,11717,0.9209507319376672,0.8850931653305327,0.8186163498895993,0.7687121276777332,0.7668750397953685,0.8609351484306851,0.722966629683366,0.8061108598135784,0.04484705479868474,0.39405640959739685,0.12651393904380476,0.008030873207703576,24,11.5
teacherA_1,test_w37-40,ge5,far,,95295,80509,0.9209507319376672,0.8850931653305327,0.7682198082437519,0.8462532139263933,0.7230831355830132,0.7989505640450257,0.8149647865456036,0.752409657763613,0.04484705479868474,0.39405640959739685,0.12651393904380476,0.008030873207703576,24,11.5
teacherA_1,test_w41-44,all,all,,100000,100000,0.90835,0.8625069820454803,0.7668260463,0.83776,0.7138921888,0.7946994819,0.80479,0.7391946583,0.05090006726294753,0.4686553180217743,0.14275561059915903,0.01048006495074174,24,15.5
teacherA_1,test_w41-44,all,near,,100000,11009,0.90835,0.8625069820454803,0.8124054596239441,0.7581978381324371,0.7523339186120446,0.8550197129621219,0.7107820873830503,0.7905021909346898,0.05090006726294753,0.4686553180217743,0.14275561059915903,0.01048006495074174,24,15.5
teacherA_1,test_w41-44,all,far,,100000,88991,0.90835,0.8625069820454803,0.7611874563158072,0.8476025665516738,0.7091365954984212,0.7872373180433976,0.8164196379409153,0.7328474476070612,0.05090006726294753,0.4686553180217743,0.14275561059915903,0.01048006495074174,24,15.5
teacherA_1,test_w41-44,ge5,all,,95403,93678,0.9142794251753089,0.868020954407721,0.767486021726838,0.8376246290484426,0.7178102963818257,0.800048942470613,0.7991203911270522,0.7488444543995508,0.04935807808661223,0.45207807421684265,0.13649958409625862,0.009574535302318743,24,15.5
teacherA_1,test_w41-44,ge5,near,,95403,10688,0.9142794251753089,0.868020954407721,0.8121123181414599,0.7643151197604791,0.7561185018096256,0.8569189296833207,0.7092065868263473,0.7976988560064238,0.04935807808661223,0.45207807421684265,0.13649958409625862,0.009574535302318743,24,15.5
teacherA_1,test_w41-44,ge5,far,,95403,82990,0.9142794251753089,0.868020954407721,0.7617387527055165,0.8470659115556091,0.7128767128222123,0.7927248501302174,0.8107000843475117,0.7425526620827142,0.04935807808661223,0.45207807421684265,0.13649958409625862,0.009574535302318743,24,15.5
teacherA_1,test_w45-48,all,all,,100000,100000,0.87355,0.8290830250985882,0.7430083908,0.85501,0.6717753907999999,0.7748044206500001,0.82845,0.6976737069999999,0.07695415491722521,0.7993370294570923,0.20011951432292083,0.01965977671202589,24,19.5
teacherA_1,test_w45-48,all,near,,100000,10212,0.87355,0.8290830250985882,0.7916261320015668,0.7942616529573051,0.7099199716020368,0.8399737245397572,0.7385428907168038,0.7498784635722678,0.07695415491722521,0.7993370294570923,0.20011951432292083,0.01965977671202589,24,19.5
teacherA_1,test_w45-48,all,far,,100000,89788,0.87355,0.8290830250985882,0.7374788726778635,0.8619191874192542,0.6674370331224663,0.7673924175836415,0.8386755468436762,0.6917362212099611,0.07695415491722521,0.7993370294570923,0.20011951432292083,0.01965977671202589,24,19.5
teacherA_1,test_w45-48,ge5,all,,95040,92738,0.882723063973064,0.83777151837747,0.7442067356400781,0.8535228277512994,0.6773515145678863,0.7787855056396706,0.8236968664409412,0.7087762815910258,0.07144472613179684,0.6921592354774475,0.1872536524078294,0.01595049692145568,24,19.5
teacherA_1,test_w45-48,ge5,near,,95040,9889,0.882723063973064,0.83777151837747,0.7923808041355,0.8037213065021741,0.7161639793032628,0.8413184075774769,0.744463545353423,0.7595591548086114,0.07144472613179684,0.6921592354774475,0.1872536524078294,0.01595049692145568,24,19.5
teacherA_1,test_w45-48,ge5,far,,95040,82849,0.882723063973064,0.83777151837747,0.7384565954651667,0.8594672235029994,0.6727187916168773,0.771321470258882,0.8331542927494598,0.7027147499702614,0.07144472613179684,0.6921592354774475,0.1872536524078294,0.01595049692145568,24,19.5
teacherA_1,test_w49-51,all,all,,100000,100000,0.85225,0.8011561583377018,0.7415599900500001,0.85916,0.6613154661999999,0.7728425203,0.82796,0.685091582,0.090838135914579,0.9822379946708679,0.2323089639576373,0.024752314494447033,24,23.0
teacherA_1,test_w49-51,all,near,,100000,12082,0.85225,0.8011561583377018,0.7914052694090383,0.8078132759476908,0.6985187990398941,0.8393418093030955,0.729183909948684,0.7359355735805331,0.090838135914579,0.9822379946708679,0.2323089639576373,0.024752314494447033,24,23.0
teacherA_1,test_w49-51,all,far,,100000,87918,0.85225,0.8011561583377018,0.7347100768898291,0.8662162469573921,0.6562028536818398,0.763703954707796,0.8415341568279533,0.6781044223026002,0.090838135914579,0.9822379946708679,0.2323089639576373,0.024752314494447033,24,23.0
teacherA_1,test_w49-51,ge5,all,,94427,93681,0.8636512861787412,0.810386613797877,0.7418664850388651,0.8577726540066822,0.6674066303020041,0.7744438178109257,0.8248951228103885,0.6962268861254972,0.08387697839993023,0.849486768245697,0.21645463689386113,0.020107016794775504,24,23.0
teacherA_1,test_w49-51,ge5,near,,94427,11739,0.8636512861787412,0.810386613797877,0.7920295878742185,0.8159127694011415,0.7061447394553244,0.839508231333367,0.7349007581565721,0.7468149570955208,0.08387697839993023,0.849486768245697,0.21645463689386113,0.020107016794775504,24,23.0
teacherA_1,test_w49-51,ge5,far,,94427,81942,0.8636512861787412,0.810386613797877,0.7346801256116579,0.8637694954968148,0.6618570139471333,0.7651226986005093,0.8377877034975959,0.6889796458199506,0.08387697839993023,0.849486768245697,0.21645463689386113,0.020107016794775504,24,23.0
teacherA_2,val,all,all,,200000,37194,0.973805,0.9602787938721971,0.7753253295558423,0.8685271818035167,0.7592574460934559,0.8223890696752163,0.7900736677958811,0.8049915201376566,0.0066072204763441954,0.09835612028837204,0.03894436249282051,0.0013309928261878918,24,1.0
teacherA_2,val,all,near,,200000,10090,0.973805,0.9602787938721971,0.6541456189296333,0.9365708622398414,0.6419450574826562,0.6951141692269573,0.9300297324083251,0.6824284435084241,0.0066072204763441954,0.09835612028837204,0.03894436249282051,0.0013309928261878918,24,1.0
teacherA_2,val,all,far,,200000,27104,0.973805,0.9602787938721971,0.820436873247491,0.8431965761511216,0.8029293026859505,0.8697696683146398,0.7379722550177096,0.8506180491809325,0.0066072204763441954,0.09835612028837204,0.03894436249282051,0.0013309928261878918,24,1.0
teacherA_2,val,ge5,all,,191393,35514,0.975897760106169,0.9629553234284136,0.7817371502677418,0.8659965084192149,0.7670741645947168,0.8301606298804125,0.7911246269076984,0.8143637519081613,0.006541696975594931,0.09031848609447479,0.03580616528692757,0.0011558657824354663,24,1.0
teacherA_2,val,ge5,near,,191393,9767,0.975897760106169,0.9629553234284136,0.6575124764218948,0.9362137810996212,0.6464334013899082,0.6999669785320621,0.9307873451418041,0.6886821052288716,0.006541696975594931,0.09031848609447479,0.03580616528692757,0.0011558657824354663,24,1.0
teacherA_2,val,ge5,far,,191393,25747,0.975897760106169,0.9629553234284136,0.8288611798421539,0.8393599254282053,0.8128386549905441,0.8795489622189118,0.7381442498155125,0.8620404770845556,0.006541696975594931,0.09031848609447479,0.03580616528692757,0.0011558657824354663,24,1.0
teacherA_2,test_w29-32,all,all,,100000,100000,0.95621,0.9199084949097913,0.8199479320499999,0.78965,0.7939892114,0.8505398340499999,0.69689,0.8219646422999999,0.01876123304367061,0.20912295579910278,0.06839767025453211,0.0039692631045880776,24,3.5
teacherA_2,test_w29-32,all,near,,100000,16111,0.95621,0.9199084949097913,0.8503256737632673,0.7047979641238905,0.8218473514989758,0.8918362240084414,0.602817950468624,0.8598031301595183,0.01876123304367061,0.20912295579910278,0.06839767025453211,0.0039692631045880776,24,3.5
teacherA_2,test_w29-32,all,far,,100000,83889,0.95621,0.9199084949097913,0.8141138441869613,0.805945952389467,0.788639016557594,0.8426088044916497,0.7149566689315643,0.8146977076851553,0.01876123304367061,0.20912295579910278,0.06839767025453211,0.0039692631045880776,24,3.5
teacherA_2,test_w29-32,ge5,all,,95313,94723,0.957907106061083,0.9218192072457682,0.8229382883796434,0.7885518828584399,0.7983037579924419,0.8548433086043515,0.6943403397274157,0.827595366115648,0.0193106636246932,0.20144884288311005,0.06567360745412247,0.0036363888482469947,24,3.5
teacherA_2,test_w29-32,ge5,near,,95313,15529,0.957907106061083,0.9218192072457682,0.8498698108762625,0.7129886019705068,0.823008439968604,0.8937874403574363,0.6057698499581429,0.8632715173431351,0.0193106636246932,0.20144884288311005,0.06567360745412247,0.0036363888482469947,24,3.5
teacherA_2,test_w29-32,ge5,far,,95313,79194,0.957907106061083,0.9218192072457682,0.8176573376403199,0.8033689420915726,0.7934594641519005,0.8472068282902665,0.7117079576735611,0.8205996978527537,0.0193106636246932,0.20144884288311005,0.06567360745412247,0.0036363888482469947,24,3.5
teacherA_2,test_w33-36,all,all,,100000,100000,0.92997,0.8840513052517146,0.7938248921,0.83424,0.7546365850000001,0.8292758468499999,0.73806,0.7854820946,0.03551178455077114,0.34978169202804565,0.10808362595192761,0.008295210984314554,24,7.5
teacherA_2,test_w33-36,all,near,,100000,15732,0.92997,0.8840513052517146,0.8347034715865751,0.7619501652682431,0.7904732398932112,0.8782982761250953,0.651347571828121,0.8282613990592423,0.03551178455077114,0.34978169202804565,0.10808362595192761,0.008295210984314554,24,7.5
teacherA_2,test_w33-36,all,far,,100000,84268,0.92997,0.8840513052517146,0.7861932666611289,0.8477357953196943,0.7479462368870745,0.8201238454098827,0.7542483505007832,0.7774956226562871,0.03551178455077114,0.34978169202804565,0.10808362595192761,0.008295210984314554,24,7.5
teacherA_2,test_w33-36,ge5,all,,95121,93782,0.9352614038960902,0.888581234634589,0.7971557092469013,0.8331876052973918,0.7607534551413034,0.8360983841677231,0.7344053229830885,0.7957383127517429,0.03467366514641648,0.3320453464984894,0.1015108475065748,0.007600858836383201,24,7.5
teacherA_2,test_w33-36,ge5,near,,95121,15221,0.9352614038960902,0.888581234634589,0.8355184875088068,0.767886472636489,0.7948507158377188,0.8804848795448548,0.6553445897115827,0.8348225112488701,0.03467366514641648,0.3320453464984894,0.1015108475065748,0.007600858836383201,24,7.5
teacherA_2,test_w33-36,ge5,far,,95121,78561,0.9352614038960902,0.888581234634589,0.7897230155703382,0.8458395387024096,0.7541471949732793,0.8274986101559957,0.7497231450719822,0.7881658456837985,0.03467366514641648,0.3320453464984894,0.1015108475065748,0.007600858836383201,24,7.5
teacherA_2,test_w37-40,all,all,,100000,100000,0.91115,0.8679193643831601,0.7621635229,0.87237,0.7147084264,0.7948225507,0.7997,0.7418864071,0.04854897410452361,0.4689473807811737,0.13730612394592423,0.012909923641922876,24,11.5
teacherA_2,test_w37-40,all,near,,100000,12184,0.91115,0.8679193643831601,0.8125676748194353,0.7920223243598161,0.7576130375902824,0.8551488021175312,0.7285784635587655,0.7933462023965857,0.04854897410452361,0.4689473807811737,0.13730612394592423,0.012909923641922876,24,11.5
teacherA_2,test_w37-40,all,far,,100000,87816,0.91115,0.8679193643831601,0.7551702165892321,0.8835178099662931,0.7087556412271113,0.7864526061879383,0.8095677325316571,0.7347466359205611,0.04854897410452361,0.4689473807811737,0.13730612394592423,0.012909923641922876,24,11.5
teacherA_2,test_w37-40,ge5,all,,95295,92226,0.9171205204890078,0.873197329023067,0.7665010433248763,0.8700908637477501,0.7218776505519119,0.8056006070479322,0.7937566412942121,0.7559135245784393,0.047641335857697004,0.45057448744773865,0.13050791018736066,0.012053441722814159,24,11.5
teacherA_2,test_w37-40,ge5,near,,95295,11717,0.9171205204890078,0.873197329023067,0.812843094515088,0.7981565247076897,0.7619491949873,0.8578262575505519,0.7310745071263975,0.8008090695381924,0.047641335857697004,0.45057448744773865,0.13050791018736066,0.012053441722814159,24,11.5
teacherA_2,test_w37-40,ge5,far,,95295,80509,0.9171205204890078,0.873197329023067,0.759756582285791,0.8805599373983033,0.7160457772688076,0.7979998674170936,0.8028791812095543,0.7493795830278864,0.047641335857697004,0.45057448744773865,0.13050791018736066,0.012053441722814159,24,11.5
teacherA_2,test_w41-44,all,all,,100000,100000,0.90528,0.8539830319021843,0.76035301505,0.87227,0.7091648927000002,0.7937395851,0.80019,0.7372037100000001,0.05310853481173519,0.5191429257392883,0.14719291774002746,0.014474143778764657,24,15.5
teacherA_2,test_w41-44,all,near,,100000,11009,0.90528,0.8539830319021843,0.8082680179852848,0.8009810155327459,0.7495553719683894,0.8543766995185755,0.7305840675810701,0.7884446343900445,0.05310853481173519,0.5191429257392883,0.14719291774002746,0.014474143778764657,24,15.5
teacherA_2,test_w41-44,all,far,,100000,88991,0.90528,0.8539830319021843,0.7544254912856355,0.8810890988976413,0.7041682212808038,0.7862382198761673,0.8088008899776382,0.7308647393556653,0.05310853481173519,0.5191429257392883,0.14719291774002746,0.014474143778764657,24,15.5
teacherA_2,test_w41-44,ge5,all,,95403,93678,0.911051015167238,0.859906936720307,0.7623085343109819,0.8721364674736864,0.7145337929198432,0.8000550820033374,0.799205790046756,0.7473607900491873,0.052499066988901985,0.5000508427619934,0.14036504027835592,0.013546175555291093,24,15.5
teacherA_2,test_w41-44,ge5,near,,95403,10688,0.911051015167238,0.859906936720307,0.8079445943652458,0.8080089820359282,0.7536004833435548,0.8557921498595841,0.7376497005988024,0.7949461531404032,0.052499066988901985,0.5000508427619934,0.14036504027835592,0.013546175555291093,24,15.5
teacherA_2,test_w41-44,ge5,far,,95403,82990,0.911051015167238,0.859906936720307,0.7564312212629042,0.880395228340764,0.7095025266558521,0.7928768944958358,0.8071333895650078,0.7412324328890607,0.052499066988901985,0.5000508427619934,0.14036504027835592,0.013546175555291093,24,15.5
teacherA_2,test_w45-48,all,all,,100000,100000,0.87379,0.824645220764044,0.7327888953500001,0.88848,0.6675966448,0.7704544125999999,0.82142,0.6966576964000001,0.07670250962123278,0.8295943737030029,0.20028433568201254,0.022550292888233802,24,19.5
teacherA_2,test_w45-48,all,near,,100000,10212,0.87379,0.824645220764044,0.7882017004504505,0.8164904034469251,0.7115334802193498,0.8380421670583627,0.7562671367019194,0.7508081903642773,0.07670250962123278,0.8295943737030029,0.20028433568201254,0.022550292888233802,24,19.5
teacherA_2,test_w45-48,all,far,,100000,89788,0.87379,0.824645220764044,0.7264865435247471,0.8966677061522698,0.662599507506571,0.762767348086604,0.8288301332026552,0.6904989129950551,0.07670250962123278,0.8295943737030029,0.20028433568201254,0.022550292888233802,24,19.5
teacherA_2,test_w45-48,ge5,all,,95040,92738,0.8828703703703704,0.8329720919931997,0.7340314092907588,0.8880933382216567,0.673434881838833,0.7751508314865063,0.818876835817033,0.7078929109953003,0.0720541886439679,0.7290892601013184,0.1870533593656432,0.019566588677951184,24,19.5
teacherA_2,test_w45-48,ge5,near,,95040,9889,0.8828703703703704,0.8329720919931997,0.7884513459246117,0.8250581454140965,0.7176074992177479,0.83883612837343,0.7625644655678027,0.7596964596158777,0.0720541886439679,0.7290892601013184,0.1870533593656432,0.019566588677951184,24,19.5
teacherA_2,test_w45-48,ge5,far,,95040,82849,0.8828703703703704,0.8329720919931997,0.7275357514871381,0.8956173279098119,0.6681623617932069,0.7675492442505133,0.8255983777716086,0.7017095497922816,0.0720541886439679,0.7290892601013184,0.1870533593656432,0.019566588677951184,24,19.5
teacherA_2,test_w49-51,all,all,,100000,100000,0.85247,0.8005939403117986,0.7264423653000001,0.89846,0.6533538801000001,0.7649500723,0.83589,0.6816114338999999,0.0895643774646521,1.0098633766174316,0.23202033148688114,0.027702815694599894,24,23.0
teacherA_2,test_w49-51,all,near,,100000,12082,0.85247,0.8005939403117986,0.7837180760635656,0.8333885118357888,0.6963075633173317,0.8352636152954809,0.7665949346134746,0.7350687725542129,0.0895643774646521,1.0098633766174316,0.23202033148688114,0.027702815694599894,24,23.0
teacherA_2,test_w49-51,all,far,,100000,87918,0.85247,0.8005939403117986,0.7185713361882664,0.9074023521918151,0.647451034259196,0.755287338542733,0.8454127709911509,0.6742651388794103,0.0895643774646521,1.0098633766174316,0.23202033148688114,0.027702815694599894,24,23.0
teacherA_2,test_w49-51,ge5,all,,94427,93681,0.863704237135565,0.8094087899674277,0.7282148188641935,0.899552737481453,0.6600691216921518,0.7681548167691508,0.8361140466049679,0.6930121158057572,0.08381214189468447,0.8842132091522217,0.21600379258699764,0.02366550054326627,24,23.0
teacherA_2,test_w49-51,ge5,near,,94427,11739,0.863704237135565,0.8094087899674277,0.7844611437421288,0.8441093789930999,0.7035559261740628,0.8355241420715155,0.7749382400545192,0.7453456918620238,0.08381214189468447,0.8842132091522217,0.21600379258699764,0.02366550054326627,24,23.0
teacherA_2,test_w49-51,ge5,far,,94427,81942,0.863704237135565,0.8094087899674277,0.7201569778578464,0.9074955456298357,0.653839207877342,0.7585034962043066,0.8448780844987919,0.68551481467417,0.08381214189468447,0.8842132091522217,0.21600379258699764,0.02366550054326627,24,23.0
teacherA_3,val,all,all,,200000,37194,0.97521,0.9615797233044904,0.7900500504785719,0.8107490455449804,0.7743577175082001,0.8294210118567511,0.7622465989138033,0.812881344974996,0.005621987896412646,0.09741085767745972,0.037563146666557766,0.0016296961455091736,24,1.0
teacherA_3,val,all,near,,200000,10090,0.97521,0.9615797233044904,0.6847677554509415,0.9226957383548068,0.6724070237859265,0.7141024558969277,0.9112983151635282,0.7015001174430129,0.005621987896412646,0.09741085767745972,0.037563146666557766,0.0016296961455091736,24,1.0
teacherA_3,val,all,far,,200000,27104,0.97521,0.9615797233044904,0.8292434668314639,0.7690746753246753,0.8123108793904961,0.8723506248155254,0.7067591499409681,0.8543452095631642,0.005621987896412646,0.09741085767745972,0.037563146666557766,0.0016296961455091736,24,1.0
teacherA_3,val,ge5,all,,191393,35514,0.9774234167393792,0.9643466740969922,0.7967744329786274,0.8057948977867883,0.7825996477682716,0.8362567194640631,0.7602917159430084,0.8214921182712258,0.00562993544723217,0.08927876502275467,0.0342900425490795,0.001457892873973674,24,1.0
teacherA_3,val,ge5,near,,191393,9767,0.9774234167393792,0.9643466740969922,0.6885114151565022,0.923210811917682,0.6774363573275681,0.719290071328028,0.9128698679225965,0.708212268940833,0.00562993544723217,0.08927876502275467,0.0342900425490795,0.001457892873973674,24,1.0
teacherA_3,val,ge5,far,,191393,25747,0.9774234167393792,0.9643466740969922,0.8378434854922678,0.7612537382996077,0.8224928336825279,0.880627452067654,0.7024119314871635,0.8644642815683071,0.00562993544723217,0.08927876502275467,0.0342900425490795,0.001457892873973674,24,1.0
teacherA_3,test_w29-32,all,all,,100000,100000,0.96044,0.9309176873907449,0.8166857290999999,0.8097,0.7937312888000001,0.8481984818999999,0.74672,0.8231191925000001,0.015592471652626949,0.2070426195859909,0.0638824933636977,0.005117126172604503,24,3.5
teacherA_3,test_w29-32,all,near,,100000,16111,0.96044,0.9309176873907449,0.8284772590155793,0.8196884116442182,0.8050550567934952,0.874577852398982,0.7222394637204395,0.8481014058717646,0.015592471652626949,0.2070426195859909,0.0638824933636977,0.005117126172604503,24,3.5
teacherA_3,test_w29-32,all,far,,100000,83889,0.96044,0.9309176873907449,0.8144211492567559,0.807781711547402,0.7915565432893465,0.8431322868314082,0.7514215212959983,0.8183213234154656,0.015592471652626949,0.2070426195859909,0.0638824933636977,0.005117126172604503,24,3.5
teacherA_3,test_w29-32,ge5,all,,95313,94723,0.962523475286687,0.9329981476678012,0.818241973722685,0.8098666638514406,0.7969610049505993,0.8516906495190747,0.7470941587576407,0.8284080260781256,0.016195472888963107,0.19850711524486542,0.06061732870379434,0.004782565358142524,24,3.5
teacherA_3,test_w29-32,ge5,near,,95313,15529,0.962523475286687,0.9329981476678012,0.827347210940136,0.8296735140704489,0.805790482536081,0.8748559211332453,0.7274132268658638,0.8504270514815343,0.016195472888963107,0.19850711524486542,0.06061732870379434,0.004782565358142524,24,3.5
teacherA_3,test_w29-32,ge5,far,,95313,79194,0.962523475286687,0.9329981476678012,0.8164565451706507,0.8059827764729651,0.7952296495774026,0.8471482157122653,0.7509533550521504,0.8240903574985671,0.016195472888963107,0.19850711524486542,0.06061732870379434,0.004782565358142524,24,3.5
teacherA_3,test_w33-36,all,all,,100000,100000,0.93754,0.8954509319473006,0.7925783279,0.84959,0.75940454,0.82326891965,0.78996,0.7863239796999999,0.03256775348991152,0.3414970338344574,0.10032169926345183,0.008932603374814605,24,7.5
teacherA_3,test_w33-36,all,near,,100000,15732,0.93754,0.8954509319473006,0.8128366974955505,0.8402618866005593,0.7776664162217137,0.8594883253877448,0.750508517670989,0.8192045505975083,0.03256775348991152,0.3414970338344574,0.10032169926345183,0.008932603374814605,24,7.5
teacherA_3,test_w33-36,all,far,,100000,84268,0.93754,0.8954509319473006,0.788796291178146,0.8513314662742678,0.7559952287938484,0.8165071157497509,0.7973252005506242,0.7801855031565956,0.03256775348991152,0.3414970338344574,0.10032169926345183,0.008932603374814605,24,7.5
teacherA_3,test_w33-36,ge5,all,,95121,93782,0.9433984083430578,0.9005703783395392,0.7944472874362881,0.8487876138278134,0.7646647603056282,0.8284404426735494,0.7895544987310997,0.7959589812827843,0.030917848759165933,0.32382503151893616,0.09319107752139168,0.008259626730422685,24,7.5
teacherA_3,test_w33-36,ge5,near,,95121,15221,0.9433984083430578,0.9005703783395392,0.8124735798509481,0.8479074962223244,0.7812102448918308,0.859427915291452,0.758622955127784,0.8244838352254523,0.030917848759165933,0.32382503151893616,0.09319107752139168,0.008259626730422685,24,7.5
teacherA_3,test_w33-36,ge5,far,,95121,78561,0.9433984083430578,0.9005703783395392,0.7909547377380467,0.8489581344432988,0.7614591134721284,0.8224366962762646,0.7955474090197426,0.7904323611804261,0.030917848759165933,0.32382503151893616,0.09319107752139168,0.008259626730422685,24,7.5
teacherA_3,test_w37-40,all,all,,100000,100000,0.92075,0.8797615421361897,0.76575789335,0.87751,0.7263509250000001,0.7914008049000001,0.8414,0.7481674757,0.04741348176717759,0.4599321186542511,0.128724219077756,0.013527106188477201,24,11.5
teacherA_3,test_w37-40,all,near,,100000,12184,0.92075,0.8797615421361897,0.7864896351772817,0.8653972422849638,0.7444856237688773,0.8349030527741299,0.8034307288246881,0.7869741062048589,0.04741348176717759,0.4599321186542511,0.128724219077756,0.013527106188477201,24,11.5
teacherA_3,test_w37-40,all,far,,100000,87816,0.92075,0.8797615421361897,0.7628814751298169,0.8791905803042726,0.7238348326045367,0.7853651008358384,0.8466680331602442,0.7427832634144119,0.04741348176717759,0.4599321186542511,0.128724219077756,0.013527106188477201,24,11.5
teacherA_3,test_w37-40,ge5,all,,95295,92226,0.9270161078755443,0.8851947149345798,0.7693176844904912,0.8761954329581679,0.7332569242190586,0.8001011623289129,0.8379632641554442,0.7612529197754637,0.04559573837774321,0.44118648767471313,0.12107716702463221,0.01267992264546938,24,11.5
teacherA_3,test_w37-40,ge5,near,,95295,11717,0.9270161078755443,0.8851947149345798,0.785107933726932,0.8719808824784501,0.7473361211440182,0.8347458796671882,0.8064350943074166,0.7925722563323676,0.04559573837774321,0.44118648767471313,0.12107716702463221,0.01267992264546938,24,11.5
teacherA_3,test_w37-40,ge5,far,,95295,80509,0.9270161078755443,0.8851947149345798,0.7670196265056275,0.8768088039846477,0.7312078868397627,0.7950590905971492,0.8425517643990112,0.7566948124031545,0.04559573837774321,0.44118648767471313,0.12107716702463221,0.01267992264546938,24,11.5
teacherA_3,test_w41-44,all,all,,100000,100000,0.912,0.8635101166070205,0.7643052716,0.88027,0.7185173194,0.78951070575,0.83953,0.7402981975,0.05214220065623518,0.5177748203277588,0.14182552693591555,0.015178159427283235,24,15.5
teacherA_3,test_w41-44,all,near,,100000,11009,0.912,0.8635101166070205,0.7778582891270778,0.8879098919066218,0.7304196448360433,0.8287129217004269,0.8171496048687438,0.775147601962031,0.05214220065623518,0.5177748203277588,0.14182552693591555,0.015178159427283235,24,15.5
teacherA_3,test_w41-44,all,far,,100000,88991,0.912,0.8635101166070205,0.7626286394691598,0.8793248755492128,0.7170448929667044,0.7846610333629244,0.842298659414997,0.7359870076749334,0.05214220065623518,0.5177748203277588,0.14182552693591555,0.015178159427283235,24,15.5
teacherA_3,test_w41-44,ge5,all,,95403,93678,0.9180528914185089,0.8690971087494437,0.7646040506575411,0.8816477721556822,0.722511847265634,0.7941488179546456,0.8376139541834796,0.7496270789974784,0.05037622150400876,0.49998489022254944,0.13409605505512964,0.014248753127534224,24,15.5
teacherA_3,test_w41-44,ge5,near,,95403,10688,0.9180528914185089,0.8690971087494437,0.7762357387988088,0.8930576347305389,0.7329559714099049,0.8284675445852108,0.8222305389221557,0.7806495453010835,0.05037622150400876,0.49998489022254944,0.13409605505512964,0.014248753127534224,24,15.5
teacherA_3,test_w41-44,ge5,far,,95403,82990,0.9180528914185089,0.8690971087494437,0.7631060450803167,0.8801783347391252,0.7211667840188093,0.7897290258082728,0.8395951319436077,0.7456318010139511,0.05037622150400876,0.49998489022254944,0.13409605505512964,0.014248753127534224,24,15.5
teacherA_3,test_w45-48,all,all,,100000,100000,0.87903,0.8332624732021088,0.737873026,0.89725,0.6781661028999999,0.7669717161499999,0.86963,0.7003050252,0.07529162647068499,0.8740816116333008,0.19745649886660963,0.023333078449848933,24,19.5
teacherA_3,test_w45-48,all,near,,100000,10212,0.87903,0.8332624732021088,0.7517620245789268,0.9127497062279671,0.689792250293772,0.8069852648844495,0.854680767724246,0.734225741284763,0.07529162647068499,0.8740816116333008,0.19745649886660963,0.023333078449848933,24,19.5
teacherA_3,test_w45-48,all,far,,100000,89788,0.87903,0.8332624732021088,0.7362933666525594,0.8954871475030071,0.6768438079698847,0.7624207921994032,0.8713302445761126,0.6964470669799974,0.07529162647068499,0.8740816116333008,0.19745649886660963,0.023333078449848933,24,19.5
teacherA_3,test_w45-48,ge5,all,,95040,92738,0.8883733164983165,0.8415637977601251,0.7387268464852795,0.896008108865837,0.6832179418168981,0.770267865548488,0.8669153960620242,0.7110482561821279,0.06949668786996471,0.7687993049621582,0.1833777777636729,0.01985278149690415,24,19.5
teacherA_3,test_w45-48,ge5,near,,95040,9889,0.8883733164983165,0.8415637977601251,0.7511414309313175,0.9129335625442411,0.6938208410494537,0.8057559294320152,0.8578218222267165,0.7419027148316004,0.06949668786996471,0.7687993049621582,0.1833777777636729,0.01985278149690415,24,19.5
teacherA_3,test_w45-48,ge5,far,,95040,82849,0.8883733164983165,0.8415637977601251,0.7372450202038896,0.8939878574273679,0.6819523614174877,0.7660319488356224,0.868000820770317,0.7073654146078827,0.06949668786996471,0.7687993049621582,0.1833777777636729,0.01985278149690415,24,19.5
teacherA_3,test_w49-51,all,all,,100000,100000,0.85225,0.8039942489096564,0.7329482618000001,0.90207,0.6616616897,0.7615208869000001,0.87579,0.6814278429000001,0.09196649437502027,1.0707396268844604,0.23515714849245317,0.02815997149216966,24,23.0
teacherA_3,test_w49-51,all,near,,100000,12082,0.85225,0.8039942489096564,0.7487197711471612,0.9183909948683993,0.6741572752855487,0.8026077433371959,0.8435689455388181,0.7145531824201291,0.09196649437502027,1.0707396268844604,0.23515714849245317,0.02815997149216966,24,23.0
teacherA_3,test_w49-51,all,far,,100000,87918,0.85225,0.8039942489096564,0.7307808856548148,0.8998271116267431,0.6599445024909576,0.7558745869446528,0.8802179303441844,0.6768756425305398,0.09196649437502027,1.0707396268844604,0.23515714849245317,0.02815997149216966,24,23.0
teacherA_3,test_w49-51,ge5,all,,94427,93681,0.863746597901024,0.8120465703885682,0.7329000049974702,0.9033955658030978,0.6671292576340051,0.7624253866256412,0.8758766452108752,0.691913330179093,0.0843941537077466,0.9378976821899414,0.21782482171062564,0.023872461924044065,24,23.0
teacherA_3,test_w49-51,ge5,near,,94427,11739,0.863746597901024,0.8120465703885682,0.7486240674247849,0.9176250106482665,0.6798125042298405,0.7998300428100389,0.8495612914217565,0.7229091955196358,0.0843941537077466,0.9378976821899414,0.21782482171062564,0.023872461924044065,24,23.0
teacherA_3,test_w49-51,ge5,far,,94427,81942,0.863746597901024,0.8120465703885682,0.7306473779096001,0.9013570574308657,0.6653122574169186,0.7570668005653954,0.8796465792877889,0.6874728666410704,0.0843941537077466,0.9378976821899414,0.21782482171062564,0.023872461924044065,24,23.0
teacherA_4,val,all,all,,200000,37194,0.974765,0.9616465752905904,0.7620848338441684,0.8779910738291122,0.7468674288863795,0.816701946550519,0.8234123783405926,0.8002005019626821,0.0061286299336702115,0.09403852373361588,0.03802195347574376,0.0012546694177330256,24,1.0
teacherA_4,val,all,near,,200000,10090,0.974765,0.9616465752905904,0.6754448659563925,0.9266600594648167,0.6628769464816651,0.707171296580773,0.9148662041625372,0.6944398706640237,0.0061286299336702115,0.09403852373361588,0.03802195347574376,0.0012546694177330256,24,1.0
teacherA_4,val,all,far,,200000,27104,0.974765,0.9616465752905904,0.794338275254575,0.8598730814639906,0.7781345469303423,0.8574768970447166,0.7893668831168831,0.8395719884518891,0.0061286299336702115,0.09403852373361588,0.03802195347574376,0.0012546694177330256,24,1.0
teacherA_4,val,ge5,all,,191393,35514,0.9767964345613476,0.9642659769630753,0.7699784233171384,0.876274145407445,0.7560628056878519,0.8239668746051925,0.8241820127273751,0.8090296650722106,0.006156987961998657,0.08600414544343948,0.03493037052058965,0.0010866129144713366,24,1.0
teacherA_4,val,ge5,near,,191393,9767,0.9767964345613476,0.9642659769630753,0.6799484423296099,0.9257704515204259,0.6685300178210767,0.712838500464928,0.9165557489505478,0.7014618929565455,0.006156987961998657,0.08600414544343948,0.03493037052058965,0.0010866129144713366,24,1.0
teacherA_4,val,ge5,far,,191393,25747,0.9767964345613476,0.9642659769630753,0.8041308614382858,0.8574979609274866,0.7892679456690067,0.8661228861882103,0.7891404823862974,0.8498349794876261,0.006156987961998657,0.08600414544343948,0.03493037052058965,0.0010866129144713366,24,1.0
teacherA_4,test_w29-32,all,all,,100000,100000,0.95825,0.9249386812476137,0.8205566916,0.78474,0.7947823105,0.8479122184,0.7147,0.8203237698000001,0.01672832252755765,0.18863390386104584,0.06527076470801028,0.0033300550403256883,24,3.5
teacherA_4,test_w29-32,all,near,,100000,16111,0.95825,0.9249386812476137,0.8579329470548072,0.6877909502824158,0.8292325318105642,0.8990243867543913,0.5557072807398672,0.8671704940723729,0.01672832252755765,0.18863390386104584,0.06527076470801028,0.0033300550403256883,24,3.5
teacherA_4,test_w29-32,all,far,,100000,83889,0.95825,0.9249386812476137,0.8133785293661862,0.8033592008487406,0.7881660972237124,0.838096054846285,0.7452347745234774,0.8113267907592175,0.01672832252755765,0.18863390386104584,0.06527076470801028,0.0033300550403256883,24,3.5
teacherA_4,test_w29-32,ge5,all,,95313,94723,0.9600788979467648,0.9270137180950581,0.8240544936266425,0.7832099912376086,0.7996275590312587,0.8522823966691927,0.7118440083189933,0.8261117149746909,0.017056495552997864,0.18018464744091034,0.062438380734971204,0.0030137624417275375,24,3.5
teacherA_4,test_w29-32,ge5,near,,95313,15529,0.9600788979467648,0.9270137180950581,0.8581218978685203,0.6939918861484964,0.8310900041287789,0.9010210521553075,0.5585678408139609,0.870788066167349,0.017056495552997864,0.18018464744091034,0.062438380734971204,0.0030137624417275375,24,3.5
teacherA_4,test_w29-32,ge5,far,,95313,79194,0.9600788979467648,0.9270137180950581,0.8173742814833979,0.800704598833245,0.7934581483445983,0.8427253269285069,0.7418996388615299,0.8173512147136766,0.017056495552997864,0.18018464744091034,0.062438380734971204,0.0030137624417275375,24,3.5
teacherA_4,test_w33-36,all,all,,100000,100000,0.9321,0.8889438678213182,0.79399798515,0.82145,0.7550652525999999,0.8245764829,0.75639,0.7822710549999999,0.03319204670324921,0.32861199975013733,0.10335552365588703,0.009280616572223472,24,7.5
teacherA_4,test_w33-36,all,near,,100000,15732,0.9321,0.8889438678213182,0.846302096046275,0.7258454106280193,0.8011831280193237,0.8912985233918129,0.5922959572845157,0.840346985125858,0.03319204670324921,0.32861199975013733,0.10335552365588703,0.009280616572223472,24,7.5
teacherA_4,test_w33-36,all,far,,100000,84268,0.9321,0.8889438678213182,0.7842333262923055,0.8392984288223287,0.7464555025632506,0.8121201395547538,0.7870247306213509,0.7714288547253998,0.03319204670324921,0.32861199975013733,0.10335552365588703,0.009280616572223472,24,7.5
teacherA_4,test_w33-36,ge5,all,,95121,93782,0.9375216829091367,0.8938727117705905,0.7978188695781101,0.8209891023863854,0.7615536888580496,0.8314185946426957,0.7557953551854301,0.7924354619636628,0.0316141139585456,0.3105751872062683,0.0964518499386532,0.008659097930589709,24,7.5
teacherA_4,test_w33-36,ge5,near,,95121,15221,0.9375216829091367,0.8938727117705905,0.8474967116475463,0.7320149793049077,0.8059059954467616,0.8934908556102182,0.5983181131331713,0.8470064927023425,0.0316141139585456,0.3105751872062683,0.0964518499386532,0.008659097930589709,24,7.5
teacherA_4,test_w33-36,ge5,far,,95121,78561,0.9375216829091367,0.8938727117705905,0.7881939101944606,0.8382276193021982,0.7529605388397608,0.8193922471651095,0.7863061824569443,0.7818624593431075,0.0316141139585456,0.3105751872062683,0.0964518499386532,0.008659097930589709,24,7.5
teacherA_4,test_w37-40,all,all,,100000,100000,0.91137,0.8697768730265264,0.76241008995,0.85286,0.7149353045000001,0.79015176705,0.81079,0.7385508285000001,0.047102024914920375,0.45117565989494324,0.13346304328703787,0.015438393632227742,24,11.5
teacherA_4,test_w37-40,all,near,,100000,12184,0.91137,0.8697768730265264,0.824585788328956,0.7659225213394616,0.7679414157912016,0.8718808839461589,0.6691562705187131,0.8075507009192383,0.047102024914920375,0.45117565989494324,0.13346304328703787,0.015438393632227742,24,11.5
teacherA_4,test_w37-40,all,far,,100000,87816,0.91137,0.8697768730265264,0.7537835445704656,0.8649221098660836,0.7075809902523459,0.7788122895030518,0.8304409219276669,0.7289774654960371,0.047102024914920375,0.45117565989494324,0.13346304328703787,0.015438393632227742,24,11.5
teacherA_4,test_w37-40,ge5,all,,95295,92226,0.9170995330290151,0.875151658593564,0.7676342349160514,0.8485676490360636,0.7222189275282554,0.8008981232666055,0.8061717953722377,0.7519022952064066,0.04562316715226318,0.43184733390808105,0.12626121306079083,0.014693233645273002,24,11.5
teacherA_4,test_w37-40,ge5,near,,95295,11717,0.9170995330290151,0.875151658593564,0.8251777755587828,0.7695655884612103,0.772022983230053,0.8745531252424974,0.6702227532644875,0.8146673596630307,0.04562316715226318,0.43184733390808105,0.12626121306079083,0.014693233645273002,24,11.5
teacherA_4,test_w37-40,ge5,far,,95295,80509,0.9170995330290151,0.875151658593564,0.7592595480399147,0.8600653343104497,0.7149706183869425,0.7901786303136247,0.8259573463836342,0.742767685905108,0.04562316715226318,0.43184733390808105,0.12626121306079083,0.014693233645273002,24,11.5
teacherA_4,test_w41-44,all,all,,100000,100000,0.90548,0.8548173481244894,0.7602934373000001,0.84774,0.7084401868999998,0.788743032,0.79947,0.7330631508,0.05189890807226302,0.5084898471832275,0.14543178165246265,0.016493235226390915,24,15.5
teacherA_4,test_w41-44,all,near,,100000,11009,0.90548,0.8548173481244894,0.8239693019347806,0.7566536470160777,0.7622617294940504,0.8706185929693886,0.6506494686165865,0.8017565446452901,0.05189890807226302,0.5084898471832275,0.14543178165246265,0.016493235226390915,24,15.5
teacherA_4,test_w41-44,all,far,,100000,88991,0.90548,0.8548173481244894,0.7524161509029003,0.859008214313807,0.7017819701992336,0.7786142768369835,0.8178804598217797,0.7245651501837264,0.05189890807226302,0.5084898471832275,0.14543178165246265,0.016493235226390915,24,15.5
teacherA_4,test_w41-44,ge5,all,,95403,93678,0.9114598073435846,0.8607973713640601,0.76249690540193,0.8454706547962169,0.7136472336527577,0.7950382651070941,0.7967078716454237,0.7430093146052202,0.04981130894342672,0.48732423782348633,0.13749910265483056,0.01558734426198225,24,15.5
teacherA_4,test_w41-44,ge5,near,,95403,10688,0.9114598073435846,0.8607973713640601,0.8229908246814129,0.7625374251497006,0.7655566306382864,0.872111054160507,0.6536302395209581,0.8083847251960028,0.04981130894342672,0.48732423782348633,0.13749910265483056,0.01558734426198225,24,15.5
teacherA_4,test_w41-44,ge5,far,,95403,82990,0.9114598073435846,0.8607973713640601,0.7547060991691416,0.8561513435353657,0.706961998865659,0.7851123225910936,0.8151343535365707,0.7345898376996379,0.04981130894342672,0.48732423782348633,0.13749910265483056,0.01558734426198225,24,15.5
teacherA_4,test_w45-48,all,all,,100000,100000,0.87166,0.820012815827294,0.7328732679999999,0.86653,0.6646569317999999,0.7652852338000001,0.83675,0.6911246604999999,0.07699232972994446,0.8432335257530212,0.20034623000250326,0.026027621119823346,24,19.5
teacherA_4,test_w45-48,all,near,,100000,10212,0.87166,0.820012815827294,0.8074092489228359,0.7773207990599295,0.7241427213082647,0.8576370123384253,0.6956521739130435,0.7642369007050529,0.07699232972994446,0.8432335257530212,0.20034623000250326,0.026027621119823346,24,19.5
teacherA_4,test_w45-48,all,far,,100000,89788,0.87166,0.820012815827294,0.7243959499042188,0.8766761705350381,0.6578913408250545,0.7547816435381121,0.8527977012518376,0.6828092709493474,0.07699232972994446,0.8432335257530212,0.20034623000250326,0.026027621119823346,24,19.5
teacherA_4,test_w45-48,ge5,all,,95040,92738,0.8807344276094277,0.8284751340959776,0.7340525850136763,0.8653302853199336,0.6700666097823614,0.7694783590258948,0.8323233194591214,0.7016017890958585,0.07118327859350125,0.7387133240699768,0.18645079533403425,0.022234826928845496,24,19.5
teacherA_4,test_w45-48,ge5,near,,95040,9889,0.8807344276094277,0.8284751340959776,0.8064148863197996,0.7884518151481444,0.7291597687615359,0.8585958261279324,0.700171908180807,0.773226826613797,0.07118327859350125,0.7387133240699768,0.18645079533403425,0.022234826928845496,24,19.5
teacherA_4,test_w45-48,ge5,far,,95040,82849,0.8807344276094277,0.8284751340959776,0.7254152955157191,0.8745066325483711,0.663013148073167,0.7588411439457846,0.8480971405810571,0.6930525006794034,0.07118327859350125,0.7387133240699768,0.18645079533403425,0.022234826928845496,24,19.5
teacherA_4,test_w49-51,all,all,,100000,100000,0.85263,0.7947123605280734,0.7280057629500001,0.87967,0.6539324482000001,0.7600453848000002,0.84962,0.6782629346,0.08957202229961751,1.0350397825241089,0.23361381715585416,0.03223444036180061,24,23.0
teacherA_4,test_w49-51,all,near,,100000,12082,0.85263,0.7947123605280734,0.7976599764111902,0.7980466810130773,0.7074552011256415,0.851684646167853,0.71312696573415,0.748041279589472,0.08957202229961751,1.0350397825241089,0.23361381715585416,0.03223444036180061,24,23.0
teacherA_4,test_w49-51,all,far,,100000,87918,0.85263,0.7947123605280734,0.7184336365704406,0.8908869628517482,0.6465771637207397,0.7474519960076436,0.8683773516231034,0.6686737496303374,0.08957202229961751,1.0350397825241089,0.23361381715585416,0.03223444036180061,24,23.0
teacherA_4,test_w49-51,ge5,all,,94427,93681,0.8641172545987906,0.8031332822981647,0.729184027568591,0.8821639393260106,0.6604175065553725,0.762400361348123,0.8491369648060972,0.6889942513958572,0.0821585452021994,0.9062567949295044,0.21670941642754693,0.027513026716719676,24,23.0
teacherA_4,test_w49-51,ge5,near,,94427,11739,0.8641172545987906,0.8031332822981647,0.7973231138374584,0.8108867876309737,0.7144276132873453,0.8515323963151138,0.721441349348326,0.758379248497738,0.0821585452021994,0.9062567949295044,0.21670941642754693,0.027513026716719676,24,23.0
teacherA_4,test_w49-51,ge5,far,,94427,81942,0.8641172545987906,0.8031332822981647,0.719422431150268,0.8923750945790925,0.6526800258626064,0.7496313178969317,0.8674306216592224,0.6790541659576329,0.0821585452021994,0.9062567949295044,0.21670941642754693,0.027513026716719676,24,23.0
teacherB,val,all,all,,200000,37194,0.977395,0.966874151919786,0.77782051513685,0.8610259719309566,0.7635223072269721,0.842442912096037,0.7612518148088402,0.8268320606818303,0.00602503886327149,0.08894277364015579,0.034384651536190816,0.0009840975477118945,24,1.0
teacherB,val,all,near,,200000,10090,0.977395,0.966874151919786,0.6827331404856294,0.9234886025768088,0.6710127616451933,0.7410692792368682,0.876412289395441,0.7285005515361744,0.00602503886327149,0.08894277364015579,0.034384651536190816,0.0009840975477118945,24,1.0
teacherB,val,all,far,,200000,27104,0.977395,0.966874151919786,0.8132186707681522,0.8377730224321134,0.7979608150088549,0.8801812516602716,0.7183810507674144,0.8634379095336481,0.00602503886327149,0.08894277364015579,0.034384651536190816,0.0009840975477118945,24,1.0
teacherB,val,ge5,all,,191393,35514,0.9795865052535881,0.9697193186689641,0.7857703597927506,0.8575772934617334,0.7728939141314494,0.851655335066617,0.757335135439545,0.8377432658462097,0.0059027781304913166,0.08083471655845642,0.031157867517930475,0.0008215102829731046,24,1.0
teacherB,val,ge5,near,,191393,9767,0.9795865052535881,0.9697193186689641,0.6871311219479046,0.9220845704924746,0.676630771034693,0.7483554370719034,0.8762158288113033,0.7372804501237744,0.0059027781304913166,0.08083471655845642,0.031157867517930475,0.0008215102829731046,24,1.0
teacherB,val,ge5,far,,191393,25747,0.9795865052535881,0.9697193186689641,0.8231886778892517,0.8331067697207442,0.8094108721702895,0.8908416520633299,0.7122383190274595,0.8758533493961776,0.0059027781304913166,0.08083471655845642,0.031157867517930475,0.0008215102829731046,24,1.0
teacherB,test_w29-32,all,all,,100000,100000,0.96156,0.9340713250197916,0.7950900859500001,0.85939,0.7741782086000001,0.8494080881499999,0.75106,0.8248424614000001,0.017200711880326243,0.19692909717559814,0.061927127645720954,0.002960284593246511,24,3.5
teacherB,test_w29-32,all,near,,100000,16111,0.96156,0.9340713250197916,0.8239117605983489,0.8075228105021414,0.801085135000931,0.8938351706908324,0.6447147911364906,0.8659774117062876,0.017200711880326243,0.19692909717559814,0.061927127645720954,0.002960284593246511,24,3.5
teacherB,test_w29-32,all,far,,100000,83889,0.96156,0.9340713250197916,0.789554842947228,0.8693511664222962,0.7690106956811977,0.8408758046942983,0.7714837463791439,0.8169424365530641,0.017200711880326243,0.19692909717559814,0.061927127645720954,0.002960284593246511,24,3.5
teacherB,test_w29-32,ge5,all,,95313,94723,0.9637300263342881,0.9364644816423235,0.7960445174078857,0.8595061389525247,0.7768379640765851,0.8523925420268205,0.7513275550816592,0.8296818288520299,0.01742707386930418,0.18800964951515198,0.05856936027373145,0.002614673345765976,24,3.5
teacherB,test_w29-32,ge5,near,,95313,15529,0.9637300263342881,0.9364644816423235,0.8228519292179572,0.8158928456436345,0.8019480042266995,0.894555379035782,0.6524566939274905,0.8687383336686552,0.01742707386930418,0.18800964951515198,0.05856936027373145,0.002614673345765976,24,3.5
teacherB,test_w29-32,ge5,far,,95313,79194,0.9637300263342881,0.9364644816423235,0.7907879032957231,0.8680581862262292,0.7719141843269688,0.8441249119549442,0.7707149531530166,0.8220233135188307,0.01742707386930418,0.18800964951515198,0.05856936027373145,0.002614673345765976,24,3.5
teacherB,test_w33-36,all,all,,100000,100000,0.93691,0.8966160294244799,0.77212975825,0.87727,0.7401296203,0.82906187395,0.79269,0.7908479926,0.03220517577737567,0.34991195797920227,0.09868063854328679,0.006609726651209613,24,7.5
teacherB,test_w33-36,all,near,,100000,15732,0.93691,0.8966160294244799,0.8091767143401984,0.8208110856852275,0.7729910850495806,0.8826042451690821,0.6841469616069158,0.838152742817188,0.03220517577737567,0.34991195797920227,0.09868063854328679,0.006609726651209613,24,7.5
teacherB,test_w33-36,all,far,,100000,84268,0.93691,0.8966160294244799,0.7652134589049224,0.8878103194569706,0.7339947106849576,0.819066044168605,0.8129539089571367,0.7820166648075191,0.03220517577737567,0.34991195797920227,0.09868063854328679,0.006609726651209613,24,7.5
teacherB,test_w33-36,ge5,all,,95121,93782,0.942336602853208,0.9001926100094032,0.7737023865848498,0.8770979505662068,0.7440764147430808,0.833571838874098,0.791121963703056,0.7990683819977729,0.03067371888256499,0.33160457015037537,0.09164110213214696,0.005954008742793128,24,7.5
teacherB,test_w33-36,ge5,near,,95121,15221,0.942336602853208,0.9001926100094032,0.8095617404973701,0.8297746534393272,0.7762308029452057,0.8834965623378941,0.6883253399908021,0.8435733583859921,0.03067371888256499,0.33160457015037537,0.09164110213214696,0.005954008742793128,24,7.5
teacherB,test_w33-36,ge5,far,,95121,78561,0.942336602853208,0.9001926100094032,0.766754725201944,0.8862667226741003,0.7378465813292422,0.823899046829159,0.8110385560265272,0.7904456525823492,0.03067371888256499,0.33160457015037537,0.09164110213214696,0.005954008742793128,24,7.5
teacherB,test_w37-40,all,all,,100000,100000,0.91676,0.8794103334768748,0.7387961026500001,0.88988,0.6985016481,0.79630670055,0.83179,0.7479939129000001,0.045913342262059405,0.48138511180877686,0.12875634930756316,0.01026600081980383,24,11.5
teacherB,test_w37-40,all,near,,100000,12184,0.91676,0.8794103334768748,0.7824289285128038,0.8422521339461589,0.7360168302692056,0.8622932177445831,0.7425311884438608,0.8048383232107681,0.045913342262059405,0.48138511180877686,0.12875634930756316,0.01026600081980383,24,11.5
teacherB,test_w37-40,all,far,,100000,87816,0.91676,0.8794103334768748,0.7327422815887765,0.8964881115058759,0.6932966173590234,0.7871514244556801,0.8441741823813428,0.7401070552063405,0.045913342262059405,0.48138511180877686,0.12875634930756316,0.01026600081980383,24,11.5
teacherB,test_w37-40,ge5,all,,95295,92226,0.9227031848470539,0.8839102065611047,0.7411285613946701,0.8878732678420402,0.7030182524623472,0.803718102591206,0.8303298419100904,0.7588890932541269,0.04417231131140391,0.46178728342056274,0.12135733284613436,0.009427436754313056,24,11.5
teacherB,test_w37-40,ge5,near,,95295,11717,0.9227031848470539,0.8839102065611047,0.7825508229985609,0.8551677050439532,0.7390266507022616,0.8635251079282638,0.7472902620124605,0.8108443542015309,0.04417231131140391,0.46178728342056274,0.12135733284613436,0.009427436754313056,24,11.5
teacherB,test_w37-40,ge5,far,,95295,80509,0.9227031848470539,0.8839102065611047,0.7351001094301346,0.8926331217627843,0.697777715352495,0.7950139989315618,0.8424151337117589,0.7513277051792442,0.04417231131140391,0.46178728342056274,0.12135733284613436,0.009427436754313056,24,11.5
teacherB,test_w41-44,all,all,,100000,100000,0.90989,0.8647272116162336,0.7348229992499999,0.89447,0.6899398478,0.7926465763999999,0.83338,0.7408146184000001,0.052093934926614176,0.5359864234924316,0.14046505453515726,0.011749714652774091,24,15.5
teacherB,test_w41-44,all,near,,100000,11009,0.90989,0.8647272116162336,0.7764548337723681,0.8417658279589427,0.7253777645562722,0.8608992715051321,0.7359433191025525,0.7989256408393133,0.052093934926614176,0.5359864234924316,0.14046505453515726,0.011749714652774091,24,15.5
teacherB,test_w41-44,all,far,,100000,88991,0.90989,0.8647272116162336,0.7296727608409839,0.9009899877515704,0.6855558536256475,0.7842030942454855,0.8454338079131598,0.7336257538402761,0.052093934926614176,0.5359864234924316,0.14046505453515726,0.011749714652774091,24,15.5
teacherB,test_w41-44,ge5,all,,95403,93678,0.9158517027766423,0.8698306972771999,0.7354986378666202,0.8934541728047141,0.6934660476926506,0.7967337642603209,0.8343901449646662,0.7490004066988944,0.05013114917774732,0.5151959657669067,0.1327671751859922,0.01079871326798374,24,15.5
teacherB,test_w41-44,ge5,near,,95403,10688,0.9158517027766423,0.8698306972771999,0.7763159894873315,0.8515157185628742,0.7286212711051593,0.8617816615519002,0.7424214071856288,0.8049318733449111,0.05013114917774732,0.5151959657669067,0.1327671751859922,0.01079871326798374,24,15.5
teacherB,test_w41-44,ge5,far,,95403,82990,0.9158517027766423,0.8698306972771999,0.7302419098979231,0.8988552837691288,0.6889385259691553,0.7883564666792582,0.8462344860826606,0.7417971832320596,0.05013114917774732,0.5151959657669067,0.1327671751859922,0.01079871326798374,24,15.5
teacherB,test_w45-48,all,all,,100000,100000,0.87612,0.8316933150532748,0.7013861070500002,0.91268,0.6447129053,0.764903517,0.85937,0.6972682734,0.07865641713574525,0.9036291241645813,0.19935232233893974,0.020433904605753957,24,19.5
teacherB,test_w45-48,all,near,,100000,10212,0.87612,0.8316933150532748,0.7463414620054837,0.8759302781041911,0.6805525656090874,0.8387763895417156,0.7792792792792793,0.7564654641598121,0.07865641713574525,0.9036291241645813,0.19935232233893974,0.020433904605753957,24,19.5
teacherB,test_w45-48,all,far,,100000,89788,0.87612,0.8316933150532748,0.6962731288702276,0.9168597139929612,0.6406366967746246,0.756501617253976,0.8684790840646857,0.6905355060809908,0.07865641713574525,0.9036291241645813,0.19935232233893974,0.020433904605753957,24,19.5
teacherB,test_w45-48,ge5,all,,95040,92738,0.8853114478114478,0.8397017164495091,0.7015975605658873,0.9118807824192887,0.6487709095953896,0.7669352752414881,0.8589359270202075,0.7064863941076025,0.0729643267792609,0.7919447422027588,0.1855448890236258,0.017195531055004074,24,19.5
teacherB,test_w45-48,ge5,near,,95040,9889,0.8853114478114478,0.8397017164495091,0.746832047426774,0.8840125391849529,0.6857212480673524,0.8388444770411161,0.7822833451309535,0.7649190026550605,0.0729643267792609,0.7919447422027588,0.1855448890236258,0.017195531055004074,24,19.5
teacherB,test_w45-48,ge5,far,,95040,82849,0.8853114478114478,0.8397017164495091,0.6961982939414584,0.9152071841543048,0.6443604532573621,0.758352068484659,0.8680853118323697,0.699511776840939,0.0729643267792609,0.7919447422027588,0.1855448890236258,0.017195531055004074,24,19.5
teacherB,test_w49-51,all,all,,100000,100000,0.85438,0.8053278131428286,0.6937607578,0.92299,0.6300946958,0.75408738975,0.87734,0.6794814709,0.09383362282425162,1.099966287612915,0.23490120507024217,0.026279800017700236,24,23.0
teacherB,test_w49-51,all,near,,100000,12082,0.85438,0.8053278131428286,0.7379929630855819,0.8828836285383215,0.6636601175302103,0.8298661024664791,0.7905148154279092,0.7373925120013243,0.09383362282425162,1.099966287612915,0.23490120507024217,0.026279800017700236,24,23.0
teacherB,test_w49-51,all,far,,100000,87918,0.85438,0.8053278131428286,0.6876822129711777,0.9285015582702063,0.6254820177893037,0.7436736131963876,0.8892718214700062,0.6715231324643417,0.09383362282425162,1.099966287612915,0.23490120507024217,0.026279800017700236,24,23.0
teacherB,test_w49-51,ge5,all,,94427,93681,0.8657481440689633,0.8138763960172414,0.6949452409450012,0.9218731653163394,0.6353595399704887,0.7553097673439637,0.8782463893425562,0.6897110275301841,0.08702850321897518,0.9576645493507385,0.21803759688627145,0.022034567802143714,24,23.0
teacherB,test_w49-51,ge5,near,,94427,11739,0.8657481440689633,0.8138763960172414,0.7387148184183225,0.8900247039781923,0.6697666553770482,0.8283839809212801,0.7973421926910299,0.7466367551813157,0.08702850321897518,0.9576645493507385,0.21803759688627145,0.022034567802143714,24,23.0
teacherB,test_w49-51,ge5,far,,94427,81942,0.8657481440689633,0.8138763960172414,0.6886748171091257,0.9264357716433574,0.6304303812026087,0.7448411652451119,0.8898367137731567,0.6815558553730897,0.08702850321897518,0.9576645493507385,0.21803759688627145,0.022034567802143714,24,23.0
student_direct_s0,val,all,all,,200000,37194,0.95403,0.926631402526871,0.7054431175055117,0.9104425444964241,0.678106009974727,0.8028530833602194,0.7699360111845996,0.7727724809108996,0.0029583390605450012,0.16328312456607819,0.06725521795622219,0.0029827781302897323,24,1.0
student_direct_s0,val,all,near,,200000,10090,0.95403,0.926631402526871,0.6476343942021804,0.9224975222993063,0.6237107269573834,0.7222973676907829,0.8777006937561943,0.6973008077304261,0.0029583390605450012,0.16328312456607819,0.06725521795622219,0.0029827781302897323,24,1.0
student_direct_s0,val,all,far,,200000,27104,0.95403,0.926631402526871,0.7269635579619245,0.9059548406139315,0.698355729781582,0.8328415415621311,0.7298184769775679,0.8008683037559031,0.0029583390605450012,0.16328312456607819,0.06725521795622219,0.0029827781302897323,24,1.0
student_direct_s0,val,ge5,all,,191393,35514,0.9586818744677182,0.9317613451182266,0.7129321369669255,0.9096131103226897,0.6893948034282714,0.8186060224325216,0.7711325111223742,0.7924498104295916,0.0025803047615757684,0.14495503902435303,0.06057017390026685,0.0024639734819382054,24,1.0
student_direct_s0,val,ge5,near,,191393,9767,0.9586818744677182,0.9317613451182266,0.6505723971911385,0.923210811917682,0.6304936596475393,0.727833397600647,0.8782635404934985,0.7070627529340399,0.0025803047615757684,0.14495503902435303,0.06057017390026685,0.0024639734819382054,24,1.0
student_direct_s0,val,ge5,far,,191393,25747,0.9586818744677182,0.9317613451182266,0.7365880028305258,0.9044548879481105,0.7117386676185232,0.8530401789063989,0.7304928729560726,0.8248409779659669,0.0025803047615757684,0.14495503902435303,0.06057017390026685,0.0024639734819382054,24,1.0
student_direct_s0,test_w29-32,all,all,,100000,100000,0.935,0.8864445489599564,0.7589792851,0.85529,0.7161713035,0.8225865850999999,0.68846,0.7787870997000002,0.012288840012177856,0.24584193527698517,0.09405363077971483,0.0056739280522943025,24,3.5
student_direct_s0,test_w29-32,all,near,,100000,16111,0.935,0.8864445489599564,0.7886291074421203,0.7929365030103656,0.7431267283222642,0.8650498904475203,0.6768046676183974,0.8173982769536342,0.012288840012177856,0.24584193527698517,0.09405363077971483,0.0056739280522943025,24,3.5
student_direct_s0,test_w29-32,all,far,,100000,83889,0.935,0.8864445489599564,0.7532849951721918,0.8672650764700974,0.710994476391422,0.8144314478060295,0.6906984229159961,0.7713717690042794,0.012288840012177856,0.24584193527698517,0.09405363077971483,0.0056739280522943025,24,3.5
student_direct_s0,test_w29-32,ge5,all,,95313,94723,0.9400816258013073,0.8911611900359045,0.7624690461153522,0.8535519356439302,0.7242031207160021,0.8311598155477002,0.6800777002417575,0.7917331525400967,0.013487442759219799,0.2274365872144699,0.0872182049726824,0.004944080039970635,24,3.5
student_direct_s0,test_w29-32,ge5,near,,95313,15529,0.9400816258013073,0.8911611900359045,0.7933197314090561,0.7907785433704682,0.7522602047448083,0.8757018131834713,0.6748663790327774,0.8324659480291383,0.013487442759219799,0.2274365872144699,0.0872182049726824,0.004944080039970635,24,3.5
student_direct_s0,test_w29-32,ge5,far,,95313,79194,0.9400816258013073,0.8911611900359045,0.7564195942386199,0.8658610500795515,0.7187014607684895,0.822425660418702,0.6810995782508776,0.7837459365748805,0.013487442759219799,0.2274365872144699,0.0872182049726824,0.004944080039970635,24,3.5
student_direct_s0,test_w33-36,all,all,,100000,100000,0.91531,0.8522175255256533,0.74513776995,0.86797,0.6922865814000001,0.80264543955,0.72,0.7488377100000001,0.02190666445076465,0.357332319021225,0.12690140718958262,0.009822749595686674,24,7.5
student_direct_s0,test_w33-36,all,near,,100000,15732,0.91531,0.8522175255256533,0.7877912306127638,0.8012967200610221,0.7299900139842359,0.856931683193491,0.6915840325451309,0.7972892137045513,0.02190666445076465,0.357332319021225,0.12690140718958262,0.009822749595686674,24,7.5
student_direct_s0,test_w33-36,all,far,,100000,84268,0.91531,0.8522175255256533,0.7371747917952247,0.8804172402335406,0.685247724403095,0.7925107361631937,0.7253049793515925,0.7397922947026155,0.02190666445076465,0.357332319021225,0.12690140718958262,0.009822749595686674,24,7.5
student_direct_s0,test_w33-36,ge5,all,,95121,93782,0.9197022739458164,0.8565566934438853,0.7502239551795125,0.8654859141413065,0.7010144271052646,0.8143480704881837,0.7140282783476574,0.7639166041442862,0.023420644103036403,0.33924034237861633,0.11995361195868297,0.008712874031588809,24,7.5
student_direct_s0,test_w33-36,ge5,near,,95121,15221,0.9197022739458164,0.8565566934438853,0.7910414821418046,0.801589908678799,0.7371146392257495,0.8657855540633776,0.6958149924446488,0.8100679702256569,0.023420644103036403,0.33924034237861633,0.11995361195868297,0.008712874031588809,24,7.5
student_direct_s0,test_w33-36,ge5,far,,95121,78561,0.9197022739458164,0.8565566934438853,0.74231565999624,0.8778656076170109,0.6940201000385788,0.8043821849024857,0.7175570575730961,0.7549748907862008,0.023420644103036403,0.33924034237861633,0.11995361195868297,0.008712874031588809,24,7.5
student_direct_s0,test_w37-40,all,all,,100000,100000,0.89698,0.8334244479102428,0.7224698922999999,0.88357,0.6622617656,0.7678208332,0.76958,0.7076454316,0.032431418314874186,0.44842785596847534,0.15389870238907666,0.013524179119038202,24,11.5
student_direct_s0,test_w37-40,all,near,,100000,12184,0.89698,0.8334244479102428,0.7678992851280367,0.8159881812212738,0.7015036654629021,0.8332126255745239,0.7390019697964544,0.7654012048588313,0.032431418314874186,0.44842785596847534,0.15389870238907666,0.013524179119038202,24,11.5
student_direct_s0,test_w37-40,all,far,,100000,87816,0.89698,0.8334244479102428,0.7161668071877563,0.8929466156509065,0.6568171620205886,0.7587480719914366,0.7738225380340712,0.6996321271750023,0.032431418314874186,0.44842785596847534,0.15389870238907666,0.013524179119038202,24,11.5
student_direct_s0,test_w37-40,ge5,all,,95295,92226,0.90128548192455,0.8380758526958899,0.7328668877973412,0.8802832173139895,0.6757485430397567,0.7853353520286008,0.76113026695292,0.7277862140307865,0.03453702972858344,0.427541047334671,0.14684096391931073,0.012173494139155711,24,11.5
student_direct_s0,test_w37-40,ge5,near,,95295,11717,0.90128548192455,0.8380758526958899,0.7728138412164312,0.8159085090040112,0.7100737618225913,0.8447397657283062,0.7407186139796876,0.7805764165495481,0.03453702972858344,0.427541047334671,0.14684096391931073,0.012173494139155711,24,11.5
student_direct_s0,test_w37-40,ge5,far,,95295,80509,0.90128548192455,0.8380758526958899,0.7270531470576539,0.8896520885863692,0.6707529700171322,0.7766898401563944,0.7641009079730217,0.7201033114619764,0.03453702972858344,0.427541047334671,0.14684096391931073,0.012173494139155711,24,11.5
student_direct_s0,test_w41-44,all,all,,100000,100000,0.88847,0.8255452158208876,0.7245486646000001,0.88263,0.6577065364000001,0.76467970785,0.77183,0.6988527296,0.03772850635856387,0.5257874727249146,0.16798914173784069,0.0163943460707396,24,15.5
student_direct_s0,test_w41-44,all,near,,100000,11009,0.88847,0.8255452158208876,0.7667932932146426,0.8077936233990372,0.6936117903533472,0.8280300803887728,0.7402125533654282,0.7541056917067853,0.03772850635856387,0.5257874727249146,0.16798914173784069,0.0163943460707396,24,15.5
student_direct_s0,test_w41-44,all,far,,100000,88991,0.88847,0.8255452158208876,0.719322617961367,0.8918879437246463,0.6532647283433156,0.7568426877998898,0.7757413671045387,0.6920174332235843,0.03772850635856387,0.5257874727249146,0.16798914173784069,0.0163943460707396,24,15.5
student_direct_s0,test_w41-44,ge5,all,,95403,93678,0.8935777700910873,0.8306509147181461,0.7283536809073439,0.8807617583637567,0.6661476933193603,0.7744868162589069,0.7669036486688443,0.7127605238904741,0.040109866947370176,0.5024804472923279,0.1602199621199044,0.01487524579277016,24,15.5
student_direct_s0,test_w41-44,ge5,near,,95403,10688,0.8935777700910873,0.8306509147181461,0.7682087958057658,0.8100673652694611,0.6998973726001662,0.8343609460036564,0.7454154191616766,0.7653882619889619,0.040109866947370176,0.5024804472923279,0.1602199621199044,0.01487524579277016,24,15.5
student_direct_s0,test_w41-44,ge5,far,,95403,82990,0.8935777700910873,0.8306509147181461,0.7232208761352709,0.8898662489456561,0.6618011868468543,0.7667758306135053,0.7696710447041812,0.7059827763932258,0.040109866947370176,0.5024804472923279,0.1602199621199044,0.01487524579277016,24,15.5
student_direct_s0,test_w45-48,all,all,,100000,100000,0.86017,0.7874782412538596,0.6999820111,0.89308,0.6196048770999999,0.7363215031500001,0.81635,0.6577622669999998,0.05593896776422859,0.719115138053894,0.21080810935624758,0.02382896470397369,24,19.5
student_direct_s0,test_w45-48,all,near,,100000,10212,0.86017,0.7874782412538596,0.7595099711124167,0.8066000783392088,0.6679830366235802,0.8086446719545632,0.7853505679592636,0.7187284802193499,0.05593896776422859,0.719115138053894,0.21080810935624758,0.02382896470397369,24,19.5
student_direct_s0,test_w45-48,all,far,,100000,89788,0.86017,0.7874782412538596,0.6932116238806968,0.902915757116764,0.6141026076981334,0.7280958582995501,0.819875707221455,0.6508283006637858,0.05593896776422859,0.719115138053894,0.21080810935624758,0.02382896470397369,24,19.5
student_direct_s0,test_w45-48,ge5,all,,95040,92738,0.8679713804713804,0.7946186894785056,0.704105104650475,0.8928594535142013,0.6300945239913421,0.7465250080364705,0.8124285621859432,0.6743998126478541,0.05454195095006667,0.6661513447761536,0.19795015460729368,0.020702401694044106,24,19.5
student_direct_s0,test_w45-48,ge5,near,,95040,9889,0.8679713804713804,0.7946186894785056,0.7612086846019435,0.8085751845484882,0.6765804012501732,0.814733878011415,0.7897664071190211,0.732508932058305,0.05454195095006667,0.6661513447761536,0.19795015460729368,0.020702401694044106,24,19.5
student_direct_s0,test_w45-48,ge5,far,,95040,82849,0.8679713804713804,0.7946186894785056,0.6972891225367492,0.9029197697015051,0.6245458892436375,0.7383834792892046,0.8151335562288018,0.6674638076043418,0.05454195095006667,0.6661513447761536,0.19795015460729368,0.020702401694044106,24,19.5
student_direct_s0,test_w49-51,all,all,,100000,100000,0.83506,0.7598003961390675,0.6906943720000001,0.8986,0.6012798494,0.7323187737000001,0.82901,0.6429347542999999,0.07406452418386936,0.9033739566802979,0.24731936589591066,0.02983598052965026,24,23.0
student_direct_s0,test_w49-51,all,near,,100000,12082,0.83506,0.7598003961390675,0.7471916657010429,0.8228770071180268,0.6452629730177122,0.8127201229101142,0.8035921205098494,0.7087125848369475,0.07406452418386936,0.9033739566802979,0.24731936589591066,0.02983598052965026,24,23.0
student_direct_s0,test_w49-51,all,far,,100000,87918,0.83506,0.7598003961390675,0.6829303156918947,0.9090061193384745,0.5952355342478217,0.7212697382219796,0.8325030141722969,0.6338953340612844,0.07406452418386936,0.9033739566802979,0.24731936589591066,0.02983598052965026,24,23.0
student_direct_s0,test_w49-51,ge5,all,,94427,93681,0.8424920838319548,0.7665926224953423,0.6899449312502114,0.9005134445618642,0.6075347504916226,0.7374881713513722,0.827841291190316,0.6551946527743632,0.07329609771021878,0.8476060032844543,0.23420049215335254,0.026074104917255207,24,23.0
student_direct_s0,test_w49-51,ge5,near,,94427,11739,0.8424920838319548,0.7665926224953423,0.7462522962318424,0.8265610358633615,0.65155831571601,0.8165612916463887,0.807564528494761,0.7206814573344298,0.07329609771021878,0.8476060032844543,0.23420049215335254,0.026074104917255207,24,23.0
student_direct_s0,test_w49-51,ge5,far,,94427,81942,0.8424920838319548,0.7665926224953423,0.6818783456467434,0.9111078567767446,0.6012279404043771,0.726160166675587,0.8307461375118986,0.6458130218801866,0.07329609771021878,0.8476060032844543,0.23420049215335254,0.026074104917255207,24,23.0
student_direct_s1,val,all,all,,200000,37194,0.95323,0.926331666568323,0.7018437124939507,0.8947142012152498,0.6744605330160779,0.8064403618863257,0.7710921116309082,0.7761650229875787,0.0022250471910462283,0.1722865104675293,0.06820112639008426,0.003082386575522661,24,1.0
student_direct_s1,val,all,near,,200000,10090,0.95323,0.926331666568323,0.6410261142220021,0.9355797819623389,0.6172252096134786,0.7282337834489594,0.8665014866204163,0.7028189871159564,0.0022250471910462283,0.1722865104675293,0.06820112639008426,0.003082386575522661,24,1.0
student_direct_s1,val,all,far,,200000,27104,0.95323,0.926331666568323,0.7244842661599764,0.8795011806375442,0.6957675140200708,0.8355543072978158,0.7355740850059032,0.8034695353084415,0.0022250471910462283,0.1722865104675293,0.06820112639008426,0.003082386575522661,24,1.0
student_direct_s1,val,ge5,all,,191393,35514,0.957777975161056,0.9310396471632476,0.7112100818091603,0.8931970490510784,0.6873273533532522,0.8226226345872625,0.7701469842878864,0.796176137904014,0.0026274197895154974,0.15473677217960358,0.0615913233022774,0.0025668617423615474,24,1.0
student_direct_s1,val,ge5,near,,191393,9767,0.957777975161056,0.9310396471632476,0.6445867876453897,0.9368280946042797,0.6243823129033711,0.7343093728586157,0.8667963550732057,0.7130267114698475,0.0026274197895154974,0.15473677217960358,0.0615913233022774,0.0025668617423615474,24,1.0
student_direct_s1,val,ge5,far,,191393,25747,0.957777975161056,0.9310396471632476,0.7364833064216414,0.8766458228143085,0.7112052501984766,0.8561238435554411,0.7334835126422495,0.8277184709130053,0.0026274197895154974,0.15473677217960358,0.0615913233022774,0.0025668617423615474,24,1.0
student_direct_s1,test_w29-32,all,all,,100000,100000,0.93436,0.8850505705630105,0.75028343215,0.85747,0.7104441854,0.82361071745,0.69863,0.7809004265999999,0.012952679652422645,0.27357593178749084,0.09736778548191692,0.0061302509900984965,24,3.5
student_direct_s1,test_w29-32,all,near,,100000,16111,0.93436,0.8850505705630105,0.7598649968965303,0.8252746570666004,0.7192723797405499,0.8618473952578982,0.6993979268822543,0.8163682564707343,0.012952679652422645,0.27357593178749084,0.09736778548191692,0.0061302509900984965,24,3.5
student_direct_s1,test_w29-32,all,far,,100000,83889,0.93436,0.8850505705630105,0.7484432792141997,0.8636531607242904,0.7087487183063332,0.8162673098976029,0.6984825185662006,0.774088780173801,0.012952679652422645,0.27357593178749084,0.09736778548191692,0.0061302509900984965,24,3.5
student_direct_s1,test_w29-32,ge5,all,,95313,94723,0.9390744179702664,0.889232229708988,0.7551873429124716,0.8571624631821205,0.7195044742886824,0.832417115164813,0.6917010652111948,0.793860264528987,0.014303065718315258,0.2563527822494507,0.09081710257597995,0.005378893280541765,24,3.5
student_direct_s1,test_w29-32,ge5,near,,95313,15529,0.9390744179702664,0.889232229708988,0.7638759665590628,0.8252946100843583,0.7275116495851864,0.8717099972119272,0.6994011204842553,0.8305359244253125,0.014303065718315258,0.2563527822494507,0.09081710257597995,0.005378893280541765,24,3.5
student_direct_s1,test_w29-32,ge5,far,,95313,79194,0.9390744179702664,0.889232229708988,0.7534836073187662,0.8634113695481981,0.7179343625986628,0.8247122490725631,0.6901911760991994,0.786668604522799,0.014303065718315258,0.2563527822494507,0.09081710257597995,0.005378893280541765,24,3.5
student_direct_s1,test_w33-36,all,all,,100000,100000,0.90443,0.8419162536562603,0.7268596381499999,0.87428,0.6702823584000001,0.80169453385,0.72674,0.7401466130000001,0.030236686083674455,0.3960925340652466,0.1372424834265997,0.010911714599208732,24,7.5
student_direct_s1,test_w33-36,all,near,,100000,15732,0.90443,0.8419162536562603,0.7513594129799135,0.8439486397152302,0.6921099122807018,0.8520991015128401,0.7274980930587338,0.7852695868293923,0.030236686083674455,0.3960925340652466,0.1372424834265997,0.010911714599208732,24,7.5
student_direct_s1,test_w33-36,all,far,,100000,84268,0.90443,0.8419162536562603,0.7222857731285898,0.8799425641999336,0.6662073705321118,0.7922845008781506,0.7265984715431718,0.7317226012246641,0.030236686083674455,0.3960925340652466,0.1372424834265997,0.010911714599208732,24,7.5
student_direct_s1,test_w33-36,ge5,all,,95121,93782,0.9115442436475647,0.846923070091481,0.7351952150063472,0.8746881064596618,0.6832628829096495,0.8134953752748684,0.7183148152097417,0.7579012313342011,0.030144530939665598,0.3758455216884613,0.12879956858312647,0.009630627018950377,24,7.5
student_direct_s1,test_w33-36,ge5,near,,95121,15221,0.9115442436475647,0.846923070091481,0.7545589938168311,0.8477104001051179,0.7006991798669929,0.8598940780022656,0.7287957427238684,0.7998118477088709,0.030144530939665598,0.3758455216884613,0.12879956858312647,0.009630627018950377,24,7.5
student_direct_s1,test_w33-36,ge5,far,,95121,78561,0.9115442436475647,0.846923070091481,0.7314435306174726,0.8799149705324525,0.679884643376195,0.8045057410516061,0.716284161352325,0.7497811527730976,0.030144530939665598,0.3758455216884613,0.12879956858312647,0.009630627018950377,24,7.5
student_direct_s1,test_w37-40,all,all,,100000,100000,0.88472,0.8259685220173208,0.702218224,0.88807,0.6355690452,0.7682814038,0.77053,0.6974560830000001,0.041595810029804725,0.4867745339870453,0.16487304265721206,0.015331625031381677,24,11.5
student_direct_s1,test_w37-40,all,near,,100000,12184,0.88472,0.8259685220173208,0.7405346930400526,0.8565331582403152,0.6691376403479975,0.8333926185981615,0.754021667760998,0.7546976690741957,0.041595810029804725,0.4867745339870453,0.16487304265721206,0.015331625031381677,24,11.5
student_direct_s1,test_w37-40,all,far,,100000,87816,0.88472,0.8259685220173208,0.6969020189942606,0.8924455680058304,0.6309115822856883,0.7592475712284779,0.7728204427439191,0.6895141192948894,0.041595810029804725,0.4867745339870453,0.16487304265721206,0.015331625031381677,24,11.5
student_direct_s1,test_w37-40,ge5,all,,95295,92226,0.8929744477674589,0.8316128842670278,0.7159967357747841,0.8860299698566565,0.6539852490670817,0.785620069466044,0.7619218007937024,0.7209955461929628,0.04080630034025347,0.46253612637519836,0.15587476187966715,0.01379472574034739,24,11.5
student_direct_s1,test_w37-40,ge5,near,,95295,11717,0.8929744477674589,0.8316128842670278,0.7448148307813496,0.8573013570026458,0.6794944415181503,0.8432140094492738,0.7546300247503627,0.7720960219910321,0.04080630034025347,0.46253612637519836,0.15587476187966715,0.01379472574034739,24,11.5
student_direct_s1,test_w37-40,ge5,far,,95295,80509,0.8929744477674589,0.8316128842670278,0.7118026504030627,0.8902110323069471,0.6502727298711014,0.7772380476450861,0.762983020531866,0.7135585605773673,0.04080630034025347,0.46253612637519836,0.15587476187966715,0.01379472574034739,24,11.5
student_direct_s1,test_w41-44,all,all,,100000,100000,0.87748,0.8120799712902153,0.7021202699000001,0.89035,0.6314098721,0.76517987325,0.77119,0.6909631768000001,0.04733178499564524,0.5534787178039551,0.17831048918515816,0.01775246237395333,24,15.5
student_direct_s1,test_w41-44,all,near,,100000,11009,0.87748,0.8120799712902153,0.7320566014170224,0.864292851303479,0.6573178989917339,0.8267560859296939,0.7581070033608865,0.7445612299028068,0.04733178499564524,0.5534787178039551,0.17831048918515816,0.01775246237395333,24,15.5
student_direct_s1,test_w41-44,all,far,,100000,88991,0.87748,0.8120799712902153,0.6984168720994258,0.893573507433336,0.6282048123967592,0.7575623329887292,0.7728084862514187,0.684332607791799,0.04733178499564524,0.5534787178039551,0.17831048918515816,0.01775246237395333,24,15.5
student_direct_s1,test_w41-44,ge5,all,,95403,93678,0.8853704810121275,0.8183038380598887,0.7090366141494842,0.8900595657464933,0.6436800997205665,0.7750675538425053,0.7664766540703261,0.7075037524713238,0.04695626245787474,0.5298236608505249,0.16950167412752268,0.016080898818943357,24,15.5
student_direct_s1,test_w41-44,ge5,near,,95403,10688,0.8853704810121275,0.8183038380598887,0.7335387512254192,0.8659244011976048,0.6651466619997326,0.8328304227093437,0.7618824850299402,0.7583232288606649,0.04695626245787474,0.5298236608505249,0.16950167412752268,0.016080898818943357,24,15.5
student_direct_s1,test_w41-44,ge5,far,,95403,82990,0.8853704810121275,0.8183038380598887,0.7058810672032545,0.8931678515483793,0.6409154941338725,0.7676284703089618,0.7670683214845162,0.7009588848529448,0.04695626245787474,0.5298236608505249,0.16950167412752268,0.016080898818943357,24,15.5
student_direct_s1,test_w45-48,all,all,,100000,100000,0.85177,0.7804903249584476,0.6771862016,0.90503,0.5944733293,0.73937250845,0.81565,0.6531020456000001,0.06170894805237651,0.7452746033668518,0.21687330740949765,0.02431207271394259,24,19.5
student_direct_s1,test_w45-48,all,near,,100000,10212,0.85177,0.7804903249584476,0.7178093399921661,0.872111241676459,0.6283320407363886,0.8072303691735214,0.7926948687818253,0.7103474245985116,0.06170894805237651,0.7452746033668518,0.21687330740949765,0.02431207271394259,24,19.5
student_direct_s1,test_w45-48,all,far,,100000,89788,0.85177,0.7804903249584476,0.6725659462288948,0.9087740009800864,0.5906224231523145,0.7316547235153918,0.8182607920880296,0.6465912667617054,0.06170894805237651,0.7452746033668518,0.21687330740949765,0.02431207271394259,24,19.5
student_direct_s1,test_w45-48,ge5,all,,95040,92738,0.8622369528619529,0.7885474563771239,0.6848679910341526,0.9039660117751084,0.6082579151790937,0.7498669196144374,0.809376954430762,0.6724429815644785,0.05763331297659616,0.6947294473648071,0.2028841141649512,0.021418315732907554,24,19.5
student_direct_s1,test_w45-48,ge5,near,,95040,9889,0.8622369528619529,0.7885474563771239,0.7191406722149529,0.8746081504702194,0.637271774355276,0.8130170013411494,0.7950247750025281,0.726442325043675,0.05763331297659616,0.6947294473648071,0.2028841141649512,0.021418315732907554,24,19.5
student_direct_s1,test_w45-48,ge5,far,,95040,82849,0.8622369528619529,0.7885474563771239,0.6807771445037548,0.9074702169006265,0.6047947707429112,0.7423292165860913,0.8110900554019964,0.6659975264875823,0.05763331297659616,0.6947294473648071,0.2028841141649512,0.021418315732907554,24,19.5
student_direct_s1,test_w49-51,all,all,,100000,100000,0.83392,0.7626202256337968,0.67118715715,0.91244,0.5844844811999999,0.7348752634500001,0.8291,0.6420709105,0.07281346227876838,0.9096489548683167,0.24539295164978714,0.029381252676301827,24,23.0
student_direct_s1,test_w49-51,all,near,,100000,12082,0.83392,0.7626202256337968,0.7056680847541797,0.8850355901340837,0.6125287543453072,0.8062694938751862,0.8115378248634332,0.7013318498592949,0.07281346227876838,0.9096489548683167,0.24539295164978714,0.029381252676301827,24,23.0
student_direct_s1,test_w49-51,all,far,,100000,87918,0.83392,0.7626202256337968,0.6664486671102618,0.9162060101458177,0.5806305387975159,0.7250640178348007,0.8315134557201028,0.6339270643099251,0.07281346227876838,0.9096489548683167,0.24539295164978714,0.029381252676301827,24,23.0
student_direct_s1,test_w49-51,ge5,all,,94427,93681,0.845722092198206,0.7713028733469531,0.6740420126496436,0.9131414054077134,0.5949484243216396,0.7403820168538435,0.8267311407862854,0.6587665637635381,0.06769253015082645,0.8558191657066345,0.22971894152236869,0.02574354470139199,24,23.0
student_direct_s1,test_w49-51,ge5,near,,94427,11739,0.845722092198206,0.7713028733469531,0.7058393325540508,0.8900247039781923,0.6213176728914123,0.8096621798148584,0.8171053752449101,0.7172275709334359,0.06769253015082645,0.8558191657066345,0.22971894152236869,0.02574354470139199,24,23.0
student_direct_s1,test_w49-51,ge5,far,,94427,81942,0.845722092198206,0.7713028733469531,0.6694867328376077,0.9164531009738596,0.5911707692856318,0.7304569499406689,0.8281101266749652,0.6503914476671843,0.06769253015082645,0.8558191657066345,0.22971894152236869,0.02574354470139199,24,23.0
student_direct_s2,val,all,all,,200000,37194,0.953565,0.9252511836398368,0.6942606107839975,0.9128622896166049,0.6667658416680111,0.7985032739823628,0.7792923589826316,0.768590996666129,0.0025807929664105086,0.16542668640613556,0.068128402099522,0.0031100605442849964,24,1.0
student_direct_s2,val,all,near,,200000,10090,0.953565,0.9252511836398368,0.6365164447472746,0.9371655104063429,0.6124217621407334,0.7284674529236869,0.8672943508424182,0.7028491446977205,0.0025807929664105086,0.16542668640613556,0.068128402099522,0.0031100605442849964,24,1.0
student_direct_s2,val,all,far,,200000,27104,0.953565,0.9252511836398368,0.7157570185212516,0.903814935064935,0.6869964999631051,0.8245754933773612,0.7465318772136954,0.7930647011511216,0.0025807929664105086,0.16542668640613556,0.068128402099522,0.0031100605442849964,24,1.0
student_direct_s2,val,ge5,all,,191393,35514,0.9580810165471046,0.9299263309228182,0.7034808283955449,0.9117249535394493,0.6796368562913863,0.8140669252765419,0.7774680407726531,0.7879786981336747,0.0025137985574133124,0.1473487764596939,0.06146156900537835,0.002592300219148985,24,1.0
student_direct_s2,val,ge5,near,,191393,9767,0.9580810165471046,0.9299263309228182,0.6394408917614958,0.937135251356609,0.6191774770891827,0.7345433870396693,0.8692536090918399,0.713039003538793,0.0025137985574133124,0.1473487764596939,0.06146156900537835,0.002592300219148985,24,1.0
student_direct_s2,val,ge5,far,,191393,25747,0.9580810165471046,0.9299263309228182,0.7277740688159728,0.9020856798850352,0.7025718295569285,0.8442337951238845,0.7426496290829999,0.8164067090517704,0.0025137985574133124,0.1473487764596939,0.06146156900537835,0.002592300219148985,24,1.0
student_direct_s2,test_w29-32,all,all,,100000,100000,0.93684,0.8898841893188427,0.7618925953000001,0.839,0.7198386319,0.8292490970999999,0.69468,0.7864240285999999,0.010231463922113226,0.24047265946865082,0.09350831486356177,0.005732572129291659,24,3.5
student_direct_s2,test_w29-32,all,near,,100000,16111,0.93684,0.8898841893188427,0.7675712025945007,0.8147849295512383,0.7249952057600397,0.8582498407920054,0.6907082117807709,0.8131212264912171,0.010231463922113226,0.24047265946865082,0.09350831486356177,0.005732572129291659,24,3.5
student_direct_s2,test_w29-32,all,far,,100000,83889,0.93684,0.8898841893188427,0.7608020108119061,0.8436505382112076,0.718848304664497,0.8236794636364719,0.6954427874929967,0.7812967943353717,0.010231463922113226,0.24047265946865082,0.09350831486356177,0.005732572129291659,24,3.5
student_direct_s2,test_w29-32,ge5,all,,95313,94723,0.9415924375478686,0.8941528119397081,0.7655731488408357,0.8427520243235539,0.7278864743205576,0.8372983370404922,0.6941714261583776,0.7987375763806523,0.010937081486036462,0.22263160347938538,0.08674788983380685,0.00500519770557673,24,3.5
student_direct_s2,test_w29-32,ge5,near,,95313,15529,0.9415924375478686,0.8941528119397081,0.7713853422947929,0.8124154807135038,0.7331049621133743,0.8683021079373452,0.6905145212183657,0.8274049337972746,0.010937081486036462,0.22263160347938538,0.08674788983380685,0.00500519770557673,24,3.5
student_direct_s2,test_w29-32,ge5,far,,95313,79194,0.9415924375478686,0.8941528119397081,0.7644334469423775,0.848700659140844,0.7268631910297194,0.8312188669006175,0.6948885016541657,0.7931162490916819,0.010937081486036462,0.22263160347938538,0.08674788983380685,0.00500519770557673,24,3.5
student_direct_s2,test_w33-36,all,all,,100000,100000,0.91317,0.8548487774483643,0.7500859088,0.84571,0.6937440099999999,0.8107897453499999,0.71567,0.7531634854,0.020862702858597048,0.34042781591415405,0.12721348647819755,0.010106525259781615,24,7.5
student_direct_s2,test_w33-36,all,near,,100000,15732,0.91317,0.8548487774483643,0.7814435297482838,0.7887744724129163,0.7214814232138317,0.85703281114925,0.6788075260615306,0.7944093192219679,0.020862702858597048,0.34042781591415405,0.12721348647819755,0.010106525259781615,24,7.5
student_direct_s2,test_w33-36,all,far,,100000,84268,0.91317,0.8548487774483643,0.744231751910571,0.8563392984288223,0.6885657099966773,0.802156623510704,0.7225518583566716,0.7454632972183984,0.020862702858597048,0.34042781591415405,0.12721348647819755,0.010106525259781615,24,7.5
student_direct_s2,test_w33-36,ge5,all,,95121,93782,0.9211110059818547,0.8609576892103387,0.7569632745025768,0.8496833080975027,0.7074894447494684,0.8226616430871986,0.7137190505640741,0.7719321220960139,0.02182309168358945,0.31926339864730835,0.11859451509860003,0.008863172721085113,24,7.5
student_direct_s2,test_w33-36,ge5,near,,95121,15221,0.9211110059818547,0.8609576892103387,0.7843520956759585,0.7889757571775836,0.7316748442703044,0.8656878448424455,0.6787990276591551,0.8105034039884198,0.02182309168358945,0.31926339864730835,0.11859451509860003,0.008863172721085113,24,7.5
student_direct_s2,test_w33-36,ge5,far,,95121,78561,0.9211110059818547,0.8609576892103387,0.7516567579475426,0.8614452463690635,0.70280358323922,0.8143254226099056,0.7204847188808696,0.7644590313552609,0.02182309168358945,0.31926339864730835,0.11859451509860003,0.008863172721085113,24,7.5
student_direct_s2,test_w37-40,all,all,,100000,100000,0.89622,0.8383764617585548,0.7261438118999999,0.86007,0.6615201091,0.7778633717500001,0.75995,0.7123253965999999,0.027516876529753168,0.41618433594703674,0.1506439176510437,0.013596993188750685,24,11.5
student_direct_s2,test_w37-40,all,near,,100000,12184,0.89622,0.8383764617585548,0.7663916751477348,0.8058929743926461,0.6965170412015759,0.8346001785128037,0.6998522652659225,0.7621713320748522,0.027516876529753168,0.41618433594703674,0.1506439176510437,0.013596993188750685,24,11.5
student_direct_s2,test_w37-40,all,far,,100000,87816,0.89622,0.8383764617585548,0.7205596362849596,0.86758677234217,0.6566644720779813,0.7699914434727156,0.7682882390452764,0.7054095398332877,0.027516876529753168,0.41618433594703674,0.1506439176510437,0.013596993188750685,24,11.5
student_direct_s2,test_w37-40,ge5,all,,95295,92226,0.9052206306731728,0.8447336107107513,0.7386893410996309,0.8630971743326177,0.6812307844293467,0.7955936829907295,0.7563268492615965,0.7372347590299964,0.030072587379954375,0.3889126479625702,0.14135647456624603,0.012090920756524057,24,11.5
student_direct_s2,test_w37-40,ge5,near,,95295,11717,0.9052206306731728,0.8447336107107513,0.7714395615761342,0.804301442348724,0.7095991804877809,0.8457773929509567,0.6955705385337544,0.7815248654270031,0.030072587379954375,0.3889126479625702,0.14135647456624603,0.012090920756524057,24,11.5
student_direct_s2,test_w37-40,ge5,far,,95295,80509,0.9052206306731728,0.8447336107107513,0.7339229878556064,0.8716541007837633,0.677102146679323,0.7882901202883734,0.7651691115279037,0.7307889309032808,0.030072587379954375,0.3889126479625702,0.14135647456624603,0.012090920756524057,24,11.5
student_direct_s2,test_w41-44,all,all,,100000,100000,0.888,0.8262312770339799,0.7308642191000001,0.86356,0.6598287337,0.7773620157,0.75937,0.7068214678999999,0.035057216691374765,0.49246519804000854,0.16476196063256887,0.016232729017773135,24,15.5
student_direct_s2,test_w41-44,all,near,,100000,11009,0.888,0.8262312770339799,0.7626968285039512,0.8123353619765646,0.687024141157235,0.8263969534017621,0.6981560541375238,0.7491620546825325,0.035057216691374765,0.49246519804000854,0.16476196063256887,0.016232729017773135,24,15.5
student_direct_s2,test_w41-44,all,far,,100000,88991,0.888,0.8262312770339799,0.7269262343944894,0.8698969558719422,0.6564644132552732,0.771295945769797,0.7669427245451788,0.7015835503590251,0.035057216691374765,0.49246519804000854,0.16476196063256887,0.016232729017773135,24,15.5
student_direct_s2,test_w41-44,ge5,all,,95403,93678,0.896743288995105,0.8334826630124127,0.7350122548418764,0.8679839450030957,0.6718241426968818,0.7872554713433884,0.7584491556181814,0.7243109147524959,0.03368498642590831,0.46454572677612305,0.15521657705630587,0.014575013369547498,24,15.5
student_direct_s2,test_w41-44,ge5,near,,95403,10688,0.896743288995105,0.8334826630124127,0.7644655511859209,0.8120321856287425,0.6968767313491002,0.8328153673078985,0.6989146706586826,0.7639662098635345,0.03368498642590831,0.46454572677612305,0.15521657705630587,0.014575013369547498,24,15.5
student_direct_s2,test_w41-44,ge5,far,,95403,82990,0.896743288995105,0.8334826630124127,0.7312190649235107,0.8751897819014339,0.6685977049632406,0.7813879672095326,0.7661163995662128,0.7192038440916116,0.03368498642590831,0.46454572677612305,0.15521657705630587,0.014575013369547498,24,15.5
student_direct_s2,test_w45-48,all,all,,100000,100000,0.86072,0.7946591068793919,0.70316731805,0.87635,0.6184907115000001,0.74881034865,0.80808,0.6655809826000002,0.05181274300888185,0.6893892884254456,0.2071358622246053,0.024084178737029883,24,19.5
student_direct_s2,test_w45-48,all,near,,100000,10212,0.86072,0.7946591068793919,0.7481281663728947,0.8195260477869174,0.6555992332549943,0.8070460551312182,0.7452017234625931,0.7143227085781433,0.05181274300888185,0.6893892884254456,0.2071358622246053,0.024084178737029883,24,19.5
student_direct_s2,test_w45-48,all,far,,100000,89788,0.86072,0.7946591068793919,0.698053715084421,0.8828128480420546,0.6142701895576246,0.7421869353365707,0.8152314340446385,0.6600373631220209,0.05181274300888185,0.6893892884254456,0.2071358622246053,0.024084178737029883,24,19.5
student_direct_s2,test_w45-48,ge5,all,,95040,92738,0.8718118686868687,0.803871821947462,0.7091921112993247,0.8798550755892945,0.6336150881383149,0.7597086652166891,0.8029178977333995,0.6860913848165567,0.047294869360918465,0.6361366510391235,0.19238441003366566,0.02096015922865224,24,19.5
student_direct_s2,test_w45-48,ge5,near,,95040,9889,0.8718118686868687,0.803871821947462,0.7500137356943215,0.8189907978562039,0.667327179120902,0.8132437948432993,0.7436545656790373,0.7313120534822046,0.047294869360918465,0.6361366510391235,0.19238441003366566,0.02096015922865224,24,19.5
student_direct_s2,test_w45-48,ge5,far,,95040,82849,0.8718118686868687,0.803871821947462,0.70431957157474,0.8871199410976596,0.6295911546240079,0.7533186195085027,0.8099916715953119,0.6806937675558223,0.047294869360918465,0.6361366510391235,0.19238441003366566,0.02096015922865224,24,19.5
student_direct_s2,test_w49-51,all,all,,100000,100000,0.83539,0.7660900146171009,0.6977142077,0.88672,0.6016548392999999,0.7449520730000001,0.82722,0.6501179722,0.0695073048591614,0.854071319103241,0.2430176322587179,0.030602845335001683,24,23.0
student_direct_s2,test_w49-51,all,near,,100000,12082,0.83539,0.7660900146171009,0.7511206923522595,0.8311537824863433,0.6437607490481708,0.8179631906969045,0.7584009269988412,0.7088970592617116,0.0695073048591614,0.854071319103241,0.2430176322587179,0.030602845335001683,24,23.0
student_direct_s2,test_w49-51,all,far,,100000,87918,0.83539,0.7660900146171009,0.6903749012147684,0.8943561045519689,0.5958684974635455,0.7349186290634455,0.8366773584476443,0.6420403438431265,0.0695073048591614,0.854071319103241,0.2430176322587179,0.030602845335001683,24,23.0
student_direct_s2,test_w49-51,ge5,all,,94427,93681,0.8476495070265919,0.7755640372109426,0.6983930174620658,0.8912479584974541,0.6134790824107761,0.750581378710352,0.8254501980124038,0.6674492186275363,0.06404300739139823,0.7949065566062927,0.22683812012050336,0.026553679926425714,24,23.0
student_direct_s2,test_w49-51,ge5,near,,94427,11739,0.8476495070265919,0.7755640372109426,0.7505180973041343,0.832779623477298,0.6547181395939917,0.8223536175173973,0.7613084589828776,0.7258057008162971,0.06404300739139823,0.7949065566062927,0.22683812012050336,0.026553679926425714,24,23.0
student_direct_s2,test_w49-51,ge5,far,,94427,81942,0.8476495070265919,0.7755640372109426,0.6909255854703394,0.8996241243806595,0.6075711805744314,0.7402992973435817,0.8346391349979254,0.6590890767660504,0.06404300739139823,0.7949065566062927,0.22683812012050336,0.026553679926425714,24,23.0
student_ls_s0,val,all,all,,200000,37194,0.950285,0.9177293040346663,0.7765817615744475,0.8595741248588482,0.7499661341883099,0.813577811407754,0.8242996182179921,0.7848674755336881,0.05835099020645021,0.22651198506355286,0.07710925811568016,0.003940901528604678,24,1.0
student_ls_s0,val,all,near,,200000,10090,0.950285,0.9177293040346663,0.6818920597125868,0.9314172447968285,0.6615978557978196,0.7249865111496532,0.9156590683845391,0.7024178211100098,0.05835099020645021,0.22651198506355286,0.07710925811568016,0.003940901528604678,24,1.0
student_ls_s0,val,all,far,,200000,27104,0.950285,0.9177293040346663,0.8118318756456612,0.8328291027154664,0.7828629733618653,0.8465576748819363,0.7902892561983471,0.8155609898907912,0.05835099020645021,0.22651198506355286,0.07710925811568016,0.003940901528604678,24,1.0
student_ls_s0,val,ge5,all,,191393,35514,0.9550244784292007,0.9226810908002004,0.7874728857550419,0.8530157121135327,0.7638460299606272,0.8286238424480494,0.8208030635805598,0.8036136258654971,0.057249593125818884,0.2078963965177536,0.07005809234504813,0.0034116189088646467,24,1.0
student_ls_s0,val,ge5,near,,191393,9767,0.9550244784292007,0.9226810908002004,0.6913364891974809,0.9295587181324869,0.6736846486274083,0.731903670048182,0.9157366642776698,0.7130924182434757,0.057249593125818884,0.2078963965177536,0.07005809234504813,0.0034116189088646467,24,1.0
student_ls_s0,val,ge5,far,,191393,25747,0.9550244784292007,0.9226810908002004,0.8239417631068773,0.8239794927564377,0.7980483141677794,0.8653141723439403,0.7847904610245854,0.8379524084360601,0.057249593125818884,0.2078963965177536,0.07005809234504813,0.0034116189088646467,24,1.0
student_ls_s0,test_w29-32,all,all,,100000,100000,0.93033,0.8750386328639798,0.8248028903499999,0.76042,0.7821388913000001,0.8482296503000001,0.70903,0.8039092099,0.053225908018648585,0.29324209690093994,0.10026590512693477,0.006856027749614791,24,3.5
student_ls_s0,test_w29-32,all,near,,100000,16111,0.93033,0.8750386328639798,0.8595734194028924,0.7150394140649246,0.8132061833529887,0.8865951194835826,0.6537148532058842,0.8385356507975916,0.053225908018648585,0.29324209690093994,0.10026590512693477,0.006856027749614791,24,3.5
student_ls_s0,test_w29-32,all,far,,100000,83889,0.93033,0.8750386328639798,0.8181251615229648,0.7691354051186687,0.776172374327981,0.8408615081834329,0.7196533514525146,0.7972591534050948,0.053225908018648585,0.29324209690093994,0.10026590512693477,0.006856027749614791,24,3.5
student_ls_s0,test_w29-32,ge5,all,,95313,94723,0.9355491905616233,0.8801820498798947,0.8271971960569064,0.7609450714187684,0.7888238456802237,0.8519352266106454,0.7107355130221804,0.8123442768569858,0.05278005473562808,0.27477580308914185,0.09299414106734624,0.006219378770310014,24,3.5
student_ls_s0,test_w29-32,ge5,near,,95313,15529,0.9355491905616233,0.8801820498798947,0.8623193514975082,0.7089960718655419,0.8202637671449897,0.894606141625655,0.6506536158155709,0.8509580127201106,0.05278005473562808,0.27477580308914185,0.09299414106734624,0.006219378770310014,24,3.5
student_ls_s0,test_w29-32,ge5,far,,95313,79194,0.9355491905616233,0.8801820498798947,0.8203101597683353,0.7711316513877314,0.782658851609633,0.8435679684942718,0.7225168573376771,0.8047725832410747,0.05278005473562808,0.27477580308914185,0.09299414106734624,0.006219378770310014,24,3.5
student_ls_s0,test_w33-36,all,all,,100000,100000,0.90365,0.839015271536193,0.8024151186,0.79762,0.7444056663,0.826324049,0.74845,0.7652920838999999,0.049560301310718036,0.3878105580806732,0.13572164392467045,0.012681119715165215,24,7.5
student_ls_s0,test_w33-36,all,near,,100000,15732,0.90365,0.839015271536193,0.8564941297991355,0.7318840579710145,0.7904721122552759,0.8830812077294685,0.6533816425120773,0.8140285094075769,0.049560301310718036,0.3878105580806732,0.13572164392467045,0.012681119715165215,24,7.5
student_ls_s0,test_w33-36,all,far,,100000,84268,0.90365,0.839015271536193,0.7923191034556416,0.8098922485403712,0.7358055176342145,0.815728050268192,0.766198319646841,0.7561934765272702,0.049560301310718036,0.3878105580806732,0.13572164392467045,0.012681119715165215,24,7.5
student_ls_s0,test_w33-36,ge5,all,,95121,93782,0.9112603946552286,0.8447872438196922,0.8045657597725474,0.8013051545072615,0.7527404752368496,0.8317932720639328,0.7515727964854663,0.7777475368901382,0.04904813085026418,0.3671828508377075,0.12729925854383686,0.011562824173040552,24,7.5
student_ls_s0,test_w33-36,ge5,near,,95121,15221,0.9112603946552286,0.8447872438196922,0.8582856853333576,0.7279416595493069,0.7990012328330602,0.889996079330052,0.6518625583076013,0.8278882867498664,0.04904813085026418,0.3671828508377075,0.12729925854383686,0.011562824173040552,24,7.5
student_ls_s0,test_w33-36,ge5,far,,95121,78561,0.9112603946552286,0.8447872438196922,0.7941576566811777,0.8155191507236415,0.7437775675425494,0.8205166216980055,0.770891409223406,0.7680328902637599,0.04904813085026418,0.3671828508377075,0.12729925854383686,0.011562824173040552,24,7.5
student_ls_s0,test_w37-40,all,all,,100000,100000,0.87967,0.8165228944143589,0.78423294225,0.82635,0.7131878235,0.8028890292,0.78767,0.7284106061000001,0.04892412648573519,0.4629078805446625,0.16375782913662623,0.016988565532276324,24,11.5
student_ls_s0,test_w37-40,all,near,,100000,12184,0.87967,0.8165228944143589,0.8404686539724229,0.7620650032829941,0.7597608896913985,0.8650625554005252,0.6893466841759684,0.7804170215036113,0.04892412648573519,0.4629078805446625,0.16375782913662623,0.016988565532276324,24,11.5
student_ls_s0,test_w37-40,all,far,,100000,87816,0.87967,0.8165228944143589,0.7764305382276578,0.8352691992347636,0.7067260598296439,0.794262785198597,0.801311833834381,0.7211949943062768,0.04892412648573519,0.4629078805446625,0.16375782913662623,0.016988565532276324,24,11.5
student_ls_s0,test_w37-40,ge5,all,,95295,92226,0.8880843695891705,0.8223307040088665,0.7874069405263489,0.8303623706980678,0.7229338349296675,0.8123930587151751,0.7889749094615401,0.7449419020440536,0.04843216884645334,0.4393722712993622,0.15495332892448585,0.015479900576064758,24,11.5
student_ls_s0,test_w37-40,ge5,near,,95295,11717,0.8880843695891705,0.8223307040088665,0.8411284085999633,0.7585559443543569,0.7679225902516419,0.872975086150214,0.6875480071690706,0.7957171287859695,0.04843216884645334,0.4393722712993622,0.15495332892448585,0.015479900576064758,24,11.5
student_ls_s0,test_w37-40,ge5,far,,95295,80509,0.8880843695891705,0.8223307040088665,0.7795885048058886,0.8408128283794358,0.7163863278670091,0.8035761610334706,0.8037362282477736,0.7375522520454818,0.04843216884645334,0.4393722712993622,0.15495332892448585,0.015479900576064758,24,11.5
student_ls_s0,test_w41-44,all,all,,100000,100000,0.87677,0.8110466459401232,0.78488269,0.81976,0.710671186,0.8042117562,0.78264,0.7268753388999999,0.04467564369231465,0.5001547932624817,0.17259086544233632,0.019293213311547402,24,15.5
student_ls_s0,test_w41-44,all,near,,100000,11009,0.87677,0.8110466459401232,0.8366822913071124,0.7564719774729767,0.7532055309292397,0.8603999668453084,0.6927968026160414,0.7737903006630938,0.04467564369231465,0.5001547932624817,0.17259086544233632,0.019293213311547402,24,15.5
student_ls_s0,test_w41-44,all,far,,100000,88991,0.87677,0.8110466459401232,0.7784746059152049,0.827589306783832,0.7054092988054973,0.7972607610320146,0.7937544246047353,0.7210715293681383,0.04467564369231465,0.5001547932624817,0.17259086544233632,0.019293213311547402,24,15.5
student_ls_s0,test_w41-44,ge5,all,,95403,93678,0.8850350617905097,0.8176581707219072,0.7856467328396493,0.8248468156877815,0.718211343594146,0.8078987848661224,0.7839834326095775,0.7380135440428215,0.04524829414603184,0.4747093915939331,0.16338051115395272,0.017715479373988263,24,15.5
student_ls_s0,test_w41-44,ge5,near,,95403,10688,0.8850350617905097,0.8176581707219072,0.8373137827831648,0.7563622754491018,0.7611233874033638,0.8657523254566306,0.6922717065868264,0.786584166538468,0.04524829414603184,0.4747093915939331,0.16338051115395272,0.017715479373988263,24,15.5
student_ls_s0,test_w41-44,ge5,far,,95403,82990,0.8850350617905097,0.8176581707219072,0.778992709104304,0.8336667068321485,0.7126848473387789,0.8004480240294993,0.7957946740571153,0.7317582986730965,0.04524829414603184,0.4747093915939331,0.16338051115395272,0.017715479373988263,24,15.5
student_ls_s0,test_w45-48,all,all,,100000,100000,0.85086,0.7811112709916138,0.7618244253,0.84003,0.6743431019,0.7821421544000001,0.80654,0.6908549892000001,0.04110492955580353,0.6395792365074158,0.2101710398463445,0.028152055430575803,24,19.5
student_ls_s0,test_w45-48,all,near,,100000,10212,0.85086,0.7811112709916138,0.8197793022914218,0.7862318840579711,0.7205607971014492,0.8451824123580101,0.7279670975323149,0.7422993537015277,0.04110492955580353,0.6395792365074158,0.2101710398463445,0.028152055430575803,24,19.5
student_ls_s0,test_w45-48,all,far,,100000,89788,0.85086,0.7811112709916138,0.7552329520091773,0.8461487058404241,0.6690865519891299,0.7749722974673675,0.8154764556510893,0.68500398627879,0.04110492955580353,0.6395792365074158,0.2101710398463445,0.028152055430575803,24,19.5
student_ls_s0,test_w45-48,ge5,all,,95040,92738,0.8617003367003367,0.7899613474502181,0.7619281510996948,0.8437318035756648,0.6825733373991303,0.7848187724179766,0.8076300976945804,0.7033593296223974,0.044782698170833815,0.5951715111732483,0.19664410988707984,0.023398641905783397,24,19.5
student_ls_s0,test_w45-48,ge5,near,,95040,9889,0.8617003367003367,0.7899613474502181,0.8204940517352035,0.7856203862877945,0.7301747216068052,0.8503859964716093,0.7298007887551825,0.7574116602111722,0.044782698170833815,0.5951715111732483,0.19664410988707984,0.023398641905783397,24,19.5
student_ls_s0,test_w45-48,ge5,far,,95040,82849,0.8617003367003367,0.7899613474502181,0.754937623858756,0.850668082897802,0.676891553811764,0.7769925550989218,0.8169199386836292,0.696907549912414,0.044782698170833815,0.5951715111732483,0.19664410988707984,0.023398641905783397,24,19.5
student_ls_s0,test_w49-51,all,all,,100000,100000,0.82853,0.7510207142887948,0.7514163305000001,0.84983,0.658445438,0.7744295489,0.82983,0.6765132558999999,0.03705747091345489,0.7426783442497253,0.23743801773420123,0.0343620003287255,24,23.0
student_ls_s0,test_w49-51,all,near,,100000,12082,0.82853,0.7510207142887948,0.8092786239860951,0.8036748882635325,0.7028798013573911,0.8390317182585665,0.7814103625227611,0.7276231104121834,0.03705747091345489,0.7426783442497253,0.23743801773420123,0.0343620003287255,24,23.0
student_ls_s0,test_w49-51,all,far,,100000,87918,0.82853,0.7510207142887948,0.7434646911326462,0.8561727973793762,0.6523391118997248,0.7655516921449532,0.8364839964512386,0.6694895603858141,0.03705747091345489,0.7426783442497253,0.23743801773420123,0.0343620003287255,24,23.0
student_ls_s0,test_w49-51,ge5,all,,94427,93681,0.8405328984294747,0.759837120936414,0.7500958062669576,0.8533640759599065,0.6666720504463418,0.7733901911586086,0.83237796351448,0.6875683682295016,0.038494307818642506,0.6949935555458069,0.22297281490326873,0.028565174413177363,24,23.0
student_ls_s0,test_w49-51,ge5,near,,94427,11739,0.8405328984294747,0.759837120936414,0.8094008364634547,0.805094130675526,0.7132097033906256,0.8423044153385617,0.7848198313314593,0.7428497671618912,0.038494307818642506,0.6949935555458069,0.22297281490326873,0.028565174413177363,24,23.0
student_ls_s0,test_w49-51,ge5,far,,94427,81942,0.8405328984294747,0.759837120936414,0.7415997755442918,0.8602792218886529,0.6600050724873836,0.763517548586442,0.8391911351931854,0.6796487623855226,0.038494307818642506,0.6949935555458069,0.22297281490326873,0.028565174413177363,24,23.0
student_ls_s1,val,all,all,,200000,37194,0.949255,0.916735299141406,0.7638765120046244,0.8838522342313276,0.7380119160348443,0.8063771806608593,0.8288164757756628,0.7779729488627198,0.05763886274073272,0.23080798983573914,0.07902495834982505,0.00419639480296273,24,1.0
student_ls_s1,val,all,near,,200000,10090,0.949255,0.916735299141406,0.6615646521308226,0.9386521308225966,0.6424817215064421,0.7090857722993062,0.9195242814667988,0.6875745183349852,0.05763886274073272,0.23080798983573914,0.07902495834982505,0.00419639480296273,24,1.0
student_ls_s1,val,all,far,,200000,27104,0.949255,0.916735299141406,0.8019641251291323,0.8634518890200709,0.7735749201224912,0.8425958314270956,0.7950487012987013,0.8116255523170011,0.05763886274073272,0.23080798983573914,0.07902495834982505,0.00419639480296273,24,1.0
student_ls_s1,val,ge5,all,,191393,35514,0.9539220347661618,0.9216659267783894,0.7736641408636484,0.8794559891873628,0.7507401660345401,0.8208465241229435,0.8259559610294531,0.7961058879706435,0.05639028784051921,0.2123447209596634,0.07201212797664466,0.0036668961225506,24,1.0
student_ls_s1,val,ge5,near,,191393,9767,0.9539220347661618,0.9216659267783894,0.6697394861500381,0.937544793693048,0.6531962523958602,0.7147558024325491,0.91983208764206,0.6969729479224749,0.05639028784051921,0.2123447209596634,0.07201212797664466,0.0036668961225506,24,1.0
student_ls_s1,val,ge5,far,,191393,25747,0.9539220347661618,0.9216659267783894,0.8130874563018677,0.857420281974599,0.7877429781877613,0.8610915265989632,0.790344506156057,0.8337114896116294,0.05639028784051921,0.2123447209596634,0.07201212797664466,0.0036668961225506,24,1.0
student_ls_s1,test_w29-32,all,all,,100000,100000,0.92946,0.8746259423437973,0.8252754874,0.76147,0.7816805541999999,0.84794641245,0.69044,0.8028620146000001,0.051678312146961676,0.3019888401031494,0.10507237778715298,0.007900913492927715,24,3.5
student_ls_s1,test_w29-32,all,near,,100000,16111,0.92946,0.8746259423437973,0.857678646266526,0.6889081993668922,0.810103143814785,0.8850873772577742,0.623300850350692,0.8359815113897338,0.051678312146961676,0.3019888401031494,0.10507237778715298,0.007900913492927715,24,3.5
student_ls_s1,test_w29-32,all,far,,100000,83889,0.92946,0.8746259423437973,0.8190524153345493,0.7754055954892775,0.7762219560371443,0.8408134381146515,0.7033341677693142,0.796501368832624,0.051678312146961676,0.3019888401031494,0.10507237778715298,0.007900913492927715,24,3.5
student_ls_s1,test_w29-32,ge5,all,,95313,94723,0.9347098507024225,0.8794198456915902,0.827678738093074,0.7625497503246308,0.7884942301353113,0.8512973670180406,0.6924083907815419,0.8110391360729935,0.05101853491314741,0.28371450304985046,0.09800996841723095,0.0072373004485103715,24,3.5
student_ls_s1,test_w29-32,ge5,near,,95313,15529,0.9347098507024225,0.8794198456915902,0.8593650436934764,0.6873591345225063,0.8163212716462074,0.8921747038001749,0.6239294223710478,0.8476027369043763,0.05101853491314741,0.28371450304985046,0.09800996841723095,0.0072373004485103715,24,3.5
student_ls_s1,test_w29-32,ge5,far,,95313,79194,0.9347098507024225,0.8794198456915902,0.8214654310285407,0.7772937343738162,0.7830376787851749,0.8432818082270997,0.7058363007298533,0.8038694495145354,0.05101853491314741,0.28371450304985046,0.09800996841723095,0.0072373004485103715,24,3.5
student_ls_s1,test_w33-36,all,all,,100000,100000,0.90703,0.8411844784209559,0.8049631020000001,0.79789,0.7496715207999999,0.8257787195499999,0.74119,0.7681376234,0.04826299572236835,0.3937446177005768,0.13858549102628664,0.013685805425758594,24,7.5
student_ls_s1,test_w33-36,all,near,,100000,15732,0.90703,0.8411844784209559,0.857357212687516,0.6851004322400204,0.7935543281210272,0.8817711228705822,0.6369183829138062,0.81595280129672,0.04826299572236835,0.3937446177005768,0.13858549102628664,0.013685805425758594,24,7.5
student_ls_s1,test_w33-36,all,far,,100000,84268,0.90703,0.8411844784209559,0.7951816410737171,0.8189466938814259,0.7414790358143066,0.8153254930697299,0.7606564769544786,0.7592110038211421,0.04826299572236835,0.3937446177005768,0.13858549102628664,0.013685805425758594,24,7.5
student_ls_s1,test_w33-36,ge5,all,,95121,93782,0.9148978669273872,0.8475560163157843,0.8080082721580146,0.8015290780746839,0.7593897582268586,0.8315850814526002,0.7452069693544603,0.7812696972256856,0.04990704073796891,0.37047070264816284,0.12920738402690102,0.012521632674020329,24,7.5
student_ls_s1,test_w33-36,ge5,near,,95121,15221,0.9148978669273872,0.8475560163157843,0.858528976576096,0.6854345969384403,0.8019455040200558,0.8882412257419015,0.6395769003350634,0.8297287035071864,0.04990704073796891,0.37047070264816284,0.12920738402690102,0.012521632674020329,24,7.5
student_ls_s1,test_w33-36,ge5,far,,95121,78561,0.9148978669273872,0.8475560163157843,0.798220010273013,0.8240220974783926,0.7511446874319575,0.820608093223995,0.7656725347182444,0.7718808842700113,0.04990704073796891,0.37047070264816284,0.12920738402690102,0.012521632674020329,24,7.5
student_ls_s1,test_w37-40,all,all,,100000,100000,0.88829,0.8248168129729807,0.7816342095000001,0.83781,0.7189717658999999,0.7985609911,0.80623,0.7329673781,0.04582866746898742,0.46604159474372864,0.16411109277381605,0.016634205305619352,24,11.5
student_ls_s1,test_w37-40,all,near,,100000,12184,0.88829,0.8248168129729807,0.8374859463230466,0.7224228496388706,0.7645211424819436,0.8591661941891005,0.7069927774130007,0.7838513468483256,0.04582866746898742,0.46604159474372864,0.16411109277381605,0.016634205305619352,24,11.5
student_ls_s1,test_w37-40,all,far,,100000,87816,0.88829,0.8248168129729807,0.7738850799398743,0.8538193495490571,0.7126520336840667,0.7901523435364853,0.8199986335064225,0.725907499772251,0.04582866746898742,0.46604159474372864,0.16411109277381605,0.016634205305619352,24,11.5
student_ls_s1,test_w37-40,ge5,all,,95295,92226,0.8971719397659899,0.8310692130996644,0.7872173856522133,0.843363042959686,0.7318225908747648,0.8082396594753781,0.8118968620562531,0.7504229258441931,0.04851741564971081,0.438009113073349,0.15398424092136268,0.015136322145038314,24,11.5
student_ls_s1,test_w37-40,ge5,near,,95295,11717,0.8971719397659899,0.8310692130996644,0.8379542254398277,0.7231373218400614,0.7731739108533502,0.8666038968404097,0.7076043355807801,0.7993416633058207,0.04851741564971081,0.438009113073349,0.15398424092136268,0.015136322145038314,24,11.5
student_ls_s1,test_w37-40,ge5,far,,95295,80509,0.8971719397659899,0.8310692130996644,0.7798333223575322,0.8608602764908271,0.7258044635077737,0.799745531251129,0.8270752338247898,0.7433034628420706,0.04851741564971081,0.438009113073349,0.15398424092136268,0.015136322145038314,24,11.5
student_ls_s1,test_w41-44,all,all,,100000,100000,0.88048,0.8145724843656384,0.7829253502,0.83518,0.7131725774,0.7998569409,0.79838,0.7277527359999999,0.04000513534881172,0.5042520761489868,0.17386722225854886,0.019709863509552526,24,15.5
student_ls_s1,test_w41-44,all,near,,100000,11009,0.88048,0.8145724843656384,0.8309479039876464,0.7234081206285766,0.7517165337451177,0.8537309864656191,0.6929784721591425,0.7725479371423382,0.04000513534881172,0.5042520761489868,0.17386722225854886,0.019709863509552526,24,15.5
student_ls_s1,test_w41-44,all,far,,100000,88991,0.88048,0.8145724843656384,0.7769845214122776,0.8490072029755819,0.7084043377420189,0.7931922291018193,0.8114191322718027,0.722211160229686,0.04000513534881172,0.5042520761489868,0.17386722225854886,0.019709863509552526,24,15.5
student_ls_s1,test_w41-44,ge5,all,,95403,93678,0.8893326205674874,0.8218253479181648,0.7844139433689507,0.8430154358547365,0.722378221516349,0.8033035598467351,0.80402015414505,0.7394716508399013,0.04230136658356386,0.47468382120132446,0.16350896841029494,0.018121778057199008,24,15.5
student_ls_s1,test_w41-44,ge5,near,,95403,10688,0.8893326205674874,0.8218253479181648,0.8304606795732141,0.7295097305389222,0.7593938114306277,0.8581291734986993,0.6950785928143712,0.7852121042497251,0.04230136658356386,0.47468382120132446,0.16350896841029494,0.018121778057199008,24,15.5
student_ls_s1,test_w41-44,ge5,far,,95403,82990,0.8893326205674874,0.8218253479181648,0.7784837407354868,0.8576334498132305,0.717611109514857,0.7962427554279836,0.8180503675141584,0.7335808933264153,0.04230136658356386,0.47468382120132446,0.16350896841029494,0.018121778057199008,24,15.5
student_ls_s1,test_w45-48,all,all,,100000,100000,0.85512,0.7842746037677051,0.7556575162999999,0.85937,0.6739428520999999,0.7750416481,0.83313,0.6901225092000001,0.03592353882297872,0.641859233379364,0.21079088179806338,0.02720516840077493,24,19.5
student_ls_s1,test_w45-48,all,near,,100000,10212,0.85512,0.7842746037677051,0.8186073707403057,0.7429494712103408,0.7226522003525264,0.8397643409714063,0.7238542890716804,0.7420319222483353,0.03592353882297872,0.641859233379364,0.21079088179806338,0.02720516840077493,24,19.5
student_ls_s1,test_w45-48,all,far,,100000,89788,0.85512,0.7842746037677051,0.748497941373012,0.8726110393371052,0.6684029150888761,0.767680440147904,0.8455584265157927,0.6842186141800685,0.03592353882297872,0.641859233379364,0.21079088179806338,0.02720516840077493,24,19.5
student_ls_s1,test_w45-48,ge5,all,,95040,92738,0.8662352693602694,0.7935526493986672,0.7567772160372078,0.8651038409282064,0.6841890284134158,0.7781395256548208,0.8378226832582113,0.7033910162253924,0.041744201659124555,0.5938417911529541,0.19634866405858067,0.02335419013031641,24,19.5
student_ls_s1,test_w45-48,ge5,near,,95040,9889,0.8662352693602694,0.7935526493986672,0.8177494771083607,0.7512387501264031,0.7318300890303242,0.8441252905142708,0.7263626251390434,0.7568028293774703,0.041744201659124555,0.5938417911529541,0.19634866405858067,0.02335419013031641,24,19.5
student_ls_s1,test_w45-48,ge5,far,,95040,82849,0.8662352693602694,0.7935526493986672,0.74949946145076,0.8786949751958382,0.6785025089811887,0.7702633505809502,0.8511267486632307,0.6970156897849901,0.041744201659124555,0.5938417911529541,0.19634866405858067,0.02335419013031641,24,19.5
student_ls_s1,test_w49-51,all,all,,100000,100000,0.82917,0.7552683377423329,0.74416119725,0.87973,0.6542524553999999,0.76749904175,0.86335,0.6733613518,0.029061288302466286,0.7619318962097168,0.24076448826638658,0.03338149735487164,24,23.0
student_ls_s1,test_w49-51,all,near,,100000,12082,0.82917,0.7552683377423329,0.8098655487502069,0.7721403741102466,0.7026229051481543,0.8393630582684986,0.769822877007118,0.7281567935772222,0.029061288302466286,0.7619318962097168,0.24076448826638658,0.03338149735487164,24,23.0
student_ls_s1,test_w49-51,all,far,,100000,87918,0.82917,0.7552683377423329,0.7351318747582974,0.8945153438431266,0.647605218499056,0.7576232364817216,0.8762028253599945,0.6658311699538206,0.029061288302466286,0.7619318962097168,0.24076448826638658,0.03338149735487164,24,23.0
student_ls_s1,test_w49-51,ge5,all,,94427,93681,0.8412953922077372,0.7646418433470021,0.7422370854966235,0.8857826026622261,0.662966235106494,0.7671826248008029,0.8699843084510199,0.6850631099828942,0.033206702068743,0.7085572481155396,0.22503849879043986,0.028493314485710672,24,23.0
student_ls_s1,test_w49-51,ge5,near,,94427,11739,0.8412953922077372,0.7646418433470021,0.8076122416416297,0.7786864298492205,0.7117457120525813,0.8420145355757731,0.7748530539228213,0.7428637602156656,0.033206702068743,0.7085572481155396,0.22503849879043986,0.028493314485710672,24,23.0
student_ls_s1,test_w49-51,ge5,far,,94427,81942,0.8412953922077372,0.7646418433470021,0.7328714493395097,0.9011251861072466,0.6559780937397942,0.7564622152356546,0.8836127992970638,0.6767825965333505,0.033206702068743,0.7085572481155396,0.22503849879043986,0.028493314485710672,24,23.0
student_ls_s2,val,all,all,,200000,37194,0.94985,0.9181368264679013,0.7663360927165671,0.8667258159918266,0.7406628743883422,0.8046464459993548,0.8084637307092541,0.776471663978061,0.059107740545347315,0.22852876782417297,0.07839530300285368,0.004430406249640868,24,1.0
student_ls_s2,val,all,near,,200000,10090,0.94985,0.9181368264679013,0.6875989412784935,0.9340931615460852,0.6675040198216055,0.7164888684340932,0.9206144697720515,0.6944685837462834,0.059107740545347315,0.22852876782417297,0.07839530300285368,0.004430406249640868,24,1.0
student_ls_s2,val,all,far,,200000,27104,0.94985,0.9181368264679013,0.7956475544200118,0.8416469893742621,0.7678977047668241,0.8374648476239669,0.7667134002361276,0.806998932260921,0.059107740545347315,0.22852876782417297,0.07839530300285368,0.004430406249640868,24,1.0
student_ls_s2,val,ge5,all,,191393,35514,0.954501993280841,0.9231930454495173,0.7766581960016194,0.8596609787689362,0.7538331558553651,0.8192935857586696,0.8050909500478685,0.7947266498778008,0.05788151566039134,0.2097281664609909,0.07131291364956555,0.0038975534926656776,24,1.0
student_ls_s2,val,ge5,near,,191393,9767,0.954501993280841,0.9231930454495173,0.6960598916182421,0.9312992730623528,0.6785573284305871,0.7226696964585592,0.9207535578990478,0.7043313084242291,0.05788151566039134,0.2097281664609909,0.07131291364956555,0.0038975534926656776,24,1.0
student_ls_s2,val,ge5,far,,191393,25747,0.954501993280841,0.9231930454495173,0.8072327731916783,0.8324853380976425,0.7823886771377595,0.8559473911260593,0.7612148988231638,0.8290176857257459,0.05788151566039134,0.2097281664609909,0.07131291364956555,0.0038975534926656776,24,1.0
student_ls_s2,test_w29-32,all,all,,100000,100000,0.92962,0.8788215978285681,0.8317967782,0.76003,0.7866859462,0.8517057602,0.68976,0.8054070121999999,0.052837498269677166,0.28901880979537964,0.10250290965332451,0.008369867960631805,24,3.5
student_ls_s2,test_w29-32,all,near,,100000,16111,0.92962,0.8788215978285681,0.8600775976041214,0.7280739867171497,0.8116920985661971,0.8881024014648377,0.643287195084104,0.8381421811184906,0.052837498269677166,0.28901880979537964,0.10250290965332451,0.008369867960631805,24,3.5
student_ls_s2,test_w29-32,all,far,,100000,83889,0.92962,0.8788215978285681,0.8263654072047586,0.7661671971295402,0.7818834795980402,0.8447157342440605,0.6986851673044142,0.7991201771388383,0.052837498269677166,0.28901880979537964,0.10250290965332451,0.008369867960631805,24,3.5
student_ls_s2,test_w29-32,ge5,all,,95313,94723,0.9346154249682624,0.8837682269456894,0.8340520328745563,0.7613251269491043,0.7931064381277446,0.8551266331577642,0.6914793661518321,0.8134247483766939,0.051997010987286575,0.27030736207962036,0.09538492020286402,0.007728919618992398,24,3.5
student_ls_s2,test_w29-32,ge5,near,,95313,15529,0.9346154249682624,0.8837682269456894,0.8618847658408233,0.728636744156095,0.8177621814191609,0.8962119527102308,0.6420889947839526,0.8504650971590983,0.051997010987286575,0.27030736207962036,0.09538492020286402,0.007728919618992398,24,3.5
student_ls_s2,test_w29-32,ge5,far,,95313,79194,0.9346154249682624,0.8837682269456894,0.8285943654978214,0.7677349294138445,0.7882717405802991,0.8470702914231599,0.7011642296133546,0.8061615772243089,0.051997010987286575,0.27030736207962036,0.09538492020286402,0.007728919618992398,24,3.5
student_ls_s2,test_w33-36,all,all,,100000,100000,0.90211,0.841905317700603,0.8154232969999999,0.78771,0.7532556826,0.83222417895,0.72701,0.7687340867000001,0.047258064785301694,0.3862242102622986,0.13733488152920756,0.013497639616294597,24,7.5
student_ls_s2,test_w33-36,all,near,,100000,15732,0.90211,0.841905317700603,0.8603463634630053,0.7103991863717264,0.791178337782863,0.88610681222985,0.6434019832189168,0.8149312757437072,0.047258064785301694,0.3862242102622986,0.13733488152920756,0.013497639616294597,24,7.5
student_ls_s2,test_w33-36,all,far,,100000,84268,0.90211,0.841905317700603,0.8070366059476908,0.8021431622917359,0.7461758989177386,0.8221648256158922,0.7426187876774102,0.7601095295960508,0.047258064785301694,0.3862242102622986,0.13733488152920756,0.013497639616294597,24,7.5
student_ls_s2,test_w33-36,ge5,all,,95121,93782,0.9097780721396957,0.8479735056965325,0.8181024124331367,0.7892239448934764,0.7622607456030119,0.8382522798660098,0.7289778422298522,0.7816978170711304,0.046673942764408366,0.3624981641769409,0.12791196779770792,0.01230861713697546,24,7.5
student_ls_s2,test_w33-36,ge5,near,,95121,15221,0.9097780721396957,0.8479735056965325,0.8613899237966638,0.7106628999408712,0.7990661282714333,0.8932075163438611,0.6431246304447802,0.8289386013032528,0.046673942764408366,0.3624981641769409,0.12791196779770792,0.01230861713697546,24,7.5
student_ls_s2,test_w33-36,ge5,far,,95121,78561,0.9097780721396957,0.8479735056965325,0.8097155638636908,0.8044449536029328,0.7551297934817809,0.8276048383310322,0.7456116902788915,0.7725450316330996,0.046673942764408366,0.3624981641769409,0.12791196779770792,0.01230861713697546,24,7.5
student_ls_s2,test_w37-40,all,all,,100000,100000,0.87865,0.8213136795823178,0.7978780206499999,0.81535,0.7227728921000001,0.8091778347999999,0.77097,0.7328824127,0.04482170392882079,0.4655120372772217,0.16446094228993163,0.017983977241127144,24,11.5
student_ls_s2,test_w37-40,all,near,,100000,12184,0.87865,0.8213136795823178,0.843892391661195,0.7500820748522653,0.7606155917596849,0.8685230486703874,0.6981286933683519,0.7827850755088641,0.04482170392882079,0.4655120372772217,0.16446094228993163,0.017983977241127144,24,11.5
student_ls_s2,test_w37-40,all,far,,100000,87816,0.87865,0.8213136795823178,0.7914937729457047,0.8244055752937961,0.7175224200601257,0.8009440039969937,0.7810763414411952,0.725958685319304,0.04482170392882079,0.4655120372772217,0.16446094228993163,0.017983977241127144,24,11.5
student_ls_s2,test_w37-40,ge5,all,,95295,92226,0.8868566031796001,0.8272280417099603,0.8041692223841932,0.8197905146054258,0.7354059524185454,0.8199393880990278,0.7750959599245332,0.7503795758593994,0.044110415765046235,0.4380963444709778,0.15437293770685814,0.016457976551221647,24,11.5
student_ls_s2,test_w37-40,ge5,near,,95295,11717,0.8868566031796001,0.8272280417099603,0.8443873055457626,0.7549714090637535,0.7685452543539049,0.8766613390634455,0.700776649312964,0.7980780899645286,0.044110415765046235,0.4380963444709778,0.15437293770685814,0.016457976551221647,24,11.5
student_ls_s2,test_w37-40,ge5,far,,95295,80509,0.8868566031796001,0.8272280417099603,0.7983160223642685,0.8292240619061223,0.7305829736114977,0.8116842725287177,0.7859121340471251,0.7434376999229229,0.044110415765046235,0.4380963444709778,0.15437293770685814,0.016457976551221647,24,11.5
student_ls_s2,test_w41-44,all,all,,100000,100000,0.87422,0.8124063543399552,0.7979327689,0.81174,0.7186648125000001,0.80948665895,0.76935,0.7293201688000001,0.039115782789513484,0.5090344548225403,0.17430615965786012,0.020643384474921037,24,15.5
student_ls_s2,test_w41-44,all,near,,100000,11009,0.87422,0.8124063543399552,0.8355120705786174,0.7544736124988646,0.7492728885457353,0.8626984108456717,0.6996094104823326,0.7739578072486147,0.039115782789513484,0.5090344548225403,0.17430615965786012,0.020643384474921037,24,15.5
student_ls_s2,test_w41-44,all,far,,100000,88991,0.87422,0.8124063543399552,0.7932838658403659,0.818824375498646,0.7148783137620658,0.8029038789315773,0.7779775482914002,0.7237980849748853,0.039115782789513484,0.5090344548225403,0.17430615965786012,0.020643384474921037,24,15.5
student_ls_s2,test_w41-44,ge5,all,,95403,93678,0.8825718268817543,0.819239193209958,0.7999405747947621,0.8181750250859327,0.7276922028178547,0.8134692290626712,0.7715151903328423,0.7409164009364003,0.04029364683177673,0.47940266132354736,0.16387969263235266,0.018929516904752444,24,15.5
student_ls_s2,test_w41-44,ge5,near,,95403,10688,0.8825718268817543,0.819239193209958,0.8351782689965812,0.7598241017964071,0.7565958849886152,0.868047594788725,0.7046220059880239,0.7869516109129497,0.04029364683177673,0.47940266132354736,0.16387969263235266,0.018929516904752444,24,15.5
student_ls_s2,test_w41-44,ge5,far,,95403,82990,0.8825718268817543,0.819239193209958,0.7954024319386463,0.8256898421496566,0.7239697958406156,0.8064402668638513,0.7801301361609833,0.7349876827266238,0.04029364683177673,0.47940266132354736,0.16387969263235266,0.018929516904752444,24,15.5
student_ls_s2,test_w45-48,all,all,,100000,100000,0.85004,0.7841791822854713,0.780426697,0.82927,0.6868536324000001,0.79108601895,0.78493,0.6967236009,0.037048253886997715,0.6442387700080872,0.21001509292585077,0.030265726707730933,24,19.5
student_ls_s2,test_w45-48,all,near,,100000,10212,0.85004,0.7841791822854713,0.8251206781237759,0.7508813160987075,0.7218320573834704,0.85244615990991,0.7234625930278105,0.7467339482961223,0.037048253886997715,0.6442387700080872,0.21001509292585077,0.030265726707730933,24,19.5
student_ls_s2,test_w45-48,all,far,,100000,89788,0.85004,0.7841791822854713,0.7753434460618345,0.8381855036307747,0.6828753761081658,0.7841072494097208,0.7919209693945739,0.691035695304495,0.037048253886997715,0.6442387700080872,0.21001509292585077,0.030265726707730933,24,19.5
student_ls_s2,test_w45-48,ge5,all,,95040,92738,0.8607323232323232,0.7928461431433779,0.7825356612248852,0.8319135629407578,0.6972052637401862,0.794634504780511,0.7879294356143113,0.709856898680857,0.04049794435609283,0.5973319411277771,0.19547521425362113,0.02477002678049505,24,19.5
student_ls_s2,test_w45-48,ge5,near,,95040,9889,0.8607323232323232,0.7928461431433779,0.8252382463867446,0.754070178986753,0.731136014857511,0.8580995275461665,0.7295985438365861,0.7620416420244511,0.04049794435609283,0.5973319411277771,0.19547521425362113,0.02477002678049505,24,19.5
student_ls_s2,test_w45-48,ge5,far,,95040,82849,0.8607323232323232,0.7928461431433779,0.7774386067683965,0.8412050839479053,0.6931552305738324,0.7870592098447897,0.7948919117913312,0.7036280374160886,0.04049794435609283,0.5973319411277771,0.19547521425362113,0.02477002678049505,24,19.5
student_ls_s2,test_w49-51,all,all,,100000,100000,0.82814,0.759100127457393,0.7689421934,0.8532,0.6704969036,0.78250911055,0.83638,0.6824729599999999,0.032226526278518144,0.7685229778289795,0.238918359892243,0.037131491996760475,24,23.0
student_ls_s2,test_w49-51,all,near,,100000,12082,0.82814,0.759100127457393,0.8130481749710312,0.7900182089058103,0.7035925881476577,0.8434670799536501,0.791921867240523,0.7305626080119185,0.032226526278518144,0.7685229778289795,0.238918359892243,0.037131491996760475,24,23.0
student_ls_s2,test_w49-51,all,far,,100000,87918,0.82814,0.759100127457393,0.762880994676858,0.8618826633908869,0.6659487785208943,0.7741320525375918,0.8424895925748993,0.6758643118587775,0.032226526278518144,0.7685229778289795,0.238918359892243,0.037131491996760475,24,23.0
student_ls_s2,test_w49-51,ge5,all,,94427,93681,0.8400139790526014,0.7684675923428529,0.7689277264230141,0.8585839177634739,0.6806108086363514,0.7821752973997942,0.8407147660678259,0.694108873626861,0.0341720725834333,0.717330813407898,0.2232755303957816,0.02992000662879791,24,23.0
student_ls_s2,test_w49-51,ge5,near,,94427,11739,0.8400139790526014,0.7684675923428529,0.811804793664781,0.7939347474231195,0.7133800927946325,0.8472919186917278,0.7975125649544255,0.7461267317817019,0.0341720725834333,0.717330813407898,0.2232755303957816,0.02992000662879791,24,23.0
student_ls_s2,test_w49-51,ge5,far,,94427,81942,0.8400139790526014,0.7684675923428529,0.7627851634839707,0.8678455492909619,0.6759162853548344,0.7728466989112779,0.8469039076419906,0.686656802199758,0.0341720725834333,0.717330813407898,0.2232755303957816,0.02992000662879791,24,23.0
student_kdA_s0,val,all,all,,200000,37194,0.954145,0.9267071301373616,0.7083561274667958,0.9138033016077862,0.680882817121041,0.8068429714470077,0.7639941926117115,0.7772290631553476,0.002022720447629655,0.16434605419635773,0.06688665761170007,0.0028806455451366726,24,1.0
student_kdA_s0,val,all,near,,200000,10090,0.954145,0.9267071301373616,0.6622680265113974,0.9219028741328048,0.6374576357779981,0.7367214801783945,0.8353815659068384,0.7113190777998017,0.002022720447629655,0.16434605419635773,0.06688665761170007,0.0028806455451366726,24,1.0
student_kdA_s0,val,all,far,,200000,27104,0.954145,0.9267071301373616,0.7255133344709268,0.9107880755608029,0.6970486996384297,0.8329470832718419,0.7374188311688312,0.8017653586186541,0.002022720447629655,0.16434605419635773,0.06688665761170007,0.0028806455451366726,24,1.0
student_kdA_s0,val,ge5,all,,191393,35514,0.958556478032112,0.9313287328047731,0.7164954790582982,0.9132173227459593,0.6925002904335668,0.8225941660319349,0.7615306639635073,0.7967073467329945,0.002648346211721575,0.1466028243303299,0.06035275977844856,0.0023815313022563294,24,1.0
student_kdA_s0,val,ge5,near,,191393,9767,0.958556478032112,0.9313287328047731,0.66683063420735,0.9219821849083649,0.6455417577756274,0.7432940073022133,0.8346472816627419,0.7218718992974568,0.002648346211721575,0.1466028243303299,0.06035275977844856,0.0023815313022563294,24,1.0
student_kdA_s0,val,ge5,far,,191393,25747,0.958556478032112,0.9313287328047731,0.7353355978938598,0.9098924146502505,0.7103137828198678,0.8526762979429611,0.7337942284538005,0.8250958119950791,0.002648346211721575,0.1466028243303299,0.06035275977844856,0.0023815313022563294,24,1.0
student_kdA_s0,test_w29-32,all,all,,100000,100000,0.93757,0.8887692025193673,0.7509756900500001,0.84486,0.7112351319999999,0.8235615348,0.70009,0.7830203750999999,0.010147181121706957,0.24731062352657318,0.09213725800728173,0.005161812471212768,24,3.5
student_kdA_s0,test_w29-32,all,near,,100000,16111,0.93757,0.8887692025193673,0.7681216612873192,0.8313574576376389,0.7269888740612004,0.8574686413009746,0.698466885978524,0.814486170318416,0.010147181121706957,0.24731062352657318,0.09213725800728173,0.005161812471212768,24,3.5
student_kdA_s0,test_w29-32,all,far,,100000,83889,0.93757,0.8887692025193673,0.7476827822479706,0.8474531821812157,0.7082096037621142,0.8170496274839372,0.7004017213222234,0.7769773250366555,0.010147181121706957,0.24731062352657318,0.09213725800728173,0.005161812471212768,24,3.5
student_kdA_s0,test_w29-32,ge5,all,,95313,94723,0.9422114506940291,0.8930394812043044,0.7566327348323121,0.8440822186797293,0.7207778394402848,0.832236388562686,0.6914371377595726,0.7957895819814039,0.011474905325009287,0.22967839241027832,0.08550794514703983,0.004480347886077738,24,3.5
student_kdA_s0,test_w29-32,ge5,near,,95313,15529,0.9422114506940291,0.8930394812043044,0.7703784658567916,0.8309614270075343,0.7334317805102054,0.8670223474041582,0.6949578208513104,0.8282800269454904,0.011474905325009287,0.22967839241027832,0.08550794514703983,0.004480347886077738,24,3.5
student_kdA_s0,test_w29-32,ge5,far,,95313,79194,0.9422114506940291,0.8930394812043044,0.7539373607246884,0.8466550496249716,0.7182965523367822,0.8254152764222558,0.6907467737454858,0.7894185927669776,0.011474905325009287,0.22967839241027832,0.08550794514703983,0.004480347886077738,24,3.5
student_kdA_s0,test_w33-36,all,all,,100000,100000,0.91694,0.8516644697270747,0.7299763415999999,0.85815,0.6808352351000001,0.8029461045500002,0.72335,0.7517914374000001,0.02116831473059954,0.35905227065086365,0.12643464721170314,0.009544315931271358,24,7.5
student_kdA_s0,test_w33-36,all,near,,100000,15732,0.91694,0.8516644697270747,0.7613105800279685,0.8398804983473176,0.7089041247139588,0.8478065957920162,0.7144037630307654,0.792405801550979,0.02116831473059954,0.35905227065086365,0.12643464721170314,0.009544315931271358,24,7.5
student_kdA_s0,test_w33-36,all,far,,100000,84268,0.91694,0.8516644697270747,0.7241265499952533,0.8615607347985,0.6755950517396877,0.7945710956709545,0.7250201737314284,0.74420913834433,0.02116831473059954,0.35905227065086365,0.12643464721170314,0.009544315931271358,24,7.5
student_kdA_s0,test_w33-36,ge5,all,,95121,93782,0.9210479284280022,0.8561032610345587,0.7378737721916623,0.8558572007421467,0.6915950839416354,0.8149181856207006,0.715051928941588,0.7669520459083614,0.021645213210735977,0.34032440185546875,0.11937351445080437,0.008464317151446103,24,7.5
student_kdA_s0,test_w33-36,ge5,near,,95121,15221,0.9210479284280022,0.8561032610345587,0.7627411811895718,0.8414033243545103,0.7139587991709903,0.8552905009474407,0.714999014519414,0.8037898431809447,0.021645213210735977,0.34032440185546875,0.11937351445080437,0.008464317151446103,24,7.5
student_kdA_s0,test_w33-36,ge5,far,,95121,78561,0.9210479284280022,0.8561032610345587,0.7330557730272272,0.8586576036455748,0.6872621692701569,0.8070961490938192,0.7150621809803847,0.759814813537516,0.021645213210735977,0.34032440185546875,0.11937351445080437,0.008464317151446103,24,7.5
student_kdA_s0,test_w37-40,all,all,,100000,100000,0.9009,0.8324814468252262,0.7031828509,0.87384,0.6485217245999999,0.7687504564000001,0.77039,0.7120557688,0.02998456190183762,0.439497172832489,0.15054216261773815,0.01330936179056252,24,11.5
student_kdA_s0,test_w37-40,all,near,,100000,12184,0.9009,0.8324814468252262,0.7485313956828628,0.8481615233092581,0.6884986121142482,0.8289847669074196,0.7287426132632961,0.7655576928759029,0.02998456190183762,0.439497172832489,0.15054216261773815,0.01330936179056252,24,11.5
student_kdA_s0,test_w37-40,all,far,,100000,87816,0.9009,0.8324814468252262,0.6968909830213172,0.8774027512070693,0.6429751454176915,0.7603932681971395,0.7761683520087456,0.7046326631821082,0.02998456190183762,0.439497172832489,0.15054216261773815,0.01330936179056252,24,11.5
student_kdA_s0,test_w37-40,ge5,all,,95295,92226,0.9053675428931214,0.836957077846152,0.7164149909499401,0.8710992561750482,0.6644397997861491,0.786278294158704,0.7581593043176544,0.7325337287666994,0.03101886149019501,0.4174518883228302,0.14318947437675525,0.012017468722127052,24,11.5
student_kdA_s0,test_w37-40,ge5,near,,95295,11717,0.9053675428931214,0.836957077846152,0.7521304934059687,0.8485960570111803,0.6959667934928467,0.838543410719196,0.7264658188956218,0.7791893938831137,0.03101886149019501,0.4174518883228302,0.14318947437675525,0.012017468722127052,24,11.5
student_kdA_s0,test_w37-40,ge5,far,,95295,80509,0.9053675428931214,0.836957077846152,0.7112170808743301,0.874374293557242,0.6598514707141029,0.7786718107749919,0.7627718640152032,0.7257436254469586,0.03101886149019501,0.4174518883228302,0.14318947437675525,0.012017468722127052,24,11.5
student_kdA_s0,test_w41-44,all,all,,100000,100000,0.89109,0.8228886275789012,0.7015292074999999,0.87716,0.6397999362999999,0.76607784905,0.77178,0.7030536126000001,0.034049781207516824,0.5099213123321533,0.1657689006984501,0.016157572252932805,24,15.5
student_kdA_s0,test_w41-44,all,near,,100000,11009,0.89109,0.8228886275789012,0.7368925933327278,0.8557543827777273,0.6705161976564629,0.8199996848033427,0.7217730947406668,0.7500256272140976,0.034049781207516824,0.5099213123321533,0.1657689006984501,0.016157572252932805,24,15.5
student_kdA_s0,test_w41-44,all,far,,100000,88991,0.89109,0.8228886275789012,0.6971544334820375,0.8798080704790372,0.6360000540504097,0.7594072251688373,0.777966311200009,0.6972427451090559,0.034049781207516824,0.5099213123321533,0.1657689006984501,0.016157572252932805,24,15.5
student_kdA_s0,test_w41-44,ge5,all,,95403,93678,0.8964183516241627,0.828209712518413,0.708342501539958,0.8756057985866479,0.6507091375018224,0.7762668937134123,0.7636371399901791,0.7175687399522259,0.035285122842216673,0.4851560592651367,0.15760658786648463,0.014653514348030739,24,15.5
student_kdA_s0,test_w41-44,ge5,near,,95403,10688,0.8964183516241627,0.828209712518413,0.7359255283496088,0.8562874251497006,0.6746630487099761,0.8256536403820453,0.7205276946107785,0.7609385476947115,0.035285122842216673,0.4851560592651367,0.15760658786648463,0.014653514348030739,24,15.5
student_kdA_s0,test_w41-44,ge5,far,,95403,82990,0.8964183516241627,0.828209712518413,0.7047901772774982,0.8780937462344861,0.6476241947015722,0.7699065424856216,0.7691890589227618,0.7119832898359264,0.035285122842216673,0.4851560592651367,0.15760658786648463,0.014653514348030739,24,15.5
student_kdA_s0,test_w45-48,all,all,,100000,100000,0.86135,0.7905114141607934,0.6756328469499999,0.89388,0.6011049246,0.7383032699500001,0.81763,0.6612084394000001,0.05238012215793132,0.7334584593772888,0.21085099143872832,0.023776695597726022,24,19.5
student_kdA_s0,test_w45-48,all,near,,100000,10212,0.86135,0.7905114141607934,0.726104633764199,0.8765178221699961,0.643309204857031,0.8005911496278888,0.7769291030160596,0.7135061388562477,0.05238012215793132,0.7334584593772888,0.21085099143872832,0.023776695597726022,24,19.5
student_kdA_s0,test_w45-48,all,far,,100000,89788,0.86135,0.7905114141607934,0.6698924597384951,0.8958546799126832,0.5963048387312335,0.731218984441128,0.8222590992114759,0.6552603827905733,0.05238012215793132,0.7334584593772888,0.21085099143872832,0.023776695597726022,24,19.5
student_kdA_s0,test_w45-48,ge5,all,,95040,92738,0.869297138047138,0.7980369913476295,0.6831644175759115,0.8955767862149281,0.6136818586682382,0.7490553467221439,0.8114365200888525,0.6785679516614381,0.05055456847730107,0.6839461326599121,0.1977649051626184,0.02100985985930808,24,19.5
student_kdA_s0,test_w45-48,ge5,near,,95040,9889,0.869297138047138,0.7980369913476295,0.7242016565910222,0.8804732531095156,0.6482631196176549,0.8059409646997497,0.7776317120032359,0.7267964728350005,0.05055456847730107,0.6839461326599121,0.1977649051626184,0.02100985985930808,24,19.5
student_kdA_s0,test_w45-48,ge5,far,,95040,82849,0.869297138047138,0.7980369913476295,0.6782661417171755,0.8973795700611956,0.6095541795226991,0.7422653809267747,0.8154715204770124,0.6728113119206404,0.05055456847730107,0.6839461326599121,0.1977649051626184,0.02100985985930808,24,19.5
student_kdA_s0,test_w49-51,all,all,,100000,100000,0.84009,0.7649079896180632,0.67209759685,0.89535,0.5887483013,0.7354432719999999,0.82651,0.6485181403,0.06550569897592065,0.8835662007331848,0.24360122909205517,0.02953360984640344,24,23.0
student_kdA_s0,test_w49-51,all,near,,100000,12082,0.84009,0.7649079896180632,0.7243241950835955,0.8760139049826188,0.6312258061579208,0.8048397185896374,0.7849693759311372,0.7050960519781493,0.06550569897592065,0.8835662007331848,0.24360122909205517,0.02953360984640344,24,23.0
student_kdA_s0,test_w49-51,all,far,,100000,87918,0.84009,0.7649079896180632,0.6649204344957802,0.8980072340135126,0.5829108935599082,0.7259065688482449,0.8322186582952297,0.6407430051866512,0.06550569897592065,0.8835662007331848,0.24360122909205517,0.02953360984640344,24,23.0
student_kdA_s0,test_w49-51,ge5,all,,94427,93681,0.8479778029588995,0.7714098063252538,0.6753810379560881,0.8973004131040446,0.5974461190502056,0.740966271237336,0.8247670285330003,0.6615261188658332,0.0638887257630407,0.8300000429153442,0.22958050168962546,0.02608948776712552,24,23.0
student_kdA_s0,test_w49-51,ge5,near,,94427,11739,0.8479778029588995,0.7714098063252538,0.7218528223522607,0.8776727148820173,0.635662691978128,0.8082161716844692,0.789505068574836,0.7169826379130675,0.0638887257630407,0.8300000429153442,0.22958050168962546,0.02608948776712552,24,23.0
student_kdA_s0,test_w49-51,ge5,far,,94427,81942,0.8479778029588995,0.7714098063252538,0.6687234963165541,0.9001122745356471,0.5919712179054827,0.7313320594613374,0.8298186522174221,0.6535814253375392,0.0638887257630407,0.8300000429153442,0.22958050168962546,0.02608948776712552,24,23.0
student_kdA_s1,val,all,all,,200000,37194,0.95346,0.9261481669508888,0.6972237466392429,0.9179437543689842,0.6700865005108351,0.7991621965236329,0.7842393934505565,0.7696051264988977,0.00199090670280161,0.1682354062795639,0.06809662713124112,0.002996343896532784,24,1.0
student_kdA_s1,val,all,near,,200000,10090,0.95346,0.9261481669508888,0.6457085721010902,0.9173439048562934,0.6215472938553023,0.7322178069871159,0.8596630327056491,0.7068457229930625,0.00199090670280161,0.1682354062795639,0.06809662713124112,0.002996343896532784,24,1.0
student_kdA_s1,val,all,far,,200000,27104,0.95346,0.9261481669508888,0.7164012891086187,0.9181670602125147,0.6881561800841205,0.8240835693993507,0.7561614521841794,0.7929685555637543,0.00199090670280161,0.1682354062795639,0.06809662713124112,0.002996343896532784,24,1.0
student_kdA_s1,val,ge5,all,,191393,35514,0.9577623006066053,0.9308334121706003,0.7064909616405831,0.9176662724559329,0.6828381835857398,0.8149199512809391,0.7830714647744551,0.7890036805855283,0.0027526345799411857,0.15052643418312073,0.06160800474133228,0.0024924716929032495,24,1.0
student_kdA_s1,val,ge5,near,,191393,9767,0.9577623006066053,0.9308334121706003,0.6486978628288782,0.9183986894645234,0.6282161031804677,0.7383746082219312,0.861165147947169,0.7169499570673894,0.0027526345799411857,0.15052643418312073,0.06160800474133228,0.0024924716929032495,24,1.0
student_kdA_s1,val,ge5,far,,191393,25747,0.9577623006066053,0.9308334121706003,0.7284144943276504,0.917388433603915,0.7035588057676755,0.843957057182882,0.7534470035343923,0.816336912325213,0.0027526345799411857,0.15052643418312073,0.06160800474133228,0.0024924716929032495,24,1.0
student_kdA_s1,test_w29-32,all,all,,100000,100000,0.93441,0.8835966882430033,0.7497227766500001,0.84441,0.7091116000000001,0.82531023625,0.69542,0.7825561974999999,0.011717061432599988,0.25570881366729736,0.09547738870030231,0.005587102259773601,24,3.5
student_kdA_s1,test_w29-32,all,near,,100000,16111,0.93441,0.8835966882430033,0.7623612631121595,0.8034262305257278,0.7205890689590962,0.8538011544907206,0.6789770963937682,0.8089072372912917,0.011717061432599988,0.25570881366729736,0.09547738870030231,0.005587102259773601,24,3.5
student_kdA_s1,test_w29-32,all,far,,100000,83889,0.93441,0.8835966882430033,0.747295537615182,0.8522809903563041,0.7069073360035285,0.8198385154787874,0.6985778826783011,0.7774954433835187,0.011717061432599988,0.25570881366729736,0.09547738870030231,0.005587102259773601,24,3.5
student_kdA_s1,test_w29-32,ge5,all,,95313,94723,0.9389065499984263,0.8874128163308425,0.7538622878769731,0.8463625518617443,0.7174414152075491,0.8340115910800514,0.6891568045775577,0.7952554841761608,0.013084474651443816,0.2383543848991394,0.08893023161095713,0.004884251780962765,24,3.5
student_kdA_s1,test_w29-32,ge5,near,,95313,15529,0.9389065499984263,0.8874128163308425,0.7647600755572618,0.8028205293322171,0.7272656431207871,0.8632561536780583,0.6766050614978427,0.822451005121744,0.013084474651443816,0.2383543848991394,0.08893023161095713,0.004884251780962765,24,3.5
student_kdA_s1,test_w29-32,ge5,far,,95313,79194,0.9389065499984263,0.8874128163308425,0.7517253615329671,0.8549006237846302,0.7155150011450611,0.8282770807309788,0.6916180518726166,0.7899227664858818,0.013084474651443816,0.2383543848991394,0.08893023161095713,0.004884251780962765,24,3.5
student_kdA_s1,test_w33-36,all,all,,100000,100000,0.91206,0.8454561764858067,0.7328195416000001,0.85446,0.6811226341,0.8045446013,0.71839,0.7496987316999999,0.02713285883843902,0.3592895567417145,0.13254894755315333,0.010041666077788527,24,7.5
student_kdA_s1,test_w33-36,all,near,,100000,15732,0.91206,0.8454561764858067,0.7667187461861174,0.7895372489193999,0.7109361295448766,0.8507248932112892,0.6800788202390033,0.790978024408848,0.02713285883843902,0.3592895567417145,0.13254894755315333,0.010041666077788527,24,7.5
student_kdA_s1,test_w33-36,all,far,,100000,84268,0.91206,0.8454561764858067,0.726490896247686,0.8665804338538947,0.675556750130536,0.7959231987231216,0.725542317368396,0.7419922970759957,0.02713285883843902,0.3592895567417145,0.13254894755315333,0.010041666077788527,24,7.5
student_kdA_s1,test_w33-36,ge5,all,,95121,93782,0.9156968492761851,0.8490419680566915,0.7397997262801491,0.8571261009575398,0.6909210407560707,0.8166844846979258,0.7080356571623553,0.764554214844442,0.026625820240460268,0.3402925729751587,0.12512283688687967,0.008899984252331785,24,7.5
student_kdA_s1,test_w33-36,ge5,near,,95121,15221,0.9156968492761851,0.8490419680566915,0.7683132037605889,0.7883844688259641,0.7158586010769015,0.8586982470422058,0.6765652716641483,0.8022764522453847,0.026625820240460268,0.3402925729751587,0.12512283688687967,0.008899984252331785,24,7.5
student_kdA_s1,test_w33-36,ge5,far,,95121,78561,0.9156968492761851,0.8490419680566915,0.7342753103392907,0.8704446226499154,0.6860894499458295,0.8085444218595926,0.7141329667392218,0.7572456243799655,0.026625820240460268,0.3402925729751587,0.12512283688687967,0.008899984252331785,24,7.5
student_kdA_s1,test_w37-40,all,all,,100000,100000,0.89448,0.8246592104803995,0.7069922597499999,0.86834,0.6477439488,0.7732250588,0.7626,0.7110115694999998,0.037785319889485816,0.4360421895980835,0.1597814757917219,0.01406044471457185,24,11.5
student_kdA_s1,test_w37-40,all,near,,100000,12184,0.89448,0.8246592104803995,0.7504940540873276,0.8102429415627052,0.6855512385095206,0.8290011162179908,0.7105219960604071,0.7601042367038738,0.037785319889485816,0.4360421895980835,0.1597814757917219,0.01406044471457185,24,11.5
student_kdA_s1,test_w37-40,all,far,,100000,87816,0.89448,0.8246592104803995,0.7009566186116425,0.8764006559169172,0.6424983897011933,0.7654864293522821,0.7698255443199417,0.7042002246743189,0.037785319889485816,0.4360421895980835,0.1597814757917219,0.01406044471457185,24,11.5
student_kdA_s1,test_w37-40,ge5,all,,95295,92226,0.8983997061755601,0.8287929804641724,0.720645601131211,0.8702101359703337,0.6637819506904218,0.7917130006900117,0.7515776462169019,0.7316940644717108,0.03715213239708982,0.4111773669719696,0.15191200562443913,0.012646750021604081,24,11.5
student_kdA_s1,test_w37-40,ge5,near,,95295,11717,0.8983997061755601,0.8287929804641724,0.7537915701709442,0.8130067423401894,0.692275825252447,0.8393918283863797,0.7075189895024324,0.7738305109816455,0.03715213239708982,0.4111773669719696,0.15191200562443913,0.012646750021604081,24,11.5
student_kdA_s1,test_w37-40,ge5,far,,95295,80509,0.8983997061755601,0.8287929804641724,0.7158216520169685,0.8785353190326547,0.6596350512351652,0.7847739898450337,0.7579897899613708,0.7255616725185513,0.03715213239708982,0.4111773669719696,0.15191200562443913,0.012646750021604081,24,11.5
student_kdA_s1,test_w41-44,all,all,,100000,100000,0.88458,0.8132380058633609,0.7086582736499999,0.87048,0.6420479027,0.7719810182000001,0.76467,0.7035715139000001,0.041222097434774056,0.5054967403411865,0.17364248782242517,0.01692127121069347,24,15.5
student_kdA_s1,test_w41-44,all,near,,100000,11009,0.88458,0.8132380058633609,0.7419715432827687,0.8198746480152602,0.6703500772095559,0.8216107362158234,0.711236261240803,0.7465316241257153,0.041222097434774056,0.5054967403411865,0.17364248782242517,0.01692127121069347,24,15.5
student_kdA_s1,test_w41-44,all,far,,100000,88991,0.88458,0.8132380058633609,0.7045371177422437,0.876740344529222,0.6385466650560169,0.7658413685091751,0.7712802418222068,0.6982569556472,0.041222097434774056,0.5054967403411865,0.17364248782242517,0.01692127121069347,24,15.5
student_kdA_s1,test_w41-44,ge5,all,,95403,93678,0.8896470760877541,0.8185873283698069,0.7148292800589212,0.8723926642327975,0.6523372004841239,0.7828484219390304,0.757285595337219,0.7183847694489551,0.04214536003554382,0.48048266768455505,0.165468486244277,0.015374146365141114,24,15.5
student_kdA_s1,test_w41-44,ge5,near,,95403,10688,0.8896470760877541,0.8185873283698069,0.7413848484597423,0.8218562874251497,0.6746769061716195,0.8275110938542398,0.7099550898203593,0.757370861324425,0.04214536003554382,0.48048266768455505,0.165468486244277,0.015374146365141114,24,15.5
student_kdA_s1,test_w41-44,ge5,far,,95403,82990,0.8896470760877541,0.8185873283698069,0.711409278672393,0.8789010724183637,0.6494601457258646,0.7770964682406358,0.7633811302566574,0.7133638831980211,0.04214536003554382,0.48048266768455505,0.165468486244277,0.015374146365141114,24,15.5
student_kdA_s1,test_w45-48,all,all,,100000,100000,0.85617,0.776399471789354,0.6790511311,0.88627,0.6004844549999999,0.74098537175,0.81763,0.6607770675000001,0.05459608333155512,0.6870478987693787,0.2154214497662141,0.023910674911724272,24,19.5
student_kdA_s1,test_w45-48,all,near,,100000,10212,0.85617,0.776399471789354,0.7287444119663141,0.8268703486094791,0.6412545652173913,0.8020770970426948,0.7506854680767724,0.7116893174696436,0.05459608333155512,0.6870478987693787,0.2154214497662141,0.023910674911724272,24,19.5
student_kdA_s1,test_w45-48,all,far,,100000,89788,0.85617,0.776399471789354,0.6733992869314386,0.8930257940927518,0.5958474838508486,0.7340371303514946,0.825243907871876,0.6549865843988061,0.05459608333155512,0.6870478987693787,0.2154214497662141,0.023910674911724272,24,19.5
student_kdA_s1,test_w45-48,ge5,all,,95040,92738,0.8638152356902357,0.783388818154896,0.6862275997115039,0.8870689469257478,0.6132395049314556,0.7530701806905163,0.8113718216912161,0.6790991033363026,0.05260334391419713,0.6387100219726562,0.20197624909476344,0.021005114410441894,24,19.5
student_kdA_s1,test_w45-48,ge5,near,,95040,9889,0.8638152356902357,0.783388818154896,0.7276137767050965,0.8264738598442715,0.647115579736421,0.8076231741565383,0.7496207907776317,0.7249301995415101,0.05260334391419713,0.6387100219726562,0.20197624909476344,0.021005114410441894,24,19.5
student_kdA_s1,test_w45-48,ge5,far,,95040,82849,0.8638152356902357,0.783388818154896,0.681287674011862,0.8943016813721348,0.609195998024356,0.7465586409931695,0.8187425315936221,0.6736286243881765,0.05260334391419713,0.6387100219726562,0.20197624909476344,0.021005114410441894,24,19.5
student_kdA_s1,test_w49-51,all,all,,100000,100000,0.83233,0.7484645916817035,0.6735263246,0.88892,0.5861772388000001,0.7371625882499999,0.82994,0.6469768231999999,0.07073616839095952,0.8548891544342041,0.24868796827283465,0.03011342643183295,24,23.0
student_kdA_s1,test_w49-51,all,near,,100000,12082,0.83233,0.7484645916817035,0.7292893498592947,0.8417480549577885,0.6302871560999834,0.8114118266843238,0.7660155603376925,0.7066144785631518,0.07073616839095952,0.8548891544342041,0.24868796827283465,0.03011342643183295,24,23.0
student_kdA_s1,test_w49-51,all,far,,100000,87918,0.83233,0.7484645916817035,0.6658631740371711,0.8954025341795764,0.5801154992151777,0.7269589974180486,0.8387247207625287,0.6387812073750541,0.07073616839095952,0.8548891544342041,0.24868796827283465,0.03011342643183295,24,23.0
student_kdA_s1,test_w49-51,ge5,all,,94427,93681,0.8396539125461997,0.755051538168792,0.6751066648305541,0.8919951751155517,0.5939815193097168,0.7437743868453262,0.8257384101365272,0.6605197555250532,0.06780769684262794,0.8035797476768494,0.23391601318616986,0.02631732161843798,24,23.0
student_kdA_s1,test_w49-51,ge5,near,,94427,11739,0.8396539125461997,0.755051538168792,0.7262871945705566,0.8461538461538461,0.6345401316934637,0.8151496594630099,0.7657381378311611,0.7183516125277709,0.06780769684262794,0.8035797476768494,0.23391601318616986,0.02631732161843798,24,23.0
student_kdA_s1,test_w49-51,ge5,far,,94427,81942,0.8396539125461997,0.755051538168792,0.6677745489605744,0.8985623977935613,0.5881710979046644,0.7335491748019418,0.834334041151058,0.6522347713978057,0.06780769684262794,0.8035797476768494,0.23391601318616986,0.02631732161843798,24,23.0
student_kdA_s2,val,all,all,,200000,37194,0.954415,0.9266242784304889,0.7089131146152605,0.9092057858794429,0.6822396787116203,0.8060562208286283,0.7456310157552294,0.7762653901166855,0.001962365843318391,0.1662759631872177,0.0667019556842893,0.002951613779180862,24,1.0
student_kdA_s2,val,all,near,,200000,10090,0.954415,0.9266242784304889,0.6207136635282458,0.9364717542120912,0.5989827314172447,0.7219255180872151,0.8735381565906839,0.6974831437066401,0.001962365843318391,0.1662759631872177,0.0667019556842893,0.002951613779180862,24,1.0
student_kdA_s2,val,all,far,,200000,27104,0.954415,0.9266242784304889,0.7417471044864228,0.8990554899645808,0.7132337238046045,0.8373755386658795,0.6980150531286895,0.8055936393152303,0.001962365843318391,0.1662759631872177,0.0667019556842893,0.002951613779180862,24,1.0
student_kdA_s2,val,ge5,all,,191393,35514,0.9589849158537669,0.9315677123836181,0.7198711493952754,0.9079517936588387,0.696704054049656,0.8226645399882202,0.7425803908317846,0.7966685603685825,0.002081000356152623,0.14845742285251617,0.06021459711585023,0.002455435722360374,24,1.0
student_kdA_s2,val,ge5,near,,191393,9767,0.9589849158537669,0.9315677123836181,0.6248731338575908,0.9360090099314017,0.6066776177207118,0.7274922153872128,0.8737585747926692,0.7071687874084917,0.002081000356152623,0.14845742285251617,0.06021459711585023,0.002455435722360374,24,1.0
student_kdA_s2,val,ge5,far,,191393,25747,0.9589849158537669,0.9315677123836181,0.755908187409668,0.8973084242824406,0.730855147521703,0.8587677013032486,0.6928185808055307,0.8306198666373208,0.002081000356152623,0.14845742285251617,0.06021459711585023,0.002455435722360374,24,1.0
student_kdA_s2,test_w29-32,all,all,,100000,100000,0.9352,0.886529503658954,0.7596345561500001,0.8328,0.7185034013,0.8338391443500001,0.65935,0.7897600619,0.01264407575391234,0.2528482973575592,0.09543430645289322,0.005882206805927859,24,3.5
student_kdA_s2,test_w29-32,all,near,,100000,16111,0.9352,0.886529503658954,0.7833318465644591,0.8286264043200298,0.7403718869095649,0.8729216358388678,0.6160387313015951,0.8252533349885172,0.01264407575391234,0.2528482973575592,0.09543430645289322,0.005882206805927859,24,3.5
student_kdA_s2,test_w29-32,all,far,,100000,83889,0.9352,0.886529503658954,0.7550834583199227,0.833601544898616,0.7143035279953271,0.8263332970949707,0.6676679898437221,0.7829435290681733,0.01264407575391234,0.2528482973575592,0.09543430645289322,0.005882206805927859,24,3.5
student_kdA_s2,test_w29-32,ge5,all,,95313,94723,0.9401550680389873,0.8911316516130131,0.7641343707663222,0.8346652872058529,0.7273704448557932,0.8423303886933737,0.6510034521710673,0.8025589991014797,0.013503904971238285,0.23458877205848694,0.08876329995486357,0.00514683712452021,24,3.5
student_kdA_s2,test_w29-32,ge5,near,,95313,15529,0.9401550680389873,0.8911316516130131,0.7868343888796193,0.8294159314830317,0.7483198881299254,0.8832417699769941,0.6139480971086354,0.8398779942034216,0.013503904971238285,0.23458877205848694,0.08876329995486357,0.00514683712452021,24,3.5
student_kdA_s2,test_w29-32,ge5,far,,95313,79194,0.9401550680389873,0.8911316516130131,0.7596831676286934,0.8356946233300503,0.723262508590369,0.8343081541812474,0.6582695658762028,0.7952411887252131,0.013503904971238285,0.23458877205848694,0.08876329995486357,0.00514683712452021,24,3.5
student_kdA_s2,test_w33-36,all,all,,100000,100000,0.9051,0.8436400595885017,0.7377316027499999,0.84964,0.6788304304,0.8138287929000001,0.68943,0.7507849919999998,0.02924414761535822,0.3732095956802368,0.13563319881154418,0.010390838686377562,24,7.5
student_kdA_s2,test_w33-36,all,near,,100000,15732,0.9051,0.8436400595885017,0.7818896430841596,0.831998474446987,0.7181120734808035,0.8669149466056446,0.639397406559878,0.7974962630307654,0.02924414761535822,0.3732095956802368,0.13563319881154418,0.010390838686377562,24,7.5
student_kdA_s2,test_w33-36,all,far,,100000,84268,0.9051,0.8436400595885017,0.7294877344899606,0.8529334978876917,0.6714969371528932,0.8039181344045189,0.6987705890729577,0.7420644608866949,0.02924414761535822,0.3732095956802368,0.13563319881154418,0.010390838686377562,24,7.5
student_kdA_s2,test_w33-36,ge5,all,,95121,93782,0.9126270749886986,0.8494624239897869,0.745303995490559,0.8496833080975027,0.692435615450449,0.8258758321636934,0.6790962018297755,0.7691546986594988,0.029197882665276287,0.35226449370384216,0.1277302413057108,0.009147307369613977,24,7.5
student_kdA_s2,test_w33-36,ge5,near,,95121,15221,0.9126270749886986,0.8494624239897869,0.784877185610805,0.8347020563694896,0.727949995433912,0.8758490899492928,0.6422705472702188,0.8133282846425569,0.029197882665276287,0.35226449370384216,0.1277302413057108,0.009147307369613977,24,7.5
student_kdA_s2,test_w33-36,ge5,far,,95121,78561,0.9126270749886986,0.8494624239897869,0.7376367875016046,0.8525858886724965,0.6855547919155106,0.8161936367136022,0.6862310815799187,0.7605961753177883,0.029197882665276287,0.35226449370384216,0.1277302413057108,0.009147307369613977,24,7.5
student_kdA_s2,test_w37-40,all,all,,100000,100000,0.88238,0.8249431120697746,0.71657747115,0.86566,0.6444979122,0.7847427191500002,0.72536,0.7098243756999999,0.04175468000352385,0.45845311880111694,0.16560932651443724,0.01457650021609488,24,11.5
student_kdA_s2,test_w37-40,all,near,,100000,12184,0.88238,0.8249431120697746,0.764316798260013,0.8486539724228497,0.6863551830269206,0.8476068130334866,0.6993598161523309,0.7640918171372292,0.04175468000352385,0.45845311880111694,0.16560932651443724,0.01457650021609488,24,11.5
student_kdA_s2,test_w37-40,all,far,,100000,87816,0.88238,0.8249431120697746,0.709953895019131,0.8680194953083721,0.6386904398970574,0.7760206625785733,0.7289673863532842,0.7022950586453494,0.04175468000352385,0.45845311880111694,0.16560932651443724,0.01457650021609488,24,11.5
student_kdA_s2,test_w37-40,ge5,all,,95295,92226,0.8905608898683037,0.8303822706299656,0.7304167396910279,0.862674300088912,0.6641409901816311,0.8033464809440987,0.7125864723613732,0.7343820170369291,0.04142480976865915,0.4340912997722626,0.15750498271341773,0.01304349448318199,24,11.5
student_kdA_s2,test_w37-40,ge5,near,,95295,11717,0.8905608898683037,0.8303822706299656,0.7693875098542166,0.8489374413245712,0.6986712660317149,0.8591125204371706,0.6996671502944439,0.7827409048671639,0.04142480976865915,0.4340912997722626,0.15750498271341773,0.01304349448318199,24,11.5
student_kdA_s2,test_w37-40,ge5,far,,95295,80509,0.8905608898683037,0.8303822706299656,0.7247450692690616,0.8646735147623247,0.6591155738662448,0.7952304854064531,0.7144667055857109,0.7273440326040475,0.04142480976865915,0.4340912997722626,0.15750498271341773,0.01304349448318199,24,11.5
student_kdA_s2,test_w41-44,all,all,,100000,100000,0.87609,0.8131817042050041,0.71649490805,0.8698,0.6404559921,0.7826460958,0.73743,0.7045719309,0.0478353817695379,0.5344811081886292,0.17834582902608265,0.017074396531444925,24,15.5
student_kdA_s2,test_w41-44,all,near,,100000,11009,0.87609,0.8131817042050041,0.7561638291397947,0.8512126442001998,0.674923652466164,0.840257803615224,0.7023344536288492,0.753658457625579,0.0478353817695379,0.5344811081886292,0.17834582902608265,0.017074396531444925,24,15.5
student_kdA_s2,test_w41-44,all,far,,100000,88991,0.87609,0.8131817042050041,0.7115874999719074,0.87209942578463,0.6361920275083998,0.7755190010225753,0.7417716398287467,0.6984994789360721,0.0478353817695379,0.5344811081886292,0.17834582902608265,0.017074396531444925,24,15.5
student_kdA_s2,test_w41-44,ge5,all,,95403,93678,0.884248922989843,0.8194343818797347,0.7220212537880623,0.8676743739191699,0.6528069153544697,0.792974576486803,0.7300006404918977,0.7217260262392143,0.047528607568590835,0.5094259977340698,0.16992018478932727,0.015386347897394115,24,15.5
student_kdA_s2,test_w41-44,ge5,near,,95403,10688,0.884248922989843,0.8194343818797347,0.7568910597094544,0.8520770958083832,0.6834074492755315,0.8471737756994423,0.7078031437125748,0.7682828778153262,0.047528607568590835,0.5094259977340698,0.16992018478932727,0.015386347897394115,24,15.5
student_kdA_s2,test_w41-44,ge5,far,,95403,82990,0.884248922989843,0.8194343818797347,0.7175304900130551,0.8696830943487167,0.6488659766082555,0.785994445854381,0.7328593806482708,0.7157301275809967,0.047528607568590835,0.5094259977340698,0.16992018478932727,0.015386347897394115,24,15.5
student_kdA_s2,test_w45-48,all,all,,100000,100000,0.84763,0.773691563063336,0.6918496914,0.88836,0.603308365,0.7569087021,0.77705,0.6655558715000001,0.06470463413059707,0.739334225654602,0.22231273421298145,0.024817960044511814,24,19.5
student_kdA_s2,test_w45-48,all,near,,100000,10212,0.84763,0.773691563063336,0.7424769761065414,0.8632980806893851,0.6455512798668234,0.8248117802585195,0.7330591461026243,0.7212529318448884,0.06470463413059707,0.739334225654602,0.22231273421298145,0.024817960044511814,24,19.5
student_kdA_s2,test_w45-48,all,far,,100000,89788,0.84763,0.773691563063336,0.686091618701831,0.8912104067358667,0.5985038850403172,0.7491857743796498,0.7820532810620573,0.6592211900253931,0.06470463413059707,0.739334225654602,0.22231273421298145,0.024817960044511814,24,19.5
student_kdA_s2,test_w45-48,ge5,all,,95040,92738,0.8579440235690236,0.7814961314861221,0.699602266192081,0.8860445556298389,0.6181063001843723,0.7680961177657517,0.7693070801613147,0.6852793833926837,0.06098474765930215,0.6876783967018127,0.20877865821858496,0.021655792532273867,24,19.5
student_kdA_s2,test_w45-48,ge5,near,,95040,9889,0.8579440235690236,0.7814961314861221,0.7435212891717593,0.8636869248660127,0.6552801862457794,0.8317562602718459,0.7359692587723733,0.7380776748167284,0.06098474765930215,0.6876783967018127,0.20877865821858496,0.021655792532273867,24,19.5
student_kdA_s2,test_w45-48,ge5,far,,95040,82849,0.8579440235690236,0.7814961314861221,0.6943600156127616,0.8887132011249381,0.6136691608192472,0.7604975330001809,0.7732863402092964,0.6789772879673632,0.06098474765930215,0.6876783967018127,0.20877865821858496,0.021655792532273867,24,19.5
student_kdA_s2,test_w49-51,all,all,,100000,100000,0.82567,0.7470939001400664,0.6901008155499999,0.89019,0.5928045687,0.7534047756500001,0.78557,0.6527866187999999,0.07957889726117251,0.9089478850364685,0.2569176128781104,0.031204999008372133,24,23.0
student_kdA_s2,test_w49-51,all,near,,100000,12082,0.82567,0.7470939001400664,0.7431935751531205,0.8624399933785797,0.6354426071842411,0.8290876829167356,0.7398609501738123,0.7126627512001326,0.07957889726117251,0.9089478850364685,0.2569176128781104,0.031204999008372133,24,23.0
student_kdA_s2,test_w49-51,all,far,,100000,87918,0.82567,0.7470939001400664,0.682804622261653,0.8940035032644055,0.586945099865784,0.7430041650174026,0.7918514979867604,0.6445582306239905,0.07957889726117251,0.9089478850364685,0.2569176128781104,0.031204999008372133,24,23.0
student_kdA_s2,test_w49-51,ge5,all,,94427,93681,0.8370275450877397,0.7547233860151329,0.6925687990522686,0.8896681290763335,0.6040498775564757,0.7592367459223934,0.7809587856662503,0.6692019774257724,0.07513245065796678,0.8531017899513245,0.2421847679973201,0.0272045446136431,24,23.0
student_kdA_s2,test_w49-51,ge5,near,,94427,11739,0.8370275450877397,0.7547233860151329,0.7424251243045926,0.8636170031518868,0.6447820538030744,0.8339039429299631,0.74486753556521,0.7290783144272526,0.07513245065796678,0.8531017899513245,0.2421847679973201,0.0272045446136431,24,23.0
student_kdA_s2,test_w49-51,ge5,far,,94427,81942,0.8370275450877397,0.7547233860151329,0.6854263885407236,0.8934002099045667,0.5982145914155611,0.7485399332296124,0.7861292133460253,0.66062410136636,0.07513245065796678,0.8531017899513245,0.2421847679973201,0.0272045446136431,24,23.0
student_kdB_s0,val,all,all,,200000,37194,0.953895,0.9268522173164709,0.7034802620046243,0.9218153465612733,0.676378598295424,0.8054723614023768,0.7743453245147067,0.7758784403398398,0.002068877915665505,0.16826839745044708,0.06684761820804047,0.0028684033550462106,24,1.0
student_kdB_s0,val,all,near,,200000,10090,0.953895,0.9268522173164709,0.6513022978196235,0.9337958374628345,0.627237635777998,0.7337231781466799,0.8657086223984143,0.7085939831516352,0.002068877915665505,0.16826839745044708,0.06684761820804047,0.0028684033550462106,24,1.0
student_kdB_s0,val,all,far,,200000,27104,0.953895,0.9268522173164709,0.7229045410271545,0.9173553719008265,0.6946722933884297,0.8321824137581169,0.7403335301062574,0.8009264101239669,0.002068877915665505,0.16826839745044708,0.06684761820804047,0.0028684033550462106,24,1.0
student_kdB_s0,val,ge5,all,,191393,35514,0.958399732487604,0.9316277096926595,0.7114230516635849,0.9216083797938841,0.6878501293596224,0.8211087799187308,0.7741172495353945,0.7953066644455412,0.0029966663552959292,0.15035074949264526,0.060281302239338586,0.002366493610627883,24,1.0
student_kdB_s0,val,ge5,near,,191393,9767,0.958399732487604,0.9316277096926595,0.6549060514757878,0.9350875396744138,0.6344128134165772,0.739984137710382,0.8678202109143033,0.7189257619115871,0.0029966663552959292,0.15035074949264526,0.060281302239338586,0.002366493610627883,24,1.0
student_kdB_s0,val,ge5,far,,191393,25747,0.958399732487604,0.9316277096926595,0.7328625025057884,0.9164951256457063,0.7081213168694576,0.8518830208186006,0.738571484056395,0.8242813906291406,0.0029966663552959292,0.15035074949264526,0.060281302239338586,0.002366493610627883,24,1.0
student_kdB_s0,test_w29-32,all,all,,100000,100000,0.93598,0.8886960011061805,0.7540822182,0.84326,0.7134575489,0.8268712763999999,0.6883,0.7848414925,0.011808192350268393,0.2647011876106262,0.09397709300910542,0.005535112182693819,24,3.5
student_kdB_s0,test_w29-32,all,near,,100000,16111,0.93598,0.8886960011061805,0.7581464533548508,0.8533920923592576,0.7175099112407672,0.8587546083421265,0.7082117807709019,0.8146418558748681,0.011808192350268393,0.2647011876106262,0.09397709300910542,0.005535112182693819,24,3.5
student_kdB_s0,test_w29-32,all,far,,100000,83889,0.93598,0.8886960011061805,0.7533016761434753,0.841314117464745,0.7126792870340568,0.820748037823791,0.6844759146014376,0.779118290955906,0.011808192350268393,0.2647011876106262,0.09397709300910542,0.005535112182693819,24,3.5
student_kdB_s0,test_w29-32,ge5,all,,95313,94723,0.9407845729333879,0.8931465276069366,0.7569416146562669,0.8457291259778512,0.7206509645274893,0.8342906028773097,0.6802571709088606,0.7966184240004318,0.012961528470989029,0.247416689991951,0.08742942935507907,0.004819508970975318,24,3.5
student_kdB_s0,test_w29-32,ge5,near,,95313,15529,0.9407845729333879,0.8931465276069366,0.7603196939396847,0.8536286947002383,0.7241076985165733,0.8683816638867791,0.7079657415158735,0.8286769810814578,0.012961528470989029,0.247416689991951,0.08742942935507907,0.004819508970975318,24,3.5
student_kdB_s0,test_w29-32,ge5,far,,95313,79194,0.9407845729333879,0.8931465276069366,0.7562792135502208,0.8441801146551506,0.719973140170638,0.8276057519237519,0.6748238502916888,0.7903321228550011,0.012961528470989029,0.247416689991951,0.08742942935507907,0.004819508970975318,24,3.5
student_kdB_s0,test_w33-36,all,all,,100000,100000,0.90666,0.8503666623667246,0.7331360737,0.85849,0.6749589053999998,0.80595862415,0.70948,0.7455476004,0.0280219197046757,0.38609597086906433,0.1322116250903102,0.010210074817580121,24,7.5
student_kdB_s0,test_w33-36,all,near,,100000,15732,0.90666,0.8503666623667246,0.7568471945715739,0.8534197813374015,0.6961649084668193,0.8511244043986779,0.7229214340198322,0.7861567791762014,0.0280219197046757,0.38609597086906433,0.1322116250903102,0.010210074817580121,24,7.5
student_kdB_s0,test_w33-36,all,far,,100000,84268,0.90666,0.8503666623667246,0.728709442552333,0.8594365595481084,0.6709999549057768,0.7975266208406512,0.7069706175535198,0.7379662694023829,0.0280219197046757,0.38609597086906433,0.1322116250903102,0.010210074817580121,24,7.5
student_kdB_s0,test_w33-36,ge5,all,,95121,93782,0.9139622165452423,0.8564196556725092,0.7384686950800119,0.861583246251946,0.6859846275907833,0.8166167127486978,0.7013925913288265,0.7624694027729222,0.027526272931115585,0.36714503169059753,0.12490282857483138,0.008973769951936472,24,7.5
student_kdB_s0,test_w33-36,ge5,near,,95121,15221,0.9139622165452423,0.8564196556725092,0.7580921801596966,0.856185533144997,0.7038742982141244,0.8588405265507764,0.7245910255567966,0.8007737496696115,0.027526272931115585,0.36714503169059753,0.12490282857483138,0.008973769951936472,24,7.5
student_kdB_s0,test_w33-36,ge5,far,,95121,78561,0.9139622165452423,0.8564196556725092,0.7346666932419768,0.8626290398543807,0.6825185480276682,0.8084359529584527,0.6968979519099808,0.7550480300292642,0.027526272931115585,0.36714503169059753,0.12490282857483138,0.008973769951936472,24,7.5
student_kdB_s0,test_w37-40,all,all,,100000,100000,0.88731,0.834433362698978,0.71429556635,0.87453,0.6455043984000001,0.7741545824499999,0.7569,0.7045485311000002,0.03754635018944743,0.47197356820106506,0.1577297917389499,0.013911436155818612,24,11.5
student_kdB_s0,test_w37-40,all,near,,100000,12184,0.88731,0.834433362698978,0.7412285792843073,0.8723736047275115,0.6693345625410374,0.8303115618844386,0.7496717005909389,0.7541305187130662,0.03754635018944743,0.47197356820106506,0.1577297917389499,0.013911436155818612,24,11.5
student_kdB_s0,test_w37-40,all,far,,100000,87816,0.88731,0.834433362698978,0.7105587549535393,0.874829188302815,0.6421980906668489,0.7663631021112326,0.7579028878564271,0.6976692956864352,0.03754635018944743,0.47197356820106506,0.1577297917389499,0.013911436155818612,24,11.5
student_kdB_s0,test_w37-40,ge5,all,,95295,92226,0.895608373996537,0.8403322379351611,0.725720429535383,0.8735714440613276,0.6628231626593676,0.7903187742370319,0.7471103593346778,0.7271854619268864,0.03624898560200142,0.45062124729156494,0.15000153206832575,0.012420194685612427,24,11.5
student_kdB_s0,test_w37-40,ge5,near,,95295,11717,0.895608373996537,0.8403322379351611,0.7438707425739766,0.8735171118887087,0.679285640741068,0.8400160624731682,0.7535205257318426,0.7714767065323173,0.03624898560200142,0.45062124729156494,0.15000153206832575,0.012420194685612427,24,11.5
student_kdB_s0,test_w37-40,ge5,far,,95295,80509,0.895608373996537,0.8403322379351611,0.7230788960686501,0.8735793513768647,0.660427270825122,0.7830860036615335,0.7461774459998262,0.7207394681492735,0.03624898560200142,0.45062124729156494,0.15000153206832575,0.012420194685612427,24,11.5
student_kdB_s0,test_w41-44,all,all,,100000,100000,0.87959,0.8217632880122452,0.7104013118999999,0.88011,0.6377238707000001,0.77077676525,0.76945,0.6976201881999999,0.044302128620743786,0.5404333472251892,0.17179592133183383,0.016707639579738826,24,15.5
student_kdB_s0,test_w41-44,all,near,,100000,11009,0.87959,0.8217632880122452,0.7317751380688526,0.8744663457171405,0.6563626451085476,0.8250095512762285,0.7548369515850668,0.7448685929693886,0.044302128620743786,0.5404333472251892,0.17179592133183383,0.016707639579738826,24,15.5
student_kdB_s0,test_w41-44,all,far,,100000,88991,0.87959,0.8217632880122452,0.7077571742648133,0.8808081716128597,0.6354180839635469,0.7640676739782675,0.7712577676394242,0.6917751287208819,0.044302128620743786,0.5404333472251892,0.17179592133183383,0.016707639579738826,24,15.5
student_kdB_s0,test_w41-44,ge5,all,,95403,93678,0.8875087785499408,0.828272628243287,0.7147788144873908,0.8802493648455347,0.6485875347487845,0.7795183303819165,0.7620038856508465,0.71327691039876,0.04338058534932973,0.5156646370887756,0.16337322515366487,0.015040751967302783,24,15.5
student_kdB_s0,test_w41-44,ge5,near,,95403,10688,0.8875087785499408,0.828272628243287,0.7305021430010329,0.875561377245509,0.6625169198331742,0.8306087263972417,0.7563622754491018,0.758254971300128,0.04338058534932973,0.5156646370887756,0.16337322515366487,0.015040751967302783,24,15.5
student_kdB_s0,test_w41-44,ge5,far,,95403,82990,0.8875087785499408,0.828272628243287,0.7127538604549312,0.8808531148331125,0.6467936165925976,0.7729385719458183,0.7627304494517412,0.70748433882491,0.04338058534932973,0.5156646370887756,0.16337322515366487,0.015040751967302783,24,15.5
student_kdB_s0,test_w45-48,all,all,,100000,100000,0.85183,0.790221312032283,0.6849720832999999,0.8933,0.5989420897,0.7432741967000001,0.79933,0.6563828808000001,0.061061771193593725,0.7481751441955566,0.21422353575022404,0.023621687031787506,24,19.5
student_kdB_s0,test_w45-48,all,near,,100000,10212,0.85183,0.790221312032283,0.7183312783979632,0.8779866823345084,0.6267983519388954,0.8076706507050528,0.7827066196631414,0.710627169996083,0.061061771193593725,0.7481751441955566,0.21422353575022404,0.023621687031787506,24,19.5
student_kdB_s0,test_w45-48,all,far,,100000,89788,0.85183,0.790221312032283,0.6811779894306589,0.8950416536730966,0.5957738695594067,0.7359500933866441,0.8012206530939546,0.6502134296342497,0.061061771193593725,0.7481751441955566,0.21422353575022404,0.023621687031787506,24,19.5
student_kdB_s0,test_w45-48,ge5,all,,95040,92738,0.8623421717171718,0.7985386713419851,0.6895179313247386,0.892870236580474,0.6107431642757305,0.7521731356033031,0.7927063339731286,0.6744552620473899,0.056929302667832096,0.6962287425994873,0.20101701731782837,0.02066264120336597,24,19.5
student_kdB_s0,test_w45-48,ge5,near,,95040,9889,0.8623421717171718,0.7985386713419851,0.7167236746658958,0.8788552937607442,0.6338939469270519,0.8130735475648384,0.7821822226716554,0.7264370614409167,0.056929302667832096,0.6962287425994873,0.20101701731782837,0.02066264120336597,24,19.5
student_kdB_s0,test_w45-48,ge5,far,,95040,82849,0.8623421717171718,0.7985386713419851,0.6862706067233468,0.894543084406571,0.6079798467988881,0.7449039570509051,0.7939625101087521,0.6682506245236709,0.056929302667832096,0.6962287425994873,0.20101701731782837,0.02066264120336597,24,19.5
student_kdB_s0,test_w49-51,all,all,,100000,100000,0.83268,0.7668209951651344,0.6738042276,0.90256,0.5846830175000001,0.7369994481500002,0.81081,0.6430775664,0.07392926348604259,0.9184541702270508,0.2445697839733011,0.029180205802529422,24,23.0
student_kdB_s0,test_w49-51,all,near,,100000,12082,0.83268,0.7668209951651344,0.7120463193179937,0.8890084423108757,0.6160249842741268,0.8061195414666447,0.7949842741268002,0.7002899726866413,0.07392926348604259,0.9184541702270508,0.2445697839733011,0.029180205802529422,24,23.0
student_kdB_s0,test_w49-51,all,far,,100000,87918,0.83268,0.7668209951651344,0.6685488651925658,0.9044223026001501,0.5803758944698469,0.7275007224345412,0.8129848267703997,0.6352152368115744,0.07392926348604259,0.9184541702270508,0.2445697839733011,0.029180205802529422,24,23.0
student_kdB_s0,test_w49-51,ge5,all,,94427,93681,0.8444830398085293,0.7755395402858829,0.6733182679543865,0.9017410147201673,0.5930216138331204,0.7404331941308122,0.808573776966514,0.6580880815920704,0.06886521762510885,0.8635236024856567,0.2302969312288569,0.02551076463815987,24,23.0
student_kdB_s0,test_w49-51,ge5,near,,94427,11739,0.8444830398085293,0.7755395402858829,0.7095904398612212,0.8886617258710282,0.6234028354719101,0.8091699118331972,0.7973421926910299,0.7158869676389671,0.06886521762510885,0.8635236024856567,0.2302969312288569,0.02551076463815987,24,23.0
student_kdB_s0,test_w49-51,ge5,far,,94427,81942,0.8444830398085293,0.7755395402858829,0.6681219214408242,0.9036147518976837,0.5886692040699004,0.7305859811129667,0.8101828122330429,0.6498078208795602,0.06886521762510885,0.8635236024856567,0.2302969312288569,0.02551076463815987,24,23.0
student_kdB_s1,val,all,all,,200000,37194,0.95312,0.9236813113569439,0.6876547898854655,0.9191267408721837,0.6610438433618325,0.797721459778459,0.7959886003118782,0.7681626572834327,0.003193523337021491,0.16655035316944122,0.06808380311639227,0.003063233343228697,24,1.0
student_kdB_s1,val,all,near,,200000,10090,0.95312,0.9236813113569439,0.6541846491575818,0.9089197224975223,0.6294929122893954,0.7345387690782954,0.8619425173439048,0.7088069316154608,0.003193523337021491,0.16655035316944122,0.06808380311639227,0.003063233343228697,24,1.0
student_kdB_s1,val,all,far,,200000,27104,0.95312,0.9236813113569439,0.7001147116661748,0.9229265053128689,0.672789301394628,0.821242465872196,0.7714359504132231,0.7902589999631051,0.003193523337021491,0.16655035316944122,0.06808380311639227,0.003063233343228697,24,1.0
student_kdB_s1,val,ge5,all,,191393,35514,0.9577570757551217,0.9287731389944238,0.6966166122304788,0.9196373261249084,0.6737304531356744,0.8134709058679402,0.7916877850988343,0.7878891813949476,0.0030143059635628095,0.14867627620697021,0.06153721818049007,0.00254611920276504,24,1.0
student_kdB_s1,val,ge5,near,,191393,9767,0.9577570757551217,0.9287731389944238,0.6578330574637249,0.9083649022217671,0.6370154629567923,0.7409482974701077,0.8607556056107301,0.7194547338572325,0.0030143059635628095,0.14867627620697021,0.06153721818049007,0.00254611920276504,24,1.0
student_kdB_s1,val,ge5,far,,191393,25747,0.9577570757551217,0.9287731389944238,0.7113289662681099,0.9239134656464831,0.6876581071954537,0.8409820068203475,0.7654872412319882,0.8138494582854927,0.0030143059635628095,0.14867627620697021,0.06153721818049007,0.00254611920276504,24,1.0
student_kdB_s1,test_w29-32,all,all,,100000,100000,0.93464,0.885230083866634,0.74830381275,0.84593,0.7066549817000001,0.8267590834,0.67707,0.7836444537,0.012641274833083187,0.2526796758174896,0.09636502581920009,0.00596891245640217,24,3.5
student_kdB_s1,test_w29-32,all,near,,100000,16111,0.93464,0.885230083866634,0.7734732176773633,0.7823226367078394,0.7295431537458879,0.8671069396685495,0.6340388554403823,0.8204034734032649,0.012641274833083187,0.2526796758174896,0.09636502581920009,0.00596891245640217,24,3.5
student_kdB_s1,test_w29-32,all,far,,100000,83889,0.93464,0.885230083866634,0.7434699932649096,0.8581458832504858,0.7022592761863891,0.8190102210659324,0.6853341916103423,0.7765848324571756,0.012641274833083187,0.2526796758174896,0.09636502581920009,0.00596891245640217,24,3.5
student_kdB_s1,test_w29-32,ge5,all,,95313,94723,0.9394731044033867,0.8900315164044473,0.751294215705494,0.8500575361844536,0.7141156299263027,0.8350127366072111,0.6740495972467089,0.7962875958285999,0.013877394685261136,0.23482009768486023,0.08985699808917996,0.005230143351516097,24,3.5
student_kdB_s1,test_w29-32,ge5,near,,95313,15529,0.9394731044033867,0.8900315164044473,0.7769261153448423,0.780346448580076,0.737397723502237,0.8774197462553968,0.6315925043467061,0.835041158410834,0.013877394685261136,0.23482009768486023,0.08985699808917996,0.005230143351516097,24,3.5
student_kdB_s1,test_w29-32,ge5,far,,95313,79194,0.9394731044033867,0.8900315164044473,0.7462681055266996,0.8637270500290426,0.7095502887244355,0.8266972271894941,0.6823749273934894,0.7886884838587594,0.013877394685261136,0.23482009768486023,0.08985699808917996,0.005230143351516097,24,3.5
student_kdB_s1,test_w33-36,all,all,,100000,100000,0.90766,0.8494126834474676,0.7329393901,0.8532,0.6742190483999999,0.8055130948,0.70366,0.7443196629,0.02630309564031664,0.35746830701828003,0.13226757279400508,0.010572699235873055,24,7.5
student_kdB_s1,test_w33-36,all,near,,100000,15732,0.90766,0.8494126834474676,0.776269250254259,0.762140859394864,0.7123548620645818,0.861155741482329,0.641113653699466,0.7933223811339944,0.02630309564031664,0.35746830701828003,0.13226757279400508,0.010572699235873055,24,7.5
student_kdB_s1,test_w33-36,all,far,,100000,84268,0.90766,0.8494126834474676,0.724850134867328,0.8701998386101486,0.6670994701428775,0.7951251644159112,0.7153367826458442,0.7351713413158021,0.02630309564031664,0.35746830701828003,0.13226757279400508,0.010572699235873055,24,7.5
student_kdB_s1,test_w33-36,ge5,all,,95121,93782,0.9148873540017451,0.8554803870753603,0.7393112687074243,0.8602930199825126,0.6863747989156913,0.817053173701937,0.699995734789192,0.762001357754514,0.026441658861025192,0.33694130182266235,0.12429890922585671,0.009344273742008087,24,7.5
student_kdB_s1,test_w33-36,ge5,near,,95121,15221,0.9148873540017451,0.8554803870753603,0.7790006273228012,0.7711714079232639,0.721421565996853,0.8698722496364665,0.6401024899809473,0.8086419814096982,0.026441658861025192,0.33694130182266235,0.12429890922585671,0.009344273742008087,24,7.5
student_kdB_s1,test_w33-36,ge5,far,,95121,78561,0.9148873540017451,0.8554803870753603,0.731621553359037,0.8775601125240259,0.6795845742273298,0.8068196080039511,0.7115999032598872,0.7529648519481272,0.026441658861025192,0.33694130182266235,0.12429890922585671,0.009344273742008087,24,7.5
student_kdB_s1,test_w37-40,all,all,,100000,100000,0.88817,0.8324215392992445,0.71135855135,0.8652,0.6415344654,0.7755936173,0.74638,0.7041374253,0.03491359391316775,0.4306305944919586,0.15710924106790145,0.014213989224004941,24,11.5
student_kdB_s1,test_w37-40,all,near,,100000,12184,0.88817,0.8324215392992445,0.7604371811391989,0.7893138542350624,0.6839906073539067,0.8412141451904136,0.6831910702560735,0.7610645764937622,0.03491359391316775,0.4306305944919586,0.15710924106790145,0.014213989224004941,24,11.5
student_kdB_s1,test_w37-40,all,far,,100000,87816,0.88817,0.8324215392992445,0.7045491541404756,0.8757287965746561,0.6356439029334062,0.7664891202628223,0.7551471258085087,0.6962390877516624,0.03491359391316775,0.4306305944919586,0.15710924106790145,0.014213989224004941,24,11.5
student_kdB_s1,test_w37-40,ge5,all,,95295,92226,0.8966157720761845,0.838661417239536,0.7232830228808497,0.8691583718257324,0.6595230890431654,0.7932979537521205,0.7370589638496736,0.7282372442767315,0.03416242907955966,0.4039679765701294,0.14838170464376726,0.012690213379948695,24,11.5
student_kdB_s1,test_w37-40,ge5,near,,95295,11717,0.8966157720761845,0.838661417239536,0.7649326151760194,0.7870615345224887,0.6956384473053658,0.8525129436066619,0.6779892463941282,0.7797646414076755,0.03416242907955966,0.4039679765701294,0.14838170464376726,0.012690213379948695,24,11.5
student_kdB_s1,test_w37-40,ge5,far,,95295,80509,0.8966157720761845,0.838661417239536,0.7172214859977373,0.8811064601473128,0.654266985343477,0.7846800099678769,0.7456557651939535,0.7207381260143847,0.03416242907955966,0.4039679765701294,0.14838170464376726,0.012690213379948695,24,11.5
student_kdB_s1,test_w41-44,all,all,,100000,100000,0.88148,0.8191043293028617,0.70991519475,0.87156,0.6368603461,0.77291311605,0.75304,0.6985462431999999,0.041443368243649636,0.5000342726707458,0.1703647638398173,0.01696228776884882,24,15.5
student_kdB_s1,test_w41-44,all,near,,100000,11009,0.88148,0.8191043293028617,0.7522926187664638,0.8002543373603416,0.672929032609683,0.8354156640021799,0.6833499863747843,0.7519596684530838,0.041443368243649636,0.5000342726707458,0.1703647638398173,0.01696228776884882,24,15.5
student_kdB_s1,test_w41-44,all,far,,100000,88991,0.88148,0.8191043293028617,0.7046727201065276,0.8803811621399917,0.6323983199424661,0.7651809796496276,0.7616612915912845,0.6919385143441472,0.041443368243649636,0.5000342726707458,0.1703647638398173,0.01696228776884882,24,15.5
student_kdB_s1,test_w41-44,ge5,all,,95403,93678,0.8895632212823497,0.8257902943159224,0.7142999945456736,0.8754029761523516,0.6479894926790472,0.7830330726096564,0.7471444736224087,0.7155546015122277,0.04107623685740532,0.47412824630737305,0.16141990597360803,0.015308854121048432,24,15.5
student_kdB_s1,test_w41-44,ge5,near,,95403,10688,0.8895632212823497,0.8257902943159224,0.7528757621270462,0.7988398203592815,0.6808087466462001,0.8421389994726751,0.6799214071856288,0.7663100695561802,0.04107623685740532,0.47412824630737305,0.16141990597360803,0.015308854121048432,24,15.5
student_kdB_s1,test_w41-44,ge5,far,,95403,82990,0.8895632212823497,0.8257902943159224,0.7093319525658001,0.8852632847331003,0.6437628125199807,0.7754210212021138,0.7558019038438366,0.7090179773110737,0.04107623685740532,0.47412824630737305,0.16141990597360803,0.015308854121048432,24,15.5
student_kdB_s1,test_w45-48,all,all,,100000,100000,0.84935,0.7851017856849241,0.6818057776500001,0.88484,0.5945232607000001,0.7449500711000001,0.7927,0.6551001421999999,0.06271114927649496,0.7121737599372864,0.22013706857711274,0.025575261705024763,24,19.5
student_kdB_s1,test_w45-48,all,near,,100000,10212,0.84935,0.7851017856849241,0.7441808186447317,0.8074813944379162,0.6453155013709361,0.8184241617704661,0.7184684684684685,0.7153897463768115,0.06271114927649496,0.7121737599372864,0.22013706857711274,0.025575261705024763,24,19.5
student_kdB_s1,test_w45-48,all,far,,100000,89788,0.84935,0.7851017856849241,0.67471157888582,0.8936383481088787,0.5887464268053638,0.7365935266405311,0.8011426916737203,0.6482431297055284,0.06271114927649496,0.7121737599372864,0.22013706857711274,0.025575261705024763,24,19.5
student_kdB_s1,test_w45-48,ge5,all,,95040,92738,0.8597222222222223,0.7935193176123035,0.6878799521299932,0.888082555155384,0.6083514234473456,0.7559526508207873,0.7871422717764024,0.674932072809224,0.0589845281135078,0.6615610718727112,0.2064625168138434,0.022596415628700076,24,19.5
student_kdB_s1,test_w45-48,ge5,near,,95040,9889,0.8597222222222223,0.7935193176123035,0.7448378229407024,0.8063504904439276,0.6549843136764211,0.8252830050981723,0.7185761957730812,0.7321414225682857,0.0589845281135078,0.6615610718727112,0.2064625168138434,0.022596415628700076,24,19.5
student_kdB_s1,test_w45-48,ge5,far,,95040,82849,0.8597222222222223,0.7935193176123035,0.6810813621114401,0.8978382358266244,0.6027852409771246,0.7476772597665917,0.7953264372533163,0.6681034658282422,0.0589845281135078,0.6615610718727112,0.2064625168138434,0.022596415628700076,24,19.5
student_kdB_s1,test_w49-51,all,all,,100000,100000,0.82854,0.7584769722234024,0.67425452365,0.89286,0.5820880746,0.7406824500000001,0.81273,0.6432643121999999,0.07705058599665758,0.8922319412231445,0.2544946286214872,0.03186108170992934,24,23.0
student_kdB_s1,test_w49-51,all,near,,100000,12082,0.82854,0.7584769722234024,0.7421565916239032,0.8167521933454726,0.6351197748717099,0.8263199242675053,0.7293494454560503,0.7108560453567289,0.07705058599665758,0.8922319412231445,0.2544946286214872,0.03186108170992934,24,23.0
student_kdB_s1,test_w49-51,all,far,,100000,87918,0.82854,0.7584769722234024,0.6649231832503014,0.9033190017971291,0.5748002722991878,0.7289138478468573,0.82418844832685,0.6339756190996155,0.07705058599665758,0.8922319412231445,0.2544946286214872,0.03186108170992934,24,23.0
student_kdB_s1,test_w49-51,ge5,all,,94427,93681,0.8400881103921548,0.7673447815309615,0.674603152446307,0.896617243624641,0.5922053859205938,0.7460068934308358,0.8088940126599844,0.6597251873070843,0.0724453685753974,0.8371407389640808,0.23966844001562146,0.02807899549455266,24,23.0
student_kdB_s1,test_w49-51,ge5,near,,94427,11739,0.8400881103921548,0.7673447815309615,0.7405145929783271,0.8169350029815146,0.644161242513458,0.8312655445666525,0.7302155209131953,0.7275258414494556,0.0724453685753974,0.8371407389640808,0.23966844001562146,0.02807899549455266,24,23.0
student_kdB_s1,test_w49-51,ge5,far,,94427,81942,0.8400881103921548,0.7673447815309615,0.6651606882593775,0.9080325108003222,0.5847621968289969,0.7337927504311123,0.8201654829025409,0.6500120746301019,0.0724453685753974,0.8371407389640808,0.23966844001562146,0.02807899549455266,24,23.0
student_kdB_s2,val,all,all,,200000,37194,0.95437,0.9278026363146803,0.7103455678335215,0.8749798354573318,0.6834375653331183,0.8063555049201485,0.726515029305802,0.776437366645158,0.0016501456810534107,0.1639856994152069,0.06639131291918351,0.002945612756336724,24,1.0
student_kdB_s2,val,all,near,,200000,10090,0.95437,0.9278026363146803,0.641529007433102,0.9230921704658077,0.6186131149653122,0.7280615559960357,0.8655104063429138,0.7032701397423191,0.0016501456810534107,0.1639856994152069,0.06639131291918351,0.002945612756336724,24,1.0
student_kdB_s2,val,all,far,,200000,27104,0.95437,0.9278026363146803,0.7359638933367769,0.85706906729634,0.7075697489300472,0.8355019757231404,0.674771251475797,0.8036753137913223,0.0016501456810534107,0.1639856994152069,0.06639131291918351,0.002945612756336724,24,1.0
student_kdB_s2,val,ge5,all,,191393,35514,0.9589640164478325,0.9324469176461858,0.7209108388610104,0.8722194064312665,0.6975060244689985,0.8228859486972119,0.7212085374781776,0.7967555061696604,0.002416782456667338,0.1457734853029251,0.05986928599810922,0.0024445375960144436,24,1.0
student_kdB_s2,val,ge5,near,,191393,9767,0.9589640164478325,0.9324469176461858,0.6465004685400413,0.9233131975017917,0.6271358117750243,0.7340114827684985,0.8642367154704618,0.7133388876530635,0.002416782456667338,0.1457734853029251,0.05986928599810922,0.0024445375960144436,24,1.0
student_kdB_s2,val,ge5,far,,191393,25747,0.9589640164478325,0.9324469176461858,0.7491380531743248,0.8528372237542238,0.7242006245149086,0.8566000477660644,0.6669514894939216,0.8283991972036293,0.002416782456667338,0.1457734853029251,0.05986928599810922,0.0024445375960144436,24,1.0
student_kdB_s2,test_w29-32,all,all,,100000,100000,0.93746,0.8927831724283105,0.7575872099500001,0.85159,0.7183095089,0.8325681025,0.67771,0.7901352413,0.01037730285868048,0.24032965302467346,0.09144630986286326,0.005536117867986436,24,3.5
student_kdB_s2,test_w29-32,all,near,,100000,16111,0.93746,0.8927831724283105,0.7806661250077587,0.8275091552355534,0.7393871466699771,0.8672689746136181,0.6696046179628825,0.8222377785364038,0.01037730285868048,0.24032965302467346,0.09144630986286326,0.005536117867986436,24,3.5
student_kdB_s2,test_w29-32,all,far,,100000,83889,0.93746,0.8927831724283105,0.7531548719736796,0.8562147599804504,0.7142615190311006,0.8259037513857599,0.6792666499779471,0.7839699040398623,0.01037730285868048,0.24032965302467346,0.09144630986286326,0.005536117867986436,24,3.5
student_kdB_s2,test_w29-32,ge5,all,,95313,94723,0.9422114506940291,0.8974496192249664,0.7619120055372692,0.8508704327354497,0.7268850892696757,0.8414657149223175,0.6716531359859802,0.8030792279016858,0.011629725526147713,0.22129639983177185,0.08483489705895228,0.004821796338517471,24,3.5
student_kdB_s2,test_w29-32,ge5,near,,95313,15529,0.9422114506940291,0.8974496192249664,0.7813362706066568,0.8294159314830317,0.7445755501294884,0.8763483295872374,0.6699079142249984,0.8355696732188367,0.011629725526147713,0.22129639983177185,0.08483489705895228,0.004821796338517471,24,3.5
student_kdB_s2,test_w29-32,ge5,far,,95313,79194,0.9422114506940291,0.8974496192249664,0.7581031385490817,0.855077404853903,0.7234162006330108,0.8346256497263236,0.6719953531833219,0.7967082386180275,0.011629725526147713,0.22129639983177185,0.08483489705895228,0.004821796338517471,24,3.5
student_kdB_s2,test_w33-36,all,all,,100000,100000,0.91279,0.8570913237697806,0.7429434212999999,0.86081,0.6880380972,0.8131662192000001,0.69889,0.7553902606,0.026813996941223727,0.3495679795742035,0.12874415932026703,0.009845215494525224,24,7.5
student_kdB_s2,test_w33-36,all,near,,100000,15732,0.91279,0.8570913237697806,0.7810644794050343,0.8236079328756675,0.7217775095347064,0.8618778578693109,0.6856089499110094,0.7990358930841596,0.026813996941223727,0.3495679795742035,0.12874415932026703,0.009845215494525224,24,7.5
student_kdB_s2,test_w33-36,all,far,,100000,84268,0.91279,0.8570913237697806,0.7358265977595292,0.8677552570370722,0.6817392834765272,0.8040722392841886,0.7013694403569564,0.7472420538045284,0.026813996941223727,0.3495679795742035,0.12874415932026703,0.009845215494525224,24,7.5
student_kdB_s2,test_w33-36,ge5,all,,95121,93782,0.9168112193942453,0.860736360533297,0.7501298701448361,0.8588321852807576,0.6982477582811515,0.8259076191291564,0.6892154144718603,0.7708645352929683,0.02586005875600065,0.3272193372249603,0.12095568037752985,0.008639106942011112,24,7.5
student_kdB_s2,test_w33-36,ge5,near,,95121,15221,0.9168112193942453,0.860736360533297,0.7810086417056881,0.82419026345181,0.7255357183949236,0.8697624561801336,0.6865514749359438,0.810438035430405,0.02586005875600065,0.3272193372249603,0.12095568037752985,0.008639106942011112,24,7.5
student_kdB_s2,test_w33-36,ge5,far,,95121,78561,0.9168112193942453,0.860736360533297,0.7441471843092722,0.8655439721999465,0.6929607833076691,0.8174108526069261,0.6897315461870394,0.7631972672389477,0.02586005875600065,0.3272193372249603,0.12095568037752985,0.008639106942011112,24,7.5
student_kdB_s2,test_w37-40,all,all,,100000,100000,0.8927,0.8406695952635421,0.7293360151,0.86899,0.6616669749,0.7832200464,0.73601,0.715080098,0.03790189908459783,0.43308889865875244,0.15677653952160112,0.01401841422506916,24,11.5
student_kdB_s2,test_w37-40,all,near,,100000,12184,0.8927,0.8406695952635421,0.7660155453873934,0.8430728824688115,0.6935856968154956,0.8425169230137886,0.7350623768877216,0.7675177158568615,0.03790189908459783,0.43308889865875244,0.15677653952160112,0.01401841422506916,24,11.5
student_kdB_s2,test_w37-40,all,far,,100000,87816,0.8927,0.8406695952635421,0.7242469265851325,0.8725858613464517,0.6572384230664116,0.774992922132641,0.7361414776350551,0.7078046591737268,0.03790189908459783,0.43308889865875244,0.15677653952160112,0.01401841422506916,24,11.5
student_kdB_s2,test_w37-40,ge5,all,,95295,92226,0.8968991027860853,0.8444825590020714,0.7433609982263688,0.8655151475722681,0.6779592550422042,0.8027609563317795,0.7231257996660377,0.7364958441462383,0.036168814574229206,0.40802714228630066,0.1486220655742934,0.012537975427875514,24,11.5
student_kdB_s2,test_w37-40,ge5,near,,95295,11717,0.8968991027860853,0.8444825590020714,0.7668813640656058,0.8442434070154476,0.6983190342268403,0.8528884394834307,0.7381582316292566,0.7812116906815414,0.036168814574229206,0.40802714228630066,0.1486220655742934,0.012537975427875514,24,11.5
student_kdB_s2,test_w37-40,ge5,far,,95295,80509,0.8968991027860853,0.8444825590020714,0.7399379259420487,0.8686109627495062,0.6749961635529748,0.7954655766836918,0.7209380317728453,0.7299880552797245,0.036168814574229206,0.40802714228630066,0.1486220655742934,0.012537975427875514,24,11.5
student_kdB_s2,test_w41-44,all,all,,100000,100000,0.88493,0.8288914361265913,0.7326301389000001,0.8712,0.6598009985000001,0.78273879415,0.74048,0.7100111309000001,0.04375361802220344,0.5060842037200928,0.17014812588188338,0.016679228427255856,24,15.5
student_kdB_s2,test_w41-44,all,near,,100000,11009,0.88493,0.8288914361265913,0.7623557943500772,0.8397674629848306,0.6851589971841221,0.8362429989099828,0.726950676719048,0.7567700926514669,0.04375361802220344,0.5060842037200928,0.17014812588188338,0.016679228427255856,24,15.5
student_kdB_s2,test_w41-44,all,far,,100000,88991,0.88493,0.8288914361265913,0.7289528036543022,0.8750884920947062,0.6566639823128182,0.7761198350394984,0.7421537009360497,0.7042266199952806,0.04375361802220344,0.5060842037200928,0.17014812588188338,0.016679228427255856,24,15.5
student_kdB_s2,test_w41-44,ge5,all,,95403,93678,0.890401769336394,0.8336173907755666,0.7389464397183954,0.8684963385213177,0.6705545020992397,0.7939880397946012,0.7316552445611563,0.7252402833577118,0.04229754907789255,0.48061037063598633,0.16160694347822815,0.015051570586618056,24,15.5
student_kdB_s2,test_w41-44,ge5,near,,95403,10688,0.890401769336394,0.8336173907755666,0.761071118391813,0.8411302395209581,0.6893015013964399,0.8421557426796041,0.7301646706586826,0.7678230925338405,0.04229754907789255,0.48061037063598633,0.16160694347822815,0.015051570586618056,24,15.5
student_kdB_s2,test_w41-44,ge5,far,,95403,82990,0.890401769336394,0.8336173907755666,0.7360970775583581,0.872020725388601,0.668140139784642,0.7877846850719248,0.7318472105072901,0.7197561881116041,0.04229754907789255,0.48061037063598633,0.16160694347822815,0.015051570586618056,24,15.5
student_kdB_s2,test_w45-48,all,all,,100000,100000,0.8533,0.782833467018503,0.7091857786,0.89183,0.619527596,0.7561712016999999,0.78826,0.6678569718999999,0.06252398395717144,0.7086937427520752,0.21662154034324085,0.024360858226498357,24,19.5
student_kdB_s2,test_w45-48,all,near,,100000,10212,0.8533,0.782833467018503,0.753665054347826,0.8545828437132785,0.6559162867215041,0.8214058783783783,0.7705640423031728,0.7225040276145711,0.06252398395717144,0.7086937427520752,0.21662154034324085,0.024360858226498357,24,19.5
student_kdB_s2,test_w45-48,all,far,,100000,89788,0.8533,0.782833467018503,0.7041269470864703,0.8960662894818907,0.6153889437341293,0.7487517634873259,0.7902726422239053,0.6616417122555354,0.06252398395717144,0.7086937427520752,0.21662154034324085,0.024360858226498357,24,19.5
student_kdB_s2,test_w45-48,ge5,all,,95040,92738,0.8610164141414142,0.7896414942898139,0.7166497800603933,0.8897323642951109,0.632385425110225,0.7685392406355968,0.7815997757122215,0.6859442101442078,0.058747932709979286,0.6562959551811218,0.20308276781863732,0.02128090920903863,24,19.5
student_kdB_s2,test_w45-48,ge5,near,,95040,9889,0.8610164141414142,0.7896414942898139,0.7522321899770961,0.8577206997674184,0.6616079347763543,0.8273949541510089,0.7713621195267469,0.7359041835331779,0.058747932709979286,0.6562959551811218,0.20308276781863732,0.02128090920903863,24,19.5
student_kdB_s2,test_w45-48,ge5,far,,95040,82849,0.8610164141414142,0.7896414942898139,0.7124026020417535,0.8935533319653828,0.6288973757905187,0.7615141208278271,0.7828217600695241,0.6799809012709138,0.058747932709979286,0.6562959551811218,0.20308276781863732,0.02128090920903863,24,19.5
student_kdB_s2,test_w49-51,all,all,,100000,100000,0.83132,0.7532439069312735,0.70479084425,0.89244,0.6069691800000001,0.7517465453500001,0.80417,0.6559768628,0.07897778949156403,0.8948445320129395,0.25238415892591254,0.030923424848280714,24,23.0
student_kdB_s2,test_w49-51,all,near,,100000,12082,0.83132,0.7532439069312735,0.754275802433372,0.850024830326105,0.6458263350438669,0.8257710263201458,0.7762787617944049,0.7159999486839927,0.07897778949156403,0.8948445320129395,0.25238415892591254,0.030923424848280714,24,23.0
student_kdB_s2,test_w49-51,all,far,,100000,87918,0.83132,0.7532439069312735,0.6979904476898928,0.8982688414204145,0.6016292934325166,0.7415738414772856,0.8080029118041812,0.647728279760686,0.07897778949156403,0.8948445320129395,0.25238415892591254,0.030923424848280714,24,23.0
student_kdB_s2,test_w49-51,ge5,all,,94427,93681,0.8388490580024781,0.7602248109527275,0.7071314201352329,0.8912586330205698,0.6152080736728623,0.758607873033858,0.799041427824212,0.6694695132359025,0.07390500119221217,0.8426182270050049,0.23758319704691855,0.02703459495037975,24,23.0
student_kdB_s2,test_w49-51,ge5,near,,94427,11739,0.8388490580024781,0.7602248109527275,0.751193244782608,0.85399097027004,0.650019760012443,0.8297029762198745,0.7790271743760115,0.7279650344303955,0.07390500119221217,0.8426182270050049,0.23758319704691855,0.02703459495037975,24,23.0
student_kdB_s2,test_w49-51,ge5,far,,94427,81942,0.8388490580024781,0.7602248109527275,0.7008191290081487,0.8965975934197359,0.6102209561270332,0.7484227980259177,0.8019086671060018,0.6610894526649846,0.07390500119221217,0.8426182270050049,0.23758319704691855,0.02703459495037975,24,23.0
student_kdA4_s0,val,all,all,,200000,37194,0.94284,0.905179434047443,0.7808141873689305,0.8387374307684035,0.7477601074097974,0.8189188014867989,0.7778405119105232,0.7834627246330053,0.026111453501805652,0.23342564702033997,0.08725491837938856,0.004207017834869672,24,1.0
student_kdA4_s0,val,all,near,,200000,10090,0.94284,0.905179434047443,0.6829070148662042,0.9234886025768088,0.657559724975223,0.7302703736372647,0.9012884043607532,0.7021472472745294,0.026111453501805652,0.23342564702033997,0.08725491837938856,0.004207017834869672,24,1.0
student_kdA4_s0,val,all,far,,200000,27104,0.94284,0.905179434047443,0.8172620685138725,0.8071871310507674,0.7813389835448642,0.8519199318366292,0.7318845926800472,0.8137340191484652,0.026111453501805652,0.23342564702033997,0.08725491837938856,0.004207017834869672,24,1.0
student_kdA4_s0,val,ge5,all,,191393,35514,0.9490211240745482,0.9119289693992773,0.7903382184953215,0.8380638621388748,0.7616206879750822,0.8337337288824554,0.7773835670439827,0.8032705434680395,0.02380262659234876,0.20558904111385345,0.07771432445171585,0.0034320473655149886,24,1.0
student_kdA4_s0,val,ge5,near,,191393,9767,0.9490211240745482,0.9119289693992773,0.688403612406574,0.9245418245111089,0.6668635164814356,0.7367603064492495,0.9016074536705232,0.7136367994086343,0.02380262659234876,0.20558904111385345,0.07771432445171585,0.0034320473655149886,24,1.0
student_kdA4_s0,val,ge5,far,,191393,25747,0.9490211240745482,0.9119289693992773,0.8290066186067441,0.8052588651104983,0.7975663629655062,0.8705201279543907,0.7302598360974094,0.8372726710257437,0.02380262659234876,0.20558904111385345,0.07771432445171585,0.0034320473655149886,24,1.0
student_kdA4_s0,test_w29-32,all,all,,100000,100000,0.92634,0.8710899576577292,0.8277665993,0.74795,0.7812759524999999,0.8456761364000001,0.66673,0.7972344054,0.03719459763810035,0.3229488432407379,0.11293070657604716,0.007082270791345984,24,3.5
student_kdA4_s0,test_w29-32,all,near,,100000,16111,0.92634,0.8710899576577292,0.8628763068710819,0.6876047421016697,0.8120894258581093,0.8898358522127738,0.6044938240953386,0.8364702973123952,0.03719459763810035,0.3229488432407379,0.11293070657604716,0.007082270791345984,24,3.5
student_kdA4_s0,test_w29-32,all,far,,100000,83889,0.92634,0.8710899576577292,0.8210237307632705,0.7595393913385545,0.7753581817639976,0.8371952010990715,0.6786825447913314,0.7896990973786789,0.03719459763810035,0.3229488432407379,0.11293070657604716,0.007082270791345984,24,3.5
student_kdA4_s0,test_w29-32,ge5,all,,95313,94723,0.9331360884664212,0.8773797596861946,0.8313250400083618,0.7526260781436399,0.7905764281864268,0.8509590940058624,0.6687182627239424,0.8085123706950996,0.03447062013734295,0.2941359877586365,0.10276497562901465,0.006061347031143907,24,3.5
student_kdA4_s0,test_w29-32,ge5,near,,95313,15529,0.9331360884664212,0.8773797596861946,0.8655818517880514,0.6881962779316119,0.8207391793431547,0.8969792745448553,0.6046751239616202,0.8496494919328856,0.03447062013734295,0.2941359877586365,0.10276497562901465,0.006061347031143907,24,3.5
student_kdA4_s0,test_w29-32,ge5,far,,95313,79194,0.9331360884664212,0.8773797596861946,0.824607687303273,0.7652599944440235,0.7846618719989275,0.8419350848184238,0.6812763593201505,0.8004458712670929,0.03447062013734295,0.2941359877586365,0.10276497562901465,0.006061347031143907,24,3.5
student_kdA4_s0,test_w33-36,all,all,,100000,100000,0.90146,0.8407393592485136,0.810019955,0.77622,0.7489172423999999,0.8267024593500001,0.70147,0.7631765372999999,0.0553336402665079,0.4843982756137848,0.15677306643371014,0.012654955110806663,24,7.5
student_kdA4_s0,test_w33-36,all,near,,100000,15732,0.90146,0.8407393592485136,0.8600921071700992,0.6917111619628782,0.7912532481566235,0.8850025057208237,0.6247139588100686,0.8131146376811594,0.0553336402665079,0.4843982756137848,0.15677306643371014,0.012654955110806663,24,7.5
student_kdA4_s0,test_w33-36,all,far,,100000,84268,0.90146,0.8407393592485136,0.8006719807044194,0.7919969620733849,0.7410135299283239,0.8158184187947976,0.7157995917786111,0.753853589144159,0.0553336402665079,0.4843982756137848,0.15677306643371014,0.012654955110806663,24,7.5
student_kdA4_s0,test_w33-36,ge5,all,,95121,93782,0.9107032095961985,0.8481933739733066,0.8147535336011656,0.7790194280352306,0.7614603926122804,0.834366249632643,0.7019470687338721,0.7788753360930997,0.04988936086871691,0.4410252869129181,0.14108388817397666,0.010713437791594628,24,7.5
student_kdA4_s0,test_w33-36,ge5,near,,95121,15221,0.9107032095961985,0.8481933739733066,0.8618959722199784,0.6941725248012615,0.8015662692731735,0.8913910777734573,0.62722554365679,0.8280636684022374,0.04988936086871691,0.4410252869129181,0.14108388817397666,0.010713437791594628,24,7.5
student_kdA4_s0,test_w33-36,ge5,far,,95121,78561,0.9107032095961985,0.8481933739733066,0.8056198023831701,0.7954583062842886,0.7536899779198065,0.8233178298170689,0.7164241799366098,0.7693452180182613,0.04988936086871691,0.4410252869129181,0.14108388817397666,0.010713437791594628,24,7.5
student_kdA4_s0,test_w37-40,all,all,,100000,100000,0.88568,0.8250523883929638,0.78765692975,0.81472,0.7201466409000001,0.7995304398,0.77123,0.7295706184,0.06831377588421107,0.6023417711257935,0.18441979547019707,0.016788989467565154,24,11.5
student_kdA4_s0,test_w37-40,all,near,,100000,12184,0.88568,0.8250523883929638,0.8440730297931713,0.721602101116218,0.7667689453381485,0.8637037130663165,0.6902495075508864,0.7838184348325673,0.06831377588421107,0.6023417711257935,0.18441979547019707,0.016788989467565154,24,11.5
student_kdA4_s0,test_w37-40,all,far,,100000,87816,0.88568,0.8250523883929638,0.7798294978136102,0.8276396100938326,0.7136780456864352,0.7906267415960645,0.7824656099116334,0.7220440242097111,0.06831377588421107,0.6023417711257935,0.18441979547019707,0.016788989467565154,24,11.5
student_kdA4_s0,test_w37-40,ge5,all,,95295,92226,0.8963744162862689,0.8324432866460484,0.7970655271017041,0.8180664888426257,0.738170675585907,0.812296918188936,0.7665408886864875,0.7510408603983835,0.060967855415743746,0.5521233677864075,0.16619510230944975,0.014323437389174722,24,11.5
student_kdA4_s0,test_w37-40,ge5,near,,95295,11717,0.8963744162862689,0.8324432866460484,0.8460769272803811,0.721003669881369,0.7785948945688445,0.871168407873991,0.6909618503029786,0.8010934525765687,0.060967855415743746,0.5521233677864075,0.16619510230944975,0.014323437389174722,24,11.5
student_kdA4_s0,test_w37-40,ge5,far,,95295,80509,0.8963744162862689,0.8324432866460484,0.7899325782898502,0.832192674110969,0.7322874752750962,0.8037289662253072,0.7775403992100262,0.743756380122243,0.060967855415743746,0.5521233677864075,0.16619510230944975,0.014323437389174722,24,11.5
student_kdA4_s0,test_w41-44,all,all,,100000,100000,0.87783,0.8156509496302544,0.7866272209,0.81796,0.7125619173000001,0.7984380001000001,0.76967,0.722556119,0.07257243471167982,0.6717579960823059,0.19617875965068438,0.01870460229590872,24,15.5
student_kdA4_s0,test_w41-44,all,near,,100000,11009,0.87783,0.8156509496302544,0.8405151748569353,0.7318557543827777,0.7563937496593696,0.8581298360432372,0.6749931873921337,0.7724764156599147,0.07257243471167982,0.6717579960823059,0.19617875965068438,0.01870460229590872,24,15.5
student_kdA4_s0,test_w41-44,all,far,,100000,88991,0.87783,0.8156509496302544,0.7799607885067029,0.8286118821004371,0.7071395190524885,0.7910535744625861,0.7813823869829534,0.716380522075266,0.07257243471167982,0.6717579960823059,0.19617875965068438,0.01870460229590872,24,15.5
student_kdA4_s0,test_w41-44,ge5,all,,95403,93678,0.8885779273188474,0.8240586057847457,0.7904775586509735,0.8209718397062277,0.7257574437134247,0.8050717097455791,0.7677149384060291,0.7385729604290407,0.06590821326091967,0.6241821646690369,0.17872084305432745,0.016231429749304114,24,15.5
student_kdA4_s0,test_w41-44,ge5,near,,95403,10688,0.8885779273188474,0.8240586057847457,0.8409377345667145,0.7319423652694611,0.7669844866177836,0.8624880674800206,0.6789857784431138,0.7871081443289327,0.06590821326091967,0.6241821646690369,0.17872084305432745,0.016231429749304114,24,15.5
student_kdA4_s0,test_w41-44,ge5,far,,95403,82990,0.8885779273188474,0.8240586057847457,0.7839789641192536,0.8324376430895288,0.7204479529969314,0.7976772522029149,0.7791420653090734,0.7323222790756001,0.06590821326091967,0.6241821646690369,0.17872084305432745,0.016231429749304114,24,15.5
student_kdA4_s0,test_w45-48,all,all,,100000,100000,0.848,0.7778023432160354,0.7609742618000002,0.84832,0.6719747547,0.77253332935,0.80663,0.681316706,0.09271065278321508,0.9429433345794678,0.24209091163504015,0.026240894279885598,24,19.5
student_kdA4_s0,test_w45-48,all,near,,100000,10212,0.848,0.7778023432160354,0.8283082525460242,0.7478456717587152,0.7243119800235018,0.8426759508421464,0.7113200156678418,0.7376366539365452,0.09271065278321508,0.9429433345794678,0.24209091163504015,0.026240894279885598,24,19.5
student_kdA4_s0,test_w45-48,all,far,,100000,89788,0.848,0.7778023432160354,0.7533160589945205,0.8597474049984408,0.6660222026328686,0.764555688120907,0.8174700405399385,0.6749111806700228,0.09271065278321508,0.9429433345794678,0.24209091163504015,0.026240894279885598,24,19.5
student_kdA4_s0,test_w45-48,ge5,all,,95040,92738,0.8602483164983165,0.7877743899755386,0.765916863872883,0.850945674912118,0.6866050432809406,0.7793210123503868,0.8028100670706723,0.6984944611164445,0.08313294487851688,0.8396408557891846,0.2209788016817165,0.022437925890640777,24,19.5
student_kdA4_s0,test_w45-48,ge5,near,,95040,9889,0.8602483164983165,0.7877743899755386,0.8287532078504055,0.7510365052078066,0.7359854060202933,0.847052794754945,0.7115987460815048,0.7536574899737251,0.08313294487851688,0.8396408557891846,0.2209788016817165,0.022437925890640777,24,19.5
student_kdA4_s0,test_w45-48,ge5,far,,95040,82849,0.8602483164983165,0.7877743899755386,0.7584166091251648,0.8628710062885491,0.6807109177377301,0.7712364296010635,0.8136972081739068,0.6919101065392058,0.08313294487851688,0.8396408557891846,0.2209788016817165,0.022437925890640777,24,19.5
student_kdA4_s0,test_w49-51,all,all,,100000,100000,0.82525,0.751733047479635,0.7549028551000001,0.87001,0.6575920291999999,0.76621389155,0.83622,0.6664036404999999,0.10975234669283032,1.1419312953948975,0.2773280527243437,0.0319665029917805,24,23.0
student_kdA4_s0,test_w49-51,all,near,,100000,12082,0.82525,0.751733047479635,0.8195186024664791,0.7717265353418308,0.7051904800529714,0.8392360581857308,0.7434199635821884,0.7224705926171163,0.10975234669283032,1.1419312953948975,0.2773280527243437,0.0319665029917805,24,23.0
student_kdA4_s0,test_w49-51,all,far,,100000,87918,0.82525,0.751733047479635,0.7460231324074706,0.8835164585181646,0.6510508830956118,0.7561789292295092,0.8489729065720331,0.6586987232421119,0.10975234669283032,1.1419312953948975,0.2773280527243437,0.0319665029917805,24,23.0
student_kdA4_s0,test_w49-51,ge5,all,,94427,93681,0.8383513190083345,0.7612044470597232,0.756412499266999,0.8721405621203873,0.670384467289217,0.7688799800126335,0.8369039613155282,0.6813846560005015,0.09833711627596417,1.0222092866897583,0.253499908078491,0.02731732088190934,24,23.0
student_kdA4_s0,test_w49-51,ge5,near,,94427,11739,0.8383513190083345,0.7612044470597232,0.81886922353472,0.7716159809183065,0.717003733494878,0.8418873364525981,0.7505750063889599,0.7383496313798323,0.09833711627596417,1.0222092866897583,0.253499908078491,0.02731732088190934,24,23.0
student_kdA4_s0,test_w49-51,ge5,far,,94427,81942,0.8383513190083345,0.7612044470597232,0.7474649572717004,0.8865417002269899,0.6637057974253102,0.7584209558583689,0.8492714358936809,0.6732238612190955,0.09833711627596417,1.0222092866897583,0.253499908078491,0.02731732088190934,24,23.0
student_kdA4_s1,val,all,all,,200000,37194,0.93946,0.8987689049991904,0.7812400590148949,0.8426896811313652,0.7465758530945851,0.8124633498682583,0.781013066623649,0.7756379714470076,0.02936419670429079,0.24824263155460358,0.09223447259813314,0.00464497647165865,24,1.0
student_kdA4_s1,val,all,near,,200000,10090,0.93946,0.8987689049991904,0.6827136060455896,0.9331020812685827,0.6561715064420217,0.7147043097125867,0.911199207135778,0.6862243409316154,0.02936419670429079,0.24824263155460358,0.09223447259813314,0.00464497647165865,24,1.0
student_kdA4_s1,val,all,far,,200000,27104,0.93946,0.8987689049991904,0.8179184795602125,0.8090318772136954,0.7802306589433294,0.8488560858175915,0.7325487012987013,0.8089239636216058,0.02936419670429079,0.24824263155460358,0.09223447259813314,0.00464497647165865,24,1.0
student_kdA4_s1,val,ge5,all,,191393,35514,0.9460272841744474,0.9058739278143592,0.7910280257093683,0.8420341273863828,0.7612171349173006,0.8268693639046035,0.7803401475474461,0.7955206700310703,0.02655556786544165,0.21969150006771088,0.08235351099196589,0.0038083371910410235,24,1.0
student_kdA4_s1,val,ge5,near,,191393,9767,0.9460272841744474,0.9058739278143592,0.6880143256643809,0.9355994675949626,0.6657387376080821,0.7200626777185394,0.9131770246749258,0.6970555270024196,0.02655556786544165,0.21969150006771088,0.08235351099196589,0.0038083371910410235,24,1.0
student_kdA4_s1,val,ge5,far,,191393,25747,0.9460272841744474,0.9058739278143592,0.8301057748972112,0.8065405678331456,0.7974364034347641,0.867385964051389,0.7299491202858586,0.8328729461005475,0.02655556786544165,0.21969150006771088,0.08235351099196589,0.0038083371910410235,24,1.0
student_kdA4_s1,test_w29-32,all,all,,100000,100000,0.92217,0.8609849456487539,0.8215057928,0.76904,0.7730254510000001,0.8402209639,0.68913,0.7904520920000001,0.04171037820056085,0.35496586561203003,0.12073122104710261,0.008099229432694692,24,3.5
student_kdA4_s1,test_w29-32,all,near,,100000,16111,0.92217,0.8609849456487539,0.858902929675377,0.7090186828874682,0.8057872981192975,0.8831775380175036,0.6188318540127863,0.8284269896344111,0.04171037820056085,0.35496586561203003,0.12073122104710261,0.008099229432694692,24,3.5
student_kdA4_s1,test_w29-32,all,far,,100000,83889,0.92217,0.8609849456487539,0.8143236202601056,0.7805671780567178,0.7667334923529903,0.8319710936475581,0.7026308574425729,0.7831589596967421,0.04171037820056085,0.35496586561203003,0.12073122104710261,0.008099229432694692,24,3.5
student_kdA4_s1,test_w29-32,ge5,all,,95313,94723,0.9293170921070578,0.8674260977568087,0.8232428068781247,0.7737191600772779,0.7811350588686325,0.8449601312176811,0.6899908153246835,0.8017483290965509,0.03836377017654085,0.32487839460372925,0.1100432062569334,0.00696676981122676,24,3.5
student_kdA4_s1,test_w29-32,ge5,near,,95313,15529,0.9293170921070578,0.8674260977568087,0.8603774571990739,0.7084165110438534,0.8138592497226316,0.8913240695527117,0.6163307360422435,0.8430366779391039,0.03836377017654085,0.32487839460372925,0.1100432062569334,0.00696676981122676,24,3.5
student_kdA4_s1,test_w29-32,ge5,far,,95313,79194,0.9293170921070578,0.8674260977568087,0.8159611443174002,0.7865242316337097,0.7747182348696963,0.8358687152214607,0.7044346793949037,0.7936521757367505,0.03836377017654085,0.32487839460372925,0.1100432062569334,0.00696676981122676,24,3.5
student_kdA4_s1,test_w33-36,all,all,,100000,100000,0.89622,0.8298154213490946,0.8040047170000001,0.79168,0.7397121093,0.8205981658,0.72698,0.7545392924000001,0.06103715876653787,0.5238251090049744,0.16531889547637,0.013853404745258278,24,7.5
student_kdA4_s1,test_w33-36,all,near,,100000,15732,0.89622,0.8298154213490946,0.8554290900711925,0.7009280447495551,0.7830354061784898,0.8787464549961861,0.6337401474701246,0.804064935799644,0.06103715876653787,0.5238251090049744,0.16531889547637,0.013853404745258278,24,7.5
student_kdA4_s1,test_w33-36,all,far,,100000,84268,0.89622,0.8298154213490946,0.7944042964707836,0.8086224901504723,0.7316240793658328,0.8097424568044809,0.7443869559025965,0.7452933458726917,0.06103715876653787,0.5238251090049744,0.16531889547637,0.013853404745258278,24,7.5
student_kdA4_s1,test_w33-36,ge5,all,,95121,93782,0.907076250249682,0.8386029543406714,0.8070339288018218,0.7945661214305517,0.7525242581813285,0.8275683974981223,0.7273997142308759,0.7714504830941781,0.05349139922491397,0.4730275571346283,0.1486533579554407,0.011625708900536737,24,7.5
student_kdA4_s1,test_w33-36,ge5,near,,95121,15221,0.907076250249682,0.8386029543406714,0.8562504351448835,0.6992313251428947,0.7942671023845774,0.8856025632519848,0.6362919650482886,0.8211717242227382,0.05349139922491397,0.4730275571346283,0.1486533579554407,0.011625708900536737,24,7.5
student_kdA4_s1,test_w33-36,ge5,far,,95121,78561,0.907076250249682,0.8386029543406714,0.7974983520773943,0.8130370030931379,0.7444366850646721,0.816324421009285,0.7450516159417523,0.7618171152498557,0.05349139922491397,0.4730275571346283,0.1486533579554407,0.011625708900536737,24,7.5
student_kdA4_s1,test_w37-40,all,all,,100000,100000,0.87976,0.8121327171426052,0.7828995726,0.83476,0.7115957769999999,0.7920449354499999,0.79606,0.7196872268000001,0.0716526379091293,0.6320215463638306,0.19249303663748854,0.017511254732728264,24,11.5
student_kdA4_s1,test_w37-40,all,near,,100000,12184,0.87976,0.8121327171426052,0.8363731894287592,0.7375246224556796,0.7555782821733421,0.8551143532501642,0.7063361785948785,0.772712936638214,0.0716526379091293,0.6320215463638306,0.19249303663748854,0.017511254732728264,24,11.5
student_kdA4_s1,test_w37-40,all,far,,100000,87816,0.87976,0.8121327171426052,0.7754803944611461,0.8482508882208254,0.7054934398059578,0.7832943912840484,0.8085087000091099,0.7123301933588413,0.0716526379091293,0.6320215463638306,0.19249303663748854,0.017511254732728264,24,11.5
student_kdA4_s1,test_w37-40,ge5,all,,95295,92226,0.8916417440579254,0.8207006861792246,0.7898091783481209,0.8361524949580379,0.7288545647452974,0.8032188468824397,0.7964673736256587,0.7411993011685114,0.06358515469632878,0.5717556476593018,0.1736517466701327,0.01471267229762617,24,11.5
student_kdA4_s1,test_w37-40,ge5,near,,95295,11717,0.8916417440579254,0.8207006861792246,0.8373979314706054,0.734659042417001,0.7679276691918833,0.863081539385321,0.7084577963642571,0.7917995740738559,0.06358515469632878,0.5717556476593018,0.1736517466701327,0.01471267229762617,24,11.5
student_kdA4_s1,test_w37-40,ge5,far,,95295,80509,0.8916417440579254,0.8207006861792246,0.7828832766435148,0.8509234992361102,0.723168000947453,0.7945066387062575,0.8092759815672782,0.7338351133431511,0.06358515469632878,0.5717556476593018,0.1736517466701327,0.01471267229762617,24,11.5
student_kdA4_s1,test_w41-44,all,all,,100000,100000,0.87043,0.801879483512246,0.7827525484499999,0.8382,0.7035433218,0.79075279045,0.79134,0.7112288851999999,0.08022546775192022,0.711793839931488,0.20778498535317486,0.020338717892301243,24,15.5
student_kdA4_s1,test_w41-44,all,near,,100000,11009,0.87043,0.801879483512246,0.8301577055136706,0.7435734399127987,0.74188590062676,0.8476065818875466,0.6968843673358162,0.7586425769824688,0.08022546775192022,0.711793839931488,0.20778498535317486,0.020338717892301243,24,15.5
student_kdA4_s1,test_w41-44,all,far,,100000,88991,0.87043,0.801879483512246,0.7768880972795003,0.849906170286883,0.6987999943814542,0.7837194568551875,0.8030250250025284,0.705363378206785,0.08022546775192022,0.711793839931488,0.20778498535317486,0.020338717892301243,24,15.5
student_kdA4_s1,test_w41-44,ge5,all,,95403,93678,0.882152552854732,0.8113405804147755,0.7843826528437617,0.8404427933986635,0.7161307939170615,0.7961224852707536,0.7935908110762399,0.727391223722973,0.07172789865657414,0.6540578603744507,0.18935163020238718,0.01751284547476791,24,15.5
student_kdA4_s1,test_w41-44,ge5,near,,95403,10688,0.882152552854732,0.8113405804147755,0.8294920685028484,0.7452282934131736,0.7527228951031619,0.8530202005190588,0.7019086826347305,0.7753970250044234,0.07172789865657414,0.6540578603744507,0.18935163020238718,0.01751284547476791,24,15.5
student_kdA4_s1,test_w41-44,ge5,far,,95403,82990,0.882152552854732,0.8113405804147755,0.7785731645371667,0.8527051451982166,0.711418221589347,0.7887948219309067,0.8053982407518978,0.7212087197574816,0.07172789865657414,0.6540578603744507,0.18935163020238718,0.01751284547476791,24,15.5
student_kdA4_s1,test_w45-48,all,all,,100000,100000,0.84173,0.7670234331166096,0.75795757705,0.85654,0.6657147774,0.7668903678,0.82016,0.6736074408,0.09947349217280746,0.9701340794563293,0.25372736681146174,0.02820399968877566,24,19.5
student_kdA4_s1,test_w45-48,all,near,,100000,10212,0.84173,0.7670234331166096,0.8157409038386213,0.7550920485703094,0.7100629210732471,0.8328285125342734,0.7334508421464944,0.7261522835879357,0.09947349217280746,0.9701340794563293,0.25372736681146174,0.02820399968877566,24,19.5
student_kdA4_s1,test_w45-48,all,far,,100000,89788,0.84173,0.7670234331166096,0.7513856149485454,0.8680781396177663,0.6606708601372122,0.75939092094712,0.8300218291976657,0.6676312754488349,0.09947349217280746,0.9701340794563293,0.25372736681146174,0.02820399968877566,24,19.5
student_kdA4_s1,test_w45-48,ge5,all,,95040,92738,0.8541456228956229,0.7771028539276404,0.7601992511074246,0.8591408052793893,0.6788363864750432,0.7723701720409178,0.8205913433543962,0.6902169140400098,0.08983571065059845,0.8687523007392883,0.23268637510735132,0.024037676258773833,24,19.5
student_kdA4_s1,test_w45-48,ge5,near,,95040,9889,0.8541456228956229,0.7771028539276404,0.814491762924523,0.7548791586611386,0.7208323065743558,0.8383334144100526,0.7378905854990393,0.7436368383926908,0.08983571065059845,0.8687523007392883,0.23268637510735132,0.024037676258773833,24,19.5
student_kdA4_s1,test_w45-48,ge5,far,,95040,82849,0.8541456228956229,0.7771028539276404,0.7537188029504246,0.8715856558316938,0.6738236807832171,0.7644966852904638,0.8304626489154968,0.6838406194326679,0.08983571065059845,0.8687523007392883,0.23268637510735132,0.024037676258773833,24,19.5
student_kdA4_s1,test_w49-51,all,all,,100000,100000,0.81816,0.7423070706037143,0.75239180995,0.87261,0.6511912089999999,0.7616331158,0.84637,0.6593229278999999,0.11848564618140461,1.1738002300262451,0.29152697500344577,0.03423442707346511,24,23.0
student_kdA4_s1,test_w49-51,all,near,,100000,12082,0.81816,0.7423070706037143,0.8117119090382388,0.7746234067207416,0.694339742592286,0.8313586161231583,0.7583181592451581,0.712016840754842,0.11848564618140461,1.1738002300262451,0.29152697500344577,0.03423442707346511,24,23.0
student_kdA4_s1,test_w49-51,all,far,,100000,87918,0.81816,0.7423070706037143,0.7442398338224254,0.8860756614117701,0.6452615861370823,0.7520511929297754,0.8584703928660797,0.6520815455310629,0.11848564618140461,1.1738002300262451,0.29152697500344577,0.03423442707346511,24,23.0
student_kdA4_s1,test_w49-51,ge5,all,,94427,93681,0.8307263812257087,0.7508093516465089,0.7513028846576261,0.8781396441113993,0.6621245802667026,0.7628898241304936,0.8498735069010792,0.6730640116819409,0.10852062720484466,1.0583698749542236,0.2691550123566608,0.0292471322046149,24,23.0
student_kdA4_s1,test_w49-51,ge5,near,,94427,11739,0.8307263812257087,0.7508093516465089,0.8092824972320416,0.7830309225658063,0.7047558483524399,0.8347052322265364,0.7630121816168328,0.728315688034787,0.10852062720484466,1.0583698749542236,0.2691550123566608,0.0292471322046149,24,23.0
student_kdA4_s1,test_w49-51,ge5,far,,94427,81942,0.8307263812257087,0.7508093516465089,0.742996733086868,0.8917649068853579,0.6560172304819956,0.7526015583371345,0.8623172487857265,0.6651486638907461,0.10852062720484466,1.0583698749542236,0.2691550123566608,0.0292471322046149,24,23.0
student_kdA4_s2,val,all,all,,200000,37194,0.94003,0.8996637767736714,0.7728764218691188,0.8673173092434263,0.7390060528579878,0.8113662158547077,0.7971447007581868,0.7751456023821046,0.028105494204089043,0.2425333857536316,0.09108560691203964,0.004526771612823903,24,1.0
student_kdA4_s2,val,all,near,,200000,10090,0.94003,0.8996637767736714,0.6870949318632309,0.92398414271556,0.6600428002973242,0.7192561402378592,0.9124876114965312,0.6909816189296333,0.028105494204089043,0.2425333857536316,0.09108560691203964,0.004526771612823903,24,1.0
student_kdA4_s2,val,all,far,,200000,27104,0.94003,0.8996637767736714,0.8048102779110095,0.8462219598583235,0.7684016851756199,0.8456560130423554,0.7542060212514758,0.806477309622196,0.028105494204089043,0.2425333857536316,0.09108560691203964,0.004526771612823903,24,1.0
student_kdA4_s2,val,ge5,all,,191393,35514,0.9462937516001108,0.9063708231453803,0.7832366794804347,0.8682491411837585,0.753895904976998,0.8260128328184311,0.7985301571211353,0.7949731722707792,0.025823269325728655,0.21509744226932526,0.08161969918465031,0.003717608651222191,24,1.0
student_kdA4_s2,val,ge5,near,,191393,9767,0.9462937516001108,0.9063708231453803,0.6926410501444136,0.9266919217774138,0.6697170519740714,0.7247197009341871,0.9153271219412307,0.7016935597793201,0.025823269325728655,0.21509744226932526,0.08161969918465031,0.003717608651222191,24,1.0
student_kdA4_s2,val,ge5,far,,191393,25747,0.9462937516001108,0.9063708231453803,0.8176036935684805,0.8460791548529926,0.7858287459790406,0.8644378927909874,0.7542237930632695,0.8303583423956123,0.025823269325728655,0.21509744226932526,0.08161969918465031,0.003717608651222191,24,1.0
student_kdA4_s2,test_w29-32,all,all,,100000,100000,0.92078,0.8602148659533794,0.82903545995,0.75623,0.7779478471000001,0.8430253462999999,0.67426,0.7909906291,0.04160320516750221,0.3391498029232025,0.12043159111709947,0.007601702658412432,24,3.5
student_kdA4_s2,test_w29-32,all,near,,100000,16111,0.92078,0.8602148659533794,0.8641802054496928,0.6588045434796101,0.8081561392837192,0.8870044935137484,0.5936316802184842,0.8295895518589783,0.04160320516750221,0.3391498029232025,0.12043159111709947,0.007601702658412432,24,3.5
student_kdA4_s2,test_w29-32,all,far,,100000,83889,0.92078,0.8602148659533794,0.8222858623299838,0.7749406954427875,0.7721463022565531,0.8345790894515371,0.689744781794991,0.7835776518971497,0.04160320516750221,0.3391498029232025,0.12043159111709947,0.007601702658412432,24,3.5
student_kdA4_s2,test_w29-32,ge5,all,,95313,94723,0.9275964453956963,0.8666817951205692,0.8325242199280043,0.7671948734731797,0.7872764334904734,0.848369627520106,0.6760765600751666,0.8024186816189449,0.03893026221059017,0.31063568592071533,0.11029986638154969,0.006523555508353909,24,3.5
student_kdA4_s2,test_w29-32,ge5,near,,95313,15529,0.9275964453956963,0.8666817951205692,0.8679788882459685,0.6590250499066264,0.8178450276521885,0.8948969189181096,0.5925043467061627,0.8434992310063365,0.03893026221059017,0.31063568592071533,0.11029986638154969,0.006523555508353909,24,3.5
student_kdA4_s2,test_w29-32,ge5,far,,95313,79194,0.9275964453956963,0.8666817951205692,0.8255719818252482,0.7884056872995429,0.7812822963243085,0.8392461799341828,0.6924640755612799,0.7943632752568872,0.03893026221059017,0.31063568592071533,0.11029986638154969,0.006523555508353909,24,3.5
student_kdA4_s2,test_w33-36,all,all,,100000,100000,0.89384,0.8292115488890106,0.8100866783999999,0.79014,0.7414195115,0.82224447835,0.72266,0.7528595866000001,0.062459167395532124,0.5207604169845581,0.1666252486855548,0.013259754629705722,24,7.5
student_kdA4_s2,test_w33-36,all,near,,100000,15732,0.89384,0.8292115488890106,0.8638157573735062,0.662789219425375,0.7860751671751843,0.8831277752351894,0.6123824052885838,0.8041553737604883,0.062459167395532124,0.5207604169845581,0.1666252486855548,0.013259754629705722,24,7.5
student_kdA4_s2,test_w33-36,all,far,,100000,84268,0.89384,0.8292115488890106,0.8000559921322448,0.813915127925191,0.7330827433901361,0.810878170539232,0.7432477334219395,0.7432831717852566,0.062459167395532124,0.5207604169845581,0.1666252486855548,0.013259754629705722,24,7.5
student_kdA4_s2,test_w33-36,ge5,all,,95121,93782,0.9024926146697364,0.8365606630938294,0.8150196510695118,0.7940649591606065,0.7536603127358827,0.8301270103425349,0.7238915783412595,0.7682842422718468,0.057703147544140826,0.4762662947177887,0.15214566104752442,0.01140433912634377,24,7.5
student_kdA4_s2,test_w33-36,ge5,near,,95121,15221,0.9024926146697364,0.8365606630938294,0.8664820093137835,0.6651993955719072,0.7966217207634738,0.8900075340055209,0.614545693449839,0.8189299714697598,0.057703147544140826,0.4762662947177887,0.15214566104752442,0.01140433912634377,24,7.5
student_kdA4_s2,test_w33-36,ge5,far,,95121,78561,0.9024926146697364,0.8365606630938294,0.8050489460780268,0.8190323442929698,0.7453366458835263,0.8185253065623602,0.7450770738661677,0.7584717571440934,0.057703147544140826,0.4762662947177887,0.15214566104752442,0.01140433912634377,24,7.5
student_kdA4_s2,test_w37-40,all,all,,100000,100000,0.87539,0.8180068875511166,0.78688882625,0.82735,0.7088301035999999,0.7932473654000001,0.7788,0.7146986736000001,0.07621108101882039,0.6432497501373291,0.19712123388418915,0.017535982253202975,24,11.5
student_kdA4_s2,test_w37-40,all,near,,100000,12184,0.87539,0.8180068875511166,0.844178195584373,0.7112606697307945,0.7556208617859488,0.8616148547275115,0.6854070912672358,0.7714559496060407,0.07621108101882039,0.6432497501373291,0.19712123388418915,0.017535982253202975,24,11.5
student_kdA4_s2,test_w37-40,all,far,,100000,87816,0.87539,0.8180068875511166,0.7789402328732806,0.8434567732531657,0.7023381363305091,0.7837617421654368,0.7917577662384987,0.70682390532477,0.07621108101882039,0.6432497501373291,0.19712123388418915,0.017535982253202975,24,11.5
student_kdA4_s2,test_w37-40,ge5,all,,95295,92226,0.8852615562201585,0.8253457425093401,0.7968948673361538,0.8277709105892048,0.7266404813592944,0.8064795156470353,0.7790644720577711,0.7358134915890585,0.07009900055950413,0.5924526453018188,0.18053673304953877,0.01523370176344564,24,11.5
student_kdA4_s2,test_w37-40,ge5,near,,95295,11717,0.8852615562201585,0.8253457425093401,0.8474143915448173,0.7082017581292139,0.7678148586837271,0.8700574051452494,0.6883161218741999,0.7887080855721096,0.07009900055950413,0.5924526453018188,0.18053673304953877,0.01523370176344564,24,11.5
student_kdA4_s2,test_w37-40,ge5,far,,95295,80509,0.8852615562201585,0.8253457425093401,0.7895424313954154,0.8451725893999429,0.7206481056111124,0.7972266106146717,0.792271671490144,0.7281153962494143,0.07009900055950413,0.5924526453018188,0.18053673304953877,0.01523370176344564,24,11.5
student_kdA4_s2,test_w41-44,all,all,,100000,100000,0.8682,0.803722988919326,0.7874254595,0.8268,0.7041291908999999,0.7937796204999998,0.77726,0.7105798069000001,0.08241604957431552,0.7185172438621521,0.2091287838400466,0.019781948584840094,24,15.5
student_kdA4_s2,test_w41-44,all,near,,100000,11009,0.8682,0.803722988919326,0.8373121082750477,0.7143246434735216,0.7441052111908438,0.8547478803706059,0.6868017076937052,0.7608786247615588,0.08241604957431552,0.7185172438621521,0.2091287838400466,0.019781948584840094,24,15.5
student_kdA4_s2,test_w41-44,all,far,,100000,88991,0.8682,0.803722988919326,0.7812540251261363,0.8407142295288288,0.699183791844119,0.7862372895573709,0.7884505174680586,0.7043573834432697,0.08241604957431552,0.7185172438621521,0.2091287838400466,0.019781948584840094,24,15.5
student_kdA4_s2,test_w41-44,ge5,all,,95403,93678,0.878169449598021,0.8117962004911138,0.7918340950081045,0.8276970046328914,0.7171096611202012,0.8010431171613439,0.7781869809346912,0.7264150414884367,0.07652766562902788,0.6713112592697144,0.19298263207257652,0.01740539702920352,24,15.5
student_kdA4_s2,test_w41-44,ge5,near,,95403,10688,0.878169449598021,0.8117962004911138,0.8391750394567928,0.7134169161676647,0.7551864193219799,0.8597480785653623,0.6920845808383234,0.7752988282656096,0.07652766562902788,0.6713112592697144,0.19298263207257652,0.01740539702920352,24,15.5
student_kdA4_s2,test_w41-44,ge5,far,,95403,82990,0.878169449598021,0.8117962004911138,0.78573721569412,0.8424147487649114,0.7122058848620904,0.7934827047323025,0.7892758163634173,0.7201194647554037,0.07652766562902788,0.6713112592697144,0.19298263207257652,0.01740539702920352,24,15.5
student_kdA4_s2,test_w45-48,all,all,,100000,100000,0.84093,0.7755149894988336,0.76506444815,0.84401,0.6679056499000001,0.7698381535000001,0.8086,0.672821264,0.10227030060082672,1.0240918397903442,0.25472312929216306,0.027688667310569064,24,19.5
student_kdA4_s2,test_w45-48,all,near,,100000,10212,0.84093,0.7755149894988336,0.8263843174696435,0.7216999608303956,0.7146484596553074,0.8396372943595769,0.7198394046220133,0.728091831179005,0.10227030060082672,1.0240918397903442,0.25472312929216306,0.027688667310569064,24,19.5
student_kdA4_s2,test_w45-48,all,far,,100000,89788,0.84093,0.7755149894988336,0.758090258887602,0.8579208802958079,0.6625893763086382,0.7618995778945961,0.8186951485721923,0.6665350895442599,0.10227030060082672,1.0240918397903442,0.25472312929216306,0.027688667310569064,24,19.5
student_kdA4_s2,test_w45-48,ge5,all,,95040,92738,0.8527672558922559,0.7852558331789028,0.7709687567439547,0.8438719834372103,0.6828984231344913,0.777440012862891,0.8077810606223986,0.6903914760442019,0.09336094492936653,0.9247947335243225,0.23475330152563675,0.023911088053605107,24,19.5
student_kdA4_s2,test_w45-48,ge5,near,,95040,9889,0.8527672558922559,0.7852558331789028,0.8288414138945664,0.7242390534937809,0.7274760085262917,0.8445885365009519,0.7246435433309738,0.7442246435433311,0.09336094492936653,0.9247947335243225,0.23475330152563675,0.023911088053605107,24,19.5
student_kdA4_s2,test_w45-48,ge5,far,,95040,82849,0.8527672558922559,0.7852558331789028,0.7640609762449455,0.8581515769653224,0.6775775654060998,0.7694250488891945,0.8177044985455467,0.6839658560198336,0.09336094492936653,0.9247947335243225,0.23475330152563675,0.023911088053605107,24,19.5
student_kdA4_s2,test_w49-51,all,all,,100000,100000,0.82257,0.7512694063142585,0.7590925237999999,0.86164,0.6575894363,0.76460010775,0.84043,0.6622716564,0.11530028954505916,1.2070093154907227,0.28405034216973507,0.03368472235003586,24,23.0
student_kdA4_s2,test_w49-51,all,near,,100000,12082,0.82257,0.7512694063142585,0.8201001688462176,0.752772719748386,0.7019297119682172,0.837665878993544,0.7576560172156928,0.7180576353252772,0.11530028954505916,1.2070093154907227,0.28405034216973507,0.03368472235003586,24,23.0
student_kdA4_s2,test_w49-51,all,far,,100000,87918,0.82257,0.7512694063142585,0.7507086391865148,0.8766009235878888,0.651496040060056,0.7545591531313269,0.851805091107623,0.654605351463864,0.11530028954505916,1.2070093154907227,0.28405034216973507,0.03368472235003586,24,23.0
student_kdA4_s2,test_w49-51,ge5,all,,94427,93681,0.8353754752348375,0.7602091408677395,0.7617835250083078,0.8622986518077305,0.6711275430600812,0.7677988095478401,0.843009788537697,0.6776019441214229,0.10500628147667392,1.0945626497268677,0.26199840816296494,0.02917849280101978,24,23.0
student_kdA4_s2,test_w49-51,ge5,near,,94427,11739,0.8353754752348375,0.7602091408677395,0.8207863594091568,0.7545787545787546,0.7145593082124341,0.840556569162597,0.7653973933043701,0.7339655068635325,0.10500628147667392,1.0945626497268677,0.26199840816296494,0.02917849280101978,24,23.0
student_kdA4_s2,test_w49-51,ge5,far,,94427,81942,0.8353754752348375,0.7602091408677395,0.7533307868150545,0.8777305899294623,0.6649055141722889,0.7573755426014923,0.8541285299358082,0.6695273076342783,0.10500628147667392,1.0945626497268677,0.26199840816296494,0.02917849280101978,24,23.0
student_kdB4_s0,val,all,all,,200000,37194,0.94145,0.9045102236554132,0.7496285952035274,0.8915954186159057,0.7171875323976985,0.7922574822552025,0.8461848685271818,0.7575853675323977,0.03139924506239591,0.26373088359832764,0.09042994280264859,0.004241149878305855,24,1.0
student_kdB4_s0,val,all,near,,200000,10090,0.94145,0.9045102236554132,0.6578372031714568,0.9426164519326066,0.6320801015857285,0.6918025156095144,0.9293359762140734,0.6648063612487611,0.03139924506239591,0.26373088359832764,0.09042994280264859,0.004241149878305855,24,1.0
student_kdB4_s0,val,all,far,,200000,27104,0.94145,0.9045102236554132,0.7837997561245573,0.8726018299881936,0.7488704565746753,0.8296538301542208,0.8152302243211335,0.7921241873893152,0.03139924506239591,0.26373088359832764,0.09042994280264859,0.004241149878305855,24,1.0
student_kdB4_s0,val,ge5,all,,191393,35514,0.9475842899165591,0.9109198748419203,0.7598434497555385,0.8916765219350116,0.7319707408222762,0.8060612862820913,0.8473278143830602,0.7765370509185311,0.028462671191411944,0.2352355271577835,0.0810672640972759,0.0034766523433496076,24,1.0
student_kdB4_s0,val,ge5,near,,191393,9767,0.9475842899165591,0.9109198748419203,0.6630048505189865,0.9436879287396335,0.6413553411110625,0.6959798048678831,0.9307873451418041,0.6741256925333482,0.028462671191411944,0.2352355271577835,0.0810672640972759,0.0034766523433496076,24,1.0
student_kdB4_s0,val,ge5,far,,191393,25747,0.9475842899165591,0.9109198748419203,0.7965787042995012,0.8719462461646017,0.7663452547065899,0.847820164169712,0.8156678447974521,0.8153863047091894,0.028462671191411944,0.2352355271577835,0.0810672640972759,0.0034766523433496076,24,1.0
student_kdB4_s0,test_w29-32,all,all,,100000,100000,0.92172,0.8624294920417742,0.8061335657,0.80865,0.7579222468999999,0.8279986513500001,0.74348,0.7784967685,0.046539399738460815,0.3887593746185303,0.1223492938364277,0.007620779344165876,24,3.5
student_kdB4_s0,test_w29-32,all,near,,100000,16111,0.92172,0.8624294920417742,0.8423565039414065,0.7322947054807275,0.7898326435354728,0.8741321088076469,0.6858667990813729,0.8196258487989572,0.046539399738460815,0.3887593746185303,0.1223492938364277,0.007620779344165876,24,3.5
student_kdB4_s0,test_w29-32,all,far,,100000,83889,0.92172,0.8624294920417742,0.799176899653113,0.8233141413057731,0.7517938105115092,0.8191386562004555,0.7545446959672901,0.7705978709961973,0.046539399738460815,0.3887593746185303,0.1223492938364277,0.007620779344165876,24,3.5
student_kdB4_s0,test_w29-32,ge5,all,,95313,94723,0.9285511944855371,0.8686556314631936,0.8087305759202233,0.8126959661328295,0.7664552347404426,0.8322247255019068,0.7455528224401676,0.7889807539326201,0.04318486167806018,0.3621661067008972,0.11263001836642235,0.006578274995889321,24,3.5
student_kdB4_s0,test_w29-32,ge5,near,,95313,15529,0.9285511944855371,0.8686556314631936,0.8446561403224797,0.730053448386889,0.798229706760258,0.8800283074110232,0.6852340781763153,0.8318556497429525,0.04318486167806018,0.3621661067008972,0.11263001836642235,0.006578274995889321,24,3.5
student_kdB4_s0,test_w29-32,ge5,far,,95313,79194,0.9285511944855371,0.8686556314631936,0.8016860007048959,0.8289011793822765,0.7602246392913466,0.8228510125505889,0.7573806096421446,0.7805734976122088,0.04318486167806018,0.3621661067008972,0.11263001836642235,0.006578274995889321,24,3.5
student_kdB4_s0,test_w33-36,all,all,,100000,100000,0.89441,0.8278608359617938,0.7866939172,0.82421,0.7221264391,0.8078589265999999,0.77316,0.7415853735,0.06872927429065111,0.5902049541473389,0.17184357495497948,0.013700023621916989,24,7.5
student_kdB4_s0,test_w33-36,all,near,,100000,15732,0.89441,0.8278608359617938,0.8424918993135011,0.7229214340198322,0.7694457659547419,0.8711336718154081,0.6875158911772185,0.7956046955250446,0.06872927429065111,0.5902049541473389,0.17184357495497948,0.013700023621916989,24,7.5
student_kdB4_s0,test_w33-36,all,far,,100000,84268,0.89441,0.8278608359617938,0.7762769872312147,0.8431195708928656,0.7132923899938292,0.7960461590995396,0.7891489058717426,0.7315005017325678,0.06872927429065111,0.5902049541473389,0.17184357495497948,0.013700023621916989,24,7.5
student_kdB4_s0,test_w33-36,ge5,all,,95121,93782,0.9027238990338622,0.8342291655919883,0.7915668657569419,0.8264698982747223,0.7340936813585992,0.8147788533159182,0.7689748565822866,0.7558928760171084,0.06372275858024994,0.5426902174949646,0.1580417198499539,0.011931261781652398,24,7.5
student_kdB4_s0,test_w33-36,ge5,near,,95121,15221,0.9027238990338622,0.8342291655919883,0.843660024580078,0.7226200643847316,0.7785700570227483,0.876083167446018,0.6877340516391827,0.8085148690117403,0.06372275858024994,0.5426902174949646,0.1580417198499539,0.011931261781652398,24,7.5
student_kdB4_s0,test_w33-36,ge5,far,,95121,78561,0.9027238990338622,0.8342291655919883,0.7814739447090052,0.8465905474726646,0.7254764932629283,0.8029012936441442,0.7847150621809804,0.7456974946526744,0.06372275858024994,0.5426902174949646,0.1580417198499539,0.011931261781652398,24,7.5
student_kdB4_s0,test_w37-40,all,all,,100000,100000,0.87432,0.8100054679759244,0.76245471435,0.84954,0.6875841771,0.7777213588,0.81657,0.7011978066000001,0.08434139005646107,0.732316255569458,0.20516299253078724,0.01796374187912656,24,11.5
student_kdB4_s0,test_w37-40,all,near,,100000,12184,0.87432,0.8100054679759244,0.8203873990479318,0.7517235718975706,0.7356222964543664,0.8468791406762968,0.721930400525279,0.7592352979317137,0.08434139005646107,0.732316255569458,0.20516299253078724,0.01796374187912656,24,11.5
student_kdB4_s0,test_w37-40,all,far,,100000,87816,0.87432,0.8100054679759244,0.7544168644096748,0.8631115058759223,0.6809191451443929,0.7681260867040175,0.8297007379065319,0.6931454153001732,0.08434139005646107,0.732316255569458,0.20516299253078724,0.01796374187912656,24,11.5
student_kdB4_s0,test_w37-40,ge5,all,,95295,92226,0.8837504591006874,0.8163009362423237,0.772836902133982,0.8487953505519051,0.7052317961766592,0.7898779815391705,0.810736668618394,0.7209029228060109,0.07828867977523277,0.6745356321334839,0.18942211962958042,0.015770200804250113,24,11.5
student_kdB4_s0,test_w37-40,ge5,near,,95295,11717,0.8837504591006874,0.8163009362423237,0.821559520977033,0.7501920286762823,0.7456544053069454,0.8525893901207036,0.726124434582231,0.7737337451242431,0.07828867977523277,0.6745356321334839,0.18942211962958042,0.015770200804250113,24,11.5
student_kdB4_s0,test_w37-40,ge5,far,,95295,80509,0.8837504591006874,0.8163009362423237,0.7657459815538724,0.863145735259412,0.699348830158207,0.7807511811274177,0.8230508390366295,0.7132141085727859,0.07828867977523277,0.6745356321334839,0.18942211962958042,0.015770200804250113,24,11.5
student_kdB4_s0,test_w41-44,all,all,,100000,100000,0.86766,0.7980068766297729,0.7611004154000001,0.8488,0.6818896011999999,0.77678752665,0.80995,0.6960574089000001,0.08947142320200804,0.8090935349464417,0.2154995020003087,0.020200050844278464,24,15.5
student_kdB4_s0,test_w41-44,all,near,,100000,11009,0.86766,0.7980068766297729,0.814554400036334,0.7472068307748206,0.7254352202743211,0.8414333876828051,0.719502225451903,0.7498330656735399,0.08947142320200804,0.8090935349464417,0.2154995020003087,0.020200050844278464,24,15.5
student_kdB4_s0,test_w41-44,all,far,,100000,88991,0.86766,0.7980068766297729,0.7544876689777618,0.8613680035059725,0.6765026101515882,0.7687902428335449,0.8211392163252463,0.689404868694587,0.08947142320200804,0.8090935349464417,0.2154995020003087,0.020200050844278464,24,15.5
student_kdB4_s0,test_w41-44,ge5,all,,95403,93678,0.8774357200507321,0.8053729945237075,0.7659200426012989,0.8481500459019193,0.6948402959918787,0.7831209360700523,0.8069664168748265,0.7108820038904534,0.08336117614373062,0.7505161762237549,0.19984326630251256,0.017867532145993813,24,15.5
student_kdB4_s0,test_w41-44,ge5,near,,95403,10688,0.8774357200507321,0.8053729945237075,0.8144815969104212,0.7467252994011976,0.7346404699327487,0.8450510459851343,0.719311377245509,0.7628830545647487,0.08336117614373062,0.7505161762237549,0.19984326630251256,0.017867532145993813,24,15.5
student_kdB4_s0,test_w41-44,ge5,far,,95403,82990,0.8774357200507321,0.8053729945237075,0.7596659650924918,0.86121219424027,0.6897145668789735,0.7751451677272111,0.8182552114712616,0.7041849653363279,0.08336117614373062,0.7505161762237549,0.19984326630251256,0.017867532145993813,24,15.5
student_kdB4_s0,test_w45-48,all,all,,100000,100000,0.83653,0.7571413530819734,0.73325199395,0.87493,0.6391498532000001,0.7504116714,0.84408,0.6542927524000001,0.1141841147983074,1.1344307661056519,0.26849742643377894,0.028723853566539455,24,19.5
student_kdB4_s0,test_w45-48,all,near,,100000,10212,0.83653,0.7571413530819734,0.7989550656090874,0.7617508813160987,0.6902399892283588,0.8241972488249119,0.7626321974148061,0.7130930669800235,0.1141841147983074,1.1344307661056519,0.26849742643377894,0.028723853566539455,24,19.5
student_kdB4_s0,test_w45-48,all,far,,100000,89788,0.83653,0.7571413530819734,0.7257792830333676,0.8878023789370517,0.6333391383035595,0.7420197001269658,0.853343431193478,0.6476051236245379,0.1141841147983074,1.1344307661056519,0.26849742643377894,0.028723853566539455,24,19.5
student_kdB4_s0,test_w45-48,ge5,all,,95040,92738,0.8477377946127946,0.7660460524789982,0.7389225905660477,0.8727274687830231,0.6532459465428219,0.7568151083493029,0.8403027885009381,0.6702349024274099,0.1058577526721363,1.0103919506072998,0.24937463585579384,0.025072759897611915,24,19.5
student_kdB4_s0,test_w45-48,ge5,near,,95040,9889,0.8477377946127946,0.7660460524789982,0.7981899276625425,0.7621599757306098,0.6999498111699801,0.8274568235613969,0.7640813024572758,0.7272325506727366,0.1058577526721363,1.0103919506072998,0.24937463585579384,0.025072759897611915,24,19.5
student_kdB4_s0,test_w45-48,ge5,far,,95040,82849,0.8477377946127946,0.7660460524789982,0.7318483386553762,0.8859249960772007,0.6476712924456333,0.7483831909847916,0.8494007169670122,0.6634315645054306,0.1058577526721363,1.0103919506072998,0.24937463585579384,0.025072759897611915,24,19.5
student_kdB4_s0,test_w49-51,all,all,,100000,100000,0.81842,0.7333919768158768,0.7265445944500001,0.8855,0.6276517441999999,0.7435328559,0.86772,0.6425167420000001,0.1263953526753187,1.332863450050354,0.298703102848374,0.034621191217133085,24,23.0
student_kdB4_s0,test_w49-51,all,near,,100000,12082,0.81842,0.7333919768158768,0.7915012642774375,0.782320807813276,0.6762462208243669,0.8153748431551068,0.8002814103625228,0.6981874077139545,0.1263953526753187,1.332863450050354,0.298703102848374,0.034621191217133085,24,23.0
student_kdB4_s0,test_w49-51,all,far,,100000,87918,0.81842,0.7333919768158768,0.7176180209968379,0.8996792465706681,0.6209737207397802,0.7336600779703815,0.8769876475807002,0.6348662838099138,0.1263953526753187,1.332863450050354,0.298703102848374,0.034621191217133085,24,23.0
student_kdB4_s0,test_w49-51,ge5,all,,94427,93681,0.8307475616084382,0.742558748359917,0.7284009038814074,0.8845763815501543,0.6397345057100791,0.7457366774310505,0.8651060513871542,0.6564459735120298,0.11694341888953745,1.1889985799789429,0.2776060442846352,0.030290539512066485,24,23.0
student_kdB4_s0,test_w49-51,ge5,near,,94427,11739,0.8307475616084382,0.742558748359917,0.7894248956208718,0.7844790868046682,0.6862303108538357,0.8161812639960027,0.800494079563847,0.7119297516981368,0.11694341888953745,1.1889985799789429,0.2776060442846352,0.030290539512066485,24,23.0
student_kdB4_s0,test_w49-51,ge5,far,,94427,81942,0.8307475616084382,0.742558748359917,0.7196586149571736,0.8989163066559274,0.6330735228614475,0.7356447953475529,0.8743623538600473,0.6484973748431334,0.11694341888953745,1.1889985799789429,0.2776060442846352,0.030290539512066485,24,23.0
student_kdB4_s1,val,all,all,,200000,37194,0.940285,0.9045999391820303,0.7437999118809485,0.8981287304403937,0.7101254879819326,0.788342693243534,0.8546270903909232,0.7524247374576544,0.031669266324639345,0.26598110795021057,0.09229603096477887,0.0045209644231672666,24,1.0
student_kdB4_s1,val,all,near,,200000,10090,0.940285,0.9045999391820303,0.6528013208622399,0.9444995044598612,0.6259657294350842,0.6914534202180377,0.93201189296333,0.6630484142715561,0.031669266324639345,0.26598110795021057,0.09229603096477887,0.0045209644231672666,24,1.0
student_kdB4_s1,val,all,far,,200000,27104,0.940285,0.9045999391820303,0.7776759369465762,0.880866292798111,0.7414556224173554,0.8244116411784238,0.82581906729634,0.7856968412411454,0.031669266324639345,0.26598110795021057,0.09229603096477887,0.0045209644231672666,24,1.0
student_kdB4_s1,val,ge5,all,,191393,35514,0.9474223195205677,0.9118487100387167,0.7541628748940802,0.8992509996057892,0.7258980386795846,0.8019114627768947,0.8554654502449738,0.7721308630738084,0.028210936747485343,0.2347729653120041,0.08202287137342507,0.0036869953574071614,24,1.0
student_kdB4_s1,val,ge5,near,,191393,9767,0.9474223195205677,0.9118487100387167,0.657633003479941,0.9450189413330603,0.6356991406107897,0.6955598144333252,0.9330398279922187,0.6732813833880624,0.028210936747485343,0.2347729653120041,0.08202287137342507,0.0036869953574071614,24,1.0
student_kdB4_s1,val,ge5,far,,191393,25747,0.9474223195205677,0.9118487100387167,0.790781015030869,0.8818891521342292,0.7601145546790379,0.8422554465175885,0.8260379850079621,0.8096289353964354,0.028210936747485343,0.2347729653120041,0.08202287137342507,0.0036869953574071614,24,1.0
student_kdB4_s1,test_w29-32,all,all,,100000,100000,0.92299,0.8720716542271373,0.7984476213,0.79271,0.7496571327999999,0.8184941289500001,0.73713,0.7690038644,0.04509902475543322,0.37417954206466675,0.12104659749772974,0.007514571762992216,24,3.5
student_kdB4_s1,test_w29-32,all,near,,100000,16111,0.92299,0.8720716542271373,0.8445932648501024,0.7177704673825337,0.7906287648190677,0.871408568369437,0.6649494134442306,0.8160809757308671,0.04509902475543322,0.37417954206466675,0.12104659749772974,0.007514571762992216,24,3.5
student_kdB4_s1,test_w29-32,all,far,,100000,83889,0.92299,0.8720716542271373,0.7895852857943235,0.8071022422486858,0.7417884734589756,0.808331836712799,0.750992382791546,0.7599626392018024,0.04509902475543322,0.37417954206466675,0.12104659749772974,0.007514571762992216,24,3.5
student_kdB4_s1,test_w29-32,ge5,all,,95313,94723,0.9305865936440989,0.8789247027553072,0.8007739334125795,0.796364135426454,0.7587900655770861,0.8231796312086949,0.7407704570167752,0.7806559080822433,0.041194458989913633,0.34099507331848145,0.10982222357609074,0.00638860167224486,24,3.5
student_kdB4_s1,test_w29-32,ge5,near,,95313,15529,0.9305865936440989,0.8789247027553072,0.8474369221505734,0.7169811320754716,0.8004711486122005,0.8802001186560041,0.6664305492948677,0.8317337592616931,0.041194458989913633,0.34099507331848145,0.10982222357609074,0.00638860167224486,24,3.5
student_kdB4_s1,test_w29-32,ge5,far,,95313,79194,0.9305865936440989,0.8789247027553072,0.7916238771947813,0.8119301967320757,0.750616901720578,0.8119985928778963,0.755347627345506,0.7706401499318066,0.041194458989913633,0.34099507331848145,0.10982222357609074,0.00638860167224486,24,3.5
student_kdB4_s1,test_w33-36,all,all,,100000,100000,0.89702,0.8366406998806435,0.7823025274500001,0.80366,0.7168567725,0.8016356093000001,0.75708,0.7352832451,0.0667734362886846,0.5574420094490051,0.16808384388227612,0.013436873316439387,24,7.5
student_kdB4_s1,test_w33-36,all,near,,100000,15732,0.89702,0.8366406998806435,0.8431761565598779,0.7030892448512586,0.7690666475972541,0.8696452834986015,0.6478515128400711,0.7935609998728705,0.0667734362886846,0.5574420094490051,0.16808384388227612,0.013436873316439387,24,7.5
student_kdB4_s1,test_w33-36,all,far,,100000,84268,0.89702,0.8366406998806435,0.7709380245170171,0.8224355627284379,0.7071097065315424,0.7889388775098496,0.7774718754450087,0.7244033661650924,0.0667734362886846,0.5574420094490051,0.16808384388227612,0.013436873316439387,24,7.5
student_kdB4_s1,test_w33-36,ge5,all,,95121,93782,0.9062562420496,0.8437867301248559,0.7865646078028748,0.8060395385041905,0.7291753194814395,0.8088347780999012,0.7595700667505492,0.750768468106259,0.060658890380636876,0.5090128779411316,0.15248470570913134,0.011395270498348717,24,7.5
student_kdB4_s1,test_w33-36,ge5,near,,95121,15221,0.9062562420496,0.8437867301248559,0.8450282631002801,0.70455292030747,0.7796371428040726,0.8774114335726753,0.6531108337165757,0.8098281558942702,0.060658890380636876,0.5090128779411316,0.15248470570913134,0.011395270498348717,24,7.5
student_kdB4_s1,test_w33-36,ge5,far,,95121,78561,0.9062562420496,0.8437867301248559,0.775237418774199,0.8257023204898105,0.7193984656634663,0.7955482202282971,0.7801962805972429,0.7393257992524851,0.060658890380636876,0.5090128779411316,0.15248470570913134,0.011395270498348717,24,7.5
student_kdB4_s1,test_w37-40,all,all,,100000,100000,0.87723,0.8156477851682533,0.75784485275,0.83884,0.6815682341,0.77058187405,0.80352,0.6943007931999999,0.08220164946049453,0.6868206262588501,0.20115139435441767,0.017501392131126666,24,11.5
student_kdB4_s1,test_w37-40,all,near,,100000,12184,0.87723,0.8156477851682533,0.8243239609323704,0.7308765594221931,0.7373073276428103,0.8462668171372292,0.7015758371634931,0.7579663419238345,0.08220164946049453,0.6868206262588501,0.20115139435441767,0.017501392131126666,24,11.5
student_kdB4_s1,test_w37-40,all,far,,100000,87816,0.87723,0.8156477851682533,0.7486212322925206,0.8538193495490571,0.673834733192129,0.7600809932700192,0.8176642069782272,0.6854675390589414,0.08220164946049453,0.6868206262588501,0.20115139435441767,0.017501392131126666,24,11.5
student_kdB4_s1,test_w37-40,ge5,all,,95295,92226,0.8874232645994019,0.82242717916221,0.7673697997698667,0.8402728081018368,0.6992800152699213,0.7829247271648689,0.8038514084965194,0.7149982471706973,0.07482465888171794,0.6279772520065308,0.18334639940844222,0.014920299557844538,24,11.5
student_kdB4_s1,test_w37-40,ge5,near,,95295,11717,0.8874232645994019,0.82242717916221,0.8273123759565011,0.7297089698728343,0.7495929770338087,0.8557971241994293,0.7017154561747888,0.7765856179843528,0.07482465888171794,0.6279772520065308,0.18334639940844222,0.014920299557844538,24,11.5
student_kdB4_s1,test_w37-40,ge5,far,,95295,80509,0.8874232645994019,0.82242717916221,0.7586459656000374,0.8563638847830677,0.6919576417093568,0.7723191318146108,0.8187159199592592,0.7060350353083762,0.07482465888171794,0.6279772520065308,0.18334639940844222,0.014920299557844538,24,11.5
student_kdB4_s1,test_w41-44,all,all,,100000,100000,0.87138,0.8088643198042608,0.75724410105,0.83902,0.6767925055999999,0.7701184829500001,0.7973,0.6896583857,0.08675922302931546,0.7540075182914734,0.21092467511479776,0.01953778850026502,24,15.5
student_kdB4_s1,test_w41-44,all,near,,100000,11009,0.87138,0.8088643198042608,0.8223297724588973,0.7238622944863293,0.7305468925424652,0.8435299100735761,0.6865292033790535,0.7507297483876828,0.08675922302931546,0.7540075182914734,0.21092467511479776,0.01953778850026502,24,15.5
student_kdB4_s1,test_w41-44,all,far,,100000,88991,0.87138,0.8088643198042608,0.7491924086705397,0.8532660606128709,0.6701425966670785,0.7610368184984998,0.811003359890326,0.6821032999966289,0.08675922302931546,0.7540075182914734,0.21092467511479776,0.01953778850026502,24,15.5
student_kdB4_s1,test_w41-44,ge5,all,,95403,93678,0.8816494240223054,0.8164816039567203,0.7603136730750322,0.8414782553000705,0.689001119681364,0.7761530710621762,0.7973376886782382,0.7047555482475535,0.07973380671645025,0.6989558339118958,0.1937442039352421,0.016924178445148253,24,15.5
student_kdB4_s1,test_w41-44,ge5,near,,95403,10688,0.8816494240223054,0.8164816039567203,0.8240985311263263,0.7264221556886228,0.7419229337934301,0.8499384388395939,0.6896519461077845,0.7666548173110714,0.07973380671645025,0.6989558339118958,0.1937442039352421,0.016924178445148253,24,15.5
student_kdB4_s1,test_w41-44,ge5,far,,95403,82990,0.8816494240223054,0.8164816039567203,0.7520990380243967,0.8562959392697915,0.6821854991339514,0.7666505043576933,0.8112061694180022,0.6967837517931509,0.07973380671645025,0.6989558339118958,0.1937442039352421,0.016924178445148253,24,15.5
student_kdB4_s1,test_w45-48,all,all,,100000,100000,0.84005,0.7711202593628189,0.729858927,0.8587,0.6352387093,0.74330111145,0.81912,0.6486261175999999,0.11174613379865882,1.0704654455184937,0.2648482107454828,0.028240399837146102,24,19.5
student_kdB4_s1,test_w45-48,all,near,,100000,10212,0.84005,0.7711202593628189,0.8115219109870739,0.7390325107716412,0.6990063562475519,0.8297144452604779,0.7062279670975323,0.7169818830787309,0.11174613379865882,1.0704654455184937,0.2648482107454828,0.028240399837146102,24,19.5
student_kdB4_s1,test_w45-48,all,far,,100000,89788,0.84005,0.7711202593628189,0.7205710222412794,0.8723103310019156,0.6279861230899452,0.7334729276740767,0.8319597273577761,0.640851703679779,0.11174613379865882,1.0704654455184937,0.2648482107454828,0.028240399837146102,24,19.5
student_kdB4_s1,test_w45-48,ge5,all,,95040,92738,0.8520307239057239,0.7805657895486761,0.733806482856141,0.8582673769112985,0.6487714252628581,0.749427161347184,0.8168388362914879,0.665112074815891,0.10253635517600612,0.9512131214141846,0.2441546949155737,0.024104693129204505,24,19.5
student_kdB4_s1,test_w45-48,ge5,near,,95040,9889,0.8520307239057239,0.7805657895486761,0.8134274096724483,0.7397107897664071,0.7116522013882718,0.8361843232822036,0.710789766407119,0.7345111258964404,0.10253635517600612,0.9512131214141846,0.2441546949155737,0.024104693129204505,24,19.5
student_kdB4_s1,test_w45-48,ge5,far,,95040,82849,0.8520307239057239,0.7805657895486761,0.7243027912571298,0.8724184963004985,0.6412658670170831,0.7390716763760268,0.8294970367777523,0.6568284839923981,0.10253635517600612,0.9512131214141846,0.2441546949155737,0.024104693129204505,24,19.5
student_kdB4_s1,test_w49-51,all,all,,100000,100000,0.81966,0.7439061777141726,0.7252645529999999,0.87007,0.6257497862,0.7380771116999999,0.83976,0.6380904188000001,0.12586180482655762,1.2657500505447388,0.29720080604077137,0.034358134351503006,24,23.0
student_kdB4_s1,test_w49-51,all,near,,100000,12082,0.81966,0.7439061777141726,0.8117942339844397,0.7561661976493957,0.690296856480715,0.8317384137560007,0.7220658831319318,0.7090197227280253,0.12586180482655762,1.2657500505447388,0.29720080604077137,0.034358134351503006,24,23.0
student_kdB4_s1,test_w49-51,all,far,,100000,87918,0.81966,0.7439061777141726,0.7133733406697149,0.8857230601242067,0.6168795013535341,0.7252058469824155,0.8559339384426398,0.6283430650151277,0.12586180482655762,1.2657500505447388,0.29720080604077137,0.034358134351503006,24,23.0
student_kdB4_s1,test_w49-51,ge5,all,,94427,93681,0.8324949431836234,0.7542287888235448,0.7259893253794393,0.8719590952274208,0.637671549975044,0.7400429815669738,0.8400315965884224,0.6524625443786809,0.11568071819955557,1.1257110834121704,0.27462149853521395,0.029278382946449175,24,23.0
student_kdB4_s1,test_w49-51,ge5,near,,94427,11739,0.8324949431836234,0.7542287888235448,0.8122929826320239,0.758667688900247,0.7029019658443495,0.8361775092458645,0.7285117982792402,0.7261806327433743,0.11568071819955557,1.1257110834121704,0.27462149853521395,0.029278382946449175,24,23.0
student_kdB4_s1,test_w49-51,ge5,far,,94427,81942,0.8324949431836234,0.7542287888235448,0.7136254749426904,0.8881892070000732,0.6283266492905383,0.7262707619430631,0.8560079080325108,0.6419017008635954,0.11568071819955557,1.1257110834121704,0.27462149853521395,0.029278382946449175,24,23.0
student_kdB4_s2,val,all,all,,200000,37194,0.93998,0.9028182559784237,0.7604899337930848,0.8635801473355917,0.7259424610152174,0.7993405995590687,0.8161262569231597,0.7628094070280154,0.03263912478886548,0.2680688202381134,0.09251704339088064,0.004484348767649121,24,1.0
student_kdB4_s2,val,all,near,,200000,10090,0.93998,0.9028182559784237,0.6649819041129832,0.9463825569871159,0.6376898300297325,0.6984836481665015,0.9303270564915758,0.6698734306243805,0.03263912478886548,0.2680688202381134,0.09251704339088064,0.004484348767649121,24,1.0
student_kdB4_s2,val,all,far,,200000,27104,0.93998,0.9028182559784237,0.796044686577627,0.8327553128689492,0.7587962481552538,0.8368865942296341,0.7736127508854782,0.7974066621162929,0.03263912478886548,0.2680688202381134,0.09251704339088064,0.004484348767649121,24,1.0
student_kdB4_s2,val,ge5,all,,191393,35514,0.9466385917980281,0.9099684277551353,0.7709839980953777,0.8634904544686602,0.7414457507906068,0.8127010164839543,0.8184096412682322,0.7817843484900366,0.029292252126216896,0.23850367963314056,0.08266481050786477,0.0036802365155890857,24,1.0
student_kdB4_s2,val,ge5,near,,191393,9767,0.9466385917980281,0.9099684277551353,0.6709734308245721,0.9486024367769018,0.6481374877444348,0.7027981865711505,0.9308897307259137,0.6797324995441121,0.029292252126216896,0.23850367963314056,0.08266481050786477,0.0036802365155890857,24,1.0
student_kdB4_s2,val,ge5,far,,191393,25747,0.9466385917980281,0.9099684277551353,0.8089225233811957,0.8312036353749952,0.776841789364886,0.8543921237880426,0.7757408630131666,0.8204972241126275,0.029292252126216896,0.23850367963314056,0.08266481050786477,0.0036802365155890857,24,1.0
student_kdB4_s2,test_w29-32,all,all,,100000,100000,0.92271,0.8661223963857531,0.8056565965,0.78946,0.7576858754000001,0.825253853,0.73109,0.775985932,0.045445151465684175,0.3832252025604248,0.12215405642211928,0.0076498960648406986,24,3.5
student_kdB4_s2,test_w29-32,all,near,,100000,16111,0.92271,0.8661223963857531,0.8494166972875675,0.7401775184656446,0.7966477363292163,0.8777490193035814,0.6571907392464775,0.8228574166718392,0.045445151465684175,0.3832252025604248,0.12215405642211928,0.0076498960648406986,24,3.5
student_kdB4_s2,test_w29-32,all,far,,100000,83889,0.92271,0.8661223963857531,0.7972524078246254,0.7989247696360667,0.7502031954129862,0.8151720827522082,0.7452824565795277,0.7669841976898043,0.045445151465684175,0.3832252025604248,0.12215405642211928,0.0076498960648406986,24,3.5
student_kdB4_s2,test_w29-32,ge5,all,,95313,94723,0.9300305309873784,0.872499114961581,0.809210300843591,0.7881295989358446,0.7676409797329525,0.8305106723109692,0.7298649747157502,0.7878466659829504,0.04141108201725196,0.35079750418663025,0.1113587134869199,0.00653992880031607,24,3.5
student_kdB4_s2,test_w29-32,ge5,near,,95313,15529,0.9300305309873784,0.872499114961581,0.851422295719816,0.738553673771653,0.805492197046177,0.88532357159295,0.6625668104836113,0.8371496971280101,0.04141108201725196,0.35079750418663025,0.1113587134869199,0.00653992880031607,24,3.5
student_kdB4_s2,test_w29-32,ge5,far,,95313,79194,0.9300305309873784,0.872499114961581,0.8009330314995384,0.7978508472864105,0.7602188069211606,0.8197625157214562,0.7430613430310377,0.7781789288986808,0.04141108201725196,0.35079750418663025,0.1113587134869199,0.00653992880031607,24,3.5
student_kdB4_s2,test_w33-36,all,all,,100000,100000,0.89505,0.8287606842979461,0.7879191886500001,0.81334,0.7226255407000001,0.8051839723,0.75892,0.7386872639000001,0.06767965899735695,0.5523313283920288,0.16903266008737755,0.013273118607623367,24,7.5
student_kdB4_s2,test_w33-36,all,near,,100000,15732,0.89505,0.8287606842979461,0.850064176201373,0.7187261632341724,0.7755496001779811,0.8772409274091024,0.6531273836765827,0.8001636791253495,0.06767965899735695,0.5523313283920288,0.16903266008737755,0.013273118607623367,24,7.5
student_kdB4_s2,test_w33-36,all,far,,100000,84268,0.89505,0.8287606842979461,0.7763173357027578,0.8310034651350453,0.7127451435895001,0.7917316532966251,0.7786704324298667,0.7272102267764751,0.06767965899735695,0.5523313283920288,0.16903266008737755,0.013273118607623367,24,7.5
student_kdB4_s2,test_w33-36,ge5,all,,95121,93782,0.9040590405904059,0.8360890360598924,0.7927619000640983,0.8120428227165127,0.7351273755171039,0.8131742257537922,0.7573201680493058,0.7544319178936827,0.061696215838363405,0.49785903096199036,0.15389916061388156,0.011046591040272821,24,7.5
student_kdB4_s2,test_w33-36,ge5,near,,95121,15221,0.9040590405904059,0.8360890360598924,0.8508929329622531,0.7292556336640168,0.7850290684120717,0.8838854646112342,0.6635569279285198,0.8151684762363687,0.061696215838363405,0.49785903096199036,0.15389916061388156,0.011046591040272821,24,7.5
student_kdB4_s2,test_w33-36,ge5,far,,95121,78561,0.9040590405904059,0.8360890360598924,0.7814991558049518,0.8280826364226525,0.725459045588077,0.7994740976157959,0.7754865645803898,0.7426643595054998,0.061696215838363405,0.49785903096199036,0.15389916061388156,0.011046591040272821,24,7.5
student_kdB4_s2,test_w37-40,all,all,,100000,100000,0.87639,0.8120247447813589,0.76295338075,0.85117,0.6873027152,0.7727880772500001,0.81471,0.6973638444000001,0.08189108225949104,0.6699893474578857,0.2010170892527868,0.017334161065821217,24,11.5
student_kdB4_s2,test_w37-40,all,near,,100000,12184,0.87639,0.8120247447813589,0.8322594874425475,0.7607518056467498,0.745393101608667,0.8561137093729482,0.7391661195009849,0.7674738337163493,0.08189108225949104,0.6699893474578857,0.2010170892527868,0.017334161065821217,24,11.5
student_kdB4_s2,test_w37-40,all,far,,100000,87816,0.87639,0.8120247447813589,0.753337529379612,0.8637150405393095,0.6792429849913456,0.7612270917600438,0.8251913091008473,0.6876364586180195,0.08189108225949104,0.6699893474578857,0.2010170892527868,0.017334161065821217,24,11.5
student_kdB4_s2,test_w37-40,ge5,all,,95295,92226,0.8862059919198279,0.818802626150999,0.7729122160890691,0.8478520157005617,0.7049765893822556,0.7860788996917326,0.8081343655802051,0.7183043299964748,0.07475288059831983,0.6037582755088806,0.18395783651474384,0.014491873588998797,24,11.5
student_kdB4_s2,test_w37-40,ge5,near,,95295,11717,0.8862059919198279,0.818802626150999,0.833071321454945,0.7582999061193139,0.7556712406370137,0.8640175904899383,0.7387556541776905,0.7842692879371904,0.07475288059831983,0.6037582755088806,0.18395783651474384,0.014491873588998797,24,11.5
student_kdB4_s2,test_w37-40,ge5,far,,95295,80509,0.8862059919198279,0.818802626150999,0.764156869015177,0.8608851184339639,0.6975986660599937,0.7747359735582248,0.8182315020680918,0.7087040193207571,0.07475288059831983,0.6037582755088806,0.18395783651474384,0.014491873588998797,24,11.5
student_kdB4_s2,test_w41-44,all,all,,100000,100000,0.8699,0.8021698922111306,0.761952826,0.84661,0.6813641923,0.77259504875,0.80185,0.6922661376000001,0.0873982420173287,0.7559106349945068,0.2119808260048294,0.019588805849756953,24,15.5
student_kdB4_s2,test_w41-44,all,near,,100000,11009,0.8699,0.8021698922111306,0.8223680720319739,0.7492960305204832,0.7314913788718322,0.8472145662639659,0.7282223635207558,0.7546928585702606,0.0873982420173287,0.7559106349945068,0.2119808260048294,0.019588805849756953,24,15.5
student_kdB4_s2,test_w41-44,all,far,,100000,88991,0.8699,0.8021698922111306,0.7544789079232732,0.8586486273892866,0.6751630012023687,0.7633639324763178,0.8109584115247609,0.6845433816902832,0.0873982420173287,0.7559106349945068,0.2119808260048294,0.019588805849756953,24,15.5
student_kdB4_s2,test_w41-44,ge5,all,,95403,93678,0.8797522090500298,0.8096995127370835,0.7658551714503877,0.843634578022588,0.6938068330471353,0.7796683192111336,0.79842652490446,0.7077348953045759,0.08072202699089552,0.6928679943084717,0.19538908714841355,0.01678813549152764,24,15.5
student_kdB4_s2,test_w41-44,ge5,near,,95403,10688,0.8797522090500298,0.8096995127370835,0.8214321686804688,0.7485965568862275,0.7402920733561963,0.8519609123197271,0.734187874251497,0.7688149494225598,0.08072202699089552,0.6928679943084717,0.19538908714841355,0.01678813549152764,24,15.5
student_kdB4_s2,test_w41-44,ge5,far,,95403,82990,0.8797522090500298,0.8096995127370835,0.7586975988947171,0.8558742017110496,0.6878201569605797,0.7703580018820018,0.8066996023617303,0.6998686027583293,0.08072202699089552,0.6928679943084717,0.19538908714841355,0.01678813549152764,24,15.5
student_kdB4_s2,test_w45-48,all,all,,100000,100000,0.84305,0.7691696321280557,0.730961002,0.88095,0.6385060086,0.7444539279,0.84099,0.6515679896,0.10727576255887747,1.0394850969314575,0.25766319047967057,0.0280814215291026,24,19.5
student_kdB4_s2,test_w45-48,all,near,,100000,10212,0.84305,0.7691696321280557,0.8079017117117118,0.77222875048962,0.6997234195064629,0.8279203637877007,0.7688993341167254,0.7188373844496672,0.10727576255887747,1.0394850969314575,0.25766319047967057,0.0280814215291026,24,19.5
student_kdB4_s2,test_w45-48,all,far,,100000,89788,0.84305,0.7691696321280557,0.722210183097964,0.8933153650821936,0.6315434724016571,0.7349609083062324,0.849189201229563,0.643917133581325,0.10727576255887747,1.0394850969314575,0.25766319047967057,0.0280814215291026,24,19.5
student_kdB4_s2,test_w45-48,ge5,all,,95040,92738,0.854776936026936,0.7785048894515414,0.7366997211329328,0.8791541762815674,0.652952874283498,0.7517941720912387,0.837089434751666,0.6686311859038385,0.09813399847537299,0.9148700833320618,0.23723867890674372,0.023590385010276924,24,19.5
student_kdB4_s2,test_w45-48,ge5,near,,95040,9889,0.854776936026936,0.7785048894515414,0.8067310892489121,0.7739913034685003,0.7095386472930334,0.8321359248857605,0.772373344119729,0.7342042771140127,0.09813399847537299,0.9148700833320618,0.23723867890674372,0.023590385010276924,24,19.5
student_kdB4_s2,test_w45-48,ge5,far,,95040,82849,0.854776936026936,0.7785048894515414,0.7283406558539444,0.8917065987519464,0.6461986985023622,0.7422044414561675,0.8448140593127256,0.6608042682708264,0.09813399847537299,0.9148700833320618,0.23723867890674372,0.023590385010276924,24,19.5
student_kdB4_s2,test_w49-51,all,all,,100000,100000,0.82097,0.7428083220604083,0.7245297724499999,0.89249,0.6273177343000002,0.73858070965,0.86164,0.6399910295000001,0.12418012653633953,1.2731934785842896,0.2947179903556086,0.03484107919298448,24,23.0
student_kdB4_s2,test_w49-51,all,near,,100000,12082,0.82097,0.7428083220604083,0.8042779775699387,0.7809137560006622,0.688191381393809,0.8277005181261381,0.7797550074490979,0.7092255702698229,0.12418012653633953,1.2731934785842896,0.2947179903556086,0.03484107919298448,24,23.0
student_kdB4_s2,test_w49-51,all,far,,100000,87918,0.82097,0.7428083220604083,0.7135704943242568,0.9078231988898746,0.6189522641552356,0.7263335529129415,0.8728929229509316,0.630476576014013,0.12418012653633953,1.2731934785842896,0.2947179903556086,0.03484107919298448,24,23.0
student_kdB4_s2,test_w49-51,ge5,all,,94427,93681,0.833776356338759,0.7516262006273305,0.7267989001272624,0.8928384624416904,0.6400488347896275,0.7412100847859362,0.8588614553644816,0.6547394402700042,0.11368072100532622,1.1318504810333252,0.2721676400589801,0.029270248038699025,24,23.0
student_kdB4_s2,test_w49-51,ge5,near,,94427,11739,0.833776356338759,0.7516262006273305,0.8021782655094816,0.782434619643922,0.6987219553358377,0.8302585656792585,0.7813271999318511,0.7249897626120332,0.11368072100532622,1.1318504810333252,0.2721676400589801,0.029270248038699025,24,23.0
student_kdB4_s2,test_w49-51,ge5,far,,94427,81942,0.833776356338759,0.7516262006273305,0.7160000622880363,0.9086549022479314,0.6316433313592503,0.728453011280204,0.8699690024651583,0.6446753884531937,0.11368072100532622,1.1318504810333252,0.2721676400589801,0.029270248038699025,24,23.0
student_enddA_s0,val,all,all,,200000,37194,0.951565,0.9232019044508152,0.7724581603215572,0.8532559014894876,0.745977142281013,0.8162528312362208,0.8100500080658171,0.7873027171049093,0.007423274441212407,0.1888040453195572,0.07080230456156594,0.0035201830274302335,24,1.0
student_enddA_s0,val,all,near,,200000,10090,0.951565,0.9232019044508152,0.6939582185332012,0.8925668979187315,0.6723365332011892,0.7293151352824578,0.9052527254707632,0.7061783359762142,0.007423274441212407,0.1888040453195572,0.07080230456156594,0.0035201830274302335,24,1.0
student_enddA_s0,val,all,far,,200000,27104,0.951565,0.9232019044508152,0.8016813160419126,0.8386216056670602,0.7733913153040142,0.8486171078069658,0.7746089138134593,0.8175028722697757,0.007423274441212407,0.1888040453195572,0.07080230456156594,0.0035201830274302335,24,1.0
student_enddA_s0,val,ge5,all,,191393,35514,0.9565658096168617,0.9286349695248598,0.7831131634705545,0.8478909725741961,0.7597821399176263,0.8319308326316115,0.8057385819676747,0.8067735820284253,0.008070359400662159,0.16722509264945984,0.06335422502554552,0.002963862171468627,24,1.0
student_enddA_s0,val,ge5,near,,191393,9767,0.9565658096168617,0.9286349695248598,0.7014512851760097,0.8903450394184499,0.6827234298540401,0.7363584724672134,0.9043718644414867,0.717076459778502,0.008070359400662159,0.16722509264945984,0.06335422502554552,0.002963862171468627,24,1.0
student_enddA_s0,val,ge5,far,,191393,25747,0.9565658096168617,0.9286349695248598,0.8140912022829527,0.831786227521653,0.7890139891113597,0.8681857455040113,0.7683225230123898,0.8407997517963597,0.008070359400662159,0.16722509264945984,0.06335422502554552,0.002963862171468627,24,1.0
student_enddA_s0,test_w29-32,all,all,,100000,100000,0.93719,0.8942103913447924,0.8252492438500001,0.77601,0.7856831966000002,0.8560103957,0.67029,0.8139118499000001,0.006556318960934847,0.25202277302742004,0.09233005320546935,0.006119289964959596,24,3.5
student_enddA_s0,test_w29-32,all,near,,100000,16111,0.93719,0.8942103913447924,0.8430887207497983,0.731115387002669,0.8017041412699397,0.8914367609086958,0.5938799577928123,0.8460163025262244,0.006556318960934847,0.25202277302742004,0.09233005320546935,0.006119289964959596,24,3.5
student_enddA_s0,test_w29-32,all,far,,100000,83889,0.93719,0.8942103913447924,0.8218231473137122,0.7846320733350022,0.7826063517266864,0.8492067126202482,0.6849646556759528,0.8077461447865631,0.006556318960934847,0.25202277302742004,0.09233005320546935,0.006119289964959596,24,3.5
student_enddA_s0,test_w29-32,ge5,all,,95313,94723,0.9426101371271495,0.8995514654351575,0.8283344787822946,0.7735291323121101,0.7931613186891495,0.8608505769122249,0.6646748941650918,0.823550473909016,0.006064063259625338,0.2295553982257843,0.0843697872857053,0.005440656268153017,24,3.5
student_enddA_s0,test_w29-32,ge5,near,,95313,15529,0.9426101371271495,0.8995514654351575,0.8454500026520564,0.7232275098203361,0.808504638823891,0.9004398090325617,0.5841329126151072,0.8595916770086124,0.006064063259625338,0.2295553982257843,0.0843697872857053,0.005440656268153017,24,3.5
student_enddA_s0,test_w29-32,ge5,far,,95313,79194,0.9426101371271495,0.8995514654351575,0.8249783284404312,0.7833926812637321,0.7901526763883135,0.8530876001008918,0.6804682172891886,0.8164832233226885,0.006064063259625338,0.2295553982257843,0.0843697872857053,0.005440656268153017,24,3.5
student_enddA_s0,test_w33-36,all,all,,100000,100000,0.9134,0.8557094323165543,0.8032298978500001,0.80497,0.7522670831,0.8340069953499999,0.71384,0.7797201441000001,0.01200487816005947,0.35780391097068787,0.12908362801471834,0.011480393884100704,24,7.5
student_enddA_s0,test_w33-36,all,near,,100000,15732,0.9134,0.8557094323165543,0.8383011419399949,0.7646198830409356,0.7828514575387744,0.8860725203407069,0.6236333587592169,0.8252674624968217,0.01200487816005947,0.35780391097068787,0.12908362801471834,0.011480393884100704,24,7.5
student_enddA_s0,test_w33-36,all,far,,100000,84268,0.9134,0.8557094323165543,0.7966824443442351,0.81250296672521,0.7465572836663976,0.8242868781150614,0.7306806854321926,0.7712169114017182,0.01200487816005947,0.35780391097068787,0.12908362801471834,0.011480393884100704,24,7.5
student_enddA_s0,test_w33-36,ge5,all,,95121,93782,0.9181148221738628,0.8602676569916909,0.8062701630500108,0.8052078223966219,0.7591502507958282,0.8407403556001101,0.7126740739161033,0.7904659897415569,0.010310511557700571,0.33387622237205505,0.12037474509510808,0.010399807065808802,24,7.5
student_enddA_s0,test_w33-36,ge5,near,,95121,15221,0.9181148221738628,0.8602676569916909,0.839820047777058,0.7607910124170554,0.7884422370795465,0.8935426798234567,0.6219696471979502,0.836776641794035,0.010310511557700571,0.33387622237205505,0.12037474509510808,0.010399807065808802,24,7.5
student_enddA_s0,test_w33-36,ge5,far,,95121,78561,0.9181148221738628,0.8602676569916909,0.7997699556260931,0.8138134697878082,0.7534750006943212,0.8305100355048521,0.7302478328941842,0.7814934151194066,0.010310511557700571,0.33387622237205505,0.12037474509510808,0.010399807065808802,24,7.5
student_enddA_s0,test_w37-40,all,all,,100000,100000,0.89924,0.8416786434678611,0.7845746051,0.81007,0.7277837629,0.80871289545,0.76056,0.7492924457,0.017982162780985272,0.43018266558647156,0.15167361862631712,0.014858500054809048,24,11.5
student_enddA_s0,test_w37-40,all,near,,100000,12184,0.89924,0.8416786434678611,0.8215849130006567,0.7747866053841103,0.7596251296782666,0.8663664502626396,0.6997701904136573,0.7994007304661852,0.017982162780985272,0.43018266558647156,0.15167361862631712,0.014858500054809048,24,11.5
student_enddA_s0,test_w37-40,all,far,,100000,87816,0.89924,0.8416786434678611,0.7794396229616471,0.8149653821627039,0.7233659436776896,0.8007137732873281,0.7689942607269746,0.742340189373235,0.017982162780985272,0.43018266558647156,0.15167361862631712,0.014858500054809048,24,11.5
student_enddA_s0,test_w37-40,ge5,all,,95295,92226,0.9039718768036098,0.8462788921225699,0.7907514570677681,0.8077114913364994,0.7374307933210155,0.8195452017351321,0.7574653568408041,0.7637336716359144,0.015615806934890928,0.40142107009887695,0.1424879164290274,0.013522273854723214,24,11.5
student_enddA_s0,test_w37-40,ge5,near,,95295,11717,0.9039718768036098,0.8462788921225699,0.8230328748803878,0.7712725100281642,0.7651582818678657,0.8747962664084263,0.6958265767687974,0.8118121435329649,0.015615806934890928,0.40142107009887695,0.1424879164290274,0.013522273854723214,24,11.5
student_enddA_s0,test_w37-40,ge5,far,,95295,80509,0.9039718768036098,0.8462788921225699,0.7860533317338244,0.8130146940093654,0.7333954310223476,0.8115041538426359,0.7664360506278801,0.7567364979631851,0.015615806934890928,0.40142107009887695,0.1424879164290274,0.013522273854723214,24,11.5
student_enddA_s0,test_w41-44,all,all,,100000,100000,0.89093,0.8318624068868804,0.7835828496,0.80419,0.7194257669,0.8082836844000001,0.75736,0.7418879873,0.02051910075962541,0.4789021611213684,0.16312108920569424,0.017573505117215792,24,15.5
student_enddA_s0,test_w41-44,all,near,,100000,11009,0.89093,0.8318624068868804,0.8109203106549188,0.7901716777182305,0.7427639022617859,0.8559841189027158,0.7180488691070942,0.783182678717413,0.02051910075962541,0.4789021611213684,0.16312108920569424,0.017573505117215792,24,15.5
student_enddA_s0,test_w41-44,all,far,,100000,88991,0.89093,0.8318624068868804,0.7802009558269937,0.8059241945814746,0.7165386262655774,0.8023827047117124,0.7622231461608477,0.7367794565742602,0.02051910075962541,0.4789021611213684,0.16312108920569424,0.017573505117215792,24,15.5
student_enddA_s0,test_w41-44,ge5,all,,95403,93678,0.8969843715606427,0.837406361137626,0.7848118887577531,0.8052691133457162,0.7257157687398428,0.8126225332321746,0.7594312431947736,0.7515437422012452,0.018042567549740277,0.4453493058681488,0.15280980804030314,0.01602560093354529,24,15.5
student_enddA_s0,test_w41-44,ge5,near,,95403,10688,0.8969843715606427,0.837406361137626,0.8113882986244423,0.7897642215568862,0.7484387279495912,0.8617237902226114,0.7204341317365269,0.7942864761813124,0.018042567549740277,0.4453493058681488,0.15280980804030314,0.01602560093354529,24,15.5
student_enddA_s0,test_w41-44,ge5,far,,95403,82990,0.8969843715606427,0.837406361137626,0.7813892032696801,0.8072659356548981,0.7227893560632096,0.8062989492496009,0.7644535486203157,0.7460390507832556,0.018042567549740277,0.4453493058681488,0.15280980804030314,0.01602560093354529,24,15.5
student_enddA_s0,test_w45-48,all,all,,100000,100000,0.86208,0.7959115906289262,0.7626593979,0.81955,0.6836399343,0.7884291961500001,0.78973,0.7060433622999999,0.029308237986341135,0.636863112449646,0.20488093227506882,0.02501323678954388,24,19.5
student_enddA_s0,test_w45-48,all,near,,100000,10212,0.86208,0.7959115906289262,0.7995588905209557,0.7982765374069722,0.7137311741088914,0.8413939894242068,0.7502937720329025,0.7501068360752057,0.029308237986341135,0.636863112449646,0.20488093227506882,0.02501323678954388,24,19.5
student_enddA_s0,test_w45-48,all,far,,100000,89788,0.86208,0.7959115906289262,0.7584626497973002,0.8219695282220342,0.6802175199358489,0.782405267908852,0.7942152626186127,0.7010318218470174,0.029308237986341135,0.636863112449646,0.20488093227506882,0.02501323678954388,24,19.5
student_enddA_s0,test_w45-48,ge5,all,,95040,92738,0.8707386363636364,0.8041974273558511,0.76376017970697,0.821464771722487,0.691599588937351,0.792217530623999,0.7888567793137656,0.717484533538531,0.02329393978378039,0.5801056027412415,0.18956633334001624,0.02141330260722516,24,19.5
student_enddA_s0,test_w45-48,ge5,near,,95040,9889,0.8707386363636364,0.8041974273558511,0.7996473524471805,0.7989685509151583,0.7210968518229111,0.8471470964490354,0.7524522196379816,0.7636039542286382,0.02329393978378039,0.5801056027412415,0.18956633334001624,0.02141330260722516,24,19.5
student_enddA_s0,test_w45-48,ge5,far,,95040,82849,0.8707386363636364,0.8041974273558511,0.7594766246703619,0.8241499595649917,0.6880787445979466,0.7856610425982681,0.7932020905502782,0.7119796396809773,0.02329393978378039,0.5801056027412415,0.18956633334001624,0.02141330260722516,24,19.5
student_enddA_s0,test_w49-51,all,all,,100000,100000,0.83852,0.7686785964131384,0.7503761215,0.84655,0.6641946287,0.7791095147,0.8424,0.6890504699,0.037854744828939434,0.7608048319816589,0.23612933400918892,0.03125214552117761,24,23.0
student_enddA_s0,test_w49-51,all,near,,100000,12082,0.83852,0.7686785964131384,0.7824696801026321,0.8442310875682834,0.6898814898195663,0.8343040295480879,0.8280913756000662,0.7340587692435029,0.037854744828939434,0.7608048319816589,0.23612933400918892,0.03125214552117761,24,23.0
student_enddA_s0,test_w49-51,all,far,,100000,87918,0.83852,0.7686785964131384,0.7459657120839873,0.8468686730817353,0.6606646501285289,0.7715244908323664,0.8443663413635433,0.6828652715029915,0.037854744828939434,0.7608048319816589,0.23612933400918892,0.03125214552117761,24,23.0
student_enddA_s0,test_w49-51,ge5,all,,94427,93681,0.8467069799951286,0.7758694945216432,0.7487511544727021,0.8481442341563391,0.6697507476424313,0.7789530574460866,0.8442480332191159,0.6973482384087,0.03321272691710346,0.6981502771377563,0.2200845124284788,0.02689999076450205,24,23.0
student_enddA_s0,test_w49-51,ge5,near,,94427,11739,0.8467069799951286,0.7758694945216432,0.781658129654404,0.8458982877587529,0.6963544056950284,0.8380084134113148,0.8342277877161598,0.7461210681628767,0.03321272691710346,0.6981502771377563,0.2200845124284788,0.02689999076450205,24,23.0
student_enddA_s0,test_w49-51,ge5,far,,94427,81942,0.8467069799951286,0.7758694945216432,0.7440369055935195,0.8484659881379513,0.6659395111351525,0.7704927950205196,0.8456835322545215,0.6903610493178274,0.03321272691710346,0.6981502771377563,0.2200845124284788,0.02689999076450205,24,23.0
student_enddA_s1,val,all,all,,200000,37194,0.9496,0.9189753527680999,0.7554594780072055,0.8595741248588482,0.7289834084798623,0.8083108614292627,0.7732967682959617,0.7788853087863634,0.006837088423185006,0.19367064535617828,0.0736143095574178,0.0038583137296595554,24,1.0
student_enddA_s1,val,all,near,,200000,10090,0.9496,0.9189753527680999,0.6693831484142716,0.9336967294350842,0.648747346878097,0.7146600210604559,0.9070366699702676,0.6919680059464818,0.006837088423185006,0.19367064535617828,0.0736143095574178,0.0038583137296595554,24,1.0
student_enddA_s1,val,all,far,,200000,27104,0.9496,0.9189753527680999,0.7875030939160271,0.8319805194805194,0.7588528691337072,0.8431742387654958,0.7235094451003542,0.8112419936171783,0.006837088423185006,0.19367064535617828,0.0736143095574178,0.0038583137296595554,24,1.0
student_enddA_s1,val,ge5,all,,191393,35514,0.9545333423897425,0.9242092541483651,0.7652033163653302,0.8536915019428958,0.7417506617889958,0.8229360241628604,0.7669932984175255,0.7972728497369632,0.006868611025522337,0.17253141105175018,0.06636481160689284,0.003291397026735594,24,1.0
student_enddA_s1,val,ge5,near,,191393,9767,0.9545333423897425,0.9242092541483651,0.676248347961688,0.9318112009829016,0.6583743888819492,0.7207675934753092,0.9072386607965598,0.7019084628905211,0.006868611025522337,0.17253141105175018,0.06636481160689284,0.003291397026735594,24,1.0
student_enddA_s1,val,ge5,far,,191393,25747,0.9545333423897425,0.9242092541483651,0.7989479536589323,0.8240571717093254,0.7733790479109954,0.861693124505631,0.7137918980852138,0.8334488689364504,0.006868611025522337,0.17253141105175018,0.06636481160689284,0.003291397026735594,24,1.0
student_enddA_s1,test_w29-32,all,all,,100000,100000,0.93226,0.8834253014978121,0.8125988947499998,0.78816,0.7712084053000002,0.849443765,0.66958,0.8051719329999999,0.006680564879476993,0.26055654883384705,0.09737312039774607,0.006309183193359215,24,3.5
student_enddA_s1,test_w29-32,all,near,,100000,16111,0.93226,0.8834253014978121,0.8329640152690708,0.7561914220098069,0.789806189559928,0.8868710405933833,0.635652659673515,0.839202041462355,0.006680564879476993,0.26055654883384705,0.09737312039774607,0.006309183193359215,24,3.5
student_enddA_s1,test_w29-32,all,far,,100000,83889,0.93226,0.8834253014978121,0.8086877448175566,0.7942996101991918,0.7676366747726162,0.8422558042770804,0.676095793250605,0.7986364029848967,0.006680564879476993,0.26055654883384705,0.09737312039774607,0.006309183193359215,24,3.5
student_enddA_s1,test_w29-32,ge5,all,,95313,94723,0.9373537712589048,0.8884808432752684,0.8139272917974713,0.7971348035851905,0.7768472966961518,0.8536354838443585,0.6706924400620757,0.8139111416958777,0.005996513549209676,0.2383745014667511,0.08986650511202875,0.005614329566307291,24,3.5
student_enddA_s1,test_w29-32,ge5,near,,95313,15529,0.9373537712589048,0.8884808432752684,0.8346201483831827,0.7587095112370403,0.795764231052343,0.8959778372091276,0.6312061304655805,0.8525486060741592,0.005996513549209676,0.2383745014667511,0.08986650511202875,0.005614329566307291,24,3.5
student_enddA_s1,test_w29-32,ge5,far,,95313,79194,0.9373537712589048,0.8884808432752684,0.8098696691250529,0.8046695456726519,0.7731379112172355,0.8453326527536006,0.67843523499255,0.8063347952008107,0.005996513549209676,0.2383745014667511,0.08986650511202875,0.005614329566307291,24,3.5
student_enddA_s1,test_w33-36,all,all,,100000,100000,0.90693,0.8424282527567811,0.78766139325,0.81738,0.7335320129999999,0.8251923236,0.73485,0.7665451147000001,0.010817489657327518,0.3524286448955536,0.13103953765171542,0.011364892172137216,24,7.5
student_enddA_s1,test_w33-36,all,near,,100000,15732,0.90693,0.8424282527567811,0.8298792941139079,0.7547673531655225,0.7699790134757183,0.8845646338672769,0.6481693363844394,0.8178564066870073,0.010817489657327518,0.3524286448955536,0.13103953765171542,0.011364892172137216,24,7.5
student_enddA_s1,test_w33-36,all,far,,100000,84268,0.90693,0.8424282527567811,0.7797797297906678,0.8290691602980965,0.7267277194189966,0.8141081020078795,0.7510324203730954,0.7569658052878909,0.010817489657327518,0.3524286448955536,0.13103953765171542,0.011364892172137216,24,7.5
student_enddA_s1,test_w33-36,ge5,all,,95121,93782,0.9150240220350921,0.8487903575993277,0.7891156855917401,0.8265658655179032,0.741515765833448,0.8316864259459322,0.7376575462242221,0.7802625029666292,0.00859574157458715,0.3267839848995209,0.12199488092082421,0.010151974108236596,24,7.5
student_enddA_s1,test_w33-36,ge5,near,,95121,15221,0.9150240220350921,0.8487903575993277,0.8304708579708573,0.7559950068983641,0.777573941259721,0.8927267121341825,0.6466066618487616,0.8332435942789768,0.00859574157458715,0.3267839848995209,0.12199488092082421,0.010151974108236596,24,7.5
student_enddA_s1,test_w33-36,ge5,far,,95121,78561,0.9150240220350921,0.8487903575993277,0.7811032229349187,0.8402387953310166,0.7345295832725934,0.8198600210367362,0.7552984305189598,0.7699975471887593,0.00859574157458715,0.3267839848995209,0.12199488092082421,0.010151974108236596,24,7.5
student_enddA_s1,test_w37-40,all,all,,100000,100000,0.89005,0.8245795397689013,0.76450620925,0.84477,0.7036346557999998,0.7977991124,0.79633,0.7320407542999999,0.017256227639317508,0.4141976237297058,0.152987964280859,0.014873412044276765,24,11.5
student_enddA_s1,test_w37-40,all,near,,100000,12184,0.89005,0.8245795397689013,0.8106738870650032,0.7866053841103086,0.7425881697307946,0.8647193548916612,0.6946815495732108,0.78891281106369,0.017256227639317508,0.4141976237297058,0.152987964280859,0.014873412044276765,24,11.5
student_enddA_s1,test_w37-40,all,far,,100000,87816,0.89005,0.8245795397689013,0.7581006910471896,0.852840029151863,0.6982300642251982,0.7885142869181014,0.8104331784640613,0.7241500608089644,0.017256227639317508,0.4141976237297058,0.152987964280859,0.014873412044276765,24,11.5
student_enddA_s1,test_w37-40,ge5,all,,95295,92226,0.8991132798153103,0.8309781047420761,0.7690943473973539,0.8550734066315355,0.7152122661943371,0.8087458894991981,0.8009671892958602,0.7505469000260765,0.014317182370057588,0.3837120831012726,0.14339000515562308,0.01337205873676697,24,11.5
student_enddA_s1,test_w37-40,ge5,near,,95295,11717,0.8991132798153103,0.8309781047420761,0.8104905756976972,0.7910728002048306,0.750308964312062,0.8744363087213449,0.6943756934368865,0.8065245995461384,0.014317182370057588,0.3837120831012726,0.14339000515562308,0.01337205873676697,24,11.5
student_enddA_s1,test_w37-40,ge5,far,,95295,80509,0.8991132798153103,0.8309781047420761,0.7630696842293216,0.8643878324162516,0.7101044147510774,0.7991855342342477,0.8164801450769479,0.742400100223861,0.014317182370057588,0.3837120831012726,0.14339000515562308,0.01337205873676697,24,11.5
student_enddA_s1,test_w41-44,all,all,,100000,100000,0.88285,0.8142873147652009,0.76601264495,0.84341,0.6988859674,0.7993709418999999,0.79293,0.7277781004,0.01912406240150335,0.4611309766769409,0.1651048510842634,0.01735674950017371,24,15.5
student_enddA_s1,test_w41-44,all,near,,100000,11009,0.88285,0.8142873147652009,0.8018227827232265,0.7869016259424108,0.7288319811063676,0.8602610464165682,0.7059678444908711,0.7793162457988918,0.01912406240150335,0.4611309766769409,0.1651048510842634,0.01735674950017371,24,15.5
student_enddA_s1,test_w41-44,all,far,,100000,88991,0.88285,0.8142873147652009,0.7615826036340754,0.8504006023080986,0.6951813718241172,0.791838279488937,0.8036880133946129,0.7214023608005302,0.01912406240150335,0.4611309766769409,0.1651048510842634,0.01735674950017371,24,15.5
student_enddA_s1,test_w41-44,ge5,all,,95403,93678,0.8919635650870518,0.8217507827460311,0.7663199965695063,0.8541493200111019,0.7066729823895463,0.8033616868546599,0.7985012489592007,0.739917392888182,0.01586597032630488,0.4274631440639496,0.15443025093953175,0.01563860820695755,24,15.5
student_enddA_s1,test_w41-44,ge5,near,,95403,10688,0.8919635650870518,0.8217507827460311,0.8013779321447354,0.7909805389221557,0.7361936991634166,0.8663304228623349,0.7056511976047904,0.7935770496599956,0.01586597032630488,0.4274631440639496,0.15443025093953175,0.01563860820695755,24,15.5
student_enddA_s1,test_w41-44,ge5,far,,95403,82990,0.8919635650870518,0.8217507827460311,0.7618050042158726,0.8622846126039282,0.7028711096231994,0.7952521573878562,0.8104590914568021,0.733006748092699,0.01586597032630488,0.4274631440639496,0.15443025093953175,0.01563860820695755,24,15.5
student_enddA_s1,test_w45-48,all,all,,100000,100000,0.85653,0.7864145349178528,0.7471842266,0.84331,0.6658231484,0.7798034756500001,0.80757,0.6937699921,0.029637955277264108,0.6141705513000488,0.20531460987046732,0.0254801519890888,24,19.5
student_enddA_s1,test_w45-48,all,near,,100000,10212,0.85653,0.7864145349178528,0.7950387382491187,0.7679200940070505,0.704275910693302,0.8488380469056013,0.7220916568742656,0.750453455738347,0.029637955277264108,0.6141705513000488,0.20531460987046732,0.0254801519890888,24,19.5
student_enddA_s1,test_w45-48,all,far,,100000,89788,0.85653,0.7864145349178528,0.7417415140664677,0.8518844389005212,0.6614497398316032,0.7719518580433912,0.8172918430079743,0.6873231224662538,0.029637955277264108,0.6141705513000488,0.20531460987046732,0.0254801519890888,24,19.5
student_enddA_s1,test_w45-48,ge5,all,,95040,92738,0.8677925084175084,0.795729189027187,0.7467617308324461,0.8559382345963898,0.6740789366651337,0.7837403260669444,0.811490435420216,0.7076207976402947,0.022590104811307434,0.5574313402175903,0.1897318909467214,0.021241128881077438,24,19.5
student_enddA_s1,test_w45-48,ge5,near,,95040,9889,0.8677925084175084,0.795729189027187,0.794845449153108,0.7725755890383255,0.7132583482208066,0.8550747998703113,0.7231267064415007,0.7668271091948915,0.022590104811307434,0.5574313402175903,0.1897318909467214,0.021241128881077438,24,19.5
student_enddA_s1,test_w45-48,ge5,far,,95040,82849,0.8677925084175084,0.795729189027187,0.741022375010734,0.8658885442190009,0.6694024143066981,0.7752257198382453,0.8220376830136755,0.7005538298439011,0.022590104811307434,0.5574313402175903,0.1897318909467214,0.021241128881077438,24,19.5
student_enddA_s1,test_w49-51,all,all,,100000,100000,0.83205,0.7572547666456728,0.7379750657999998,0.86637,0.6485574449000001,0.7748827816,0.83282,0.6782565196999999,0.043481812248043684,0.7273259162902832,0.23581312951047242,0.03134576759669809,24,23.0
student_enddA_s1,test_w49-51,all,near,,100000,12082,0.83205,0.7572547666456728,0.7742699408210562,0.8118688958781659,0.6771886533686475,0.8452666545273961,0.759807978811455,0.7337751969872537,0.043481812248043684,0.7273259162902832,0.23581312951047242,0.03134576759669809,24,23.0
student_enddA_s1,test_w49-51,all,far,,100000,87918,0.83205,0.7572547666456728,0.732987296742419,0.8738597329329603,0.6446228437862553,0.7652103828567528,0.8428535680975454,0.6706269482927274,0.043481812248043684,0.7273259162902832,0.23581312951047242,0.03134576759669809,24,23.0
student_enddA_s1,test_w49-51,ge5,all,,94427,93681,0.8443347771294227,0.7672533924176611,0.7350672592124328,0.8758125980721811,0.6558757113599532,0.7749325617385991,0.8376725269798572,0.6901705507887763,0.03528218614538834,0.6638339161872864,0.21919028230732285,0.026221857406475254,24,23.0
student_enddA_s1,test_w49-51,ge5,near,,94427,11739,0.8443347771294227,0.7672533924176611,0.7730462544186004,0.8169350029815146,0.6862638351831061,0.8498520173894604,0.7612232728511799,0.7501733612702564,0.03528218614538834,0.6638339161872864,0.21919028230732285,0.026221857406475254,24,23.0
student_enddA_s1,test_w49-51,ge5,far,,94427,81942,0.8443347771294227,0.7672533924176611,0.7296263934204676,0.8842473944985477,0.6515223127907213,0.7641996105061973,0.8486246369383222,0.6815745561554736,0.03528218614538834,0.6638339161872864,0.21919028230732285,0.026221857406475254,24,23.0
student_enddA_s2,val,all,all,,200000,37194,0.95078,0.921502351578961,0.7600445917352261,0.8539818250255418,0.7332087333978599,0.8093634305936441,0.7946711835242244,0.780239261305587,0.007095508044436552,0.19385771453380585,0.07286052635786396,0.0039126809195681785,24,1.0
student_enddA_s2,val,all,near,,200000,10090,0.95078,0.921502351578961,0.6771583342418236,0.9129831516352824,0.6555692695738355,0.7169399368186322,0.898810703666997,0.6940359568880079,0.007095508044436552,0.19385771453380585,0.07286052635786396,0.0039126809195681785,24,1.0
student_enddA_s2,val,all,far,,200000,27104,0.95078,0.921502351578961,0.7909006402191558,0.8320174144037781,0.7621115591794569,0.8437699038887249,0.7559031877213696,0.8123301461038962,0.007095508044436552,0.19385771453380585,0.07286052635786396,0.0039126809195681785,24,1.0
student_enddA_s2,val,ge5,all,,191393,35514,0.9557768570428385,0.9270534648038067,0.7701539092684387,0.8496086050571605,0.7464767503387895,0.8237751443002128,0.7907867319930169,0.7984803962735217,0.007968235816107852,0.17234209179878235,0.06550534415976395,0.0033343938425306344,24,1.0
student_enddA_s2,val,ge5,near,,191393,9767,0.9557768570428385,0.9270534648038067,0.684625807801318,0.9115388553291697,0.6659166350546747,0.7234698366983447,0.9001740554929866,0.7044227762245843,0.007968235816107852,0.17234209179878235,0.06550534415976395,0.0033343938425306344,24,1.0
student_enddA_s2,val,ge5,far,,191393,25747,0.9557768570428385,0.9270534648038067,0.8025985811536823,0.8261156639608498,0.7770368406786329,0.8618254779059706,0.7492911795548995,0.8341606998047282,0.007968235816107852,0.17234209179878235,0.06550534415976395,0.0033343938425306344,24,1.0
student_enddA_s2,test_w29-32,all,all,,100000,100000,0.93385,0.8880720211774209,0.82287076745,0.78208,0.7809067606000002,0.8515249283999999,0.67608,0.807558784,0.005516908207237763,0.26030027866363525,0.09755592559194112,0.007159933927399272,24,3.5
student_enddA_s2,test_w29-32,all,near,,100000,16111,0.93385,0.8880720211774209,0.8416557305567625,0.7650673452920365,0.797906615355968,0.8860943836509216,0.6537769225994662,0.8391822667742537,0.005516908207237763,0.26030027866363525,0.09755592559194112,0.007159933927399272,24,3.5
student_enddA_s2,test_w29-32,all,far,,100000,83889,0.93385,0.8880720211774209,0.819263088962796,0.785347304175756,0.7776419146729607,0.8448858160783893,0.680363337267103,0.8014854498205963,0.005516908207237763,0.26030027866363525,0.09755592559194112,0.007159933927399272,24,3.5
student_enddA_s2,test_w29-32,ge5,all,,95313,94723,0.9393472034245066,0.8934990135085681,0.8252573540705743,0.7844029433189404,0.7878005604631145,0.8559991387730445,0.6786630491010631,0.816874181397011,0.004609608925708527,0.23764047026634216,0.08973721739329626,0.006457115740133127,24,3.5
student_enddA_s2,test_w29-32,ge5,near,,95313,15529,0.9393472034245066,0.8934990135085681,0.8433612025961402,0.7609633588769399,0.8041619353891847,0.89451196046699,0.6498808680533196,0.8522559363619211,0.004609608925708527,0.23764047026634216,0.08973721739329626,0.006457115740133127,24,3.5
student_enddA_s2,test_w29-32,ge5,far,,95313,79194,0.9393472034245066,0.8934990135085681,0.8217074050371436,0.7889991666035305,0.7845922897452958,0.8484472332235675,0.6843068919362578,0.809936240734207,0.004609608925708527,0.23764047026634216,0.08973721739329626,0.006457115740133127,24,3.5
student_enddA_s2,test_w33-36,all,all,,100000,100000,0.90751,0.8491780276877693,0.7989633902,0.81661,0.7417444059000001,0.82718690075,0.74119,0.7684613398,0.014343721244037162,0.37013524770736694,0.13535601003356948,0.0125901675197296,24,7.5
student_enddA_s2,test_w33-36,all,near,,100000,15732,0.90751,0.8491780276877693,0.8422132551487413,0.7591533180778032,0.7792079068141369,0.8815887366514111,0.6758835494533435,0.8157961536994661,0.014343721244037162,0.37013524770736694,0.13535601003356948,0.0125901675197296,24,7.5
student_enddA_s2,test_w33-36,all,far,,100000,84268,0.90751,0.8491780276877693,0.7908890692789671,0.8273365927754308,0.7347503417667441,0.8170306174348507,0.7533820667394503,0.7596243994161485,0.014343721244037162,0.37013524770736694,0.13535601003356948,0.0125901675197296,24,7.5
student_enddA_s2,test_w33-36,ge5,all,,95121,93782,0.9120383511527423,0.8524038979767934,0.8008772652507148,0.8208931351432045,0.7474640371620735,0.8339075878000058,0.7447058070845152,0.7790437989388826,0.01116592658781588,0.34513556957244873,0.1265907907809273,0.011346035277542367,24,7.5
student_enddA_s2,test_w33-36,ge5,near,,95121,15221,0.9120383511527423,0.8524038979767934,0.8431314491003099,0.7556665133696866,0.7840795338678314,0.8889481200145894,0.6760396820182643,0.827012525026121,0.01116592658781588,0.34513556957244873,0.1265907907809273,0.011346035277542367,24,7.5
student_enddA_s2,test_w33-36,ge5,far,,95121,78561,0.9120383511527423,0.8524038979767934,0.7926906213386633,0.8335306322475529,0.7403698749778048,0.8232436204263959,0.7580096994692023,0.7697499765616997,0.01116592658781588,0.34513556957244873,0.1265907907809273,0.011346035277542367,24,7.5
student_enddA_s2,test_w37-40,all,all,,100000,100000,0.88686,0.8328519761572977,0.77601968145,0.82499,0.7077957212000002,0.7994210163000001,0.79001,0.7307342916,0.02472914878241717,0.4571377635002136,0.16478666637876827,0.0170704145336225,24,11.5
student_enddA_s2,test_w37-40,all,near,,100000,12184,0.88686,0.8328519761572977,0.8243742326001313,0.783322390019698,0.74896692219304,0.8617814707813525,0.7273473407747866,0.7842639256401839,0.02472914878241717,0.4571377635002136,0.16478666637876827,0.0170704145336225,24,11.5
student_enddA_s2,test_w37-40,all,far,,100000,87816,0.88686,0.8328519761572977,0.769310746276305,0.830771157875558,0.7020834374145941,0.790768837000091,0.7987041085906896,0.7233073413728706,0.02472914878241717,0.4571377635002136,0.16478666637876827,0.0170704145336225,24,11.5
student_enddA_s2,test_w37-40,ge5,all,,95295,92226,0.8912639697780577,0.8359507352339473,0.7802508854839917,0.8284106434194262,0.7154341462421783,0.8105888638294848,0.792130201895344,0.7449564387035301,0.021073516734068338,0.4277401864528656,0.15571416402327018,0.015605283254104776,24,11.5
student_enddA_s2,test_w37-40,ge5,near,,95295,11717,0.8912639697780577,0.8359507352339473,0.8244133059403723,0.7782708884526756,0.752934220250102,0.8697263099175514,0.7258683963471878,0.7956779409691461,0.021073516734068338,0.4277401864528656,0.15571416402327018,0.015605283254104776,24,11.5
student_enddA_s2,test_w37-40,ge5,far,,95295,80509,0.8912639697780577,0.8359507352339473,0.7738236403252217,0.835707809064825,0.7099765158263136,0.8019822054954616,0.801773714739967,0.7375746075784854,0.021073516734068338,0.4277401864528656,0.15571416402327018,0.015605283254104776,24,11.5
student_enddA_s2,test_w41-44,all,all,,100000,100000,0.88033,0.8208876281382719,0.7762903691,0.82209,0.702450095,0.7999449358999999,0.789,0.7264147915,0.026641072983890783,0.5046582818031311,0.1751513230193872,0.019442445830256876,24,15.5
student_enddA_s2,test_w41-44,all,near,,100000,11009,0.88033,0.8208876281382719,0.8200166949768372,0.7564719774729767,0.7389608093378146,0.8559612044690708,0.725769824688891,0.7741376837133255,0.026641072983890783,0.5046582818031311,0.1751513230193872,0.019442445830256876,24,15.5
student_enddA_s2,test_w41-44,all,far,,100000,88991,0.88033,0.8208876281382719,0.7708810229686147,0.8302075490779967,0.6979333859603781,0.7930152115382455,0.7968221505545504,0.7205110335876662,0.026641072983890783,0.5046582818031311,0.1751513230193872,0.019442445830256876,24,15.5
student_enddA_s2,test_w41-44,ge5,all,,95403,93678,0.8860518013060386,0.8255503707920582,0.7761692147212285,0.8287004419394095,0.7073619504130397,0.8048317650691983,0.7938897072952027,0.7362014607913404,0.023476192762535226,0.4719754755496979,0.16507780504759528,0.01771242013647225,24,15.5
student_enddA_s2,test_w41-44,ge5,near,,95403,10688,0.8860518013060386,0.8255503707920582,0.8195914285034849,0.7544910179640718,0.743626695462884,0.8611326262995534,0.7291354790419161,0.7843634489770185,0.023476192762535226,0.4719754755496979,0.16507780504759528,0.01771242013647225,24,15.5
student_enddA_s2,test_w41-44,ge5,far,,95403,82990,0.8860518013060386,0.8255503707920582,0.7705770154092059,0.8382576214001687,0.7026915371693631,0.7975809685294943,0.802229184239065,0.7299988420453647,0.023476192762535226,0.4719754755496979,0.16507780504759528,0.01771242013647225,24,15.5
student_enddA_s2,test_w45-48,all,all,,100000,100000,0.85058,0.7890731922976673,0.75630446535,0.83887,0.6667844565000001,0.77971504495,0.8138,0.6891909713,0.034590627989769016,0.6601090431213379,0.2170320935858898,0.02808874457462638,24,19.5
student_enddA_s2,test_w45-48,all,near,,100000,10212,0.85058,0.7890731922976673,0.808575937622405,0.7650802976889933,0.7081050587544067,0.844687223364669,0.7411868390129259,0.7423567577359969,0.034590627989769016,0.6601090431213379,0.2170320935858898,0.02808874457462638,24,19.5
student_enddA_s2,test_w45-48,all,far,,100000,89788,0.85058,0.7890731922976673,0.7503593916781753,0.8472624404152003,0.662084875373101,0.7723254618657281,0.8220586269880162,0.6831441831870629,0.034590627989769016,0.6601090431213379,0.2170320935858898,0.02808874457462638,24,19.5
student_enddA_s2,test_w45-48,ge5,all,,95040,92738,0.8585122053872054,0.7958119386908297,0.7557302682889517,0.8429662058703012,0.6725642723394454,0.7843721153822764,0.8167310056287606,0.7006704116174141,0.030502425417341647,0.6050171852111816,0.20214541618012466,0.024424671610117077,24,19.5
student_enddA_s2,test_w45-48,ge5,near,,95040,9889,0.8585122053872054,0.7958119386908297,0.8080533090281927,0.7629689554049954,0.7141602958666109,0.8500026727653383,0.7442613004348265,0.754749143310613,0.030502425417341647,0.6050171852111816,0.20214541618012466,0.024424671610117077,24,19.5
student_enddA_s2,test_w45-48,ge5,far,,95040,82849,0.8585122053872054,0.7958119386908297,0.7494848996077322,0.8525148161112385,0.6675992989944426,0.7765383384874303,0.8253811150406161,0.6942154806259232,0.030502425417341647,0.6050171852111816,0.20214541618012466,0.024424671610117077,24,19.5
student_enddA_s2,test_w49-51,all,all,,100000,100000,0.82961,0.7608553994800255,0.7480256768500002,0.85369,0.6525290652,0.77306529685,0.83391,0.6761245578000001,0.04570407979860905,0.8042475581169128,0.2480551966948687,0.033336214455151676,24,23.0
student_enddA_s2,test_w49-51,all,near,,100000,12082,0.82961,0.7608553994800255,0.796166386773713,0.7824035755669592,0.6890902507862937,0.8372707929150804,0.7758649230259891,0.7270905694421453,0.04570407979860905,0.8042475581169128,0.2480551966948687,0.033336214455151676,24,23.0
student_enddA_s2,test_w49-51,all,far,,100000,87918,0.82961,0.7608553994800255,0.7414100116017198,0.8634864305375464,0.6475046988102551,0.7642419523305807,0.8418867581155167,0.6691206296776541,0.04570407979860905,0.8042475581169128,0.2480551966948687,0.033336214455151676,24,23.0
student_enddA_s2,test_w49-51,ge5,all,,94427,93681,0.8374299723596005,0.76668150688091,0.745248276765256,0.8595232757976538,0.6567874888419527,0.7733735950430766,0.8378219703034767,0.684240772314145,0.04087990289383864,0.7469170093536377,0.2323011640782636,0.02897940436024033,24,23.0
student_enddA_s2,test_w49-51,ge5,near,,94427,11739,0.8374299723596005,0.76668150688091,0.7951990357543707,0.7822642473805265,0.6947917133043529,0.8410167936735895,0.7790271743760115,0.7385489099309619,0.04087990289383864,0.7469170093536377,0.2323011640782636,0.02897940436024033,24,23.0
student_enddA_s2,test_w49-51,ge5,far,,94427,81942,0.8374299723596005,0.76668150688091,0.738092337689163,0.8705913939127675,0.6513430087101019,0.7636830394217395,0.8462449049327573,0.6764605957565335,0.04087990289383864,0.7469170093536377,0.2323011640782636,0.02897940436024033,24,23.0
teacherA,val,all,all,,200000,37194,,,0.7821602195246544,0.8566435446577405,,0.8262633944991127,0.775555197074797,,,,,,24,1.0
teacherA,val,all,near,,200000,10090,,,0.6729791169474728,0.9346878097125867,,0.7074510887016849,0.9232903865213082,,,,,,24,1.0
teacherA,val,all,far,,200000,27104,,,0.8228050440894333,0.8275900236127509,,0.8704936249262101,0.7205578512396694,,,,,,24,1.0
teacherA,val,ge5,all,,191393,35514,,,0.7895739170571896,0.8537759756715662,,0.8340262213324927,0.7757222503801318,,,,,,24,1.0
teacherA,val,ge5,near,,191393,9767,,,0.6767370866250916,0.9339612982492065,,0.712644826021061,0.9252585235998771,,,,,,24,1.0
teacherA,val,ge5,far,,191393,25747,,,0.8323780232765667,0.8233580611333359,,0.8800716669380683,0.7189963879286907,,,,,,24,1.0
teacherA,test_w29-32,all,all,,100000,100000,,,0.83275949015,0.77302,,0.8561283835500001,0.68787,,,,,,24,3.5
teacherA,test_w29-32,all,near,,100000,16111,,,0.8609536872323257,0.7025013965613556,,0.8967251601390355,0.5735211966979082,,,,,,24,3.5
teacherA,test_w29-32,all,far,,100000,83889,,,0.8273447550930396,0.7865631966050376,,0.8483317157195818,0.7098308479061617,,,,,,24,3.5
teacherA,test_w29-32,ge5,all,,95313,94723,,,0.8358295032523698,0.7707420584229807,,0.8607693094760657,0.6845750240173981,,,,,,24,3.5
teacherA,test_w29-32,ge5,near,,95313,15529,,,0.860668957408047,0.7123446455019641,,0.8987610519553366,0.5790456565136197,,,,,,24,3.5
teacherA,test_w29-32,ge5,far,,95313,79194,,,0.8309587821929019,0.7821930954365229,,0.8533195813532206,0.7052680758643332,,,,,,24,3.5
teacherA,test_w33-36,all,all,,100000,100000,,,0.80779545385,0.8277,,0.8338860378999999,0.73648,,,,,,24,7.5
teacherA,test_w33-36,all,near,,100000,15732,,,0.8485528016145436,0.7579455886092041,,0.8868196615179254,0.6290363590134758,,,,,,24,7.5
teacherA,test_w33-36,all,far,,100000,84268,,,0.8001864611715004,0.84072245692315,,0.8240038552594104,0.7565386623629373,,,,,,24,7.5
teacherA,test_w33-36,ge5,all,,95121,93782,,,0.8108844588261879,0.8252543131944297,,0.840504589549619,0.7345012902262694,,,,,,24,7.5
teacherA,test_w33-36,ge5,near,,95121,15221,,,0.8490273807742803,0.7667038959332502,,0.8886648339310241,0.637014650811379,,,,,,24,7.5
teacherA,test_w33-36,ge5,far,,95121,78561,,,0.8034943617682083,0.8365983121396112,,0.8311736609752709,0.7533890861878031,,,,,,24,7.5
teacherA,test_w37-40,all,all,,100000,100000,,,0.7765974702,0.86114,,0.7997024331,0.81046,,,,,,24,11.5
teacherA,test_w37-40,all,near,,100000,12184,,,0.8284201440413657,0.793827971109652,,0.8662242243926461,0.7326001313197636,,,,,,24,11.5
teacherA,test_w37-40,all,far,,100000,87816,,,0.7694073515646351,0.8704791837478364,,0.7904728905894143,0.8212626400655917,,,,,,24,11.5
teacherA,test_w37-40,ge5,all,,95295,92226,,,0.7808920419642655,0.8571660919914124,,0.8102601085334955,0.8064862403226856,,,,,,24,11.5
teacherA,test_w37-40,ge5,near,,95295,11717,,,0.8283063619977803,0.8053255952888965,,0.8685447855079842,0.7371340786890842,,,,,,24,11.5
teacherA,test_w37-40,ge5,far,,95295,80509,,,0.7739915266450752,0.8647107776770299,,0.8017775592519235,0.816579512849495,,,,,,24,11.5
teacherA,test_w41-44,all,all,,100000,100000,,,0.7744463055499999,0.86188,,0.7984785757500001,0.80501,,,,,,24,15.5
teacherA,test_w41-44,all,near,,100000,11009,,,0.8243372767735488,0.8100644926878009,,0.8647430125351985,0.719502225451903,,,,,,24,15.5
teacherA,test_w41-44,all,far,,100000,88991,,,0.7682743364497533,0.8682900518029913,,0.7902810593206056,0.8155880931779618,,,,,,24,15.5
teacherA,test_w41-44,ge5,all,,95403,93678,,,0.7761520927314969,0.8608104357479878,,0.8047791353879098,0.8021734025064583,,,,,,24,15.5
teacherA,test_w41-44,ge5,near,,95403,10688,,,0.8235179270205539,0.8201721556886228,,0.8664265404915461,0.7253929640718563,,,,,,24,15.5
teacherA,test_w41-44,ge5,far,,95403,82990,,,0.7700520079395768,0.8660441016989999,,0.796839775636763,0.8120616941800217,,,,,,24,15.5
teacherA,test_w45-48,all,all,,100000,100000,,,0.74811387985,0.882,,0.7766710781,0.8348,,,,,,24,19.5
teacherA,test_w45-48,all,near,,100000,10212,,,0.8040280772620446,0.8417547982765374,,0.8489695931257344,0.759792401096749,,,,,,24,19.5
teacherA,test_w45-48,all,far,,100000,89788,,,0.741754502383392,0.886577270904798,,0.7684482372366018,0.8433309573662405,,,,,,24,19.5
teacherA,test_w45-48,ge5,all,,95040,92738,,,0.7498704519082324,0.8798550755892945,,0.781520703410092,0.8319135629407578,,,,,,24,19.5
teacherA,test_w45-48,ge5,near,,95040,9889,,,0.8041120643690418,0.8514511072909293,,0.8500501159460925,0.7658003842653454,,,,,,24,19.5
teacherA,test_w45-48,ge5,far,,95040,82849,,,0.7433960791864743,0.8832454223949595,,0.7733409141480792,0.8398049463481756,,,,,,24,19.5
teacherA,test_w49-51,all,all,,100000,100000,,,0.7430183852,0.89032,,0.77183141975,0.84515,,,,,,24,23.0
teacherA,test_w49-51,all,near,,100000,12082,,,0.8006383318159245,0.8453070683661645,,0.8460382457374608,0.763284224466148,,,,,,24,23.0
teacherA,test_w49-51,all,far,,100000,87918,,,0.7351000499897632,0.8965058349825974,,0.7616336573852909,0.85640028208103,,,,,,24,23.0
teacherA,test_w49-51,ge5,all,,94427,93681,,,0.7443544246977953,0.8903086004632743,,0.7744433826997872,0.8434367694623243,,,,,,24,23.0
teacherA,test_w49-51,ge5,near,,94427,11739,,,0.8011504815285317,0.85399097027004,,0.8459921614739622,0.7684640940454894,,,,,,24,23.0
teacherA,test_w49-51,ge5,far,,94427,81942,,,0.7362178291651501,0.8955114593248883,,0.7641933141875464,0.854177344951307,,,,,,24,23.0
