model,split,flows,unknown,temperature,n_known,n_unknown,accuracy,macro_f1,auroc_maha,fpr95_maha,oscr_maha,auroc_knnfeat,fpr95_knnfeat,oscr_knnfeat,ece,nll,brier,aurc,start,weeks_since
teacherA_0,val,all,all,,200000,53779,0.97036,0.957563761766601,0.7520173394354674,0.8937875378865356,0.7335744697744473,0.8295654536157235,0.819204522211272,0.8089745016642184,0.006678097717352163,0.10383006930351257,0.04281903928073604,0.0011209243391918683,11,1.0
teacherA_0,val,all,near,,200000,10959,0.97036,0.957563761766601,0.6528535105849074,0.9090245460352222,0.6380648275390091,0.7015293918240716,0.9042795875536089,0.6862167474222101,0.006678097717352163,0.10383006930351257,0.04281903928073604,0.0011209243391918683,11,1.0
teacherA_0,val,all,far,,200000,42820,0.97036,0.957563761766601,0.777396517398412,0.8898879028491359,0.7580184251517983,0.8623339543437646,0.7974311069593648,0.8403921156001868,0.006678097717352163,0.10383006930351257,0.04281903928073604,0.0011209243391918683,11,1.0
teacherA_0,val,ge5,all,,191366,52270,0.9759988712728489,0.9657748798313466,0.755454035163275,0.8953510617945284,0.7409756351185158,0.8331815147201412,0.8229768509661374,0.8172204288721295,0.005334662690836763,0.08302362263202667,0.03504025573766539,0.0007956283117295709,11,1.0
teacherA_0,val,ge5,near,,191366,10483,0.9759988712728489,0.9657748798313466,0.6577066582311253,0.9092816941715158,0.6460699193094637,0.709820388706452,0.9053706000190785,0.6979584355371756,0.005334662690836763,0.08302362263202667,0.03504025573766539,0.0007956283117295709,11,1.0
teacherA_0,val,ge5,far,,191366,41787,0.9759988712728489,0.9657748798313466,0.7799756747253332,0.8918563189508699,0.7647843942739063,0.864128811343529,0.8023069375643143,0.8471393863500607,0.005334662690836763,0.08302362263202667,0.03504025573766539,0.0007956283117295709,11,1.0
teacherA_0,test_w16-19,all,all,,100000,100000,0.96406,0.948896815313673,0.777093885,0.80435,0.7543638193000001,0.7990099049,0.78488,0.7761924189,0.010417617540657568,0.1447376310825348,0.05361477813982657,0.0019977159075666075,11,3.5
teacherA_0,test_w16-19,all,near,,100000,11980,0.96406,0.948896815313673,0.8095537241235391,0.7762103505843072,0.7851831619365608,0.8514704899833054,0.7107679465776294,0.8258396477462437,0.010417617540657568,0.1447376310825348,0.05361477813982657,0.0019977159075666075,11,3.5
teacherA_0,test_w16-19,all,far,,100000,88020,0.96406,0.948896815313673,0.7726759246194047,0.8081799591002045,0.7501691394001364,0.7918697343785503,0.794967052942513,0.7694351614405817,0.010417617540657568,0.1447376310825348,0.05361477813982657,0.0019977159075666075,11,3.5
teacherA_0,test_w16-19,ge5,all,,96085,89545,0.9687776447936722,0.9537136264722937,0.7933683035876626,0.7916689932436205,0.7736630073578605,0.8231773109834766,0.7676810542185494,0.8033818233666573,0.008947884008422499,0.12503162026405334,0.04683073477929742,0.001560801003120421,11,3.5
teacherA_0,test_w16-19,ge5,near,,96085,11402,0.9687776447936722,0.9537136264722937,0.8126038361691845,0.7708296790036836,0.7919481410608957,0.8560472250946973,0.7059287844237853,0.8344585953151297,0.008947884008422499,0.12503162026405334,0.04683073477929742,0.001560801003120421,11,3.5
teacherA_0,test_w16-19,ge5,far,,96085,78143,0.9687776447936722,0.9537136264722937,0.7905616089061875,0.7947096988853768,0.7709949872603211,0.8183811966713034,0.7766914502898532,0.7988473499812423,0.008947884008422499,0.12503162026405334,0.04683073477929742,0.001560801003120421,11,3.5
teacherA_0,test_w20-23,all,all,,100000,100000,0.95614,0.9308881569496175,0.78419357145,0.79775,0.7563540716999999,0.8020575816,0.77709,0.7743634678,0.015036548898369088,0.19506025314331055,0.0671612120973937,0.003071420811876837,11,7.5
teacherA_0,test_w20-23,all,near,,100000,13417,0.95614,0.9308881569496175,0.8134460121487666,0.7673101289408959,0.7839176939703361,0.8558023425504956,0.7041812625773273,0.8249190474770813,0.015036548898369088,0.19506025314331055,0.0671612120973937,0.003071420811876837,11,7.5
teacherA_0,test_w20-23,all,far,,100000,86583,0.95614,0.9308881569496175,0.7796605800214824,0.8024669969855515,0.7520827814929028,0.7937292324128292,0.788388020743102,0.7665293177644572,0.015036548898369088,0.19506025314331055,0.0671612120973937,0.003071420811876837,11,7.5
teacherA_0,test_w20-23,ge5,all,,95941,89776,0.959892016968762,0.9348819607687001,0.8017650381488634,0.7875267332026377,0.7763589867488792,0.8275794190106192,0.7601474781678845,0.8020515554971928,0.014337950941390367,0.18029794096946716,0.06192874140036257,0.002660712796844504,11,7.5
teacherA_0,test_w20-23,ge5,near,,95941,12762,0.959892016968762,0.9348819607687001,0.8161371813618259,0.7618711800658204,0.7898742785850693,0.8603518778316719,0.702005955179439,0.8327964078887283,0.014337950941390367,0.18029794096946716,0.06192874140036257,0.002660712796844504,11,7.5
teacherA_0,test_w20-23,ge5,far,,95941,77014,0.959892016968762,0.9348819607687001,0.7993834284196735,0.7917781182642117,0.774119365973261,0.8221486905784604,0.7697821175370712,0.7969568219913266,0.014337950941390367,0.18029794096946716,0.06192874140036257,0.002660712796844504,11,7.5
teacherA_0,test_w24-27,all,all,,100000,100000,0.94029,0.8901793045492471,0.76683848,0.83477,0.730785225,0.78714708715,0.80437,0.7513526852999999,0.025658903901427936,0.2881607115268707,0.0928284367134325,0.005479037034831553,11,11.5
teacherA_0,test_w24-27,all,near,,100000,12494,0.94029,0.8901793045492471,0.8154380094445333,0.7771730430606691,0.7754866888106291,0.8561809324475749,0.7250680326556748,0.8146216744037137,0.025658903901427936,0.2881607115268707,0.0928284367134325,0.005479037034831553,11,11.5
teacherA_0,test_w24-27,all,far,,100000,87506,0.94029,0.8901793045492471,0.7598994984343932,0.8429936232944026,0.7244028044934061,0.7772905188787054,0.8156926382190935,0.7423192161680343,0.025658903901427936,0.2881607115268707,0.0928284367134325,0.005479037034831553,11,11.5
teacherA_0,test_w24-27,ge5,all,,96204,89771,0.9442122988649121,0.8936529299397181,0.7848818659633683,0.8221363246482717,0.7509004653185709,0.8118800321787267,0.7904668545521382,0.7781036403335915,0.024198978928056315,0.2685801684856415,0.08664546702471661,0.0048477406788177,11,11.5
teacherA_0,test_w24-27,ge5,near,,96204,11977,0.9442122988649121,0.8936529299397181,0.8171334830333111,0.7744844284879352,0.7805929021227319,0.8603624299803179,0.7258912916423145,0.8223532723057293,0.024198978928056315,0.2685801684856415,0.08664546702471661,0.0048477406788177,11,11.5
teacherA_0,test_w24-27,ge5,far,,96204,77794,0.9442122988649121,0.8936529299397181,0.7799164750894357,0.8294727099776332,0.7463290804353737,0.8044157845700467,0.8004087718847211,0.7712910604157277,0.024198978928056315,0.2685801684856415,0.08664546702471661,0.0048477406788177,11,11.5
teacherA_0,test_w28-31,all,all,,100000,100000,0.91735,0.834852706434493,0.7515229405,0.86562,0.7041141492999999,0.78700843775,0.83741,0.737462084,0.040188413755148616,0.4460463225841522,0.13070257948953523,0.010217818742488666,11,15.5
teacherA_0,test_w28-31,all,near,,100000,15990,0.91735,0.834852706434493,0.7848449790494059,0.8388993120700438,0.7339749899937462,0.8361399787367105,0.78223889931207,0.780958023764853,0.040188413755148616,0.4460463225841522,0.13070257948953523,0.010217818742488666,11,15.5
teacherA_0,test_w28-31,all,far,,100000,84010,0.91735,0.834852706434493,0.745180607487204,0.8707058683490061,0.6984306015950483,0.7776570112486609,0.8479109629805975,0.7291833067491965,0.040188413755148616,0.4460463225841522,0.13070257948953523,0.010217818742488666,11,15.5
teacherA_0,test_w28-31,ge5,all,,95576,94669,0.9221771155938729,0.8387194497330023,0.7575024775321657,0.8628273246786171,0.713486143426693,0.7964676170131864,0.8370004964666364,0.7508730230289287,0.03806617861903468,0.4246339797973633,0.12291153007202127,0.009180076677557627,11,15.5
teacherA_0,test_w28-31,ge5,near,,95576,15420,0.9221771155938729,0.8387194497330023,0.7864004438322869,0.8369001297016861,0.7395964933536435,0.83977461706139,0.7872243839169909,0.7891842641141913,0.03806617861903468,0.4246339797973633,0.12291153007202127,0.009180076677557627,11,15.5
teacherA_0,test_w28-31,ge5,far,,95576,79249,0.9221771155938729,0.8387194497330023,0.7518796098575216,0.8678721498063067,0.7084056806338052,0.7880410887195386,0.8466857625963734,0.7434185524673473,0.03806617861903468,0.4246339797973633,0.12291153007202127,0.009180076677557627,11,15.5
teacherA_0,test_w32-35,all,all,,100000,100000,0.8879,0.7937681507160278,0.7359398239999999,0.88427,0.6743741500999999,0.76936517065,0.86136,0.7045251833,0.06208050058290364,0.6646178960800171,0.1782865945321327,0.01661108091519897,11,19.5
teacherA_0,test_w32-35,all,near,,100000,16559,0.8879,0.7937681507160278,0.780345823117338,0.8572377559031342,0.7126369672081646,0.8323937487167099,0.8132737484147593,0.7585026142883025,0.06208050058290364,0.6646178960800171,0.1782865945321327,0.01661108091519897,11,19.5
teacherA_0,test_w32-35,all,far,,100000,83441,0.8879,0.7937681507160278,0.7271273824019368,0.8896345921069978,0.6667808328040172,0.7568570484533982,0.8709027935906808,0.6938132757277597,0.06208050058290364,0.6646178960800171,0.1782865945321327,0.01661108091519897,11,19.5
teacherA_0,test_w32-35,ge5,all,,95262,94615,0.8949423694652642,0.7963410058025251,0.7397041640017046,0.8832214765100671,0.6837339062530405,0.7769070905231007,0.8612587856048195,0.7183675432106924,0.05803677079650982,0.6203615665435791,0.1672057825106804,0.015101811048717438,11,19.5
teacherA_0,test_w32-35,ge5,near,,95262,16006,0.8949423694652642,0.7963410058025251,0.7790457981901471,0.8596776208921655,0.718073653585423,0.8342972585129415,0.8183806072722729,0.7675578997895944,0.05803677079650982,0.6203615665435791,0.1672057825106804,0.015101811048717438,11,19.5
teacherA_0,test_w32-35,ge5,far,,95262,78609,0.8949423694652642,0.7963410058025251,0.7316936029104781,0.8880153671971402,0.6767418061652374,0.7652215706863722,0.8699894414125608,0.7083516309436252,0.05803677079650982,0.6203615665435791,0.1672057825106804,0.015101811048717438,11,19.5
teacherA_0,test_w36-39,all,all,,100000,100000,0.86841,0.7762019696638373,0.7139565414000001,0.89391,0.6404324309999999,0.7353280591,0.86665,0.6608682339,0.07490833244636654,0.7861431241035461,0.20762831500340087,0.02208701026418916,11,23.5
teacherA_0,test_w36-39,all,near,,100000,12548,0.86841,0.7762019696638373,0.7753666652056106,0.8590213579853363,0.6924781662416323,0.8238618030761874,0.8187759005419191,0.7359186236850495,0.07490833244636654,0.7861431241035461,0.20762831500340087,0.02208701026418916,11,23.5
teacherA_0,test_w36-39,all,far,,100000,87452,0.86841,0.7762019696638373,0.7051451450509993,0.8989159767643965,0.632964678566528,0.7226248456867768,0.873519187668664,0.6500996718199697,0.07490833244636654,0.7861431241035461,0.20762831500340087,0.02208701026418916,11,23.5
teacherA_0,test_w36-39,ge5,all,,95184,91735,0.8782463439233484,0.7802936300030727,0.7219528520127704,0.8926036954270453,0.6561226051101339,0.7526830223924303,0.8612743227775658,0.6860588015060849,0.06961963946526692,0.7217182517051697,0.19349432728626142,0.02023083438570516,11,23.5
teacherA_0,test_w36-39,ge5,near,,95184,12085,0.8782463439233484,0.7802936300030727,0.7731667134719031,0.8647910633016136,0.7001468470831193,0.825910957349302,0.8203558129913116,0.7479534010402724,0.06961963946526692,0.7217182517051697,0.19349432728626142,0.02023083438570516,11,23.5
teacherA_0,test_w36-39,ge5,far,,95184,79650,0.8782463439233484,0.7802936300030727,0.7141823621730514,0.8968236032642812,0.64944296965196,0.7415724185763125,0.8674827369742624,0.676667762769479,0.06961963946526692,0.7217182517051697,0.19349432728626142,0.02023083438570516,11,23.5
teacherA_0,test_w40-43,all,all,,100000,100000,0.86205,0.770648079356839,0.7173190858500001,0.89157,0.6378674647999999,0.738000137,0.86875,0.6583555646000001,0.08067721216842534,0.8397836089134216,0.21914374876241952,0.024122332650118913,11,27.5
teacherA_0,test_w40-43,all,near,,100000,10904,0.86205,0.770648079356839,0.7663181827769627,0.8506052824651504,0.6790090801540719,0.8183901311445342,0.8215333822450477,0.7259630750183419,0.08067721216842534,0.8397836089134216,0.21914374876241952,0.024122332650118913,11,27.5
teacherA_0,test_w40-43,all,far,,100000,89096,0.86205,0.770648079356839,0.7113223390500134,0.8965834605369489,0.6328323546511628,0.7281616201625214,0.8745285983658077,0.6500814300305287,0.08067721216842534,0.8397836089134216,0.21914374876241952,0.024122332650118913,11,27.5
teacherA_0,test_w40-43,ge5,all,,95288,93977,0.8706342876332802,0.776397889029848,0.7198532880770221,0.8929312491354268,0.647381309139221,0.7482588606050184,0.8676803898826309,0.6758173456140872,0.07624325570666429,0.7778522968292236,0.20674372364461754,0.022300983349095645,11,27.5
teacherA_0,test_w40-43,ge5,near,,95288,10557,0.8706342876332802,0.776397889029848,0.7645566759392048,0.8597139338827319,0.6854477823100662,0.8198456406541182,0.8248555460831676,0.7361149403066586,0.07624325570666429,0.7778522968292236,0.20674372364461754,0.022300983349095645,11,27.5
teacherA_0,test_w40-43,ge5,far,,95288,83420,0.8706342876332802,0.776397889029848,0.7141959677022792,0.8971349796211939,0.6425639061511533,0.7391993828181767,0.873099976024934,0.668186541164681,0.07624325570666429,0.7778522968292236,0.20674372364461754,0.022300983349095645,11,27.5
teacherA_0,test_w44-47,all,all,,100000,100000,0.83663,0.7458441055771402,0.6948919107499999,0.91207,0.6056789696,0.71822576575,0.89427,0.6285400296,0.09794440047860142,1.0314717292785645,0.25927005645130535,0.031269740918100655,11,31.5
teacherA_0,test_w44-47,all,near,,100000,10628,0.83663,0.7458441055771402,0.742843285190064,0.9050621001129093,0.6444703443733534,0.798906947214904,0.8576401957094467,0.6936652738050433,0.09794440047860142,1.0314717292785645,0.25927005645130535,0.031269740918100655,11,31.5
teacherA_0,test_w44-47,all,far,,100000,89372,0.83663,0.7458441055771402,0.6891895967417089,0.9129033701830551,0.6010659506333078,0.7086312663921587,0.8986259678646557,0.6207954217204493,0.09794440047860142,1.0314717292785645,0.25927005645130535,0.031269740918100655,11,31.5
teacherA_0,test_w44-47,ge5,all,,94936,92436,0.8452536445605461,0.7530014081326313,0.6975704646745344,0.9110303345017093,0.6146724775000323,0.7265441207994167,0.8908650309403263,0.6438991805126725,0.09316704671393905,0.9450258016586304,0.2466274455720585,0.028577827033560137,11,31.5
teacherA_0,test_w44-47,ge5,near,,94936,10310,0.8452536445605461,0.7530014081326313,0.7404068641229495,0.9095053346265761,0.6500889281518728,0.7983480785094937,0.8595538312318137,0.7022682747444049,0.09316704671393905,0.9450258016586304,0.2466274455720585,0.028577827033560137,11,31.5
teacherA_0,test_w44-47,ge5,far,,94936,82126,0.8452536445605461,0.7530014081326313,0.692192834224821,0.9112217811655261,0.6102263385644883,0.7175299376662932,0.8947958015731924,0.6365715941024106,0.09316704671393905,0.9450258016586304,0.2466274455720585,0.028577827033560137,11,31.5
teacherA_0,test_w48-51,all,all,,100000,100000,0.82518,0.7315896608610708,0.6906503596,0.91551,0.5959152755,0.71564852695,0.89295,0.6203995858,0.1086316663017869,1.2179038524627686,0.2818881859406213,0.035742953144935946,11,35.333333333333336
teacherA_0,test_w48-51,all,near,,100000,10972,0.82518,0.7315896608610708,0.7482352975756472,0.8992890995260664,0.6409684278162595,0.8040731985964272,0.8417790740065622,0.6893943574553408,0.1086316663017869,1.2179038524627686,0.2818881859406213,0.035742953144935946,11,35.333333333333336
teacherA_0,test_w48-51,all,far,,100000,89028,0.82518,0.7315896608610708,0.683553469414117,0.9175090982612212,0.5903628292222671,0.7047508824190143,0.8992564137125398,0.6118965234532955,0.1086316663017869,1.2179038524627686,0.2818881859406213,0.035742953144935946,11,35.333333333333336
teacherA_0,test_w48-51,ge5,all,,94668,93780,0.8351185194574724,0.7396686062945861,0.6904509455581276,0.9156856472595436,0.6039206379889057,0.72058956198593,0.8909575602473875,0.6344417177385057,0.10275724181144255,1.0957094430923462,0.2666828600082548,0.03198135633689913,11,35.333333333333336
teacherA_0,test_w48-51,ge5,near,,94668,10675,0.8351185194574724,0.7396686062945861,0.7443665850997184,0.9041686182669789,0.6470732575689883,0.8022855750588598,0.8462763466042155,0.6983522981683109,0.10275724181144255,1.0957094430923462,0.2666828600082548,0.03198135633689913,11,35.333333333333336
teacherA_0,test_w48-51,ge5,far,,94668,83105,0.8351185194574724,0.7396686062945861,0.683525376072459,0.9171650321881957,0.5983775994952244,0.7100955491160242,0.8966969496420192,0.626232278521994,0.10275724181144255,1.0957094430923462,0.2666828600082548,0.03198135633689913,11,35.333333333333336
teacherA_1,val,all,all,,200000,53779,0.97032,0.9575823346366056,0.763550000511352,0.8853641756075792,0.7447709573439447,0.831516551813905,0.8334108109113223,0.8111158610238196,0.007479320164620881,0.10531412065029144,0.0428776443812133,0.0011468155559751906,11,1.0
teacherA_1,val,all,near,,200000,10959,0.97032,0.9575823346366056,0.674495634638197,0.9047358335614564,0.6590504065151931,0.7105127267542659,0.897162149831189,0.6952032247467835,0.007479320164620881,0.10531412065029144,0.0428776443812133,0.0011468155559751906,11,1.0
teacherA_1,val,all,far,,200000,42820,0.97032,0.9575823346366056,0.7863418453409622,0.8804063521718823,0.7667095728631481,0.8624852794838861,0.8170948155067725,0.8407815915460066,0.007479320164620881,0.10531412065029144,0.0428776443812133,0.0011468155559751906,11,1.0
teacherA_1,val,ge5,all,,191366,52270,0.9758786827336099,0.9655226179006731,0.7666055648858245,0.8852496651999234,0.7518623775053586,0.8348705047543348,0.8353548880811172,0.8190514506461066,0.006199972859807066,0.08460582792758942,0.03513144797171971,0.0008239343311899645,11,1.0
teacherA_1,val,ge5,near,,191366,10483,0.9758786827336099,0.9655226179006731,0.6781329825907721,0.9034627492130115,0.6659618760093198,0.7182140681342926,0.8960221310693504,0.7063226813371459,0.006199972859807066,0.08460582792758942,0.03513144797171971,0.0008239343311899645,11,1.0
teacherA_1,val,ge5,far,,191366,41787,0.9758786827336099,0.9655226179006731,0.7888004599536456,0.8806805944432479,0.7734120211070283,0.8641358127469619,0.8201354488237969,0.8473314345804841,0.006199972859807066,0.08460582792758942,0.03513144797171971,0.0008239343311899645,11,1.0
teacherA_1,test_w16-19,all,all,,100000,100000,0.96548,0.9511212670010588,0.7712128954499999,0.83746,0.7499046776,0.7976107619999999,0.82016,0.7762022885000001,0.010517980737537097,0.1377774178981781,0.05141680110649984,0.0018742145036689678,11,3.5
teacherA_1,test_w16-19,all,near,,100000,11980,0.96548,0.9511212670010588,0.8183688464106845,0.8266277128547579,0.7947884741235393,0.8552270283806345,0.7296327212020033,0.8307475350584308,0.010517980737537097,0.1377774178981781,0.05141680110649984,0.0018742145036689678,11,3.5
teacherA_1,test_w16-19,all,far,,100000,88020,0.96548,0.9511212670010588,0.7647947144399,0.8389343331061122,0.7437957491479208,0.7897688752556237,0.8324812542603953,0.7687783842308566,0.010517980737537097,0.1377774178981781,0.05141680110649984,0.0018742145036689678,11,3.5
teacherA_1,test_w16-19,ge5,all,,96085,89545,0.9700577613571317,0.9562196233254716,0.7841031021362784,0.8293483723267631,0.7659162524754347,0.8172164478544348,0.8058406387849685,0.7989146974043289,0.009162552008589387,0.11783845722675323,0.04490283431704138,0.0014341936780005687,11,3.5
teacherA_1,test_w16-19,ge5,near,,96085,11402,0.9700577613571317,0.9562196233254716,0.8217490265742077,0.8232766181371689,0.8019482654720228,0.8602337193093472,0.7272408349412384,0.8397347087429176,0.009162552008589387,0.11783845722675323,0.04490283431704138,0.0014341936780005687,11,3.5
teacherA_1,test_w16-19,ge5,far,,96085,78143,0.9700577613571317,0.9562196233254716,0.7786101106918588,0.8302343140140511,0.760658750047999,0.8109397125214053,0.8173092919391373,0.7929585686495766,0.009162552008589387,0.11783845722675323,0.04490283431704138,0.0014341936780005687,11,3.5
teacherA_1,test_w20-23,all,all,,100000,100000,0.95683,0.9303492452325518,0.78025934,0.81975,0.7537992310999999,0.8020341194,0.80733,0.7759415788,0.01587743447616701,0.18630637228488922,0.06462208749172177,0.0028260628160702256,11,7.5
teacherA_1,test_w20-23,all,near,,100000,13417,0.95683,0.9303492452325518,0.826174919877767,0.8334202876947157,0.7971940746813744,0.8612234914660505,0.7416710143847358,0.8315284683610346,0.01587743447616701,0.18630637228488922,0.06462208749172177,0.0028260628160702256,11,7.5
teacherA_1,test_w20-23,all,far,,100000,86583,0.95683,0.9303492452325518,0.7731442096023468,0.8176316366954252,0.7470747168612777,0.7928620670916924,0.8175045909705139,0.7673277712714968,0.01587743447616701,0.18630637228488922,0.06462208749172177,0.0028260628160702256,11,7.5
teacherA_1,test_w20-23,ge5,all,,95941,89776,0.9606320551172074,0.9347534794626304,0.7944314786994706,0.8117314204241668,0.7704943839766403,0.8230513298509547,0.7919265728034218,0.7992991599696444,0.015146273408695964,0.17116926610469818,0.05939662692204896,0.0024426622480408474,11,7.5
teacherA_1,test_w20-23,ge5,near,,95941,12762,0.9606320551172074,0.9347534794626304,0.8299183294362622,0.8308258893590347,0.8041881308495828,0.8665283495051934,0.7371885284438175,0.8401620065952322,0.015146273408695964,0.17116926610469818,0.05939662692204896,0.0024426622480408474,11,7.5
teacherA_1,test_w20-23,ge5,far,,95941,77014,0.9606320551172074,0.9347534794626304,0.7885509480283854,0.8085672734827434,0.7649109887810589,0.8158467472448391,0.8009972212844418,0.7925277723175842,0.015146273408695964,0.17116926610469818,0.05939662692204896,0.0024426622480408474,11,7.5
teacherA_1,test_w24-27,all,all,,100000,100000,0.94134,0.8970205722882719,0.7647321093000001,0.84142,0.7306236006,0.7878588443,0.82442,0.7540561187000001,0.025775627911686888,0.28285282850265503,0.09002113926244025,0.005073399487355979,11,11.5
teacherA_1,test_w24-27,all,near,,100000,12494,0.94134,0.8970205722882719,0.8166681767248279,0.852729310068833,0.77873124139587,0.8557074715863615,0.7582839763086281,0.8164710837201857,0.025775627911686888,0.28285282850265503,0.09002113926244025,0.005073399487355979,11,11.5
teacherA_1,test_w24-27,all,far,,100000,87506,0.94134,0.8970205722882719,0.7573167409091948,0.8398052704957374,0.7237548502959796,0.7781715000114279,0.8338628208351427,0.7451445860855255,0.025775627911686888,0.28285282850265503,0.09002113926244025,0.005073399487355979,11,11.5
teacherA_1,test_w24-27,ge5,all,,96204,89771,0.9451893892145856,0.900816575746068,0.7792726561466758,0.8350246738924597,0.7472634972309607,0.8081633873005067,0.8106181283487986,0.7765839890363309,0.024294143751053595,0.2631531357765198,0.08416922011565445,0.00451203576175231,11,11.5
teacherA_1,test_w24-27,ge5,near,,96204,11977,0.9451893892145856,0.900816575746068,0.8190756284305775,0.852467228855306,0.7844333346882649,0.8600889888717071,0.7581197294815062,0.8243597079564584,0.024294143751053595,0.2631531357765198,0.08416922011565445,0.00451203576175231,11,11.5
teacherA_1,test_w24-27,ge5,far,,96204,77794,0.9451893892145856,0.900816575746068,0.7731446745665503,0.8323392549553951,0.7415409075296197,0.8001690313088072,0.8187006710029051,0.7692285402162885,0.024294143751053595,0.2631531357765198,0.08416922011565445,0.00451203576175231,11,11.5
teacherA_1,test_w28-31,all,all,,100000,100000,0.91801,0.8332369063583195,0.7519828509000002,0.87258,0.7077699271,0.7841153489500001,0.84888,0.7377346558000001,0.04180584992036228,0.4515085816383362,0.12960639204543375,0.009709114197650059,11,15.5
teacherA_1,test_w28-31,all,near,,100000,15990,0.91801,0.8332369063583195,0.7892691466541588,0.8897435897435897,0.7416365447154472,0.8368559262038775,0.8061913696060038,0.7848708280175111,0.04180584992036228,0.4515085816383362,0.12960639204543375,0.009709114197650059,11,15.5
teacherA_1,test_w28-31,all,far,,100000,84010,0.91801,0.8332369063583195,0.7448859830377336,0.8693131770027378,0.7013239419116772,0.7740769983930484,0.8570051184382812,0.7287630167837162,0.04180584992036228,0.4515085816383362,0.12960639204543375,0.009709114197650059,11,15.5
teacherA_1,test_w28-31,ge5,all,,95576,94669,0.922899054155855,0.8369434034772606,0.7549666399860431,0.8713834518163285,0.7144179091662102,0.7906926406741728,0.847785441908122,0.7487736501365222,0.03996266596841844,0.42920756340026855,0.12174874707140762,0.008758142611248566,11,15.5
teacherA_1,test_w28-31,ge5,near,,95576,15420,0.922899054155855,0.8369434034772606,0.7903848342093924,0.8909208819714657,0.7470285949769284,0.8400731646239765,0.8098573281452659,0.7930021810825307,0.03996266596841844,0.42920756340026855,0.12174874707140762,0.008758142611248566,11,15.5
teacherA_1,test_w28-31,ge5,far,,95576,79249,0.922899054155855,0.8369434034772606,0.7480750886109588,0.8675819253239788,0.708072633198043,0.7810843468243327,0.8551653648626482,0.7401678135053034,0.03996266596841844,0.42920756340026855,0.12174874707140762,0.008758142611248566,11,15.5
teacherA_1,test_w32-35,all,all,,100000,100000,0.88736,0.7945792054180217,0.73704761925,0.89992,0.6766440199,0.7679197648,0.87445,0.7038645834999999,0.06575409374773504,0.6887169480323792,0.17973895012897018,0.016998770057722917,11,19.5
teacherA_1,test_w32-35,all,near,,100000,16559,0.88736,0.7945792054180217,0.7893945703242949,0.9052479014433239,0.7222006057129053,0.8345101343680174,0.83833564828794,0.7612028280693278,0.06575409374773504,0.6887169480323792,0.17973895012897018,0.016998770057722917,11,19.5
teacherA_1,test_w32-35,all,far,,100000,83441,0.88736,0.7945792054180217,0.72665928302633,0.898862669431095,0.6676032425306504,0.7547047993792021,0.8816169508994379,0.6924857170935151,0.06575409374773504,0.6887169480323792,0.17973895012897018,0.016998770057722917,11,19.5
teacherA_1,test_w32-35,ge5,all,,95262,94615,0.8945854590497785,0.7980144732497536,0.7389964748346659,0.8994873962902288,0.6842401676082224,0.7732053980392897,0.874840141626592,0.71593642888411,0.061538832688449965,0.6408460140228271,0.16868407092050205,0.015539820344169446,11,19.5
teacherA_1,test_w32-35,ge5,near,,95262,16006,0.8945854590497785,0.7980144732497536,0.7876009150223848,0.9073472447832063,0.7272675294475096,0.8357589618490702,0.8441209546420092,0.769955182927206,0.061538832688449965,0.6408460140228271,0.16868407092050205,0.015539820344169446,11,19.5
teacherA_1,test_w32-35,ge5,far,,95262,78609,0.8945854590497785,0.7980144732497536,0.7290998641457546,0.897887010393212,0.6754791357467357,0.7604685314929738,0.8810950400081415,0.7049373807189661,0.061538832688449965,0.6408460140228271,0.16868407092050205,0.015539820344169446,11,19.5
teacherA_1,test_w36-39,all,all,,100000,100000,0.86242,0.7744928110627203,0.7073038793,0.90677,0.6331162342999999,0.7327837215,0.89398,0.6564155629,0.08417824347078799,0.8535938858985901,0.2195097469251439,0.023871663029878882,11,23.5
teacherA_1,test_w36-39,all,near,,100000,12548,0.86242,0.7744928110627203,0.7757100860694931,0.9168791839336946,0.6913877701625757,0.82470407036978,0.87041759642971,0.7339105459037297,0.08417824347078799,0.8535938858985901,0.2195097469251439,0.023871663029878882,11,23.5
teacherA_1,test_w36-39,all,far,,100000,87452,0.86242,0.7744928110627203,0.6974886540044825,0.9053194895485523,0.6247551764396468,0.719594583028404,0.8973608379453872,0.6452962397658143,0.08417824347078799,0.8535938858985901,0.2195097469251439,0.023871663029878882,11,23.5
teacherA_1,test_w36-39,ge5,all,,95184,91735,0.8720898470331148,0.7790670060826146,0.7118371785918394,0.9052924183790265,0.6454164080802628,0.7465504869184619,0.888940971275958,0.6781854447007701,0.07848785664062148,0.7883737683296204,0.20580766588810087,0.02194205545023855,11,23.5
teacherA_1,test_w36-39,ge5,near,,95184,12085,0.8720898470331148,0.7790670060826146,0.7730314742439407,0.9180802647910633,0.6983842830588759,0.8263448820560197,0.873396772858916,0.7455470146430844,0.07848785664062148,0.7883737683296204,0.20580766588810087,0.02194205545023855,11,23.5
teacherA_1,test_w36-39,ge5,far,,95184,79650,0.8720898470331148,0.7790670060826146,0.7025523943739403,0.9033521657250471,0.6373797882545685,0.7344435783781309,0.8912994350282486,0.667964922757859,0.07848785664062148,0.7883737683296204,0.20580766588810087,0.02194205545023855,11,23.5
teacherA_1,test_w40-43,all,all,,100000,100000,0.85709,0.7665661058477431,0.70556680465,0.90223,0.6266670301000001,0.7319503680000001,0.89113,0.6515936702,0.08790307799331848,0.9078707098960876,0.22911781045888513,0.026096927848099402,11,27.5
teacherA_1,test_w40-43,all,near,,100000,10904,0.85709,0.7665661058477431,0.772507868672047,0.9082905355832722,0.6833994121423331,0.8227318928833457,0.8561995597945709,0.7276805117388114,0.08790307799331848,0.9078707098960876,0.22911781045888513,0.026096927848099402,11,27.5
teacherA_1,test_w40-43,all,far,,100000,89096,0.85709,0.7665661058477431,0.6973742330183172,0.9014882823022358,0.619723846412858,0.7208400853012481,0.8954049564514681,0.6422817940199336,0.08790307799331848,0.9078707098960876,0.22911781045888513,0.026096927848099402,11,27.5
teacherA_1,test_w40-43,ge5,all,,95288,93977,0.8654185206951558,0.7729935989570754,0.7057543916430313,0.9023058833544378,0.6335432759330921,0.7395997558772972,0.8879832299392405,0.6664376597363048,0.08334877021586028,0.8454566597938538,0.21722420912623724,0.024250512198954494,11,27.5
teacherA_1,test_w40-43,ge5,near,,95288,10557,0.8654185206951558,0.7729935989570754,0.7703198771783342,0.909443970825045,0.6891940994331303,0.8238987939401878,0.8568722174860283,0.7374283563676345,0.08334877021586028,0.8454566597938538,0.21722420912623724,0.024250512198954494,11,27.5
teacherA_1,test_w40-43,ge5,far,,95288,83420,0.8654185206951558,0.7729935989570754,0.6975834754263425,0.9014025413569887,0.6265005314630621,0.7289315115134763,0.8919204027811076,0.65745361772795,0.08334877021586028,0.8454566597938538,0.21722420912623724,0.024250512198954494,11,27.5
teacherA_1,test_w44-47,all,all,,100000,100000,0.83354,0.7397783398388067,0.6833369703,0.91069,0.594097578,0.7139782962,0.90409,0.6232781739,0.10239081572070717,1.1226040124893188,0.26653290074539454,0.0335654497757907,11,31.5
teacherA_1,test_w44-47,all,near,,100000,10628,0.83354,0.7397783398388067,0.7529334649040271,0.9386526157320286,0.6511555325555137,0.8085424308430561,0.8840797892359804,0.6994200028227324,0.10239081572070717,1.1226040124893188,0.26653290074539454,0.0335654497757907,11,31.5
teacherA_1,test_w44-47,all,far,,100000,89372,0.83354,0.7397783398388067,0.6750606472385087,0.9073647227319518,0.587312321532471,0.7027328544174911,0.9064695877903594,0.6142234883408673,0.10239081572070717,1.1226040124893188,0.26653290074539454,0.0335654497757907,11,31.5
teacherA_1,test_w44-47,ge5,all,,94936,92436,0.8417986854301845,0.7470546167088042,0.6826239810235512,0.9093102254532865,0.600274377104,0.7194606102887973,0.9006664070275651,0.6359654237462964,0.0973050746836947,1.034661054611206,0.25393347846278674,0.03051499495534045,11,31.5
teacherA_1,test_w44-47,ge5,near,,94936,10310,0.8417986854301845,0.7470546167088042,0.7494912484612637,0.9409311348205626,0.6561110248595062,0.8077191836501503,0.8880698351115421,0.7075364509181417,0.0973050746836947,1.034661054611206,0.25393347846278674,0.03051499495534045,11,31.5
teacherA_1,test_w44-47,ge5,far,,94936,82126,0.8417986854301845,0.7470546167088042,0.6742295440939209,0.905340574239583,0.5932647110011913,0.7083807343499282,0.9022477656284246,0.626980482434876,0.0973050746836947,1.034661054611206,0.25393347846278674,0.03051499495534045,11,31.5
teacherA_1,test_w48-51,all,all,,100000,100000,0.81976,0.7231287024899115,0.67749365925,0.91623,0.5831259251999998,0.71110405335,0.90848,0.6148315191,0.11610148045018318,1.306274175643921,0.29203391214917196,0.03902734377970495,11,35.333333333333336
teacherA_1,test_w48-51,all,near,,100000,10972,0.81976,0.7231287024899115,0.7481230117572002,0.9494166970470288,0.6395201795479402,0.8049792307692307,0.8861647830842143,0.6879938971928545,0.11610148045018318,1.306274175643921,0.29203391214917196,0.03902734377970495,11,35.333333333333336
teacherA_1,test_w48-51,all,far,,100000,89028,0.81976,0.7231287024899115,0.6687891476838747,0.9121400008985937,0.5761757773958756,0.6995346768994024,0.9112301747764748,0.6058148320753021,0.11610148045018318,1.306274175643921,0.29203391214917196,0.03902734377970495,11,35.333333333333336
teacherA_1,test_w48-51,ge5,all,,94668,93780,0.8292981788988888,0.7312112609025313,0.6731457679855879,0.9178822776711453,0.5880866712671804,0.7130509773892959,0.9078268287481339,0.6261043644524196,0.10958095095608128,1.1761866807937622,0.2766345110577873,0.03450536460915346,11,35.333333333333336
teacherA_1,test_w48-51,ge5,near,,94668,10675,0.8292981788988888,0.7312112609025313,0.7430799181935855,0.9530679156908665,0.6448919220618556,0.8025494688253063,0.8930210772833723,0.6961679178777275,0.10958095095608128,1.1761866807937622,0.2766345110577873,0.03450536460915346,11,35.333333333333336
teacherA_1,test_w48-51,ge5,far,,94668,83105,0.8292981788988888,0.7312112609025313,0.6641625894347138,0.9133626135611576,0.5807899255571369,0.7015547208935446,0.9097286565188617,0.6171045638048634,0.10958095095608128,1.1761866807937622,0.2766345110577873,0.03450536460915346,11,35.333333333333336
teacherA_2,val,all,all,,200000,53779,0.970885,0.9583637058342117,0.7765731141802562,0.882593577418695,0.7574954946168578,0.8385335149872627,0.8154484092303688,0.8180688143141375,0.006878037044480456,0.10420253872871399,0.04219942850625644,0.001107534489744623,11,1.0
teacherA_2,val,all,near,,200000,10959,0.970885,0.9583637058342117,0.6663878583812392,0.927365635550689,0.6514249124007664,0.7075595467195912,0.9148644949356693,0.6925088863034949,0.006878037044480456,0.10420253872871399,0.04219942850625644,0.001107534489744623,11,1.0
teacherA_2,val,all,far,,200000,42820,0.970885,0.9583637058342117,0.8047730258640822,0.8711349836524989,0.7846423304530592,0.8720539194301729,0.7900046707146193,0.850203593647828,0.006878037044480456,0.10420253872871399,0.04219942850625644,0.001107534489744623,11,1.0
teacherA_2,val,ge5,all,,191366,52270,0.9762287971740017,0.9656577873363721,0.7802232833351903,0.884465276449206,0.7651784094848095,0.8423749166977483,0.8195523244691028,0.8264034070150266,0.00583711296348613,0.08408297598361969,0.03476709851132304,0.0007986104575195042,11,1.0
teacherA_2,val,ge5,near,,191366,10483,0.9762287971740017,0.9656577873363721,0.6713135412825976,0.9287417723933988,0.6595155154616414,0.7156854634548664,0.9155776018315368,0.704005412663042,0.00583711296348613,0.08408297598361969,0.03476709851132304,0.0007986104575195042,11,1.0
teacherA_2,val,ge5,far,,191366,41787,0.9762287971740017,0.9656577873363721,0.8075451974696658,0.8733577428386818,0.7916857949885515,0.8741571824345836,0.7954627037116807,0.8571090852114,0.00583711296348613,0.08408297598361969,0.03476709851132304,0.0007986104575195042,11,1.0
teacherA_2,test_w16-19,all,all,,100000,100000,0.96613,0.9525742211009691,0.7699374043,0.83084,0.7484610754,0.79694227025,0.81335,0.7754673762,0.00973069905668493,0.13452811539173126,0.0498945596081036,0.0017878472152837413,11,3.5
teacherA_2,test_w16-19,all,near,,100000,11980,0.96613,0.9525742211009691,0.815312303839733,0.802253756260434,0.7917166894824708,0.8586792416527546,0.7215358931552588,0.83406431803005,0.00973069905668493,0.13452811539173126,0.0498945596081036,0.0017878472152837413,11,3.5
teacherA_2,test_w16-19,all,far,,100000,88020,0.96613,0.9525742211009691,0.763761634060441,0.8347307430129516,0.7425737514201318,0.7885395331742786,0.825846398545785,0.767492014201318,0.00973069905668493,0.13452811539173126,0.0498945596081036,0.0017878472152837413,11,3.5
teacherA_2,test_w16-19,ge5,all,,96085,89545,0.9708487276890253,0.9575857252941484,0.7866072833862374,0.8209056898765984,0.7682550404364135,0.8191176881575122,0.799787816181808,0.800810654192431,0.008232120765187912,0.1149386540055275,0.04324781060006492,0.0014049547222965033,11,3.5
teacherA_2,test_w16-19,ge5,near,,96085,11402,0.9708487276890253,0.9575857252941484,0.8193741555298095,0.7977547798631819,0.7996450029348886,0.8637486170671784,0.718733555516576,0.8432674662976601,0.008232120765187912,0.1149386540055275,0.04324781060006492,0.0014049547222965033,11,3.5
teacherA_2,test_w16-19,ge5,far,,96085,78143,0.9708487276890253,0.9575857252941484,0.7818262041317807,0.824283685038967,0.7636748687971419,0.8126055008671851,0.8116146039952395,0.7946156965938769,0.008232120765187912,0.1149386540055275,0.04324781060006492,0.0014049547222965033,11,3.5
teacherA_2,test_w20-23,all,all,,100000,100000,0.95654,0.930456242239155,0.7760841007500001,0.82607,0.7497609636000001,0.7978331077,0.81293,0.7715621919000001,0.015570340818017746,0.1824512481689453,0.06458606847396738,0.0027791337318051287,11,7.5
teacherA_2,test_w20-23,all,near,,100000,13417,0.95654,0.930456242239155,0.8231532604158902,0.8054706715361108,0.7941939464858017,0.8630597089513303,0.7313855556383693,0.832873597674592,0.015570340818017746,0.1824512481689453,0.06458606847396738,0.0027791337318051287,11,7.5
teacherA_2,test_w20-23,all,far,,100000,86583,0.95654,0.930456242239155,0.7687902103184228,0.8292620953304921,0.7428755781157963,0.7877255195015188,0.8255662196967072,0.7620613068385248,0.015570340818017746,0.1824512481689453,0.06458606847396738,0.0027791337318051287,11,7.5
teacherA_2,test_w20-23,ge5,all,,95941,89776,0.9605486705371009,0.9351099738291098,0.7942610656551194,0.8186152201033684,0.7704375025568897,0.8213120018586135,0.8000690607734806,0.7974991762921279,0.014641644507905926,0.1670689582824707,0.05915593180128464,0.002402536072968448,11,7.5
teacherA_2,test_w20-23,ge5,near,,95941,12762,0.9605486705371009,0.9351099738291098,0.827401442462089,0.8031656480175521,0.8018200091012484,0.8680265502037203,0.7285691897821658,0.8414156036231201,0.014641644507905926,0.1670689582824707,0.05915593180128464,0.002402536072968448,11,7.5
teacherA_2,test_w20-23,ge5,far,,95941,77014,0.9605486705371009,0.9351099738291098,0.788769369485455,0.8211753707118187,0.7652371032980653,0.8135709279502299,0.8119173137351651,0.7902217793824992,0.014641644507905926,0.1670689582824707,0.05915593180128464,0.002402536072968448,11,7.5
teacherA_2,test_w24-27,all,all,,100000,100000,0.93773,0.8856184294282243,0.7587908815500001,0.86027,0.7243428932,0.7802077366999999,0.8538,0.7460631937999999,0.027429677949771282,0.28224584460258484,0.09399024918250293,0.005283968980919281,11,11.5
teacherA_2,test_w24-27,all,near,,100000,12494,0.93773,0.8856184294282243,0.8152526036497518,0.8364815111253402,0.7763617216263807,0.8581946418280775,0.7725308147910998,0.8173922410757164,0.027429677949771282,0.28224584460258484,0.09399024918250293,0.005283968980919281,11,11.5
teacherA_2,test_w24-27,all,far,,100000,87506,0.93773,0.8856184294282243,0.750729345702009,0.8636664914405869,0.7169157082942884,0.7690728614609283,0.86540351518753,0.7358789193883848,0.027429677949771282,0.28224584460258484,0.09399024918250293,0.005283968980919281,11,11.5
teacherA_2,test_w24-27,ge5,all,,96204,89771,0.9414369464887115,0.8889706332190989,0.77639041698216,0.8523353867061746,0.743957993809167,0.802858409920258,0.8441813057668958,0.7707111688447752,0.026011034693815417,0.26297223567962646,0.08820311910113698,0.004683250901254317,11,11.5
teacherA_2,test_w24-27,ge5,near,,96204,11977,0.9414369464887115,0.8889706332190989,0.8174763409523986,0.8367704767470986,0.7819278811754655,0.8619697774441052,0.7725640811555481,0.8246585462211857,0.026011034693815417,0.26297223567962646,0.08820311910113698,0.004683250901254317,11,11.5
teacherA_2,test_w24-27,ge5,far,,96204,77794,0.9414369464887115,0.8889706332190989,0.7700649148689951,0.8547317273825745,0.7381122301129159,0.7937577485731988,0.8552073424685709,0.7624055445185124,0.026011034693815417,0.26297223567962646,0.08820311910113698,0.004683250901254317,11,11.5
teacherA_2,test_w28-31,all,all,,100000,100000,0.91584,0.8203085453111236,0.7459308818,0.87408,0.7026536525,0.7781737046499999,0.86601,0.7327571934,0.04218994479924444,0.4297499358654022,0.13109741274459705,0.009367021992660964,11,15.5
teacherA_2,test_w28-31,all,near,,100000,15990,0.91584,0.8203085453111236,0.7857567323327079,0.883364602876798,0.7387628348968105,0.8379005143839899,0.8132582864290181,0.7855212858036272,0.04218994479924444,0.4297499358654022,0.13109741274459705,0.009367021992660964,11,15.5
teacherA_2,test_w28-31,all,far,,100000,84010,0.91584,0.8203085453111236,0.7383506490893941,0.8723128199023926,0.6957808299012023,0.766805633138912,0.8760504701821211,0.7227143670991548,0.04218994479924444,0.4297499358654022,0.13109741274459705,0.009367021992660964,11,15.5
teacherA_2,test_w28-31,ge5,all,,95576,94669,0.9204402778940319,0.8236389005302868,0.750317796661777,0.8762424869809547,0.710744907927883,0.7861581429351893,0.865341347220315,0.7448198402868469,0.04038919622333137,0.4069410264492035,0.12363163213124917,0.008310765508984517,11,15.5
teacherA_2,test_w28-31,ge5,near,,95576,15420,0.9204402778940319,0.8236389005302868,0.7869092246700924,0.8889105058365758,0.7442574801026193,0.8410239006053215,0.8162127107652399,0.7932978001250008,0.04038919622333137,0.4069410264492035,0.12363163213124917,0.008310765508984517,11,15.5
teacherA_2,test_w28-31,ge5,far,,95576,79249,0.9204402778940319,0.8236389005302868,0.7431979614602198,0.8737775870988909,0.7042241459884967,0.7754825510252163,0.8749006296609421,0.7353871642820475,0.04038919622333137,0.4069410264492035,0.12363163213124917,0.008310765508984517,11,15.5
teacherA_2,test_w32-35,all,all,,100000,100000,0.88636,0.7821731918535911,0.7310555364,0.88568,0.671254311,0.7615466349,0.87475,0.6986513634,0.0645832299467921,0.659506618976593,0.17912135854072606,0.01619530392414481,11,19.5
teacherA_2,test_w32-35,all,near,,100000,16559,0.88636,0.7821731918535911,0.7819095911588865,0.8896672504378283,0.7154660891358174,0.834638958270427,0.8266199649737302,0.7609269967993236,0.0645832299467921,0.659506618976593,0.17912135854072606,0.01619530392414481,11,19.5
teacherA_2,test_w32-35,all,far,,100000,83441,0.88636,0.7821731918535911,0.7209634678395513,0.8848887237688906,0.6624804128665764,0.747041346340528,0.8843014824846298,0.6862926642777532,0.0645832299467921,0.659506618976593,0.17912135854072606,0.01619530392414481,11,19.5
teacherA_2,test_w32-35,ge5,all,,95262,94615,0.8933257752304171,0.7856091639440074,0.7329233020230044,0.8881678380806426,0.6793337114470617,0.7673308228060483,0.8739206256936004,0.7108878050143473,0.06082296195859579,0.615077018737793,0.1683815589462098,0.014648265894121009,11,19.5
teacherA_2,test_w32-35,ge5,near,,95262,16006,0.8933257752304171,0.7856091639440074,0.7799786113331937,0.89503936023991,0.7206997053048695,0.8355477700906144,0.8302511558165688,0.7690870102974889,0.06082296195859579,0.615077018737793,0.1683815589462098,0.014648265894121009,11,19.5
teacherA_2,test_w32-35,ge5,far,,95262,78609,0.8933257752304171,0.7856091639440074,0.7233421181786749,0.8867686906079456,0.6709109596287195,0.7534408043827537,0.8828124006157055,0.699037552756184,0.06082296195859579,0.615077018737793,0.1683815589462098,0.014648265894121009,11,19.5
teacherA_2,test_w36-39,all,all,,100000,100000,0.86401,0.7681358555335097,0.7065329184,0.89015,0.6338314716,0.7289780755,0.88919,0.6543490412999999,0.08118589160099621,0.8171040415763855,0.21439342834037922,0.022715906398016055,11,23.5
teacherA_2,test_w36-39,all,near,,100000,12548,0.86401,0.7681358555335097,0.7655173505737967,0.9004622250557858,0.6842321334077143,0.8204118190149824,0.8492189990436723,0.7315550900541918,0.08118589160099621,0.8171040415763855,0.21439342834037922,0.022715906398016055,11,23.5
teacherA_2,test_w36-39,all,far,,100000,87452,0.86401,0.7681358555335097,0.6980695710218177,0.8886703563097471,0.6265997615834973,0.7158587573183004,0.8949252161185565,0.6432711757306865,0.08118589160099621,0.8171040415763855,0.21439342834037922,0.022715906398016055,11,23.5
teacherA_2,test_w36-39,ge5,all,,95184,91735,0.8736552361741469,0.7729516096293008,0.711095406330437,0.8884068240039243,0.6469700317059754,0.7433230181190836,0.8851692374775167,0.6766632510218876,0.07630368493682732,0.7546761631965637,0.20100172224511983,0.020926280181999234,11,23.5
teacherA_2,test_w36-39,ge5,near,,95184,12085,0.8736552361741469,0.7729516096293008,0.7624621689546638,0.9026892842366571,0.6914406653562593,0.8210400544331687,0.8539511791477038,0.7422516973505245,0.07630368493682732,0.7546761631965637,0.20100172224511983,0.020926280181999234,11,23.5
teacherA_2,test_w36-39,ge5,far,,95184,79650,0.8736552361741469,0.7729516096293008,0.7033017173622791,0.886239799121155,0.6402226668891056,0.7315312995521569,0.8899058380414313,0.6667117585688862,0.07630368493682732,0.7546761631965637,0.20100172224511983,0.020926280181999234,11,23.5
teacherA_2,test_w40-43,all,all,,100000,100000,0.85756,0.763490123449899,0.7057786607000001,0.88931,0.6270425194,0.7291551521999999,0.88581,0.6494303499999999,0.08590059492677454,0.8663821220397949,0.22564863857985284,0.024876390968126747,11,27.5
teacherA_2,test_w40-43,all,near,,100000,10904,0.85756,0.763490123449899,0.7618193195157741,0.8971019809244314,0.6744871267424798,0.8174857827402788,0.8428099779897286,0.7233124303008069,0.08590059492677454,0.8663821220397949,0.22564863857985284,0.024876390968126747,11,27.5
teacherA_2,test_w40-43,all,far,,100000,89096,0.85756,0.763490123449899,0.6989201334515579,0.8883563796354494,0.6212360185642453,0.7183448218214061,0.8910725509562719,0.6403883031785939,0.08590059492677454,0.8663821220397949,0.22564863857985284,0.024876390968126747,11,27.5
teacherA_2,test_w40-43,ge5,all,,95288,93977,0.8658383007304172,0.7698019434718466,0.7056078624382955,0.8898453877012461,0.6344958464468047,0.737240531843817,0.8847377549826021,0.6646579225057869,0.08204132604735109,0.810355007648468,0.21410176123335162,0.02314915368587529,11,27.5
teacherA_2,test_w40-43,ge5,near,,95288,10557,0.8658383007304172,0.7698019434718466,0.7596156786336146,0.9010135455148243,0.6807433968823127,0.8182487706791173,0.8455053518992138,0.7326278871587686,0.08204132604735109,0.810355007648468,0.21410176123335162,0.02314915368587529,11,27.5
teacherA_2,test_w40-43,ge5,far,,95288,83420,0.8658383007304172,0.7698019434718466,0.6987730444621029,0.8884320306880844,0.628643108614778,0.726988745972512,0.8897027091824502,0.6560561613353059,0.08204132604735109,0.810355007648468,0.21410176123335162,0.02314915368587529,11,27.5
teacherA_2,test_w44-47,all,all,,100000,100000,0.83239,0.7363278047671696,0.69009955995,0.90134,0.6036046508000001,0.7115291317000001,0.90012,0.6238661953,0.10371105187863112,1.1020320653915405,0.26776167342416124,0.033421777050598865,11,31.5
teacherA_2,test_w44-47,all,near,,100000,10628,0.83239,0.7363278047671696,0.7393456379375235,0.9162589386526158,0.6440993517124577,0.7988997308995107,0.8631915694392172,0.6941310274745954,0.10371105187863112,1.1020320653915405,0.26776167342416124,0.033421777050598865,11,31.5
teacherA_2,test_w44-47,all,far,,100000,89372,0.83239,0.7363278047671696,0.68424328150875,0.8995658595533277,0.5987890745423623,0.701139135635322,0.9045114801056259,0.6155103944188337,0.10371105187863112,1.1020320653915405,0.26776167342416124,0.033421777050598865,11,31.5
teacherA_2,test_w44-47,ge5,all,,94936,92436,0.840555742816213,0.7432395180682569,0.6873584250561097,0.9046042667359038,0.6085286298748483,0.7178519258365348,0.898059197715176,0.637371721876295,0.09980438954298188,1.0231897830963135,0.25585144091702017,0.030663429885967902,11,31.5
teacherA_2,test_w44-47,ge5,near,,94936,10310,0.840555742816213,0.7432395180682569,0.7367651744680391,0.9197866149369545,0.6499368700232949,0.7980856632232592,0.868380213385063,0.702376427650233,0.09980438954298188,1.0231897830963135,0.25585144091702017,0.030663429885967902,11,31.5
teacherA_2,test_w44-47,ge5,far,,94936,82126,0.840555742816213,0.7432395180682569,0.681155960715499,0.9026982928670579,0.6033302888387516,0.7077794782260689,0.9017850619779363,0.6292111087144546,0.09980438954298188,1.0231897830963135,0.25585144091702017,0.030663429885967902,11,31.5
teacherA_2,test_w48-51,all,all,,100000,100000,0.82039,0.7195567655305705,0.68602818495,0.91083,0.5948662342,0.70959424655,0.90842,0.6168960189000001,0.1138596448686719,1.2835595607757568,0.2906236308109631,0.038310285201887034,11,35.333333333333336
teacherA_2,test_w48-51,all,near,,100000,10972,0.82039,0.7195567655305705,0.7358837878235509,0.9270871308786001,0.6347272338680278,0.8011064468647467,0.8642909223477944,0.6881637860007291,0.1138596448686719,1.2835595607757568,0.2906236308109631,0.038310285201887034,11,35.333333333333336
teacherA_2,test_w48-51,all,far,,100000,89028,0.82039,0.7195567655305705,0.6798838744552275,0.9088264366266793,0.5899536798535292,0.6983160884216201,0.9138585613514849,0.6081128277620524,0.1138596448686719,1.2835595607757568,0.2906236308109631,0.038310285201887034,11,35.333333333333336
teacherA_2,test_w48-51,ge5,all,,94668,93780,0.8299214095576118,0.7278497943202664,0.6811567964903813,0.9173597782043079,0.5996671327284251,0.7127356561431109,0.9070377479206654,0.6293624266175305,0.10846559571586832,1.1632004976272583,0.2758186425011681,0.03436501503749146,11,35.333333333333336
teacherA_2,test_w48-51,ge5,near,,94668,10675,0.8299214095576118,0.7278497943202664,0.7312623714736742,0.9325526932084309,0.6406003744974795,0.7987353664610126,0.8672599531615925,0.6966212977110492,0.10846559571586832,1.1632004976272583,0.2758186425011681,0.03436501503749146,11,35.333333333333336
teacherA_2,test_w48-51,ge5,far,,94668,83105,0.8299214095576118,0.7278497943202664,0.6747206372587268,0.9154082185187413,0.5944091776609245,0.7016888249338744,0.9121472835569461,0.6207228929080867,0.10846559571586832,1.1632004976272583,0.2758186425011681,0.03436501503749146,11,35.333333333333336
teacherA_3,val,all,all,,200000,53779,0.9708,0.9582023548397888,0.7837421943974414,0.8442700682422507,0.764236217017795,0.8375271518157645,0.8012979043864705,0.8169121362427716,0.006745797966420677,0.10492745786905289,0.04252432666394771,0.001130300136916315,11,1.0
teacherA_3,val,all,near,,200000,10959,0.9708,0.9582023548397888,0.6730432808650424,0.9158682361529337,0.6576966497855643,0.7124703050004563,0.9113970252760288,0.6971311456337257,0.006745797966420677,0.10492745786905289,0.04252432666394771,0.001130300136916315,11,1.0
teacherA_3,val,all,far,,200000,42820,0.9708,0.9582023548397888,0.8120735674334423,0.8259458197104157,0.7915030810368987,0.8695331766697805,0.773120037365717,0.8475679016814572,0.006745797966420677,0.10492745786905289,0.04252432666394771,0.001130300136916315,11,1.0
teacherA_3,val,ge5,all,,191366,52270,0.9762549251173145,0.9661441732693452,0.7871560272758412,0.8454562846757222,0.7717180178543019,0.8408492697975145,0.8055098526879664,0.8247770605619292,0.00558912180565886,0.08423838764429092,0.034828405076474285,0.000811657650274199,11,1.0
teacherA_3,val,ge5,near,,191366,10483,0.9762549251173145,0.9661441732693452,0.6785268757298857,0.9156729943718401,0.6663846362513095,0.7202187852432196,0.9115711151387962,0.708333106814724,0.00558912180565886,0.08423838764429092,0.034828405076474285,0.000811657650274199,11,1.0
teacherA_3,val,ge5,far,,191366,41787,0.9762549251173145,0.9661441732693452,0.8144075503728873,0.8278411946299088,0.7981427394027301,0.8711115372391273,0.778902529494819,0.8539890635085864,0.00558912180565886,0.08423838764429092,0.034828405076474285,0.000811657650274199,11,1.0
teacherA_3,test_w16-19,all,all,,100000,100000,0.96557,0.9521293674246147,0.7736828517,0.84974,0.7516059437999999,0.7941443692500001,0.8265,0.7719658320999998,0.009773074254095505,0.13670185208320618,0.05098645932830877,0.0018915967792086878,11,3.5
teacherA_3,test_w16-19,all,near,,100000,11980,0.96557,0.9521293674246147,0.8128622270450752,0.8088480801335559,0.7887249257095159,0.852940220784641,0.7510016694490818,0.8276736969949917,0.009773074254095505,0.13670185208320618,0.05098645932830877,0.0018915967792086878,11,3.5
teacherA_3,test_w16-19,all,far,,100000,88020,0.96557,0.9521293674246147,0.7683503259486482,0.8553056123608271,0.7465538487843671,0.7861419345603271,0.8367757327880028,0.7643836891615543,0.009773074254095505,0.13670185208320618,0.05098645932830877,0.0018915967792086878,11,3.5
teacherA_3,test_w16-19,ge5,all,,96085,89545,0.9704116147161368,0.9574773523284099,0.7889467157038239,0.8353453570830309,0.7700545335303451,0.8171744970314487,0.8143056563738902,0.7981650534617674,0.008261188454823256,0.11630956083536148,0.04407129111809851,0.0014719058857655194,11,3.5
teacherA_3,test_w16-19,ge5,near,,96085,11402,0.9704116147161368,0.9574773523284099,0.8163724874440375,0.8029293106472548,0.7961492602005965,0.8581301348057088,0.7465356954920189,0.8370455918951564,0.008261188454823256,0.11630956083536148,0.04407129111809851,0.0014719058857655194,11,3.5
teacherA_3,test_w16-19,ge5,far,,96085,78143,0.9704116147161368,0.9574773523284099,0.784944966994638,0.8400752466631688,0.7662470002452884,0.8111985787546725,0.8241941056780517,0.7924919170424144,0.008261188454823256,0.11630956083536148,0.04407129111809851,0.0014719058857655194,11,3.5
teacherA_3,test_w20-23,all,all,,100000,100000,0.95896,0.9371756842220627,0.7812108168999999,0.83535,0.7548213360000001,0.7979248965000001,0.8166,0.771966968,0.013735618038624518,0.1813162863254547,0.06223922168660041,0.003013429772624151,11,7.5
teacherA_3,test_w20-23,all,near,,100000,13417,0.95896,0.9371756842220627,0.8174179253931579,0.8079302377580682,0.788906707907878,0.8581678102407393,0.7507639561750019,0.8287427860177388,0.013735618038624518,0.1813162863254547,0.06223922168660041,0.003013429772624151,11,7.5
teacherA_3,test_w20-23,all,far,,100000,86583,0.95896,0.9371756842220627,0.7756001222526361,0.8395989974937343,0.7495394280632458,0.788589586177425,0.8268020281117541,0.7631689227677488,0.013735618038624518,0.1813162863254547,0.06223922168660041,0.003013429772624151,11,7.5
teacherA_3,test_w20-23,ge5,all,,95941,89776,0.9627896311274637,0.9413623080584316,0.7975852353140325,0.82116601318838,0.7736018800798629,0.8222144733218951,0.8040790411691321,0.7985126980720237,0.012988763901905296,0.16527491807937622,0.056941728874358055,0.0026437041342865153,11,7.5
teacherA_3,test_w20-23,ge5,near,,95941,12762,0.9627896311274637,0.9413623080584316,0.8209877086787201,0.8031656480175521,0.7956436501360805,0.8634971641050989,0.7469832314684218,0.8373997804875773,0.012988763901905296,0.16527491807937622,0.056941728874358055,0.0026437041342865153,11,7.5
teacherA_3,test_w20-23,ge5,far,,95941,77014,0.9627896311274637,0.9413623080584316,0.7937072083958079,0.8241488560521464,0.7699493354846274,0.8153735132396341,0.8135403952528112,0.7920687145652938,0.012988763901905296,0.16527491807937622,0.056941728874358055,0.0026437041342865153,11,7.5
teacherA_3,test_w24-27,all,all,,100000,100000,0.93933,0.8938411882047829,0.7632443614000002,0.86218,0.7265734590999999,0.7823635603500001,0.84207,0.7465736037999999,0.02622695352300998,0.2776447832584381,0.09155199589687658,0.005742006777804398,11,11.5
teacherA_3,test_w24-27,all,near,,100000,12494,0.93933,0.8938411882047829,0.8098219041139748,0.832799743877061,0.7690494149191612,0.8519743076676805,0.7793340803585721,0.8101335569073155,0.02622695352300998,0.2776447832584381,0.09155199589687658,0.005742006777804398,11,11.5
teacherA_3,test_w24-27,all,far,,100000,87506,0.93933,0.8938411882047829,0.7565940766347451,0.866374877151281,0.7205087939112746,0.7724246227115854,0.8510273581240143,0.7374985911823189,0.02622695352300998,0.2776447832584381,0.09155199589687658,0.005742006777804398,11,11.5
teacherA_3,test_w24-27,ge5,all,,96204,89771,0.9430273169514781,0.8971570797361489,0.7797167662973977,0.850319145381025,0.744954276803603,0.8052691017564958,0.8315603034387498,0.7713139131159603,0.024882778595982924,0.2580971419811249,0.08559641381648633,0.005125373659232439,11,11.5
teacherA_3,test_w24-27,ge5,near,,96204,11977,0.9430273169514781,0.8971570797361489,0.8121771633819781,0.8300910077648826,0.7745797796711851,0.8564099217830946,0.7779076563413209,0.8178929151509737,0.024882778595982924,0.2580971419811249,0.08559641381648633,0.005125373659232439,11,11.5
teacherA_3,test_w24-27,ge5,far,,96204,77794,0.9430273169514781,0.8971570797361489,0.7747192320931915,0.8534334267424223,0.7403931969279698,0.7973955690745591,0.8398205517134998,0.7641427083010215,0.024882778595982924,0.2580971419811249,0.08559641381648633,0.005125373659232439,11,11.5
teacherA_3,test_w28-31,all,all,,100000,100000,0.91759,0.8325051064144918,0.74731634535,0.88791,0.7008127573,0.7813177821999999,0.85216,0.7334492181000001,0.040597084157913965,0.42076557874679565,0.1287414413923862,0.01017126809855117,11,15.5
teacherA_3,test_w28-31,all,near,,100000,15990,0.91759,0.8325051064144918,0.7839370706691681,0.8815509693558474,0.7338728592870545,0.8308638767979988,0.8225766103814884,0.7779562664165103,0.040597084157913965,0.42076557874679565,0.1287414413923862,0.01017126809855117,11,15.5
teacherA_3,test_w28-31,all,far,,100000,84010,0.91759,0.8325051064144918,0.7403461584930364,0.8891203428163313,0.6945202798476371,0.7718874518509702,0.8577907391977145,0.7249779920247589,0.040597084157913965,0.42076557874679565,0.1287414413923862,0.01017126809855117,11,15.5
teacherA_3,test_w28-31,ge5,all,,95576,94669,0.9220515610613543,0.8363977249474124,0.7531127749730446,0.8865309657860546,0.7099707838444085,0.7908146889396415,0.8529191181907488,0.7466637549063059,0.03901553661319675,0.3992222845554352,0.12125607746634831,0.009150613821258745,11,15.5
teacherA_3,test_w28-31,ge5,near,,95576,15420,0.9220515610613543,0.8363977249474124,0.7853401410976735,0.8823605706874189,0.7393806798769793,0.8344483409051456,0.827367055771725,0.7859467098090062,0.03901553661319675,0.3992222845554352,0.12125607746634831,0.009150613821258745,11,15.5
teacherA_3,test_w28-31,ge5,far,,95576,79249,0.9220515610613543,0.8363977249474124,0.7468420840414016,0.8873424270337796,0.7042483066292733,0.782324601830554,0.8578909513053793,0.7390202115858902,0.03901553661319675,0.3992222845554352,0.12125607746634831,0.009150613821258745,11,15.5
teacherA_3,test_w32-35,all,all,,100000,100000,0.89121,0.7937968948724102,0.73085337005,0.89823,0.6713135469,0.7645404435,0.87116,0.7023603129,0.06172463356643915,0.6245545148849487,0.1733012181650865,0.016240998860513875,11,19.5
teacherA_3,test_w32-35,all,near,,100000,16559,0.89121,0.7937968948724102,0.7810376846427924,0.8717313847454556,0.7146102898725768,0.8296490914306419,0.8354973126396521,0.7589216836765506,0.06172463356643915,0.6245545148849487,0.1733012181650865,0.016240998860513875,11,19.5
teacherA_3,test_w32-35,all,far,,100000,83441,0.89121,0.7937968948724102,0.7208942124974533,0.903488692609149,0.6627212389592646,0.7516195281096822,0.8782373173859374,0.6911356183411033,0.06172463356643915,0.6245545148849487,0.1733012181650865,0.016240998860513875,11,19.5
teacherA_3,test_w32-35,ge5,all,,95262,94615,0.8983960026033465,0.7978263396374616,0.7346597374137831,0.8983247899381704,0.6810629236653895,0.7719010935669406,0.8734661523014321,0.716197831860453,0.057922551206507134,0.5821223855018616,0.1620640064528487,0.014685797947848193,11,19.5
teacherA_3,test_w32-35,ge5,near,,95262,16006,0.8983960026033465,0.7978263396374616,0.7794597508917926,0.8734849431463201,0.7201940826534908,0.8312333825220741,0.8407472197925778,0.7678948562918579,0.057922551206507134,0.5821223855018616,0.1620640064528487,0.014685797947848193,11,19.5
teacherA_3,test_w32-35,ge5,far,,95262,78609,0.8983960026033465,0.7978263396374616,0.7255377664469852,0.9033825643374168,0.6730952185582956,0.759820128066605,0.8801282295920314,0.705671523510912,0.057922551206507134,0.5821223855018616,0.1620640064528487,0.014685797947848193,11,19.5
teacherA_3,test_w36-39,all,all,,100000,100000,0.87102,0.7752472455243484,0.70453207595,0.91452,0.6333695786,0.7270292081999999,0.89783,0.6550702875000001,0.07463322141647341,0.7562277913093567,0.2044560479241397,0.022483018745913803,11,23.5
teacherA_3,test_w36-39,all,near,,100000,12548,0.87102,0.7752472455243484,0.7750312707204334,0.8822919987248964,0.6927093943257889,0.8215199984061204,0.8579056423334396,0.7359747951864839,0.07463322141647341,0.7562277913093567,0.2044560479241397,0.022483018745913803,11,23.5
teacherA_3,test_w36-39,all,far,,100000,87452,0.87102,0.7752472455243484,0.6944165394730824,0.9191442162557746,0.6248552392169417,0.7134712514293555,0.9035585235329094,0.6434617506746557,0.07463322141647341,0.7562277913093567,0.2044560479241397,0.022483018745913803,11,23.5
teacherA_3,test_w36-39,ge5,all,,95184,91735,0.8810199193141705,0.7800257034678275,0.7127807678698929,0.9127268763285551,0.6494611029106501,0.7425312000718889,0.8951000163514471,0.6787486278852707,0.06966753270377493,0.6960075497627258,0.19019317979022268,0.020556696279403576,11,23.5
teacherA_3,test_w36-39,ge5,near,,95184,12085,0.8810199193141705,0.7800257034678275,0.772841245383025,0.8824989656599089,0.700673213870791,0.8233086839953144,0.8598262308647083,0.7480064576969334,0.06966753270377493,0.6960075497627258,0.19019317979022268,0.020556696279403576,11,23.5
teacherA_3,test_w36-39,ge5,far,,95184,79650,0.8810199193141705,0.7800257034678275,0.703668013686011,0.9173132454488386,0.6416908786676708,0.7302751311049762,0.9004519774011299,0.6682403934436641,0.06966753270377493,0.6960075497627258,0.19019317979022268,0.020556696279403576,11,23.5
teacherA_3,test_w40-43,all,all,,100000,100000,0.86367,0.7708798296943659,0.70330665995,0.90931,0.6260108446,0.72377719575,0.8937,0.6466353360000001,0.0817045566534996,0.8282618522644043,0.21743450024407618,0.024803588677563108,11,27.5
teacherA_3,test_w40-43,all,near,,100000,10904,0.86367,0.7708798296943659,0.7732684322267058,0.8696808510638298,0.68452144350697,0.8172849963316214,0.8476705796038151,0.7259595845561261,0.0817045566534996,0.8282618522644043,0.21743450024407618,0.024803588677563108,11,27.5
teacherA_3,test_w40-43,all,far,,100000,89096,0.86367,0.7708798296943659,0.6947443994118703,0.914160007183263,0.6188500341204993,0.7123332582270808,0.8993333034030708,0.6369272502693722,0.0817045566534996,0.8282618522644043,0.21743450024407618,0.024803588677563108,11,27.5
teacherA_3,test_w40-43,ge5,all,,95288,93977,0.8722714297708001,0.7765234603842988,0.7064802179217854,0.9091905466231099,0.6361079080706192,0.7334677108700665,0.8929206082339296,0.66348105932532,0.07741025103212787,0.771185040473938,0.2049576745793802,0.022911198524467786,11,27.5
teacherA_3,test_w40-43,ge5,near,,95288,10557,0.8722714297708001,0.7765234603842988,0.7715155136656673,0.8707966278298759,0.6911850872722972,0.8187461510719677,0.8491048593350383,0.7361171252941492,0.07741025103212787,0.771185040473938,0.2049576745793802,0.022911198524467786,11,27.5
teacherA_3,test_w40-43,ge5,far,,95288,83420,0.8722714297708001,0.7765234603842988,0.6982498461024595,0.9140493886358187,0.6291377596549861,0.7226755208291714,0.8984655957803884,0.6542887919022449,0.07741025103212787,0.771185040473938,0.2049576745793802,0.022911198524467786,11,27.5
teacherA_3,test_w44-47,all,all,,100000,100000,0.83631,0.739950365783145,0.68018809105,0.92415,0.5937410555000001,0.7029395095,0.91029,0.615913964,0.1007605866454542,1.0447187423706055,0.26241319411890424,0.03312282791246919,11,31.5
teacherA_3,test_w44-47,all,near,,100000,10628,0.83631,0.739950365783145,0.746078897722996,0.9086375611592021,0.6465364828754234,0.7973742703236734,0.8792811441475348,0.6925201778321415,0.1007605866454542,1.0447187423706055,0.26241319411890424,0.03312282791246919,11,31.5
teacherA_3,test_w44-47,all,far,,100000,89372,0.83631,0.739950365783145,0.6723524434946068,0.9259947187038446,0.5874626931253637,0.6917094526809292,0.9139775321129661,0.6068040544018262,0.1007605866454542,1.0447187423706055,0.26241319411890424,0.03312282791246919,11,31.5
teacherA_3,test_w44-47,ge5,all,,94936,92436,0.8447796410213196,0.7466911650020531,0.6831757378168967,0.9223570903111342,0.6031305320012924,0.711276486936529,0.9085962179237527,0.6309894871479759,0.09641223807781596,0.9649021625518799,0.249858021600177,0.03005724824818152,11,31.5
teacherA_3,test_w44-47,ge5,near,,94936,10310,0.8447796410213196,0.7466911650020531,0.7426999547073501,0.9110572259941804,0.6517544761586079,0.7964039268641606,0.8834141610087294,0.7007423164123351,0.09641223807781596,0.9649021625518799,0.249858021600177,0.03005724824818152,11,31.5
teacherA_3,test_w44-47,ge5,far,,94936,82126,0.8447796410213196,0.7466911650020531,0.6757031386870164,0.9237756617879843,0.5970263400978523,0.7005896897510592,0.9117575432871441,0.6222328002313409,0.09641223807781596,0.9649021625518799,0.249858021600177,0.03005724824818152,11,31.5
teacherA_3,test_w48-51,all,all,,100000,100000,0.82355,0.7229789987684047,0.6772376671499999,0.93207,0.5866097236,0.7003555036,0.9196,0.6084992478999999,0.11081253590390083,1.211916446685791,0.28351082362832747,0.03721403849266945,11,35.333333333333336
teacherA_3,test_w48-51,all,near,,100000,10972,0.82355,0.7229789987684047,0.7408753335763762,0.9220743711265038,0.6366334041195771,0.7944563862559242,0.8877141815530442,0.6832323432373314,0.11081253590390083,1.211916446685791,0.28351082362832747,0.03721403849266945,11,35.333333333333336
teacherA_3,test_w48-51,all,far,,100000,89028,0.82355,0.7229789987684047,0.6693948258413084,0.9333018825538033,0.580444698858786,0.6887583107561666,0.9235296760569709,0.5992889823426338,0.11081253590390083,1.211916446685791,0.28351082362832747,0.03721403849266945,11,35.333333333333336
teacherA_3,test_w48-51,ge5,all,,94668,93780,0.8332065745552879,0.7309655814178646,0.6787942416813122,0.9312539987204095,0.5958460071836462,0.7061364572573268,0.9203348261889529,0.6228493443132549,0.10502876563503519,1.0910313129425049,0.26803099771838196,0.032734113392965426,11,35.333333333333336
teacherA_3,test_w48-51,ge5,near,,94668,10675,0.8332065745552879,0.7309655814178646,0.736106877242584,0.9249648711943794,0.6419683946134348,0.7918377633101913,0.8918032786885246,0.6914571747793768,0.10502876563503519,1.0910313129425049,0.26803099771838196,0.032734113392965426,11,35.333333333333336
teacherA_3,test_w48-51,ge5,far,,94668,83105,0.8332065745552879,0.7309655814178646,0.6714323214043543,0.9320618494675411,0.5899214961937781,0.6951279566603189,0.9239997593405932,0.6140365341306443,0.10502876563503519,1.0910313129425049,0.26803099771838196,0.032734113392965426,11,35.333333333333336
teacherA_4,val,all,all,,200000,53779,0.97049,0.9584075833900436,0.7702903689637219,0.8437494189181651,0.7513315371241562,0.8340561967961472,0.795031517878726,0.8135405437996244,0.007489018625244525,0.1044633686542511,0.04254638115901851,0.0011420761252810868,11,1.0
teacherA_4,val,all,near,,200000,10959,0.97049,0.9584075833900436,0.6433425166529794,0.9125832648964322,0.6291232379779178,0.694598891550324,0.8864859932475591,0.6799331225476777,0.007489018625244525,0.1044633686542511,0.04254638115901851,0.0011420761252810868,11,1.0
teacherA_4,val,all,far,,200000,42820,0.97049,0.9584075833900436,0.8027803622723026,0.8261326482951892,0.7826085280242877,0.869747757006072,0.7716254086875292,0.8477349326249417,0.007489018625244525,0.1044633686542511,0.04254638115901851,0.0011420761252810868,11,1.0
teacherA_4,val,ge5,all,,191366,52270,0.975925713031573,0.9661042108548886,0.7742117770348349,0.8439640329060647,0.7591909339941649,0.8379301317541555,0.7980294624067342,0.8218564634626352,0.006294517971623342,0.08417848497629166,0.035076634397745804,0.000829312902608393,11,1.0
teacherA_4,val,ge5,near,,191366,10483,0.975925713031573,0.9661042108548886,0.6496892361414546,0.9109033673566727,0.6383889360508969,0.7029782480153787,0.8861013068778022,0.6914963638282393,0.006294517971623342,0.08417848497629166,0.035076634397745804,0.000829312902608393,11,1.0
teacherA_4,val,ge5,far,,191366,41787,0.975925713031573,0.9661042108548886,0.8054504348993695,0.8271711297772034,0.7894962285699726,0.8717851727294252,0.775935099432838,0.8545595750635485,0.006294517971623342,0.08417848497629166,0.035076634397745804,0.000829312902608393,11,1.0
teacherA_4,test_w16-19,all,all,,100000,100000,0.96489,0.9497589593875668,0.78209274,0.82177,0.760266225,0.80215083685,0.79998,0.7803702805,0.010868698313161718,0.1424771547317505,0.05192660465125779,0.0019120381373643105,11,3.5
teacherA_4,test_w16-19,all,near,,100000,11980,0.96489,0.9497589593875668,0.8105675563439065,0.7532554257095159,0.787189603505843,0.8537715759599331,0.6797161936560935,0.8291324858096829,0.010868698313161718,0.1424771547317505,0.05192660465125779,0.0019120381373643105,11,3.5
teacherA_4,test_w16-19,all,far,,100000,88020,0.96489,0.9497589593875668,0.7782171628607134,0.831095205635083,0.7566018069756874,0.7951249739263804,0.8163485571461031,0.7737334795501023,0.010868698313161718,0.1424771547317505,0.05192660465125779,0.0019120381373643105,11,3.5
teacherA_4,test_w16-19,ge5,all,,96085,89545,0.9696935005463913,0.9546736283077862,0.797017123041716,0.8091685744597689,0.7784890802809842,0.8257771500169429,0.7841308839131164,0.8072165495811883,0.009225075249369935,0.12290239334106445,0.0452565876564495,0.0015139772239563857,11,3.5
teacherA_4,test_w16-19,ge5,near,,96085,11402,0.9696935005463913,0.9546736283077862,0.8128728234316666,0.7549552710050869,0.7934428508451061,0.8580903506282539,0.6755832310121032,0.8376283900240824,0.009225075249369935,0.12290239334106445,0.0452565876564495,0.0015139772239563857,11,3.5
teacherA_4,test_w16-19,ge5,far,,96085,78143,0.9696935005463913,0.9546736283077862,0.7947035863737328,0.8170789450110695,0.7763071459814037,0.8210622668748808,0.7999692870762576,0.802779097669566,0.009225075249369935,0.12290239334106445,0.0452565876564495,0.0015139772239563857,11,3.5
teacherA_4,test_w20-23,all,all,,100000,100000,0.95705,0.9327468158712542,0.7898951471,0.80398,0.7629752677000001,0.8063241674999999,0.77952,0.7798648793,0.015872456306517152,0.18404163420200348,0.06373519303451627,0.002890534490137481,11,7.5
teacherA_4,test_w20-23,all,near,,100000,13417,0.95705,0.9327468158712542,0.8156063453081911,0.7489751807408511,0.7870909234553178,0.858489433554446,0.6764552433479913,0.8288356212268018,0.015872456306517152,0.18404163420200348,0.06373519303451627,0.002890534490137481,11,7.5
teacherA_4,test_w20-23,all,far,,100000,86583,0.95705,0.9327468158712542,0.7859109106291073,0.8125036092535486,0.7592382782994351,0.798240578635529,0.7954910317267824,0.7722763175219155,0.015872456306517152,0.18404163420200348,0.06373519303451627,0.002890534490137481,11,7.5
teacherA_4,test_w20-23,ge5,all,,95941,89776,0.9609030550025537,0.9372943661706995,0.8062046547815503,0.7904562466583497,0.7818648871478745,0.8312199333205345,0.7637564605239707,0.8070808394965144,0.014931563655567259,0.16945785284042358,0.05857006883554596,0.002523741243343036,11,7.5
teacherA_4,test_w20-23,ge5,near,,95941,12762,0.9609030550025537,0.9372943661706995,0.8177596030004081,0.75074439742987,0.7926010129955655,0.8626615476394663,0.6771665883090424,0.8364248630308877,0.014931563655567259,0.16945785284042358,0.05857006883554596,0.002523741243343036,11,7.5
teacherA_4,test_w20-23,ge5,far,,95941,77014,0.9609030550025537,0.9372943661706995,0.8042898828028314,0.7970369023813852,0.7800858023312406,0.8260097393046645,0.7781052795595605,0.8022182375235527,0.014931563655567259,0.16945785284042358,0.05857006883554596,0.002523741243343036,11,7.5
teacherA_4,test_w24-27,all,all,,100000,100000,0.93997,0.894627544382872,0.7745907220500001,0.83206,0.7390945389,0.79195850805,0.8162,0.7568614659,0.026607871604412768,0.27938324213027954,0.09181264394166326,0.005150913077043816,11,11.5
teacherA_4,test_w24-27,all,near,,100000,12494,0.93997,0.894627544382872,0.8178444397310709,0.7629262045781975,0.7787100664318873,0.8595265247318713,0.7196254202016968,0.8184456283015846,0.026607871604412768,0.27938324213027954,0.09181264394166326,0.005150913077043816,11,11.5
teacherA_4,test_w24-27,all,far,,100000,87506,0.93997,0.894627544382872,0.7684150089708135,0.8419308390281809,0.7334382821749366,0.7823112290014399,0.8299888007679473,0.7480685542705642,0.026607871604412768,0.27938324213027954,0.09181264394166326,0.005150913077043816,11,11.5
teacherA_4,test_w24-27,ge5,all,,96204,89771,0.9437965157373914,0.8981508858576353,0.7900144584737212,0.8197190629490593,0.7565877249615068,0.8152135357487371,0.8039790132670908,0.7821310354057593,0.02500089929688073,0.25932076573371887,0.08577512501394642,0.004567188035223605,11,11.5
teacherA_4,test_w24-27,ge5,near,,96204,11977,0.9437965157373914,0.8981508858576353,0.8188777500125,0.7658846121733323,0.7830823658460568,0.863029929386611,0.722384570426651,0.8254956599542079,0.02500089929688073,0.25932076573371887,0.08577512501394642,0.004567188035223605,11,11.5
teacherA_4,test_w24-27,ge5,far,,96204,77794,0.9437965157373914,0.8981508858576353,0.7855707270450769,0.8280073013342931,0.7525086659868526,0.8078518247350238,0.816541121423246,0.7754547093624041,0.02500089929688073,0.25932076573371887,0.08577512501394642,0.004567188035223605,11,11.5
teacherA_4,test_w28-31,all,all,,100000,100000,0.91624,0.8267308057223494,0.7628977202999999,0.84372,0.7148273897,0.7926980367,0.83438,0.7425503276000001,0.042302089224457724,0.43290308117866516,0.13111485373855808,0.009488073907602153,11,15.5
teacherA_4,test_w28-31,all,near,,100000,15990,0.91624,0.8267308057223494,0.7898701441525954,0.8398373983739837,0.7387406704190119,0.8385873286429018,0.7965603502188868,0.7829700062539087,0.042302089224457724,0.43290308117866516,0.13111485373855808,0.009488073907602153,11,15.5
teacherA_4,test_w28-31,all,far,,100000,84010,0.91624,0.8267308057223494,0.7577639379240566,0.8444589929770265,0.7102758677538389,0.7839637219973813,0.8415783835257707,0.7348570689203666,0.042302089224457724,0.43290308117866516,0.13111485373855808,0.009488073907602153,11,15.5
teacherA_4,test_w28-31,ge5,all,,95576,94669,0.9208692558801372,0.8304105301742661,0.7676153977394885,0.842113046509417,0.7227775056425799,0.8016701233902646,0.8333984725728592,0.7553249741236054,0.04040104539687163,0.4084342122077942,0.12348528063180657,0.008518880029535499,11,15.5
teacherA_4,test_w28-31,ge5,near,,95576,15420,0.9208692558801372,0.8304105301742661,0.7906635236779129,0.8487678339818417,0.7434881478258331,0.8416416473612325,0.8007133592736706,0.7905288361795074,0.04040104539687163,0.4084342122077942,0.12348528063180657,0.008518880029535499,11,15.5
teacherA_4,test_w28-31,ge5,far,,95576,79249,0.9208692558801372,0.8304105301742661,0.7631307720411138,0.8408181806710495,0.7187476995571308,0.7938926006501374,0.8397582303877651,0.7484751267703013,0.04040104539687163,0.4084342122077942,0.12348528063180657,0.008518880029535499,11,15.5
teacherA_4,test_w32-35,all,all,,100000,100000,0.88778,0.7910989756226687,0.7478594262500001,0.86356,0.6845064873000001,0.77413216255,0.85117,0.7078445438,0.06452002413876357,0.6824843883514404,0.17898685552733368,0.016042978571628463,11,19.5
teacherA_4,test_w32-35,all,near,,100000,16559,0.88778,0.7910989756226687,0.7857999888278278,0.8617066247961833,0.7170290536868168,0.8357901950600881,0.8087444894015339,0.7604363373392113,0.06452002413876357,0.6824843883514404,0.17898685552733368,0.016042978571628463,11,19.5
teacherA_4,test_w32-35,all,far,,100000,83441,0.88778,0.7910989756226687,0.7403300608813412,0.863927805275584,0.6780523319471243,0.7618960273127119,0.8595894104816577,0.6974076181972891,0.06452002413876357,0.6824843883514404,0.17898685552733368,0.016042978571628463,11,19.5
teacherA_4,test_w32-35,ge5,all,,95262,94615,0.8947744116226827,0.7949950477133549,0.7510107619067516,0.8628652962003911,0.6933302305778017,0.7813196243791003,0.8510489880040163,0.7212553563286974,0.060220399305960584,0.6359537839889526,0.1678106056720827,0.014522408892256108,11,19.5
teacherA_4,test_w32-35,ge5,near,,95262,16006,0.8947744116226827,0.7949950477133549,0.7839023412870464,0.8686117705860302,0.7219377542946703,0.8369089693205236,0.81325752842684,0.7687500065747899,0.060220399305960584,0.6359537839889526,0.1678106056720827,0.014522408892256108,11,19.5
teacherA_4,test_w32-35,ge5,far,,95262,78609,0.8947744116226827,0.7949950477133549,0.744313531060907,0.861695225737511,0.6875052992771592,0.770000779779469,0.858743909730438,0.711584715920615,0.060220399305960584,0.6359537839889526,0.1678106056720827,0.014522408892256108,11,19.5
teacherA_4,test_w36-39,all,all,,100000,100000,0.86396,0.7709155698432778,0.7182298599000001,0.87911,0.6415004172999998,0.7349494813499999,0.87663,0.6568773658999999,0.08285901375859972,0.8318071365356445,0.21634125057283837,0.022543904249748583,11,23.5
teacherA_4,test_w36-39,all,near,,100000,12548,0.86396,0.7709155698432778,0.7783427924768886,0.8738444373605355,0.6918378745616831,0.8296603793433217,0.8233981510997769,0.7359656710232707,0.08285901375859972,0.8318071365356445,0.21634125057283837,0.022543904249748583,11,23.5
teacherA_4,test_w36-39,all,far,,100000,87452,0.86396,0.7709155698432778,0.7096045902895303,0.8798655262315327,0.634277776151489,0.7213599425399077,0.8842679412706399,0.6455294258564698,0.08285901375859972,0.8318071365356445,0.21634125057283837,0.022543904249748583,11,23.5
teacherA_4,test_w36-39,ge5,all,,95184,91735,0.8737918137502101,0.7766088539405118,0.7253692639387885,0.8744426881779037,0.6564113927202829,0.7508645627809308,0.8730473646917752,0.6805213922362536,0.07681204050708584,0.7671287655830383,0.20166793939862687,0.020502148281351527,11,23.5
teacherA_4,test_w36-39,ge5,near,,95184,12085,0.8737918137502101,0.7766088539405118,0.775894486409199,0.8778651220521307,0.6993546484589428,0.8313564966920243,0.8293752585850227,0.7476257582987318,0.07681204050708584,0.7671287655830383,0.20166793939862687,0.020502148281351527,11,23.5
teacherA_4,test_w36-39,ge5,far,,95184,79650,0.8737918137502101,0.7766088539405118,0.7177032587466365,0.8739234149403641,0.6498957713065767,0.7386518192615891,0.8796735718769617,0.6703398948870378,0.07681204050708584,0.7671287655830383,0.20166793939862687,0.020502148281351527,11,23.5
teacherA_4,test_w40-43,all,all,,100000,100000,0.85675,0.7670702682043081,0.7217577274,0.87379,0.6388746487999999,0.73553830005,0.87032,0.6522420873,0.0881833401374519,0.8810361623764038,0.22834004868781463,0.025024606242695122,11,27.5
teacherA_4,test_w40-43,all,near,,100000,10904,0.85675,0.7670702682043081,0.773806590242113,0.8705062362435804,0.6821475522743947,0.824766903429934,0.8185986793837124,0.726118564746882,0.0881833401374519,0.8810361623764038,0.22834004868781463,0.025024606242695122,11,27.5
teacherA_4,test_w40-43,all,far,,100000,89096,0.85675,0.7670702682043081,0.7153877354763402,0.8741918829128131,0.6335787012884979,0.7246180714061237,0.8766499057196732,0.6432007261829936,0.0881833401374519,0.8810361623764038,0.22834004868781463,0.025024606242695122,11,27.5
teacherA_4,test_w40-43,ge5,all,,95288,93977,0.865208630677525,0.7734715930432426,0.7243900442138078,0.8722985411324048,0.6483667983506294,0.7454259038892603,0.8694361386296647,0.6689720125190426,0.08318973754494872,0.8225259184837341,0.21557319813343775,0.02303451343268788,11,27.5
teacherA_4,test_w40-43,ge5,near,,95288,10557,0.865208630677525,0.7734715930432426,0.7714843900199251,0.8759117173439424,0.6880128303817393,0.8259195435357147,0.8263711281614095,0.7357198820429631,0.08318973754494872,0.8225259184837341,0.21557319813343775,0.02303451343268788,11,27.5
teacherA_4,test_w40-43,ge5,far,,95288,83420,0.865208630677525,0.7734715930432426,0.7184301424075842,0.871841285063534,0.6433494984207273,0.73523924177289,0.8748861184368257,0.6605249104024753,0.08318973754494872,0.8225259184837341,0.21557319813343775,0.02303451343268788,11,27.5
teacherA_4,test_w44-47,all,all,,100000,100000,0.82807,0.7336534178804732,0.7044379453999999,0.89175,0.6100257767000001,0.7183921687500001,0.88962,0.6243168116,0.10927411557540301,1.0997463464736938,0.27430220672740396,0.03346967916637469,11,31.5
teacherA_4,test_w44-47,all,near,,100000,10628,0.82807,0.7336534178804732,0.7542439664094843,0.9018630033872789,0.649413846443357,0.8083025249341362,0.8541588257433196,0.6952712213022206,0.10927411557540301,1.0997463464736938,0.27430220672740396,0.03346967916637469,11,31.5
teacherA_4,test_w44-47,all,far,,100000,89372,0.82807,0.7336534178804732,0.6985150792753883,0.8905473750167838,0.6053417995569083,0.7077001481448328,0.8938369959271361,0.6158790070715662,0.10927411557540301,1.0997463464736938,0.27430220672740396,0.03346967916637469,11,31.5
teacherA_4,test_w44-47,ge5,all,,94936,92436,0.8362581107272268,0.7408748944862866,0.7055914082841538,0.8894045609935523,0.617769987535084,0.7257912119718759,0.8869596261196936,0.6383763409732217,0.10423283567120799,1.0211273431777954,0.26154090304006156,0.030306965769790785,11,31.5
teacherA_4,test_w44-47,ge5,near,,94936,10310,0.8362581107272268,0.7408748944862866,0.7515266806523678,0.9098933074684772,0.6547360427080713,0.8079221270471293,0.8599418040737148,0.7035524427421705,0.10423283567120799,1.0211273431777954,0.26154090304006156,0.030306965769790785,11,31.5
teacherA_4,test_w44-47,ge5,far,,94936,82126,0.8362581107272268,0.7408748944862866,0.6998247490274472,0.8868324282200521,0.6131293130978354,0.715480594939196,0.890351411246134,0.6301942109627761,0.10423283567120799,1.0211273431777954,0.26154090304006156,0.030306965769790785,11,31.5
teacherA_4,test_w48-51,all,all,,100000,100000,0.81433,0.7245109647734356,0.7036857890500001,0.90052,0.6015322296,0.7193325719500001,0.88957,0.6171055746999999,0.12081948469310996,1.264536738395691,0.2977872086981802,0.03831056746920469,11,35.333333333333336
teacherA_4,test_w48-51,all,near,,100000,10972,0.81433,0.7245109647734356,0.7574378431461903,0.915056507473569,0.6428057783448778,0.8129510380969741,0.840776522056143,0.6884324270871308,0.12081948469310996,1.264536738395691,0.2977872086981802,0.03831056746920469,11,35.333333333333336
teacherA_4,test_w48-51,all,far,,100000,89028,0.81433,0.7245109647734356,0.6970612716224109,0.8987284899132857,0.5964455897021161,0.7077948331423821,0.8955834119602821,0.6083151017657367,0.12081948469310996,1.264536738395691,0.2977872086981802,0.03831056746920469,11,35.333333333333336
teacherA_4,test_w48-51,ge5,all,,94668,93780,0.8235834706553429,0.7327833540095662,0.7030905719245769,0.9000959692898273,0.6088488216214017,0.7239187315497697,0.8888355726167626,0.6300849608887398,0.11466795421556591,1.1554237604141235,0.28274182722166413,0.03386779936838454,11,35.333333333333336
teacherA_4,test_w48-51,ge5,near,,94668,10675,0.8235834706553429,0.7327833540095662,0.7536163680710768,0.9216861826697892,0.6484139161941413,0.8112788496200551,0.8467447306791569,0.6967896246604304,0.11466795421556591,1.1554237604141235,0.28274182722166413,0.03386779936838454,11,35.333333333333336
teacherA_4,test_w48-51,ge5,far,,94668,83105,0.8235834706553429,0.7327833540095662,0.6966004344615617,0.897322664099633,0.6037666077406002,0.7126971533005632,0.8942422236929186,0.6215166161951258,0.11466795421556591,1.1554237604141235,0.28274182722166413,0.03386779936838454,11,35.333333333333336
teacherB,val,all,all,,200000,53779,0.97375,0.9621047856352365,0.760858466129902,0.8945499172539467,0.7442509033265772,0.8461715834712433,0.8181260343256661,0.8277229986611873,0.007856702504306989,0.09671938419342041,0.03868092917793333,0.0009240515799974897,11,1.0
teacherB,val,all,near,,200000,10959,0.97375,0.9621047856352365,0.6615017978373939,0.8618487088237978,0.6478522971986495,0.7276136264713934,0.8334702071356875,0.7131356852815037,0.007856702504306989,0.09671938419342041,0.03868092917793333,0.0009240515799974897,11,1.0
teacherB,val,all,far,,200000,42820,0.97375,0.9621047856352365,0.7862869978397946,0.9029191966370854,0.7689223728397945,0.8765143357076133,0.8141989724427837,0.8570495368986455,0.007856702504306989,0.09671938419342041,0.03868092917793333,0.0009240515799974897,11,1.0
teacherB,val,ge5,all,,191366,52270,0.9789774568105097,0.9700302892399014,0.7642551841813459,0.8951406160321408,0.7510194995515221,0.8500711242906093,0.8200497417256553,0.8356818358784024,0.006417820454170167,0.07631854712963104,0.031213266268810106,0.0006380270504670008,11,1.0
teacherB,val,ge5,near,,191366,10483,0.9789774568105097,0.9700302892399014,0.6661125828736465,0.8586282552704378,0.6550648980974968,0.7368622569692392,0.8295335304779167,0.7253332697057389,0.006417820454170167,0.07631854712963104,0.031213266268810106,0.0006380270504670008,11,1.0
teacherB,val,ge5,far,,191366,41787,0.9789774568105097,0.9700302892399014,0.7888759726923329,0.9043003805011128,0.7750913900208678,0.8784715492105587,0.8176705674013449,0.8633647042151584,0.006417820454170167,0.07631854712963104,0.031213266268810106,0.0006380270504670008,11,1.0
teacherB,test_w16-19,all,all,,100000,100000,0.96925,0.9573158385376387,0.7546821461999998,0.89412,0.7359823702999999,0.8047233201499999,0.86693,0.7851726814999999,0.010505490990132057,0.12860481441020966,0.046722244627455556,0.001575203105481538,11,3.5
teacherB,test_w16-19,all,near,,100000,11980,0.96925,0.9573158385376387,0.7994896106010017,0.8441569282136895,0.7787475609348915,0.8595048973288815,0.7272954924874792,0.8371350993322204,0.010505490990132057,0.12860481441020966,0.046722244627455556,0.001575203105481538,11,3.5
teacherB,test_w16-19,all,far,,100000,88020,0.96925,0.9573158385376387,0.7485836069643262,0.900920245398773,0.7301617956146331,0.7972672500000001,0.8859350147693706,0.7781003142467621,0.010505490990132057,0.12860481441020966,0.046722244627455556,0.001575203105481538,11,3.5
teacherB,test_w16-19,ge5,all,,96085,89545,0.9736067023989177,0.9620998862696976,0.7631038756576778,0.8905689876598358,0.7471187566690625,0.8210811647778931,0.8584175554190631,0.8045116153922811,0.00897034637456676,0.10934069752693176,0.040302578105150685,0.0012047285366334121,11,3.5
teacherB,test_w16-19,ge5,near,,96085,11402,0.9736067023989177,0.9620998862696976,0.8014179783315979,0.8488861603227504,0.7839170148755821,0.8625212784786813,0.7328538852832837,0.8439110323707437,0.00897034637456676,0.10934069752693176,0.040302578105150685,0.0012047285366334121,11,3.5
teacherB,test_w16-19,ge5,far,,96085,78143,0.9736067023989177,0.9620998862696976,0.7575133890025965,0.8966510116069257,0.7417494498844402,0.8150345556585042,0.8767387993806227,0.7987627683760617,0.00897034637456676,0.10934069752693176,0.040302578105150685,0.0012047285366334121,11,3.5
teacherB,test_w20-23,all,all,,100000,100000,0.96255,0.9430054182568768,0.7575674591,0.88258,0.7352631895999999,0.80428372855,0.86137,0.7810165224000001,0.014596611663848158,0.17415323853492737,0.0576435139594443,0.0026237011295702543,11,7.5
teacherB,test_w20-23,all,near,,100000,13417,0.96255,0.9430054182568768,0.8033665260490421,0.8358798539166729,0.7784197518074083,0.8636610706566297,0.7320563464261758,0.836858547365283,0.014596611663848158,0.17415323853492737,0.0576435139594443,0.0026237011295702543,11,7.5
teacherB,test_w20-23,all,far,,100000,86583,0.96255,0.9430054182568768,0.7504703836780892,0.889816707667787,0.7285755997135694,0.7950825481907534,0.8814085906009262,0.7723631787995334,0.014596611663848158,0.17415323853492737,0.0576435139594443,0.0026237011295702543,11,7.5
teacherB,test_w20-23,ge5,all,,95941,89776,0.9662500912018845,0.9471995735187528,0.7669707734413558,0.8786201211905186,0.7470265394590638,0.8225140777935074,0.8532569951880236,0.8015830485117158,0.013686382475189673,0.15905410051345825,0.052375294236409055,0.0022799150493393694,11,7.5
teacherB,test_w20-23,ge5,near,,95941,12762,0.9662500912018845,0.9471995735187528,0.8057462535976077,0.840150446638458,0.7837235673041306,0.8670087043403616,0.7358564488324714,0.8434165730097001,0.013686382475189673,0.15905410051345825,0.052375294236409055,0.0022799150493393694,11,7.5
teacherB,test_w20-23,ge5,far,,95941,77014,0.9662500912018845,0.9471995735187528,0.7605452835595929,0.8849949359856649,0.7409454701812864,0.8151408674162908,0.8727114550601189,0.7946508097026255,0.013686382475189673,0.15905410051345825,0.052375294236409055,0.0022799150493393694,11,7.5
teacherB,test_w24-27,all,all,,100000,100000,0.94379,0.9000283285331894,0.7348523861499999,0.9141,0.7049688867999999,0.78461834585,0.89143,0.7536831283999998,0.026867332276254915,0.2866312861442566,0.08974355302115755,0.00536938667700252,11,11.5
teacherB,test_w24-27,all,near,,100000,12494,0.94379,0.9000283285331894,0.7904425324155595,0.8578517688490476,0.7559581535136866,0.8541160677125019,0.7551624779894349,0.8169265111253401,0.026867332276254915,0.2866312861442566,0.08974355302115755,0.00536938667700252,11,11.5
teacherB,test_w24-27,all,far,,100000,87506,0.94379,0.9000283285331894,0.7269152928370626,0.9221310538705917,0.6976887014604712,0.7746955458482847,0.9108861106666971,0.7446533153155211,0.026867332276254915,0.2866312861442566,0.08974355302115755,0.00536938667700252,11,11.5
teacherB,test_w24-27,ge5,all,,96204,89771,0.9472475156958131,0.9032769166106286,0.7434488678419408,0.9083111472524534,0.7154783323798981,0.8022036136736077,0.8839714384378029,0.7732415901940961,0.025443771331517248,0.2658442258834839,0.08415583417177543,0.004761050152955317,11,11.5
teacherB,test_w24-27,ge5,near,,96204,11977,0.9472475156958131,0.9032769166106286,0.7916420028676989,0.8617349920681305,0.7599258909361595,0.8567358304732664,0.7575352759455624,0.822757154218364,0.025443771331517248,0.2658442258834839,0.08415583417177543,0.004761050152955317,11,11.5
teacherB,test_w24-27,ge5,far,,96204,77794,0.9472475156958131,0.9032769166106286,0.7360291545195317,0.9154819137722704,0.7086352801030088,0.7938079487044646,0.9034372830809574,0.7656182784950107,0.025443771331517248,0.2658442258834839,0.08415583417177543,0.004761050152955317,11,11.5
teacherB,test_w28-31,all,all,,100000,100000,0.9195,0.8326012856478133,0.7064423968500001,0.92267,0.6691122516,0.7747133093,0.90318,0.7334976156999998,0.04474227425366642,0.4487842917442322,0.1302118995595974,0.009753130445313101,11,15.5
teacherB,test_w28-31,all,near,,100000,15990,0.9195,0.8326012856478133,0.7576186951219512,0.8968105065666041,0.7148391626016259,0.833782736710444,0.8230143839899937,0.7854669774859286,0.04474227425366642,0.4487842917442322,0.1302118995595974,0.009753130445313101,11,15.5
teacherB,test_w28-31,all,far,,100000,84010,0.9195,0.8326012856478133,0.6967017825258898,0.9275919533388882,0.6604088435900489,0.7634703603142483,0.9184382811570051,0.7236060540411855,0.04474227425366642,0.4487842917442322,0.1302118995595974,0.009753130445313101,11,15.5
teacherB,test_w28-31,ge5,all,,95576,94669,0.924185988114171,0.8364676699967287,0.7092870681246161,0.923269496878598,0.6750407570029167,0.7821105084738365,0.9030622484657068,0.7450385179565917,0.04284502112976204,0.4242488145828247,0.12238727329428097,0.00862226889550683,11,15.5
teacherB,test_w28-31,ge5,near,,95576,15420,0.924185988114171,0.8364676699967287,0.7586161621524031,0.9036964980544747,0.719627118237412,0.8360739922091052,0.8316472114137484,0.7926068030472243,0.04284502112976204,0.4242488145828247,0.12238727329428097,0.00862226889550683,11,15.5
teacherB,test_w28-31,ge5,far,,95576,79249,0.924185988114171,0.8364676699967287,0.6996887813335085,0.9270779442011886,0.6663652949751826,0.7716104779472956,0.916957942686974,0.7357828433600977,0.04284502112976204,0.4242488145828247,0.12238727329428097,0.00862226889550683,11,15.5
teacherB,test_w32-35,all,all,,100000,100000,0.88986,0.7922789600412848,0.6926978501499998,0.9315,0.6388935345,0.7560848391,0.90617,0.6972291728000002,0.07086094478771088,0.7111191153526306,0.1814579936910345,0.016386854249027524,11,19.5
teacherB,test_w32-35,all,near,,100000,16559,0.88986,0.7922789600412848,0.7546799181713872,0.899390059786219,0.6919332109426899,0.831331842200616,0.8275862068965517,0.7606262177667733,0.07086094478771088,0.7111191153526306,0.1814579936910345,0.016386854249027524,11,19.5
teacherB,test_w32-35,all,far,,100000,83441,0.88986,0.7922789600412848,0.6803974095468655,0.9378722690284153,0.6283677258182427,0.7411519508994379,0.9217650795172637,0.6846479277573375,0.07086094478771088,0.7111191153526306,0.1814579936910345,0.016386854249027524,11,19.5
teacherB,test_w32-35,ge5,all,,95262,94615,0.8968213978291449,0.7964037589160535,0.694271491306509,0.9326111081752365,0.645458175639726,0.7616315230047686,0.9056809174021032,0.709160046550453,0.06680190433621147,0.6606026887893677,0.17012126233723204,0.014735815287987047,11,19.5
teacherB,test_w32-35,ge5,near,,95262,16006,0.8968213978291449,0.7964037589160535,0.7527496079241327,0.9066600024990629,0.6961996754733591,0.8313443600553174,0.8362489066600025,0.7680015921838932,0.06680190433621147,0.6606026887893677,0.17012126233723204,0.014735815287987047,11,19.5
teacherB,test_w32-35,ge5,far,,95262,78609,0.8968213978291449,0.7964037589160535,0.682364448415979,0.9378951519546108,0.635126426777164,0.7474369184450989,0.9198183414112888,0.6971790039292666,0.06680190433621147,0.6606026887893677,0.17012126233723204,0.014735815287987047,11,19.5
teacherB,test_w36-39,all,all,,100000,100000,0.8667,0.7707409113318288,0.67361027065,0.94241,0.6070684177,0.72797813485,0.9245,0.6571440989,0.09110589263767001,0.8948741555213928,0.219654544854751,0.02205673587046972,11,23.5
teacherB,test_w36-39,all,near,,100000,12548,0.8667,0.7707409113318288,0.7529286989958559,0.8839655722027415,0.6726681726171502,0.8290154865317182,0.817261715014345,0.7401844190309212,0.09110589263767001,0.8948741555213928,0.219654544854751,0.02205673587046972,11,23.5
teacherB,test_w36-39,all,far,,100000,87452,0.8667,0.7707409113318288,0.6622293115080272,0.9507958651603166,0.5976558745368887,0.713480848465444,0.9398870237387367,0.6452291062525729,0.09110589263767001,0.8948741555213928,0.219654544854751,0.02205673587046972,11,23.5
teacherB,test_w36-39,ge5,all,,95184,91735,0.8762817280215163,0.7756882454374298,0.6769874211864051,0.9451245435221017,0.6175866777869701,0.7402096115889515,0.9235406333460511,0.6774496245420241,0.0850404527615696,0.8316611647605896,0.2053646869474103,0.020028956937810018,11,23.5
teacherB,test_w36-39,ge5,near,,95184,12085,0.8762817280215163,0.7756882454374298,0.7503993793298755,0.897972693421597,0.679297562240011,0.8288263533024781,0.8306992139015308,0.750085819452938,0.0850404527615696,0.8316611647605896,0.2053646869474103,0.020028956937810018,11,23.5
teacherB,test_w36-39,ge5,far,,95184,79650,0.8762817280215163,0.7756882454374298,0.6658488962125967,0.9522787193973634,0.6082235134603535,0.726764121022624,0.9376271186440678,0.6664288032551644,0.0850404527615696,0.8316611647605896,0.2053646869474103,0.020028956937810018,11,23.5
teacherB,test_w40-43,all,all,,100000,100000,0.85836,0.7650897937632525,0.6680776435,0.94202,0.5948332808,0.7228362853999999,0.92059,0.6462893712,0.09802988967522981,0.9665405750274658,0.23444052067399276,0.024444813059687116,11,27.5
teacherB,test_w40-43,all,near,,100000,10904,0.85836,0.7650897937632525,0.7444813949009539,0.8670212765957447,0.6575241278429934,0.8205052095561262,0.80493396918562,0.7255662169845929,0.09802988967522981,0.9665405750274658,0.23444052067399276,0.024444813059687116,11,27.5
teacherB,test_w40-43,all,far,,100000,89096,0.85836,0.7650897937632525,0.6587269823561103,0.9511987070126605,0.587160871307354,0.7108830894204005,0.9347445452096614,0.6365870868501391,0.09802988967522981,0.9665405750274658,0.23444052067399276,0.024444813059687116,11,27.5
teacherB,test_w40-43,ge5,all,,95288,93977,0.8662265972630342,0.7707105913314879,0.6681833277233272,0.9443480851697755,0.6008485199222052,0.7299355562602994,0.9204805431116124,0.6600962665947286,0.0937340628191855,0.9059733748435974,0.2226661798600413,0.022486901150365928,11,27.5
teacherB,test_w40-43,ge5,near,,95288,10557,0.8662265972630342,0.7707105913314879,0.742762044535779,0.8780903665814151,0.6628413569771964,0.8208128301383886,0.8162356730131666,0.7339613647450156,0.0937340628191855,0.9059733748435974,0.2226661798600413,0.022486901150365928,11,27.5
teacherB,test_w40-43,ge5,far,,95288,83420,0.8662265972630342,0.7707105913314879,0.658745213201761,0.9527331575161831,0.5930031785078017,0.7184348204615584,0.9336729801006953,0.6507484622172104,0.0937340628191855,0.9059733748435974,0.2226661798600413,0.022486901150365928,11,27.5
teacherB,test_w44-47,all,all,,100000,100000,0.83348,0.7342311579361495,0.6568555957000001,0.95463,0.5740729603999999,0.7094407075,0.93138,0.6244608716,0.1159205388714373,1.1790004968643188,0.27428629757612377,0.0321470949581137,11,31.5
teacherB,test_w44-47,all,near,,100000,10628,0.83348,0.7342311579361495,0.7252762485886337,0.9108957470831766,0.6276172704177644,0.8048766832894242,0.8393865261573202,0.6980511987203614,0.1159205388714373,1.1790004968643188,0.27428629757612377,0.0321470949581137,11,31.5
teacherB,test_w44-47,all,far,,100000,89372,0.83348,0.7342311579361495,0.6487191021796536,0.959830819496039,0.5677055418923153,0.698091587521819,0.9423197422011368,0.6157096072595444,0.1159205388714373,1.1790004968643188,0.27428629757612377,0.0321470949581137,11,31.5
teacherB,test_w44-47,ge5,all,,94936,92436,0.841387882362855,0.7407513727728442,0.65509356255903,0.9560993552295642,0.5781659621482785,0.7137900680663075,0.9313146393180146,0.635494991056067,0.11161293449095191,1.1014761924743652,0.2622455296691795,0.029004347901003258,11,31.5
teacherB,test_w44-47,ge5,near,,94936,10310,0.841387882362855,0.7407513727728442,0.7237724084802815,0.9207565470417071,0.632851345787947,0.8041426402365958,0.8518913676042676,0.705665568807925,0.11161293449095191,1.1014761924743652,0.2622455296691795,0.029004347901003258,11,31.5
teacherB,test_w44-47,ge5,far,,94936,82126,0.841387882362855,0.7407513727728442,0.6464717022291941,0.9605362491780922,0.5713008243682214,0.7024473140167291,0.941285342035409,0.6266858604930097,0.11161293449095191,1.1014761924743652,0.2622455296691795,0.029004347901003258,11,31.5
teacherB,test_w48-51,all,all,,100000,100000,0.82097,0.7228273438535894,0.6514298480999999,0.95539,0.5649731152,0.70712298085,0.93007,0.6166360406,0.12658099337399004,1.3554625511169434,0.2981660797002047,0.0372535644881136,11,35.333333333333336
teacherB,test_w48-51,all,near,,100000,10972,0.82097,0.7228273438535894,0.7256041159314619,0.9201604083120671,0.6214595843966461,0.8037864081297847,0.8298395916879329,0.6888503764126869,0.12658099337399004,1.3554625511169434,0.2981660797002047,0.0372535644881136,11,35.333333333333336
teacherB,test_w48-51,all,far,,100000,89028,0.82097,0.7228273438535894,0.6422884536325651,0.9597317697802938,0.5580116026418654,0.6952099745585659,0.9424226086175136,0.6077361923215169,0.12658099337399004,1.3554625511169434,0.2981660797002047,0.0372535644881136,11,35.333333333333336
teacherB,test_w48-51,ge5,all,,94668,93780,0.8302488697342291,0.7303314220519052,0.6488253095779255,0.9568777991042866,0.5696677787323209,0.7096565723804652,0.9308381317978247,0.6278391632413998,0.12102280824994958,1.2463771104812622,0.28359491153094907,0.032806717728082635,11,35.333333333333336
teacherB,test_w48-51,ge5,near,,94668,10675,0.8302488697342291,0.7303314220519052,0.722154903679656,0.9288056206088993,0.6267177046389854,0.8010669502065595,0.8428103044496487,0.696503513969045,0.12102280824994958,1.2463771104812622,0.28359491153094907,0.032806717728082635,11,35.333333333333336
teacherB,test_w48-51,ge5,far,,94668,83105,0.8302488697342291,0.7303314220519052,0.6394059796093801,0.9604837254076168,0.562339604024979,0.6979147303337346,0.9421454786113952,0.6190190929205092,0.12102280824994958,1.2463771104812622,0.28359491153094907,0.032806717728082635,11,35.333333333333336
student_direct_s0,val,all,all,,200000,53779,0.94105,0.9127073900215783,0.7523226273731383,0.8750255676007364,0.712530646627866,0.8492659945796687,0.6844307257479685,0.8058822879748601,0.0030009261739626972,0.2112225443124771,0.08383899434184963,0.004019366107302756,11,1.0
student_direct_s0,val,all,near,,200000,10959,0.94105,0.9127073900215783,0.6644725431152478,0.8331052103294097,0.6307722716488731,0.7149884410073912,0.8395839036408431,0.6825823090610457,0.0030009261739626972,0.2112225443124771,0.08383899434184963,0.004019366107302756,11,1.0
student_direct_s0,val,all,far,,200000,42820,0.94105,0.9127073900215783,0.7748062582321346,0.8857543204110229,0.733455215319944,0.8836318915810369,0.6447220924801494,0.8374386744511909,0.0030009261739626972,0.2112225443124771,0.08383899434184963,0.004019366107302756,11,1.0
student_direct_s0,val,ge5,all,,191366,52270,0.9502471703437392,0.924163407097939,0.75578154630841,0.8767553089726421,0.7239265137793054,0.8570366434792559,0.6873923856896882,0.8219518181090615,0.002464142755103341,0.17539918422698975,0.07138369968213924,0.0030419984749476365,11,1.0
student_direct_s0,val,ge5,near,,191366,10483,0.9502471703437392,0.924163407097939,0.670812980933299,0.8346847276542975,0.6441030397394308,0.7260001471379812,0.8382142516455213,0.7008501236677953,0.002464142755103341,0.17539918422698975,0.07138369968213924,0.0030419984749476365,11,1.0
student_direct_s0,val,ge5,far,,191366,41787,0.9502471703437392,0.924163407097939,0.777097397430225,0.887309450307512,0.7439516287279739,0.8899094410274307,0.6495560820350826,0.852332296794485,0.002464142755103341,0.17539918422698975,0.07138369968213924,0.0030419984749476365,11,1.0
student_direct_s0,test_w16-19,all,all,,100000,100000,0.93314,0.9026429503643364,0.6874739938,0.87759,0.6470830786,0.7675330075,0.7229,0.7244982623,0.0033390642952919,0.27861836552619934,0.09638426099066601,0.005458959674600446,11,3.5
student_direct_s0,test_w16-19,all,near,,100000,11980,0.93314,0.9026429503643364,0.740836276293823,0.8613522537562605,0.6963207295492487,0.8372322575125208,0.7035058430717863,0.7883918205342236,0.0033390642952919,0.27861836552619934,0.09638426099066601,0.005458959674600446,11,3.5
student_direct_s0,test_w16-19,all,far,,100000,88020,0.93314,0.9026429503643364,0.6802110973642355,0.8798000454442172,0.6403815669166099,0.7580465610656668,0.7255396500795274,0.7158020020449898,0.0033390642952919,0.27861836552619934,0.09638426099066601,0.005458959674600446,11,3.5
student_direct_s0,test_w16-19,ge5,all,,96085,89545,0.941000156111776,0.9100564498150239,0.71961394293207,0.8710927466636886,0.6840293448065149,0.8032373922394132,0.6984421240716958,0.765035822621469,0.002926087944578446,0.24897344410419464,0.08572254778382654,0.0044588198246635034,11,3.5
student_direct_s0,test_w16-19,ge5,near,,96085,11402,0.941000156111776,0.9100564498150239,0.7548868188710998,0.8592352218908963,0.7166595663480845,0.8539231579374067,0.6997018067005788,0.8115347680677657,0.002926087944578446,0.24897344410419464,0.08572254778382654,0.0044588198246635034,11,3.5
student_direct_s0,test_w16-19,ge5,far,,96085,78143,0.941000156111776,0.9100564498150239,0.7144672076972209,0.8728229016034705,0.6792682045122214,0.7958417317133455,0.6982583212827764,0.7582510693360988,0.002926087944578446,0.24897344410419464,0.08572254778382654,0.0044588198246635034,11,3.5
student_direct_s0,test_w20-23,all,all,,100000,100000,0.92022,0.8783679683108945,0.6903339547999999,0.88576,0.6420154509,0.7623520108999999,0.73068,0.7111572008,0.010733742454498988,0.3622344434261322,0.11573756427675463,0.007876676160771664,11,7.5
student_direct_s0,test_w20-23,all,near,,100000,13417,0.92022,0.8783679683108945,0.7402906931504807,0.8744875903704256,0.6874677670119997,0.8356052549004994,0.7303421033017813,0.7778407527763286,0.010733742454498988,0.3622344434261322,0.11573756427675463,0.007876676160771664,11,7.5
student_direct_s0,test_w20-23,all,far,,100000,86583,0.92022,0.8783679683108945,0.6825926018964462,0.8875067853966714,0.6349721083815529,0.7510006050263909,0.7307323608560572,0.7008238418627213,0.010733742454498988,0.3622344434261322,0.11573756427675463,0.007876676160771664,11,7.5
student_direct_s0,test_w20-23,ge5,all,,95941,89776,0.9275075306698909,0.8854858274154443,0.723545995072686,0.8808478880769917,0.6791524120484247,0.7992695844897777,0.7081848155409018,0.7518692173019861,0.01105232414116508,0.3379887342453003,0.10582572925588916,0.006674486469509005,11,7.5
student_direct_s0,test_w20-23,ge5,near,,95941,12762,0.9275075306698909,0.8854858274154443,0.7530836691066277,0.8711800658204043,0.7060207582227102,0.8519506429015974,0.7271587525466228,0.7999779960624961,0.01105232414116508,0.3379887342453003,0.10582572925588916,0.006674486469509005,11,7.5
student_direct_s0,test_w20-23,ge5,far,,95941,77014,0.9275075306698909,0.8854858274154443,0.7186513032501453,0.8824499441659958,0.6747000548941899,0.7905397994188603,0.7050406419612019,0.7438971052893437,0.01105232414116508,0.3379887342453003,0.10582572925588916,0.006674486469509005,11,7.5
student_direct_s0,test_w24-27,all,all,,100000,100000,0.90849,0.8427630947386036,0.6859071710000001,0.90365,0.6326320823,0.7542932781999999,0.76056,0.6977747257000001,0.017541596063002967,0.44320547580718994,0.13349393873854484,0.010232490730159262,11,11.5
student_direct_s0,test_w24-27,all,near,,100000,12494,0.90849,0.8427630947386036,0.7298288230350568,0.8889867136225388,0.6719979534176405,0.8310788954698255,0.7355530654714263,0.7667354378101489,0.017541596063002967,0.44320547580718994,0.13349393873854484,0.010232490730159262,11,11.5
student_direct_s0,test_w24-27,all,far,,100000,87506,0.90849,0.8427630947386036,0.679636091068041,0.905743606152721,0.6270114712134025,0.7433299213768199,0.7641304596256256,0.6879285992960482,0.017541596063002967,0.44320547580718994,0.13349393873854484,0.010232490730159262,11,11.5
student_direct_s0,test_w24-27,ge5,all,,96204,89771,0.9145773564508752,0.8474205639585007,0.7186458372422568,0.9001570663131746,0.6678832571479335,0.7905774414078026,0.7409296989005358,0.7366086977236658,0.017997277226412256,0.41517531871795654,0.12453805225826484,0.009005603601643083,11,11.5
student_direct_s0,test_w24-27,ge5,near,,96204,11977,0.9145773564508752,0.8474205639585007,0.7406907348477123,0.8893712949820489,0.6875423105850529,0.845777534097228,0.7316523336394757,0.7862562687586033,0.017997277226412256,0.41517531871795654,0.12453805225826484,0.009005603601643083,11,11.5
student_direct_s0,test_w24-27,ge5,far,,96204,77794,0.9145773564508752,0.8474205639585007,0.7152518513484791,0.9018176208962131,0.6648565907852786,0.7820789516767019,0.7423580224695991,0.7289650625039131,0.017997277226412256,0.41517531871795654,0.12453805225826484,0.009005603601643083,11,11.5
student_direct_s0,test_w28-31,all,all,,100000,100000,0.8813,0.771014348494056,0.6974949563499999,0.91359,0.6258944228,0.76768027735,0.77904,0.6911705442000001,0.031605605461150425,0.6353922486305237,0.17441011022127867,0.017163692743935012,11,15.5
student_direct_s0,test_w28-31,all,near,,100000,15990,0.8813,0.771014348494056,0.7237052579737336,0.8956848030018761,0.6484237454659162,0.8228863486554097,0.7378986866791745,0.7384083427141964,0.031605605461150425,0.6353922486305237,0.17441011022127867,0.017163692743935012,11,15.5
student_direct_s0,test_w28-31,all,far,,100000,84010,0.8813,0.771014348494056,0.6925062321152244,0.9169979764313773,0.6216063157957386,0.7571726582549696,0.7868706106415903,0.6821795621949768,0.031605605461150425,0.6353922486305237,0.17441011022127867,0.017163692743935012,11,15.5
student_direct_s0,test_w28-31,ge5,all,,95576,94669,0.8878274880723194,0.7764427190748827,0.7031785593067632,0.9143014080638857,0.6373199778828234,0.7783051973504018,0.7781533553750436,0.7071252637297476,0.032062393703508905,0.6025444865226746,0.16527560881014977,0.01552026149069428,11,15.5
student_direct_s0,test_w28-31,ge5,near,,95576,15420,0.8878274880723194,0.7764427190748827,0.7306908965880108,0.8976005188067445,0.6609667025905704,0.8344247329347072,0.7398184176394293,0.7552939263904119,0.032062393703508905,0.6025444865226746,0.16527560881014977,0.01552026149069428,11,15.5
student_direct_s0,test_w28-31,ge5,far,,95576,79249,0.8878274880723194,0.7764427190748827,0.6978253025984535,0.917551010107383,0.632718878878502,0.7673856496121338,0.7856124367499905,0.6977527697143348,0.032062393703508905,0.6025444865226746,0.16527560881014977,0.01552026149069428,11,15.5
student_direct_s0,test_w32-35,all,all,,100000,100000,0.85065,0.7321076867838671,0.6929223823499999,0.91017,0.6062696517,0.7562488347,0.78525,0.6624659632000001,0.051296526829749375,0.8328127861022949,0.22117392552582085,0.025784259829013226,11,19.5
student_direct_s0,test_w32-35,all,near,,100000,16559,0.85065,0.7321076867838671,0.7275821516999819,0.8937133884896431,0.6350713823298508,0.8184498212452442,0.7612778549429313,0.7139446729874992,0.051296526829749375,0.8328127861022949,0.22117392552582085,0.025784259829013226,11,19.5
student_direct_s0,test_w32-35,all,far,,100000,83441,0.85065,0.7321076867838671,0.6860440956484222,0.9134358408935656,0.6005539021584113,0.7439049493654198,0.7900073105547633,0.6522499308493426,0.051296526829749375,0.8328127861022949,0.22117392552582085,0.025784259829013226,11,19.5
student_direct_s0,test_w32-35,ge5,all,,95262,94615,0.8580021414624929,0.7358277702049204,0.6979378705829103,0.9113988268244992,0.6167077918962078,0.76562700247309,0.7824657823812292,0.6780314844245245,0.04987690736113036,0.7825598120689392,0.20968064973300865,0.023340312551242876,11,19.5
student_direct_s0,test_w32-35,ge5,near,,95262,16006,0.8580021414624929,0.7358277702049204,0.7342062661764587,0.8964763213794827,0.6470196587304093,0.8287610202035965,0.7623391228289391,0.7305767172407239,0.04987690736113036,0.7825598120689392,0.20968064973300865,0.023340312551242876,11,19.5
student_direct_s0,test_w32-35,ge5,far,,95262,78609,0.8580021414624929,0.7358277702049204,0.6905530680810297,0.9144372781742549,0.6105358301545724,0.7527719465915181,0.7865638794540065,0.6673324678175702,0.04987690736113036,0.7825598120689392,0.20968064973300865,0.023340312551242876,11,19.5
student_direct_s0,test_w36-39,all,all,,100000,100000,0.83098,0.7167650691946094,0.66780297365,0.92047,0.5705363125999999,0.72061647235,0.80391,0.6183618980000001,0.06318726998403668,0.9015595316886902,0.24959321853497965,0.03228118884218885,11,23.5
student_direct_s0,test_w36-39,all,near,,100000,12548,0.83098,0.7167650691946094,0.7168034455690151,0.8920943576665604,0.6103939679630219,0.8095104307459355,0.7603602167676123,0.6912624577621933,0.06318726998403668,0.9015595316886902,0.24959321853497965,0.03228118884218885,11,23.5
student_direct_s0,test_w36-39,all,far,,100000,87452,0.83098,0.7167650691946094,0.6607721690756072,0.9245414627452774,0.5648173598088094,0.707861573777615,0.810158715638293,0.6079018030462424,0.06318726998403668,0.9015595316886902,0.24959321853497965,0.03228118884218885,11,23.5
student_direct_s0,test_w36-39,ge5,all,,95184,91735,0.8409711716254833,0.7211413366460294,0.687206413326707,0.9191257426282226,0.5944713766438796,0.743548779430486,0.7953016841990516,0.6476830797924507,0.05899843200837705,0.8417428135871887,0.23401883301639165,0.028951948220716072,11,23.5
student_direct_s0,test_w36-39,ge5,near,,95184,12085,0.8409711716254833,0.7211413366460294,0.7259235297365908,0.8933388498138188,0.6261808985534401,0.8208803767689405,0.7601985932974762,0.7113296613129961,0.05899843200837705,0.8417428135871887,0.23401883301639165,0.028951948220716072,11,23.5
student_direct_s0,test_w36-39,ge5,far,,95184,79650,0.8409711716254833,0.7211413366460294,0.6813320084075175,0.923038292529818,0.5896602081281603,0.7318155420941994,0.8006277463904583,0.638026219306879,0.05899843200837705,0.8417428135871887,0.23401883301639165,0.028951948220716072,11,23.5
student_direct_s0,test_w40-43,all,all,,100000,100000,0.82651,0.7180713478516885,0.67579256735,0.91916,0.5734408113,0.7220164866,0.80812,0.6165384259,0.06567325438082215,0.9594470262527466,0.2576186904726522,0.03448073607255288,11,27.5
student_direct_s0,test_w40-43,all,near,,100000,10904,0.82651,0.7180713478516885,0.7136037963132795,0.8978356566397653,0.6042063316214232,0.8041567892516507,0.7707263389581804,0.683709121423331,0.06567325438082215,0.9594470262527466,0.2576186904726522,0.03448073607255288,11,27.5
student_direct_s0,test_w40-43,all,far,,100000,89096,0.82651,0.7180713478516885,0.6711650460177787,0.9217697764209392,0.5696755779159557,0.7119637585301248,0.8126964173475801,0.6083177508530127,0.06567325438082215,0.9594470262527466,0.2576186904726522,0.03448073607255288,11,27.5
student_direct_s0,test_w40-43,ge5,all,,95288,93977,0.8355616656871799,0.7240680004301028,0.6838123119892807,0.9196079891888441,0.5872366867226592,0.733120793784683,0.8044947167924067,0.6350773146274356,0.06299666872484345,0.9021018743515015,0.24397553387664572,0.031304079646427584,11,27.5
student_direct_s0,test_w40-43,ge5,near,,95288,10557,0.8355616656871799,0.7240680004301028,0.7193012269641181,0.8991190679170219,0.6163405029075364,0.812752355617319,0.773231031543052,0.7005850495863328,0.06299666872484345,0.9021018743515015,0.24397553387664572,0.031304079646427584,11,27.5
student_direct_s0,test_w40-43,ge5,far,,95288,83420,0.8355616656871799,0.7240680004301028,0.679321105139732,0.9222009110525053,0.5835535293567546,0.7230432296721544,0.8084512107408295,0.6267871544984367,0.06299666872484345,0.9021018743515015,0.24397553387664572,0.031304079646427584,11,27.5
student_direct_s0,test_w44-47,all,all,,100000,100000,0.80352,0.6926856149764514,0.6505166089500001,0.92529,0.5415488498,0.6957084054999999,0.83657,0.5835216403,0.07691721739508214,1.1672152280807495,0.29203833110275323,0.044089453648949374,11,31.5
student_direct_s0,test_w44-47,all,near,,100000,10628,0.80352,0.6926856149764514,0.6998378918893489,0.9030861874294317,0.5803305391418893,0.7832233115355663,0.7903650733910426,0.6528740487391794,0.07691721739508214,1.1672152280807495,0.29203833110275323,0.044089453648949374,11,31.5
student_direct_s0,test_w44-47,all,far,,100000,89372,0.80352,0.6926856149764514,0.6446513872353759,0.9279304480150382,0.5369369826120037,0.6853012486572976,0.842064628742783,0.5752743436423041,0.07691721739508214,1.1672152280807495,0.29203833110275323,0.044089453648949374,11,31.5
student_direct_s0,test_w44-47,ge5,all,,94936,92436,0.8122208645824556,0.698423565816462,0.6626012437451205,0.9242935652775974,0.5580805276169062,0.7095701204604623,0.8306936691332382,0.6038904509674335,0.07446295768587594,1.1106456518173218,0.2785395332704215,0.04020219624307088,11,31.5
student_direct_s0,test_w44-47,ge5,near,,94936,10310,0.8122208645824556,0.698423565816462,0.7015956019623246,0.9044616876818623,0.5889058130702908,0.7877436216767851,0.7922405431619787,0.6661963091251346,0.07446295768587594,1.1106456518173218,0.2785395332704215,0.04020219624307088,11,31.5
student_direct_s0,test_w44-47,ge5,far,,94936,82126,0.8122208645824556,0.698423565816462,0.657705938565039,0.926783235516158,0.5542107580795562,0.6997563124393692,0.8355210286632735,0.5960686479135177,0.07446295768587594,1.1106456518173218,0.2785395332704215,0.04020219624307088,11,31.5
student_direct_s0,test_w48-51,all,all,,100000,100000,0.79377,0.6761512799770072,0.6475613115500001,0.9311,0.5363634811,0.6991177564000001,0.84281,0.5821514353,0.08575438154347241,1.2847495079040527,0.3071630754075907,0.04645861355656322,11,35.333333333333336
student_direct_s0,test_w48-51,all,near,,100000,10972,0.79377,0.6761512799770072,0.704560137167335,0.9113197229310973,0.5804284542471747,0.7958702100802042,0.7950236966824644,0.6572603827925628,0.08575438154347241,1.2847495079040527,0.3071630754075907,0.04645861355656322,11,35.333333333333336
student_direct_s0,test_w48-51,all,far,,100000,89028,0.79377,0.6761512799770072,0.6405366550972726,0.9335377634002786,0.5309328201240059,0.6871937783057016,0.8486992856180078,0.572894848923934,0.08575438154347241,1.2847495079040527,0.3071630754075907,0.04645861355656322,11,35.333333333333336
student_direct_s0,test_w48-51,ge5,all,,94668,93780,0.8035872734186842,0.6828318513259228,0.6524706242817103,0.9303369588398379,0.5477915240810636,0.705865354139759,0.8387929195990617,0.5980419785478227,0.08204096863215102,1.2091532945632935,0.29007445913454905,0.04143053229622286,11,35.333333333333336
student_direct_s0,test_w48-51,ge5,near,,94668,10675,0.8035872734186842,0.6828318513259228,0.7063648016700097,0.9118501170960187,0.5898958786970939,0.7994803661933447,0.7974707259953162,0.6711277850194873,0.08204096863215102,1.2091532945632935,0.29007445913454905,0.04143053229622286,11,35.333333333333336
student_direct_s0,test_w48-51,ge5,far,,94668,83105,0.8035872734186842,0.6828318513259228,0.645547811651663,0.9327116298658323,0.5423831372749011,0.6938403225090266,0.8441008362914385,0.5886539635777845,0.08204096863215102,1.2091532945632935,0.29007445913454905,0.04143053229622286,11,35.333333333333336
student_direct_s1,val,all,all,,200000,53779,0.941095,0.913219233528014,0.74802276237007,0.8620651183547481,0.7081248691868575,0.849349971178341,0.673999144647539,0.8055714911024748,0.0030555580921471422,0.20905667543411255,0.08366939416039053,0.003978512161175375,11,1.0
student_direct_s1,val,all,near,,200000,10959,0.941095,0.913219233528014,0.6726761919426955,0.8619399580253673,0.6381596578154941,0.7151961700428872,0.8397664020439821,0.6824444926544393,0.0030555580921471422,0.20905667543411255,0.08366939416039053,0.003978512161175375,11,1.0
student_direct_s1,val,all,far,,200000,42820,0.941095,0.913219233528014,0.7673063463334889,0.8620971508640822,0.7260311921999066,0.8836841959948623,0.6315740308267165,0.8370836063755255,0.0030555580921471422,0.20905667543411255,0.08366939416039053,0.003978512161175375,11,1.0
student_direct_s1,val,ge5,all,,191366,52270,0.9499702141446233,0.9243620592286207,0.7508319707496759,0.8630763344174479,0.7185863876512504,0.8568764753377878,0.6791276066577386,0.8210750331129067,0.0028004579230626256,0.17359329760074615,0.07142086894568452,0.003019304914005284,11,1.0
student_direct_s1,val,ge5,near,,191366,10483,0.9499702141446233,0.9243620592286207,0.6784054569366336,0.8642564151483354,0.6507353485951515,0.7265617040096398,0.8365925784603644,0.7007382213977864,0.0028004579230626256,0.17359329760074615,0.07142086894568452,0.003019304914005284,11,1.0
student_direct_s1,val,ge5,far,,191366,41787,0.9499702141446233,0.9243620592286207,0.7690014288180255,0.8627802905209754,0.735608007830375,0.889568215540075,0.639624763682485,0.8512636275851018,0.0028004579230626256,0.17359329760074615,0.07142086894568452,0.003019304914005284,11,1.0
student_direct_s1,test_w16-19,all,all,,100000,100000,0.93178,0.8992678373007834,0.66433024475,0.90236,0.6244146373000001,0.75421086025,0.77286,0.7113225899,0.004726377765163791,0.2928215563297272,0.0975567366001488,0.005547796990211099,11,3.5
student_direct_s1,test_w16-19,all,near,,100000,11980,0.93178,0.8992678373007834,0.7112664081803005,0.9137729549248748,0.6677149081803004,0.8181950454924874,0.7923205342237062,0.7703883639398998,0.004726377765163791,0.2928215563297272,0.0975567366001488,0.005547796990211099,11,3.5
student_direct_s1,test_w16-19,all,far,,100000,88020,0.93178,0.8992678373007834,0.6579419780163599,0.9008066348557147,0.6185212352874346,0.7455022651670075,0.7702113156100886,0.7032834172915248,0.004726377765163791,0.2928215563297272,0.0975567366001488,0.005547796990211099,11,3.5
student_direct_s1,test_w16-19,ge5,all,,96085,89545,0.9398032991622002,0.9078168516905176,0.6919322334897879,0.8937294097939583,0.6568242700379758,0.7886678193587279,0.7554078954715506,0.7506567785163022,0.004333203700353364,0.26211118698120117,0.08697834422775795,0.004540738650691116,11,3.5
student_direct_s1,test_w16-19,ge5,near,,96085,11402,0.9398032991622002,0.9078168516905176,0.7193480031790467,0.912120680582354,0.6824062950314311,0.832304172025374,0.7902999473776531,0.7912741777805067,0.004333203700353364,0.26211118698120117,0.08697834422775795,0.004540738650691116,11,3.5
student_direct_s1,test_w16-19,ge5,far,,96085,78143,0.9398032991622002,0.9078168516905176,0.6879319441996796,0.8910459030239433,0.6530915460706932,0.7823007526591501,0.7503167270260932,0.7447302132908763,0.004333203700353364,0.26211118698120117,0.08697834422775795,0.004540738650691116,11,3.5
student_direct_s1,test_w20-23,all,all,,100000,100000,0.92006,0.8746218901588069,0.6582635511499999,0.90934,0.612175677,0.7464938887500001,0.78052,0.6966713235000002,0.010379783046618147,0.3469110131263733,0.11498109559357929,0.007869100505782246,11,7.5
student_direct_s1,test_w20-23,all,near,,100000,13417,0.92006,0.8746218901588069,0.6952389613922636,0.9209957516583439,0.6460041231273758,0.8103832600432288,0.811880450175151,0.7555623932324662,0.010379783046618147,0.3469110131263733,0.11498109559357929,0.007869100505782246,11,7.5
student_direct_s1,test_w20-23,all,far,,100000,86583,0.92006,0.8746218901588069,0.6525337995911438,0.9075338114872434,0.6069335825739464,0.7365935192243281,0.7756603490292552,0.6875454964600441,0.010379783046618147,0.3469110131263733,0.11498109559357929,0.007869100505782246,11,7.5
student_direct_s1,test_w20-23,ge5,all,,95941,89776,0.9274241460897843,0.8810707413208564,0.6859459979196655,0.9023458385314561,0.6439365767480467,0.7824324952313979,0.763121546961326,0.7364998167250099,0.010827258472325043,0.32214635610580444,0.10505957317543099,0.006659287982174352,11,7.5
student_direct_s1,test_w20-23,ge5,near,,95941,12762,0.9274241460897843,0.8810707413208564,0.7004288520996735,0.919134931828867,0.6574221519196517,0.823484265271093,0.8088073969597241,0.7748478628750838,0.010827258472325043,0.32214635610580444,0.10505957317543099,0.006659287982174352,11,7.5
student_direct_s1,test_w20-23,ge5,far,,95941,77014,0.9274241460897843,0.8810707413208564,0.6835460422616648,0.8995637156880567,0.6417018803247988,0.775629801055708,0.7555509387903498,0.7301451569882448,0.010827258472325043,0.32214635610580444,0.10505957317543099,0.006659287982174352,11,7.5
student_direct_s1,test_w24-27,all,all,,100000,100000,0.90909,0.8441548403085148,0.66130631305,0.91537,0.6091806319999999,0.7385050979000001,0.79781,0.6831994996999999,0.01712843896135689,0.4239383935928345,0.13163416961346228,0.010043695971705645,11,11.5
student_direct_s1,test_w24-27,all,near,,100000,12494,0.90909,0.8441548403085148,0.7002039170801985,0.9359692652473187,0.6443634576596767,0.811355073635345,0.8073475268128701,0.7493156218985113,0.01712843896135689,0.4239383935928345,0.13163416961346228,0.010043695971705645,11,11.5
student_direct_s1,test_w24-27,all,far,,100000,87506,0.90909,0.8441548403085148,0.6557525605672754,0.91242886202089,0.6041572710442713,0.7281036671771078,0.7964482435490138,0.6737595203757456,0.01712843896135689,0.4239383935928345,0.13163416961346228,0.010043695971705645,11,11.5
student_direct_s1,test_w24-27,ge5,all,,96204,89771,0.9154297118622926,0.8491072491220638,0.6895704478328688,0.9084225418008043,0.6402746450675977,0.7742422353427255,0.7843735727573492,0.7216867974854767,0.017368830909593083,0.39385008811950684,0.12265233282025477,0.008824321910128772,11,11.5
student_direct_s1,test_w24-27,ge5,near,,96204,11977,0.9154297118622926,0.8491072491220638,0.7052646537194988,0.9367120313935042,0.6547352869349843,0.8236664350681397,0.8097186273691241,0.7669591574432122,0.017368830909593083,0.39385008811950684,0.12265233282025477,0.008824321910128772,11,11.5
student_direct_s1,test_w24-27,ge5,far,,96204,77794,0.9154297118622926,0.8491072491220638,0.6871542010284345,0.9040671517083579,0.6380483151752449,0.7666329898982016,0.7804715016582255,0.714716760526151,0.017368830909593083,0.39385008811950684,0.12265233282025477,0.008824321910128772,11,11.5
student_direct_s1,test_w28-31,all,all,,100000,100000,0.88453,0.779920549030046,0.6746844518999999,0.91384,0.6069327368,0.7463323704,0.81888,0.6752430476,0.029057692388892203,0.5887041687965393,0.16693387177705848,0.01562466447310305,11,15.5
student_direct_s1,test_w28-31,all,near,,100000,15990,0.88453,0.779920549030046,0.6840036954346468,0.9419011882426517,0.6153753151969982,0.7905869171357098,0.8350218886804253,0.7142188348968105,0.029057692388892203,0.5887041687965393,0.16693387177705848,0.01562466447310305,11,15.5
student_direct_s1,test_w28-31,all,far,,100000,84010,0.88453,0.779920549030046,0.6729106784906559,0.9084989882156886,0.6053258229972621,0.7379092040828474,0.8158076419473872,0.6678246112367576,0.029057692388892203,0.5887041687965393,0.16693387177705848,0.01562466447310305,11,15.5
student_direct_s1,test_w28-31,ge5,all,,95576,94669,0.8911651460617729,0.7850159950829942,0.6805264758150888,0.9124739883171894,0.6183053001390103,0.7572291805108311,0.8168988792529761,0.6915259163282618,0.02925335026630757,0.5527424216270447,0.15741027263090038,0.013981668671504263,11,15.5
student_direct_s1,test_w28-31,ge5,near,,95576,15420,0.8911651460617729,0.7850159950829942,0.6854345448205796,0.9431258106355382,0.6230902316945237,0.7989551235640074,0.8378728923476005,0.7286080243133938,0.02925335026630757,0.5527424216270447,0.15741027263090038,0.013981668671504263,11,15.5
student_direct_s1,test_w28-31,ge5,far,,95576,79249,0.8911651460617729,0.7850159950829942,0.6795714804957198,0.9065098613231712,0.6173742644844782,0.7491102888922619,0.8128178273542884,0.6843106062911544,0.02925335026630757,0.5527424216270447,0.15741027263090038,0.013981668671504263,11,15.5
student_direct_s1,test_w32-35,all,all,,100000,100000,0.85343,0.7405784064666027,0.6681620395,0.91417,0.5876736285999999,0.7348413495999999,0.81974,0.646750486,0.04840644933864474,0.7701311111450195,0.21252146570774913,0.023847283151826174,11,19.5
student_direct_s1,test_w32-35,all,near,,100000,16559,0.85343,0.7405784064666027,0.6875074796183345,0.9453469412404131,0.604560990397971,0.7861921994081769,0.8546409807355516,0.6908702711516396,0.04840644933864474,0.7701311111450195,0.21252146570774913,0.023847283151826174,11,19.5
student_direct_s1,test_w32-35,all,far,,100000,83441,0.85343,0.7405784064666027,0.6643229059455182,0.9079828861111444,0.5843223046224278,0.7246506912668832,0.8128138445128893,0.6379948440215241,0.04840644933864474,0.7701311111450195,0.21252146570774913,0.023847283151826174,11,19.5
student_direct_s1,test_w32-35,ge5,all,,95262,94615,0.8611828431063803,0.7454623948502844,0.6739539814971642,0.9129736299741056,0.5986171301579851,0.7447987486124441,0.8168894995508111,0.6632659871135227,0.04665050446653656,0.7108188271522522,0.20035297427121926,0.021347044336286654,11,19.5
student_direct_s1,test_w32-35,ge5,near,,95262,16006,0.8611828431063803,0.7454623948502844,0.6886133160453023,0.946957390978383,0.6118318388052361,0.7934291986088975,0.8559915031863051,0.7055658547697781,0.04665050446653656,0.7108188271522522,0.20035297427121926,0.021347044336286654,11,19.5
student_direct_s1,test_w32-35,ge5,far,,95262,78609,0.8611828431063803,0.7454623948502844,0.6709691157848732,0.9060540141714053,0.5959264124716146,0.7348968419269091,0.8089277309213958,0.6546530842435456,0.04665050446653656,0.7108188271522522,0.20035297427121926,0.021347044336286654,11,19.5
student_direct_s1,test_w36-39,all,all,,100000,100000,0.83328,0.7209665656385577,0.63364919685,0.92505,0.5465428763,0.6972978411,0.8369,0.6005145998,0.06095253856226804,0.8213439583778381,0.23927752286830636,0.030344135938847317,11,23.5
student_direct_s1,test_w36-39,all,near,,100000,12548,0.83328,0.7209665656385577,0.6800495955530761,0.9340930825629582,0.5852440364998406,0.7799395983423654,0.8214058017213899,0.6696091671979598,0.06095253856226804,0.8213439583778381,0.23927752286830636,0.030344135938847317,11,23.5
student_direct_s1,test_w36-39,all,far,,100000,87452,0.83328,0.7209665656385577,0.6269914622878836,0.9237524584915153,0.540989862553172,0.6854400360197593,0.8391231761423409,0.5906006054750035,0.06095253856226804,0.8213439583778381,0.23927752286830636,0.030344135938847317,11,23.5
student_direct_s1,test_w36-39,ge5,all,,95184,91735,0.843429567994621,0.7271249177941829,0.6524351715788304,0.9216329645173598,0.5689444087263313,0.7201415098548964,0.8297596337275849,0.6300914416908835,0.05682981114538352,0.7513163089752197,0.2235792096652225,0.027116369633908764,11,23.5
student_direct_s1,test_w36-39,ge5,near,,95184,12085,0.843429567994621,0.7271249177941829,0.6841796418189279,0.9352916839056682,0.5960466379409091,0.7886203621000543,0.8220107571369466,0.6878112026629885,0.05682981114538352,0.7513163089752197,0.2235792096652225,0.027116369633908764,11,23.5
student_direct_s1,test_w36-39,ge5,far,,95184,79650,0.843429567994621,0.7271249177941829,0.6476187004821374,0.9195605775266792,0.5648322876960968,0.7097514667992437,0.8309353421217828,0.6213338357731448,0.05682981114538352,0.7513163089752197,0.2235792096652225,0.027116369633908764,11,23.5
student_direct_s1,test_w40-43,all,all,,100000,100000,0.82653,0.7166928364345547,0.63932300035,0.91976,0.5454761689000001,0.6970131133999999,0.83148,0.5956639099000001,0.06592479096829895,0.877785325050354,0.24963327542529778,0.033075427681376224,11,27.5
student_direct_s1,test_w40-43,all,near,,100000,10904,0.82653,0.7166928364345547,0.6691844502017608,0.9367204695524578,0.5705274944974321,0.7700564673514307,0.8283198826118855,0.6569556630594277,0.06592479096829895,0.877785325050354,0.24963327542529778,0.033075427681376224,11,27.5
student_direct_s1,test_w40-43,all,far,,100000,89096,0.82653,0.7166928364345547,0.6356684114887313,0.9176842955912723,0.5424102663419234,0.6880737139714466,0.8318667504714017,0.5881627282930769,0.06592479096829895,0.877785325050354,0.24963327542529778,0.033075427681376224,11,27.5
student_direct_s1,test_w40-43,ge5,all,,95288,93977,0.8356980941986399,0.7247737579442868,0.6478273618872517,0.9189482532960193,0.5588116958448134,0.7081903027422417,0.8258084424912479,0.6144780326432359,0.0632628666538967,0.8103718161582947,0.23552707764195346,0.029881808498003978,11,27.5
student_direct_s1,test_w40-43,ge5,near,,95288,10557,0.8356980941986399,0.7247737579442868,0.6701806409877711,0.9383347541915317,0.5780051956099811,0.7756658064456408,0.82675002368097,0.6716454022252611,0.0632628666538967,0.8103718161582947,0.23552707764195346,0.029881808498003978,11,27.5
student_direct_s1,test_w40-43,ge5,far,,95288,83420,0.8356980941986399,0.7247737579442868,0.6449985010929076,0.9164948453608247,0.5563827126630718,0.6996511167844766,0.8256892831455287,0.6072433656487808,0.0632628666538967,0.8103718161582947,0.23552707764195346,0.029881808498003978,11,27.5
student_direct_s1,test_w44-47,all,all,,100000,100000,0.80201,0.6852796093655611,0.6089910445500001,0.93056,0.5093961151999999,0.6692334552,0.86338,0.5621741567,0.07913668842799965,1.1044681072235107,0.2901145388326568,0.04443741594509888,11,31.5
student_direct_s1,test_w44-47,all,near,,100000,10628,0.80201,0.6852796093655611,0.6518764188934889,0.9529544599171998,0.5446341550621001,0.7422046923221678,0.8571697403086187,0.6222410829883327,0.07913668842799965,1.1044681072235107,0.2901145388326568,0.04443741594509888,11,31.5
student_direct_s1,test_w44-47,all,far,,100000,89372,0.80201,0.6852796093655611,0.6038911725708276,0.9278968804547285,0.5052056541198585,0.6605558122230676,0.8641185158662669,0.5550310772949022,0.07913668842799965,1.1044681072235107,0.2901145388326568,0.04443741594509888,11,31.5
student_direct_s1,test_w44-47,ge5,all,,94936,92436,0.8106303193730513,0.6928768017643371,0.6196404637288656,0.9271387770998313,0.5239863398953851,0.6821134979845151,0.8609308061794106,0.5818979281574937,0.07691829239040318,1.0376650094985962,0.276587459101053,0.04041678613960253,11,31.5
student_direct_s1,test_w44-47,ge5,near,,94936,10310,0.8106303193730513,0.6928768017643371,0.6496672371532628,0.9533462657613967,0.5495046067892632,0.7430303595410073,0.862172647914646,0.6327810804718348,0.07691829239040318,1.0376650094985962,0.276587459101053,0.04041678613960253,11,31.5
student_direct_s1,test_w44-47,ge5,far,,94936,82126,0.8106303193730513,0.6928768017643371,0.6158709384383909,0.923848720259114,0.5207828071326075,0.6744660679057649,0.8607749068504493,0.5755101179590076,0.07691829239040318,1.0376650094985962,0.276587459101053,0.04041678613960253,11,31.5
student_direct_s1,test_w48-51,all,all,,100000,100000,0.79231,0.6713221192701173,0.6078518883499999,0.93283,0.5068778159,0.6737608297000001,0.87177,0.5632607523,0.08863338580429557,1.2084532976150513,0.3069158846075825,0.047230402402669944,11,35.333333333333336
student_direct_s1,test_w48-51,all,near,,100000,10972,0.79231,0.6713221192701173,0.6524951458257382,0.95260663507109,0.5431204402114473,0.7565614300036456,0.8685745534086766,0.630417125410135,0.08863338580429557,1.2084532976150513,0.3069158846075825,0.047230402402669944,11,35.333333333333336
student_direct_s1,test_w48-51,all,far,,100000,89028,0.79231,0.6713221192701173,0.6023499583838793,0.930392685447275,0.5024111978254032,0.6635563076784833,0.8721638136316664,0.5549842580985757,0.08863338580429557,1.2084532976150513,0.3069158846075825,0.047230402402669944,11,35.333333333333336
student_direct_s1,test_w48-51,ge5,all,,94668,93780,0.8020556048506359,0.6786109061106024,0.6114580207898632,0.9310087438686288,0.5164975522363625,0.6795171933342058,0.8706440605672852,0.5785226009405416,0.08523859785566004,1.1233720779418945,0.29020710299738367,0.04199397128772613,11,35.333333333333336
student_direct_s1,test_w48-51,ge5,near,,94668,10675,0.8020556048506359,0.6786109061106024,0.6496071897855975,0.9531615925058547,0.5483516886179028,0.7564353586140407,0.8742857142857143,0.6416671540101342,0.08523859785566004,1.1233720779418945,0.29020710299738367,0.04199397128772613,11,35.333333333333336
student_direct_s1,test_w48-51,ge5,far,,94668,83105,0.8020556048506359,0.6786109061106024,0.6065576853223288,0.9281631670777931,0.5124058260360984,0.6696369043700972,0.8701762830154623,0.5704115594386115,0.08523859785566004,1.1233720779418945,0.29020710299738367,0.04199397128772613,11,35.333333333333336
student_direct_s2,val,all,all,,200000,53779,0.940865,0.9136852939278854,0.7208653989010579,0.8890273154948958,0.6825960853678946,0.8424414663251456,0.7135684932780453,0.7993156316591978,0.002563140240386124,0.21054109930992126,0.08425370657995315,0.004067483546308877,11,1.0
student_direct_s2,val,all,near,,200000,10959,0.940865,0.9136852939278854,0.6531556334975819,0.9068345651975546,0.6196170325759649,0.7123981695410165,0.8560087599233507,0.6798140218085592,0.002563140240386124,0.21054109930992126,0.08425370657995315,0.004067483546308877,11,1.0
student_direct_s2,val,all,far,,200000,42820,0.940865,0.9136852939278854,0.7381944815506772,0.8844698738907053,0.6987144281877627,0.8757236823330219,0.6771134983652499,0.8298998946753854,0.002563140240386124,0.21054109930992126,0.08425370657995315,0.004067483546308877,11,1.0
student_direct_s2,val,ge5,all,,191366,52270,0.9499127326693352,0.9246749283080931,0.7227269457110486,0.8901473120336714,0.6922053260011429,0.8496093188159555,0.7138511574516931,0.8146190374611244,0.002214593758763935,0.1748628169298172,0.07186876458894674,0.0030845205817399664,11,1.0
student_direct_s2,val,ge5,near,,191366,10483,0.9499127326693352,0.9246749283080931,0.6582584326392993,0.9064199179624154,0.6315948757104929,0.7229815202717214,0.8542401984164838,0.6974908158871043,0.002214593758763935,0.1748628169298172,0.07186876458894674,0.0030845205817399664,11,1.0
student_direct_s2,val,ge5,far,,191366,41787,0.9499127326693352,0.9246749283080931,0.738900000070805,0.8860650441524877,0.7074105178167049,0.8813761173930059,0.6786321104649772,0.8440027009631814,0.002214593758763935,0.1748628169298172,0.07186876458894674,0.0030845205817399664,11,1.0
student_direct_s2,test_w16-19,all,all,,100000,100000,0.93209,0.9017509588999234,0.6699443341,0.8795,0.6295805354999999,0.7561189245500001,0.76649,0.7131259779,0.004970531070977435,0.29065942764282227,0.09799790151938183,0.00561789097253085,11,3.5
student_direct_s2,test_w16-19,all,near,,100000,11980,0.93209,0.9017509588999234,0.7369892103505843,0.8508347245409015,0.6912053288814691,0.8284948142737897,0.751085141903172,0.779594202003339,0.004970531070977435,0.29065942764282227,0.09799790151938183,0.00561789097253085,11,3.5
student_direct_s2,test_w16-19,all,far,,100000,88020,0.93209,0.9017509588999234,0.660819162349466,0.8834014996591684,0.6211930664621678,0.7462681729152465,0.7685866848443536,0.7040792916382639,0.004970531070977435,0.29065942764282227,0.09799790151938183,0.00561789097253085,11,3.5
student_direct_s2,test_w16-19,ge5,all,,96085,89545,0.9401987823281469,0.9099060222863226,0.6994898025293107,0.8708135574292255,0.6642315376686251,0.7898798003829952,0.7464626723993523,0.7520256684522062,0.0041985093967261255,0.26035773754119873,0.08705281320711447,0.00456922580956352,11,3.5
student_direct_s2,test_w16-19,ge5,near,,96085,11402,0.9401987823281469,0.9099060222863226,0.7501135509393784,0.849587791615506,0.7109312618299534,0.8442865230427982,0.7457463602876688,0.8021562374285317,0.0041985093967261255,0.26035773754119873,0.08705281320711447,0.00456922580956352,11,3.5
student_direct_s2,test_w16-19,ge5,far,,96085,78143,0.9401987823281469,0.9099060222863226,0.6921031910686348,0.8739106509860128,0.6574174883630254,0.781941207652142,0.7465671909192122,0.7447110177801295,0.0041985093967261255,0.26035773754119873,0.08705281320711447,0.00456922580956352,11,3.5
student_direct_s2,test_w20-23,all,all,,100000,100000,0.92123,0.878842977412836,0.6704894084,0.88751,0.6241059662,0.7485527143000001,0.77085,0.6991832230999999,0.010176448200643035,0.3725523352622986,0.11455531076187833,0.00781966173835395,11,7.5
student_direct_s2,test_w20-23,all,near,,100000,13417,0.92123,0.878842977412836,0.7349713039427592,0.8631586792874711,0.68267269732429,0.8199355224714915,0.7627636580457628,0.7644930573153462,0.010176448200643035,0.3725523352622986,0.11455531076187833,0.00781966173835395,11,7.5
student_direct_s2,test_w20-23,all,far,,100000,86583,0.92123,0.878842977412836,0.6604972206437754,0.8912835083099454,0.6150303990390723,0.7374911532864419,0.7721030687317372,0.6890627370268991,0.010176448200643035,0.3725523352622986,0.11455531076187833,0.00781966173835395,11,7.5
student_direct_s2,test_w20-23,ge5,all,,95941,89776,0.9288521070241086,0.8858919460778146,0.7009961712349647,0.8788874532168954,0.6589128503445495,0.7837917756458403,0.7528738192835501,0.7387293084061415,0.01030502654431512,0.34761568903923035,0.1040577632856392,0.0065684886980980645,11,7.5
student_direct_s2,test_w20-23,ge5,near,,95941,12762,0.9288521070241086,0.8858919460778146,0.7468198202820875,0.8601316408086507,0.7006467414403612,0.8351501409456346,0.7574047954866009,0.7859824183037869,0.01030502654431512,0.34761568903923035,0.1040577632856392,0.0065684886980980645,11,7.5
student_direct_s2,test_w20-23,ge5,far,,95941,77014,0.9288521070241086,0.8858919460778146,0.6934027283656244,0.8819954813410549,0.651997121799548,0.7752811742232941,0.7521229906250811,0.7308989893925368,0.01030502654431512,0.34761568903923035,0.1040577632856392,0.0065684886980980645,11,7.5
student_direct_s2,test_w24-27,all,all,,100000,100000,0.91058,0.84923312062061,0.66940591395,0.89299,0.6177609559999999,0.74052684905,0.78263,0.6860841598000001,0.015443117193691437,0.4453313648700714,0.13013770661574736,0.009941069554655563,11,11.5
student_direct_s2,test_w24-27,all,near,,100000,12494,0.91058,0.84923312062061,0.7232656146950536,0.8739394909556587,0.6661860621098127,0.8188180302545222,0.7517208259964783,0.756793945093645,0.015443117193691437,0.4453313648700714,0.13013770661574736,0.009941069554655563,11,11.5
student_direct_s2,test_w24-27,all,far,,100000,87506,0.91058,0.84923312062061,0.6617158915388659,0.895710008456563,0.6108468783854822,0.7293485296436816,0.7870431741823418,0.6759883028592325,0.015443117193691437,0.4453313648700714,0.13013770661574736,0.009941069554655563,11,11.5
student_direct_s2,test_w24-27,ge5,all,,96204,89771,0.9171967901542556,0.8544766714866521,0.7008076940990339,0.8861213532209734,0.6522327270957261,0.7762710673179561,0.7656035913602388,0.7249638407835399,0.015347524769052805,0.4161340594291687,0.12075234229051496,0.0087164811244799,11,11.5
student_direct_s2,test_w24-27,ge5,near,,96204,11977,0.9171967901542556,0.8544766714866521,0.7325828085108462,0.874926943308007,0.6808471408168304,0.8325946213757234,0.7486014861818485,0.7760199750796041,0.015347524769052805,0.4161340594291687,0.12075234229051496,0.0087164811244799,11,11.5
student_direct_s2,test_w24-27,ge5,far,,96204,77794,0.9171967901542556,0.8544766714866521,0.6959156645683466,0.8878448209373474,0.6478273123704561,0.7675996118464562,0.7682211995783736,0.7171033461378866,0.015347524769052805,0.4161340594291687,0.12075234229051496,0.0087164811244799,11,11.5
student_direct_s2,test_w28-31,all,all,,100000,100000,0.88862,0.7908145951158276,0.6854068298000001,0.8904,0.6197691601,0.75267572115,0.78736,0.683915009,0.025158475252389904,0.6061115860939026,0.1621864777436177,0.015002737478806205,11,15.5
student_direct_s2,test_w28-31,all,near,,100000,15990,0.88862,0.7908145951158276,0.7103665803627268,0.8846779237023139,0.6415453527204503,0.8022790403377111,0.7497811131957474,0.7271491081926204,0.025158475252389904,0.6061115860939026,0.1621864777436177,0.015002737478806205,11,15.5
student_direct_s2,test_w28-31,all,far,,100000,84010,0.88862,0.7908145951158276,0.6806561285561242,0.8914891084394715,0.6156243997143196,0.7432344989882157,0.794512558028806,0.6756860690394,0.025158475252389904,0.6061115860939026,0.1621864777436177,0.015002737478806205,11,15.5
student_direct_s2,test_w28-31,ge5,all,,95576,94669,0.8958525152758015,0.7963018324283863,0.6926226399133575,0.8912104279119881,0.6332541433258769,0.7630542547471195,0.7841320812515185,0.7004925783216149,0.02461458759191687,0.5704942345619202,0.15195570655527418,0.013355256516743708,11,15.5
student_direct_s2,test_w28-31,ge5,near,,95576,15420,0.8958525152758015,0.7963018324283863,0.7161431156653082,0.8900778210116731,0.6538758916244541,0.8124415374833747,0.7486381322957198,0.7437582088128751,0.02461458759191687,0.5704942345619202,0.15195570655527418,0.013355256516743708,11,15.5
student_direct_s2,test_w28-31,ge5,far,,95576,79249,0.8958525152758015,0.7963018324283863,0.688046106000058,0.8914308066978763,0.6292416339091771,0.7534446457956747,0.7910383727239461,0.6920740995751927,0.02461458759191687,0.5704942345619202,0.15195570655527418,0.013355256516743708,11,15.5
student_direct_s2,test_w32-35,all,all,,100000,100000,0.85417,0.7471376401962125,0.6811462070500001,0.89622,0.5971368476000001,0.74192472475,0.79718,0.6520148867,0.04613481657929716,0.8041990399360657,0.2109211863419028,0.023570708845578953,11,19.5
student_direct_s2,test_w32-35,all,near,,100000,16559,0.85417,0.7471376401962125,0.7191202258590494,0.8867081345491877,0.6286812392052661,0.8046591602753789,0.7539706504015943,0.7044400332145662,0.04613481657929716,0.8041990399360657,0.2109211863419028,0.023570708845578953,11,19.5
student_direct_s2,test_w32-35,all,far,,100000,83441,0.85417,0.7471376401962125,0.6736102022387076,0.8981076449227597,0.5908768125981232,0.7294749756115099,0.8057549645857552,0.6416110324660539,0.04613481657929716,0.8041990399360657,0.2109211863419028,0.023570708845578953,11,19.5
student_direct_s2,test_w32-35,ge5,all,,95262,94615,0.8620541244147719,0.7517972540502029,0.6877286267246376,0.8963589282883264,0.6095912435623007,0.7513478781070522,0.7946097341859113,0.6681516337169281,0.04454903805380531,0.7572325468063354,0.19907915569968052,0.021262156938539868,11,19.5
student_direct_s2,test_w32-35,ge5,near,,95262,16006,0.8620541244147719,0.7517972540502029,0.7246929142270984,0.8924778208171935,0.640566649765161,0.8140085707661437,0.7549044108459327,0.7208415640192117,0.04454903805380531,0.7572325468063354,0.19907915569968052,0.021262156938539868,11,19.5
student_direct_s2,test_w32-35,ge5,far,,95262,78609,0.8620541244147719,0.7517972540502029,0.6802021299397354,0.8971491813914437,0.6032841750118423,0.7385891984812916,0.8026943479754226,0.6574231544789481,0.04454903805380531,0.7572325468063354,0.19907915569968052,0.021262156938539868,11,19.5
student_direct_s2,test_w36-39,all,all,,100000,100000,0.82972,0.7289185475725879,0.6475692718499999,0.90778,0.5517136605999999,0.70191153535,0.82597,0.6011434621999999,0.06205190793938932,0.8580723404884338,0.24327368277159586,0.030724624745341676,11,23.5
student_direct_s2,test_w36-39,all,near,,100000,12548,0.82972,0.7289185475725879,0.7071445250239081,0.8965572202741473,0.6004223836467963,0.7941443006853681,0.7755020720433535,0.6771648151099777,0.06205190793938932,0.8580723404884338,0.24327368277159586,0.030724624745341676,11,23.5
student_direct_s2,test_w36-39,all,far,,100000,87452,0.82972,0.7289185475725879,0.6390211508599002,0.9093902941041943,0.5447247174449983,0.6886775699812469,0.8332113616612542,0.5902355820335726,0.06205190793938932,0.8580723404884338,0.24327368277159586,0.030724624745341676,11,23.5
student_direct_s2,test_w36-39,ge5,all,,95184,91735,0.8397419734409144,0.7338441773939737,0.6674946150031303,0.9052706164495558,0.5763528854935197,0.7242701609760434,0.8183899275085845,0.6301553375793223,0.05850446999422447,0.8079474568367004,0.22871170885848913,0.027660857889563403,11,23.5
student_direct_s2,test_w36-39,ge5,near,,95184,12085,0.8397419734409144,0.7338441773939737,0.7155003643227814,0.9014480761274307,0.6161311900707803,0.8044290902578133,0.7746793545717832,0.6964601696825443,0.05850446999422447,0.8079474568367004,0.22871170885848913,0.027660857889563403,11,23.5
student_direct_s2,test_w36-39,ge5,far,,95184,79650,0.8397419734409144,0.7338441773939737,0.6602108801565768,0.905850596359071,0.570317470417359,0.7121079430178489,0.825021971123666,0.6200951505615265,0.05850446999422447,0.8079474568367004,0.22871170885848913,0.027660857889563403,11,23.5
student_direct_s2,test_w40-43,all,all,,100000,100000,0.82198,0.7215720572999984,0.6553709684500001,0.89756,0.5515028419,0.7064108245000001,0.81501,0.598900142,0.06955607422590254,0.9043538570404053,0.25547405353958663,0.03411780342092094,11,27.5
student_direct_s2,test_w40-43,all,near,,100000,10904,0.82198,0.7215720572999984,0.701597582538518,0.891874541452678,0.5890996194057226,0.7852072652237712,0.780630961115187,0.6639090278796772,0.06955607422590254,0.9043538570404053,0.25547405353958663,0.03411780342092094,11,27.5
student_direct_s2,test_w40-43,all,far,,100000,89096,0.82198,0.7215720572999984,0.6497135315277902,0.8982558139534884,0.5469015661758104,0.6967673344482356,0.8192174732872407,0.5909440396875281,0.06955607422590254,0.9043538570404053,0.25547405353958663,0.03411780342092094,11,27.5
student_direct_s2,test_w40-43,ge5,all,,95288,93977,0.8310175468054739,0.7287976529039827,0.663427738791717,0.8978473456271215,0.5655244010375152,0.7168230014779151,0.8100811900784235,0.6168870087651074,0.06747154818805395,0.8540565967559814,0.24247589087490656,0.031131881095123257,11,27.5
student_direct_s2,test_w40-43,ge5,near,,95288,10557,0.8310175468054739,0.7287976529039827,0.7061678481981551,0.8963720754002084,0.6007099940898375,0.792238532467924,0.781945628492943,0.6795332517997,0.06747154818805395,0.8540565967559814,0.24247589087490656,0.031131881095123257,11,27.5
student_direct_s2,test_w40-43,ge5,far,,95288,83420,0.8310175468054739,0.7287976529039827,0.6580188759889867,0.8980340445936227,0.5610715803008411,0.7072789861259428,0.8136418125149845,0.6089589772652729,0.06747154818805395,0.8540565967559814,0.24247589087490656,0.031131881095123257,11,27.5
student_direct_s2,test_w44-47,all,all,,100000,100000,0.80178,0.6914876595536446,0.6299772492,0.91159,0.5218262321,0.6799800736499999,0.84978,0.5687410205000001,0.07771477191716436,1.1530001163482666,0.2900660008183224,0.04447249350642686,11,31.5
student_direct_s2,test_w44-47,all,near,,100000,10628,0.80178,0.6914876595536446,0.6863454229394053,0.9233157696650357,0.5670493253669552,0.7621018484192699,0.8197214904027098,0.6352228801279637,0.07771477191716436,1.1530001163482666,0.2900660008183224,0.04447249350642686,11,31.5
student_direct_s2,test_w44-47,all,far,,100000,89372,0.80178,0.6914876595536446,0.6232740205545362,0.9101955869847379,0.5164483616792732,0.670214260842322,0.8533545181936177,0.5608350857091707,0.07771477191716436,1.1530001163482666,0.2900660008183224,0.04447249350642686,11,31.5
student_direct_s2,test_w44-47,ge5,all,,94936,92436,0.8105671189011545,0.6987192207023318,0.6432487831181112,0.9101324159418408,0.5398146161380357,0.6943301991366309,0.8459041931714917,0.5898430824457562,0.0752052713443434,1.1001943349838257,0.2766466436113981,0.04042816816564133,11,31.5
student_direct_s2,test_w44-47,ge5,near,,94936,10310,0.8105671189011545,0.6987192207023318,0.6875473988214185,0.9270611057225994,0.5757979902454271,0.7652264035837876,0.8236663433559651,0.6477144018284777,0.0752052713443434,1.1001943349838257,0.2766466436113981,0.04042816816564133,11,31.5
student_direct_s2,test_w44-47,ge5,far,,94936,82126,0.8105671189011545,0.6987192207023318,0.6376875877853164,0.9080072084358182,0.5352973063086613,0.6854299742644809,0.8486959062903343,0.5825779860958079,0.0752052713443434,1.1001943349838257,0.2766466436113981,0.04042816816564133,11,31.5
student_direct_s2,test_w48-51,all,all,,100000,100000,0.79734,0.6853393504417764,0.63097625475,0.91888,0.5220446219,0.68494464855,0.85628,0.5718922868,0.08462611424997452,1.2432342767715454,0.3007931183596803,0.047069560258422564,11,35.333333333333336
student_direct_s2,test_w48-51,all,near,,100000,10972,0.79734,0.6853393504417764,0.6945497926540285,0.9241706161137441,0.5719655377324098,0.7763462076193948,0.8205432008749545,0.6446661757200145,0.08462611424997452,1.2432342767715454,0.3007931183596803,0.047069560258422564,11,35.333333333333336
student_direct_s2,test_w48-51,all,far,,100000,89028,0.79734,0.6853393504417764,0.6231413167767444,0.9182279732219077,0.5158922620973178,0.6736801260839287,0.8606842791032034,0.5629234780069192,0.08462611424997452,1.2432342767715454,0.3007931183596803,0.047069560258422564,11,35.333333333333336
student_direct_s2,test_w48-51,ge5,all,,94668,93780,0.8072844044450078,0.6929832450844114,0.6369766331609705,0.919108551930049,0.5348199769437254,0.692146444181087,0.8536468330134357,0.5884316589964855,0.08070079371614558,1.171422004699707,0.2834036631986881,0.04157520711168246,11,35.333333333333336
student_direct_s2,test_w48-51,ge5,near,,94668,10675,0.8072844044450078,0.6929832450844114,0.6951562601272199,0.9270257611241218,0.5809834393268267,0.778761215950153,0.8237939110070258,0.6578661371890167,0.08070079371614558,1.171422004699707,0.2834036631986881,0.04157520711168246,11,35.333333333333336
student_direct_s2,test_w48-51,ge5,far,,94668,83105,0.8072844044450078,0.6929832450844114,0.6295033461401569,0.9180915709042777,0.5288901897956644,0.6810206071239328,0.8574814993081042,0.5795126642945388,0.08070079371614558,1.171422004699707,0.2834036631986881,0.04157520711168246,11,35.333333333333336
student_ls_s0,val,all,all,,200000,53779,0.937275,0.9078016480655311,0.7756666533870099,0.8822774689005002,0.7450022030904256,0.8196688626601463,0.8571933282508042,0.7864900563416947,0.059917812201455256,0.27836987376213074,0.09577201226598712,0.005097651939983589,11,1.0
student_ls_s0,val,all,near,,200000,10959,0.937275,0.9078016480655311,0.6922624393192809,0.9061958207865681,0.6675933579706177,0.7080035210785656,0.9195182042157131,0.6831245136417556,0.059917812201455256,0.27836987376213074,0.09577201226598712,0.005097651939983589,11,1.0
student_ls_s0,val,all,far,,200000,42820,0.937275,0.9078016480655311,0.7970124446520318,0.8761560018682858,0.7648135887435776,0.8482475753736571,0.8412424100887436,0.8129445865249884,0.059917812201455256,0.27836987376213074,0.09577201226598712,0.005097651939983589,11,1.0
student_ls_s0,val,ge5,all,,191366,52270,0.9469759518409749,0.9187256080577453,0.782607020930573,0.8761239716854793,0.7572505511566425,0.8267685887860035,0.8537975894394491,0.7999584183304603,0.060536131921692674,0.24131296575069427,0.082929721121384,0.003987737461328911,11,1.0
student_ls_s0,val,ge5,near,,191366,10483,0.9469759518409749,0.9187256080577453,0.7032470468029073,0.8964990937708671,0.6828048365639995,0.7207538116472073,0.9166269197748736,0.7009581886220049,0.060536131921692674,0.24131296575069427,0.082929721121384,0.003987737461328911,11,1.0
student_ls_s0,val,ge5,far,,191366,41787,0.9469759518409749,0.9187256080577453,0.8025158588174834,0.871012515854213,0.775926561065817,0.8533642503253818,0.8380357527460693,0.8247943579297077,0.060536131921692674,0.24131296575069427,0.082929721121384,0.003987737461328911,11,1.0
student_ls_s0,test_w16-19,all,all,,100000,100000,0.92873,0.8964272828914408,0.7902987939,0.84766,0.7516518597,0.800324753,0.81902,0.7611196468,0.06110028502620758,0.31218910217285156,0.10870663839630129,0.006872546328546767,11,3.5
student_ls_s0,test_w16-19,all,near,,100000,11980,0.92873,0.8964272828914408,0.8458699344741235,0.7609348914858097,0.8005595300500835,0.8719403614357262,0.6791318864774625,0.8238702220367279,0.06110028502620758,0.31218910217285156,0.10870663839630129,0.006872546328546767,11,3.5
student_ls_s0,test_w16-19,all,far,,100000,88020,0.92873,0.8964272828914408,0.7827352598841172,0.8594637582367644,0.7449952601681437,0.7905774797773234,0.8380595319245626,0.7525789527380141,0.06110028502620758,0.31218910217285156,0.10870663839630129,0.006872546328546767,11,3.5
student_ls_s0,test_w16-19,ge5,all,,96085,89545,0.9370765468075142,0.9045979538737651,0.801744668330439,0.8363616058964767,0.7681628281708767,0.8167747223389188,0.8074934390529901,0.783108258712188,0.062085808055603195,0.28164198994636536,0.09777650838579152,0.0057461973549159905,11,3.5
student_ls_s0,test_w16-19,ge5,near,,96085,11402,0.9370765468075142,0.9045979538737651,0.8516095340436354,0.7464479915804245,0.8122637561168766,0.8816704552425857,0.6682161024381688,0.8400428375897988,0.062085808055603195,0.28164198994636536,0.09777650838579152,0.0057461973549159905,11,3.5
student_ls_s0,test_w16-19,ge5,far,,96085,78143,0.9370765468075142,0.9045979538737651,0.7944687869480778,0.8494810795592695,0.7617279743715565,0.8073056573354299,0.8278156712693395,0.7748008214706885,0.062085808055603195,0.28164198994636536,0.09777650838579152,0.0057461973549159905,11,3.5
student_ls_s0,test_w20-23,all,all,,100000,100000,0.91181,0.8649387352608474,0.79355043995,0.84491,0.7428391872999999,0.7985377205499999,0.80343,0.7470732845000001,0.06227669300436975,0.37498417496681213,0.13436548958546213,0.010445518341718365,11,7.5
student_ls_s0,test_w20-23,all,near,,100000,13417,0.91181,0.8649387352608474,0.8498098524260267,0.764403368860401,0.7916926637847507,0.8792138466125066,0.6725795632406648,0.817227379443989,0.06227669300436975,0.37498417496681213,0.13436548958546213,0.010445518341718365,11,7.5
student_ls_s0,test_w20-23,all,far,,100000,86583,0.91181,0.8649387352608474,0.7848324175069009,0.8573853989813243,0.7352687971079773,0.7860360564429507,0.8237067322684591,0.7362021262834505,0.06227669300436975,0.37498417496681213,0.13436548958546213,0.010445518341718365,11,7.5
student_ls_s0,test_w20-23,ge5,all,,95941,89776,0.919846572372604,0.872339337175817,0.8061939193396221,0.8353234717519159,0.7602788944943405,0.8166375688180761,0.7915478524327214,0.7702966813626292,0.06315415345081171,0.3473528027534485,0.12414213769123286,0.0090615304077139,11,7.5
student_ls_s0,test_w20-23,ge5,near,,95941,12762,0.919846572372604,0.872339337175817,0.854033917154927,0.7538787023977433,0.8019504992392832,0.8878810095475392,0.6618084939664629,0.8321690715599237,0.06315415345081171,0.3473528027534485,0.12414213769123286,0.0090615304077139,11,7.5
student_ls_s0,test_w20-23,ge5,far,,95941,77014,0.919846572372604,0.872339337175817,0.7982663470525194,0.8488196951203677,0.7533734874286776,0.8048318089485796,0.8130469784714468,0.7600437995009175,0.06315415345081171,0.3473528027534485,0.12414213769123286,0.0090615304077139,11,7.5
student_ls_s0,test_w24-27,all,all,,100000,100000,0.90171,0.8355979554428773,0.7908679448,0.84825,0.7322297789000001,0.7969169596,0.78626,0.7377077006999999,0.06460787126991899,0.42591676115989685,0.14974972088464206,0.01304805417236591,11,11.5
student_ls_s0,test_w24-27,all,near,,100000,12494,0.90171,0.8355979554428773,0.8442017040179286,0.7748519289258844,0.7777424083560109,0.8765513254362093,0.6559148391227789,0.8057710813190331,0.06460787126991899,0.42591676115989685,0.14974972088464206,0.01304805417236591,11,11.5
student_ls_s0,test_w24-27,all,far,,100000,87506,0.90171,0.8355979554428773,0.7832530156789249,0.8587296871071698,0.7257315411514639,0.7855468619294677,0.8048705231641259,0.7279896941923981,0.06460787126991899,0.42591676115989685,0.14974972088464206,0.01304805417236591,11,11.5
student_ls_s0,test_w24-27,ge5,all,,96204,89771,0.9085692902582013,0.8411434893716531,0.8014660341660961,0.8405052856713192,0.7468508320947896,0.8141138088059959,0.7738245090285282,0.7592011638726209,0.06563910029966868,0.3967307507991791,0.14047464891986247,0.011651939836977043,11,11.5
student_ls_s0,test_w24-27,ge5,near,,96204,11977,0.9085692902582013,0.8411434893716531,0.8484796332070046,0.76705351924522,0.7871759966932032,0.885248046486699,0.6479084912749437,0.8200055973289094,0.06563910029966868,0.3967307507991791,0.14047464891986247,0.011651939836977043,11,11.5
student_ls_s0,test_w24-27,ge5,far,,96204,77794,0.9085692902582013,0.8411434893716531,0.7942279197136581,0.851813764557678,0.7406424548883832,0.8031621317524729,0.7932102732858575,0.7498398416690325,0.06563910029966868,0.3967307507991791,0.14047464891986247,0.011651939836977043,11,11.5
student_ls_s0,test_w28-31,all,all,,100000,100000,0.87699,0.7771153064314772,0.7917517888,0.84664,0.716791216,0.8144436596000001,0.76513,0.7355472537999999,0.062355701601356284,0.5312408804893494,0.18137953849393146,0.018940212239206982,11,15.5
student_ls_s0,test_w28-31,all,near,,100000,15990,0.87699,0.7771153064314772,0.8310368708567855,0.7814884302689181,0.7487668405253285,0.8700047804878048,0.6617260787992495,0.7807246672920576,0.062355701601356284,0.5312408804893494,0.18137953849393146,0.018940212239206982,11,15.5
student_ls_s0,test_w28-31,all,far,,100000,84010,0.87699,0.7771153064314772,0.7842744829782169,0.8590405904059041,0.7107051520057136,0.8038684623259136,0.7848113319842875,0.7269484341149863,0.062355701601356284,0.5312408804893494,0.18137953849393146,0.018940212239206982,11,15.5
student_ls_s0,test_w28-31,ge5,all,,95576,94669,0.8836737256214949,0.7829992177974285,0.7963098105708816,0.8523698359547476,0.7261167721493114,0.8194392132757511,0.7654247958677075,0.7462835106613148,0.06357538921673876,0.4971531629562378,0.17197021826671535,0.017251389336961565,11,15.5
student_ls_s0,test_w28-31,ge5,near,,95576,15420,0.8836737256214949,0.7829992177974285,0.8340044506041979,0.7797665369649806,0.756966776332824,0.8775607998366542,0.6594033722438392,0.7938451897957874,0.06357538921673876,0.4971531629562378,0.17197021826671535,0.017251389336961565,11,15.5
student_ls_s0,test_w28-31,ge5,far,,95576,79249,0.8836737256214949,0.7829992177974285,0.788975316137971,0.8664967381291877,0.7201140836042224,0.8081301132900209,0.786054082701359,0.737029121429229,0.06357538921673876,0.4971531629562378,0.17197021826671535,0.017251389336961565,11,15.5
student_ls_s0,test_w32-35,all,all,,100000,100000,0.84937,0.7315710138817035,0.7769877322500001,0.87005,0.6900465244000002,0.7941835146,0.79781,0.7029221528999998,0.05604297532372175,0.6540123224258423,0.2214601037791341,0.028016623077654918,11,19.5
student_ls_s0,test_w32-35,all,near,,100000,16559,0.84937,0.7315710138817035,0.8277083909052478,0.7936469593574491,0.7294707095839121,0.8657154182015823,0.6847031825593333,0.7584223715200193,0.05604297532372175,0.6540123224258423,0.2214601037791341,0.028016623077654918,11,19.5
student_ls_s0,test_w32-35,all,far,,100000,83441,0.84937,0.7315710138817035,0.7669221363598232,0.8852123057010343,0.6822227317505785,0.7799878938411571,0.8202562289521937,0.691908045684975,0.05604297532372175,0.6540123224258423,0.2214601037791341,0.028016623077654918,11,19.5
student_ls_s0,test_w32-35,ge5,all,,95262,94615,0.85712036278894,0.7369003890513885,0.778972856656186,0.8698620726100512,0.698390064433097,0.7976440379986844,0.8003699202029276,0.7138034819993787,0.059466464370420274,0.6094752550125122,0.21003796170282363,0.02532985696777999,11,19.5
student_ls_s0,test_w32-35,ge5,near,,95262,16006,0.85712036278894,0.7369003890513885,0.8286915704200729,0.7888291890541047,0.7373740641804893,0.8728783743529781,0.6850556041484444,0.7725147089230171,0.059466464370420274,0.6094752550125122,0.21003796170282363,0.02532985696777999,11,19.5
student_ls_s0,test_w32-35,ge5,far,,95262,78609,0.85712036278894,0.7369003890513885,0.7688493627495752,0.8863616125380046,0.6904523232080876,0.7823251713589,0.8238496864226742,0.701848974269478,0.059466464370420274,0.6094752550125122,0.21003796170282363,0.02532985696777999,11,19.5
student_ls_s0,test_w36-39,all,all,,100000,100000,0.82575,0.7062125494653023,0.7615609023000001,0.88242,0.6611975246,0.76256400635,0.83869,0.6617710238,0.045274443900287155,0.7140952348709106,0.24846491867895787,0.03586805023481565,11,23.5
student_ls_s0,test_w36-39,all,near,,100000,12548,0.82575,0.7062125494653023,0.823298833280204,0.8008447561364361,0.7079761651259164,0.8577786456008926,0.716289448517692,0.7344832570927637,0.045274443900287155,0.7140952348709106,0.24846491867895787,0.03586805023481565,11,23.5
student_ls_s0,test_w36-39,all,far,,100000,87452,0.82575,0.7062125494653023,0.7527024707267986,0.8941247770205369,0.6544855182271416,0.7489021885148424,0.8562525728399579,0.6513379507615605,0.045274443900287155,0.7140952348709106,0.24846491867895787,0.03586805023481565,11,23.5
student_ls_s0,test_w36-39,ge5,all,,95184,91735,0.8357707177676921,0.7114339255047447,0.7684072137102068,0.8816809287621955,0.6751109852067092,0.7728506081419908,0.8353627296015698,0.6806680513493892,0.050690896207475154,0.6657264232635498,0.23462035869088707,0.03216133496246932,11,23.5
student_ls_s0,test_w36-39,ge5,near,,95184,12085,0.8357707177676921,0.7114339255047447,0.8248367919482197,0.7974348365742656,0.7182768485234409,0.864452997614602,0.7170872983036822,0.7503690198225393,0.050690896207475154,0.6657264232635498,0.23462035869088707,0.03216133496246932,11,23.5
student_ls_s0,test_w36-39,ge5,far,,95184,79650,0.8357707177676921,0.7114339255047447,0.7598453624483567,0.8944632768361582,0.6685615883682572,0.75895211628039,0.853308223477715,0.6700925811171479,0.050690896207475154,0.6657264232635498,0.23462035869088707,0.03216133496246932,11,23.5
student_ls_s0,test_w40-43,all,all,,100000,100000,0.81893,0.70034495205191,0.7673249264499999,0.88008,0.6586509184,0.7685394629,0.84145,0.6594891270000001,0.04295449681922793,0.7541274428367615,0.2588488164621725,0.039404806062073305,11,27.5
student_ls_s0,test_w40-43,all,near,,100000,10904,0.81893,0.70034495205191,0.8170185363169479,0.8038334556126192,0.6961369864269993,0.8511738889398387,0.7422046955245781,0.7223755401687455,0.04295449681922793,0.7541274428367615,0.2588488164621725,0.039404806062073305,11,27.5
student_ls_s0,test_w40-43,all,far,,100000,89096,0.81893,0.70034495205191,0.7612431817926731,0.8894114213881655,0.6540631918380174,0.7584262616166833,0.8535961210379815,0.651792783177696,0.04295449681922793,0.7541274428367615,0.2588488164621725,0.039404806062073305,11,27.5
student_ls_s0,test_w40-43,ge5,all,,95288,93977,0.8279846360507094,0.706907629903181,0.7709798971746754,0.8816625344499186,0.6692525117434356,0.77242475896587,0.8413867222831118,0.67180189867452,0.047591933209238546,0.7060804963111877,0.24596327778996963,0.03582395055555759,11,27.5
student_ls_s0,test_w40-43,ge5,near,,95288,10557,0.8279846360507094,0.706907629903181,0.8173599286034363,0.8009851283508572,0.7044468598994053,0.8556091326814825,0.7412143601401914,0.7352465688201035,0.047591933209238546,0.7060804963111877,0.24596327778996963,0.03582395055555759,11,27.5
student_ls_s0,test_w40-43,ge5,far,,95288,83420,0.8279846360507094,0.706907629903181,0.7651103935569169,0.8918724526492448,0.6647985830275093,0.7618975780342504,0.8540637736753776,0.6637728243191264,0.047591933209238546,0.7060804963111877,0.24596327778996963,0.03582395055555759,11,27.5
student_ls_s0,test_w44-47,all,all,,100000,100000,0.79379,0.672977905766058,0.74587353575,0.88732,0.6256457646,0.74922112275,0.85865,0.6285457861999999,0.039056096445024016,0.8819499015808105,0.2911178728581661,0.048919771479074545,11,31.5
student_ls_s0,test_w44-47,all,near,,100000,10628,0.79379,0.672977905766058,0.8027572440722619,0.8140760255927738,0.6667949068498307,0.8418277531050056,0.7630786601430184,0.6963607009785473,0.039056096445024016,0.8819499015808105,0.2911178728581661,0.048919771479074545,11,31.5
student_ls_s0,test_w44-47,all,far,,100000,89372,0.79379,0.672977905766058,0.7391090004139999,0.8960300765340375,0.620752363044354,0.7382084647876292,0.8700152172940071,0.6204813262543079,0.039056096445024016,0.8819499015808105,0.2911178728581661,0.048919771479074545,11,31.5
student_ls_s0,test_w44-47,ge5,all,,94936,92436,0.8024142580264599,0.6792828070727501,0.7496994910524626,0.88635380154918,0.6354460711313195,0.7534434715851565,0.8564736682677745,0.6402871037985325,0.04123039313195613,0.8290491700172424,0.27815762172317243,0.04441693596644103,11,31.5
student_ls_s0,test_w44-47,ge5,near,,94936,10310,0.8024142580264599,0.6792828070727501,0.8023222362595064,0.8123181377303589,0.6739654708012186,0.8433206204279781,0.7650824442289039,0.7062867734591856,0.04123039313195613,0.8290491700172424,0.27815762172317243,0.04441693596644103,11,31.5
student_ls_s0,test_w44-47,ge5,far,,94936,82126,0.8024142580264599,0.6792828070727501,0.7430932944389099,0.8956481504030392,0.6306103916802727,0.7421604016125597,0.8679468134330176,0.6320015840581173,0.04123039313195613,0.8290491700172424,0.27815762172317243,0.04441693596644103,11,31.5
student_ls_s0,test_w48-51,all,all,,100000,100000,0.78187,0.6648842985119068,0.73507815985,0.89632,0.6111409758,0.7451849404499999,0.8695,0.6190764791,0.03502385576918719,0.9416215419769287,0.3054569935003247,0.05346183323870495,11,35.333333333333336
student_ls_s0,test_w48-51,all,near,,100000,10972,0.78187,0.6648842985119068,0.7998403258293839,0.8113379511483777,0.656798452424353,0.8444244353809698,0.748906306963179,0.6894892398833393,0.03502385576918719,0.9416215419769287,0.3054569935003247,0.05346183323870495,11,35.333333333333336
student_ls_s0,test_w48-51,all,far,,100000,89028,0.78187,0.6648842985119068,0.7270967328256278,0.9067933683784877,0.6055140513097004,0.7329544541043267,0.8843622231208159,0.610398660758413,0.03502385576918719,0.9416215419769287,0.3054569935003247,0.05346183323870495,11,35.333333333333336
student_ls_s0,test_w48-51,ge5,all,,94668,93780,0.7911754764017408,0.6712497253770839,0.7368160340829636,0.8973341863936873,0.6200938332372617,0.7456032481177691,0.8690019193857965,0.6288859514364566,0.03724306426824611,0.8754900097846985,0.2900084400445215,0.04749929520915276,11,35.333333333333336
student_ls_s0,test_w48-51,ge5,near,,94668,10675,0.7911754764017408,0.6712497253770839,0.7986214972992266,0.8112412177985948,0.6641483606112089,0.8453516813943346,0.751288056206089,0.6999119427252187,0.03724306426824611,0.8754900097846985,0.2900084400445215,0.04749929520915276,11,35.333333333333336
student_ls_s0,test_w48-51,ge5,far,,94668,83105,0.7911754764017408,0.6712497253770839,0.7288770012951218,0.9083929968112628,0.6144349429211932,0.7327903665194616,0.8841224956380482,0.6197625237605342,0.03724306426824611,0.8754900097846985,0.2900084400445215,0.04749929520915276,11,35.333333333333336
student_ls_s1,val,all,all,,200000,53779,0.935665,0.9053125834037924,0.769606407612637,0.877610219602447,0.7388450733557709,0.8151360902954684,0.8490674798713252,0.781697452816155,0.06212767438292507,0.2852518558502197,0.09810893641923556,0.005383882388170336,11,1.0
student_ls_s1,val,all,near,,200000,10959,0.935665,0.9053125834037924,0.7026119705265078,0.9336618304589834,0.6769150401496487,0.7085297194087051,0.9217994342549503,0.6831901017428598,0.06212767438292507,0.2852518558502197,0.09810893641923556,0.005383882388170336,11,1.0
student_ls_s1,val,all,far,,200000,42820,0.935665,0.9053125834037924,0.7867524149929939,0.8632648295189164,0.7546949386968707,0.8424200514946286,0.8304530593180757,0.806908617234937,0.06212767438292507,0.2852518558502197,0.09810893641923556,0.005383882388170336,11,1.0
student_ls_s1,val,ge5,all,,191366,52270,0.945194026107041,0.9165050880670358,0.7771250826034403,0.8732351253108858,0.7515815683468579,0.8222223472440116,0.8463554620241056,0.7951873994967693,0.0623271621392824,0.24856339395046234,0.08534946594027652,0.004276046766477024,11,1.0
student_ls_s1,val,ge5,near,,191366,10483,0.945194026107041,0.9165050880670358,0.7140126791474035,0.9280740246112754,0.6926631246709837,0.7206944568758977,0.9187255556615472,0.7005376406439174,0.0623271621392824,0.24856339395046234,0.08534946594027652,0.004276046766477024,11,1.0
student_ls_s1,val,ge5,far,,191366,41787,0.945194026107041,0.9165050880670358,0.792957933141398,0.8594778280326417,0.7663622907019965,0.8476923947403368,0.8282001579438582,0.8189319473718127,0.0623271621392824,0.24856339395046234,0.08534946594027652,0.004276046766477024,11,1.0
student_ls_s1,test_w16-19,all,all,,100000,100000,0.92554,0.8903260224708404,0.7685571676999999,0.86178,0.7300543049999999,0.7957184629499999,0.81882,0.7542278879000001,0.06097203864224255,0.3219914734363556,0.11178168729058552,0.007462626591447411,11,3.5
student_ls_s1,test_w16-19,all,near,,100000,11980,0.92554,0.8903260224708404,0.8360417107679468,0.7860601001669449,0.7891983263772955,0.8650037842237062,0.6922370617696161,0.8148689315525877,0.06097203864224255,0.3219914734363556,0.11178168729058552,0.007462626591447411,11,3.5
student_ls_s1,test_w16-19,all,far,,100000,88020,0.92554,0.8903260224708404,0.7593721549079755,0.8720858895705521,0.7220044825039764,0.7862883544648943,0.836048625312429,0.745974312542604,0.06097203864224255,0.3219914734363556,0.11178168729058552,0.007462626591447411,11,3.5
student_ls_s1,test_w16-19,ge5,all,,96085,89545,0.9342561273872092,0.8987052663276092,0.783125574749982,0.8543190574571444,0.7495023818080044,0.8169792969610901,0.8093472555698252,0.7809405762545414,0.062163211550900266,0.2910405099391937,0.10046973497421677,0.00626766546287998,11,3.5
student_ls_s1,test_w16-19,ge5,near,,96085,11402,0.9342561273872092,0.8987052663276092,0.8433732691530131,0.770917382915278,0.8026250519630957,0.8765361536134034,0.6833011752324154,0.8330017410164329,0.062163211550900266,0.2910405099391937,0.10046973497421677,0.00626766546287998,11,3.5
student_ls_s1,test_w16-19,ge5,far,,96085,78143,0.9342561273872092,0.8987052663276092,0.774334714255973,0.8664883610816068,0.7417511477229508,0.8082892379724451,0.8277388889599836,0.7733442285251851,0.062163211550900266,0.2910405099391937,0.10046973497421677,0.00626766546287998,11,3.5
student_ls_s1,test_w20-23,all,all,,100000,100000,0.9095,0.861769601745339,0.7700126999,0.85481,0.7200473545,0.79296247855,0.80145,0.7394655612000001,0.06314020002275703,0.3817336857318878,0.1354088318973944,0.010572976328326142,11,7.5
student_ls_s1,test_w20-23,all,near,,100000,13417,0.9095,0.861769601745339,0.8439774849072073,0.7576209286725796,0.7839158843258551,0.8714397812476709,0.6743683386748155,0.8077690020123723,0.06314020002275703,0.3817336857318878,0.1354088318973944,0.010572976328326142,11,7.5
student_ls_s1,test_w20-23,all,far,,100000,86583,0.9095,0.861769601745339,0.7585510328239955,0.869870528856704,0.7101502145917791,0.7808015466084566,0.8211427185475209,0.7288811824492106,0.06314020002275703,0.3817336857318878,0.1354088318973944,0.010572976328326142,11,7.5
student_ls_s1,test_w20-23,ge5,all,,95941,89776,0.9179912654652338,0.869179546842764,0.7864863362171187,0.8480885760114062,0.7410844048681294,0.81569980164267,0.7914253252539655,0.7672545343806662,0.06420798182308561,0.35259467363357544,0.12436705952088302,0.009048096855721399,11,7.5
student_ls_s1,test_w20-23,ge5,near,,95941,12762,0.9179912654652338,0.869179546842764,0.8495987507477974,0.7469832314684218,0.7957858398912402,0.8814521507931725,0.6657263751763046,0.8243467949397497,0.06420798182308561,0.35259467363357544,0.12436705952088302,0.009048096855721399,11,7.5
student_ls_s1,test_w20-23,ge5,far,,95941,77014,0.9179912654652338,0.869179546842764,0.776027969761143,0.8648427558625704,0.7320198229250421,0.804803971276,0.8122549146908354,0.7577937684257098,0.06420798182308561,0.35259467363357544,0.12436705952088302,0.009048096855721399,11,7.5
student_ls_s1,test_w24-27,all,all,,100000,100000,0.90152,0.8355358618626895,0.7719246974500001,0.84852,0.7169845359,0.79335192225,0.7885,0.7350618490999999,0.07044158792123201,0.4307263195514679,0.14987981574101134,0.01231163570220133,11,11.5
student_ls_s1,test_w24-27,all,near,,100000,12494,0.90152,0.8355358618626895,0.8379693624939972,0.7710100848407235,0.7732186665599488,0.8733648343204738,0.6471106130942853,0.8036580158476069,0.07044158792123201,0.4307263195514679,0.14987981574101134,0.01231163570220133,11,11.5
student_ls_s1,test_w24-27,all,far,,100000,87506,0.90152,0.8355358618626895,0.7624949206911525,0.8595867711928324,0.7089554952803235,0.7819277762096313,0.8086874042922771,0.7252677720384888,0.07044158792123201,0.4307263195514679,0.14987981574101134,0.01231163570220133,11,11.5
student_ls_s1,test_w24-27,ge5,all,,96204,89771,0.9083094258035009,0.8408959352657511,0.786076959348601,0.8399817312940705,0.7346060373999052,0.8154408515950236,0.7770549509307014,0.7608623228590644,0.07155463210296646,0.40135911107063293,0.14048421504562073,0.010889688613404386,11,11.5
student_ls_s1,test_w24-27,ge5,near,,96204,11977,0.9083094258035009,0.8408959352657511,0.8433809520095005,0.7623778909576688,0.7835685625422615,0.8836682827983604,0.6404775820322285,0.8192142841364831,0.07155463210296646,0.40135911107063293,0.14048421504562073,0.010889688613404386,11,11.5
student_ls_s1,test_w24-27,ge5,far,,96204,77794,0.9083094258035009,0.8408959352657511,0.7772545576196812,0.8519294547137312,0.7270678703994937,0.8049367003298571,0.7980821143018741,0.751878578094434,0.07155463210296646,0.40135911107063293,0.14048421504562073,0.010889688613404386,11,11.5
student_ls_s1,test_w28-31,all,all,,100000,100000,0.87638,0.7732603231516089,0.7819200592000001,0.84606,0.7100946368000001,0.8106029305,0.77413,0.7345039615,0.07217032501772044,0.5446006059646606,0.1846968970560131,0.018496355752065805,11,15.5
student_ls_s1,test_w28-31,all,near,,100000,15990,0.87638,0.7732603231516089,0.8162687298311444,0.8309568480300188,0.7385182107567231,0.8572937060662915,0.7248905565978737,0.7733575959974985,0.07217032501772044,0.5446006059646606,0.1846968970560131,0.018496355752065805,11,15.5
student_ls_s1,test_w28-31,all,far,,100000,84010,0.87638,0.7732603231516089,0.7753823226996787,0.8489346506368289,0.7046846505177954,0.8017160658254969,0.7835019640518985,0.7271087750267826,0.07217032501772044,0.5446006059646606,0.1846968970560131,0.018496355752065805,11,15.5
student_ls_s1,test_w28-31,ge5,all,,95576,94669,0.88320289612455,0.7780207761499652,0.7866174661291376,0.8479650149468146,0.7199044542858872,0.8172879778583991,0.7783329284137362,0.7470180156401954,0.07438049573946134,0.510000467300415,0.1754188684696184,0.016741125020404785,11,15.5
student_ls_s1,test_w28-31,ge5,near,,95576,15420,0.88320289612455,0.7780207761499652,0.82009312171505,0.8277561608300907,0.7476212111490688,0.8657214912094999,0.7236705577172503,0.7874847541894122,0.07438049573946134,0.510000467300415,0.1754188684696184,0.016741125020404785,11,15.5
student_ls_s1,test_w28-31,ge5,far,,95576,79249,0.88320289612455,0.7780207761499652,0.7801038872936348,0.8518971848225214,0.7145114223128624,0.8078639500993867,0.7889689459803909,0.7391441357372449,0.07438049573946134,0.510000467300415,0.1754188684696184,0.016741125020404785,11,15.5
student_ls_s1,test_w32-35,all,all,,100000,100000,0.85116,0.741173733011281,0.76751021005,0.87572,0.6841476257000001,0.79014087085,0.83346,0.7030582807000001,0.06292398993946614,0.6659196615219116,0.223138035437115,0.027999736399659622,11,19.5
student_ls_s1,test_w32-35,all,near,,100000,16559,0.85116,0.741173733011281,0.8138304441693338,0.8427441270608128,0.7208568464279244,0.8534280013889728,0.7647804819131591,0.7536621299595385,0.06292398993946614,0.6659196615219116,0.223138035437115,0.027999736399659622,11,19.5
student_ls_s1,test_w32-35,all,far,,100000,83441,0.85116,0.741173733011281,0.758317885451996,0.8822641147637252,0.6768626220922569,0.7775814385014561,0.8470895602881078,0.6930158658213589,0.06292398993946614,0.6659196615219116,0.223138035437115,0.027999736399659622,11,19.5
student_ls_s1,test_w32-35,ge5,all,,95262,94615,0.859314312107661,0.7449472653566257,0.7696154123212869,0.8811393542250172,0.6925646625018106,0.794518641875426,0.8405221159435607,0.7152241562245009,0.06761800063946956,0.6254610419273376,0.21190357287043096,0.025339328021201236,11,19.5
student_ls_s1,test_w32-35,ge5,near,,95262,16006,0.859314312107661,0.7449472653566257,0.8164547709958012,0.8429963763588654,0.7300066190196207,0.8613889501421012,0.7673997251030863,0.7690282470887886,0.06761800063946956,0.6254610419273376,0.21190357287043096,0.025339328021201236,11,19.5
student_ls_s1,test_w32-35,ge5,far,,95262,78609,0.859314312107661,0.7449472653566257,0.7600781993438381,0.8889058504751365,0.6849409049673799,0.7809028198433889,0.8554109580327952,0.7042688167802417,0.06761800063946956,0.6254610419273376,0.21190357287043096,0.025339328021201236,11,19.5
student_ls_s1,test_w36-39,all,all,,100000,100000,0.82892,0.7183427292536833,0.7478307875499999,0.8836,0.6512221653,0.7617703733500001,0.86333,0.6627760575999999,0.051107730159908535,0.7253730297088623,0.24815522492612024,0.035614205851147836,11,23.5
student_ls_s1,test_w36-39,all,near,,100000,12548,0.82892,0.7183427292536833,0.8042339751354797,0.8457921581128467,0.6947189918712144,0.845060169748167,0.7842684093082563,0.7281902016257571,0.051107730159908535,0.7253730297088623,0.24815522492612024,0.035614205851147836,11,23.5
student_ls_s1,test_w36-39,all,far,,100000,87452,0.82892,0.7183427292536833,0.7397378085692723,0.8890248364817271,0.6449810481178246,0.7498195847436309,0.8746741069386635,0.6533901467090519,0.051107730159908535,0.7253730297088623,0.24815522492612024,0.035614205851147836,11,23.5
student_ls_s1,test_w36-39,ge5,all,,95184,91735,0.8394898302235669,0.7230973514943366,0.7562959478458011,0.8867934812230882,0.6661777747066705,0.7754056403426692,0.8613288276012427,0.685021467470135,0.05758378590000168,0.6818605661392212,0.2339679356690674,0.03187892150873211,11,23.5
student_ls_s1,test_w36-39,ge5,near,,95184,12085,0.8394898302235669,0.7230973514943366,0.8082112319979793,0.8446834919321473,0.7066617404676755,0.8528902524826074,0.784526272238312,0.7457120170115127,0.05758378590000168,0.6818605661392212,0.2339679356690674,0.03187892150873211,11,23.5
student_ls_s1,test_w36-39,ge5,far,,95184,79650,0.8394898302235669,0.7230973514943366,0.7484190337343251,0.8931826741996234,0.6600352922682307,0.7636491866363145,0.8729817953546767,0.6758131147870521,0.05758378590000168,0.6818605661392212,0.2339679356690674,0.03187892150873211,11,23.5
student_ls_s1,test_w40-43,all,all,,100000,100000,0.8222,0.7154867482013614,0.7585078256500001,0.86848,0.6517434689999999,0.7699251250000001,0.84756,0.6622979532000001,0.047276599181815995,0.7625251412391663,0.25819559009327997,0.03926332108521918,11,27.5
student_ls_s1,test_w40-43,all,near,,100000,10904,0.8222,0.7154867482013614,0.800329480465884,0.832905355832722,0.683867079970653,0.8404702058877476,0.7763206162876009,0.717412195524578,0.047276599181815995,0.7625251412391663,0.25819559009327997,0.03926332108521918,11,27.5
student_ls_s1,test_w40-43,all,far,,100000,89096,0.8222,0.7154867482013614,0.7533894889781808,0.872833797252402,0.6478120259046423,0.7612914763289036,0.8562786208135046,0.6555528052886774,0.047276599181815995,0.7625251412391663,0.25819559009327997,0.03926332108521918,11,27.5
student_ls_s1,test_w40-43,ge5,all,,95288,93977,0.8316891948618924,0.7212633314141382,0.762628715655777,0.8731817359566703,0.6622845190534121,0.7757743554697374,0.8482926673547783,0.6767459449533132,0.053103228474174896,0.7186878323554993,0.24539816876583917,0.03583250431850304,11,27.5
student_ls_s1,test_w40-43,ge5,near,,95288,10557,0.8316891948618924,0.7212633314141382,0.8028250145630708,0.8333806952732784,0.6933386469286626,0.8458525158932094,0.7767358150989865,0.7316365897472339,0.053103228474174896,0.7186878323554993,0.24539816876583917,0.03583250431850304,11,27.5
student_ls_s1,test_w40-43,ge5,far,,95288,83420,0.8316891948618924,0.7212633314141382,0.7575417781400215,0.8782186526012946,0.6583545450905854,0.7669057970953597,0.8573483577079837,0.6697994029119632,0.053103228474174896,0.7186878323554993,0.24539816876583917,0.03583250431850304,11,27.5
student_ls_s1,test_w44-47,all,all,,100000,100000,0.79813,0.687569184961235,0.7366127181500001,0.89147,0.6220088250999999,0.75089573205,0.87519,0.6338786384,0.0436148557265848,0.901953935623169,0.2911411806247532,0.0499296713742721,11,31.5
student_ls_s1,test_w44-47,all,near,,100000,10628,0.79813,0.687569184961235,0.7936575522205496,0.8469138125705683,0.6637666729394053,0.8341727436958976,0.8038200978547234,0.6968255118554761,0.0436148557265848,0.901953935623169,0.2911411806247532,0.0499296713742721,11,31.5
student_ls_s1,test_w44-47,all,far,,100000,89372,0.79813,0.687569184961235,0.7298290219531844,0.8967685628608513,0.617043037080965,0.7409925400013426,0.8836772143400617,0.6263930794879828,0.0436148557265848,0.901953935623169,0.2911411806247532,0.0499296713742721,11,31.5
student_ls_s1,test_w44-47,ge5,all,,94936,92436,0.8072596275385523,0.6933440058975243,0.7407608914983064,0.8937426976502661,0.631784695141005,0.7573033857427305,0.8753299580250119,0.6481894610011928,0.0481632994761777,0.8528870940208435,0.27825327289408325,0.04543350707730477,11,31.5
student_ls_s1,test_w44-47,ge5,near,,94936,10310,0.8072596275385523,0.6933440058975243,0.795364261222242,0.8478176527643065,0.6722873460436096,0.836732597516101,0.8068865179437439,0.7083619915018353,0.0481632994761777,0.8528870940208435,0.27825327289408325,0.04543350707730477,11,31.5
student_ls_s1,test_w44-47,ge5,far,,94936,82126,0.8072596275385523,0.6933440058975243,0.7339060496473241,0.8995080729610598,0.6267000406977611,0.7473319373173423,0.883922265786718,0.6406354733546299,0.0481632994761777,0.8528870940208435,0.27825327289408325,0.04543350707730477,11,31.5
student_ls_s1,test_w48-51,all,all,,100000,100000,0.79106,0.6829082662164083,0.73093336095,0.90226,0.6150942976999999,0.7503779647500001,0.88466,0.6300417273,0.037572816623002284,0.9529545903205872,0.3035645600642921,0.0546382212441942,11,35.333333333333336
student_ls_s1,test_w48-51,all,near,,100000,10972,0.79106,0.6829082662164083,0.7921197311337951,0.8533539919795844,0.6588540056507474,0.8348157551039009,0.7918337586584032,0.6921584806780897,0.037572816623002284,0.9529545903205872,0.3035645600642921,0.0546382212441942,11,35.333333333333336
student_ls_s1,test_w48-51,all,far,,100000,89028,0.79106,0.6829082662164083,0.7233926226018781,0.9082872804061644,0.6097012582558298,0.7399716719459047,0.8961001033382756,0.6223863265489509,0.037572816623002284,0.9529545903205872,0.3035645600642921,0.0546382212441942,11,35.333333333333336
student_ls_s1,test_w48-51,ge5,all,,94668,93780,0.8014006844974014,0.6893447897608228,0.733257690886334,0.9043719343143527,0.624252521949557,0.7521138058570234,0.8872254211985497,0.6420983774227612,0.04451995655323217,0.8883969783782959,0.2873722104447581,0.048149968306785036,11,35.333333333333336
student_ls_s1,test_w48-51,ge5,near,,94668,10675,0.8014006844974014,0.6893447897608228,0.7934787472235028,0.8531147540983607,0.6678608283611931,0.836413333657899,0.7996252927400468,0.7043057146637146,0.04451995655323217,0.8883969783782959,0.2873722104447581,0.048149968306785036,11,35.333333333333336
student_ls_s1,test_w48-51,ge5,far,,94668,83105,0.8014006844974014,0.6893447897608228,0.7255221782649601,0.910956019493412,0.6186509495899613,0.7412853664216783,0.8984778292521509,0.6341077231294314,0.04451995655323217,0.8883969783782959,0.2873722104447581,0.048149968306785036,11,35.333333333333336
student_ls_s2,val,all,all,,200000,53779,0.935715,0.9044569423714017,0.7722361269268674,0.8938991055988397,0.7413691136874988,0.8133935616132691,0.8593503040220161,0.7799651025493223,0.061474885117542004,0.2848847210407257,0.09802361556657864,0.00540820581075068,11,1.0
student_ls_s2,val,all,near,,200000,10959,0.935715,0.9044569423714017,0.6806530892417193,0.9378592937311798,0.6571001309426041,0.6896250709462542,0.9293731179852176,0.6658352856100008,0.061474885117542004,0.2848847210407257,0.09802361556657864,0.00540820581075068,11,1.0
student_ls_s2,val,all,far,,200000,42820,0.935715,0.9044569423714017,0.7956751393040635,0.882648295189164,0.7629362267631948,0.8450698551494629,0.841429238673517,0.8091745528958432,0.061474885117542004,0.2848847210407257,0.09802361556657864,0.00540820581075068,11,1.0
student_ls_s2,val,ge5,all,,191366,52270,0.9451417702204153,0.9155889846073786,0.7793734707542718,0.8894203175817869,0.7537141929633361,0.8205735513541031,0.8553089726420509,0.7934220207937799,0.0617958131347175,0.24846644699573517,0.08524543703242425,0.004278305263142174,11,1.0
student_ls_s2,val,ge5,near,,191366,10483,0.9451417702204153,0.9155889846073786,0.6915833370045714,0.931508156062196,0.6720473180138999,0.7013175212440567,0.9263569588858152,0.6825094330349556,0.0617958131347175,0.24846644699573517,0.08524543703242425,0.004278305263142174,11,1.0
student_ls_s2,val,ge5,far,,191366,41787,0.9451417702204153,0.9155889846073786,0.8013971616652754,0.8788618469859047,0.7742017572798685,0.8504910128527419,0.8374853423313471,0.8212463838127992,0.0617958131347175,0.24846644699573517,0.08524543703242425,0.004278305263142174,11,1.0
student_ls_s2,test_w16-19,all,all,,100000,100000,0.92624,0.891812437882287,0.7686912454499999,0.85736,0.7309797114999999,0.78756823985,0.82688,0.7484106916,0.06186453593093899,0.32002100348472595,0.11144077686668445,0.0075259701213605795,11,3.5
student_ls_s2,test_w16-19,all,near,,100000,11980,0.92624,0.891812437882287,0.8339911619365609,0.782721202003339,0.7891237737896493,0.8618048606010016,0.7581803005008347,0.8141409307178631,0.06186453593093899,0.32002100348472595,0.11144077686668445,0.0075259701213605795,11,3.5
student_ls_s2,test_w16-19,all,far,,100000,88020,0.92624,0.891812437882287,0.7598035721995,0.8675187457396046,0.7230659888661668,0.7774642326175869,0.8362304021813224,0.7394644491024768,0.06186453593093899,0.32002100348472595,0.11144077686668445,0.0075259701213605795,11,3.5
student_ls_s2,test_w16-19,ge5,all,,96085,89545,0.9344642764219181,0.8993113827257224,0.7820518752803969,0.8524094030934167,0.7489492429206482,0.8066220232760866,0.816684348651516,0.7727108977127963,0.06259806292968896,0.2896699905395508,0.10026854072687251,0.00634069379719303,11,3.5
student_ls_s2,test_w16-19,ge5,near,,96085,11402,0.9344642764219181,0.8993113827257224,0.839436312351231,0.7747763550254342,0.8004873721473718,0.8717469632480677,0.7533766005963866,0.8304518039827936,0.06259806292968896,0.2896699905395508,0.10026854072687251,0.00634069379719303,11,3.5
student_ls_s2,test_w16-19,ge5,far,,96085,78143,0.9344642764219181,0.8993113827257224,0.7736787983383591,0.8637369949963528,0.7414292123428217,0.7971195142149994,0.8259217076385601,0.7642858076434299,0.06259806292968896,0.2896699905395508,0.10026854072687251,0.00634069379719303,11,3.5
student_ls_s2,test_w20-23,all,all,,100000,100000,0.9121,0.865902630576405,0.76764262765,0.85906,0.7203428228,0.7835310588999999,0.82166,0.7342452196000001,0.06445177304804325,0.3787633180618286,0.13311301589404026,0.010466580347085273,11,7.5
student_ls_s2,test_w20-23,all,near,,100000,13417,0.9121,0.865902630576405,0.8413956346426175,0.7839308340165462,0.785024468957293,0.8706433178057689,0.7414474174554669,0.8111376008049489,0.06445177304804325,0.3787633180618286,0.13311301589404026,0.010466580347085273,11,7.5
student_ls_s2,test_w20-23,all,far,,100000,86583,0.9121,0.865902630576405,0.7562137779356224,0.8707021008743056,0.7103196814617189,0.770032044338958,0.8340898328771237,0.7223298888927389,0.06445177304804325,0.3787633180618286,0.13311301589404026,0.010466580347085273,11,7.5
student_ls_s2,test_w20-23,ge5,all,,95941,89776,0.9206283028111026,0.8732549614378372,0.7820705701299548,0.8516418641953306,0.7394827506332694,0.8040418195175761,0.8111856175369809,0.760112899146486,0.06556056140800294,0.3501511514186859,0.12222711577573378,0.009014785243385613,11,7.5
student_ls_s2,test_w20-23,ge5,near,,95941,12762,0.9206283028111026,0.8732549614378372,0.84566184551131,0.7746434728099044,0.7957282720578933,0.8791985897355838,0.7385989656793606,0.8265494518412079,0.06556056140800294,0.3501511514186859,0.12222711577573378,0.009014785243385613,11,7.5
student_ls_s2,test_w20-23,ge5,far,,95941,77014,0.9206283028111026,0.8732549614378372,0.7715328515798618,0.8644012776897707,0.7301622979308899,0.7915875813073517,0.8232139610979822,0.7491036893211289,0.06556056140800294,0.3501511514186859,0.12222711577573378,0.009014785243385613,11,7.5
student_ls_s2,test_w24-27,all,all,,100000,100000,0.90314,0.8355351507132571,0.76990472055,0.86414,0.7160306892,0.7843622852500001,0.81411,0.728842737,0.06900905792884529,0.4299126863479614,0.14797491948380803,0.01239204067192717,11,11.5
student_ls_s2,test_w24-27,all,near,,100000,12494,0.90314,0.8355351507132571,0.837517838962702,0.8023851448695374,0.7745504746278213,0.8686173503281575,0.7378741796062109,0.8022440163278373,0.06900905792884529,0.4299126863479614,0.14797491948380803,0.01239204067192717,11,11.5
student_ls_s2,test_w24-27,all,far,,100000,87506,0.90314,0.8355351507132571,0.7602510019312961,0.8729572829291705,0.7076753055790459,0.7723324497748727,0.8249948574954861,0.718362591822275,0.06900905792884529,0.4299126863479614,0.14797491948380803,0.01239204067192717,11,11.5
student_ls_s2,test_w24-27,ge5,all,,96204,89771,0.910170055299156,0.8408450321439199,0.7815274912577084,0.8581724610397568,0.7317969857528187,0.8037013395678674,0.8008599659132682,0.7525803740532782,0.07029851490412452,0.4004579186439514,0.13829010641154146,0.010943920952476085,11,11.5
student_ls_s2,test_w24-27,ge5,near,,96204,11977,0.910170055299156,0.8408450321439199,0.8411469456549583,0.7974451031143024,0.7837818401586423,0.876836809708317,0.7327377473490857,0.8163647680895403,0.07029851490412452,0.4004579186439514,0.13829010641154146,0.010943920952476085,11,11.5
student_ls_s2,test_w24-27,ge5,far,,96204,77794,0.910170055299156,0.8408450321439199,0.7723486059283016,0.8675219168573411,0.7237935073197964,0.7924415569898772,0.8113479188626372,0.7427602634101397,0.07029851490412452,0.4004579186439514,0.13829010641154146,0.010943920952476085,11,11.5
student_ls_s2,test_w28-31,all,all,,100000,100000,0.87807,0.7734856810994865,0.77690039615,0.86162,0.7073810879,0.8040291580999999,0.80876,0.7309881341,0.06863396795835344,0.5427906513214111,0.18193698315470996,0.018586496791776052,11,15.5
student_ls_s2,test_w28-31,all,near,,100000,15990,0.87807,0.7734856810994865,0.8200300753595997,0.8180112570356473,0.7434513696060039,0.8572071591619762,0.7482176360225141,0.7754220356472795,0.06863396795835344,0.5427906513214111,0.18193698315470996,0.018586496791776052,11,15.5
student_ls_s2,test_w28-31,all,far,,100000,84010,0.87807,0.7734856810994865,0.7686913309129866,0.8699202475895726,0.7005156694441139,0.7939075507082489,0.8202832996071896,0.722530830377336,0.06863396795835344,0.5427906513214111,0.18193698315470996,0.018586496791776052,11,15.5
student_ls_s2,test_w28-31,ge5,all,,95576,94669,0.8849711224575207,0.778314861606089,0.7811785925367806,0.86481319122416,0.7170801129083727,0.8091329942514073,0.8075716443608785,0.7422021969162139,0.0709901975556747,0.5084215402603149,0.17228989293813926,0.016771726292155398,11,15.5
student_ls_s2,test_w28-31,ge5,near,,95576,15420,0.8849711224575207,0.778314861606089,0.8229856789123862,0.8169260700389105,0.7522095222880737,0.8641765699636214,0.7473411154345007,0.7884592660764898,0.0709901975556747,0.5084215402603149,0.17228989293813926,0.016771726292155398,11,15.5
student_ls_s2,test_w28-31,ge5,far,,95576,79249,0.8849711224575207,0.778314861606089,0.7730439123274173,0.8741309038599856,0.7102447523027502,0.7984228031135716,0.8192910951557748,0.7332016542412091,0.0709901975556747,0.5084215402603149,0.17228989293813926,0.016771726292155398,11,15.5
student_ls_s2,test_w32-35,all,all,,100000,100000,0.84877,0.7275881591174356,0.7656632247499999,0.87672,0.681836412,0.78855764035,0.84204,0.7001593163000001,0.05929330923616887,0.6641177535057068,0.22135724654513186,0.027856376959322814,11,19.5
student_ls_s2,test_w32-35,all,near,,100000,16559,0.84877,0.7275881591174356,0.8203212407150191,0.8389395494897035,0.7256604722507397,0.8555677420134066,0.7767981158282505,0.7537678881574975,0.05929330923616887,0.6641177535057068,0.22135724654513186,0.027856376959322814,11,19.5
student_ls_s2,test_w32-35,all,far,,100000,83441,0.84877,0.7275881591174356,0.7548162539998323,0.8842175908725927,0.6731394571014251,0.7752593784230773,0.8549873563356144,0.6895206094126387,0.05929330923616887,0.6641177535057068,0.22135724654513186,0.027856376959322814,11,19.5
student_ls_s2,test_w32-35,ge5,all,,95262,94615,0.8566899708173249,0.7317737977662266,0.7675333246520795,0.8817735031443217,0.689899417933833,0.7917283116849683,0.8439993658510807,0.7111204187046204,0.06359067415599075,0.6231821775436401,0.21000180181426492,0.025188932386047167,11,19.5
student_ls_s2,test_w32-35,ge5,near,,95262,16006,0.8566899708173249,0.7317737977662266,0.8225955269608185,0.8369986255154317,0.7344827077230305,0.8624372395486375,0.7811445707859552,0.7680689600052958,0.06359067415599075,0.6231821775436401,0.21000180181426492,0.025188932386047167,11,19.5
student_ls_s2,test_w32-35,ge5,far,,95262,78609,0.8566899708173249,0.7317737977662266,0.7563218143904851,0.8908903560660993,0.6808215752394102,0.7773308877336919,0.8567975677085321,0.6995248208461232,0.06359067415599075,0.6231821775436401,0.21000180181426492,0.025188932386047167,11,19.5
student_ls_s2,test_w36-39,all,all,,100000,100000,0.82476,0.7052530516304194,0.74833054155,0.87104,0.6511072239000001,0.7617122843999999,0.85923,0.6609265852,0.046812759273797286,0.743742048740387,0.24885875239299723,0.035649170593525334,11,23.5
student_ls_s2,test_w36-39,all,near,,100000,12548,0.82476,0.7052530516304194,0.8175609419827862,0.8178195728402933,0.7045176817022634,0.8510686105355434,0.7824354478801403,0.7305997919987249,0.046812759273797286,0.743742048740387,0.24885875239299723,0.035649170593525334,11,23.5
student_ls_s2,test_w36-39,all,far,,100000,87452,0.82476,0.7052530516304194,0.7383970573000046,0.8786763024287609,0.6434436550336184,0.7488910432580158,0.8702488222110415,0.6509295651328729,0.046812759273797286,0.743742048740387,0.24885875239299723,0.035649170593525334,11,23.5
student_ls_s2,test_w36-39,ge5,all,,95184,91735,0.8348146747352496,0.7101824551136104,0.7565620812300899,0.8742246688831962,0.6646891359893335,0.7730281203386248,0.8559219490924946,0.6808273670982699,0.05315428646422255,0.7008159756660461,0.23510650019033275,0.03211492992495589,11,23.5
student_ls_s2,test_w36-39,ge5,near,,95184,12085,0.8348146747352496,0.7101824551136104,0.8216872028988924,0.8172114191146049,0.7156185492838626,0.8580139667034641,0.7829540752999586,0.7469831477849961,0.05315428646422255,0.7008159756660461,0.23510650019033275,0.03211492992495589,11,23.5
student_ls_s2,test_w36-39,ge5,far,,95184,79650,0.8348146747352496,0.7101824551136104,0.7466808873146161,0.8828750784682988,0.6569618044179037,0.760133532098586,0.866993094789705,0.6707897951007923,0.05315428646422255,0.7008159756660461,0.23510650019033275,0.03211492992495589,11,23.5
student_ls_s2,test_w40-43,all,all,,100000,100000,0.81965,0.7029730372467635,0.7561928370999998,0.86642,0.6504470348,0.7688829027499999,0.85446,0.6607547139,0.04389147936899214,0.7772290110588074,0.256809363195138,0.03781843999482084,11,27.5
student_ls_s2,test_w40-43,all,near,,100000,10904,0.81965,0.7029730372467635,0.8049334409391049,0.8326302274394718,0.6885556483859135,0.8410833331804842,0.8040168745414527,0.7175683024578137,0.04389147936899214,0.7772290110588074,0.256809363195138,0.03781843999482084,11,27.5
student_ls_s2,test_w40-43,all,far,,100000,89096,0.81965,0.7029730372467635,0.7502277259360691,0.8705553560204723,0.6457831180973332,0.7600466643844842,0.860633474005567,0.6538015917661847,0.04389147936899214,0.7772290110588074,0.256809363195138,0.03781843999482084,11,27.5
student_ls_s2,test_w40-43,ge5,all,,95288,93977,0.8288766686256401,0.7086973616070078,0.7602042819851511,0.8737882673420092,0.6605220964037142,0.7730748310221761,0.855634889387829,0.6736661369779977,0.048757709400494904,0.7346342206001282,0.24422340629807332,0.03449185969145202,11,27.5
student_ls_s2,test_w40-43,ge5,near,,95288,10557,0.8288766686256401,0.7086973616070078,0.806825507463643,0.8321492848347068,0.6973134990308556,0.8450761574308181,0.8048688074263521,0.7305235940993233,0.048757709400494904,0.7346342206001282,0.24422340629807332,0.03449185969145202,11,27.5
student_ls_s2,test_w40-43,ge5,far,,95288,83420,0.8288766686256401,0.7086973616070078,0.754304254685026,0.8790577799088948,0.6558660566346572,0.7639628914046259,0.8620594581635099,0.6664706901447462,0.048757709400494904,0.7346342206001282,0.24422340629807332,0.03449185969145202,11,27.5
student_ls_s2,test_w44-47,all,all,,100000,100000,0.7965,0.673856060217926,0.7324125947,0.88643,0.6199881049,0.7495331206999999,0.88024,0.6327208769,0.03882960301101209,0.9236515760421753,0.28962497334199555,0.048642816751369694,11,31.5
student_ls_s2,test_w44-47,all,near,,100000,10628,0.7965,0.673856060217926,0.7831936530861874,0.8497365449755363,0.6583644834399699,0.826562727700414,0.8321415129845691,0.6918080927738051,0.03882960301101209,0.9236515760421753,0.28962497334199555,0.048642816751369694,11,31.5
student_ls_s2,test_w44-47,all,far,,100000,89372,0.7965,0.673856060217926,0.7263737784205344,0.8907935371257217,0.615424436736338,0.7403728617464083,0.8859598084411225,0.6256943033612318,0.03882960301101209,0.9236515760421753,0.28962497334199555,0.048642816751369694,11,31.5
student_ls_s2,test_w44-47,ge5,all,,94936,92436,0.8053530799696638,0.6803138626588988,0.7360955710161863,0.8916223116534684,0.6290348118595419,0.7532364243340672,0.8802522826604353,0.6446396300559598,0.04416862274929371,0.8770637512207031,0.277028951330869,0.044305028843715545,11,31.5
student_ls_s2,test_w44-47,ge5,near,,94936,10310,0.8053530799696638,0.6803138626588988,0.7844268801190236,0.8527643064985451,0.666111968269072,0.8272707114260323,0.833850630455868,0.7016723942136893,0.04416862274929371,0.8770637512207031,0.277028951330869,0.044305028843715545,11,31.5
student_ls_s2,test_w44-47,ge5,far,,94936,82126,0.8053530799696638,0.6803138626588988,0.7300281161681446,0.8965004992328861,0.6243801899056876,0.7439422483128538,0.8860774906850449,0.6374798049279103,0.04416862274929371,0.8770637512207031,0.277028951330869,0.044305028843715545,11,31.5
student_ls_s2,test_w48-51,all,all,,100000,100000,0.78642,0.6698056400676257,0.7260500977500001,0.89348,0.6103083771,0.74870831865,0.88212,0.6262298436,0.034632194524481894,0.9797351360321045,0.3036428822103877,0.05321611425053743,11,35.333333333333336
student_ls_s2,test_w48-51,all,near,,100000,10972,0.78642,0.6698056400676257,0.7810775829383887,0.8455158585490339,0.6504236419978127,0.827517396554867,0.8202697776157492,0.6852193775063798,0.034632194524481894,0.9797351360321045,0.3036428822103877,0.05321611425053743,11,35.333333333333336
student_ls_s2,test_w48-51,all,far,,100000,89028,0.78642,0.6698056400676257,0.7192683934829492,0.8993912027676686,0.6053644865660243,0.7389957203351754,0.8897425529047042,0.6189598480253403,0.034632194524481894,0.9797351360321045,0.3036428822103877,0.05321611425053743,11,35.333333333333336
student_ls_s2,test_w48-51,ge5,all,,94668,93780,0.7963514598385938,0.6761519162349917,0.7287537420287026,0.9001492855619535,0.6193618443219281,0.7486817628310912,0.8832480272979313,0.6365813460107972,0.04164434323610624,0.9179103374481201,0.28791965941424685,0.047055806572242204,11,35.333333333333336
student_ls_s2,test_w48-51,ge5,near,,94668,10675,0.7963514598385938,0.6761519162349917,0.7820170423763203,0.849367681498829,0.6587458530039506,0.8274636909326111,0.8244496487119438,0.6957879186119587,0.04164434323610624,0.9179103374481201,0.28791965941424685,0.047055806572242204,11,35.333333333333336
student_ls_s2,test_w48-51,ge5,far,,94668,83105,0.7963514598385938,0.6761519162349917,0.7219119667900187,0.9066722820528247,0.6143028912784217,0.7385620698826078,0.8908007941760424,0.6289761458120438,0.04164434323610624,0.9179103374481201,0.28791965941424685,0.047055806572242204,11,35.333333333333336
student_kdA_s0,val,all,all,,200000,53779,0.942585,0.9154809572761173,0.734907886582123,0.9015228992729504,0.6969966158723666,0.8436055182320236,0.7301177039364808,0.8012636721582772,0.0029668889362364946,0.2055116593837738,0.08180537672232878,0.0038626475751431816,11,1.0
student_kdA_s0,val,all,near,,200000,10959,0.942585,0.9154809572761173,0.6654742960124099,0.9099370380509171,0.6325397905830824,0.7132745654256776,0.8644949356693129,0.6813943357058125,0.0029668889362364946,0.2055116593837738,0.08180537672232878,0.0038626475751431816,11,1.0
student_kdA_s0,val,all,far,,200000,42820,0.942585,0.9154809572761173,0.752678150922466,0.8993694535263895,0.7134931676786549,0.8769613545656235,0.6957262961233068,0.8319420481083606,0.0029668889362364946,0.2055116593837738,0.08180537672232878,0.0038626475751431816,11,1.0
student_kdA_s0,val,ge5,all,,191366,52270,0.9517103351692568,0.9265111728066985,0.7374410506961459,0.9024488234168739,0.7072840168181698,0.850768630656695,0.7326190931700785,0.8166825260499992,0.002500821536318535,0.16938422620296478,0.06944645787785368,0.002914309580215449,11,1.0
student_kdA_s0,val,ge5,near,,191366,10483,0.9517103351692568,0.9265111728066985,0.671672447951629,0.9093770867118192,0.6456190376939352,0.7241458328192529,0.8627301345034818,0.699452293904266,0.002500821536318535,0.16938422620296478,0.06944645787785368,0.002914309580215449,11,1.0
student_kdA_s0,val,ge5,far,,191366,41787,0.9517103351692568,0.9265111728066985,0.7539402552949629,0.9007107473616196,0.722753755640276,0.8825341747189609,0.699978462201163,0.8460917806886125,0.002500821536318535,0.16938422620296478,0.06944645787785368,0.002914309580215449,11,1.0
student_kdA_s0,test_w16-19,all,all,,100000,100000,0.93413,0.9057283922381694,0.6716804094,0.90581,0.6326679599,0.75759708445,0.77259,0.7159672363,0.005356762410402282,0.28620412945747375,0.09467204035699592,0.005340417041420163,11,3.5
student_kdA_s0,test_w16-19,all,near,,100000,11980,0.93413,0.9057283922381694,0.7126906339732888,0.9048414023372288,0.6705803013355593,0.8191727683639399,0.7897328881469116,0.7727818814691152,0.005356762410402282,0.28620412945747375,0.09467204035699592,0.005340417041420163,11,3.5
student_kdA_s0,test_w16-19,all,far,,100000,88020,0.93413,0.9057283922381694,0.6660986951261076,0.9059418314019541,0.6275078843444671,0.7492162994773915,0.770256759827312,0.7082344545557827,0.005356762410402282,0.28620412945747375,0.09467204035699592,0.005340417041420163,11,3.5
student_kdA_s0,test_w16-19,ge5,all,,96085,89545,0.9419576416714367,0.9138594028837616,0.7019031041022403,0.8987548160142945,0.6675481262049706,0.7916471667676869,0.754011949299235,0.7547996778089113,0.004816253253074594,0.2558108866214752,0.08409426560337001,0.004367424919638933,11,3.5
student_kdA_s0,test_w16-19,ge5,near,,96085,11402,0.9419576416714367,0.9138594028837616,0.7201605963270858,0.9037011050692861,0.6845767087564814,0.8336243511624275,0.7878442378530083,0.7938056028400496,0.004816253253074594,0.2558108866214752,0.08409426560337001,0.004367424919638933,11,3.5
student_kdA_s0,test_w16-19,ge5,far,,96085,78143,0.9419576416714367,0.9138594028837616,0.6992391172275656,0.8980330931753324,0.665063451976283,0.7855221925989343,0.749075413024839,0.7491082459825796,0.004816253253074594,0.2558108866214752,0.08409426560337001,0.004367424919638933,11,3.5
student_kdA_s0,test_w20-23,all,all,,100000,100000,0.92296,0.8845589520447763,0.6687826166499999,0.90435,0.6241254881999999,0.7525846747999999,0.76977,0.7039137298999999,0.01007287056609988,0.3397406339645386,0.11308353418486397,0.0076744117589489635,11,7.5
student_kdA_s0,test_w20-23,all,near,,100000,13417,0.92296,0.8845589520447763,0.7082288018931207,0.9052694342997689,0.6603498457181188,0.8173531247670867,0.7959305358873071,0.7634165275396885,0.01007287056609988,0.3397406339645386,0.11308353418486397,0.0076744117589489635,11,7.5
student_kdA_s0,test_w20-23,all,far,,100000,86583,0.92296,0.8845589520447763,0.6626699909913031,0.9042075234168371,0.6185121206241411,0.7425480822447825,0.7657161336521026,0.6946931088088886,0.01007287056609988,0.3397406339645386,0.11308353418486397,0.0076744117589489635,11,7.5
student_kdA_s0,test_w20-23,ge5,all,,95941,89776,0.9298631450579001,0.8911777672880349,0.6995990945857161,0.8967207271431118,0.6584859504310807,0.7887122874599956,0.7529072357868473,0.7434399782725285,0.010561953505405062,0.31493574380874634,0.10330701304482233,0.0065058615222277185,11,7.5
student_kdA_s0,test_w20-23,ge5,near,,95941,12762,0.9298631450579001,0.8911777672880349,0.7144440129347961,0.9042469832314685,0.6722970843356803,0.8319253491379324,0.7939194483623256,0.7835581596281582,0.010561953505405062,0.31493574380874634,0.10330701304482233,0.0065058615222277185,11,7.5
student_kdA_s0,test_w20-23,ge5,far,,95941,77014,0.9298631450579001,0.8911777672880349,0.6971391412269636,0.8954735502635884,0.656197305627662,0.7815514453646125,0.7461110966837199,0.7367919891996255,0.010561953505405062,0.31493574380874634,0.10330701304482233,0.0065058615222277185,11,7.5
student_kdA_s0,test_w24-27,all,all,,100000,100000,0.91017,0.8488925641841143,0.6687168226500001,0.9133,0.6175744657000001,0.7460096618500001,0.7858,0.6902749181000001,0.017068742970824217,0.415252685546875,0.13191032572642003,0.010116796774835976,11,11.5
student_kdA_s0,test_w24-27,all,near,,100000,12494,0.91017,0.8488925641841143,0.6993969673443252,0.9262846166159757,0.6454632199455739,0.8178720185689131,0.7965423403233552,0.7552273579318073,0.017068742970824217,0.415252685546875,0.13191032572642003,0.010116796774835976,11,11.5
student_kdA_s0,test_w24-27,all,far,,100000,87506,0.91017,0.8488925641841143,0.6643363489932119,0.91144607226933,0.6135925433684547,0.7357492421662514,0.7842662217447947,0.6810010879253995,0.017068742970824217,0.415252685546875,0.13191032572642003,0.010116796774835976,11,11.5
student_kdA_s0,test_w24-27,ge5,all,,96204,89771,0.9164379859465303,0.853828753288637,0.6990732135683121,0.9064842766595003,0.6503849512090928,0.7821817149231338,0.7694021454590012,0.7289551157646665,0.0167631067611002,0.3869216740131378,0.12304708426578444,0.008927238156429512,11,11.5
student_kdA_s0,test_w24-27,ge5,near,,96204,11977,0.9164379859465303,0.853828753288637,0.7046467439097084,0.9256074142105702,0.6557326830328306,0.8312829023288357,0.7942723553477499,0.7737083014296937,0.0167631067611002,0.3869216740131378,0.12304708426578444,0.008927238156429512,11,11.5
student_kdA_s0,test_w24-27,ge5,far,,96204,77794,0.9164379859465303,0.853828753288637,0.6982151246038817,0.9035401187752269,0.6495616257077316,0.7746221997734039,0.7655731804509345,0.7220650097833566,0.0167631067611002,0.3869216740131378,0.12304708426578444,0.008927238156429512,11,11.5
student_kdA_s0,test_w28-31,all,all,,100000,100000,0.88842,0.7952395796821656,0.6836842994500001,0.91097,0.6180144443000001,0.75861631635,0.80493,0.6871166166999998,0.026161034526154436,0.6093931794166565,0.16311881624367552,0.014760751730353598,11,15.5
student_kdA_s0,test_w28-31,all,near,,100000,15990,0.88842,0.7952395796821656,0.6872894865540963,0.9388993120700437,0.621675766103815,0.802523684177611,0.8229518449030644,0.7254969149468418,0.026161034526154436,0.6093931794166565,0.16311881624367552,0.014760751730353598,11,15.5
student_kdA_s0,test_w28-31,all,far,,100000,84010,0.88842,0.7952395796821656,0.6829981080228543,0.9056540887989525,0.6173175685037495,0.7502592301511726,0.8014998214498275,0.679811522437805,0.026161034526154436,0.6093931794166565,0.16311881624367552,0.014760751730353598,11,15.5
student_kdA_s0,test_w28-31,ge5,all,,95576,94669,0.894889930526492,0.8007544662175274,0.6896544556570062,0.9107099472900316,0.6291953220766751,0.7699701000377854,0.8022372687997127,0.7035284128646713,0.025707511645553523,0.5763851404190063,0.15393619768880162,0.013288634988017621,11,15.5
student_kdA_s0,test_w28-31,ge5,near,,95576,15420,0.894889930526492,0.8007544662175274,0.688792891420462,0.9407263294422827,0.629054803440661,0.8123382565990496,0.8255512321660181,0.7408791424174888,0.025707511645553523,0.5763851404190063,0.15393619768880162,0.013288634988017621,11,15.5
student_kdA_s0,test_w28-31,ge5,far,,95576,79249,0.894889930526492,0.8007544662175274,0.6898220958862521,0.9048694620752312,0.6292226637133812,0.7617262487062266,0.7977009173617333,0.6962608353595363,0.025707511645553523,0.5763851404190063,0.15393619768880162,0.013288634988017621,11,15.5
student_kdA_s0,test_w32-35,all,all,,100000,100000,0.86008,0.7567518916337008,0.68087952445,0.904,0.6017485448,0.7472424075999999,0.80944,0.659414705,0.04455864830009636,0.7690781354904175,0.206993330673213,0.023234031171091327,11,19.5
student_kdA_s0,test_w32-35,all,near,,100000,16559,0.86008,0.7567518916337008,0.6912879479437164,0.9360468627332569,0.6113202639048252,0.7975163765927895,0.8396038408116432,0.7023876786037804,0.04455864830009636,0.7690781354904175,0.206993330673213,0.023234031171091327,11,19.5
student_kdA_s0,test_w32-35,all,far,,100000,83441,0.86008,0.7567518916337008,0.6788139561486559,0.8976402487985523,0.5998490218238035,0.7372654579882791,0.8034539375127335,0.6508866496087056,0.04455864830009636,0.7690781354904175,0.206993330673213,0.023234031171091327,11,19.5
student_kdA_s0,test_w32-35,ge5,all,,95262,94615,0.8680691146522223,0.7621594420834665,0.6868607866414909,0.9034931036305026,0.6131368463338618,0.7579026747808998,0.8075886487343444,0.6765333965276602,0.04181793815775256,0.7279319167137146,0.19531683027876984,0.021004141490623428,11,19.5
student_kdA_s0,test_w32-35,ge5,near,,95262,16006,0.8680691146522223,0.7621594420834665,0.6920552978688291,0.9373359990003749,0.6184848702563311,0.8057632632765968,0.8428714232162939,0.7179474399195577,0.04181793815775256,0.7279319167137146,0.19531683027876984,0.021004141490623428,11,19.5
student_kdA_s0,test_w32-35,ge5,far,,95262,78609,0.8680691146522223,0.7621594420834665,0.6858031043569588,0.8966021702349604,0.6120479065063222,0.7481575237236145,0.8004045338320039,0.6681008610860352,0.04181793815775256,0.7279319167137146,0.19531683027876984,0.021004141490623428,11,19.5
student_kdA_s0,test_w36-39,all,all,,100000,100000,0.84108,0.7417072717093995,0.6483698902,0.91878,0.5614987190999999,0.7043826677999999,0.83808,0.6093194041000001,0.05630617292925713,0.8112381100654602,0.233964590235076,0.03025565043402209,11,23.5
student_kdA_s0,test_w36-39,all,near,,100000,12548,0.84108,0.7417072717093995,0.6915325581766019,0.9244501115715652,0.5974551840930825,0.7920006144405483,0.8060248645202422,0.6823304056423334,0.05630617292925713,0.8112381100654602,0.233964590235076,0.03025565043402209,11,23.5
student_kdA_s0,test_w36-39,all,far,,100000,87452,0.84108,0.7417072717093995,0.6421767195718795,0.9179664272972602,0.556339526368751,0.6918108570415771,0.8426794127063989,0.5988434624708412,0.05630617292925713,0.8112381100654602,0.233964590235076,0.03025565043402209,11,23.5
student_kdA_s0,test_w36-39,ge5,all,,95184,91735,0.8515296688519078,0.7482545096351725,0.6685448285408255,0.9158445522428735,0.585860992927997,0.7279115369464232,0.8317436093094239,0.6396317816646524,0.05090972292366135,0.7657800316810608,0.21844464080845605,0.027212066489334937,11,23.5
student_kdA_s0,test_w36-39,ge5,near,,95184,12085,0.8515296688519078,0.7482545096351725,0.6956606855590127,0.9258585022755482,0.6088202555816287,0.8016472335392834,0.8073645014480761,0.7013958340418451,0.05090972292366135,0.7657800316810608,0.21844464080845605,0.027212066489334937,11,23.5
student_kdA_s0,test_w36-39,ge5,far,,95184,79650,0.8515296688519078,0.7482545096351725,0.6644306398143373,0.9143251726302574,0.5823774688957414,0.7167238923346879,0.835442561205273,0.6302605503654891,0.05090972292366135,0.7657800316810608,0.21844464080845605,0.027212066489334937,11,23.5
student_kdA_s0,test_w40-43,all,all,,100000,100000,0.83322,0.7359352825352058,0.6592563636500001,0.91392,0.5643041875,0.7060667467999999,0.83043,0.6054280153999999,0.06151859396532182,0.8749954104423523,0.24507499140582492,0.03351161055612148,11,27.5
student_kdA_s0,test_w40-43,all,near,,100000,10904,0.83322,0.7359352825352058,0.6831778452861335,0.9311261922230374,0.5842541993763756,0.7810214934886281,0.8147468818782099,0.6677986307776963,0.06151859396532182,0.8749954104423523,0.24507499140582492,0.03351161055612148,11,27.5
student_kdA_s0,test_w40-43,all,far,,100000,89096,0.83322,0.7359352825352058,0.6563287368680973,0.9118142228607344,0.5618626084223759,0.696893421870791,0.8323493759540271,0.5977947974095358,0.06151859396532182,0.8749954104423523,0.24507499140582492,0.03351161055612148,11,27.5
student_kdA_s0,test_w40-43,ge5,all,,95288,93977,0.8428553437998488,0.7447594057779416,0.6685818552133834,0.9139683113953414,0.5791389998798127,0.7175992478606841,0.8269363780499484,0.6247416956002897,0.05732328815731457,0.8290702700614929,0.23103960731536002,0.030560158201177034,11,27.5
student_kdA_s0,test_w40-43,ge5,near,,95288,10557,0.8428553437998488,0.7447594057779416,0.6842438263685436,0.9343563512361467,0.5924648364336657,0.7876719165653361,0.8177512550914086,0.6835367393657932,0.05732328815731457,0.8290702700614929,0.23103960731536002,0.030560158201177034,11,27.5
student_kdA_s0,test_w40-43,ge5,far,,95288,83420,0.8428553437998488,0.7447594057779416,0.6665997954017671,0.9113881563174299,0.5774525834748854,0.7087313844764235,0.8280987772716375,0.6173010425550678,0.05732328815731457,0.8290702700614929,0.23103960731536002,0.030560158201177034,11,27.5
student_kdA_s0,test_w44-47,all,all,,100000,100000,0.80874,0.7060673463127505,0.6309371918999999,0.92152,0.530013792,0.6780990205499999,0.86521,0.5710034059,0.07538255351863805,1.075649380683899,0.28391333943256253,0.04466889433661967,11,31.5
student_kdA_s0,test_w44-47,all,near,,100000,10628,0.80874,0.7060673463127505,0.6604072243131351,0.9475912683477606,0.5541279996236358,0.752567386149793,0.8547233722243132,0.6312868761761384,0.07538255351863805,1.075649380683899,0.28391333943256253,0.04466889433661967,11,31.5
student_kdA_s0,test_w44-47,all,far,,100000,89372,0.80874,0.7060673463127505,0.6274326546345611,0.9184196392606185,0.5271461623327215,0.6692433410352235,0.866457055901177,0.5638345753703621,0.07538255351863805,1.075649380683899,0.28391333943256253,0.04466889433661967,11,31.5
student_kdA_s0,test_w44-47,ge5,all,,94936,92436,0.8182565096486054,0.7140632429675995,0.641849201411392,0.9201393396512182,0.5461362054613529,0.691546620468924,0.8619369076982993,0.5917514611345239,0.07123767059766309,1.023743987083435,0.27024551608440567,0.04086897203177199,11,31.5
student_kdA_s0,test_w44-47,ge5,near,,94936,10310,0.8182565096486054,0.7140632429675995,0.657840236154397,0.9499515033947624,0.559727549774305,0.7549525053459875,0.8584869059165858,0.6436169178488677,0.07123767059766309,1.023743987083435,0.27024551608440567,0.04086897203177199,11,31.5
student_kdA_s0,test_w44-47,ge5,far,,94936,82126,0.8182565096486054,0.7140632429675995,0.6398417059994594,0.9163967562038818,0.5444299643213175,0.6835867213738442,0.8623700168034484,0.5852403336143126,0.07123767059766309,1.023743987083435,0.27024551608440567,0.04086897203177199,11,31.5
student_kdA_s0,test_w48-51,all,all,,100000,100000,0.79918,0.6974934129703336,0.6312951729,0.92561,0.5262006886000001,0.6829993668500001,0.87419,0.5715473257,0.08597931504920124,1.187295913696289,0.2986043223967377,0.04677720568816306,11,35.333333333333336
student_kdA_s0,test_w48-51,all,near,,100000,10972,0.79918,0.6974934129703336,0.6623691364382063,0.960262486328837,0.551316388078746,0.7671313552679548,0.8716733503463361,0.6388023368574554,0.08597931504920124,1.187295913696289,0.2986043223967377,0.04677720568816306,11,35.333333333333336
student_kdA_s0,test_w48-51,all,far,,100000,89028,0.79918,0.6974934129703336,0.627465551568046,0.9213393539111291,0.5231053763984364,0.6726307617266477,0.8745001572538976,0.5632586751359123,0.08597931504920124,1.187295913696289,0.2986043223967377,0.04677720568816306,11,35.333333333333336
student_kdA_s0,test_w48-51,ge5,all,,94668,93780,0.8103899945071196,0.706242347494942,0.6351474134099542,0.9252719129878438,0.5379735756427353,0.6893968351332909,0.8734378332267008,0.5883698290616381,0.08012294446025665,1.1148236989974976,0.2812532778052063,0.041668423245092366,11,35.333333333333336
student_kdA_s0,test_w48-51,ge5,near,,94668,10675,0.8103899945071196,0.706242347494942,0.6585885162682177,0.9617798594847775,0.5575876795217483,0.7685145246659619,0.8771896955503513,0.6523093866112055,0.08012294446025665,1.1148236989974976,0.2812532778052063,0.041668423245092366,11,35.333333333333336
student_kdA_s0,test_w48-51,ge5,far,,94668,83105,0.8103899945071196,0.706242347494942,0.6321363578415532,0.9205823957643945,0.5354541055878835,0.6792340129714323,0.8729558991637085,0.5801566676773457,0.08012294446025665,1.1148236989974976,0.2812532778052063,0.041668423245092366,11,35.333333333333336
student_kdA_s1,val,all,all,,200000,53779,0.9417,0.9158035055523193,0.7506810416705407,0.8707116160583127,0.7111014035218208,0.8524317198162852,0.671507465739415,0.8087288577325722,0.003210400822777317,0.20863676071166992,0.08296114206338517,0.003962903770629546,11,1.0
student_kdA_s1,val,all,near,,200000,10959,0.9417,0.9158035055523193,0.6615544410986404,0.8766310794780545,0.6282840943516743,0.7207405447577333,0.8336527055388265,0.687887146637467,0.003210400822777317,0.20863676071166992,0.08296114206338517,0.003962903770629546,11,1.0
student_kdA_s1,val,all,far,,200000,42820,0.9417,0.9158035055523193,0.7734913736571696,0.8691966370854741,0.7322969871555349,0.8861356802895843,0.6300093414292387,0.8396560952825783,0.003210400822777317,0.20863676071166992,0.08296114206338517,0.003962903770629546,11,1.0
student_kdA_s1,val,ge5,all,,191366,52270,0.9506599918480817,0.9262463221755466,0.753489762727903,0.8726229194566673,0.7215922624185815,0.859896008316282,0.6745551941840444,0.8242112665727015,0.0028509564524332276,0.17231453955173492,0.07054956581535005,0.002995434410799766,11,1.0
student_kdA_s1,val,ge5,near,,191366,10483,0.9506599918480817,0.9262463221755466,0.6668842016301825,0.8779929409520175,0.6404287620072804,0.7322200128373317,0.8315367738242869,0.7063113782537802,0.0028509564524332276,0.17231453955173492,0.07054956581535005,0.002995434410799766,11,1.0
student_kdA_s1,val,ge5,far,,191366,41787,0.9506599918480817,0.9262463221755466,0.7752162828654433,0.8712757556177758,0.7419535464258487,0.891925765432271,0.6351736185895135,0.8537885161777762,0.0028509564524332276,0.17231453955173492,0.07054956581535005,0.002995434410799766,11,1.0
student_kdA_s1,test_w16-19,all,all,,100000,100000,0.93288,0.9005243364499237,0.67488231725,0.88024,0.6349642129999999,0.7613880169,0.73618,0.7185040617999999,0.004825285557210468,0.27639374136924744,0.09669151430594411,0.005478517610502047,11,3.5
student_kdA_s1,test_w16-19,all,near,,100000,11980,0.93288,0.9005243364499237,0.7513823167779633,0.8411519198664441,0.7054194240400667,0.8390858768781303,0.7093489148580968,0.7897070751252087,0.004825285557210468,0.27639374136924744,0.09669151430594411,0.005478517610502047,11,3.5
student_kdA_s1,test_w16-19,all,far,,100000,88020,0.93288,0.9005243364499237,0.6644702518745741,0.8855600999772779,0.625374876164508,0.7508129162122243,0.7398318563962736,0.7088129450124973,0.004825285557210468,0.27639374136924744,0.09669151430594411,0.005478517610502047,11,3.5
student_kdA_s1,test_w16-19,ge5,all,,96085,89545,0.9412395275016913,0.9088156580549176,0.7024041695265391,0.8717516332570217,0.6678309321582131,0.7943940780466422,0.7130269696800491,0.7567522839334145,0.0035164233395005803,0.24540865421295166,0.08553041066126434,0.0044373744992875965,11,3.5
student_kdA_s1,test_w16-19,ge5,near,,96085,11402,0.9412395275016913,0.9088156580549176,0.7638417246021963,0.8375723557270655,0.7247301782336809,0.8552342298696112,0.7038238905455183,0.8127847712967045,0.0035164233395005803,0.24540865421295166,0.08553041066126434,0.0044373744992875965,11,3.5
student_kdA_s1,test_w16-19,ge5,far,,96085,78143,0.9412395275016913,0.9088156580549176,0.6934396941036266,0.8767387993806227,0.6595286503958993,0.7855167709163107,0.7143698091959613,0.7485764726526059,0.0035164233395005803,0.24540865421295166,0.08553041066126434,0.0044373744992875965,11,3.5
student_kdA_s1,test_w20-23,all,all,,100000,100000,0.92439,0.8817189712346624,0.6744668783000001,0.8864,0.6304015278,0.7574878211000001,0.74179,0.7095116845,0.008095063771978024,0.33070695400238037,0.11058192692640054,0.0072862913226034685,11,7.5
student_kdA_s1,test_w20-23,all,near,,100000,13417,0.92439,0.8817189712346624,0.7520462241931878,0.8465379742118209,0.7012616926287545,0.8370893549228591,0.7332488633822762,0.7824929663859284,0.008095063771978024,0.33070695400238037,0.11058192692640054,0.0072862913226034685,11,7.5
student_kdA_s1,test_w20-23,all,far,,100000,86583,0.92439,0.8817189712346624,0.6624450947645613,0.8925770647817701,0.6194209561923241,0.7451526770266681,0.7431135442292367,0.6982024221844935,0.008095063771978024,0.33070695400238037,0.11058192692640054,0.0072862913226034685,11,7.5
student_kdA_s1,test_w20-23,ge5,all,,95941,89776,0.9321457979383163,0.8886560015081387,0.703078953781858,0.8777401532703618,0.6637013735129659,0.7922843513619713,0.7218076100516841,0.748802839486071,0.007515115910458599,0.3038792610168457,0.09969643010907661,0.006050641109362772,11,7.5
student_kdA_s1,test_w20-23,ge5,near,,95941,12762,0.9321457979383163,0.8886560015081387,0.763990263723189,0.8441466854724965,0.7195775835963125,0.8531207851108398,0.7287259050305595,0.8049019316367613,0.007515115910458599,0.3038792610168457,0.09969643010907661,0.006050641109362772,11,7.5
student_kdA_s1,test_w20-23,ge5,far,,95941,77014,0.9321457979383163,0.8886560015081387,0.6929853326549037,0.883306931207313,0.6544421194411908,0.7822031379786507,0.7206611784870284,0.7395066515978025,0.007515115910458599,0.3038792610168457,0.09969643010907661,0.006050641109362772,11,7.5
student_kdA_s1,test_w24-27,all,all,,100000,100000,0.91425,0.8536327409258668,0.6668959592,0.89843,0.6188680443000001,0.7458076948,0.76246,0.6934371009999999,0.014001144688725504,0.4052731990814209,0.12807275557792036,0.00987325124451436,11,11.5
student_kdA_s1,test_w24-27,all,near,,100000,12494,0.91425,0.8536327409258668,0.7388701772850969,0.8653753801824876,0.6838018464863134,0.8306085320954059,0.72274691852089,0.7702851616776053,0.014001144688725504,0.4052731990814209,0.12807275557792036,0.00987325124451436,11,11.5
student_kdA_s1,test_w24-27,all,far,,100000,87506,0.91425,0.8536327409258668,0.6566195680867597,0.9031494983201152,0.6095968751857016,0.7336999346330537,0.7681301853587182,0.6824648285831829,0.014001144688725504,0.4052731990814209,0.12807275557792036,0.00987325124451436,11,11.5
student_kdA_s1,test_w24-27,ge5,all,,96204,89771,0.9210012057710698,0.8586138129066209,0.6958899457590436,0.8906216929743458,0.6511312648092402,0.7805120247659144,0.7435586102416147,0.7315385174931457,0.013626304930424138,0.37492460012435913,0.1186400793893943,0.008644641120226951,11,11.5
student_kdA_s1,test_w24-27,ge5,near,,96204,11977,0.9210012057710698,0.8586138129066209,0.7491925720436263,0.86465725974785,0.6994020825475347,0.844819104866382,0.717959422225933,0.7900945706829529,0.013626304930424138,0.37492460012435913,0.1186400793893943,0.008644641120226951,11,11.5
student_kdA_s1,test_w24-27,ge5,far,,96204,77794,0.9210012057710698,0.8586138129066209,0.6876835859496695,0.8946191222973494,0.6436995916204139,0.7706114424798345,0.7474998071830733,0.7225233511685664,0.013626304930424138,0.37492460012435913,0.1186400793893943,0.008644641120226951,11,11.5
student_kdA_s1,test_w28-31,all,all,,100000,100000,0.89085,0.7915543723289122,0.68143755165,0.89719,0.6186355749999999,0.75603049675,0.78823,0.6897446383000001,0.0272938349110633,0.6071447134017944,0.1667446391305174,0.0162966268543967,11,15.5
student_kdA_s1,test_w28-31,all,near,,100000,15990,0.89085,0.7915543723289122,0.7150976213258287,0.8856785490931832,0.6482903427141964,0.8115480359599749,0.7451532207629769,0.7386213558474046,0.0272938349110633,0.6071447134017944,0.1667446391305174,0.0162966268543967,11,15.5
student_kdA_s1,test_w28-31,all,far,,100000,84010,0.89085,0.7915543723289122,0.6750308796571837,0.8993810260683252,0.6129912500892751,0.7454635945720748,0.79642899654803,0.6804417134864895,0.0272938349110633,0.6071447134017944,0.1667446391305174,0.0162966268543967,11,15.5
student_kdA_s1,test_w28-31,ge5,all,,95576,94669,0.8979450908177785,0.7968573940119719,0.6878928854290972,0.8964180460340766,0.6308771407270605,0.7673896553146455,0.7844806642089808,0.7070355049510798,0.026235116271901872,0.570306658744812,0.15684397407749948,0.014680368965736672,11,15.5
student_kdA_s1,test_w28-31,ge5,near,,95576,15420,0.8979450908177785,0.7968573940119719,0.720853696590334,0.887094682230869,0.6601637445789809,0.8221766090738851,0.743644617380026,0.7556125841196368,0.026235116271901872,0.570306658744812,0.15684397407749948,0.014680368965736672,11,15.5
student_kdA_s1,test_w28-31,ge5,far,,95576,79249,0.8979450908177785,0.7968573940119719,0.6814794832649528,0.8982321543489508,0.6251786532837285,0.7567293968007529,0.7924264028568184,0.6975835426451938,0.026235116271901872,0.570306658744812,0.15684397407749948,0.014680368965736672,11,15.5
student_kdA_s1,test_w32-35,all,all,,100000,100000,0.85948,0.7522879937585537,0.6783675718,0.89563,0.5994128374,0.74532425845,0.79703,0.6608800662000001,0.04541287399128078,0.8019425868988037,0.21430653513083112,0.02526828045347433,11,19.5
student_kdA_s1,test_w32-35,all,near,,100000,16559,0.85948,0.7522879937585537,0.717741508545202,0.8899088109185337,0.633114594480343,0.8106423685005133,0.7637538498701613,0.7167522809348391,0.04541287399128078,0.8019425868988037,0.21430653513083112,0.02526828045347433,11,19.5
student_kdA_s1,test_w32-35,all,far,,100000,83441,0.85948,0.7522879937585537,0.6705537510336645,0.8967653791301639,0.5927246697666616,0.7323617749667429,0.8036337052528134,0.6497921357605975,0.04541287399128078,0.8019425868988037,0.21430653513083112,0.02526828045347433,11,19.5
student_kdA_s1,test_w32-35,ge5,all,,95262,94615,0.8675967332199618,0.7573690293024932,0.6843075716986211,0.8957881942609522,0.610955956507382,0.7556454919151022,0.793457696982508,0.6781295211500762,0.04277253113242011,0.7523248195648193,0.20235499498443163,0.023002460976720856,11,19.5
student_kdA_s1,test_w32-35,ge5,near,,95262,16006,0.8675967332199618,0.7573690293024932,0.7230505350110765,0.8942271648131951,0.644500342902998,0.8202171670848389,0.7627764588279395,0.7338710391226475,0.04277253113242011,0.7523248195648193,0.20235499498443163,0.023002460976720856,11,19.5
student_kdA_s1,test_w32-35,ge5,far,,95262,78609,0.8675967332199618,0.7573690293024932,0.6764189091945929,0.8961060438372197,0.6041258041247256,0.7424977068934532,0.7997048683992927,0.6667796917836043,0.04277253113242011,0.7523248195648193,0.20235499498443163,0.023002460976720856,11,19.5
student_kdA_s1,test_w36-39,all,all,,100000,100000,0.83565,0.7274664362153676,0.6478269271500001,0.90534,0.5547349606999998,0.71192083715,0.81256,0.6134442669999999,0.06028102275431159,0.8323234915733337,0.24126065143401218,0.031842913166752855,11,23.5
student_kdA_s1,test_w36-39,all,near,,100000,12548,0.83565,0.7274664362153676,0.7195450043831686,0.8924131335671023,0.6140580690149825,0.8111338830889385,0.7534268409308257,0.6960202343002868,0.06028102275431159,0.8323234915733337,0.24126065143401218,0.031842913166752855,11,23.5
student_kdA_s1,test_w36-39,all,far,,100000,87452,0.83565,0.7274664362153676,0.6375365000228695,0.9071948040067694,0.5462230185701872,0.6976853102273248,0.821044687371358,0.6015959017518182,0.06028102275431159,0.8323234915733337,0.24126065143401218,0.031842913166752855,11,23.5
student_kdA_s1,test_w36-39,ge5,all,,95184,91735,0.8460875777441587,0.7320966054033997,0.6661380049217058,0.9022728511473266,0.5778600490023011,0.7348651127125213,0.8032375865264075,0.6434054429218733,0.055239219177789206,0.7735698223114014,0.2258815178615903,0.02887913696788962,11,23.5
student_kdA_s1,test_w36-39,ge5,near,,95184,12085,0.8460875777441587,0.7320966054033997,0.7280784579559271,0.8974762101779065,0.6296019562363387,0.822740448080509,0.7550682664460074,0.7169398904966104,0.055239219177789206,0.7735698223114014,0.2258815178615903,0.02887913696788962,11,23.5
student_kdA_s1,test_w36-39,ge5,far,,95184,79650,0.8460875777441587,0.7320966054033997,0.6567400090030797,0.9030006277463904,0.5700094407295659,0.7215321129897073,0.8105461393596987,0.6322483330795545,0.055239219177789206,0.7735698223114014,0.2258815178615903,0.02887913696788962,11,23.5
student_kdA_s1,test_w40-43,all,all,,100000,100000,0.83043,0.726337421457046,0.65885414155,0.89473,0.5590035059,0.7132478981999999,0.8107,0.6099972948999999,0.06403234167337414,0.8894081115722656,0.2517913996349591,0.034761922432751335,11,27.5
student_kdA_s1,test_w40-43,all,near,,100000,10904,0.83043,0.726337421457046,0.7203793887564196,0.8813279530447542,0.6095804402054292,0.8052770951027146,0.7577035950110051,0.6863614728539985,0.06403234167337414,0.8894081115722656,0.2517913996349591,0.034761922432751335,11,27.5
student_kdA_s1,test_w40-43,all,far,,100000,89096,0.83043,0.726337421457046,0.651324383810721,0.896370207416719,0.5528136557196731,0.701984919356649,0.8171859567208405,0.6006514769462153,0.06403234167337414,0.8894081115722656,0.2517913996349591,0.034761922432751335,11,27.5
student_kdA_s1,test_w40-43,ge5,all,,95288,93977,0.8402527075812274,0.7338014271419668,0.6667021814719997,0.8939314938761612,0.572882131485438,0.7246928976173292,0.8042925396639603,0.629529730303122,0.060162682149172364,0.8343510031700134,0.23829198520518924,0.03193526063600978,11,27.5
student_kdA_s1,test_w40-43,ge5,near,,95288,10557,0.8402527075812274,0.7338014271419668,0.7261514609709105,0.8838685232547125,0.6222115165787825,0.8138843660244283,0.7572226958416217,0.7041137874841961,0.060162682149172364,0.8343510031700134,0.23829198520518924,0.03193526063600978,11,27.5
student_kdA_s1,test_w40-43,ge5,far,,95288,83420,0.8402527075812274,0.7338014271419668,0.6591787333340231,0.8952049868137137,0.5666393801256868,0.7134055045224632,0.8102493406856869,0.6200909399451672,0.060162682149172364,0.8343510031700134,0.23829198520518924,0.03193526063600978,11,27.5
student_kdA_s1,test_w44-47,all,all,,100000,100000,0.81063,0.7015965303850629,0.63263119715,0.91258,0.5279428058000001,0.6810983930999999,0.84367,0.5748482324,0.07373141068734225,1.0923415422439575,0.28742646565330693,0.04550948061626817,11,31.5
student_kdA_s1,test_w44-47,all,near,,100000,10628,0.81063,0.7015965303850629,0.7054974515430936,0.9152239367707942,0.5862361987203614,0.7830353166164848,0.7901768912307113,0.6576433214151299,0.07373141068734225,1.0923415422439575,0.28742646565330693,0.04550948061626817,11,31.5
student_kdA_s1,test_w44-47,all,far,,100000,89372,0.81063,0.7015965303850629,0.6239660385803161,0.9122655865371705,0.5210106326366198,0.6689761890189321,0.8500313297229557,0.5650023499530054,0.07373141068734225,1.0923415422439575,0.28742646565330693,0.04550948061626817,11,31.5
student_kdA_s1,test_w44-47,ge5,all,,94936,92436,0.8200261228617174,0.7093914311717684,0.6449237482072049,0.9104028733393916,0.5451292908837586,0.6960562392403445,0.8378012895408715,0.5970363520641675,0.06987183405548018,1.0386378765106201,0.27376666791611176,0.04177666826232328,11,31.5
student_kdA_s1,test_w44-47,ge5,near,,94936,10310,0.8200261228617174,0.7093914311717684,0.7081414023410288,0.9181377303588749,0.5961508460608145,0.7878901336727782,0.7903006789524734,0.6721186827215344,0.06987183405548018,1.0386378765106201,0.27376666791611176,0.04177666826232328,11,31.5
student_kdA_s1,test_w44-47,ge5,far,,94936,82126,0.8200261228617174,0.7093914311717684,0.6369874793749262,0.9094318486228479,0.5387241057551095,0.6845275217623426,0.8437644594890777,0.5876106059048823,0.06987183405548018,1.0386378765106201,0.27376666791611176,0.04177666826232328,11,31.5
student_kdA_s1,test_w48-51,all,all,,100000,100000,0.79726,0.6920978657894474,0.6344964586500002,0.92002,0.5245310739,0.6850451403,0.85368,0.5721596767,0.08763494601532815,1.2029460668563843,0.3066422369403618,0.04918221082620726,11,35.333333333333336
student_kdA_s1,test_w48-51,all,near,,100000,10972,0.79726,0.6920978657894474,0.7142216213999272,0.9164236237695953,0.5866936028071454,0.7947454424899745,0.8009478672985783,0.6588623988333941,0.08763494601532815,1.2029460668563843,0.3066422369403618,0.04918221082620726,11,35.333333333333336
student_kdA_s1,test_w48-51,all,far,,100000,89028,0.79726,0.6920978657894474,0.6246709600912073,0.9204632250527924,0.5168700316754279,0.6715254418272902,0.8601788201464707,0.5614742488879904,0.08763494601532815,1.2029460668563843,0.3066422369403618,0.04918221082620726,11,35.333333333333336
student_kdA_s1,test_w48-51,ge5,all,,94668,93780,0.8075484852326024,0.700224213686317,0.6400963078696692,0.9208359991469397,0.5368678894910358,0.6930133845176756,0.8517167839624653,0.5895781879537566,0.08276545092801599,1.135074257850647,0.2893887189703748,0.044017181795730706,11,35.333333333333336
student_kdA_s1,test_w48-51,ge5,near,,94668,10675,0.8075484852326024,0.700224213686317,0.7163434302983561,0.9226229508196722,0.5969207937731655,0.7984855081864302,0.8057142857142857,0.6734341585121983,0.08276545092801599,1.135074257850647,0.2893887189703748,0.044017181795730706,11,35.333333333333336
student_kdA_s1,test_w48-51,ge5,far,,94668,83105,0.8075484852326024,0.700224213686317,0.6303022156739381,0.9206064617050719,0.5291539763304351,0.6794652836794112,0.8576258949521689,0.5788067243148496,0.08276545092801599,1.135074257850647,0.2893887189703748,0.044017181795730706,11,35.333333333333336
student_kdA_s2,val,all,all,,200000,53779,0.941165,0.9135252585336688,0.7418521169508544,0.8840625522973652,0.7029376364380149,0.8456393685267485,0.7001617731828409,0.8025255015898399,0.002905256096385392,0.2126208394765854,0.08411120465152462,0.004056418964056909,11,1.0
student_kdA_s2,val,all,near,,200000,10959,0.941165,0.9135252585336688,0.6582809421480061,0.866958664111689,0.625258372114244,0.7115054071995621,0.8512638014417374,0.6793881453599783,0.002905256096385392,0.2126208394765854,0.08411120465152462,0.004056418964056909,11,1.0
student_kdA_s2,val,all,far,,200000,42820,0.941165,0.9135252585336688,0.7632406387786081,0.8884399813171415,0.7228182309668378,0.8799685157052779,0.6614899579635685,0.8340402677487154,0.002905256096385392,0.2126208394765854,0.08411120465152462,0.004056418964056909,11,1.0
student_kdA_s2,val,ge5,all,,191366,52270,0.9502680726983894,0.9245514897104523,0.7438046476031661,0.8851348766022575,0.7126039342042423,0.8533625105964131,0.7033671321982017,0.8184033971736845,0.0022226540951322464,0.17630842328071594,0.07176171578196759,0.00307903641000857,11,1.0
student_kdA_s2,val,ge5,near,,191366,10483,0.9502680726983894,0.9245514897104523,0.6642413730000074,0.8644472002289421,0.6378097840045921,0.7228453359379013,0.8495659639416198,0.6977968969043817,0.0022226540951322464,0.17630842328071594,0.07176171578196759,0.00307903641000857,11,1.0
student_kdA_s2,val,ge5,far,,191366,41787,0.9502680726983894,0.9245514897104523,0.7637644869710296,0.8903247421446862,0.7313673552812024,0.8861050272151028,0.6666905975542633,0.8486596477378099,0.0022226540951322464,0.17630842328071594,0.07176171578196759,0.00307903641000857,11,1.0
student_kdA_s2,test_w16-19,all,all,,100000,100000,0.93181,0.8989476408198079,0.6686429149500001,0.90642,0.6290517588,0.7592227763499999,0.77532,0.7164995572999999,0.004971248100250926,0.2759058475494385,0.09789512690033965,0.00554820829371066,11,3.5
student_kdA_s2,test_w16-19,all,near,,100000,11980,0.93181,0.8989476408198079,0.7424415742904841,0.8919031719532554,0.6967532303839734,0.8398535212854757,0.7292988313856428,0.7900678864774624,0.004971248100250926,0.2759058475494385,0.09789512690033965,0.00554820829371066,11,3.5
student_kdA_s2,test_w16-19,all,far,,100000,88020,0.93181,0.8989476408198079,0.6585985166439445,0.9083958191320155,0.6198372208588958,0.7482484940922518,0.781583730970234,0.7064865081799591,0.004971248100250926,0.2759058475494385,0.09789512690033965,0.00554820829371066,11,3.5
student_kdA_s2,test_w16-19,ge5,all,,96085,89545,0.9398553364208774,0.9067236178719579,0.6955180319271086,0.8999720810765537,0.6610503965174315,0.7923836438803746,0.7562342956055614,0.7548030748606654,0.004237562956665248,0.24560093879699707,0.08696501504990464,0.004509684680489544,11,3.5
student_kdA_s2,test_w16-19,ge5,near,,96085,11402,0.9398553364208774,0.9067236178719579,0.7539447573703255,0.8915979652692511,0.7148299460084004,0.857026961808075,0.7247851254165936,0.8138437692164647,0.004237562956665248,0.24560093879699707,0.08696501504990464,0.004509684680489544,11,3.5
student_kdA_s2,test_w16-19,ge5,far,,96085,78143,0.9398553364208774,0.9067236178719579,0.6869928726229667,0.9011939649104846,0.6532033158666243,0.7829514092462854,0.7608231063562955,0.7461883301356763,0.004237562956665248,0.24560093879699707,0.08696501504990464,0.004509684680489544,11,3.5
student_kdA_s2,test_w20-23,all,all,,100000,100000,0.92004,0.8748042586062056,0.6626352547000001,0.9105,0.6174380738,0.7524468392,0.77922,0.7036248717,0.011422210686802832,0.3533872961997986,0.11502144582251397,0.0076084382439943815,11,7.5
student_kdA_s2,test_w20-23,all,near,,100000,13417,0.92004,0.8748042586062056,0.7451756592382798,0.8937914585973019,0.6925765715137513,0.8409380826563314,0.7372736081091154,0.7837920108817172,0.011422210686802832,0.3533872961997986,0.11502144582251397,0.0076084382439943815,11,7.5
student_kdA_s2,test_w20-23,all,far,,100000,86583,0.92004,0.8748042586062056,0.6498446998833489,0.9130891745492764,0.6057945268701708,0.7387341356270861,0.7857200605199635,0.6912020807779818,0.011422210686802832,0.3533872961997986,0.11502144582251397,0.0076084382439943815,11,7.5
student_kdA_s2,test_w20-23,ge5,all,,95941,89776,0.9276847229026173,0.8813945498220588,0.6907332934373871,0.9047184102655498,0.6500178933049305,0.7874377022304322,0.762297273213331,0.7430299330719671,0.011107160742929183,0.32736364006996155,0.10441917405586942,0.006345351520242669,11,7.5
student_kdA_s2,test_w20-23,ge5,near,,95941,12762,0.9276847229026173,0.8813945498220588,0.7560776043959041,0.8946873530794547,0.7097200072784768,0.8580527821909224,0.7351512302146999,0.8070832172376039,0.011107160742929183,0.32736364006996155,0.10441917405586942,0.006345351520242669,11,7.5
student_kdA_s2,test_w20-23,ge5,far,,95941,77014,0.9276847229026173,0.8813945498220588,0.6799050791328113,0.9063806580621705,0.6401246481997498,0.7757360681060421,0.7667956475446023,0.7324156549858809,0.011107160742929183,0.32736364006996155,0.10441917405586942,0.006345351520242669,11,7.5
student_kdA_s2,test_w24-27,all,all,,100000,100000,0.90871,0.8428535765576065,0.6618294367,0.91758,0.6109095089,0.7432217611999999,0.79966,0.6888606157000001,0.01688071256518366,0.43957334756851196,0.13261671247691195,0.010310403428623674,11,11.5
student_kdA_s2,test_w24-27,all,near,,100000,12494,0.90871,0.8428535765576065,0.734785611893709,0.9083560108852249,0.6763285865215304,0.835608202737314,0.7305906835280935,0.7711064134784695,0.01688071256518366,0.43957334756851196,0.13261671247691195,0.010310403428623674,11,11.5
student_kdA_s2,test_w24-27,all,far,,100000,87506,0.90871,0.8428535765576065,0.651412842947912,0.9188969899206911,0.6015690527506685,0.7300309377071287,0.8095216328023221,0.6771176609603913,0.01688071256518366,0.43957334756851196,0.13261671247691195,0.010310403428623674,11,11.5
student_kdA_s2,test_w24-27,ge5,all,,96204,89771,0.9148995883747038,0.8475172878029302,0.6879592380187898,0.9128449053703311,0.6400832951380551,0.7771569633680493,0.7852201713248154,0.7257013523802551,0.01710432578157192,0.41277942061424255,0.12370690935959597,0.009136417733845364,11,11.5
student_kdA_s2,test_w24-27,ge5,near,,96204,11977,0.9148995883747038,0.8475172878029302,0.7438273259371426,0.9100776488269182,0.6903595085805164,0.8508290044519274,0.7302329464807548,0.7912171373939532,0.01710432578157192,0.41277942061424255,0.12370690935959597,0.009136417733845364,11,11.5
student_kdA_s2,test_w24-27,ge5,far,,96204,77794,0.9148995883747038,0.8475172878029302,0.679357905152526,0.9132709463454766,0.6323428754604403,0.7658145714604265,0.7936858883718538,0.7156146804375724,0.01710432578157192,0.41277942061424255,0.12370690935959597,0.009136417733845364,11,11.5
student_kdA_s2,test_w28-31,all,all,,100000,100000,0.88366,0.7776935663058739,0.67502763565,0.9097,0.6087951713,0.7564150373,0.80117,0.6845223477999999,0.028900464764982498,0.6565555334091187,0.16804160198630944,0.015761738296413922,11,15.5
student_kdA_s2,test_w28-31,all,near,,100000,15990,0.88366,0.7776935663058739,0.7187373592870543,0.9141963727329581,0.6467218198874296,0.8200987579737337,0.7535334584115072,0.7388912132582864,0.028900464764982498,0.6565555334091187,0.16804160198630944,0.015761738296413922,11,15.5
student_kdA_s2,test_w28-31,all,far,,100000,84010,0.88366,0.7776935663058739,0.6667081679561957,0.9088441852160457,0.6015764222116414,0.7442938291870015,0.810236876562314,0.6741740778478754,0.028900464764982498,0.6565555334091187,0.16804160198630944,0.015761738296413922,11,15.5
student_kdA_s2,test_w28-31,ge5,all,,95576,94669,0.8901397840462041,0.7825934684745065,0.6802231217684591,0.9086184495452577,0.6193439681755467,0.7672491383884474,0.7982972250683962,0.700649401793419,0.02890370134116117,0.6266690492630005,0.159021521263635,0.014285455717511532,11,15.5
student_kdA_s2,test_w28-31,ge5,near,,95576,15420,0.8901397840462041,0.7825934684745065,0.723473400325063,0.9151750972762646,0.6571670596963219,0.8314485999393995,0.7540207522697795,0.7556789623257151,0.02890370134116117,0.6266690492630005,0.159021521263635,0.014285455717511532,11,15.5
student_kdA_s2,test_w28-31,ge5,far,,95576,79249,0.8901397840462041,0.7825934684745065,0.671807630149097,0.9073426794028947,0.6119844800905193,0.7547574262265818,0.8069123900617042,0.6899419376814679,0.02890370134116117,0.6266690492630005,0.159021521263635,0.014285455717511532,11,15.5
student_kdA_s2,test_w32-35,all,all,,100000,100000,0.85039,0.7320158244687839,0.67771966345,0.90009,0.5936838223,0.7485860329999999,0.79956,0.6563521198999999,0.04917592966139313,0.8420644402503967,0.21647932617951313,0.024513484854370098,11,19.5
student_kdA_s2,test_w32-35,all,near,,100000,16559,0.85039,0.7320158244687839,0.728305170300139,0.9077238963705537,0.6353182323811823,0.8219460353886104,0.7654447732350987,0.7163212241077359,0.04917592966139313,0.8420644402503967,0.21647932617951313,0.024513484854370098,11,19.5
student_kdA_s2,test_w32-35,all,far,,100000,83441,0.85039,0.7320158244687839,0.6676808886518618,0.8985750410469673,0.5854214069821791,0.7340276231109406,0.8063302213540107,0.6444511551874978,0.04917592966139313,0.8420644402503967,0.21647932617951313,0.024513484854370098,11,19.5
student_kdA_s2,test_w32-35,ge5,all,,95262,94615,0.8579916440973315,0.7365608923212112,0.6818873114911783,0.8994134122496433,0.6036098767355036,0.7583790907339732,0.7961211224435871,0.6724267067867831,0.047579894779821254,0.8008375763893127,0.20516675317810248,0.022365030006360514,11,19.5
student_kdA_s2,test_w32-35,ge5,near,,95262,16006,0.8579916440973315,0.7365608923212112,0.7331830531166441,0.9088466824940648,0.6464515745920508,0.8328345284602588,0.7683993502436586,0.7336783207200074,0.047579894779821254,0.8008375763893127,0.20516675317810248,0.022365030006360514,11,19.5
student_kdA_s2,test_w32-35,ge5,far,,95262,78609,0.8579916440973315,0.7365608923212112,0.6714427104854767,0.8974926535129565,0.5948866489130928,0.7432188198203764,0.8017657011283695,0.6599549372360294,0.047579894779821254,0.8008375763893127,0.20516675317810248,0.022365030006360514,11,19.5
student_kdA_s2,test_w36-39,all,all,,100000,100000,0.82719,0.7121105137807976,0.6469516605,0.91156,0.5516749162999999,0.7073057834500001,0.82355,0.6057552658,0.06568401049397887,0.9022307991981506,0.25031315046270325,0.032266283038667576,11,23.5
student_kdA_s2,test_w36-39,all,near,,100000,12548,0.82719,0.7121105137807976,0.7190043373445967,0.9039687599617469,0.6095275765062161,0.8108024187121454,0.7645839974497928,0.6890147800446287,0.06568401049397887,0.9022307991981506,0.25031315046270325,0.032266283038667576,11,23.5
student_kdA_s2,test_w36-39,all,far,,100000,87452,0.82719,0.7121105137807976,0.6366132235397705,0.9126492247175594,0.5433739605726571,0.6924556281731693,0.832010703014225,0.5938088222110414,0.06568401049397887,0.9022307991981506,0.25031315046270325,0.032266283038667576,11,23.5
student_kdA_s2,test_w36-39,ge5,all,,95184,91735,0.8370839636913767,0.717428494900695,0.6614646408362543,0.9091186570011446,0.5714905229085039,0.7289517881677586,0.8147926091459095,0.6339914468976563,0.061493723765817104,0.8551585078239441,0.23523798555151063,0.029215344765552754,11,23.5
student_kdA_s2,test_w36-39,ge5,near,,95184,12085,0.8370839636913767,0.717428494900695,0.7262076607340855,0.9044269755895739,0.6243186995335404,0.823107709229318,0.7660736450144807,0.7097763490357599,0.061493723765817104,0.8551585078239441,0.23523798555151063,0.029215344765552754,11,23.5
student_kdA_s2,test_w36-39,ge5,far,,95184,79650,0.8370839636913767,0.717428494900695,0.6516414218096972,0.9098305084745762,0.5634750989974735,0.7146658583996615,0.8221845574387947,0.6224928839053275,0.061493723765817104,0.8551585078239441,0.23523798555151063,0.029215344765552754,11,23.5
student_kdA_s2,test_w40-43,all,all,,100000,100000,0.82053,0.7094198222151362,0.6533615584000001,0.90925,0.5512074947999999,0.70934518705,0.8167,0.6021901569000001,0.07010094173826273,0.9485798478126526,0.26011761662551847,0.03512149229373922,11,27.5
student_kdA_s2,test_w40-43,all,near,,100000,10904,0.82053,0.7094198222151362,0.7033616218818782,0.9210381511371973,0.5916393470286133,0.7989721670946441,0.7774211298606016,0.6747046386647102,0.07010094173826273,0.9485798478126526,0.26011761662551847,0.03512149229373922,11,27.5
student_kdA_s2,test_w40-43,all,far,,100000,89096,0.82053,0.7094198222151362,0.6472423084650265,0.9078073089700996,0.5462592489000629,0.6983762031404328,0.8215071383676035,0.593315483411152,0.07010094173826273,0.9485798478126526,0.26011761662551847,0.03512149229373922,11,27.5
student_kdA_s2,test_w40-43,ge5,all,,95288,93977,0.8296427671899924,0.7163997213614394,0.6575641494644127,0.9098396416144375,0.562108905049208,0.7195409015478288,0.8126350064377454,0.6200630615771835,0.06711210470389219,0.903190016746521,0.24699032277017458,0.0322414897816978,11,27.5
student_kdA_s2,test_w40-43,ge5,near,,95288,10557,0.8296427671899924,0.7163997213614394,0.7061856138960338,0.9215686274509803,0.6021609957712082,0.8074684012636202,0.7817561807331628,0.6915513798476333,0.06711210470389219,0.903190016746521,0.24699032277017458,0.0322414897816978,11,27.5
student_kdA_s2,test_w40-43,ge5,far,,95288,83420,0.8296427671899924,0.7163997213614394,0.6514109871531609,0.9083553104771038,0.5570402174233131,0.7084134667060689,0.8165427954926876,0.6110160443633121,0.06711210470389219,0.903190016746521,0.24699032277017458,0.0322414897816978,11,27.5
student_kdA_s2,test_w44-47,all,all,,100000,100000,0.79853,0.6780100598130984,0.62593840235,0.92399,0.5213283914,0.6821200239499999,0.85327,0.5716024674,0.08289051978625356,1.162216067314148,0.29773973065266784,0.045750974455527386,11,31.5
student_kdA_s2,test_w44-47,all,near,,100000,10628,0.79853,0.6780100598130984,0.6840573696838539,0.9401580730146782,0.5670258581106511,0.7779158228264962,0.8172751223184043,0.6471509653744824,0.08289051978625356,1.162216067314148,0.29773973065266784,0.045750974455527386,11,31.5
student_kdA_s2,test_w44-47,all,far,,100000,89372,0.79853,0.6780100598130984,0.6190269716466007,0.9220673141476078,0.5158941091169493,0.6707281142863536,0.8575504632323323,0.5626183399722509,0.08289051978625356,1.162216067314148,0.29773973065266784,0.045750974455527386,11,31.5
student_kdA_s2,test_w44-47,ge5,all,,94936,92436,0.8071332265947586,0.6847077765801629,0.6318411763407831,0.9235687394521614,0.5327000284953203,0.6947650721032721,0.8479704876887793,0.5910427411644843,0.07971696986359987,1.1090327501296997,0.28441508039558183,0.041871208695961705,11,31.5
student_kdA_s2,test_w44-47,ge5,near,,94936,10310,0.8071332265947586,0.6847077765801629,0.6836374683210955,0.9417070805043647,0.574243753124776,0.7825060424596014,0.8207565470417071,0.6605923612881438,0.07971696986359987,1.1090327501296997,0.28441508039558183,0.041871208695961705,11,31.5
student_kdA_s2,test_w44-47,ge5,far,,94936,82126,0.8071332265947586,0.6847077765801629,0.6253387316787148,0.9212916737695735,0.5274846788992156,0.6837501754277521,0.8513868933102793,0.582311564880787,0.07971696986359987,1.1090327501296997,0.28441508039558183,0.041871208695961705,11,31.5
student_kdA_s2,test_w48-51,all,all,,100000,100000,0.79319,0.6707302515081055,0.6258587934000001,0.9245,0.5210285851,0.6875910540999999,0.85276,0.5748208519999999,0.08873529116585849,1.2419636249542236,0.30982265138469295,0.04753262965583184,11,35.333333333333336
student_kdA_s2,test_w48-51,all,near,,100000,10972,0.79319,0.6707302515081055,0.6950666646919431,0.9376594969012031,0.5743240612468101,0.7925568556325191,0.8195406489245352,0.6559049270871309,0.08873529116585849,1.2419636249542236,0.30982265138469295,0.04753262965583184,11,35.333333333333336
student_kdA_s2,test_w48-51,all,far,,100000,89028,0.79319,0.6707302515081055,0.6173294682010154,0.9228781956238487,0.5144603373096105,0.6746548455542077,0.8568540234532956,0.5648278781956239,0.08873529116585849,1.2419636249542236,0.30982265138469295,0.04753262965583184,11,35.333333333333336
student_kdA_s2,test_w48-51,ge5,all,,94668,93780,0.8029957324544724,0.6778232576077518,0.6275788285825463,0.9249200255918106,0.5296797275966746,0.6940735648019627,0.8508423970995947,0.5906656918982417,0.08387958410569016,1.1628317832946777,0.29277630429241,0.042253874485583175,11,35.333333333333336
student_kdA_s2,test_w48-51,ge5,near,,94668,10675,0.8029957324544724,0.6778232576077518,0.6947587150123261,0.9393911007025761,0.5825070165090196,0.7962532321756726,0.826135831381733,0.6699633606770126,0.08387958410569016,1.1628317832946777,0.29277630429241,0.042253874485583175,11,35.333333333333336
student_kdA_s2,test_w48-51,ge5,far,,94668,83105,0.8029957324544724,0.6778232576077518,0.618949440607841,0.9230611876541724,0.5228939588807214,0.6809483864226311,0.8540160038505505,0.5804797510497561,0.08387958410569016,1.1628317832946777,0.29277630429241,0.042253874485583175,11,35.333333333333336
student_kdB_s0,val,all,all,,200000,53779,0.941945,0.9136813011065138,0.7431657265847265,0.8914818051655851,0.7045749646702243,0.8528551893397052,0.6748916863459715,0.8096344601982186,0.0029435489569604265,0.20738251507282257,0.08250472885830316,0.00390501684929469,11,1.0
student_kdB_s0,val,all,near,,200000,10959,0.941945,0.9136813011065138,0.6499043149466193,0.9122182680901542,0.6180296970526508,0.7118389280500046,0.8595674787845606,0.6801084638196915,0.0029435489569604265,0.20738251507282257,0.08250472885830316,0.00390501684929469,11,1.0
student_kdB_s0,val,all,far,,200000,42820,0.941945,0.9136813011065138,0.767034288241476,0.8861746847267632,0.7267246514479218,0.8889457359878562,0.627627276973377,0.8427842825782345,0.0029435489569604265,0.20738251507282257,0.08250472885830316,0.00390501684929469,11,1.0
student_kdB_s0,val,ge5,all,,191366,52270,0.9510257830544611,0.9247732406794771,0.7450904002445212,0.8937822842930936,0.7143231733686903,0.8605197189632628,0.6779605892481347,0.8254709620516273,0.0027673164727704666,0.17150384187698364,0.07009476143591781,0.002943633481034113,11,1.0
student_kdB_s0,val,ge5,near,,191366,10483,0.9510257830544611,0.9247732406794771,0.6562874508101899,0.9119526853000095,0.6311481484454281,0.723232701951388,0.8584374701898312,0.6985511313442323,0.0027673164727704666,0.17150384187698364,0.07009476143591781,0.002943633481034113,11,1.0
student_kdB_s0,val,ge5,far,,191366,41787,0.9510257830544611,0.9247732406794771,0.767368173688896,0.8892239213152415,0.7351890834907511,0.894960568972488,0.6326848062794649,0.8573110220058143,0.0027673164727704666,0.17150384187698364,0.07009476143591781,0.002943633481034113,11,1.0
student_kdB_s0,test_w16-19,all,all,,100000,100000,0.93389,0.9052964139377346,0.6720594501000001,0.90744,0.6331408119999999,0.7618981356,0.74905,0.7196706445,0.004619538270235053,0.28117746114730835,0.0950608751922823,0.005334749167650826,11,3.5
student_kdB_s0,test_w16-19,all,near,,100000,11980,0.93389,0.9052964139377346,0.7151646840567613,0.8959098497495827,0.6729292178631051,0.8246684883138564,0.7712020033388982,0.7775214207011686,0.004619538270235053,0.28117746114730835,0.0950608751922823,0.005334749167650826,11,3.5
student_kdB_s0,test_w16-19,all,far,,100000,88020,0.93389,0.9052964139377346,0.6661925936718928,0.9090093160645308,0.6277253938877527,0.7533547497159736,0.746034992047262,0.7117968396955238,0.004619538270235053,0.28117746114730835,0.0950608751922823,0.005334749167650826,11,3.5
student_kdB_s0,test_w16-19,ge5,all,,96085,89545,0.941916011864495,0.9136989440156934,0.6987480970508559,0.9007426433636719,0.6647980689222901,0.795769578855861,0.726751912446256,0.7585310648676057,0.003835085911985797,0.2505154609680176,0.08448535808122005,0.004356748171705674,11,3.5
student_kdB_s0,test_w16-19,ge5,near,,96085,11402,0.941916011864495,0.9136989440156934,0.7224023584187453,0.8952815295562182,0.6868306139400687,0.8400461377250164,0.7681985616558499,0.7996085230001352,0.003835085911985797,0.2505154609680176,0.08448535808122005,0.004356748171705674,11,3.5
student_kdB_s0,test_w16-19,ge5,far,,96085,78143,0.941916011864495,0.9136989440156934,0.6952966568947745,0.9015394853025863,0.6615832566128993,0.7893090984004638,0.720704349717825,0.7525373715409213,0.003835085911985797,0.2505154609680176,0.08448535808122005,0.004356748171705674,11,3.5
student_kdB_s0,test_w20-23,all,all,,100000,100000,0.92163,0.8828858953679912,0.6690113078,0.90204,0.6240253458999999,0.75454429935,0.74422,0.7052404855000001,0.008909675380885624,0.3400333523750305,0.11446659320359735,0.007810625391148306,11,7.5
student_kdB_s0,test_w20-23,all,near,,100000,13417,0.92163,0.8828858953679912,0.7048862692852351,0.8943877170753521,0.65691908325259,0.8191214664231945,0.7752105537750615,0.764536225683834,0.008909675380885624,0.3400333523750305,0.11446659320359735,0.007810625391148306,11,7.5
student_kdB_s0,test_w20-23,all,far,,100000,86583,0.92163,0.8828858953679912,0.6634520830301561,0.9032258064516129,0.618928095007103,0.7445373482092328,0.7394176685954518,0.6960519502673734,0.008909675380885624,0.3400333523750305,0.11446659320359735,0.007810625391148306,11,7.5
student_kdB_s0,test_w20-23,ge5,all,,95941,89776,0.9287061840089221,0.8897950044712929,0.6971088095055619,0.8957739262163608,0.6559325464695023,0.7902457224437662,0.7231888255212975,0.7445327714105898,0.009283748286119227,0.3148425221443176,0.10453410199794964,0.0066185328376658584,11,7.5
student_kdB_s0,test_w20-23,ge5,near,,95941,12762,0.9287061840089221,0.8897950044712929,0.7111087595901598,0.8960977903149977,0.6690221242430537,0.8341507523002455,0.7725278169565899,0.7852891761736611,0.009283748286119227,0.3148425221443176,0.10453410199794964,0.0066185328376658584,11,7.5
student_kdB_s0,test_w20-23,ge5,far,,95941,77014,0.9287061840089221,0.8897950044712929,0.6947888759482915,0.8957202586542706,0.6537634708268131,0.782970214211128,0.7150128548056197,0.7377790222534715,0.009283748286119227,0.3148425221443176,0.10453410199794964,0.0066185328376658584,11,7.5
student_kdB_s0,test_w24-27,all,all,,100000,100000,0.90909,0.8482738796358601,0.6698318909500001,0.90856,0.6186085796000002,0.7468720345,0.76623,0.6913110687000001,0.013617893250733596,0.4177223742008209,0.13354072469945816,0.010556919915831594,11,11.5
student_kdB_s0,test_w24-27,all,near,,100000,12494,0.90909,0.8482738796358601,0.697939643829038,0.9119577397150632,0.6440846102129022,0.8184419597406755,0.7807747718905075,0.755942938210341,0.013617893250733596,0.4177223742008209,0.13354072469945816,0.010556919915831594,11,11.5
student_kdB_s0,test_w24-27,all,far,,100000,87506,0.90909,0.8482738796358601,0.6658187002605536,0.9080748748657235,0.6149711430073367,0.7366533678262062,0.7641533152012433,0.6820830091650858,0.013617893250733596,0.4177223742008209,0.13354072469945816,0.010556919915831594,11,11.5
student_kdB_s0,test_w24-27,ge5,all,,96204,89771,0.915647998004241,0.8537746165552365,0.6965060737255696,0.9019727974512928,0.6484733769213241,0.7829016472341352,0.7471566541533458,0.7301739458548417,0.013554297470931504,0.3878016173839569,0.12443871096684787,0.00933248180559166,11,11.5
student_kdB_s0,test_w24-27,ge5,near,,96204,11977,0.915647998004241,0.8537746165552365,0.7030480839075277,0.9122484762461385,0.6546907352712368,0.8322093545843676,0.7802454704850964,0.7750804343516958,0.013554297470931504,0.3878016173839569,0.12443871096684787,0.00933248180559166,11,11.5
student_kdB_s0,test_w24-27,ge5,far,,96204,77794,0.915647998004241,0.8537746165552365,0.6954988796495574,0.900390775638224,0.6475161655559628,0.7753103367097538,0.7420623698485744,0.7232602376931992,0.013554297470931504,0.3878016173839569,0.12443871096684787,0.00933248180559166,11,11.5
student_kdB_s0,test_w28-31,all,all,,100000,100000,0.88344,0.7847440030984609,0.6857653655,0.8994,0.6171384232000001,0.7585408753499998,0.79811,0.6849942544000001,0.025122231533676355,0.6007479429244995,0.17000272199558666,0.016249466558493946,11,15.5
student_kdB_s0,test_w28-31,all,near,,100000,15990,0.88344,0.7847440030984609,0.693383555347092,0.9220137585991245,0.624151033771107,0.804227842401501,0.8033145716072545,0.7246631044402753,0.025122231533676355,0.6007479429244995,0.17000272199558666,0.016249466558493946,11,15.5
student_kdB_s0,test_w28-31,all,far,,100000,84010,0.88344,0.7847440030984609,0.6843153612665159,0.8950958219259612,0.6158036815855256,0.7498450700511844,0.7971193905487441,0.6774439042971075,0.025122231533676355,0.6007479429244995,0.17000272199558666,0.016249466558493946,11,15.5
student_kdB_s0,test_w28-31,ge5,all,,95576,94669,0.8903804302335314,0.7901777007885438,0.692258506647714,0.8991327678543134,0.6292249872510695,0.7705878483132761,0.7960261542849296,0.7024827396989172,0.024804296628444605,0.5664032101631165,0.1604126059529108,0.014647941402730898,11,15.5
student_kdB_s0,test_w28-31,ge5,near,,95576,15420,0.8903804302335314,0.7901777007885438,0.6955868375695639,0.9241245136186771,0.6326467195363612,0.8142865462075962,0.804798962386511,0.7407246996217731,0.024804296628444605,0.5664032101631165,0.1604126059529108,0.014647941402730898,11,15.5
student_kdB_s0,test_w28-31,ge5,far,,95576,79249,0.8903804302335314,0.7901777007885438,0.6916108913741468,0.894269959242388,0.6285591982589155,0.7620851047893146,0.7943191712198261,0.6950417496295102,0.024804296628444605,0.5664032101631165,0.1604126059529108,0.014647941402730898,11,15.5
student_kdB_s0,test_w32-35,all,all,,100000,100000,0.85526,0.7479461925928212,0.68938742985,0.89662,0.6057992654,0.7498232704500001,0.79686,0.6598954735,0.043172299336493046,0.7499404549598694,0.21305738981611208,0.024866960314100392,11,19.5
student_kdB_s0,test_w32-35,all,near,,100000,16559,0.85526,0.7479461925928212,0.6989175134368018,0.9265656138655716,0.6144552847394167,0.8023546213539465,0.819614711033275,0.7046672486261248,0.043172299336493046,0.7499404549598694,0.21305738981611208,0.024866960314100392,11,19.5
student_kdB_s0,test_w32-35,all,far,,100000,83441,0.85526,0.7479461925928212,0.6874961695089944,0.8906772449994607,0.6040814645078558,0.7393983397849977,0.7923442911758009,0.6510104430675566,0.043172299336493046,0.7499404549598694,0.21305738981611208,0.024866960314100392,11,19.5
student_kdB_s0,test_w32-35,ge5,all,,95262,94615,0.8633557976947787,0.7530019713507454,0.6949078368340063,0.8966654335993236,0.6175851221011656,0.761481808709675,0.7931089150768905,0.6780874390476731,0.04160582280220816,0.6989288330078125,0.20118098043956373,0.022566450952953773,11,19.5
student_kdB_s0,test_w32-35,ge5,near,,95262,16006,0.8633557976947787,0.7530019713507454,0.6997017915378162,0.9294639510183681,0.6225532223037658,0.811319670942401,0.8213794826939897,0.7210442210118594,0.04160582280220816,0.6989288330078125,0.20118098043956373,0.022566450952953773,11,19.5
student_kdB_s0,test_w32-35,ge5,far,,95262,78609,0.8633557976947787,0.7530019713507454,0.6939317140110576,0.8899871515984175,0.616573540579421,0.7513340543444367,0.7873525932145174,0.6693407783330123,0.04160582280220816,0.6989288330078125,0.20118098043956373,0.022566450952953773,11,19.5
student_kdB_s0,test_w36-39,all,all,,100000,100000,0.83725,0.7331612060179516,0.66048501475,0.9125,0.5684092504,0.7093891909,0.81367,0.6117647154,0.05436150080084797,0.806401789188385,0.23919260254427968,0.03204553054256152,11,23.5
student_kdB_s0,test_w36-39,all,near,,100000,12548,0.83725,0.7331612060179516,0.6871114918712146,0.9160822441823399,0.5905763795027097,0.7919871055148231,0.797497609180746,0.6808879550525981,0.05436150080084797,0.806401789188385,0.23919260254427968,0.03204553054256152,11,23.5
student_kdB_s0,test_w36-39,all,far,,100000,87452,0.83725,0.7331612060179516,0.6566645299707268,0.9119860037506289,0.5652286126103463,0.6975376765539953,0.8159904862095778,0.6018466070530119,0.05436150080084797,0.806401789188385,0.23919260254427968,0.03204553054256152,11,23.5
student_kdB_s0,test_w36-39,ge5,all,,95184,91735,0.8478210623634225,0.738336774840518,0.6773077253816834,0.9096310023437074,0.5910507566619092,0.733888801758132,0.8052106611435113,0.6430505680984908,0.050185477219873965,0.7466492652893066,0.22362104228018054,0.028976381036334556,11,23.5
student_kdB_s0,test_w36-39,ge5,near,,95184,12085,0.8478210623634225,0.738336774840518,0.6896837698599732,0.9189077368638808,0.601832908365431,0.8021373145325114,0.7976830781961108,0.7006141222595899,0.050185477219873965,0.7466492652893066,0.22362104228018054,0.028976381036334556,11,23.5
student_kdB_s0,test_w36-39,ge5,far,,95184,79650,0.8478210623634225,0.738336774840518,0.675429953912504,0.9082234777150031,0.5894148206501443,0.7235337072587174,0.8063527934714375,0.6343166628626227,0.050185477219873965,0.7466492652893066,0.22362104228018054,0.028976381036334556,11,23.5
student_kdB_s0,test_w40-43,all,all,,100000,100000,0.82934,0.7298643510332579,0.67048452095,0.90654,0.5709143846,0.7127474049000001,0.81098,0.6092600212999999,0.06017072055697442,0.871256411075592,0.251660271160044,0.03547217831996741,11,27.5
student_kdB_s0,test_w40-43,all,near,,100000,10904,0.82934,0.7298643510332579,0.6776902746698459,0.9138848129126926,0.577092961298606,0.7834600884996331,0.8045671313279531,0.6681795827219368,0.06017072055697442,0.871256411075592,0.251660271160044,0.03547217831996741,11,27.5
student_kdB_s0,test_w40-43,all,far,,100000,89096,0.82934,0.7298643510332579,0.6696026459100297,0.9056411062225016,0.5701582204588309,0.7040932441972704,0.8117648379276287,0.6020491600071832,0.06017072055697442,0.871256411075592,0.251660271160044,0.03547217831996741,11,27.5
student_kdB_s0,test_w40-43,ge5,all,,95288,93977,0.8391612794895474,0.7370600307476243,0.6778411552284035,0.9061472487949179,0.5852081425950698,0.7255335295614673,0.8061972610319547,0.6298578174328925,0.057321891632506825,0.8135682940483093,0.23780616880301292,0.03249120655087025,11,27.5
student_kdB_s0,test_w40-43,ge5,near,,95288,10557,0.8391612794895474,0.7370600307476243,0.6775619452502655,0.9161693662972435,0.585374572902543,0.790475979205822,0.8054371507056929,0.6844743226671985,0.057321891632506825,0.8135682940483093,0.23780616880301292,0.03249120655087025,11,27.5
student_kdB_s0,test_w40-43,ge5,far,,95288,83420,0.8391612794895474,0.7370600307476243,0.6778764899171975,0.9048789259170462,0.5851870804426363,0.7173149076375228,0.8062934548070008,0.6229459684067769,0.057321891632506825,0.8135682940483093,0.23780616880301292,0.03249120655087025,11,27.5
student_kdB_s0,test_w44-47,all,all,,100000,100000,0.80368,0.697747404939141,0.6401382197500001,0.91687,0.5332500683,0.6843535862999999,0.84363,0.5734905703000001,0.07648619870513675,1.0944437980651855,0.2922012292758193,0.04749301703702294,11,31.5
student_kdB_s0,test_w44-47,all,near,,100000,10628,0.80368,0.697747404939141,0.6566651110274746,0.9335716974030862,0.5468641832894242,0.7572406619307489,0.8430560782837787,0.6329995389537072,0.07648619870513675,1.0944437980651855,0.2922012292758193,0.04749301703702294,11,31.5
student_kdB_s0,test_w44-47,all,far,,100000,89372,0.80368,0.697747404939141,0.6381728637045159,0.9148838562413284,0.5316310957570604,0.6756859516962808,0.8436982500111891,0.5664138424786286,0.07648619870513675,1.0944437980651855,0.2922012292758193,0.04749301703702294,11,31.5
student_kdB_s0,test_w44-47,ge5,all,,94936,92436,0.8128107356534929,0.704738063631983,0.6499232345637777,0.9147518282920074,0.5485593602758657,0.6991987905055841,0.8380176554589122,0.5950348563315171,0.07393254490808283,1.0361533164978027,0.27857097654638796,0.043435938828902974,11,31.5
student_kdB_s0,test_w44-47,ge5,near,,94936,10310,0.8128107356534929,0.704738063631983,0.6541883880401903,0.9369544131910766,0.5527625625088016,0.7599002762757648,0.8446168768186227,0.6452906167344388,0.07393254490808283,1.0361533164978027,0.27857097654638796,0.043435938828902974,11,31.5
student_kdB_s0,test_w44-47,ge5,far,,94936,82126,0.8128107356534929,0.704738063631983,0.6493877922879843,0.9119645422886784,0.5480316952852224,0.6915783984459374,0.8371891970874022,0.5887258081646258,0.07393254490808283,1.0361533164978027,0.27857097654638796,0.043435938828902974,11,31.5
student_kdB_s0,test_w48-51,all,all,,100000,100000,0.79363,0.6871188242202675,0.63299656695,0.91994,0.5239243245,0.6856514254,0.85488,0.5704288459,0.08575665408685806,1.2062567472457886,0.3074162881728654,0.04984095509184598,11,35.333333333333336
student_kdB_s0,test_w48-51,all,near,,100000,10972,0.79363,0.6871188242202675,0.6627000182282172,0.9360189573459715,0.5476472156398104,0.7693188065074735,0.8516223113379512,0.6374928226394457,0.08575665408685806,1.2062567472457886,0.3074162881728654,0.04984095509184598,11,35.333333333333336
student_kdB_s0,test_w48-51,all,far,,100000,89028,0.79363,0.6871188242202675,0.6293358504627757,0.9179583951116502,0.5210006649593385,0.6753400794693805,0.8552814844767939,0.5621637388237407,0.08575665408685806,1.2062567472457886,0.3074162881728654,0.04984095509184598,11,35.333333333333336
student_kdB_s0,test_w48-51,ge5,all,,94668,93780,0.8038513542062787,0.6946068524572935,0.6366860980565429,0.920046918319471,0.5350892554314451,0.6928617708321141,0.8542653017701002,0.5870494253489423,0.08157613922623412,1.1324965953826904,0.29015009944783615,0.044275021288952894,11,35.333333333333336
student_kdB_s0,test_w48-51,ge5,near,,94668,10675,0.8038513542062787,0.6946068524572935,0.6592618933328346,0.9385480093676815,0.5538246408575503,0.7708465992183308,0.8576112412177986,0.6502625776917018,0.08157613922623412,1.1324965953826904,0.29015009944783615,0.044275021288952894,11,35.333333333333336
student_kdB_s0,test_w48-51,ge5,far,,94668,83105,0.8038513542062787,0.6946068524572935,0.6337861929416351,0.9176704169424222,0.5326826584827216,0.682844466903074,0.8538355092954696,0.5789295721360315,0.08157613922623412,1.1324965953826904,0.29015009944783615,0.044275021288952894,11,35.333333333333336
student_kdB_s1,val,all,all,,200000,53779,0.94136,0.9124134981297947,0.7401269751668866,0.8759924877740382,0.7006622172223358,0.8405995561464513,0.7025976682348128,0.7977561606761004,0.002903117678016462,0.21045133471488953,0.08368429087164854,0.004036088178461813,11,1.0
student_kdB_s1,val,all,near,,200000,10959,0.94136,0.9124134981297947,0.6503387498859385,0.8807372935486815,0.6172168204215712,0.7039217836937677,0.850442558627612,0.6721004384524134,0.002903117678016462,0.21045133471488953,0.08368429087164854,0.004036088178461813,11,1.0
student_kdB_s1,val,all,far,,200000,42820,0.94136,0.9124134981297947,0.763106637961233,0.8747781410555815,0.7220185484586641,0.8755797455044372,0.6647594581971041,0.8299154567958897,0.002903117678016462,0.21045133471488953,0.08368429087164854,0.004036088178461813,11,1.0
student_kdB_s1,val,ge5,all,,191366,52270,0.9504666450675668,0.9237699477841308,0.7428563147308048,0.8774249091256935,0.7111588778879423,0.8478626436614747,0.7048019896690262,0.8131460064002995,0.002429222524421205,0.1740412563085556,0.07117700655024968,0.0030624828617685446,11,1.0
student_kdB_s1,val,ge5,near,,191366,10483,0.9504666450675668,0.9237699477841308,0.6563359942508017,0.8796146141371745,0.6299989326798712,0.7145448669446338,0.8499475341028332,0.689713400752895,0.002429222524421205,0.1740412563085556,0.07117700655024968,0.0030624828617685446,11,1.0
student_kdB_s1,val,ge5,far,,191366,41787,0.9504666450675668,0.9237699477841308,0.764561450768134,0.8768755833153852,0.7315192700102819,0.8813077403021197,0.6683896905736234,0.8441112349403177,0.002429222524421205,0.1740412563085556,0.07117700655024968,0.0030624828617685446,11,1.0
student_kdB_s1,test_w16-19,all,all,,100000,100000,0.93223,0.9028879167880279,0.6768141366999999,0.88984,0.6361995604999999,0.7601278408000001,0.73584,0.7168841713000002,0.004741056159958268,0.26865848898887634,0.09684620015209752,0.0054558886778865055,11,3.5
student_kdB_s1,test_w16-19,all,near,,100000,11980,0.93223,0.9028879167880279,0.7367911949081803,0.8409849749582637,0.6913884298831385,0.8314583497495827,0.7097662771285476,0.7823330317195325,0.004741056159958268,0.26865848898887634,0.09684620015209752,0.0054558886778865055,11,3.5
student_kdB_s1,test_w16-19,all,far,,100000,88020,0.93223,0.9028879167880279,0.6686509333674164,0.8964894342194956,0.6286880556691661,0.7504193711656442,0.7393887752783458,0.7079762259713702,0.004741056159958268,0.26865848898887634,0.09684620015209752,0.0054558886778865055,11,3.5
student_kdB_s1,test_w16-19,ge5,all,,96085,89545,0.9405422282354166,0.9112988673654353,0.7037081932426976,0.8823719917359987,0.6685741434599375,0.7946145673123443,0.7133731643307835,0.7565485585741816,0.003895327185358702,0.2376912534236908,0.08586004930504199,0.004419199510524803,11,3.5
student_kdB_s1,test_w16-19,ge5,near,,96085,11402,0.9405422282354166,0.9112988673654353,0.7496822523383153,0.8379231713734433,0.7110495290737624,0.8481078559949327,0.703560778810735,0.8058750667477563,0.003895327185358702,0.2376912534236908,0.08586004930504199,0.004419199510524803,11,3.5
student_kdB_s1,test_w16-19,ge5,far,,96085,78143,0.9405422282354166,0.9112988673654353,0.6970000271650166,0.8888576072072994,0.6623764757639337,0.7868092555434223,0.7148049089489782,0.7493512300073863,0.003895327185358702,0.2376912534236908,0.08586004930504199,0.004419199510524803,11,3.5
student_kdB_s1,test_w20-23,all,all,,100000,100000,0.92249,0.8826202855514199,0.6749880484999999,0.89226,0.6290613915000002,0.7542348885,0.74125,0.7049785103999999,0.008153694015741354,0.3309268653392792,0.11130556372782258,0.00723062274959796,11,7.5
student_kdB_s1,test_w20-23,all,near,,100000,13417,0.92249,0.8826202855514199,0.7306029768204517,0.8539912051874488,0.679630366698964,0.8243588268614445,0.7257211000968921,0.7691737295967802,0.008153694015741354,0.3309268653392792,0.11130556372782258,0.00723062274959796,11,7.5
student_kdB_s1,test_w20-23,all,far,,100000,86583,0.92249,0.8826202855514199,0.6663698960534977,0.8981901759005809,0.621225165679175,0.7433684033817262,0.7436563759629489,0.6950307463358858,0.008153694015741354,0.3309268653392792,0.11130556372782258,0.00723062274959796,11,7.5
student_kdB_s1,test_w20-23,ge5,all,,95941,89776,0.930123721870733,0.8894178955794286,0.7030609101378993,0.8852254500089111,0.6618094555866126,0.7904920683655067,0.7199808412047763,0.7454452839164425,0.008282659713593703,0.3042689263820648,0.10087634061856691,0.0060258007732725315,11,7.5
student_kdB_s1,test_w20-23,ge5,near,,95941,12762,0.930123721870733,0.8894178955794286,0.7420836319145045,0.8528443817583451,0.6973122541858375,0.840247206759902,0.7197931358721203,0.7912909017124173,0.008282659713593703,0.3042689263820648,0.10087634061856691,0.0060258007732725315,11,7.5
student_kdB_s1,test_w20-23,ge5,far,,95941,77014,0.930123721870733,0.8894178955794286,0.6965944498149315,0.8905913210585088,0.6559262821931608,0.7822471378828764,0.7200119458799699,0.7378482006028602,0.008282659713593703,0.3042689263820648,0.10087634061856691,0.0060258007732725315,11,7.5
student_kdB_s1,test_w24-27,all,all,,100000,100000,0.91075,0.8501594577306415,0.6746176762,0.90677,0.6223552981999999,0.7449565559,0.76052,0.6898920327000001,0.015162846365496491,0.4070742130279541,0.1281863416137973,0.009425958286417216,11,11.5
student_kdB_s1,test_w24-27,all,near,,100000,12494,0.91075,0.8501594577306415,0.739643975908436,0.8777813350408196,0.6805833416039699,0.8278050320153674,0.7138626540739555,0.7643944957579638,0.015162846365496491,0.4070742130279541,0.1281863416137973,0.009425958286417216,11,11.5
student_kdB_s1,test_w24-27,all,far,,100000,87506,0.91075,0.8501594577306415,0.6653333004022581,0.9109089662423148,0.6140415691495441,0.7331275514821841,0.7671816789705849,0.6792546618517586,0.015162846365496491,0.4070742130279541,0.1281863416137973,0.009425958286417216,11,11.5
student_kdB_s1,test_w24-27,ge5,all,,96204,89771,0.9172591576233836,0.8549885065741968,0.703347338521883,0.9010259437903109,0.6543615285107047,0.7814554735659844,0.7400608214233996,0.7292381180587695,0.01500109640619575,0.3768896758556366,0.1188491853380706,0.008223367425963624,11,11.5
student_kdB_s1,test_w24-27,ge5,near,,96204,11977,0.9172591576233836,0.8549885065741968,0.7503793274663303,0.8786006512482257,0.6964160631328267,0.8428238804673047,0.7076062453034984,0.784595495141692,0.01500109640619575,0.3768896758556366,0.1188491853380706,0.008223367425963624,11,11.5
student_kdB_s1,test_w24-27,ge5,far,,96204,77794,0.9172591576233836,0.8549885065741968,0.6961063927987212,0.9044784944854359,0.647886901146523,0.772007323201469,0.7450574594441731,0.7207154131545075,0.01500109640619575,0.3768896758556366,0.1188491853380706,0.008223367425963624,11,11.5
student_kdB_s1,test_w28-31,all,all,,100000,100000,0.88699,0.7875789650198295,0.6855432619999999,0.90303,0.6171834120999999,0.7554667290999999,0.78079,0.6846352159000001,0.027510629662871322,0.5846730470657349,0.16415447651231774,0.01493045548042781,11,15.5
student_kdB_s1,test_w28-31,all,near,,100000,15990,0.88699,0.7875789650198295,0.7230768208255159,0.8939337085678549,0.6496979455909945,0.8135060634771731,0.7191994996873046,0.7347408849280799,0.027510629662871322,0.5846730470657349,0.16415447651231774,0.01493045548042781,11,15.5
student_kdB_s1,test_w28-31,all,far,,100000,84010,0.88699,0.7875789650198295,0.6783993314486371,0.90476133793596,0.6109947751458161,0.7444198423401975,0.7925127960957029,0.6750983792405666,0.027510629662871322,0.5846730470657349,0.16415447651231774,0.01493045548042781,11,15.5
student_kdB_s1,test_w28-31,ge5,all,,95576,94669,0.8938750313886331,0.7926386276409623,0.6926484891971516,0.9030411222258606,0.6300841217047789,0.7671360313526272,0.7772026745819646,0.7017899621162063,0.026875146880379154,0.5485389232635498,0.1542133557948302,0.013350996488185753,11,15.5
student_kdB_s1,test_w28-31,ge5,near,,95576,15420,0.8938750313886331,0.7926386276409623,0.7301473857136204,0.896757457846952,0.6625899692133556,0.8250151572628873,0.7192607003891051,0.7520415836014599,0.026875146880379154,0.5485389232635498,0.1542133557948302,0.013350996488185753,11,15.5
student_kdB_s1,test_w28-31,ge5,far,,95576,79249,0.8938750313886331,0.7926386276409623,0.6853520818698168,0.9042637761990687,0.6237592448157045,0.7558741085329549,0.7884768262060089,0.6920121730803497,0.026875146880379154,0.5485389232635498,0.1542133557948302,0.013350996488185753,11,15.5
student_kdB_s1,test_w32-35,all,all,,100000,100000,0.85538,0.7488872653182364,0.6816049325,0.90184,0.5971109385,0.74478214205,0.78551,0.6550811905,0.04631797290712594,0.7633399963378906,0.21002521620740416,0.02344957603852557,11,19.5
student_kdB_s1,test_w32-35,all,near,,100000,16559,0.85538,0.7488872653182364,0.7313747487771002,0.8886406183948306,0.638366219578477,0.8137036536022708,0.7240775409143064,0.7123001262153512,0.04631797290712594,0.7633399963378906,0.21002521620740416,0.02344957603852557,11,19.5
student_kdB_s1,test_w32-35,all,far,,100000,83441,0.85538,0.7488872653182364,0.6717280328016204,0.90445943840558,0.5889237619395742,0.7311045577713593,0.7977013698301794,0.6437260011265445,0.04631797290712594,0.7633399963378906,0.21002521620740416,0.02344957603852557,11,19.5
student_kdB_s1,test_w32-35,ge5,all,,95262,94615,0.8634607713463921,0.7532417188359393,0.6880128399323849,0.9021191143053428,0.6094598371646587,0.755504828220474,0.7818210643132696,0.6723943810264273,0.0438051523456525,0.7144643664360046,0.19805333486995286,0.021168727531064652,11,19.5
student_kdB_s1,test_w32-35,ge5,near,,95262,16006,0.8634607713463921,0.7532417188359393,0.7380098453716207,0.8912907659627639,0.6512017910406899,0.8242791240424518,0.7240409846307635,0.7298755108244415,0.0438051523456525,0.7144643664360046,0.19805333486995286,0.021168727531064652,11,19.5
student_kdB_s1,test_w32-35,ge5,far,,95262,78609,0.8634607713463921,0.7532417188359393,0.6778326815655261,0.9043239323741556,0.6009605341110672,0.7415013250729138,0.7935859761604905,0.6606903399681898,0.0438051523456525,0.7144643664360046,0.19805333486995286,0.021168727531064652,11,19.5
student_kdB_s1,test_w36-39,all,all,,100000,100000,0.83288,0.7322933419704377,0.6529766780499998,0.91621,0.5578411121,0.70834882635,0.81139,0.6085160648,0.06119430971533056,0.8202409148216248,0.24051520090810197,0.030500961451403314,11,23.5
student_kdB_s1,test_w36-39,all,near,,100000,12548,0.83288,0.7322933419704377,0.7216578606152375,0.9031718202103921,0.6136194349697164,0.8064144556901499,0.7442620337902455,0.6891661149187123,0.06119430971533056,0.8202409148216248,0.24051520090810197,0.030500961451403314,11,23.5
student_kdB_s1,test_w36-39,all,far,,100000,87452,0.83288,0.7322933419704377,0.643121998010337,0.9180807757398344,0.5498377914741801,0.6942779358390888,0.8210218176828432,0.5969440386726433,0.06119430971533056,0.8202409148216248,0.24051520090810197,0.030500961451403314,11,23.5
student_kdB_s1,test_w36-39,ge5,all,,95184,91735,0.8432194486468314,0.7372724287384895,0.6718350464307526,0.9155066223360767,0.5815712794917113,0.7320404941933764,0.8037172289747643,0.6388408157993222,0.05681193734702818,0.7659696340560913,0.22590158178576097,0.027497972181423923,11,23.5
student_kdB_s1,test_w36-39,ge5,near,,95184,12085,0.8432194486468314,0.7372724287384895,0.7309424637761894,0.9050062060405462,0.6301465104748798,0.8184218152253053,0.7437318990484071,0.7101878152268354,0.05681193734702818,0.7659696340560913,0.22590158178576097,0.027497972181423923,11,23.5
student_kdB_s1,test_w36-39,ge5,far,,95184,79650,0.8432194486468314,0.7372724287384895,0.6628668965422454,0.9170998116760829,0.5742011392979687,0.7189341757417648,0.8128185812931575,0.6280155993764533,0.05681193734702818,0.7659696340560913,0.22590158178576097,0.027497972181423923,11,23.5
student_kdB_s1,test_w40-43,all,all,,100000,100000,0.82706,0.7292480577036342,0.6603480986999999,0.91199,0.5578577021000001,0.7097824319000001,0.814,0.6047008414,0.0655943325343728,0.8668329119682312,0.25071190034118523,0.03354788789883486,11,27.5
student_kdB_s1,test_w40-43,all,near,,100000,10904,0.82706,0.7292480577036342,0.7162943369405723,0.9011371973587674,0.6031473752751283,0.7990960344827587,0.7563279530447542,0.6778971322450477,0.0655943325343728,0.8668329119682312,0.25071190034118523,0.03354788789883486,11,27.5
student_kdB_s1,test_w40-43,all,far,,100000,89096,0.82706,0.7292480577036342,0.6535011270988598,0.9133182185507767,0.5523149325446709,0.6988518006420041,0.8210581844302774,0.5957427248136842,0.0655943325343728,0.8668329119682312,0.25071190034118523,0.03354788789883486,11,27.5
student_kdB_s1,test_w40-43,ge5,all,,95288,93977,0.836579632272689,0.7369637003453189,0.6682811859819757,0.9136703661534206,0.5719826103682615,0.7214656489231476,0.810602594251785,0.6240667032222564,0.06231812746605338,0.8127137422561646,0.2374383322788367,0.030605233740755095,11,27.5
student_kdB_s1,test_w40-43,ge5,near,,95288,10557,0.836579632272689,0.7369637003453189,0.7217439634521535,0.9069811499479019,0.6156962626264145,0.8078120283215414,0.7573174197215118,0.695275160186622,0.06231812746605338,0.8127137422561646,0.2374383322788367,0.030605233740755095,11,27.5
student_kdB_s1,test_w40-43,ge5,far,,95288,83420,0.836579632272689,0.7369637003453189,0.6615153439566499,0.9145169024214816,0.5664505433952417,0.710538308629347,0.8173459602013906,0.6150551031242847,0.06231812746605338,0.8127137422561646,0.2374383322788367,0.030605233740755095,11,27.5
student_kdB_s1,test_w44-47,all,all,,100000,100000,0.80375,0.6971264378964895,0.6268877940999998,0.92524,0.5203295763,0.67767119935,0.85261,0.5678705914000001,0.07733824933722616,1.0710591077804565,0.28820445757820146,0.04437922717716393,11,31.5
student_kdB_s1,test_w44-47,all,near,,100000,10628,0.80375,0.6971264378964895,0.693506247647723,0.9235039518253669,0.57283185453519,0.775826410895747,0.8051373729770418,0.6464186234474971,0.07733824933722616,1.0710591077804565,0.28820445757820146,0.04437922717716393,11,31.5
student_kdB_s1,test_w44-47,all,far,,100000,89372,0.80375,0.6971264378964895,0.6189656157409479,0.9254464485521192,0.5140860748332812,0.6659987114532516,0.8582553819988363,0.5585297633486999,0.07733824933722616,1.0710591077804565,0.28820445757820146,0.04437922717716393,11,31.5
student_kdB_s1,test_w44-47,ge5,all,,94936,92436,0.812863402713407,0.7048129112544784,0.6384344916497433,0.9245856592669522,0.5367441226706255,0.6920049863879637,0.8492686831970228,0.5890594302561192,0.07439768960785925,1.0133088827133179,0.27504184708148205,0.040646768523503435,11,31.5
student_kdB_s1,test_w44-47,ge5,near,,94936,10310,0.812863402713407,0.7048129112544784,0.6950674335549103,0.9248302618816683,0.5818443914474988,0.7803417624263815,0.8104752667313289,0.6601763160348895,0.07439768960785925,1.0133088827133179,0.27504184708148205,0.040646768523503435,11,31.5
student_kdB_s1,test_w44-47,ge5,far,,94936,82126,0.812863402713407,0.7048129112544784,0.6313248597299825,0.9245549521467014,0.5310822887679689,0.6809152929783726,0.854138762389499,0.5801315013130424,0.07439768960785925,1.0133088827133179,0.27504184708148205,0.040646768523503435,11,31.5
student_kdB_s1,test_w48-51,all,all,,100000,100000,0.79637,0.6913469373979219,0.6238174610499999,0.93198,0.5172755768,0.68120276865,0.85831,0.5690344973,0.08622510974660517,1.1756845712661743,0.3023745341968022,0.04727636458394359,11,35.333333333333336
student_kdB_s1,test_w48-51,all,near,,100000,10972,0.79637,0.6913469373979219,0.707436083211812,0.9277251184834123,0.5820560608822458,0.7889931557601167,0.7957528253736784,0.6537657300401021,0.08622510974660517,1.1756845712661743,0.3023745341968022,0.04727636458394359,11,35.333333333333336
student_kdB_s1,test_w48-51,all,far,,100000,89028,0.79637,0.6913469373979219,0.6135121242755088,0.9325043806442916,0.5092918922136856,0.6679184521723504,0.8660196792020488,0.5585920400323494,0.08622510974660517,1.1756845712661743,0.3023745341968022,0.04727636458394359,11,35.333333333333336
student_kdB_s1,test_w48-51,ge5,all,,94668,93780,0.8065872311657583,0.6994221787642112,0.629620119736358,0.9329494561740244,0.529705763630716,0.6885354455056516,0.8569737683941139,0.5858454984409356,0.08212692747442304,1.097969651222229,0.28562895215870576,0.042241947134793276,11,35.333333333333336
student_kdB_s1,test_w48-51,ge5,near,,94668,10675,0.8065872311657583,0.6994221787642112,0.7089820429022555,0.9306791569086651,0.5919635993516204,0.7925999328702927,0.8010304449648712,0.6681000768963673,0.08212692747442304,1.097969651222229,0.28562895215870576,0.042241947134793276,11,35.333333333333336
student_kdB_s1,test_w48-51,ge5,far,,94668,83105,0.8065872311657583,0.6994221787642112,0.6194259252860126,0.9332410805607364,0.521708622708742,0.6751681583073177,0.8641597978460983,0.5752797367537719,0.08212692747442304,1.097969651222229,0.28562895215870576,0.042241947134793276,11,35.333333333333336
student_kdB_s2,val,all,all,,200000,53779,0.940235,0.9131812126117587,0.7444097942970305,0.8858476356942301,0.7049132814853382,0.8470006649900519,0.6749474702021235,0.8031512694546199,0.003148808857426061,0.2148812860250473,0.08519602998915958,0.004157151198643328,11,1.0
student_kdB_s2,val,all,near,,200000,10959,0.940235,0.9131812126117587,0.6491483607080938,0.8873984852632539,0.6165109476229583,0.7021070880098549,0.8498038142166257,0.6702535258691487,0.003148808857426061,0.2148812860250473,0.08519602998915958,0.004157151198643328,11,1.0
student_kdB_s2,val,all,far,,200000,42820,0.940235,0.9131812126117587,0.7687902251868284,0.885450723960766,0.7275382505838394,0.8840835400513778,0.6301961700140122,0.8371640291919664,0.003148808857426061,0.2148812860250473,0.08519602998915958,0.004157151198643328,11,1.0
student_kdB_s2,val,ge5,all,,191366,52270,0.9491445711359384,0.9243106223965771,0.7463717064867686,0.889190740386455,0.7144376861408517,0.8548607252556015,0.6777884063516357,0.8189633209483517,0.002883733898533923,0.1784280240535736,0.07277625216595437,0.00315980792545205,11,1.0
student_kdB_s2,val,ge5,near,,191366,10483,0.9491445711359384,0.9243106223965771,0.655796042593663,0.8865782695793188,0.6294987132923818,0.7129650757335149,0.8486120385385862,0.6879559305545696,0.002883733898533923,0.1784280240535736,0.07277625216595437,0.00315980792545205,11,1.0
student_kdB_s2,val,ge5,far,,191366,41787,0.9491445711359384,0.9243106223965771,0.7690941963661913,0.8898461243927537,0.7357461134596472,0.8904577313565428,0.6349343097135473,0.8518288167603987,0.002883733898533923,0.1784280240535736,0.07277625216595437,0.00315980792545205,11,1.0
student_kdB_s2,test_w16-19,all,all,,100000,100000,0.93109,0.8968752568436129,0.67987346855,0.90202,0.6386905543,0.7588306097999999,0.75973,0.7155636400000002,0.005511197714582116,0.28084540367126465,0.09905360361216176,0.005768296611532424,11,3.5
student_kdB_s2,test_w16-19,all,near,,100000,11980,0.93109,0.8968752568436129,0.7197680676126879,0.8951585976627713,0.6751731068447412,0.8262812040901503,0.7257095158597663,0.7773883739565943,0.005511197714582116,0.28084540367126465,0.09905360361216176,0.005768296611532424,11,3.5
student_kdB_s2,test_w16-19,all,far,,100000,88020,0.93109,0.8968752568436129,0.6744435969665986,0.9029538741195183,0.6337250807770963,0.7496502176209953,0.7643603726425813,0.7071489579640992,0.005511197714582116,0.28084540367126465,0.09905360361216176,0.005768296611532424,11,3.5
student_kdB_s2,test_w16-19,ge5,all,,96085,89545,0.9391059998959255,0.9050874453556075,0.7072218771457942,0.8949801775643531,0.6710198215116507,0.7931934594445407,0.7395387793846669,0.7549029643143974,0.005011654868640559,0.25028830766677856,0.08806119141951746,0.004700671108298778,11,3.5
student_kdB_s2,test_w16-19,ge5,near,,96085,11402,0.9391059998959255,0.9050874453556075,0.7298651849809537,0.8940536747938959,0.6916765861645132,0.841742172187428,0.7216277845991931,0.7995139084748687,0.005011654868640559,0.25028830766677856,0.08806119141951746,0.004700671108298778,11,3.5
student_kdB_s2,test_w16-19,ge5,far,,96085,78143,0.9391059998959255,0.9050874453556075,0.7039179472232613,0.8951153654198073,0.6680057520419357,0.7861096205505335,0.7421522081312466,0.7483936930384327,0.005011654868640559,0.25028830766677856,0.08806119141951746,0.004700671108298778,11,3.5
student_kdB_s2,test_w20-23,all,all,,100000,100000,0.91841,0.8715721675867785,0.6779193891999999,0.90292,0.6302839427,0.7551119281500001,0.76098,0.7046895753,0.011818687608242001,0.3697354197502136,0.11849645785885181,0.008300457949884594,11,7.5
student_kdB_s2,test_w20-23,all,near,,100000,13417,0.91841,0.8715721675867785,0.7176348091972871,0.8981888648729224,0.6660564507714094,0.8291300901840948,0.7308638294700753,0.7718401035999106,0.011818687608242001,0.3697354197502136,0.11849645785885181,0.008300457949884594,11,7.5
student_kdB_s2,test_w20-23,all,far,,100000,86583,0.91841,0.8715721675867785,0.6717650426180659,0.9036531420717693,0.6247405942275043,0.7436419897092963,0.7656468359839691,0.6942838531813403,0.011818687608242001,0.3697354197502136,0.11849645785885181,0.008300457949884594,11,7.5
student_kdB_s2,test_w20-23,ge5,all,,95941,89776,0.9260483005180267,0.8780765339943861,0.7068788418001453,0.8961080912493317,0.6635442574442365,0.7913205122829241,0.7416570130101586,0.7451101228540304,0.011937127015704464,0.3444262742996216,0.1079117389582915,0.006982174870276957,11,7.5
student_kdB_s2,test_w20-23,ge5,near,,95941,12762,0.9260483005180267,0.8780765339943861,0.72665149920952,0.8977433004231312,0.6811484870469214,0.8446548568109709,0.7259050305594734,0.7935753277075825,0.011937127015704464,0.3444262742996216,0.1079117389582915,0.006982174870276957,11,7.5
student_kdB_s2,test_w20-23,ge5,far,,95941,77014,0.9260483005180267,0.8780765339943861,0.7036023121580226,0.8958371205235411,0.6606270582572125,0.7824824710843507,0.7442672760796738,0.737078947426952,0.011937127015704464,0.3444262742996216,0.1079117389582915,0.006982174870276957,11,7.5
student_kdB_s2,test_w24-27,all,all,,100000,100000,0.90215,0.835258003323738,0.6756110577,0.91422,0.6180741433,0.7477689594000001,0.77993,0.6885862732,0.02047302138485016,0.46725574135780334,0.14136586936775516,0.011585771901957745,11,11.5
student_kdB_s2,test_w24-27,all,near,,100000,12494,0.90215,0.835258003323738,0.7041940199295662,0.9020329758283976,0.6429159164398911,0.8226253157515607,0.7215463422442773,0.754798854650232,0.02047302138485016,0.46725574135780334,0.14136586936775516,0.011585771901957745,11,11.5
student_kdB_s2,test_w24-27,all,far,,100000,87506,0.90215,0.835258003323738,0.6715300171988206,0.9159600484538203,0.6145272652160993,0.7370810600987361,0.7882659474778873,0.67913252154138,0.02047302138485016,0.46725574135780334,0.14136586936775516,0.011585771901957745,11,11.5
student_kdB_s2,test_w24-27,ge5,all,,96204,89771,0.9083510041162529,0.8400428803705762,0.7013929008846718,0.9085450758039901,0.6465179309853651,0.7827512408569252,0.7625402412805917,0.7260163030856478,0.02060426916239535,0.4418151378631592,0.13238739791678994,0.010300058259762032,11,11.5
student_kdB_s2,test_w24-27,ge5,near,,96204,11977,0.9083510041162529,0.8400428803705762,0.7115578088152111,0.9023127661350923,0.6549506622131736,0.8365142335145314,0.7175419554145446,0.7735680245271567,0.02060426916239535,0.4418151378631592,0.13238739791678994,0.010300058259762032,11,11.5
student_kdB_s2,test_w24-27,ge5,far,,96204,77794,0.9083510041162529,0.8400428803705762,0.6998279331200103,0.9095045890428568,0.6452196454888557,0.7744740040126935,0.7694680823713911,0.7186953404445066,0.02060426916239535,0.4418151378631592,0.13238739791678994,0.010300058259762032,11,11.5
student_kdB_s2,test_w28-31,all,all,,100000,100000,0.87539,0.7698717519565674,0.68318311285,0.90906,0.6084465056,0.75934704075,0.78313,0.6809939017,0.03505205756187437,0.6640132069587708,0.17899795157810408,0.017761480236505707,11,15.5
student_kdB_s2,test_w28-31,all,near,,100000,15990,0.87539,0.7698717519565674,0.7092804496560351,0.908692933083177,0.630119976235147,0.8143045562851782,0.7342714196372733,0.7272650381488431,0.03505205756187437,0.6640132069587708,0.17899795157810408,0.017761480236505707,11,15.5
student_kdB_s2,test_w28-31,all,far,,100000,84010,0.87539,0.7698717519565674,0.6782158897155102,0.9091298654922033,0.6043212967503868,0.7488867303892394,0.7924294726818236,0.6721869088203787,0.03505205756187437,0.6640132069587708,0.17899795157810408,0.017761480236505707,11,15.5
student_kdB_s2,test_w28-31,ge5,all,,95576,94669,0.8817799447560057,0.775071322674649,0.6882827124207451,0.9081536722686413,0.6185820178291653,0.7700472531647303,0.7792096673673536,0.6967062182814682,0.03495872021719256,0.6351476311683655,0.16992534583336344,0.01612373925791574,11,15.5
student_kdB_s2,test_w28-31,ge5,near,,95576,15420,0.8817799447560057,0.775071322674649,0.7147314485307297,0.9103112840466926,0.6406115085195236,0.8249767730221578,0.7352788586251622,0.7431805405782153,0.03495872021719256,0.6351476311683655,0.16992534583336344,0.01612373925791574,11,15.5
student_kdB_s2,test_w28-31,ge5,far,,95576,79249,0.8817799447560057,0.775071322674649,0.6831364075990319,0.9077338515312496,0.6142955947014879,0.7593592546259281,0.7877575742280659,0.687663403232498,0.03495872021719256,0.6351476311683655,0.16992534583336344,0.01612373925791574,11,15.5
student_kdB_s2,test_w32-35,all,all,,100000,100000,0.84639,0.7265929234365007,0.6860696641,0.89319,0.5948769024,0.7513117887,0.77203,0.6552643025,0.05235560968369246,0.8358770608901978,0.22130383033872456,0.02540966358828819,11,19.5
student_kdB_s2,test_w32-35,all,near,,100000,16559,0.84639,0.7265929234365007,0.7204124630110513,0.8838697989008998,0.6224104776858506,0.8192166078869498,0.7221450570686636,0.7104365897699136,0.05235560968369246,0.8358770608901978,0.22130383033872456,0.02540966358828819,11,19.5
student_kdB_s2,test_w32-35,all,far,,100000,83441,0.84639,0.7265929234365007,0.6792542806893493,0.8950396088253976,0.5894128203161516,0.7378359686485062,0.7819297467671769,0.6443152737862682,0.05235560968369246,0.8358770608901978,0.22130383033872456,0.02540966358828819,11,19.5
student_kdB_s2,test_w32-35,ge5,all,,95262,94615,0.8540971216224728,0.7311321548136902,0.6901074925421748,0.8912328911906146,0.6047824769697334,0.7614139103449881,0.7681023093589812,0.6715905165120049,0.05039170424670304,0.7982084155082703,0.20974027328699965,0.023116183447819943,11,19.5
student_kdB_s2,test_w32-35,ge5,near,,95262,16006,0.8540971216224728,0.7311321548136902,0.7253594414964158,0.8848556791203299,0.633372442609745,0.8296659755850988,0.7221666874921904,0.7274416948098494,0.05039170424670304,0.7982084155082703,0.20974027328699965,0.023116183447819943,11,19.5
student_kdB_s2,test_w32-35,ge5,far,,95262,78609,0.8540971216224728,0.7311321548136902,0.6829296541908209,0.8925313895355493,0.5989611207632679,0.7475167413664588,0.7774555076390745,0.6602183586186935,0.05039170424670304,0.7982084155082703,0.20974027328699965,0.023116183447819943,11,19.5
student_kdB_s2,test_w36-39,all,all,,100000,100000,0.82622,0.7100787066891453,0.66198859935,0.90656,0.5605992424,0.71391809515,0.80611,0.6084103216,0.06380470112346114,0.8904609084129333,0.24949638660933607,0.03213780916215144,11,23.5
student_kdB_s2,test_w36-39,all,near,,100000,12548,0.82622,0.7100787066891453,0.7165484774466051,0.8801402613962385,0.6039019365635958,0.8113056510997769,0.7382849856550845,0.6867169540962703,0.06380470112346114,0.8904609084129333,0.24949638660933607,0.03213780916215144,11,23.5
student_kdB_s2,test_w36-39,all,far,,100000,87452,0.82622,0.7100787066891453,0.6541601065727484,0.9103508210218176,0.5543859801948497,0.6999444976101176,0.8158418332342313,0.5971745394044732,0.06380470112346114,0.8904609084129333,0.24949638660933607,0.03213780916215144,11,23.5
student_kdB_s2,test_w36-39,ge5,all,,95184,91735,0.8363380400067238,0.7146429381510728,0.6764773929745471,0.9034828582329536,0.5808491194383377,0.7366297327198522,0.7972747588161553,0.6374623846627219,0.05963200232169671,0.8439422845840454,0.23437704594922334,0.029095317231841538,11,23.5
student_kdB_s2,test_w36-39,ge5,near,,95184,12085,0.8363380400067238,0.7146429381510728,0.7231292740639944,0.882167976830782,0.6181668631721586,0.8230983607874213,0.7400082747207282,0.7071086157243479,0.05963200232169671,0.8439422845840454,0.23437704594922334,0.029095317231841538,11,23.5
student_kdB_s2,test_w36-39,ge5,far,,95184,79650,0.8363380400067238,0.7146429381510728,0.6693990755487347,0.9067168863779034,0.57518703616121,0.7235101674945342,0.8059635907093534,0.6268952195355437,0.05963200232169671,0.8439422845840454,0.23437704594922334,0.029095317231841538,11,23.5
student_kdB_s2,test_w40-43,all,all,,100000,100000,0.82284,0.7121229455958721,0.6708535796,0.90134,0.563556719,0.71777818585,0.79493,0.6081414685000001,0.06525586956024172,0.9362609386444092,0.25656825537529376,0.034522778757597836,11,27.5
student_kdB_s2,test_w40-43,all,near,,100000,10904,0.82284,0.7121229455958721,0.705317648110785,0.8932501834189288,0.5910108749082905,0.8008894185619956,0.7526595744680851,0.6753925376008805,0.06525586956024172,0.9362609386444092,0.25656825537529376,0.034522778757597836,11,27.5
student_kdB_s2,test_w40-43,all,far,,100000,89096,0.82284,0.7121229455958721,0.6666356999753075,0.9023300709347221,0.5601967464308162,0.7076066306568196,0.800103259405585,0.5999109569453173,0.06525586956024172,0.9362609386444092,0.25656825537529376,0.034522778757597836,11,27.5
student_kdB_s2,test_w40-43,ge5,all,,95288,93977,0.8321089748971539,0.71858166775442,0.6759840911134468,0.9001457803505113,0.5755990708501677,0.7289378324354291,0.7907785947625483,0.6267494886969106,0.06220588984735574,0.8933550715446472,0.24319982148789376,0.0316025497041351,11,27.5
student_kdB_s2,test_w40-43,ge5,near,,95288,10557,0.8321089748971539,0.71858166775442,0.7084465242344298,0.896087903760538,0.6017060919129243,0.8092411667079289,0.7540020839253576,0.6921041588189034,0.06220588984735574,0.8933550715446472,0.24319982148789376,0.0316025497041351,11,27.5
student_kdB_s2,test_w40-43,ge5,far,,95288,83420,0.8321089748971539,0.71858166775442,0.6718758927622334,0.9006593143131144,0.5722951650558795,0.7187752539181096,0.7954327499400623,0.6184786992881615,0.06220588984735574,0.8933550715446472,0.24319982148789376,0.0316025497041351,11,27.5
student_kdB_s2,test_w44-47,all,all,,100000,100000,0.79773,0.678347924583957,0.6431851199999999,0.91413,0.5294819298999999,0.6889895995,0.83958,0.5726358894999999,0.08001081781521438,1.1511900424957275,0.29458433364269326,0.04552061154947531,11,31.5
student_kdB_s2,test_w44-47,all,near,,100000,10628,0.79773,0.678347924583957,0.6776168465374482,0.9139066616484757,0.5557433402333458,0.7755485467632668,0.8025969138125706,0.6406550799774182,0.08001081781521438,1.1511900424957275,0.29458433364269326,0.04552061154947531,11,31.5
student_kdB_s2,test_w44-47,all,far,,100000,89372,0.79773,0.678347924583957,0.6390905446336661,0.9141565591012846,0.5263589577272524,0.6786961240097571,0.8439779796804369,0.5645471373584569,0.08001081781521438,1.1511900424957275,0.29458433364269326,0.04552061154947531,11,31.5
student_kdB_s2,test_w44-47,ge5,all,,94936,92436,0.8069752254150164,0.6850340714667595,0.6491210804170765,0.9119174347656757,0.5415298540133004,0.7018998304390969,0.8347397118005971,0.5924953468336914,0.07660558382966631,1.102020025253296,0.2809556762545277,0.041629626203723714,11,31.5
student_kdB_s2,test_w44-47,ge5,near,,94936,10310,0.8069752254150164,0.6850340714667595,0.677572228045284,0.9170708050436469,0.5634303168720045,0.7796465214770856,0.8078564500484966,0.6540339197933907,0.07660558382966631,1.102020025253296,0.2809556762545277,0.041629626203723714,11,31.5
student_kdB_s2,test_w44-47,ge5,far,,94936,82126,0.8069752254150164,0.6850340714667595,0.6455493573081119,0.911270486812946,0.5387804960502529,0.6921396036582763,0.8381146043883788,0.5847698678475666,0.07660558382966631,1.102020025253296,0.2809556762545277,0.041629626203723714,11,31.5
student_kdB_s2,test_w48-51,all,all,,100000,100000,0.78888,0.6654418386905215,0.6405559532499999,0.91886,0.5244036634,0.6905890586,0.84603,0.5703424152,0.08989559974789622,1.237188696861267,0.3106681117619757,0.04832353446302983,11,35.333333333333336
student_kdB_s2,test_w48-51,all,near,,100000,10972,0.78888,0.6654418386905215,0.6842224466824645,0.9176084578928181,0.5567283877141815,0.7855307920160408,0.8057783448778709,0.643264068538097,0.08989559974789622,1.237188696861267,0.3106681117619757,0.04832353446302983,11,35.333333333333336
student_kdB_s2,test_w48-51,all,far,,100000,89028,0.78888,0.6654418386905215,0.6351744017612436,0.9190142427101586,0.5204198956508065,0.6788882375207801,0.8509906995551961,0.5613553956058769,0.08989559974789622,1.237188696861267,0.3106681117619757,0.04832353446302983,11,35.333333333333336
student_kdB_s2,test_w48-51,ge5,all,,94668,93780,0.7999957747073985,0.6722385368446361,0.6419987435544126,0.9187033482618895,0.5341170712697467,0.6972528894977491,0.8416826615483045,0.5871801890988299,0.08458079694228299,1.166664958000183,0.2932121532126545,0.04312501477836859,11,35.333333333333336
student_kdB_s2,test_w48-51,ge5,near,,94668,10675,0.7999957747073985,0.6722385368446361,0.6838084981617998,0.921967213114754,0.565470702048693,0.7883964391173433,0.8079625292740047,0.6576442262069271,0.08458079694228299,1.166664958000183,0.2932121532126545,0.04312501477836859,11,35.333333333333336
student_kdB_s2,test_w48-51,ge5,far,,94668,83105,0.7999957747073985,0.6722385368446361,0.6366281986962951,0.9182840984296974,0.5300896359943091,0.6855453220566906,0.8460140785752963,0.5781289455379256,0.08458079694228299,1.166664958000183,0.2932121532126545,0.04312501477836859,11,35.333333333333336
student_kdA4_s0,val,all,all,,200000,53779,0.927825,0.8945898002712205,0.7980951883170011,0.8351029212146005,0.7540254158686477,0.8336571598114506,0.7847115044906005,0.7872218603916027,0.035924871016219245,0.3109954595565796,0.1093857411252011,0.005782625722985429,11,1.0
student_kdA4_s0,val,all,near,,200000,10959,0.927825,0.8945898002712205,0.6947345722693676,0.9163244821607811,0.661420643763117,0.7055719668765399,0.9034583447394835,0.6727801943607995,0.035924871016219245,0.3109954595565796,0.1093857411252011,0.005782625722985429,11,1.0
student_kdA4_s0,val,all,far,,200000,42820,0.927825,0.8945898002712205,0.8245484576132649,0.8143157403082671,0.7777259225829053,0.8664382347617936,0.7543204110228865,0.8165111228397943,0.035924871016219245,0.3109954595565796,0.1093857411252011,0.005782625722985429,11,1.0
student_kdA4_s0,val,ge5,all,,191366,52270,0.9398325721392515,0.9080659252580338,0.8006539373832837,0.8378228429309356,0.766159426429791,0.8389624908325509,0.7883106944710159,0.8028114555764551,0.030126098569140634,0.25586652755737305,0.09185917427585873,0.004314089978460137,11,1.0
student_kdA4_s0,val,ge5,near,,191366,10483,0.9398325721392515,0.9080659252580338,0.7007975833970876,0.9149098540494134,0.6750900198246264,0.7156692610394229,0.9028903939711914,0.6910914891267643,0.030126098569140634,0.25586652755737305,0.09185917427585873,0.004314089978460137,11,1.0
student_kdA4_s0,val,ge5,far,,191366,41787,0.9398325721392515,0.9080659252580338,0.8257046507352183,0.8184842175796301,0.7890057803064019,0.8698927545011885,0.7595663723167493,0.8308383636649062,0.030126098569140634,0.25586652755737305,0.09185917427585873,0.004314089978460137,11,1.0
student_kdA4_s0,test_w16-19,all,all,,100000,100000,0.9193,0.8851233765268309,0.7687818046499999,0.85351,0.7221989568,0.7757925775,0.81973,0.7291129649999999,0.0420243626540899,0.3593520224094391,0.1236931649033366,0.007522915760272318,11,3.5
student_kdA4_s0,test_w16-19,all,near,,100000,11980,0.9193,0.8851233765268309,0.8452119803839733,0.731135225375626,0.7889057537562605,0.863153006260434,0.6885642737896495,0.8055707070116862,0.0420243626540899,0.3593520224094391,0.1236931649033366,0.007522915760272318,11,3.5
student_kdA4_s0,test_w16-19,all,far,,100000,88020,0.9193,0.8851233765268309,0.75837924267212,0.8701658713928653,0.7131197994773915,0.7639023487275618,0.8375823676437173,0.7187066511020223,0.0420243626540899,0.3593520224094391,0.1236931649033366,0.007522915760272318,11,3.5
student_kdA4_s0,test_w16-19,ge5,all,,96085,89545,0.9290940313264298,0.8941438105589942,0.787953449988747,0.8424479312077726,0.7478416908447373,0.8001716307283518,0.8062650064213523,0.7599966920935413,0.037202066001487885,0.31279510259628296,0.10878351872720649,0.006067259434840563,11,3.5
student_kdA4_s0,test_w16-19,ge5,near,,96085,11402,0.9290940313264298,0.8941438105589942,0.8541553165853807,0.7258375723557271,0.8059059057377873,0.8754249007383129,0.6889142255744606,0.8260192126013374,0.037202066001487885,0.31279510259628296,0.10878351872720649,0.006067259434840563,11,3.5
student_kdA4_s0,test_w16-19,ge5,far,,96085,78143,0.9290940313264298,0.8941438105589942,0.778293804429518,0.8594627797755398,0.7393694261734225,0.7891912769582948,0.8233878914298146,0.7503632152775771,0.037202066001487885,0.31279510259628296,0.10878351872720649,0.006067259434840563,11,3.5
student_kdA4_s0,test_w20-23,all,all,,100000,100000,0.90225,0.8550467033152294,0.7724565902,0.85788,0.7131265716,0.7768545088000001,0.81004,0.717835228,0.05164057765647765,0.44410502910614014,0.148306724190027,0.01091612230324687,11,7.5
student_kdA4_s0,test_w20-23,all,near,,100000,13417,0.90225,0.8550467033152294,0.851044907579936,0.7445032421554744,0.7807146269657896,0.871389652306775,0.6981441454870686,0.7995668979652679,0.05164057765647765,0.44410502910614014,0.148306724190027,0.01091612230324687,11,7.5
student_kdA4_s0,test_w20-23,all,far,,100000,86583,0.90225,0.8550467033152294,0.7602784552972293,0.8754489911414481,0.7026530497903745,0.7622052356120717,0.8273795086795329,0.7051699956111477,0.05164057765647765,0.44410502910614014,0.148306724190027,0.01091612230324687,11,7.5
student_kdA4_s0,test_w20-23,ge5,all,,95941,89776,0.9129881906588424,0.8642658790899806,0.7929930740266766,0.8483113527000534,0.7407246095212109,0.8025983191191521,0.7944550882195687,0.7506639522500973,0.045715722413064055,0.3973778784275055,0.13227420407243456,0.009010819078478522,11,7.5
student_kdA4_s0,test_w20-23,ge5,near,,95941,12762,0.9129881906588424,0.8642658790899806,0.8593361089055801,0.7413414825262498,0.7980557387597171,0.8833128117556956,0.691114245416079,0.8205829762483594,0.045715722413064055,0.3973778784275055,0.13227420407243456,0.009010819078478522,11,7.5
student_kdA4_s0,test_w20-23,ge5,far,,95941,77014,0.9129881906588424,0.8642658790899806,0.7819993610507946,0.866037343859558,0.731224260606185,0.7892231100009717,0.8115797127794946,0.7390776616501309,0.045715722413064055,0.3973778784275055,0.13227420407243456,0.009010819078478522,11,7.5
student_kdA4_s0,test_w24-27,all,all,,100000,100000,0.89481,0.8281189764170265,0.767326438,0.85603,0.7036127226999999,0.7719209605999999,0.79825,0.7086274688000002,0.057737732056081334,0.5111726522445679,0.16175769488230532,0.0133861881941843,11,11.5
student_kdA4_s0,test_w24-27,all,near,,100000,12494,0.89481,0.8281189764170265,0.8442574751880902,0.7337121818472867,0.7692212285897231,0.866775563870658,0.6798463262365936,0.79024266447895,0.057737732056081334,0.5111726522445679,0.16175769488230532,0.0133861881941843,11,11.5
student_kdA4_s0,test_w24-27,all,far,,100000,87506,0.89481,0.8281189764170265,0.7563423182981738,0.8734943889561858,0.694245220213471,0.7583777359838182,0.8151555321920783,0.6969745506593834,0.057737732056081334,0.5111726522445679,0.16175769488230532,0.0133861881941843,11,11.5
student_kdA4_s0,test_w24-27,ge5,all,,96204,89771,0.9031641096004324,0.8351085163895341,0.7879361037804542,0.8456405743502913,0.7292901469920379,0.7978380236456949,0.7815441512292388,0.739505080686546,0.05324893953888695,0.4632039964199066,0.14856823572282254,0.011597036013229681,11,11.5
student_kdA4_s0,test_w24-27,ge5,near,,96204,11977,0.9031641096004324,0.8351085163895341,0.8517979584427039,0.7318193203640311,0.7838383051875719,0.878489834473984,0.6746263672038073,0.8089713997898076,0.05324893953888695,0.4632039964199066,0.14856823572282254,0.011597036013229681,11,11.5
student_kdA4_s0,test_w24-27,ge5,far,,96204,77794,0.9031641096004324,0.8351085163895341,0.778104067462875,0.863164254312672,0.7208920277192414,0.7854210411240298,0.7980049875311721,0.7288101928558679,0.05324893953888695,0.4632039964199066,0.14856823572282254,0.011597036013229681,11,11.5
student_kdA4_s0,test_w28-31,all,all,,100000,100000,0.86857,0.7610636156494529,0.76989289515,0.84477,0.6900502177999999,0.78404587425,0.77866,0.7032136145000001,0.07695822702884673,0.7036671042442322,0.2038706510003451,0.020218620304002368,11,15.5
student_kdA4_s0,test_w28-31,all,near,,100000,15990,0.86857,0.7610636156494529,0.8341520318949344,0.7460287679799875,0.7425057673545967,0.8573186744840525,0.675234521575985,0.7634959287054408,0.07695822702884673,0.7036671042442322,0.2038706510003451,0.020218620304002368,11,15.5
student_kdA4_s0,test_w28-31,all,far,,100000,84010,0.86857,0.7610636156494529,0.75766216551601,0.863563861445066,0.680066117843114,0.7700995336269492,0.7983454350672539,0.6917398113319843,0.07695822702884673,0.7036671042442322,0.2038706510003451,0.020218620304002368,11,15.5
student_kdA4_s0,test_w28-31,ge5,all,,95576,94669,0.876914706620909,0.7678255480161877,0.7769754108958824,0.8437080776178052,0.7039517147321587,0.7934159673545148,0.7755442647540377,0.7194960459577254,0.07214925553491572,0.6474006175994873,0.19031573419735912,0.0179130410495971,11,15.5
student_kdA4_s0,test_w28-31,ge5,near,,95576,15420,0.876914706620909,0.7678255480161877,0.8396865612925961,0.7491569390402075,0.7554886064825656,0.8670353948975029,0.6762645914396888,0.7804817743998379,0.07214925553491572,0.6474006175994873,0.19031573419735912,0.0179130410495971,11,15.5
student_kdA4_s0,test_w28-31,ge5,far,,95576,79249,0.876914706620909,0.7678255480161877,0.7647732892398699,0.8621055155270098,0.693923842193814,0.7790913503535067,0.7948617648172217,0.7076296510180118,0.07214925553491572,0.6474006175994873,0.19031573419735912,0.0179130410495971,11,15.5
student_kdA4_s0,test_w32-35,all,all,,100000,100000,0.84535,0.7237125875449308,0.7577091575999999,0.86016,0.6684736759000001,0.7689268142000001,0.8059,0.6782527809,0.09598967050671574,0.9153027534484863,0.24785679344953854,0.028730489332250655,11,19.5
student_kdA4_s0,test_w32-35,all,near,,100000,16559,0.84535,0.7237125875449308,0.8317913729693822,0.7793345008756567,0.7265874539525334,0.8528362337701552,0.7199710127423153,0.745123588380941,0.09598967050671574,0.9153027534484863,0.24785679344953854,0.028730489332250655,11,19.5
student_kdA4_s0,test_w32-35,all,far,,100000,83441,0.84535,0.7237125875449308,0.7430074233889814,0.8761999496650328,0.6569409036325069,0.752274855586582,0.822952745053391,0.6649821621265324,0.09598967050671574,0.9153027534484863,0.24785679344953854,0.028730489332250655,11,19.5
student_kdA4_s0,test_w32-35,ge5,all,,95262,94615,0.8551468581386072,0.7296204082485009,0.7637126932432039,0.8592506473603552,0.6827760599314643,0.7770317943173064,0.8041219679754795,0.6950587522544523,0.08950013985196442,0.8382582664489746,0.2319028545561555,0.025656423872720945,11,19.5
student_kdA4_s0,test_w32-35,ge5,near,,95262,16006,0.8551468581386072,0.7296204082485009,0.8358861402546676,0.7827689616393853,0.7398764547609483,0.8615743638056956,0.7247282269149069,0.7629341337648379,0.08950013985196442,0.8382582664489746,0.2319028545561555,0.025656423872720945,11,19.5
student_kdA4_s0,test_w32-35,ge5,far,,95262,78609,0.8551468581386072,0.7296204082485009,0.7490170706953341,0.8748234934931115,0.6711495423617111,0.7598176284173311,0.8202877533106896,0.6812382818699515,0.08950013985196442,0.8382582664489746,0.2319028545561555,0.025656423872720945,11,19.5
student_kdA4_s0,test_w36-39,all,all,,100000,100000,0.82271,0.7090093770623308,0.7353805174999999,0.87594,0.6329264943,0.73512551535,0.84362,0.6342261507999999,0.11519137815028432,1.0108000040054321,0.28705614483264325,0.03677742728313748,11,23.5
student_kdA4_s0,test_w36-39,all,near,,100000,12548,0.82271,0.7090093770623308,0.8268716165922856,0.7949474019764106,0.7031646174689193,0.8462582845871852,0.767771756455212,0.721327493624482,0.11519137815028432,1.0108000040054321,0.28705614483264325,0.03677742728313748,11,23.5
student_kdA4_s0,test_w36-39,all,far,,100000,87452,0.82271,0.7090093770623308,0.7222529696862279,0.8875611764167772,0.6228484175319033,0.7191796937748707,0.8545030416685725,0.6217284646434617,0.11519137815028432,1.0108000040054321,0.28705614483264325,0.03677742728313748,11,23.5
student_kdA4_s0,test_w36-39,ge5,all,,95184,91735,0.8346360732896285,0.7149874007609884,0.7505885348219261,0.8724042077723878,0.6562032530547554,0.7536993548008677,0.8382841881506513,0.661609236205646,0.10729555390051311,0.9262540340423584,0.26811152636894664,0.03301226399256386,11,23.5
student_kdA4_s0,test_w36-39,ge5,near,,95184,12085,0.8346360732896285,0.7149874007609884,0.8318364911741528,0.7997517583781547,0.7190095817204477,0.8553989953426355,0.7729416632188664,0.741411890220091,0.10729555390051311,0.9262540340423584,0.26811152636894664,0.03301226399256386,11,23.5
student_kdA4_s0,test_w36-39,ge5,far,,95184,79650,0.8346360732896285,0.7149874007609884,0.7382610828129286,0.8834274952919021,0.6466738810280773,0.7382688443683847,0.8481983678593848,0.6495010745764611,0.10729555390051311,0.9262540340423584,0.26811152636894664,0.03301226399256386,11,23.5
student_kdA4_s0,test_w40-43,all,all,,100000,100000,0.81608,0.7060430693193102,0.74165474885,0.86338,0.6313655398,0.73982012835,0.83438,0.6319522615000001,0.12086714043647048,1.0867364406585693,0.29754835613843844,0.03921097279624507,11,27.5
student_kdA4_s0,test_w40-43,all,near,,100000,10904,0.81608,0.7060430693193102,0.8237251747065298,0.7909024211298606,0.6943540783198827,0.8403625421863536,0.7776962582538518,0.7110498587674248,0.12086714043647048,1.0867364406585693,0.29754835613843844,0.03921097279624507,11,27.5
student_kdA4_s0,test_w40-43,all,far,,100000,89096,0.81608,0.7060430693193102,0.731610572640747,0.8722501571338781,0.6236566973825987,0.7275152607861185,0.8413172308521146,0.6222719144518272,0.12086714043647048,1.0867364406585693,0.29754835613843844,0.03921097279624507,11,27.5
student_kdA4_s0,test_w40-43,ge5,all,,95288,93977,0.8268722189572664,0.712756037568234,0.7502858898603338,0.8626898070804558,0.6484410176558678,0.7503897705891588,0.8325654149419539,0.6514666767224719,0.11415193687810722,1.0048904418945312,0.2805333726353234,0.035477256087926755,11,27.5
student_kdA4_s0,test_w40-43,ge5,near,,95288,10557,0.8268722189572664,0.712756037568234,0.8273867253576177,0.7995642701525054,0.7080692778933255,0.8469859478344913,0.7828928672918443,0.7279077346306568,0.11415193687810722,1.0048904418945312,0.2805333726353234,0.035477256087926755,11,27.5
student_kdA4_s0,test_w40-43,ge5,far,,95288,83420,0.8268722189572664,0.712756037568234,0.7405285952026398,0.8706784943658595,0.6408949190784662,0.73816529392674,0.8388515943418844,0.6417928784925906,0.11415193687810722,1.0048904418945312,0.2805333726353234,0.035477256087926755,11,27.5
student_kdA4_s0,test_w44-47,all,all,,100000,100000,0.7929,0.6753375511437381,0.7137950865499999,0.88557,0.5971359409,0.7172043438,0.85487,0.6019154181,0.13681189449012282,1.3285231590270996,0.3366314572890211,0.04933964665655506,11,31.5
student_kdA4_s0,test_w44-47,all,near,,100000,10628,0.7929,0.6753375511437381,0.8112346796198721,0.8331765148663907,0.6690839123071133,0.8284907884832517,0.7993037260067746,0.6868031050056456,0.13681189449012282,1.3285231590270996,0.3366314572890211,0.04933964665655506,11,31.5
student_kdA4_s0,test_w44-47,all,far,,100000,89372,0.7929,0.6753375511437381,0.7022076990556326,0.8918005639350132,0.5885799833281118,0.7039703070312849,0.8614778677885692,0.5918206866803921,0.13681189449012282,1.3285231590270996,0.3366314572890211,0.04933964665655506,11,31.5
student_kdA4_s0,test_w44-47,ge5,all,,94936,92436,0.8037730681722424,0.6826265827157982,0.7236843927740558,0.8812908390670302,0.6147969188982758,0.7290772928265522,0.8517893461421957,0.6221895612229,0.12973362572109443,1.2379869222640991,0.3196914427648292,0.045067755699052844,11,31.5
student_kdA4_s0,test_w44-47,ge5,near,,94936,10310,0.8037730681722424,0.6826265827157982,0.8122413664232179,0.8354995150339476,0.6808938475638129,0.8316553846434256,0.8046556741028128,0.7010219544912466,0.12973362572109443,1.2379869222640991,0.3196914427648292,0.045067755699052844,11,31.5
student_kdA4_s0,test_w44-47,ge5,far,,94936,82126,0.8037730681722424,0.6826265827157982,0.7125670560192783,0.8870394272215864,0.606499189378493,0.7161997616350664,0.8577064510630008,0.6122930366801649,0.12973362572109443,1.2379869222640991,0.3196914427648292,0.045067755699052844,11,31.5
student_kdA4_s0,test_w48-51,all,all,,100000,100000,0.78489,0.669718641160539,0.7084851087000001,0.8937,0.5897401082000001,0.7165730672000001,0.87402,0.5984507676,0.14361170067027212,1.4554747343063354,0.35237651713745005,0.052708146166337344,11,35.333333333333336
student_kdA4_s0,test_w48-51,all,near,,100000,10972,0.78489,0.669718641160539,0.8069632195588772,0.8281990521327014,0.6608977132701422,0.830497952515494,0.800309879693766,0.6829486647830842,0.14361170067027212,1.4554747343063354,0.35237651713745005,0.052708146166337344,11,35.333333333333336
student_kdA4_s0,test_w48-51,all,far,,100000,89028,0.78489,0.669718641160539,0.6963484569461293,0.9017724760749427,0.5809704936649144,0.7025327221211305,0.8831041919396145,0.5880370671024846,0.14361170067027212,1.4554747343063354,0.35237651713745005,0.052708146166337344,11,35.333333333333336
student_kdA4_s0,test_w48-51,ge5,all,,94668,93780,0.796678920015211,0.6777097663412465,0.7134845632372528,0.8939752612497334,0.6043447098322884,0.7227315337006555,0.8730859458306676,0.6154095980760925,0.1357317144577633,1.3413528203964233,0.333675249726055,0.04763056703346716,11,35.333333333333336
student_kdA4_s0,test_w48-51,ge5,near,,94668,10675,0.796678920015211,0.6777097663412465,0.8066396317207263,0.835503512880562,0.6725815924286715,0.8324803427414865,0.8055269320843091,0.6972939306491939,0.1357317144577633,1.3413528203964233,0.333675249726055,0.04763056703346716,11,35.333333333333336
student_kdA4_s0,test_w48-51,ge5,far,,94668,83105,0.796678920015211,0.6777097663412465,0.701518612258839,0.9014860718368329,0.5955795486299974,0.708634084251033,0.8817640334516575,0.6048913951975912,0.1357317144577633,1.3413528203964233,0.333675249726055,0.04763056703346716,11,35.333333333333336
student_kdA4_s1,val,all,all,,200000,53779,0.927045,0.8933455403105506,0.7909517866639395,0.8606705219509474,0.7474913167779245,0.8301078683593969,0.812752189516354,0.7839676306736829,0.036190506721362495,0.31366536021232605,0.11013672222526837,0.00584451933193654,11,1.0
student_kdA4_s1,val,all,near,,200000,10959,0.927045,0.8933455403105506,0.701761980792043,0.9311981020166074,0.6674383132585089,0.7104580208048179,0.9221644310612283,0.6767215681175289,0.036190506721362495,0.31366536021232605,0.11013672222526837,0.00584451933193654,11,1.0
student_kdA4_s1,val,all,far,,200000,42820,0.927045,0.8933455403105506,0.8137782948972442,0.842620270901448,0.7679794266697805,0.8607300701191032,0.7847501167678654,0.8114153093180756,0.036190506721362495,0.31366536021232605,0.11013672222526837,0.00584451933193654,11,1.0
student_kdA4_s1,val,ge5,all,,191366,52270,0.9383328281930959,0.9055670323528362,0.7938793897166665,0.8639372488999426,0.7594012712858487,0.8354854280246282,0.8171417639181174,0.7990958430965047,0.030971890203265077,0.2596080005168915,0.09328593583895323,0.00439547469865164,11,1.0
student_kdA4_s1,val,ge5,near,,191366,10483,0.9383328281930959,0.9055670323528362,0.7086393887203188,0.9322712963846227,0.6816998261979081,0.7210355477919195,0.9223504721930745,0.6952877634372753,0.030971890203265077,0.2596080005168915,0.09328593583895323,0.00439547469865164,11,1.0
student_kdA4_s1,val,ge5,far,,191366,41787,0.9383328281930959,0.9055670323528362,0.815263335212747,0.8467944576064326,0.7788940381477166,0.864197182744505,0.7907483188551463,0.8251379159676778,0.030971890203265077,0.2596080005168915,0.09328593583895323,0.00439547469865164,11,1.0
student_kdA4_s1,test_w16-19,all,all,,100000,100000,0.91985,0.887198089646672,0.7593998479,0.8601,0.7142119626000001,0.77130689585,0.82778,0.7253817484999999,0.04052486843660477,0.36009660363197327,0.12327065281694728,0.00744905951348207,11,3.5
student_kdA4_s1,test_w16-19,all,near,,100000,11980,0.91985,0.887198089646672,0.8361426861435727,0.7773789649415693,0.7816207512520869,0.8565423714524207,0.7419031719532554,0.8005133589315525,0.04052486843660477,0.36009660363197327,0.12327065281694728,0.00744905951348207,11,3.5
student_kdA4_s1,test_w16-19,all,far,,100000,88020,0.91985,0.887198089646672,0.7489547308566236,0.8713587820949784,0.7050372603953647,0.7597058847421041,0.8394683026584867,0.7151559283117473,0.04052486843660477,0.36009660363197327,0.12327065281694728,0.00744905951348207,11,3.5
student_kdA4_s1,test_w16-19,ge5,all,,96085,89545,0.9293854399750221,0.8961284600609327,0.7788493215919526,0.8504662460215534,0.7399161123592533,0.7989370640984282,0.814193980680105,0.7591041090742318,0.03595902218498941,0.313590407371521,0.10909044426516278,0.006041442558320887,11,3.5
student_kdA4_s1,test_w16-19,ge5,near,,96085,11402,0.9293854399750221,0.8961284600609327,0.8452507722594804,0.7741624276442729,0.7985984315234539,0.8689937609782209,0.7363620417470619,0.8209235080867279,0.03595902218498941,0.313590407371521,0.10909044426516278,0.006041442558320887,11,3.5
student_kdA4_s1,test_w16-19,ge5,far,,96085,78143,0.9293854399750221,0.8961284600609327,0.7691605543253881,0.8615998873859463,0.7313536588687268,0.788714952612775,0.8255505931433398,0.7500839180457267,0.03595902218498941,0.313590407371521,0.10909044426516278,0.006041442558320887,11,3.5
student_kdA4_s1,test_w20-23,all,all,,100000,100000,0.90428,0.8598497085644519,0.7599472364500002,0.86843,0.7040168247,0.7701647309499999,0.81976,0.7135713765,0.050079152196645715,0.44761401414871216,0.1478232320695545,0.010877813801616662,11,7.5
student_kdA4_s1,test_w20-23,all,near,,100000,13417,0.90428,0.8598497085644519,0.8397139226354625,0.8053216069165984,0.7733212558694194,0.8624631225311172,0.7416710143847358,0.7942825020496386,0.050079152196645715,0.44761401414871216,0.1478232320695545,0.010877813801616662,11,7.5
student_kdA4_s1,test_w20-23,all,far,,100000,86583,0.90428,0.8598497085644519,0.747586500179019,0.8782093482554312,0.6932773313468003,0.7558620673804327,0.8318607578854972,0.7010642888326808,0.050079152196645715,0.44761401414871216,0.1478232320695545,0.010877813801616662,11,7.5
student_kdA4_s1,test_w20-23,ge5,all,,95941,89776,0.9143848823756267,0.8685607898067802,0.7804825002203919,0.8596729638210657,0.731262452086305,0.7989328730742782,0.8067746391017644,0.7486996030488655,0.0447717203159652,0.401689738035202,0.13282560096453142,0.009054161440086736,11,7.5
student_kdA4_s1,test_w20-23,ge5,near,,95941,12762,0.9143848823756267,0.8685607898067802,0.8475838933235624,0.8036357937627331,0.7898384438624871,0.8738545546003456,0.7378937470615891,0.8142736965650125,0.0447717203159652,0.401689738035202,0.13282560096453142,0.009054161440086736,11,7.5
student_kdA4_s1,test_w20-23,ge5,far,,95941,77014,0.9143848823756267,0.8685607898067802,0.769363119604106,0.868958890591321,0.7215558168375499,0.7865175914419038,0.8181889007193497,0.7378333114466495,0.0447717203159652,0.401689738035202,0.13282560096453142,0.009054161440086736,11,7.5
student_kdA4_s1,test_w24-27,all,all,,100000,100000,0.89417,0.825646548903778,0.7573055781999999,0.88433,0.6951697787000001,0.76543016965,0.81384,0.7028961843,0.057628023353368064,0.527725875377655,0.16523898792719957,0.01381081282481865,11,11.5
student_kdA4_s1,test_w24-27,all,near,,100000,12494,0.89417,0.825646548903778,0.8334785028813831,0.8285577076996958,0.760838745797983,0.8594637678085482,0.7289899151592765,0.7844992588442453,0.057628023353368064,0.527725875377655,0.16523898792719957,0.01381081282481865,11,11.5
student_kdA4_s1,test_w24-27,all,far,,100000,87506,0.89417,0.825646548903778,0.7464297008776541,0.892293099901721,0.685793643635865,0.7520041671428246,0.8259547916714283,0.6912449968002194,0.057628023353368064,0.527725875377655,0.16523898792719957,0.01381081282481865,11,11.5
student_kdA4_s1,test_w24-27,ge5,all,,96204,89771,0.9025196457527753,0.8323083562418172,0.7777626091034071,0.8770426975303829,0.7207909675853439,0.7938615975078422,0.7975181294627441,0.7361549266976743,0.05309278386551738,0.4821542501449585,0.1523430343341102,0.012028086367739008,11,11.5
student_kdA4_s1,test_w24-27,ge5,near,,96204,11977,0.9025196457527753,0.8323083562418172,0.8407757640941863,0.8305919679385488,0.7754150448234659,0.8705712310110879,0.7239709443099274,0.80279200053814,0.05309278386551738,0.4821542501449585,0.1523430343341102,0.012028086367739008,11,11.5
student_kdA4_s1,test_w24-27,ge5,far,,96204,77794,0.9025196457527753,0.8323083562418172,0.7680612367954582,0.8841941537907808,0.7123811599770324,0.7820515442843498,0.8088412988148186,0.7258956234945064,0.05309278386551738,0.4821542501449585,0.1523430343341102,0.012028086367739008,11,11.5
student_kdA4_s1,test_w28-31,all,all,,100000,100000,0.87073,0.7637986459119547,0.7595371456,0.88623,0.6835360288000001,0.78042005395,0.79761,0.7019370259000002,0.07434018240153789,0.6944961547851562,0.20218958183446076,0.020021521275802315,11,15.5
student_kdA4_s1,test_w28-31,all,near,,100000,15990,0.87073,0.7637986459119547,0.8175017723577236,0.8776735459662289,0.7325820944340212,0.8486020293933707,0.7522826766729206,0.7595334796747968,0.07434018240153789,0.6944961547851562,0.20218958183446076,0.020021521275802315,11,15.5
student_kdA4_s1,test_w28-31,all,far,,100000,84010,0.87073,0.7637986459119547,0.7485044782763957,0.887858588263302,0.674200871205809,0.7674426728365672,0.8062373526961076,0.69097443459112,0.07434018240153789,0.6944961547851562,0.20218958183446076,0.020021521275802315,11,15.5
student_kdA4_s1,test_w28-31,ge5,all,,95576,94669,0.879007282162886,0.7701272898205639,0.7654519180728805,0.8857492949117451,0.696512857130811,0.7892770983877556,0.7971669712366245,0.7179343661078498,0.06941547582283489,0.6400944590568542,0.18861450173790525,0.01777245351854639,11,15.5
student_kdA4_s1,test_w28-31,ge5,near,,95576,15420,0.879007282162886,0.7701272898205639,0.8226470436684418,0.8826848249027237,0.7454625179551667,0.8577581719146072,0.75810635538262,0.7762397051254367,0.06941547582283489,0.6400944590568542,0.18861450173790525,0.01777245351854639,11,15.5
student_kdA4_s1,test_w28-31,ge5,far,,95576,79249,0.879007282162886,0.7701272898205639,0.7543230857004398,0.8863455690292622,0.6869883991576939,0.7759522847776906,0.8047672525836288,0.7065895121961137,0.06941547582283489,0.6400944590568542,0.18861450173790525,0.01777245351854639,11,15.5
student_kdA4_s1,test_w32-35,all,all,,100000,100000,0.84773,0.7271963457549436,0.75185312155,0.89446,0.6651049551999999,0.7666031291,0.81396,0.6768717560999999,0.08979584662303325,0.8656459450721741,0.23842841204627904,0.027780115994259384,11,19.5
student_kdA4_s1,test_w32-35,all,near,,100000,16559,0.84773,0.7271963457549436,0.8183948647261308,0.879461320128027,0.7187856482879401,0.8450577552992331,0.7572921070112929,0.7405518412947641,0.08979584662303325,0.8656459450721741,0.23842841204627904,0.027780115994259384,11,19.5
student_kdA4_s1,test_w32-35,all,far,,100000,83441,0.84773,0.7271963457549436,0.7386478061145001,0.8974365120264618,0.6544519357390253,0.7510336829616137,0.8252058340623913,0.6642343412710778,0.08979584662303325,0.8656459450721741,0.23842841204627904,0.027780115994259384,11,19.5
student_kdA4_s1,test_w32-35,ge5,all,,95262,94615,0.8575822468560391,0.733774531666138,0.7560385279562865,0.8953442900174391,0.67792923066835,0.7739182220005685,0.8138984304814247,0.6931555222021558,0.08294626949027104,0.7950374484062195,0.22235136985381188,0.0248105851733165,11,19.5
student_kdA4_s1,test_w32-35,ge5,near,,95262,16006,0.8575822468560391,0.733774531666138,0.821916585963663,0.8841684368361864,0.7318665663924977,0.8533880530036693,0.7649006622516556,0.7582005303836049,0.08294626949027104,0.7950374484062195,0.22235136985381188,0.0248105851733165,11,19.5
student_kdA4_s1,test_w32-35,ge5,far,,95262,78609,0.8575822468560391,0.733774531666138,0.7426247433200988,0.8976198654098131,0.6669467605237009,0.7577369435841579,0.8238751288020456,0.6799113593079291,0.08294626949027104,0.7950374484062195,0.22235136985381188,0.0248105851733165,11,19.5
student_kdA4_s1,test_w36-39,all,all,,100000,100000,0.8306,0.7168969530703637,0.7276536826,0.91018,0.630153639,0.732399147,0.85884,0.6334591578,0.10221748344033955,0.933836042881012,0.2633136429979976,0.03344390078656732,11,23.5
student_kdA4_s1,test_w36-39,all,near,,100000,12548,0.8306,0.7168969530703637,0.8135125143449156,0.8873924131335671,0.6979080180108385,0.8344408459515461,0.8076984379980874,0.7156331742110297,0.10221748344033955,0.933836042881012,0.2633136429979976,0.03344390078656732,11,23.5
student_kdA4_s1,test_w36-39,all,far,,100000,87452,0.8306,0.7168969530703637,0.7153342774321914,0.9134496638155788,0.6204319408361159,0.7177577524241872,0.8661780176553995,0.6216684662443398,0.10221748344033955,0.933836042881012,0.2633136429979976,0.03344390078656732,11,23.5
student_kdA4_s1,test_w36-39,ge5,all,,95184,91735,0.8428622457555892,0.7242284725582604,0.7418710448671816,0.9079849566686652,0.6525839527290265,0.7507978480269735,0.8561944732108792,0.6610193162016674,0.09364327375746856,0.8559598326683044,0.24379661536305391,0.029791462591499538,11,23.5
student_kdA4_s1,test_w36-39,ge5,near,,95184,12085,0.8428622457555892,0.7242284725582604,0.8183637268318426,0.8911046752172114,0.7140676824585309,0.8431492842589121,0.8134050475796442,0.7357584548652513,0.09364327375746856,0.8559598326683044,0.24379661536305391,0.029791462591499538,11,23.5
student_kdA4_s1,test_w36-39,ge5,far,,95184,79650,0.8428622457555892,0.7242284725582604,0.7302650930587331,0.9105461393596986,0.6432552537487243,0.736785706070125,0.8626867545511613,0.6496794230346942,0.09364327375746856,0.8559598326683044,0.24379661536305391,0.029791462591499538,11,23.5
student_kdA4_s1,test_w40-43,all,all,,100000,100000,0.82194,0.7087118627741694,0.7364513538999999,0.89972,0.6288829938000001,0.74020615115,0.84877,0.6325442081,0.10987044159695511,1.0237812995910645,0.27908522783136386,0.0369584931652237,11,27.5
student_kdA4_s1,test_w40-43,all,near,,100000,10904,0.82194,0.7087118627741694,0.8070530103631695,0.8861885546588408,0.6844597202861336,0.8265036954328686,0.8207079970652972,0.702319087490829,0.10987044159695511,1.0237812995910645,0.27908522783136386,0.0369584931652237,11,27.5
student_kdA4_s1,test_w40-43,all,far,,100000,89096,0.82194,0.7087118627741694,0.7278107812359701,0.9013760438179043,0.6220812448370298,0.7296446397144654,0.8522043638322708,0.6240048204184251,0.10987044159695511,1.0237812995910645,0.27908522783136386,0.0369584931652237,11,27.5
student_kdA4_s1,test_w40-43,ge5,all,,95288,93977,0.8327596339518093,0.7166172178100073,0.7438779803081537,0.8993583536397204,0.6444915661260866,0.7499270152171154,0.8468348638496653,0.6512723503968335,0.10256279895981146,0.9459261894226074,0.2614344638496023,0.03330539769533304,11,27.5
student_kdA4_s1,test_w40-43,ge5,near,,95288,10557,0.8327596339518093,0.7166172178100073,0.8100287960475576,0.8903097470872406,0.6974853177787355,0.8322679193170128,0.8242872028038268,0.7184924803864271,0.10256279895981146,0.9459261894226074,0.2614344638496023,0.03330539769533304,11,27.5
student_kdA4_s1,test_w40-43,ge5,far,,95288,83420,0.8327596339518093,0.7166172178100073,0.7355064367723004,0.9005034763845601,0.6377850804368393,0.7395065773774773,0.8496883241428914,0.6427654825917491,0.10256279895981146,0.9459261894226074,0.2614344638496023,0.03330539769533304,11,27.5
student_kdA4_s1,test_w44-47,all,all,,100000,100000,0.80057,0.682958033482467,0.70751648645,0.91055,0.5949647387,0.71646415455,0.8705,0.6020828816,0.125914804899618,1.275907039642334,0.31769082226003253,0.04785613374626295,11,31.5
student_kdA4_s1,test_w44-47,all,near,,100000,10628,0.80057,0.682958033482467,0.7933309023334588,0.8896311629657508,0.6602595850583365,0.8146690449755363,0.8377869777945051,0.6792299623635679,0.125914804899618,1.275907039642334,0.31769082226003253,0.04785613374626295,11,31.5
student_kdA4_s1,test_w44-47,all,far,,100000,89372,0.80057,0.682958033482467,0.6973115496464217,0.9130376404242939,0.5871999619567649,0.7047857589065926,0.8743901893210402,0.592908652821913,0.125914804899618,1.275907039642334,0.31769082226003253,0.04785613374626295,11,31.5
student_kdA4_s1,test_w44-47,ge5,all,,94936,92436,0.8114519255077105,0.6902689506241751,0.7176413593574146,0.9095049547795231,0.6124120056475898,0.7278394491789205,0.8668159591501147,0.6219513215756808,0.1183763263845039,1.1847370862960815,0.30014478033523,0.04364804784108742,11,31.5
student_kdA4_s1,test_w44-47,ge5,near,,94936,10310,0.8114519255077105,0.6902689506241751,0.7935242386376259,0.8948593598448109,0.6711848972817627,0.8169201297446635,0.8422890397672163,0.6927085546099074,0.1183763263845039,1.1847370862960815,0.30014478033523,0.04364804784108742,11,31.5
student_kdA4_s1,test_w44-47,ge5,far,,94936,82126,0.8114519255077105,0.6902689506241751,0.7081151132796928,0.9113435452840757,0.6050337269934691,0.7166563668830237,0.8698950393298103,0.6130685430088095,0.1183763263845039,1.1847370862960815,0.30014478033523,0.04364804784108742,11,31.5
student_kdA4_s1,test_w48-51,all,all,,100000,100000,0.79089,0.6790850988368358,0.7030961466000001,0.91336,0.5872536174999999,0.71582118395,0.86886,0.5974846961000001,0.13376652150884272,1.405784010887146,0.3365329394312009,0.050860640394487594,11,35.333333333333336
student_kdA4_s1,test_w48-51,all,near,,100000,10972,0.79089,0.6790850988368358,0.7929163771418155,0.8835216915785636,0.6531834059423989,0.8185716546664237,0.8200874954429457,0.6754007072548306,0.13376652150884272,1.405784010887146,0.3365329394312009,0.050860640394487594,11,35.333333333333336
student_kdA4_s1,test_w48-51,all,far,,100000,89028,0.79089,0.6790850988368358,0.692026510423687,0.9170373365682707,0.5791282902008356,0.7031579974839376,0.8748708271555017,0.5878821612301748,0.13376652150884272,1.405784010887146,0.3365329394312009,0.050860640394487594,11,35.333333333333336
student_kdA4_s1,test_w48-51,ge5,all,,94668,93780,0.802826720750412,0.6870709453574073,0.7077410495187081,0.9132437619961612,0.6010279185555342,0.7215217827102414,0.8680635529963745,0.6140430318702854,0.1251825457644633,1.281983733177185,0.31706571486540386,0.045818102030308554,11,35.333333333333336
student_kdA4_s1,test_w48-51,ge5,near,,94668,10675,0.802826720750412,0.6870709453574073,0.7919802580872051,0.8869320843091335,0.6641368622739654,0.8196554219459323,0.825480093676815,0.6890480702732459,0.1251825457644633,1.281983733177185,0.31706571486540386,0.045818102030308554,11,35.333333333333336
student_kdA4_s1,test_w48-51,ge5,far,,94668,83105,0.802826720750412,0.6870709453574073,0.6969203582068892,0.9166235485229529,0.5929214511444969,0.708916324568842,0.8735334817399675,0.604408487800114,0.1251825457644633,1.281983733177185,0.31706571486540386,0.045818102030308554,11,35.333333333333336
student_kdA4_s2,val,all,all,,200000,53779,0.926975,0.8943663381297562,0.7887035119656371,0.8438052027743171,0.7455671136503096,0.8301105830807565,0.8015024451923614,0.7839945132858551,0.036284511321373315,0.3142445981502533,0.11024996307324605,0.005902015838134635,11,1.0
student_kdA4_s2,val,all,near,,200000,10959,0.926975,0.8943663381297562,0.6930168537275299,0.9260881467287161,0.6596830354046902,0.7033148496669404,0.9152294917419472,0.6703820695318916,0.036284511321373315,0.3142445981502533,0.11024996307324605,0.005902015838134635,11,1.0
student_kdA4_s2,val,all,far,,200000,42820,0.926975,0.8943663381297562,0.8131927713685194,0.82274638019617,0.7675475810368986,0.8625616443250818,0.7723960765997198,0.8130715513778608,0.036284511321373315,0.3142445981502533,0.11024996307324605,0.005902015838134635,11,1.0
student_kdA4_s2,val,ge5,all,,191366,52270,0.9386620402788374,0.907338593987951,0.7910910113574704,0.8453988903768892,0.7572128690339056,0.8353673654612015,0.8058733499139086,0.799278788086356,0.030500198803972853,0.2580222487449646,0.09278082536219315,0.004408029287076212,11,1.0
student_kdA4_s2,val,ge5,near,,191366,10483,0.9386620402788374,0.907338593987951,0.6993321342769935,0.9265477439664218,0.6734572344747772,0.713604346724307,0.9151960316703234,0.6886698990996006,0.030500198803972853,0.2580222487449646,0.09278082536219315,0.004408029287076212,11,1.0
student_kdA4_s2,val,ge5,far,,191366,41787,0.9386620402788374,0.907338593987951,0.8141103309648756,0.8250412807811042,0.7782244352407005,0.8659137489158373,0.7784478426304832,0.8270269629552904,0.030500198803972853,0.2580222487449646,0.09278082536219315,0.004408029287076212,11,1.0
student_kdA4_s2,test_w16-19,all,all,,100000,100000,0.91888,0.8839027509183277,0.7603656642,0.85312,0.7147911923,0.7817997758,0.79473,0.7346589369,0.04140999976381658,0.3627908229827881,0.12322058602749712,0.007410727959520721,11,3.5
student_kdA4_s2,test_w16-19,all,near,,100000,11980,0.91888,0.8839027509183277,0.8406711039232053,0.7070116861435726,0.7848597871452421,0.8591880621869783,0.6475792988313857,0.8022528422370617,0.04140999976381658,0.3627908229827881,0.12322058602749712,0.007410727959520721,11,3.5
student_kdA4_s2,test_w16-19,all,far,,100000,88020,0.91888,0.8839027509183277,0.749435657748239,0.8730061349693251,0.7052544760281754,0.7712668097591457,0.8147580095432856,0.725459039309248,0.04140999976381658,0.3627908229827881,0.12322058602749712,0.007410727959520721,11,3.5
student_kdA4_s2,test_w16-19,ge5,all,,96085,89545,0.9285008065775096,0.8922284704348447,0.7804070628725063,0.8416773689206544,0.7410875716165715,0.8075891283918402,0.7795186777597856,0.7667582949937133,0.036843347769346335,0.31721651554107666,0.10864623365783362,0.005964190923667611,11,3.5
student_kdA4_s2,test_w16-19,ge5,near,,96085,11402,0.9285008065775096,0.8922284704348447,0.8504039861142577,0.7037361866339239,0.8024142248488051,0.8718163623853152,0.640063146816348,0.8228472354492082,0.036843347769346335,0.31721651554107666,0.10864623365783362,0.005964190923667611,11,3.5
student_kdA4_s2,test_w16-19,ge5,far,,96085,78143,0.9285008065775096,0.8922284704348447,0.7701936730768437,0.8618046402108954,0.7321392781014271,0.7982176053892218,0.799866910663783,0.7585742465303377,0.036843347769346335,0.31721651554107666,0.10864623365783362,0.005964190923667611,11,3.5
student_kdA4_s2,test_w20-23,all,all,,100000,100000,0.90742,0.8584222919541172,0.7628548118,0.8492,0.7090626584999999,0.780073182,0.78859,0.7250582457000001,0.04899025623500351,0.4477892518043518,0.1422247151252225,0.009983377765223664,11,7.5
student_kdA4_s2,test_w20-23,all,near,,100000,13417,0.90742,0.8584222919541172,0.8432904583737049,0.7216963553700529,0.7784395975255274,0.8644327021688902,0.6538719534918387,0.7985191011403444,0.04899025623500351,0.4477892518043518,0.1422247151252225,0.009983377765223664,11,7.5
student_kdA4_s2,test_w20-23,all,far,,100000,86583,0.90742,0.8584222919541172,0.7503904126676137,0.8689581095596133,0.6983119292470809,0.7670007349595187,0.8094660614670316,0.7136746681219177,0.04899025623500351,0.4477892518043518,0.1422247151252225,0.009983377765223664,11,7.5
student_kdA4_s2,test_w20-23,ge5,all,,95941,89776,0.9178870347401007,0.8676849548594529,0.7833817349732132,0.8398235608625914,0.7364976874348891,0.8072292937430648,0.774873017287471,0.7590699424268373,0.043325675439677316,0.4002941846847534,0.12621840718482846,0.00814931348067937,11,7.5
student_kdA4_s2,test_w20-23,ge5,near,,95941,12762,0.9178870347401007,0.8676849548594529,0.8519627741590474,0.7236326594577652,0.7958314451213039,0.8761703935570377,0.6507600689547093,0.8191233532507125,0.043325675439677316,0.4002941846847534,0.12621840718482846,0.00814931348067937,11,7.5
student_kdA4_s2,test_w20-23,ge5,far,,95941,77014,0.9178870347401007,0.8676849548594529,0.7720171620112892,0.8590775703118914,0.7266654826981657,0.7958050550874189,0.7954397901680214,0.7491184838747,0.043325675439677316,0.4002941846847534,0.12621840718482846,0.00814931348067937,11,7.5
student_kdA4_s2,test_w24-27,all,all,,100000,100000,0.89996,0.8324497465260969,0.7573048319,0.8528,0.6996960211999999,0.7751171106,0.78283,0.7161411944,0.054754686208516354,0.5117454528808594,0.15565979225269222,0.012608279639972355,11,11.5
student_kdA4_s2,test_w24-27,all,near,,100000,12494,0.89996,0.8324497465260969,0.8407824375700337,0.735713142308308,0.77085947014567,0.8660171838482471,0.633263966704018,0.7943756699215623,0.054754686208516354,0.5117454528808594,0.15565979225269222,0.012608279639972355,11,11.5
student_kdA4_s2,test_w24-27,all,far,,100000,87506,0.89996,0.8324497465260969,0.7453860011313509,0.869517518798711,0.6895353907160651,0.7621385089593855,0.8041848558955957,0.7049709713619636,0.054754686208516354,0.5117454528808594,0.15565979225269222,0.012608279639972355,11,11.5
student_kdA4_s2,test_w24-27,ge5,all,,96204,89771,0.9088811276038419,0.8394047603473671,0.7781683210540261,0.8420870882579007,0.7260428734018615,0.8023191624174295,0.7678760401465953,0.7488430709770977,0.04955272717731844,0.46553242206573486,0.14207846214098316,0.010873558840218784,11,11.5
student_kdA4_s2,test_w24-27,ge5,near,,96204,11977,0.9088811276038419,0.8394047603473671,0.8490375578735521,0.7324037738999749,0.7865698939335055,0.8778320087722915,0.6321282458044586,0.8137470163342712,0.04955272717731844,0.46553242206573486,0.14207846214098316,0.010873558840218784,11,11.5
student_kdA4_s2,test_w24-27,ge5,far,,96204,77794,0.9088811276038419,0.8394047603473671,0.7672574429736155,0.8589736997711905,0.7167242611064722,0.7906933640166252,0.7887754839704861,0.7388505965762073,0.04955272717731844,0.46553242206573486,0.14207846214098316,0.010873558840218784,11,11.5
student_kdA4_s2,test_w28-31,all,all,,100000,100000,0.87787,0.775868585937003,0.7617817728,0.84195,0.6905110482,0.78672166805,0.77973,0.7134189872,0.06972808483108876,0.6910848617553711,0.19259063579218183,0.018481176364248668,11,15.5
student_kdA4_s2,test_w28-31,all,near,,100000,15990,0.87787,0.775868585937003,0.8263438724202625,0.7416510318949343,0.7436251976235146,0.8530536313320825,0.6877423389618511,0.7686467404627891,0.06972808483108876,0.6910848617553711,0.19259063579218183,0.018481176364248668,11,15.5
student_kdA4_s2,test_w28-31,all,far,,100000,84010,0.87787,0.775868585937003,0.7494933788834663,0.8610403523390072,0.6804015939769076,0.7740964080466611,0.7972384239971432,0.7029072412807998,0.06972808483108876,0.6910848617553711,0.19259063579218183,0.018481176364248668,11,15.5
student_kdA4_s2,test_w28-31,ge5,all,,95576,94669,0.8867498116682012,0.7825310127818169,0.768090749132831,0.8398631019657966,0.7041541037606401,0.7967247948213865,0.7774139369804265,0.7309727514184631,0.06418873305911371,0.6370499134063721,0.17852626012819725,0.016250849462208086,11,15.5
student_kdA4_s2,test_w28-31,ge5,near,,95576,15420,0.8867498116682012,0.7825310127818169,0.8328009699698311,0.7407911802853437,0.7577905942827687,0.8628277733926876,0.6895590142671855,0.7863504941083821,0.06418873305911371,0.6370499134063721,0.17852626012819725,0.016250849462208086,11,15.5
student_kdA4_s2,test_w28-31,ge5,far,,95576,79249,0.8867498116682012,0.7825310127818169,0.7554996551719414,0.8591401784249644,0.6937176984577188,0.7838627028130399,0.7945084480561269,0.7201975392103779,0.06418873305911371,0.6370499134063721,0.17852626012819725,0.016250849462208086,11,15.5
student_kdA4_s2,test_w32-35,all,all,,100000,100000,0.84625,0.7326142464935576,0.75613283305,0.84735,0.6677684358,0.7751708817500002,0.806,0.6844133919,0.09531689208559696,0.9085213541984558,0.24530607151471354,0.027151173155894548,11,19.5
student_kdA4_s2,test_w32-35,all,near,,100000,16559,0.84625,0.7326142464935576,0.8262596053505646,0.7616401956639893,0.7232516299293437,0.8507648885802284,0.7392354610785675,0.7454041892626366,0.09531689208559696,0.9085213541984558,0.24530607151471354,0.027151173155894548,11,19.5
student_kdA4_s2,test_w32-35,all,far,,100000,83441,0.84625,0.7326142464935576,0.742216062846802,0.8643592478517755,0.6567577071223978,0.7601691301039057,0.8192495296077468,0.6723096705456549,0.09531689208559696,0.9085213541984558,0.24530607151471354,0.027151173155894548,11,19.5
student_kdA4_s2,test_w32-35,ge5,all,,95262,94615,0.856238584115387,0.7375684490714393,0.761064238468281,0.844739206256936,0.6813426639404605,0.7836300790293107,0.8045870105163029,0.7017714262381558,0.08824397121828062,0.8421090245246887,0.22928612933361908,0.02427473676070748,11,19.5
student_kdA4_s2,test_w32-35,ge5,near,,95262,16006,0.856238584115387,0.7375684490714393,0.8311596766688757,0.7605273022616519,0.7374304539064631,0.8597512746061329,0.7454704485817818,0.7637387044028884,0.08824397121828062,0.8421090245246887,0.22928612933361908,0.02427473676070748,11,19.5
student_kdA4_s2,test_w32-35,ge5,far,,95262,78609,0.856238584115387,0.7375684490714393,0.7467917304369014,0.8618860435827959,0.6699223282766581,0.7681306342277917,0.8166240506812197,0.6891539364557557,0.08824397121828062,0.8421090245246887,0.22928612933361908,0.02427473676070748,11,19.5
student_kdA4_s2,test_w36-39,all,all,,100000,100000,0.82839,0.720573524958971,0.7310433706,0.85978,0.6327855756999999,0.7421045151,0.83332,0.6428788534000001,0.1088622360919416,0.9908191561698914,0.2741067627195637,0.03351481304030758,11,23.5
student_kdA4_s2,test_w36-39,all,near,,100000,12548,0.82839,0.720573524958971,0.8151261440070131,0.7726330889384763,0.6988905092445011,0.8411295254223781,0.7741472744660504,0.7223924434172776,0.1088622360919416,0.9908191561698914,0.2741067627195637,0.03351481304030758,11,23.5
student_kdA4_s2,test_w36-39,all,far,,100000,87452,0.82839,0.720573524958971,0.7189788021428898,0.8722842244888624,0.6233005472716462,0.727895968359786,0.841810364542835,0.6314698915976763,0.1088622360919416,0.9908191561698914,0.2741067627195637,0.03351481304030758,11,23.5
student_kdA4_s2,test_w36-39,ge5,all,,95184,91735,0.8409081358211464,0.7257979328013789,0.745766945147927,0.8529350847550008,0.6564257358538291,0.7614443682187751,0.8257262767754946,0.6715711500095426,0.10086489489446379,0.9225258827209473,0.2560009149488612,0.03014150186859542,11,23.5
student_kdA4_s2,test_w36-39,ge5,near,,95184,12085,0.8409081358211464,0.7257979328013789,0.8207508495359083,0.7701282581712867,0.7159851940709936,0.8506579074108964,0.7760033098882912,0.7435811042947942,0.10086489489446379,0.9225258827209473,0.2560009149488612,0.03014150186859542,11,23.5
student_kdA4_s2,test_w36-39,ge5,far,,95184,79650,0.8409081358211464,0.7257979328013789,0.7343899145825938,0.8654990583804143,0.6473889994752423,0.7479083277776353,0.8332705586942875,0.6606453458973359,0.10086489489446379,0.9225258827209473,0.2560009149488612,0.03014150186859542,11,23.5
student_kdA4_s2,test_w40-43,all,all,,100000,100000,0.82102,0.7078755010373098,0.7395301266,0.84645,0.6315795784999999,0.74890905865,0.81769,0.6414448211000001,0.11651755701497195,1.0742864608764648,0.2890650061267257,0.03621563709288763,11,27.5
student_kdA4_s2,test_w40-43,all,near,,100000,10904,0.82102,0.7078755010373098,0.8109255539251651,0.7710931768158474,0.6875309932134998,0.8337289283749084,0.7883345561261922,0.7095845157740278,0.11651755701497195,1.0742864608764648,0.2890650061267257,0.03621563709288763,11,27.5
student_kdA4_s2,test_w40-43,all,far,,100000,89096,0.82102,0.7078755010373098,0.7307924084133969,0.8556725329981144,0.6247319733770316,0.7385283921837119,0.8212826613989405,0.633105555243782,0.11651755701497195,1.0742864608764648,0.2890650061267257,0.03621563709288763,11,27.5
student_kdA4_s2,test_w40-43,ge5,all,,95288,93977,0.8320984803962723,0.7152120773623425,0.7475605714333665,0.8436106706960214,0.6484221904920286,0.759760478960082,0.8140821690413612,0.6614358021883195,0.10947463940571013,1.0052742958068848,0.2725120505620517,0.03279216960724583,11,27.5
student_kdA4_s2,test_w40-43,ge5,near,,95288,10557,0.8320984803962723,0.7152120773623425,0.8146470459482074,0.7713365539452496,0.7014996507558939,0.8405828862300195,0.7912285687221748,0.7269705708309443,0.10947463940571013,1.0052742958068848,0.2725120505620517,0.03279216960724583,11,27.5
student_kdA4_s2,test_w40-43,ge5,far,,95288,83420,0.8320984803962723,0.7152120773623425,0.7390706180474498,0.8527571325821146,0.6417051112783433,0.7495322105166785,0.8169743466794533,0.6531422208821555,0.10947463940571013,1.0052742958068848,0.2725120505620517,0.03279216960724583,11,27.5
student_kdA4_s2,test_w44-47,all,all,,100000,100000,0.80006,0.6821648947584459,0.71283643675,0.86716,0.5978465556000001,0.724349405,0.84087,0.6090542803000001,0.1307206394046545,1.3160934448242188,0.3243455980844746,0.04636679638503726,11,31.5
student_kdA4_s2,test_w44-47,all,near,,100000,10628,0.80006,0.6821648947584459,0.7979183096537448,0.7990214527662778,0.6622665092209259,0.823517602088822,0.816146029356417,0.6863181896876176,0.1307206394046545,1.3160934448242188,0.3243455980844746,0.04636679638503726,11,31.5
student_kdA4_s2,test_w44-47,all,far,,100000,89372,0.80006,0.6821648947584459,0.702718612988408,0.8752629458890928,0.5901858199436065,0.7125564542026587,0.8438101418788883,0.5998661584165064,0.1307206394046545,1.3160934448242188,0.3243455980844746,0.04636679638503726,11,31.5
student_kdA4_s2,test_w44-47,ge5,all,,94936,92436,0.811146456560209,0.6899176498007484,0.7242621588994584,0.8632242849106408,0.6167367859205886,0.7379218538513005,0.8371521917867497,0.6307935488883396,0.12335984214162168,1.2322136163711548,0.30730942674174533,0.04235025753207031,11,31.5
student_kdA4_s2,test_w44-47,ge5,near,,94936,10310,0.811146456560209,0.6899176498007484,0.7992461918497423,0.8002909796314258,0.6742110658325375,0.8271029435972262,0.8215324927255092,0.7010006547266474,0.12335984214162168,1.2322136163711548,0.30730942674174533,0.04235025753207031,11,31.5
student_kdA4_s2,test_w44-47,ge5,far,,94936,82126,0.811146456560209,0.6899176498007484,0.7148487529169749,0.8711248569271607,0.609521533431825,0.7267261663067897,0.8391130701604851,0.6219798326329155,0.12335984214162168,1.2322136163711548,0.30730942674174533,0.04235025753207031,11,31.5
student_kdA4_s2,test_w48-51,all,all,,100000,100000,0.79131,0.6749120571333198,0.7092855151,0.87608,0.5919161477,0.7234709336999999,0.85299,0.6049642515,0.13885022200837732,1.4572168588638306,0.34097722915737233,0.04914067823712026,11,35.333333333333336
student_kdA4_s2,test_w48-51,all,near,,100000,10972,0.79131,0.6749120571333198,0.7994434168793292,0.7873678454247175,0.6578815913233687,0.8267844914327379,0.7998541742617572,0.6827353672985782,0.13885022200837732,1.4572168588638306,0.34097722915737233,0.04914067823712026,11,35.333333333333336
student_kdA4_s2,test_w48-51,all,far,,100000,89028,0.79131,0.6749120571333198,0.698174263602462,0.8870130745383474,0.5837864261805276,0.7107383511928831,0.8595385721346094,0.5953795738419374,0.13885022200837732,1.4572168588638306,0.34097722915737233,0.04914067823712026,11,35.333333333333336
student_kdA4_s2,test_w48-51,ge5,all,,94668,93780,0.8033337558625935,0.6833437542625711,0.7154682178721442,0.8756877799104287,0.6073279531634649,0.7316669075326749,0.8503838771593091,0.6235675102410628,0.13075261632887267,1.3474786281585693,0.32222087241688074,0.0445815066007319,11,35.333333333333336
student_kdA4_s2,test_w48-51,ge5,near,,94668,10675,0.8033337558625935,0.6833437542625711,0.7994974375628908,0.7903512880562061,0.6696694891027527,0.8291449971991357,0.8028103044496487,0.6974563936444871,0.13075261632887267,1.3474786281585693,0.32222087241688074,0.0445815066007319,11,35.333333333333336
student_kdA4_s2,test_w48-51,ge5,far,,94668,83105,0.8033337558625935,0.6833437542625711,0.7046745000429075,0.8866494194091812,0.5993200607845239,0.719145656017249,0.8564947957403285,0.614076338466422,0.13075261632887267,1.3474786281585693,0.32222087241688074,0.0445815066007319,11,35.333333333333336
student_kdB4_s0,val,all,all,,200000,53779,0.92836,0.895699956264021,0.7672502869149668,0.8783911935885754,0.7245070821324309,0.8153588930158613,0.8339872440915599,0.7700306459770543,0.04090605866726489,0.3458814024925232,0.11165205042199806,0.005740548206451601,11,1.0
student_kdB4_s0,val,all,near,,200000,10959,0.92836,0.895699956264021,0.6787800848617576,0.9315630988228853,0.6443606565380052,0.693866339766402,0.9194269550141436,0.6602730121361438,0.04090605866726489,0.3458814024925232,0.11165205042199806,0.005740548206451601,11,1.0
student_kdB4_s0,val,all,far,,200000,42820,0.92836,0.895699956264021,0.7898926256422233,0.8647828117702009,0.7450191017048108,0.8464527017748716,0.8121205044371789,0.7981211156001868,0.04090605866726489,0.3458814024925232,0.11165205042199806,0.005740548206451601,11,1.0
student_kdB4_s0,val,ge5,all,,191366,52270,0.9396967068340248,0.9085421145494865,0.7698006400035466,0.8796058924813469,0.7359948012520883,0.8203540689823412,0.8387794145781519,0.7847380143875982,0.034560524130834866,0.2863297462463379,0.09428086027170006,0.004323545701573326,11,1.0
student_kdB4_s0,val,ge5,near,,191366,10483,0.9396967068340248,0.9085421145494865,0.6863045590475064,0.9316989411428026,0.6591852401134162,0.7040299115665999,0.923876752837928,0.6783327246483781,0.034560524130834866,0.2863297462463379,0.09428086027170006,0.004323545701573326,11,1.0
student_kdB4_s0,val,ge5,far,,191366,41787,0.9396967068340248,0.9085421145494865,0.790747092648201,0.866537439873645,0.7552638234220622,0.8495360189234524,0.8174312585253787,0.811431642844684,0.034560524130834866,0.2863297462463379,0.09428086027170006,0.004323545701573326,11,1.0
student_kdB4_s0,test_w16-19,all,all,,100000,100000,0.91922,0.8847800409082232,0.7332693717000001,0.86248,0.6868097525999999,0.7629840497000001,0.81978,0.7154483822,0.046971184663474524,0.41364428400993347,0.12709985005392677,0.0076255905086303095,11,3.5
student_kdB4_s0,test_w16-19,all,near,,100000,11980,0.91922,0.8847800409082232,0.8216688597662771,0.7452420701168614,0.7652051619365609,0.8529819273789649,0.6732053422370617,0.794718325542571,0.046971184663474524,0.41364428400993347,0.12709985005392677,0.0076255905086303095,11,3.5
student_kdB4_s0,test_w16-19,all,far,,100000,88020,0.91922,0.8847800409082232,0.721237721313338,0.8784367189275165,0.6761397116564418,0.7507348498068621,0.839729606907521,0.7046593124289933,0.046971184663474524,0.41364428400993347,0.12709985005392677,0.0076255905086303095,11,3.5
student_kdB4_s0,test_w16-19,ge5,all,,96085,89545,0.9287089556122183,0.8937217682601306,0.7521086886987677,0.8534479870456195,0.7117647603957369,0.7845638552908836,0.8056507901055335,0.7434391867371163,0.04173968774772259,0.3641938269138336,0.11245092704571312,0.00621238395152192,11,3.5
student_kdB4_s0,test_w16-19,ge5,near,,96085,11402,0.9287089556122183,0.8937217682601306,0.831554071052007,0.7439922820557797,0.7827820385419465,0.8657270228005616,0.664620242062796,0.8152751963635221,0.04173968774772259,0.3641938269138336,0.11245092704571312,0.00621238395152192,11,3.5
student_kdB4_s0,test_w16-19,ge5,far,,96085,78143,0.9287089556122183,0.8937217682601306,0.7405166555084417,0.8694188858886912,0.7014024885937445,0.7727211766639387,0.8262288368759838,0.7329574522022217,0.04173968774772259,0.3641938269138336,0.11245092704571312,0.00621238395152192,11,3.5
student_kdB4_s0,test_w20-23,all,all,,100000,100000,0.90367,0.8570690838879472,0.7395231079499999,0.86688,0.6824135637000002,0.7634744572500001,0.80932,0.7053417817000002,0.05636446904711424,0.506008505821228,0.15137433869743344,0.01099260608804818,11,7.5
student_kdB4_s0,test_w20-23,all,near,,100000,13417,0.90367,0.8570690838879472,0.8248548915554892,0.770291421331147,0.7569611090407691,0.8575913833196691,0.6803309234553179,0.787522169635537,0.05636446904711424,0.506008505821228,0.15137433869743344,0.01099260608804818,11,7.5
student_kdB4_s0,test_w20-23,all,far,,100000,86583,0.90367,0.8570690838879472,0.7262999978633218,0.8818474758324383,0.6708615914209487,0.7488899915110356,0.8293082937759144,0.6926070154649298,0.05636446904711424,0.506008505821228,0.15137433869743344,0.01099260608804818,11,7.5
student_kdB4_s0,test_w20-23,ge5,all,,95941,89776,0.9138845748949875,0.8662104700670208,0.7598296793533725,0.8581135270005347,0.7092694982198586,0.7864961866220463,0.7946890037426484,0.7352908946115335,0.04998646163120427,0.45676183700561523,0.13533994256060544,0.009164099336805441,11,7.5
student_kdB4_s0,test_w20-23,ge5,near,,95941,12762,0.9138845748949875,0.8662104700670208,0.8337668210949156,0.7668860680144178,0.7743710591697768,0.8696138452222016,0.6737972104685785,0.8081454191467752,0.04998646163120427,0.45676183700561523,0.13533994256060544,0.009164099336805441,11,7.5
student_kdB4_s0,test_w20-23,ge5,far,,95941,77014,0.9138845748949875,0.8662104700670208,0.7475775459372977,0.8732308411457657,0.6984815100509173,0.7727227485581207,0.8147219985976576,0.7232181618341328,0.04998646163120427,0.45676183700561523,0.13533994256060544,0.009164099336805441,11,7.5
student_kdB4_s0,test_w24-27,all,all,,100000,100000,0.89844,0.8334240242905427,0.7395947638,0.87277,0.679389645,0.76023911035,0.80764,0.6994561869,0.05989094329193234,0.5671883821487427,0.16173230548934714,0.013365181466770034,11,11.5
student_kdB4_s0,test_w24-27,all,near,,100000,12494,0.89844,0.8334240242905427,0.8218566167760524,0.7830958860252921,0.7509828821834481,0.8564221002081,0.6735232911797663,0.783206198175124,0.05989094329193234,0.5671883821487427,0.16173230548934714,0.013365181466770034,11,11.5
student_kdB4_s0,test_w24-27,all,far,,100000,87506,0.89844,0.8334240242905427,0.7278495167188536,0.8855735606701255,0.6691676498754371,0.7465062203163213,0.8267890201814733,0.6874984623911503,0.05989094329193234,0.5671883821487427,0.16173230548934714,0.013365181466770034,11,11.5
student_kdB4_s0,test_w24-27,ge5,all,,96204,89771,0.9067918173880504,0.8403275266053749,0.7597295376006185,0.8649452495794856,0.7046253243578848,0.7833356412814608,0.7920709360483897,0.7279977095880263,0.05469617994839,0.5171538591384888,0.14841115714949146,0.011670835219489977,11,11.5
student_kdB4_s0,test_w24-27,ge5,near,,96204,11977,0.9067918173880504,0.8403275266053749,0.829732775815962,0.7819988310929281,0.7659519846965148,0.8678404684852792,0.6678634048593137,0.801762087644688,0.05469617994839,0.5171538591384888,0.14841115714949146,0.011670835219489977,11,11.5
student_kdB4_s0,test_w24-27,ge5,far,,96204,77794,0.9067918173880504,0.8403275266053749,0.7489519868369969,0.8777155050518035,0.6951836012060253,0.7703254564931722,0.811193665321233,0.7166411016750173,0.05469617994839,0.5171538591384888,0.14841115714949146,0.011670835219489977,11,11.5
student_kdB4_s0,test_w28-31,all,all,,100000,100000,0.87697,0.7684379226649912,0.74001379635,0.88387,0.6692323794999999,0.7689510132499999,0.81108,0.6952968688000001,0.0745107498018443,0.7505984306335449,0.19706028402524312,0.018961130280240494,11,15.5
student_kdB4_s0,test_w28-31,all,near,,100000,15990,0.87697,0.7684379226649912,0.8049008686679173,0.8313946216385241,0.7237931081926204,0.8443164355847405,0.6818636647904941,0.7585921407129456,0.0745107498018443,0.7505984306335449,0.19706028402524312,0.018961130280240494,11,15.5
student_kdB4_s0,test_w28-31,all,far,,100000,84010,0.87697,0.7684379226649912,0.7276635489227472,0.8938578740626116,0.6588475913581717,0.7546063744792286,0.8356743244851803,0.6832495958814427,0.0745107498018443,0.7505984306335449,0.19706028402524312,0.018961130280240494,11,15.5
student_kdB4_s0,test_w28-31,ge5,all,,95576,94669,0.8853163974219469,0.7744692745084018,0.7462658846098837,0.8841225744435877,0.6823275458405695,0.777579069503864,0.8117968923301186,0.7111731213322562,0.06911970170438818,0.6875882744789124,0.18311410101868408,0.016764226405542502,11,15.5
student_kdB4_s0,test_w28-31,ge5,near,,95576,15420,0.8853163974219469,0.7744692745084018,0.8100697425437273,0.8354085603112841,0.736500779572598,0.853447232885039,0.6864461738002594,0.7752440367839497,0.06911970170438818,0.6875882744789124,0.18311410101868408,0.016764226405542502,11,15.5
student_kdB4_s0,test_w28-31,ge5,far,,95576,79249,0.8853163974219469,0.7744692745084018,0.7338511476499239,0.8936011810874586,0.6717867028753856,0.7628169011567844,0.8361872074095572,0.6987064212317489,0.06911970170438818,0.6875882744789124,0.18311410101868408,0.016764226405542502,11,15.5
student_kdB4_s0,test_w32-35,all,all,,100000,100000,0.84949,0.7299531303619029,0.7314618692,0.89172,0.6471247608999999,0.7565058184000001,0.83513,0.6684876310000001,0.09744262205660348,0.9893792867660522,0.24617015602737594,0.02752901358369359,11,19.5
student_kdB4_s0,test_w32-35,all,near,,100000,16559,0.84949,0.7299531303619029,0.8050040696901987,0.8277673772570807,0.7058149187752882,0.8429492958511988,0.7222658373090163,0.7379804378283713,0.09744262205660348,0.9893792867660522,0.24617015602737594,0.02752901358369359,11,19.5
student_kdB4_s0,test_w32-35,all,far,,100000,83441,0.84949,0.7299531303619029,0.7168673018060666,0.9044115003415587,0.6354776051341667,0.7393509719442481,0.8575280737287425,0.6546966722594408,0.09744262205660348,0.9893792867660522,0.24617015602737594,0.02752901358369359,11,19.5
student_kdB4_s0,test_w32-35,ge5,all,,95262,94615,0.8589259095966912,0.7351965677421349,0.736010138982463,0.8912751677852349,0.6596529878515157,0.7637270328559251,0.8339692437774138,0.6842932990431463,0.09105655224595921,0.9159358143806458,0.23033467084188394,0.02465450430666631,11,19.5
student_kdB4_s0,test_w32-35,ge5,near,,95262,16006,0.8589259095966912,0.7351965677421349,0.8089073566219748,0.8285018118205673,0.7185257197369613,0.8512708785385386,0.724415844058478,0.7550716046356334,0.09105655224595921,0.9159358143806458,0.23033467084188394,0.02465450430666631,11,19.5
student_kdB4_s0,test_w32-35,ge5,far,,95262,78609,0.8589259095966912,0.7351965677421349,0.7211671456160799,0.9040567873907568,0.6476655952303344,0.745901761016875,0.85627599893142,0.669881748720494,0.09105655224595921,0.9159358143806458,0.23033467084188394,0.02465450430666631,11,19.5
student_kdB4_s0,test_w36-39,all,all,,100000,100000,0.82803,0.7154833432842572,0.70830728115,0.90097,0.6109111057,0.72315324255,0.85552,0.6242909225,0.11465796658277506,1.144447684288025,0.2836642170187846,0.035191987089167334,11,23.5
student_kdB4_s0,test_w36-39,all,near,,100000,12548,0.82803,0.7154833432842572,0.797155006375518,0.8234778450749123,0.6801314424609499,0.8345799390341091,0.7268090532355754,0.712314384762512,0.11465796658277506,1.144447684288025,0.2836642170187846,0.035191987089167334,11,23.5
student_kdB4_s0,test_w36-39,all,far,,100000,87452,0.82803,0.7154833432842572,0.6955590163175227,0.9120889173489457,0.6009790654301788,0.7071652469926358,0.8739880162832182,0.6116609265654301,0.11465796658277506,1.144447684288025,0.2836642170187846,0.035191987089167334,11,23.5
student_kdB4_s0,test_w36-39,ge5,all,,95184,91735,0.8398260211800302,0.7209820129463842,0.7226711471276311,0.8980977816536764,0.632838842351811,0.739794527958038,0.8489671335913228,0.649892823099102,0.10657227690527167,1.0726512670516968,0.2649913281606471,0.0316005422989031,11,23.5
student_kdB4_s0,test_w36-39,ge5,near,,95184,12085,0.8398260211800302,0.7209820129463842,0.8021258992360454,0.8260653702937526,0.6955639685012581,0.8432136232031014,0.7304095986760447,0.7317226333502402,0.10657227690527167,1.0726512670516968,0.2649913281606471,0.0316005422989031,11,23.5
student_kdB4_s0,test_w36-39,ge5,far,,95184,79650,0.8398260211800302,0.7209820129463842,0.7106157713683067,0.9090269930947897,0.6233217908826828,0.7241031310209811,0.8669554300062775,0.6374770885493846,0.10657227690527167,1.0726512670516968,0.2649913281606471,0.0316005422989031,11,23.5
student_kdB4_s0,test_w40-43,all,all,,100000,100000,0.8207,0.706442823460836,0.7111575898,0.89297,0.6055645648000001,0.72576767715,0.84997,0.6196276091000001,0.12162978324517608,1.239714503288269,0.29689735472883555,0.03846376761466691,11,27.5
student_kdB4_s0,test_w40-43,all,near,,100000,10904,0.8207,0.706442823460836,0.793931265590609,0.8183235509904622,0.6698487765957447,0.8305408249266323,0.719369038884813,0.7019090920763023,0.12162978324517608,1.239714503288269,0.29689735472883555,0.03846376761466691,11,27.5
student_kdB4_s0,test_w40-43,all,far,,100000,89096,0.8207,0.706442823460836,0.7010273464577533,0.902105593966059,0.5976971516117447,0.7129450318757296,0.8659535781628804,0.6095576026982131,0.12162978324517608,1.239714503288269,0.29689735472883555,0.03846376761466691,11,27.5
student_kdB4_s0,test_w40-43,ge5,all,,95288,93977,0.83133238183192,0.7136324162478943,0.718660083751408,0.8918033135767263,0.6209132049269934,0.734793644830259,0.8496334209434223,0.6375821493162512,0.11433467076549164,1.1657764911651611,0.27951528914931173,0.0348389495089822,11,27.5
student_kdB4_s0,test_w40-43,ge5,near,,95288,10557,0.83133238183192,0.7136324162478943,0.7972518853658619,0.8198351804489912,0.6827291409503182,0.8369287715033289,0.7332575542294212,0.7181428853701801,0.11433467076549164,1.1657764911651611,0.27951528914931173,0.0348389495089822,11,27.5
student_kdB4_s0,test_w40-43,ge5,far,,95288,83420,0.83133238183192,0.7136324162478943,0.7087141037748581,0.9009110525053944,0.613090250760148,0.7218682009044907,0.8643610644929274,0.6273869959894551,0.11433467076549164,1.1657764911651611,0.27951528914931173,0.0348389495089822,11,27.5
student_kdB4_s0,test_w44-47,all,all,,100000,100000,0.79796,0.6763109959753669,0.6837495805,0.90513,0.5718665236,0.7008478367,0.86765,0.5872140051000001,0.1380019290140271,1.5327510833740234,0.33447809617154,0.04757244627059661,11,31.5
student_kdB4_s0,test_w44-47,all,near,,100000,10628,0.79796,0.6763109959753669,0.780083450790365,0.8358110651110274,0.6445573165223938,0.8185896273993224,0.7662777568686489,0.6770008609333835,0.1380019290140271,1.5327510833740234,0.33447809617154,0.04757244627059661,11,31.5
student_kdB4_s0,test_w44-47,all,far,,100000,89372,0.79796,0.6763109959753669,0.6722936840956899,0.9133733160273911,0.5632222306762745,0.6868461387235375,0.8797050530367453,0.5765366709931523,0.1380019290140271,1.5327510833740234,0.33447809617154,0.04757244627059661,11,31.5
student_kdB4_s0,test_w44-47,ge5,all,,94936,92436,0.8085868374483863,0.6833361674534179,0.6939980052286674,0.9020727854948288,0.5891068154542173,0.7119387304881728,0.8666645030074862,0.6064800551373363,0.13058438479713266,1.4408406019210815,0.31693766787419164,0.04310213529548023,11,31.5
student_kdB4_s0,test_w44-47,ge5,near,,94936,10310,0.8085868374483863,0.6833361674534179,0.7794718665745475,0.8375363724539282,0.6544777350438424,0.8211956294084525,0.773811833171678,0.6901921510939586,0.13058438479713266,1.4408406019210815,0.31693766787419164,0.04310213529548023,11,31.5
student_kdB4_s0,test_w44-47,ge5,far,,94936,82126,0.8085868374483863,0.6833361674534179,0.6832677187119003,0.9101746097460001,0.5809002282471326,0.698222749825921,0.8783211163334389,0.5959709385443842,0.13058438479713266,1.4408406019210815,0.31693766787419164,0.04310213529548023,11,31.5
student_kdB4_s0,test_w48-51,all,all,,100000,100000,0.78862,0.6697559559088845,0.6777521454,0.91126,0.5634229941000001,0.69695954145,0.88306,0.5811447109,0.1463897157368064,1.691985011100769,0.3524341635942881,0.05177740054915301,11,35.333333333333336
student_kdB4_s0,test_w48-51,all,near,,100000,10972,0.78862,0.6697559559088845,0.7774980140357274,0.8284724753919067,0.6369864783084214,0.8198571477397011,0.7655851257746993,0.6724755714546117,0.1463897157368064,1.691985011100769,0.3524341635942881,0.05177740054915301,11,35.333333333333336
student_kdB4_s0,test_w48-51,all,far,,100000,89028,0.78862,0.6697559559088845,0.6654592524823651,0.9214629105449971,0.5543568739048389,0.6818133791616121,0.8975378532596486,0.5698889014692007,0.1463897157368064,1.691985011100769,0.3524341635942881,0.05177740054915301,11,35.333333333333336
student_kdB4_s0,test_w48-51,ge5,all,,94668,93780,0.8003232348840157,0.6775009632648943,0.6827532475843135,0.9103326935380678,0.5775536630182541,0.7024828794549972,0.8822670078908083,0.5973553467608609,0.13812410829405158,1.5689557790756226,0.3333299125812907,0.04641356408348621,11,35.333333333333336
student_kdB4_s0,test_w48-51,ge5,near,,94668,10675,0.8003232348840157,0.6775009632648943,0.775563871729616,0.8324121779859485,0.646987132846069,0.8211629929874985,0.7697423887587822,0.6859080386340173,0.13812410829405158,1.5689557790756226,0.3333299125812907,0.04641356408348621,11,35.333333333333336
student_kdB4_s0,test_w48-51,ge5,far,,94668,83105,0.8003232348840157,0.6775009632648943,0.6708315411556858,0.9203417363576198,0.56863479784273,0.6872381864526574,0.8967210155826966,0.5859805800711797,0.13812410829405158,1.5689557790756226,0.3333299125812907,0.04641356408348621,11,35.333333333333336
student_kdB4_s1,val,all,all,,200000,53779,0.92787,0.8966039046723041,0.772067656845609,0.8649658788746537,0.7290042095427582,0.8196430898677922,0.8184049536064263,0.7732280938656353,0.0409925892972946,0.3533221185207367,0.11300989787647393,0.006064111151864502,11,1.0
student_kdB4_s1,val,all,near,,200000,10959,0.92787,0.8966039046723041,0.6756902210511908,0.9245369103020349,0.6416483743954742,0.6884453227940506,0.9201569486266995,0.6550192348754449,0.0409925892972946,0.3533221185207367,0.11300989787647393,0.006064111151864502,11,1.0
student_kdB4_s1,val,all,far,,200000,42820,0.92787,0.8966039046723041,0.7967337081971042,0.8497197571228398,0.751361346333489,0.8532207715436712,0.7923633815973844,0.803481500817375,0.0409925892972946,0.3533221185207367,0.11300989787647393,0.006064111151864502,11,1.0
student_kdB4_s1,val,ge5,all,,191366,52270,0.9393936226915962,0.9094095231568667,0.7745841311686856,0.8671513296345896,0.740737134033366,0.8246640172928816,0.8212932848670366,0.788263116221045,0.03472890184856564,0.29424959421157837,0.09556542485010966,0.004606963947889275,11,1.0
student_kdB4_s1,val,ge5,near,,191366,10483,0.9393936226915962,0.9094095231568667,0.6825099317663738,0.9259753887246017,0.6559678093330078,0.698125109284117,0.9205380139273109,0.6728644130502118,0.03472890184856564,0.29424959421157837,0.09556542485010966,0.004606963947889275,11,1.0
student_kdB4_s1,val,ge5,far,,191366,41787,0.9393936226915962,0.9094095231568667,0.7976825548969849,0.8523942853040419,0.7620030021462685,0.8564085161239983,0.7963960083279489,0.8172128997742991,0.03472890184856564,0.29424959421157837,0.09556542485010966,0.004606963947889275,11,1.0
student_kdB4_s1,test_w16-19,all,all,,100000,100000,0.91904,0.8843348979362768,0.7308594388,0.89055,0.6858101295000001,0.7569251393,0.84341,0.7102736506999999,0.046696341120749725,0.4230748414993286,0.12711238780806153,0.007855247349627708,11,3.5
student_kdB4_s1,test_w16-19,all,near,,100000,11980,0.91904,0.8843348979362768,0.812317157345576,0.808931552587646,0.7579912754590985,0.843629227045075,0.7303005008347245,0.7868941110183639,0.046696341120749725,0.4230748414993286,0.12711238780806153,0.007855247349627708,11,3.5
student_kdB4_s1,test_w16-19,all,far,,100000,88020,0.91904,0.8843348979362768,0.7197726009429675,0.9016587139286526,0.6759858835491934,0.7451242421040672,0.8588048170870257,0.699845189956828,0.046696341120749725,0.4230748414993286,0.12711238780806153,0.007855247349627708,11,3.5
student_kdB4_s1,test_w16-19,ge5,all,,96085,89545,0.9288442524847791,0.8933992811908815,0.7494160224483196,0.8828075269417611,0.711001060785431,0.7821607793342075,0.833368697303032,0.7420791603075704,0.04122124058839754,0.37237194180488586,0.11213965727541213,0.006408157438657685,11,3.5
student_kdB4_s1,test_w16-19,ge5,near,,96085,11402,0.9288442524847791,0.8933992811908815,0.819747896870058,0.806788282757411,0.7737046640672742,0.8555908274843294,0.7282932818803719,0.8071529707464897,0.04122124058839754,0.37237194180488586,0.11213965727541213,0.006408157438657685,11,3.5
student_kdB4_s1,test_w16-19,ge5,far,,96085,78143,0.9288442524847791,0.8933992811908815,0.7391537592621524,0.8938996455216718,0.7018518537595995,0.7714464554791253,0.848700459414151,0.7325841116579848,0.04122124058839754,0.37237194180488586,0.11213965727541213,0.006408157438657685,11,3.5
student_kdB4_s1,test_w20-23,all,all,,100000,100000,0.90529,0.8592839628908396,0.7319614488,0.8922,0.678230041,0.7560837708,0.83315,0.7004830882999998,0.05497202292770147,0.517487645149231,0.14907233132482126,0.010875417393018488,11,7.5
student_kdB4_s1,test_w20-23,all,near,,100000,13417,0.90529,0.8592839628908396,0.812515122232988,0.8182156965044347,0.7490662100320489,0.8477794969069092,0.7318327494969069,0.7811034672430499,0.05497202292770147,0.517487645149231,0.14907233132482126,0.010875417393018488,11,7.5
student_kdB4_s1,test_w20-23,all,far,,100000,86583,0.90529,0.8592839628908396,0.7194787600914729,0.9036646916831249,0.6672531878082303,0.7418744969566774,0.8488502361895522,0.6879900628298858,0.05497202292770147,0.517487645149231,0.14907233132482126,0.010875417393018488,11,7.5
student_kdB4_s1,test_w20-23,ge5,all,,95941,89776,0.9156043818596846,0.8681371078641839,0.7515979986825837,0.8851808946711817,0.7049295725937845,0.7820995274887416,0.8225917839957226,0.7334586251371804,0.04895800067899553,0.46699148416519165,0.13302018414752964,0.009024779834214493,11,7.5
student_kdB4_s1,test_w20-23,ge5,near,,95941,12762,0.9156043818596846,0.8681371078641839,0.8192371976717048,0.8179752389907538,0.7647657739673402,0.8589986980731401,0.7298229117693151,0.8012469810475398,0.04895800067899553,0.46699148416519165,0.13302018414752964,0.009024779834214493,11,7.5
student_kdB4_s1,test_w20-23,ge5,far,,95941,77014,0.9156043818596846,0.8681371078641839,0.7403894981826854,0.8963175526527645,0.695014107848033,0.7693565558862006,0.8379645259303503,0.7222254078243799,0.04895800067899553,0.46699148416519165,0.13302018414752964,0.009024779834214493,11,7.5
student_kdB4_s1,test_w24-27,all,all,,100000,100000,0.89917,0.8363804504357665,0.7277615724,0.89332,0.6704437003999999,0.7496702606,0.8385,0.6908914745999999,0.06025500987276439,0.5991342067718506,0.1620923921248267,0.013247485290216146,11,11.5
student_kdB4_s1,test_w24-27,all,near,,100000,12494,0.89917,0.8363804504357665,0.8047921198175123,0.8384024331679206,0.7378680094445335,0.8421321822474788,0.742196254202017,0.7719865911637587,0.06025500987276439,0.5991342067718506,0.1620923921248267,0.013247485290216146,11,11.5
student_kdB4_s1,test_w24-27,all,far,,100000,87506,0.89917,0.8363804504357665,0.7167632447489315,0.9011610632413777,0.6608169397527026,0.7364686601490184,0.8522501314195599,0.6793128127214132,0.06025500987276439,0.5991342067718506,0.1620923921248267,0.013247485290216146,11,11.5
student_kdB4_s1,test_w24-27,ge5,all,,96204,89771,0.9075818053303397,0.842669492617834,0.7464276205798268,0.8851410811954863,0.6946895728159687,0.7756776859945397,0.825778926379343,0.7222769374433686,0.055026914360423965,0.546184241771698,0.14849485341928645,0.011474345155399794,11,11.5
student_kdB4_s1,test_w24-27,ge5,near,,96204,11977,0.9075818053303397,0.842669492617834,0.8113887549781629,0.8383568506303749,0.7519013876634304,0.852870420804706,0.7395007096935794,0.7900985759412261,0.055026914360423965,0.546184241771698,0.14849485341928645,0.011474345155399794,11,11.5
student_kdB4_s1,test_w24-27,ge5,far,,96204,77794,0.9075818053303397,0.842669492617834,0.7364263414748976,0.8923438825616371,0.6858813625885982,0.7637932555137653,0.8390621384682624,0.7118352611664214,0.055026914360423965,0.546184241771698,0.14849485341928645,0.011474345155399794,11,11.5
student_kdB4_s1,test_w28-31,all,all,,100000,100000,0.87627,0.7776998324371592,0.74027397975,0.87597,0.6698540011999999,0.76504238,0.81737,0.6920436987999999,0.07766870131939649,0.8097817897796631,0.19974394784670704,0.019133042665700182,11,15.5
student_kdB4_s1,test_w28-31,all,near,,100000,15990,0.87627,0.7776998324371592,0.7973387923702314,0.8534083802376485,0.7183946797998749,0.8369668242651658,0.7570981863664791,0.7529539362101312,0.07766870131939649,0.8097817897796631,0.19974394784670704,0.019133042665700182,11,15.5
student_kdB4_s1,test_w28-31,all,far,,100000,84010,0.87627,0.7776998324371592,0.7294125780859422,0.8802642542554457,0.6606150361861683,0.7513526780145221,0.8288418045470777,0.6804503801928342,0.07766870131939649,0.8097817897796631,0.19974394784670704,0.019133042665700182,11,15.5
student_kdB4_s1,test_w28-31,ge5,all,,95576,94669,0.8845630702268352,0.7840215645239543,0.7450405127987388,0.8747742133116437,0.6818042392687049,0.774091308249635,0.8142052836725855,0.7082649766908495,0.07213454656886031,0.7443743944168091,0.18571675815125946,0.01685538728526707,11,15.5
student_kdB4_s1,test_w28-31,ge5,near,,95576,15420,0.8845630702268352,0.7840215645239543,0.8014338535921244,0.854863813229572,0.7302577670378803,0.8457496747551361,0.7590142671854734,0.7693346896262644,0.07213454656886031,0.7443743944168091,0.18571675815125946,0.01685538728526707,11,15.5
student_kdB4_s1,test_w28-31,ge5,far,,95576,79249,0.8845630702268352,0.7840215645239543,0.7340676889771889,0.8786483110196974,0.6723763171725183,0.7601482678136064,0.8249441633332912,0.6963822403350077,0.07213454656886031,0.7443743944168091,0.18571675815125946,0.01685538728526707,11,15.5
student_kdB4_s1,test_w32-35,all,all,,100000,100000,0.84587,0.7340039944707802,0.7331173528500001,0.88373,0.6463193039999999,0.7518508258000001,0.83275,0.6623345112,0.10398206694245338,1.088273525238037,0.2537645713623371,0.028621689964422006,11,19.5
student_kdB4_s1,test_w32-35,all,near,,100000,16559,0.84587,0.7340039944707802,0.7947294468264992,0.8655112023672927,0.6966363596835558,0.8325572791231354,0.7888761398635183,0.7284263355275076,0.10398206694245338,1.088273525238037,0.2537645713623371,0.028621689964422006,11,19.5
student_kdB4_s1,test_w32-35,all,far,,100000,83441,0.84587,0.7340039944707802,0.7208903341882288,0.8873455495499815,0.636333803765535,0.7358345009647536,0.8414568377656069,0.649218482880119,0.10398206694245338,1.088273525238037,0.2537645713623371,0.028621689964422006,11,19.5
student_kdB4_s1,test_w32-35,ge5,all,,95262,94615,0.8552728265205434,0.7395901925149585,0.7360513023781895,0.8839824552132326,0.6576475967957504,0.7598301436337893,0.8289488981662527,0.6788340055779857,0.09691209460103944,1.0081419944763184,0.2375904551620882,0.02566587680165815,11,19.5
student_kdB4_s1,test_w32-35,ge5,near,,95262,16006,0.8552728265205434,0.7395901925149585,0.796988902289961,0.8701112082968887,0.7081907554911078,0.8403661036571511,0.7885168061976758,0.745234183099962,0.09691209460103944,1.0081419944763184,0.2375904551620882,0.02566587680165815,11,19.5
student_kdB4_s1,test_w32-35,ge5,far,,95262,78609,0.8552728265205434,0.7395901925149585,0.7236434709061212,0.8868068541770027,0.6473562332358794,0.7434317849708636,0.8371814932132453,0.665313909387769,0.09691209460103944,1.0081419944763184,0.2375904551620882,0.02566587680165815,11,19.5
student_kdB4_s1,test_w36-39,all,all,,100000,100000,0.82399,0.7184911597578229,0.6981915451499999,0.90972,0.6003780082999999,0.7144363278,0.86924,0.6143326846999999,0.12155600624054666,1.2036057710647583,0.29192610973254074,0.03578670693512377,11,23.5
student_kdB4_s1,test_w36-39,all,near,,100000,12548,0.82399,0.7184911597578229,0.785205108782276,0.8813356710232706,0.669471291839337,0.8239407439432578,0.8102486452024227,0.702106989958559,0.12155600624054666,1.2036057710647583,0.29192610973254074,0.03578670693512377,11,23.5
student_kdB4_s1,test_w36-39,all,far,,100000,87452,0.82399,0.7184911597578229,0.6857064539404474,0.9137927091433015,0.5904641981887206,0.6987241495334584,0.8777043406668801,0.601738438915062,0.12155600624054666,1.2036057710647583,0.29192610973254074,0.03578670693512377,11,23.5
student_kdB4_s1,test_w36-39,ge5,all,,95184,91735,0.8356551521264078,0.7243526537624907,0.7095681317992053,0.9078977489507821,0.6199361575032,0.7324098074352552,0.8647190276339456,0.6412103870114593,0.11213546305482183,1.1190720796585083,0.27170096772146907,0.032091614432314536,11,23.5
student_kdB4_s1,test_w36-39,ge5,near,,95184,12085,0.8356551521264078,0.7243526537624907,0.7880809621751792,0.8843194042201076,0.6833708957527761,0.8320674142499203,0.8123293338849814,0.7212234328991296,0.11213546305482183,1.1190720796585083,0.27170096772146907,0.032091614432314536,11,23.5
student_kdB4_s1,test_w36-39,ge5,far,,95184,79650,0.8356551521264078,0.7243526537624907,0.697655670341658,0.9114752040175769,0.6103114392138577,0.7172891272299162,0.8726679221594476,0.6290703034012586,0.11213546305482183,1.1190720796585083,0.27170096772146907,0.032091614432314536,11,23.5
student_kdB4_s1,test_w40-43,all,all,,100000,100000,0.81634,0.7078327010101995,0.7036848466500001,0.90196,0.5968503787,0.71854232605,0.86165,0.6107215715,0.12835904642492535,1.2895584106445312,0.3049876760229375,0.03903583415227073,11,27.5
student_kdB4_s1,test_w40-43,all,near,,100000,10904,0.81634,0.7078327010101995,0.7800789843176816,0.8724321349963317,0.6574420992296406,0.8194158533565664,0.8072267057960382,0.6916065994130594,0.12835904642492535,1.2895584106445312,0.3049876760229375,0.03903583415227073,11,27.5
student_kdB4_s1,test_w40-43,all,far,,100000,89096,0.81634,0.7078327010101995,0.6943353620813504,0.9055737631319026,0.589434870476789,0.7061969352159468,0.8683105863338422,0.6008224700323247,0.12835904642492535,1.2895584106445312,0.3049876760229375,0.03903583415227073,11,27.5
student_kdB4_s1,test_w40-43,ge5,all,,95288,93977,0.8269981529678448,0.7151564994957798,0.708348705528258,0.9018270427870649,0.6101041196086212,0.7285257690303287,0.8589654915564446,0.6297169861825522,0.12006366684821417,1.208051085472107,0.2868704009504665,0.0354309223396871,11,27.5
student_kdB4_s1,test_w40-43,ge5,near,,95288,10557,0.8269981529678448,0.7151564994957798,0.7817167301776325,0.8769536800227338,0.6692610897976417,0.8252020902683821,0.8079946954627262,0.7076779245651976,0.12006366684821417,1.208051085472107,0.2868704009504665,0.0354309223396871,11,27.5
student_kdB4_s1,test_w40-43,ge5,far,,95288,83420,0.8269981529678448,0.7151564994957798,0.6990638069880585,0.904974826180772,0.6026176639111209,0.7162911499544462,0.8654159673939104,0.619850843452924,0.12006366684821417,1.208051085472107,0.2868704009504665,0.0354309223396871,11,27.5
student_kdB4_s1,test_w44-47,all,all,,100000,100000,0.79333,0.6763160744001974,0.67096531345,0.91936,0.5587617422,0.6892165981500001,0.883,0.5750391817,0.14505600123062729,1.566680669784546,0.3431685285396308,0.04933274658359985,11,31.5
student_kdB4_s1,test_w44-47,all,near,,100000,10628,0.79333,0.6763160744001974,0.7649054775122318,0.8947120812946933,0.6305351467820851,0.8064549195521264,0.8348701543093715,0.6663226891230711,0.14505600123062729,1.566680669784546,0.3431685285396308,0.04933274658359985,11,31.5
student_kdB4_s1,test_w44-47,all,far,,100000,89372,0.79333,0.6763160744001974,0.6597940734234436,0.9222910978830059,0.5502265438839906,0.6752747720762655,0.8887235375732891,0.5641838677661907,0.14505600123062729,1.566680669784546,0.3431685285396308,0.04933274658359985,11,31.5
student_kdB4_s1,test_w44-47,ge5,all,,94936,92436,0.8037836015842251,0.6836060090939804,0.6783268734058602,0.9174455839716128,0.5735804456286816,0.7009990711877163,0.8788891773767796,0.5949884287992019,0.13701650408005028,1.4696542024612427,0.3254425045840036,0.04494120278800749,11,31.5
student_kdB4_s1,test_w44-47,ge5,near,,94936,10310,0.8037836015842251,0.6836060090939804,0.7641244687216717,0.8969932104752667,0.6403121972538016,0.8087228870384231,0.8366634335596508,0.6794520421006276,0.13701650408005028,1.4696542024612427,0.3254425045840036,0.04494120278800749,11,31.5
student_kdB4_s1,test_w44-47,ge5,far,,94936,82126,0.8037836015842251,0.6836060090939804,0.6675559457129735,0.9200131505248034,0.5652030211923886,0.6874755519438619,0.884190146847527,0.5843849676159261,0.13701650408005028,1.4696542024612427,0.3254425045840036,0.04494120278800749,11,31.5
student_kdB4_s1,test_w48-51,all,all,,100000,100000,0.78474,0.6683947816779425,0.6713414099,0.92213,0.5561279136999999,0.6902113547500001,0.88801,0.5726790446000001,0.15409146138668062,1.7064036130905151,0.3606270998356532,0.05291692275384262,11,35.333333333333336
student_kdB4_s1,test_w48-51,all,near,,100000,10972,0.78474,0.6683947816779425,0.7638670575100255,0.8820634341961356,0.6248330577834488,0.8105026713452426,0.817079839591688,0.6639869403937295,0.15409146138668062,1.7064036130905151,0.3606270998356532,0.05291692275384262,11,35.333333333333336
student_kdB4_s1,test_w48-51,all,far,,100000,89028,0.78474,0.6683947816779425,0.6599383523722874,0.9270678887540998,0.5476605456710248,0.6753863971447185,0.8967515837713977,0.5614260653951567,0.15409146138668062,1.7064036130905151,0.3606270998356532,0.05291692275384262,11,35.333333333333336
student_kdB4_s1,test_w48-51,ge5,all,,94668,93780,0.7961085055140068,0.6767521854388394,0.6742801764288091,0.9233418639368736,0.5680262089655628,0.6963403579138221,0.8873533802516528,0.589259315555944,0.14496623663563143,1.5750279426574707,0.34070485664445904,0.04732003723421083,11,35.333333333333336
student_kdB4_s1,test_w48-51,ge5,near,,94668,10675,0.7961085055140068,0.6767521854388394,0.7613968797550003,0.8875878220140515,0.6341096007256817,0.8112848060951874,0.8221077283372366,0.6769799053198018,0.14496623663563143,1.5750279426574707,0.34070485664445904,0.04732003723421083,11,35.333333333333336
student_kdB4_s1,test_w48-51,ge5,far,,94668,83105,0.7961085055140068,0.6767521854388394,0.6630898652801769,0.9279345406413573,0.5595376678785129,0.6815755184416354,0.8957343120149209,0.5779914340117629,0.14496623663563143,1.5750279426574707,0.34070485664445904,0.04732003723421083,11,35.333333333333336
student_kdB4_s2,val,all,all,,200000,53779,0.927375,0.8936731943200913,0.7695608014280667,0.8836162814481489,0.7262956505327358,0.814119321482363,0.8414250915784972,0.7684776384834229,0.041311204562559725,0.3544880449771881,0.11329845094876145,0.0060529255529825875,11,1.0
student_kdB4_s2,val,all,near,,200000,10959,0.927375,0.8936731943200913,0.6829171621498312,0.9400492745688476,0.6477968167716032,0.6940870077105576,0.9183319645953097,0.660240644219363,0.041311204562559725,0.3544880449771881,0.11329845094876145,0.0060529255529825875,11,1.0
student_kdB4_s2,val,all,far,,200000,42820,0.927375,0.8936731943200913,0.7917356646426904,0.8691732835123774,0.7463859989490893,0.8448394085123775,0.8217421765530126,0.7961789280709948,0.041311204562559725,0.3544880449771881,0.11329845094876145,0.0060529255529825875,11,1.0
student_kdB4_s2,val,ge5,all,,191366,52270,0.9387090705768005,0.9060869849805268,0.7717623042933319,0.8847331165104266,0.7376939899318111,0.8188051710118028,0.8444423187296729,0.7830387367319058,0.03516221794970909,0.29618746042251587,0.09616907667185086,0.004624752162790622,11,1.0
student_kdB4_s2,val,ge5,near,,191366,10483,0.9387090705768005,0.9060869849805268,0.6892555897366225,0.9399980921491939,0.6618192897247294,0.7038632313393902,0.9185347705809406,0.6781860517510698,0.03516221794970909,0.29618746042251587,0.09616907667185086,0.004624752162790622,11,1.0
student_kdB4_s2,val,ge5,far,,191366,41787,0.9387090705768005,0.9060869849805268,0.7924605570680701,0.8708689305286333,0.7567284858820073,0.8476403674505493,0.8258549309593893,0.809342867123035,0.03516221794970909,0.29618746042251587,0.09616907667185086,0.004624752162790622,11,1.0
student_kdB4_s2,test_w16-19,all,all,,100000,100000,0.91916,0.8855297495022032,0.7434613589499999,0.8411,0.696645603,0.7674659437000001,0.81676,0.7198652516,0.046865120230689616,0.40447887778282166,0.12720891667998607,0.007672719824022904,11,3.5
student_kdB4_s2,test_w16-19,all,near,,100000,11980,0.91916,0.8855297495022032,0.8342772800500835,0.7348914858096828,0.7771954424040066,0.8517814031719533,0.6903171953255426,0.7942213597662771,0.046865120230689616,0.40447887778282166,0.12720891667998607,0.007672719824022904,11,3.5
student_kdB4_s2,test_w16-19,all,far,,100000,88020,0.91916,0.8855297495022032,0.7311008189047944,0.8555555555555555,0.6856823324244491,0.7559901517836856,0.8339695523744604,0.7097449814814815,0.046865120230689616,0.40447887778282166,0.12720891667998607,0.007672719824022904,11,3.5
student_kdB4_s2,test_w16-19,ge5,all,,96085,89545,0.9286985481604829,0.8943899980140574,0.7644208564158896,0.8304986319727511,0.7237374147683588,0.7927515025812925,0.805405103579206,0.7515636804551087,0.04149878367447432,0.3523501455783844,0.11227900456874153,0.006212064596301408,11,3.5
student_kdB4_s2,test_w16-19,ge5,near,,96085,11402,0.9286985481604829,0.8943899980140574,0.8429928709503277,0.7310121031398,0.7938418171575029,0.8651295810347129,0.6879494825469216,0.8154953994946718,0.04149878367447432,0.3523501455783844,0.11227900456874153,0.006212064596301408,11,3.5
student_kdB4_s2,test_w16-19,ge5,far,,96085,78143,0.9286985481604829,0.8943899980140574,0.7529562580549147,0.8450149085650666,0.7135083424772896,0.782190673709533,0.8225432860268994,0.7422352766250908,0.04149878367447432,0.3523501455783844,0.11227900456874153,0.006212064596301408,11,3.5
student_kdB4_s2,test_w20-23,all,all,,100000,100000,0.90431,0.8555896634855584,0.74564740335,0.85416,0.6890279346000001,0.7653813403499998,0.82225,0.7081314774999999,0.056878159776628044,0.5158324241638184,0.15162481308723938,0.011060893906238517,11,7.5
student_kdB4_s2,test_w20-23,all,near,,100000,13417,0.90431,0.8555896634855584,0.8312184038905865,0.7641797719311322,0.7638563181038981,0.8501598386375494,0.7171498844749199,0.7824381195498249,0.056878159776628044,0.5158324241638184,0.15162481308723938,0.011060893906238517,11,7.5
student_kdB4_s2,test_w20-23,all,far,,100000,86583,0.90431,0.8555896634855584,0.7323872239354147,0.8681034383193006,0.6774324433202822,0.7522439679844773,0.8385364332490212,0.696616835868473,0.056878159776628044,0.5158324241638184,0.15162481308723938,0.011060893906238517,11,7.5
student_kdB4_s2,test_w20-23,ge5,all,,95941,89776,0.914593343825893,0.8642096916851815,0.7672776125650917,0.8452481732311531,0.7172917984438734,0.791499599572248,0.8097264302263412,0.7411605591498953,0.0508156282088207,0.4656026363372803,0.13575171877995496,0.009227988366846199,11,7.5
student_kdB4_s2,test_w20-23,ge5,near,,95941,12762,0.914593343825893,0.8642096916851815,0.8386937536496374,0.7617144648174268,0.7801339156879217,0.8620995233513095,0.7114872277072559,0.8031470405217779,0.0508156282088207,0.4656026363372803,0.13575171877995496,0.009227988366846199,11,7.5
student_kdB4_s2,test_w20-23,ge5,far,,95941,77014,0.914593343825893,0.8642096916851815,0.7554432344971954,0.8590905549640325,0.706878222986573,0.7798004769806622,0.8260056613083335,0.7308887712247392,0.0508156282088207,0.4656026363372803,0.13575171877995496,0.009227988366846199,11,7.5
student_kdB4_s2,test_w24-27,all,all,,100000,100000,0.89668,0.8322942858499254,0.74505382875,0.86109,0.6839045116,0.7617757296,0.82835,0.7001303259999999,0.06266245043158532,0.595144510269165,0.1664368514083512,0.014068758859542747,11,11.5
student_kdB4_s2,test_w24-27,all,near,,100000,12494,0.89668,0.8322942858499254,0.8337105094445334,0.763246358251961,0.7607223067072194,0.8552346626380662,0.7023371218184729,0.7813321994557388,0.06266245043158532,0.595144510269165,0.1664368514083512,0.014068758859542747,11,11.5
student_kdB4_s2,test_w24-27,all,far,,100000,87506,0.89668,0.8322942858499254,0.7323955359632482,0.8750599958859964,0.6729365604644254,0.7484317770781433,0.8463419651223916,0.6885364215025255,0.06266245043158532,0.595144510269165,0.1664368514083512,0.014068758859542747,11,11.5
student_kdB4_s2,test_w24-27,ge5,all,,96204,89771,0.9050455282524635,0.8387700477908765,0.7673908232376287,0.8528923594479286,0.7110381439921021,0.7883673539537078,0.8186942331042318,0.7319215819747339,0.05758477861393853,0.5429187417030334,0.1527902922860747,0.012270998925505608,11,11.5
student_kdB4_s2,test_w24-27,ge5,near,,96204,11977,0.9050455282524635,0.8387700477908765,0.8412877254929598,0.7635467980295566,0.7753688181546334,0.8670012349595522,0.7036820572764465,0.8002355704586689,0.05758477861393853,0.5429187417030334,0.1527902922860747,0.012270998925505608,11,11.5
student_kdB4_s2,test_w24-27,ge5,far,,96204,77794,0.9050455282524635,0.8387700477908765,0.7560138121787796,0.8666478134560506,0.701133929214039,0.7762610476472189,0.8364012648790395,0.7214041045333875,0.05758477861393853,0.5429187417030334,0.1527902922860747,0.012270998925505608,11,11.5
student_kdB4_s2,test_w28-31,all,all,,100000,100000,0.87262,0.7740677014448113,0.7476924542,0.86264,0.672358454,0.7717588064,0.82728,0.6951148209000001,0.08075208169609308,0.7903141975402832,0.20755753781116848,0.021017699468289443,11,15.5
student_kdB4_s2,test_w28-31,all,near,,100000,15990,0.87262,0.7740677014448113,0.8237068367729831,0.7687929956222639,0.735458784865541,0.847696590681676,0.7037523452157598,0.7577761013133208,0.08075208169609308,0.7903141975402832,0.20755753781116848,0.021017699468289443,11,15.5
student_kdB4_s2,test_w28-31,all,far,,100000,84010,0.87262,0.7740677014448113,0.7332242959171527,0.8805023211522438,0.6603482850851088,0.7573052274134032,0.8507915724318533,0.6831882184263778,0.08075208169609308,0.7903141975402832,0.20755753781116848,0.021017699468289443,11,15.5
student_kdB4_s2,test_w28-31,ge5,all,,95576,94669,0.8808592115175358,0.7800713041443095,0.7557262436478455,0.8621724112433848,0.6865073966865753,0.7816510195542006,0.8263317453443049,0.7120418184731281,0.07546677554327617,0.7251787185668945,0.19358927322434658,0.018658983440208766,11,15.5
student_kdB4_s2,test_w28-31,ge5,near,,95576,15420,0.8808592115175358,0.7800713041443095,0.8292353596656961,0.7732166018158236,0.7480849296889189,0.8575382635308758,0.7059014267185474,0.7748693979092917,0.07546677554327617,0.7251787185668945,0.19358927322434658,0.018658983440208766,11,15.5
student_kdB4_s2,test_w28-31,ge5,far,,95576,79249,0.8808592115175358,0.7800713041443095,0.7414230906869848,0.8794811290994208,0.6745258504349364,0.7668851385699569,0.8497646658001994,0.6998170424519082,0.07546677554327617,0.7251787185668945,0.19358927322434658,0.018658983440208766,11,15.5
student_kdB4_s2,test_w32-35,all,all,,100000,100000,0.84299,0.7308498627240249,0.7427892323499998,0.86784,0.6509580797999999,0.75970322865,0.8397,0.6673248266,0.10590193651407959,1.0394976139068604,0.2583748948989351,0.03041979605597611,11,19.5
student_kdB4_s2,test_w32-35,all,near,,100000,16559,0.84299,0.7308498627240249,0.8288637831390784,0.7836221994081768,0.7194250371399239,0.8478544223685005,0.7233528594721903,0.7372568874932062,0.10590193651407959,1.0394976139068604,0.2583748948989351,0.03041979605597611,11,19.5
student_kdB4_s2,test_w32-35,all,far,,100000,83441,0.84299,0.7308498627240249,0.7257075999808248,0.8845531573207416,0.6373707025323282,0.7422094831677473,0.8627892762550784,0.6534466971872341,0.10590193651407959,1.0394976139068604,0.2583748948989351,0.03041979605597611,11,19.5
student_kdB4_s2,test_w32-35,ge5,all,,95262,94615,0.8525959984044005,0.7356179487894663,0.749468636778077,0.8681815779738942,0.66517455555003,0.7686598031040011,0.8373619404956931,0.6848366613697661,0.09940309325462923,0.9656903743743896,0.24266489137952188,0.027319418662497666,11,19.5
student_kdB4_s2,test_w32-35,ge5,near,,95262,16006,0.8525959984044005,0.7356179487894663,0.8329136053100827,0.7889541421966763,0.7323212460639766,0.8570107412036205,0.7239785080594777,0.7552149245601206,0.09940309325462923,0.9656903743743896,0.24266489137952188,0.027319418662497666,11,19.5
student_kdB4_s2,test_w32-35,ge5,far,,95262,78609,0.8525959984044005,0.7356179487894663,0.7324779592942864,0.8843135009986134,0.6515024578466343,0.7506701948502069,0.8604485491483164,0.670506565825683,0.09940309325462923,0.9656903743743896,0.24266489137952188,0.027319418662497666,11,19.5
student_kdB4_s2,test_w36-39,all,all,,100000,100000,0.81863,0.7098306413567822,0.7218060023499999,0.8766,0.6150080176,0.7306188071999999,0.8534,0.6255450292,0.12601221024245024,1.1682780981063843,0.29817008077863044,0.03762360057228189,11,23.5
student_kdB4_s2,test_w36-39,all,near,,100000,12548,0.81863,0.7098306413567822,0.8183691245616832,0.8003665922856232,0.690293983901817,0.8389911918233982,0.7468122409945808,0.7102744883646797,0.12601221024245024,1.1682780981063843,0.29817008077863044,0.03762360057228189,11,23.5
student_kdB4_s2,test_w36-39,all,far,,100000,87452,0.81863,0.7098306413567822,0.7079506982115904,0.8875383067282624,0.6042056539587431,0.7150690578260074,0.8686936833920322,0.6133876714083156,0.12601221024245024,1.1682780981063843,0.29817008077863044,0.03762360057228189,11,23.5
student_kdB4_s2,test_w36-39,ge5,all,,95184,91735,0.8304126743990586,0.7152363535723177,0.7383973850103746,0.8734179974927782,0.6392488780632358,0.7507016646844191,0.8475718101051943,0.6541842617426996,0.11877330334769129,1.1000070571899414,0.28084604215363446,0.03387260388842984,11,23.5
student_kdB4_s2,test_w36-39,ge5,near,,95184,12085,0.8304126743990586,0.7152363535723177,0.8225980594048169,0.810426148117501,0.7054895961626104,0.8483917585089034,0.7486139842780306,0.7304218728798983,0.11877330334769129,1.1000070571899414,0.28084604215363446,0.03387260388842984,11,23.5
student_kdB4_s2,test_w36-39,ge5,far,,95184,79650,0.8304126743990586,0.7152363535723177,0.7256219280102888,0.8829755178907721,0.6291984188261871,0.7358795079503463,0.862586315128688,0.6426170108877964,0.11877330334769129,1.1000070571899414,0.28084604215363446,0.03387260388842984,11,23.5
student_kdB4_s2,test_w40-43,all,all,,100000,100000,0.81367,0.7024661644326673,0.7251969330500001,0.86446,0.6115667334,0.7357130928000001,0.84858,0.6242304707,0.12967971952825785,1.2669321298599243,0.3080805361128074,0.04028304875713874,11,27.5
student_kdB4_s2,test_w40-43,all,near,,100000,10904,0.81367,0.7024661644326673,0.8114538962765958,0.794112252384446,0.6790333473954513,0.8317408363903156,0.7466984592809978,0.6993418451944241,0.12967971952825785,1.2669321298599243,0.3080805361128074,0.04028304875713874,11,27.5
student_kdB4_s2,test_w40-43,all,far,,100000,89096,0.81367,0.7024661644326673,0.7146403881206789,0.8730694980694981,0.603309842417168,0.7239607524467988,0.8610487563975936,0.6150379769013199,0.12967971952825785,1.2669321298599243,0.3080805361128074,0.04028304875713874,11,27.5
student_kdB4_s2,test_w40-43,ge5,all,,95288,93977,0.8241646377298296,0.7084364455597897,0.7352460742128846,0.8633495429732807,0.6293526391602575,0.7474685731636623,0.8474626770379987,0.644610810153384,0.12346348243795788,1.198569893836975,0.29206563201391006,0.03653366320323045,11,27.5
student_kdB4_s2,test_w40-43,ge5,near,,95288,10557,0.8241646377298296,0.7084364455597897,0.8144496733839345,0.7999431656720659,0.6918411809614433,0.8387749442764569,0.7515392630482145,0.716185038164753,0.12346348243795788,1.198569893836975,0.29206563201391006,0.03653366320323045,11,27.5
student_kdB4_s2,test_w40-43,ge5,far,,95288,83420,0.8241646377298296,0.7084364455597897,0.7252226697960927,0.871373771277871,0.6214445651277101,0.7359135340862496,0.8596020139055383,0.6355529208568602,0.12346348243795788,1.198569893836975,0.29206563201391006,0.03653366320323045,11,27.5
student_kdB4_s2,test_w44-47,all,all,,100000,100000,0.79266,0.6759877064757501,0.7003504012499999,0.88076,0.5812002731,0.7103190892000001,0.86558,0.5929039881,0.1457191288274527,1.5461671352386475,0.3445996970465994,0.05061471403414675,11,31.5
student_kdB4_s2,test_w44-47,all,near,,100000,10628,0.79266,0.6759877064757501,0.8026750682160332,0.8198155814828755,0.658192495295446,0.820197872130222,0.7749341362438841,0.6762940233345878,0.1457191288274527,1.5461671352386475,0.3445996970465994,0.05061471403414675,11,31.5
student_kdB4_s2,test_w44-47,all,far,,100000,89372,0.79266,0.6759877064757501,0.6881820872309,0.8880074296200152,0.5720444598979547,0.6972524497046054,0.8763594861925436,0.582987355435707,0.1457191288274527,1.5461671352386475,0.3445996970465994,0.05061471403414675,11,31.5
student_kdB4_s2,test_w44-47,ge5,all,,94936,92436,0.8032674643970675,0.6829564180439298,0.7129197252442374,0.8771798866242589,0.6006048638735659,0.7242926568055698,0.8622290016876542,0.6148250703294983,0.13898593951052765,1.4620119333267212,0.32795766941597726,0.046016091353608166,11,31.5
student_kdB4_s2,test_w44-47,ge5,near,,94936,10310,0.8032674643970675,0.6829564180439298,0.8045235610051494,0.8216294859359845,0.6701522898432081,0.8243184325637274,0.7790494665373424,0.6909227540661014,0.13898593951052765,1.4620119333267212,0.32795766941597726,0.046016091353608166,11,31.5
student_kdB4_s2,test_w44-47,ge5,far,,94936,82126,0.8032674643970675,0.6829564180439298,0.7014198890572197,0.8841536176119621,0.5918739630413445,0.7117355403252029,0.87267126123274,0.6052718579567494,0.13898593951052765,1.4620119333267212,0.32795766941597726,0.046016091353608166,11,31.5
student_kdB4_s2,test_w48-51,all,all,,100000,100000,0.78747,0.671938248255348,0.6951242767,0.89461,0.5761826518000001,0.7075575280999999,0.88175,0.5893939689,0.14941921454153953,1.6559805870056152,0.3538805990710374,0.05254378308939129,11,35.333333333333336
student_kdB4_s2,test_w48-51,all,near,,100000,10972,0.78747,0.671938248255348,0.7949398929092234,0.8318446955887714,0.6500854137805323,0.8198544604447684,0.7890995260663507,0.6734424617207437,0.14941921454153953,1.6559805870056152,0.3538805990710374,0.05254378308939129,11,35.333333333333336
student_kdB4_s2,test_w48-51,all,far,,100000,89028,0.78747,0.671938248255348,0.682822787943119,0.9023453295592397,0.5670747182908747,0.6937178154063891,0.8931684413892259,0.5790356539515659,0.14941921454153953,1.6559805870056152,0.3538805990710374,0.05254378308939129,11,35.333333333333336
student_kdB4_s2,test_w48-51,ge5,all,,94668,93780,0.7992774749651413,0.6794369687017733,0.7023874141094838,0.8950095969289827,0.5924113195201318,0.716233417438643,0.8812539987204094,0.6085185846823294,0.14202572162148466,1.5421652793884277,0.3355640854818432,0.04690082718630124,11,35.333333333333336
student_kdB4_s2,test_w48-51,ge5,near,,94668,10675,0.7992774749651413,0.6794369687017733,0.7949756100674374,0.8379391100702576,0.6617261814467303,0.8224594315012287,0.7952224824355972,0.6882470042724932,0.14202572162148466,1.5421652793884277,0.3355640854818432,0.04690082718630124,11,35.333333333333336
student_kdB4_s2,test_w48-51,ge5,far,,94668,83105,0.7992774749651413,0.6794369687017733,0.6904942790171169,0.9023404127308826,0.5835076897617968,0.7025884779028979,0.8923049154683834,0.5982773130485528,0.14202572162148466,1.5421652793884277,0.3355640854818432,0.04690082718630124,11,35.333333333333336
student_enddA_s0,val,all,all,,200000,53779,0.936805,0.9059364731206521,0.7601871265735697,0.9036612804254449,0.7310521225757265,0.820176858625114,0.867308800833039,0.7878467834098811,0.007415451721921557,0.25171568989753723,0.09055603981778493,0.005130501824720241,11,1.0
student_enddA_s0,val,all,near,,200000,10959,0.936805,0.9059364731206521,0.7098501945889223,0.9137695045168355,0.6836742398941509,0.7219378720686195,0.9060133223834291,0.6961182078656812,0.007415451721921557,0.25171568989753723,0.09055603981778493,0.005130501824720241,11,1.0
student_enddA_s0,val,all,far,,200000,42820,0.936805,0.9059364731206521,0.7730699485637553,0.9010742643624474,0.7431776297290986,0.8453193400280242,0.8574030826716488,0.8113230435544139,0.007415451721921557,0.25171568989753723,0.09055603981778493,0.005130501824720241,11,1.0
student_enddA_s0,val,ge5,all,,191366,52270,0.9469184703656867,0.9177857790178859,0.7674156153057871,0.8992730055481155,0.7435067434117258,0.8284577646200159,0.8609527453606275,0.8024779088614188,0.008786218468288143,0.2076101303100586,0.07671279201253642,0.003989345433599318,11,1.0
student_enddA_s0,val,ge5,near,,191366,10483,0.9469184703656867,0.9177857790178859,0.7225582760035378,0.9035581417533148,0.7008212495861689,0.7358803589895965,0.899742440141181,0.7153463592395614,0.008786218468288143,0.2076101303100586,0.07671279201253642,0.003989345433599318,11,1.0
student_enddA_s0,val,ge5,far,,191366,41787,0.9469184703656867,0.9177857790178859,0.7786688636343455,0.8981980041639744,0.7542151463067247,0.8516824264340654,0.8512216718118075,0.8243363824222376,0.008786218468288143,0.2076101303100586,0.07671279201253642,0.003989345433599318,11,1.0
student_enddA_s0,test_w16-19,all,all,,100000,100000,0.92729,0.8910465659668778,0.7618063931,0.8543,0.7242390607999999,0.79866657345,0.78851,0.7583973361,0.006964239916279897,0.28788256645202637,0.10406231655306965,0.007293975771505767,11,3.5
student_enddA_s0,test_w16-19,all,near,,100000,11980,0.92729,0.8910465659668778,0.8312186552587646,0.7676961602671118,0.7861999499165275,0.8665566143572621,0.6647746243739566,0.8182889599332221,0.006964239916279897,0.28788256645202637,0.10406231655306965,0.007293975771505767,11,3.5
student_enddA_s0,test_w16-19,all,far,,100000,88020,0.92729,0.8910465659668778,0.7523590072710747,0.8660872528970689,0.7158058473074301,0.7894263701999544,0.8053510565780504,0.750245760849807,0.006964239916279897,0.28788256645202637,0.10406231655306965,0.007293975771505767,11,3.5
student_enddA_s0,test_w16-19,ge5,all,,96085,89545,0.9361086537961181,0.8999649311342786,0.7776506220544479,0.8490479647104807,0.7448336842693244,0.819186867638091,0.7737562119604668,0.7843479085416806,0.007700925189613003,0.2513848841190338,0.09222586637801267,0.00612913499234104,11,3.5
student_enddA_s0,test_w16-19,ge5,near,,96085,11402,0.9361086537961181,0.8999649311342786,0.8359696729667775,0.76170847219786,0.7971987616172999,0.8782617012612814,0.6526048061743553,0.8364351385327029,0.007700925189613003,0.2513848841190338,0.09222586637801267,0.00612913499234104,11,3.5
student_enddA_s0,test_w16-19,ge5,far,,96085,78143,0.9361086537961181,0.8999649311342786,0.7691411737545057,0.8617918431593361,0.7371929920522147,0.810567141584937,0.7914336536861907,0.7767477575830837,0.007700925189613003,0.2513848841190338,0.09222586637801267,0.00612913499234104,11,3.5
student_enddA_s0,test_w20-23,all,all,,100000,100000,0.90975,0.8622362010709336,0.76555437355,0.85253,0.7155384098,0.7987257104500001,0.76615,0.7448635894,0.00797465765766796,0.33949437737464905,0.12685247077331493,0.01006967156438772,11,7.5
student_enddA_s0,test_w20-23,all,near,,100000,13417,0.90975,0.8622362010709336,0.8338593769098905,0.7696206305433405,0.7754571170902587,0.8742349672057836,0.6526049042259819,0.8109607960050683,0.00797465765766796,0.33949437737464905,0.12685247077331493,0.01006967156438772,11,7.5
student_enddA_s0,test_w20-23,all,far,,100000,86583,0.90975,0.8622362010709336,0.7549697526650728,0.8653777300393842,0.7062533388771469,0.7870247102779993,0.7837450769781596,0.7346210912072809,0.00797465765766796,0.33949437737464905,0.12685247077331493,0.01006967156438772,11,7.5
student_enddA_s0,test_w20-23,ge5,all,,95941,89776,0.9179912654652338,0.8700048499309295,0.7828456420669418,0.8421961325966851,0.7369788166757294,0.8211656672077605,0.7476051505970416,0.77201723508818,0.007561966742678343,0.307528018951416,0.11580213711055502,0.008631990554340186,11,7.5
student_enddA_s0,test_w20-23,ge5,near,,95941,12762,0.9179912654652338,0.8700048499309295,0.837739207411108,0.7618711800658204,0.7853632378127914,0.8847687153776783,0.6393198558219715,0.8276137233371014,0.007561966742678343,0.307528018951416,0.11580213711055502,0.008631990554340186,11,7.5
student_enddA_s0,test_w20-23,ge5,far,,95941,77014,0.9179912654652338,0.8700048499309295,0.773749222183255,0.8555067909730698,0.7289610279288629,0.810625997787337,0.76554912093905,0.7628043337581266,0.007561966742678343,0.307528018951416,0.11580213711055502,0.008631990554340186,11,7.5
student_enddA_s0,test_w24-27,all,all,,100000,100000,0.90361,0.8383150821989089,0.7629301782500001,0.85032,0.7074482427,0.7966019625,0.75384,0.7375661119,0.009413380255922685,0.38693132996559143,0.1400264480488831,0.01220336043094536,11,11.5
student_enddA_s0,test_w24-27,all,near,,100000,12494,0.90361,0.8383150821989089,0.820301458700176,0.7908596126140548,0.7573955618696975,0.8700865067232272,0.6571954538178325,0.8015152681287019,0.009413380255922685,0.38693132996559143,0.1400264480488831,0.01220336043094536,11,11.5
student_enddA_s0,test_w24-27,all,far,,100000,87506,0.90361,0.8383150821989089,0.7547387767695929,0.8588096816218317,0.7003168253605466,0.7861099288620209,0.7676387904829383,0.7284355293351314,0.009413380255922685,0.38693132996559143,0.1400264480488831,0.01220336043094536,11,11.5
student_enddA_s0,test_w24-27,ge5,all,,96204,89771,0.9104922872229845,0.843807179197696,0.7792562631867337,0.8423321562642724,0.7270882519073714,0.818896103649306,0.7349255327444275,0.7636544003965285,0.00931399554592876,0.35348081588745117,0.13018486316842207,0.010831831219660418,11,11.5
student_enddA_s0,test_w24-27,ge5,near,,96204,11977,0.9104922872229845,0.843807179197696,0.8237603811564504,0.7889287801619771,0.76610447004285,0.8803635724032162,0.6473240377389997,0.8171318067264086,0.00931399554592876,0.35348081588745117,0.13018486316842207,0.010831831219660418,11,11.5
student_enddA_s0,test_w24-27,ge5,far,,96204,77794,0.9104922872229845,0.843807179197696,0.7724045031419579,0.8505540273028769,0.7210813973349284,0.8094327019311067,0.7484124739697149,0.7554211318203788,0.00931399554592876,0.35348081588745117,0.13018486316842207,0.010831831219660418,11,11.5
student_enddA_s0,test_w28-31,all,all,,100000,100000,0.88098,0.7782432655247762,0.7733943480000001,0.85116,0.7023936124,0.81395135835,0.74256,0.7368919933999999,0.008917181377559931,0.5078779458999634,0.17246480000922831,0.01768801582339931,11,15.5
student_enddA_s0,test_w28-31,all,near,,100000,15990,0.88098,0.7782432655247762,0.8073147858036274,0.8052532833020638,0.7310047285803627,0.8640040587867417,0.6687304565353346,0.7785799737335836,0.008917181377559931,0.5078779458999634,0.17246480000922831,0.01768801582339931,11,15.5
student_enddA_s0,test_w28-31,all,far,,100000,84010,0.88098,0.7782432655247762,0.7669381189739316,0.8598976312343769,0.6969479303654327,0.8044246034400666,0.7566123080585645,0.728957333174622,0.008917181377559931,0.5078779458999634,0.17246480000922831,0.01768801582339931,11,15.5
student_enddA_s0,test_w28-31,ge5,all,,95576,94669,0.8879216539717084,0.7835164131122089,0.7768063420143556,0.8517360487593616,0.7109375095807574,0.8196665779224305,0.7391543166189566,0.7485677684350286,0.007196007600153756,0.46794137358665466,0.16214119833024238,0.015941838844001265,11,15.5
student_enddA_s0,test_w28-31,ge5,near,,95576,15420,0.8879216539717084,0.7835164131122089,0.8094176650640414,0.803307392996109,0.7386496443110118,0.8727589794967765,0.6639429312581063,0.7929980088234493,0.007196007600153756,0.46794137358665466,0.16214119833024238,0.015941838844001265,11,15.5
student_enddA_s0,test_w28-31,ge5,far,,95576,79249,0.8879216539717084,0.7835164131122089,0.7704609420544045,0.8611591313455059,0.7055453769665851,0.8093360395903832,0.7537886913399539,0.739922683868795,0.007196007600153756,0.46794137358665466,0.16214119833024238,0.015941838844001265,11,15.5
student_enddA_s0,test_w32-35,all,all,,100000,100000,0.8534,0.7381387988645708,0.7584359933999999,0.86555,0.6743478579000001,0.79604951495,0.76975,0.7046198736999999,0.01715552205808457,0.6429430246353149,0.21333683901481862,0.02657521060996226,11,19.5
student_enddA_s0,test_w32-35,all,near,,100000,16559,0.8534,0.7381387988645708,0.8091393861344284,0.8080198079594179,0.7148490869013829,0.8623244003261067,0.6708738450389516,0.7571586418261973,0.01715552205808457,0.6429430246353149,0.21333683901481862,0.02657521060996226,11,19.5
student_enddA_s0,test_w32-35,all,far,,100000,83441,0.8534,0.7381387988645708,0.7483738239594444,0.8769669586893734,0.666310324181158,0.7828971578720294,0.7893721312064812,0.6941934710753705,0.01715552205808457,0.6429430246353149,0.21333683901481862,0.02657521060996226,11,19.5
student_enddA_s0,test_w32-35,ge5,all,,95262,94615,0.8618231823812224,0.7435978841750309,0.7606914639561548,0.869555567299054,0.6827167053003322,0.8006088007475309,0.7705015061036834,0.7168990109192048,0.013825664064810173,0.5922327041625977,0.20042028125866876,0.0238972771613733,11,19.5
student_enddA_s0,test_w32-35,ge5,near,,95262,16006,0.8618231823812224,0.7435978841750309,0.8103482724730258,0.8098213170061227,0.7228562094740285,0.8707114397142746,0.6707484693240034,0.7728299315639736,0.013825664064810173,0.5922327041625977,0.20042028125866876,0.0238972771613733,11,19.5
student_enddA_s0,test_w32-35,ge5,far,,95262,78609,0.8618231823812224,0.7435978841750309,0.7505805749088315,0.8817183783027389,0.6745436856231428,0.7863348265295443,0.7908127568090167,0.705510616259049,0.013825664064810173,0.5922327041625977,0.20042028125866876,0.0238972771613733,11,19.5
student_enddA_s0,test_w36-39,all,all,,100000,100000,0.82876,0.7182003450242165,0.732149014,0.87073,0.6343317461,0.7644541300999999,0.80693,0.6596272180000001,0.03022222557350995,0.7083220481872559,0.24418511843964538,0.03401924872466779,11,23.5
student_enddA_s0,test_w36-39,all,near,,100000,12548,0.82876,0.7182003450242165,0.8051115420784188,0.819254064392732,0.6911291966847307,0.8544351450430347,0.7067261715014345,0.7296303219636595,0.03022222557350995,0.7083220481872559,0.24418511843964538,0.03401924872466779,11,23.5
student_enddA_s0,test_w36-39,all,far,,100000,87452,0.82876,0.7182003450242165,0.7216800275579747,0.8781159950601473,0.6261821965192333,0.7515432558432055,0.8213076887892787,0.6495828628276082,0.03022222557350995,0.7083220481872559,0.24418511843964538,0.03401924872466779,11,23.5
student_enddA_s0,test_w36-39,ge5,all,,95184,91735,0.8393217347453353,0.7237521815170052,0.7427526199055041,0.8723715048781817,0.649972390384125,0.7788552090834446,0.7996947729874094,0.681986538632463,0.022977848286941015,0.653778076171875,0.22841286978932154,0.03044822261615673,11,23.5
student_enddA_s0,test_w36-39,ge5,near,,95184,12085,0.8393217347453353,0.7237521815170052,0.8063460767892414,0.8219280099296649,0.7002576304880269,0.8633322699573043,0.7031030202730658,0.7475571083001542,0.022977848286941015,0.653778076171875,0.22841286978932154,0.03044822261615673,11,23.5
student_enddA_s0,test_w36-39,ge5,far,,95184,79650,0.8393217347453353,0.7237521815170052,0.733103819824651,0.8800251098556183,0.6423427968291262,0.7660378169847555,0.8143502824858757,0.6720377585391292,0.022977848286941015,0.653778076171875,0.22841286978932154,0.03044822261615673,11,23.5
student_enddA_s0,test_w40-43,all,all,,100000,100000,0.8243,0.7133368990947119,0.7411377298999999,0.86203,0.6357197804000001,0.7703372825,0.79973,0.6597715941000001,0.03130379802271721,0.7501351833343506,0.2526155009769575,0.03668474756931646,11,27.5
student_enddA_s0,test_w40-43,all,near,,100000,10904,0.8243,0.7133368990947119,0.7995826426082171,0.8328136463683052,0.681678760088041,0.8479286128943507,0.7219369038884813,0.7202849954145267,0.03130379802271721,0.7501351833343506,0.2526155009769575,0.03668474756931646,11,27.5
student_enddA_s0,test_w40-43,all,far,,100000,89096,0.8243,0.7133368990947119,0.7339849584156415,0.8656056388614528,0.6300950978719584,0.7608412796870792,0.8092506958786029,0.6523656709616593,0.03130379802271721,0.7501351833343506,0.2526155009769575,0.03668474756931646,11,27.5
student_enddA_s0,test_w40-43,ge5,all,,95288,93977,0.8339769960540677,0.7202851930088056,0.7441448238504086,0.8678825670110771,0.645033532048156,0.7755259789525076,0.7995466975962203,0.6735487140805554,0.02587446998557726,0.6949439644813538,0.23812921491896066,0.03318654448124627,11,27.5
student_enddA_s0,test_w40-43,ge5,near,,95288,10557,0.8339769960540677,0.7202851930088056,0.799661292344988,0.8345173818319599,0.6892340425552219,0.8538607371044763,0.7221748602822772,0.7347708906813022,0.02587446998557726,0.6949439644813538,0.23812921491896066,0.03318654448124627,11,27.5
student_enddA_s0,test_w40-43,ge5,far,,95288,83420,0.8339769960540677,0.7202851930088056,0.7371190823268257,0.8721050107887797,0.6394398520023266,0.7656125284393174,0.8093382881802925,0.6658009015850617,0.02587446998557726,0.6949439644813538,0.23812921491896066,0.03318654448124627,11,27.5
student_enddA_s0,test_w44-47,all,all,,100000,100000,0.7988,0.6799937872926435,0.71991350465,0.88724,0.6053109058,0.7513199142,0.84298,0.6308412838999999,0.04444129722021522,0.916885495185852,0.29106336943696004,0.04784864453232034,11,31.5
student_enddA_s0,test_w44-47,all,near,,100000,10628,0.7988,0.6799937872926435,0.7885749336657886,0.8550997365449755,0.6574876147911177,0.8386403199096725,0.7684418517124577,0.6969124416635304,0.04444129722021522,0.916885495185852,0.29106336943696004,0.04784864453232034,11,31.5
student_enddA_s0,test_w44-47,all,far,,100000,89372,0.7988,0.6799937872926435,0.7117483783511614,0.8910620776081994,0.599106120597055,0.740935887078727,0.8518439779796805,0.6229841892315268,0.04444129722021522,0.916885495185852,0.29106336943696004,0.04784864453232034,11,31.5
student_enddA_s0,test_w44-47,ge5,all,,94936,92436,0.8080601668492458,0.6864894755794688,0.7236052159549924,0.8910381236747588,0.6148185200505204,0.7562000351666179,0.8421502444934874,0.6438579578095611,0.03775954257178586,0.8580628633499146,0.2765891061003517,0.04349103661339954,11,31.5
student_enddA_s0,test_w44-47,ge5,near,,94936,10310,0.8080601668492458,0.6864894755794688,0.7881320624432923,0.8570320077594569,0.6646054523065495,0.8407899375490248,0.7737148399612027,0.7080005330253831,0.03775954257178586,0.8580628633499146,0.2765891061003517,0.04349103661339954,11,31.5
student_enddA_s0,test_w44-47,ge5,far,,94936,82126,0.8080601668492458,0.6864894755794688,0.7155045926774143,0.8953072108711005,0.6085683280095144,0.7455807198028768,0.8507415434819667,0.6358055754887966,0.03775954257178586,0.8580628633499146,0.2765891061003517,0.04349103661339954,11,31.5
student_enddA_s0,test_w48-51,all,all,,100000,100000,0.7899,0.666877350107149,0.7134847518999999,0.89939,0.5979719902999999,0.7487820975,0.86425,0.6254618143,0.04831573385179043,0.9753591418266296,0.3031236855430176,0.05047742026365391,11,35.333333333333336
student_enddA_s0,test_w48-51,all,near,,100000,10972,0.7899,0.666877350107149,0.7794289691943128,0.8780532263944586,0.6474543574553409,0.8369446864746628,0.7872767043383158,0.6910432218374043,0.04831573385179043,0.9753591418266296,0.3031236855430176,0.05047742026365391,11,35.333333333333336
student_enddA_s0,test_w48-51,all,far,,100000,89028,0.7899,0.666877350107149,0.7053576463584491,0.9020195893426787,0.591873678168666,0.7379167525946894,0.8737363526081682,0.6173794222042503,0.04831573385179043,0.9753591418266296,0.3031236855430176,0.05047742026365391,11,35.333333333333336
student_enddA_s0,test_w48-51,ge5,all,,94668,93780,0.8001859128744666,0.6732595505226207,0.7143671081633365,0.9037214757944124,0.6058483237730795,0.7492940784885092,0.8652058008104073,0.6363424420513374,0.04046517465360097,0.904580295085907,0.28577607841773095,0.044792242187835604,11,35.333333333333336
student_enddA_s0,test_w48-51,ge5,near,,94668,10675,0.8001859128744666,0.6732595505226207,0.7782112035760819,0.8808430913348946,0.6545785488326565,0.8382123069019017,0.7934426229508197,0.7026488260365894,0.04046517465360097,0.904580295085907,0.28577607841773095,0.044792242187835604,11,35.333333333333336
student_enddA_s0,test_w48-51,ge5,far,,94668,83105,0.8001859128744666,0.6732595505226207,0.7061662090774685,0.906660249082486,0.5995888309325647,0.7378723579143804,0.8744239215450333,0.6278252571762691,0.04046517465360097,0.904580295085907,0.28577607841773095,0.044792242187835604,11,35.333333333333336
student_enddA_s1,val,all,all,,200000,53779,0.93606,0.9042193509500119,0.7553368427732015,0.8864240688744677,0.7252806258948659,0.8186884042563083,0.8502203462318005,0.7856240504657952,0.006002759520485979,0.2558387219905853,0.09226496749631456,0.005283025527797819,11,1.0
student_enddA_s1,val,all,near,,200000,10959,0.93606,0.9042193509500119,0.6872570036043435,0.9177844693858929,0.6617205502326856,0.7116731560817593,0.9088420476320832,0.6862516625604527,0.006002759520485979,0.2558387219905853,0.09226496749631456,0.005283025527797819,11,1.0
student_enddA_s1,val,all,far,,200000,42820,0.93606,0.9042193509500119,0.7727606390705277,0.8783979448855674,0.7415476709481551,0.8460770101588043,0.8352171882297992,0.8110566053246147,0.006002759520485979,0.2558387219905853,0.09226496749631456,0.005283025527797819,11,1.0
student_enddA_s1,val,ge5,all,,191366,52270,0.9461294064776397,0.9164320351557842,0.7616909076462812,0.8812129328486704,0.7368368208377543,0.826570254852429,0.842930935527071,0.7998752919813912,0.00792800029984531,0.21195122599601746,0.07855992375531742,0.0041247391670143465,11,1.0
student_enddA_s1,val,ge5,near,,191366,10483,0.9461294064776397,0.9164320351557842,0.6965682731772536,0.9173900600973004,0.6755008528835642,0.7237852978581899,0.9033673566727082,0.7036560324868968,0.00792800029984531,0.21195122599601746,0.07855992375531742,0.0041247391670143465,11,1.0
student_enddA_s1,val,ge5,far,,191366,41787,0.9461294064776397,0.9164320351557842,0.7780280598021865,0.8721372675712542,0.7522240214519114,0.85235565950389,0.827769401967119,0.8240135765502947,0.00792800029984531,0.21195122599601746,0.07855992375531742,0.0041247391670143465,11,1.0
student_enddA_s1,test_w16-19,all,all,,100000,100000,0.92648,0.8925330260370922,0.74964550835,0.85564,0.7127850252000001,0.79408373265,0.8033,0.7542350392,0.007092740613818177,0.29184025526046753,0.10484266235323896,0.007470187094391905,11,3.5
student_enddA_s1,test_w16-19,all,near,,100000,11980,0.92648,0.8925330260370922,0.8275041811352253,0.7665275459098497,0.7822265692821369,0.8626398301335559,0.6913188647746243,0.8148472303839732,0.007092740613818177,0.29184025526046753,0.10484266235323896,0.007470187094391905,11,3.5
student_enddA_s1,test_w16-19,all,far,,100000,88020,0.92648,0.8925330260370922,0.7390485201658714,0.8677686889343331,0.7033336539422859,0.7847528754828448,0.8185412406271302,0.7459853908202682,0.007092740613818177,0.29184025526046753,0.10484266235323896,0.007470187094391905,11,3.5
student_enddA_s1,test_w16-19,ge5,all,,96085,89545,0.9352968725607534,0.9010742357164474,0.7626421865355835,0.8452844938299179,0.7306367984056404,0.8146208711748406,0.7869897816740187,0.7801502972828529,0.007773163127633629,0.2556583285331726,0.09289977910008151,0.006304388696422645,11,3.5
student_enddA_s1,test_w16-19,ge5,near,,96085,11402,0.9352968725607534,0.9010742357164474,0.8357788689243157,0.7537274162427644,0.7964152782085183,0.8743439478600724,0.6806700578845817,0.8329724309232318,0.007773163127633629,0.2556583285331726,0.09289977910008151,0.006304388696422645,11,3.5
student_enddA_s1,test_w16-19,ge5,far,,96085,78143,0.9352968725607534,0.9010742357164474,0.7519706682601612,0.8586437684757432,0.72103893005259,0.8059065586917645,0.8025031032850032,0.7724429150762882,0.007773163127633629,0.2556583285331726,0.09289977910008151,0.006304388696422645,11,3.5
student_enddA_s1,test_w20-23,all,all,,100000,100000,0.91107,0.8657655075726768,0.75354077935,0.85306,0.7053790741,0.7942869719000001,0.78674,0.7421940898000001,0.00559220114115629,0.3511124551296234,0.12770634472754144,0.010052543357347421,11,7.5
student_enddA_s1,test_w20-23,all,near,,100000,13417,0.91107,0.8657655075726768,0.8340977539688454,0.7533725870164717,0.7757545300737869,0.8732121655362599,0.6709398524260267,0.8113136945665946,0.00559220114115629,0.3511124551296234,0.12770634472754144,0.010052543357347421,11,7.5
student_enddA_s1,test_w20-23,all,far,,100000,86583,0.91107,0.8657655075726768,0.7410575790859638,0.8685076747167458,0.6944736135269047,0.7820566342700067,0.8046845223658224,0.7314832373560629,0.00559220114115629,0.3511124551296234,0.12770634472754144,0.010052543357347421,11,7.5
student_enddA_s1,test_w20-23,ge5,all,,95941,89776,0.9198986877351706,0.8739135732598395,0.7682059236141554,0.8411713598289075,0.7247729849791041,0.8165181093147955,0.7698382641240421,0.7697543720669935,0.00581316615476375,0.31787586212158203,0.11616253485730951,0.0085665474372274,11,7.5
student_enddA_s1,test_w20-23,ge5,near,,95941,12762,0.9198986877351706,0.8739135732598395,0.840595369397553,0.7422034163924149,0.7885305785791362,0.8834649108619608,0.6591443347437705,0.8283333800582964,0.00581316615476375,0.31787586212158203,0.11616253485730951,0.0085665474372274,11,7.5
student_enddA_s1,test_w20-23,ge5,far,,95941,77014,0.9198986877351706,0.8739135732598395,0.7562102590974737,0.8575713506635158,0.714207705815269,0.8054243460854488,0.7881813696211079,0.7600472370008367,0.00581316615476375,0.31787586212158203,0.11616253485730951,0.0085665474372274,11,7.5
student_enddA_s1,test_w24-27,all,all,,100000,100000,0.90469,0.8415011901027791,0.75671293475,0.85259,0.7026690893999998,0.7931239207999998,0.78203,0.7361128559999999,0.010774587527737025,0.39850038290023804,0.1409875994774221,0.011986596235502038,11,11.5
student_enddA_s1,test_w24-27,all,near,,100000,12494,0.90469,0.8415011901027791,0.8287158311989755,0.7549223627341124,0.7648853721786458,0.8713555786777654,0.6607971826476708,0.8037958404033936,0.010774587527737025,0.39850038290023804,0.1409875994774221,0.011986596235502038,11,11.5
student_enddA_s1,test_w24-27,all,far,,100000,87506,0.90469,0.8415011901027791,0.7464324489749274,0.8665348661806047,0.6937859243937559,0.7819541000617101,0.7993394738646493,0.72644916200032,0.010774587527737025,0.39850038290023804,0.1409875994774221,0.011986596235502038,11,11.5
student_enddA_s1,test_w24-27,ge5,all,,96204,89771,0.9118747661219908,0.8471315563639659,0.7697224925542799,0.8408171904067014,0.7194917797439554,0.8147635641378587,0.7661605641019928,0.7619763312165067,0.010159349374832096,0.36446863412857056,0.13079694760923585,0.010530593859772952,11,11.5
student_enddA_s1,test_w24-27,ge5,near,,96204,11977,0.9118747661219908,0.8471315563639659,0.8356139295637692,0.7474325791099607,0.776900417635874,0.8818257776388154,0.6534190531852718,0.8199532703436302,0.010159349374832096,0.36446863412857056,0.13079694760923585,0.010530593859772952,11,11.5
student_enddA_s1,test_w24-27,ge5,far,,96204,77794,0.9118747661219908,0.8471315563639659,0.7595779860234081,0.8551944880067871,0.7106532670561966,0.8044388073301232,0.7835180091009589,0.7530503240703827,0.010159349374832096,0.36446863412857056,0.13079694760923585,0.010530593859772952,11,11.5
student_enddA_s1,test_w28-31,all,all,,100000,100000,0.88175,0.77945244516045,0.76930050675,0.84365,0.6974821299999999,0.8132033052,0.76567,0.736847382,0.010869310022741526,0.5119088888168335,0.170875511868219,0.017560132078984977,11,15.5
student_enddA_s1,test_w28-31,all,near,,100000,15990,0.88175,0.77945244516045,0.8103235978736711,0.8041901188242652,0.7318314740462788,0.8611023674171356,0.7022514071294559,0.7770823839899937,0.010869310022741526,0.5119088888168335,0.170875511868219,0.017560132078984977,11,15.5
student_enddA_s1,test_w28-31,all,far,,100000,84010,0.88175,0.77945244516045,0.7614923978693015,0.8511605761218902,0.6909442653255565,0.8040864619092964,0.777740745149387,0.7291892736578978,0.010869310022741526,0.5119088888168335,0.170875511868219,0.017560132078984977,11,15.5
student_enddA_s1,test_w28-31,ge5,all,,95576,94669,0.8889260902318574,0.7849578338155128,0.7739057789777827,0.8408349089987218,0.7073583072028002,0.8194841471517564,0.7637030073202421,0.7492046264461744,0.010460281686445257,0.4686136543750763,0.15977280097093433,0.01563266269093103,11,15.5
student_enddA_s1,test_w28-31,ge5,near,,95576,15420,0.8889260902318574,0.7849578338155128,0.8152088838218343,0.800064850843061,0.7421766491747979,0.8697589379438174,0.701556420233463,0.7916421650769063,0.010460281686445257,0.4686136543750763,0.15977280097093433,0.01563266269093103,11,15.5
student_enddA_s1,test_w28-31,ge5,far,,95576,79249,0.8889260902318574,0.7849578338155128,0.7658691617751014,0.848767807795682,0.7005834730319186,0.8097018499112414,0.7757952781738571,0.7409472749882899,0.010460281686445257,0.4686136543750763,0.15977280097093433,0.01563266269093103,11,15.5
student_enddA_s1,test_w32-35,all,all,,100000,100000,0.85435,0.7417006083277844,0.760333111,0.86449,0.674889717,0.7949834161000001,0.81615,0.7055486525000001,0.018860957669019716,0.6370798349380493,0.20920653582033533,0.02566085158847962,11,19.5
student_enddA_s1,test_w32-35,all,near,,100000,16559,0.85435,0.7417006083277844,0.8132217981158283,0.8094087807234737,0.7170217350081526,0.8575848771061054,0.7349477625460474,0.755833310586388,0.018860957669019716,0.6370798349380493,0.20920653582033533,0.02566085158847962,11,19.5
student_enddA_s1,test_w32-35,all,far,,100000,83441,0.85435,0.7417006083277844,0.7498372663918218,0.875420956124687,0.6665285505926344,0.7825600559676897,0.8322647139895255,0.6955695816205464,0.018860957669019716,0.6370798349380493,0.20920653582033533,0.02566085158847962,11,19.5
student_enddA_s1,test_w32-35,ge5,all,,95262,94615,0.8628939136276794,0.7468579758880637,0.7624054404885197,0.8648417269988903,0.6836030269703578,0.7993940367530135,0.8145854251440047,0.7179065472840376,0.01447817839345639,0.5880058407783508,0.19576073206547615,0.02298785014120083,11,19.5
student_enddA_s1,test_w32-35,ge5,near,,95262,16006,0.8628939136276794,0.7468579758880637,0.8175292398709011,0.8063851055854054,0.7280832395174771,0.8658318110711003,0.7371610646007747,0.7715881062510064,0.01447817839345639,0.5880058407783508,0.19576073206547615,0.02298785014120083,11,19.5
student_enddA_s1,test_w32-35,ge5,far,,95262,78609,0.8628939136276794,0.7468579758880637,0.7511813881164707,0.876744393135646,0.6745461723859056,0.7858662852775424,0.8303502143520463,0.7069761572164205,0.01447817839345639,0.5880058407783508,0.19576073206547615,0.02298785014120083,11,19.5
student_enddA_s1,test_w36-39,all,all,,100000,100000,0.83292,0.7274557984313526,0.7379595457,0.8767,0.6419098067000001,0.76472967485,0.84159,0.6662395658000001,0.03055252224117517,0.7036353349685669,0.23835258046864696,0.033359451723758246,11,23.5
student_enddA_s1,test_w36-39,all,near,,100000,12548,0.83292,0.7274557984313526,0.8000442998884284,0.8406120497290405,0.6904175262990118,0.8461011750876635,0.7774944214217405,0.7307350358622888,0.03055252224117517,0.7036353349685669,0.23835258046864696,0.033359451723758246,11,23.5
student_enddA_s1,test_w36-39,all,far,,100000,87452,0.83292,0.7274557984313526,0.7290513503979326,0.8818780588208388,0.6349497044092759,0.753054131866624,0.8507867172849106,0.6569854703151443,0.03055252224117517,0.7036353349685669,0.23835258046864696,0.033359451723758246,11,23.5
student_enddA_s1,test_w36-39,ge5,all,,95184,91735,0.8437972768532527,0.7333628043193093,0.7459621936301407,0.8760669319234752,0.6564571798872564,0.7778389426987737,0.8352101160952744,0.6881890983517783,0.024387035780324987,0.6532072424888611,0.22203264163006517,0.029877719687083377,11,23.5
student_enddA_s1,test_w36-39,ge5,near,,95184,12085,0.8437972768532527,0.7333628043193093,0.8053928530246719,0.8378982209350434,0.7038230724153512,0.8543989798162328,0.7770790235829541,0.748830202042141,0.024387035780324987,0.6532072424888611,0.22203264163006517,0.029877719687083377,11,23.5
student_enddA_s1,test_w36-39,ge5,far,,95184,79650,0.8437972768532527,0.7333628043193093,0.7369449994206878,0.8818581293157565,0.6492705281458625,0.7662227713420321,0.844030131826742,0.6789882479048477,0.024387035780324987,0.6532072424888611,0.22203264163006517,0.029877719687083377,11,23.5
student_enddA_s1,test_w40-43,all,all,,100000,100000,0.82584,0.7202321104090507,0.7459473345500001,0.86188,0.6405308344,0.7721197357999999,0.82787,0.6650315325,0.03364648539155724,0.7483342885971069,0.24949851231698117,0.036253731000896086,11,27.5
student_enddA_s1,test_w40-43,all,near,,100000,10904,0.82584,0.7202321104090507,0.789540313187821,0.84501100513573,0.6751207079970654,0.839640670396185,0.7833822450476889,0.7187641636096845,0.03364648539155724,0.7483342885971069,0.24949851231698117,0.036253731000896086,11,27.5
student_enddA_s1,test_w40-43,all,far,,100000,89096,0.82584,0.7202321104090507,0.7406122146897728,0.8639445092933465,0.6362975581395348,0.7638561967989584,0.833314626919278,0.6584554728607346,0.03364648539155724,0.7483342885971069,0.24949851231698117,0.036253731000896086,11,27.5
student_enddA_s1,test_w40-43,ge5,all,,95288,93977,0.8358765007136261,0.7278920264079668,0.7492856903463341,0.8647222192664162,0.6509033928160204,0.7772900867168435,0.8270534279664173,0.6793386248133618,0.028336972973245566,0.6964154839515686,0.23472075971961903,0.03297251857620956,11,27.5
student_enddA_s1,test_w40-43,ge5,near,,95288,10557,0.8358765007136261,0.7278920264079668,0.7921632299258876,0.8434214265416311,0.6854641995386405,0.8450859516024515,0.7853556881689874,0.733509111103588,0.028336972973245566,0.6964154839515686,0.23472075971961903,0.03297251857620956,11,27.5
student_enddA_s1,test_w40-43,ge5,far,,95288,83420,0.8358765007136261,0.7278920264079668,0.7438594354273537,0.8674178853991849,0.6465296402798096,0.7687103582872419,0.8323303764085351,0.6724832205486061,0.028336972973245566,0.6964154839515686,0.23472075971961903,0.03297251857620956,11,27.5
student_enddA_s1,test_w44-47,all,all,,100000,100000,0.80228,0.6891705718235374,0.7215162119,0.8822,0.6082886463999999,0.7517804532,0.85327,0.6351305131999998,0.04255199100740257,0.9057714343070984,0.2852905642959267,0.04849484687957845,11,31.5
student_enddA_s1,test_w44-47,all,near,,100000,10628,0.80228,0.6891705718235374,0.7760846989085435,0.8727888596161084,0.6499260698155815,0.8316542223372224,0.8037260067745577,0.6966229732781332,0.04255199100740257,0.9057714343070984,0.2852905642959267,0.04849484687957845,11,31.5
student_enddA_s1,test_w44-47,all,far,,100000,89372,0.80228,0.6891705718235374,0.7150269996195676,0.8833191603634248,0.6033371790941234,0.7422819702479523,0.8591617061271987,0.6278179112026137,0.04255199100740257,0.9057714343070984,0.2852905642959267,0.04849484687957845,11,31.5
student_enddA_s1,test_w44-47,ge5,all,,94936,92436,0.8116415269234011,0.6959746734555506,0.7239740283861182,0.8847635120515817,0.6172996192286205,0.7563087048213257,0.8495175040027695,0.6482095234384126,0.036687270256630974,0.8441944718360901,0.27005889602091104,0.04362857532483311,11,31.5
student_enddA_s1,test_w44-47,ge5,near,,94936,10310,0.8116415269234011,0.6959746734555506,0.7761501862666865,0.8736178467507274,0.6577081976386031,0.8339185484864293,0.8054316197866149,0.7081638336045388,0.036687270256630974,0.8441944718360901,0.27005889602091104,0.04362857532483311,11,31.5
student_enddA_s1,test_w44-47,ge5,far,,94936,82126,0.8116415269234011,0.6959746734555506,0.7174238958124063,0.8861627255680297,0.6122267745337989,0.7465656576963323,0.8550519932786207,0.6406829309121391,0.036687270256630974,0.8441944718360901,0.27005889602091104,0.04362857532483311,11,31.5
student_enddA_s1,test_w48-51,all,all,,100000,100000,0.79432,0.6812184167403589,0.7124568593,0.89195,0.5966437241999999,0.75152123665,0.85911,0.629938223,0.04779965557068587,0.9753268957138062,0.2979137403266785,0.05208198653807603,11,35.333333333333336
student_enddA_s1,test_w48-51,all,near,,100000,10972,0.79432,0.6812184167403589,0.7699963940029164,0.8818811520233322,0.6398320160408312,0.8331126854721108,0.7837222019686475,0.691108317535545,0.04779965557068587,0.9753268957138062,0.2979137403266785,0.05208198653807603,11,35.333333333333336
student_enddA_s1,test_w48-51,all,far,,100000,89028,0.79432,0.6812184167403589,0.7053655647099789,0.8931909062317474,0.591321107292088,0.7414657330278114,0.8684009525093229,0.6223994904973715,0.04779965557068587,0.9753268957138062,0.2979137403266785,0.05208198653807603,11,35.333333333333336
student_enddA_s1,test_w48-51,ge5,all,,94668,93780,0.8048759876621456,0.6889037369618262,0.7124829219872666,0.8974301556835146,0.604591264644133,0.7515991826320596,0.8577308594583066,0.640780064053958,0.040344049071777154,0.8943244218826294,0.27927000429760096,0.04510174102971022,11,35.333333333333336
student_enddA_s1,test_w48-51,ge5,near,,94668,10675,0.8048759876621456,0.6889037369618262,0.7697695894509782,0.8856206088992974,0.6481904902418005,0.8343843545825971,0.7859484777517565,0.703003984144169,0.040344049071777154,0.8943244218826294,0.27927000429760096,0.04510174102971022,11,35.333333333333336
student_enddA_s1,test_w48-51,ge5,far,,94668,83105,0.8048759876621456,0.6889037369618262,0.7051243373632955,0.8989471150953613,0.5989908587328748,0.7409652651713534,0.8669514469646832,0.6327872796611658,0.040344049071777154,0.8943244218826294,0.27927000429760096,0.04510174102971022,11,35.333333333333336
student_enddA_s2,val,all,all,,200000,53779,0.935935,0.9034951544633154,0.7602012509529743,0.8921884006768441,0.7303970361107496,0.8184604781141338,0.8616932259804013,0.7855797762137638,0.007040498969927405,0.2536501884460449,0.09131618880231958,0.005176177858051589,11,1.0
student_enddA_s2,val,all,near,,200000,10959,0.935935,0.9034951544633154,0.7053674005383703,0.907290811205402,0.6792301021991056,0.7220610290628706,0.9180582169906013,0.6961798590199836,0.007040498969927405,0.2536501884460449,0.09131618880231958,0.005176177858051589,11,1.0
student_enddA_s2,val,all,far,,200000,42820,0.935935,0.9034951544633154,0.774234977405418,0.8883232134516581,0.7434922819943952,0.8431321633582438,0.847267631947688,0.8084600586174685,0.007040498969927405,0.2536501884460449,0.09131618880231958,0.005176177858051589,11,1.0
student_enddA_s2,val,ge5,all,,191366,52270,0.946077150591014,0.9151040922959319,0.7672936215541035,0.8846183279127606,0.7425633015183993,0.8265060341472854,0.8532810407499521,0.8001025887926135,0.007777608615779752,0.21006575226783752,0.07761019182804674,0.00403578273361195,11,1.0
student_enddA_s2,val,ge5,near,,191366,10483,0.946077150591014,0.9151040922959319,0.7159085220163063,0.8983115520366307,0.6941106740438214,0.7356748465023084,0.9111895449775828,0.7151743953505155,0.007777608615779752,0.21006575226783752,0.07761019182804674,0.00403578273361195,11,1.0
student_enddA_s2,val,ge5,far,,191366,41787,0.946077150591014,0.9151040922959319,0.7801844727387955,0.8811831430827769,0.7547184907833862,0.8492926266301699,0.8387536793739679,0.8214083119087386,0.007777608615779752,0.21006575226783752,0.07761019182804674,0.00403578273361195,11,1.0
student_enddA_s2,test_w16-19,all,all,,100000,100000,0.92581,0.8891750320183519,0.7560593798999999,0.87096,0.7190640649000001,0.7937938410500001,0.82446,0.7538763840000001,0.006727820559442031,0.2934653162956238,0.1055245194200331,0.007402651631546112,11,3.5
student_enddA_s2,test_w16-19,all,near,,100000,11980,0.92581,0.8891750320183519,0.8125823476627714,0.8118530884808013,0.7696310033388982,0.8604483005008348,0.7210350584307179,0.8127073806343906,0.006727820559442031,0.2934653162956238,0.1055245194200331,0.007402651631546112,11,3.5
student_enddA_s2,test_w16-19,all,far,,100000,88020,0.92581,0.8891750320183519,0.7483662970347649,0.8790047716428084,0.7121816299704612,0.7847218071461031,0.8385366962054078,0.745869165871393,0.006727820559442031,0.2934653162956238,0.1055245194200331,0.007402651631546112,11,3.5
student_enddA_s2,test_w16-19,ge5,all,,96085,89545,0.934224905032003,0.8974819680474643,0.7657235387103697,0.8652297727399632,0.7334263209033691,0.8119610568834941,0.816941202747222,0.7774163511236533,0.007553149641828721,0.25824108719825745,0.09374218682404256,0.006203827338377067,11,3.5
student_enddA_s2,test_w16-19,ge5,near,,96085,11402,0.934224905032003,0.8974819680474643,0.8190133974901648,0.8025784950008771,0.7814926326751795,0.8711491212307205,0.7116295386774251,0.8296556987320024,0.007553149641828721,0.25824108719825745,0.09374218682404256,0.006203827338377067,11,3.5
student_enddA_s2,test_w16-19,ge5,far,,96085,78143,0.934224905032003,0.8974819680474643,0.7579479098017379,0.8743713448421484,0.7264128700911123,0.8033248091109861,0.8323074363666612,0.7697940043820336,0.007553149641828721,0.25824108719825745,0.09374218682404256,0.006203827338377067,11,3.5
student_enddA_s2,test_w20-23,all,all,,100000,100000,0.90726,0.857915907885625,0.7569969285,0.87481,0.7063408214,0.7916209251499999,0.81803,0.737435961,0.006300453832596538,0.3537799119949341,0.1306778338538718,0.01026677994793334,11,7.5
student_enddA_s2,test_w20-23,all,near,,100000,13417,0.90726,0.857915907885625,0.816674492062309,0.8197808750093165,0.7588632749496906,0.8661316974733547,0.7276589401505552,0.8028080942088396,0.006300453832596538,0.3537799119949341,0.1306778338538718,0.01026677994793334,11,7.5
student_enddA_s2,test_w20-23,all,far,,100000,86583,0.90726,0.857915907885625,0.7477492254830627,0.8833373756973077,0.6982018823556589,0.7800746512594852,0.8320340020558308,0.7273058210041231,0.006300453832596538,0.3537799119949341,0.1306778338538718,0.01026677994793334,11,7.5
student_enddA_s2,test_w20-23,ge5,all,,95941,89776,0.9154480357719849,0.8653114500682473,0.7676152068116754,0.8699986633398681,0.7216681834611824,0.8114509439787233,0.8080333273926217,0.7622039981154433,0.005497488450038456,0.3209068477153778,0.11945573099889563,0.00879024940524893,11,7.5
student_enddA_s2,test_w20-23,ge5,near,,95941,12762,0.9154480357719849,0.8653114500682473,0.8211497510302691,0.8139790001567152,0.7691480838319701,0.8757871827050971,0.718539413884971,0.8186514254067835,0.005497488450038456,0.3209068477153778,0.11945573099889563,0.00879024940524893,11,7.5
student_enddA_s2,test_w20-23,ge5,far,,95941,77014,0.9154480357719849,0.8653114500682473,0.75874399049623,0.8792816890435505,0.7138002829686487,0.800789777455416,0.8228633754901706,0.752850087565516,0.005497488450038456,0.3209068477153778,0.11945573099889563,0.00879024940524893,11,7.5
student_enddA_s2,test_w24-27,all,all,,100000,100000,0.89904,0.8346746559132237,0.7595331893,0.87325,0.7014385759,0.7927513256,0.80532,0.7310541176,0.005012542943358442,0.3958815634250641,0.14471863857856904,0.012554845303477903,11,11.5
student_enddA_s2,test_w24-27,all,near,,100000,12494,0.89904,0.8346746559132237,0.8115450148071075,0.8277573235152873,0.7467106907315512,0.8667099479750281,0.7100208099887946,0.7952695317752522,0.005012542943358442,0.3958815634250641,0.14471863857856904,0.012554845303477903,11,11.5
student_enddA_s2,test_w24-27,all,far,,100000,87506,0.89904,0.8346746559132237,0.7521070042625648,0.8797453888876191,0.694974678536329,0.7821916036614632,0.8189267021689941,0.7218855190501221,0.005012542943358442,0.3958815634250641,0.14471863857856904,0.012554845303477903,11,11.5
student_enddA_s2,test_w24-27,ge5,all,,96204,89771,0.9061161698058293,0.8402781409388993,0.7691573237957146,0.8659478005146428,0.7148596995297244,0.8121379546625449,0.7946998473894687,0.7547219895929109,0.005806614128146849,0.3603609502315521,0.13444130548054942,0.01100502517262071,11,11.5
student_enddA_s2,test_w24-27,ge5,near,,96204,11977,0.9061161698058293,0.8402781409388993,0.8164356025791912,0.8204057777406696,0.7564057523222505,0.8764763564249326,0.7038490440010019,0.8106790162691317,0.005806614128146849,0.3603609502315521,0.13444130548054942,0.01100502517262071,11,11.5
student_enddA_s2,test_w24-27,ge5,far,,96204,77794,0.9061161698058293,0.8402781409388993,0.7618784598089072,0.87295935419184,0.7084633569545119,0.8022325501595226,0.8086870452734144,0.7461069639032549,0.005806614128146849,0.3603609502315521,0.13444130548054942,0.01100502517262071,11,11.5
student_enddA_s2,test_w28-31,all,all,,100000,100000,0.86999,0.7678525030774722,0.7598168956000001,0.88319,0.6843875964,0.8065694786,0.8005,0.7238078987000001,0.013035186124891024,0.5240169763565063,0.18221126911600619,0.01922074283224344,11,15.5
student_enddA_s2,test_w28-31,all,near,,100000,15990,0.86999,0.7678525030774722,0.7902473308317698,0.8679174484052533,0.7103246904315197,0.8542185403377109,0.7427767354596623,0.7636816766729206,0.013035186124891024,0.5240169763565063,0.18221126911600619,0.01922074283224344,11,15.5
student_enddA_s2,test_w28-31,all,far,,100000,84010,0.86999,0.7678525030774722,0.7540249344125699,0.8860968932269968,0.6794508729913107,0.7975002190215451,0.8114867277705035,0.7162185437447922,0.013035186124891024,0.5240169763565063,0.18221126911600619,0.01922074283224344,11,15.5
student_enddA_s2,test_w28-31,ge5,all,,95576,94669,0.8767473005775509,0.7730601359878261,0.7629638908127314,0.8859816835500534,0.6922812569882472,0.8113433538965693,0.8026069779970212,0.7344223270206953,0.010496560303004642,0.48109710216522217,0.17133672742619988,0.017170894258003753,11,15.5
student_enddA_s2,test_w28-31,ge5,near,,95576,15420,0.8767473005775509,0.7730601359878261,0.7941788392274483,0.8644617380025941,0.7190904635334379,0.8624375820134909,0.7422178988326849,0.7773820417066861,0.010496560303004642,0.48109710216522217,0.17133672742619988,0.017170894258003753,11,15.5
student_enddA_s2,test_w28-31,ge5,far,,95576,79249,0.8767473005775509,0.7730601359878261,0.7568901926644275,0.8901689611225378,0.6870648130592785,0.8014016133375348,0.8143572789562014,0.7260633723277907,0.010496560303004642,0.48109710216522217,0.17133672742619988,0.017170894258003753,11,15.5
student_enddA_s2,test_w32-35,all,all,,100000,100000,0.8471,0.7326428357432203,0.7487141877499999,0.87677,0.6627522107,0.7891255057,0.82895,0.6955638553000001,0.02188278006933632,0.660739541053772,0.22217776189551405,0.028971004964602035,11,19.5
student_enddA_s2,test_w32-35,all,near,,100000,16559,0.8471,0.7326428357432203,0.7927408916601244,0.8412343740564043,0.6984704994262938,0.8506939760855123,0.758016788453409,0.7450645817984177,0.02188278006933632,0.660739541053772,0.22217776189551405,0.028971004964602035,11,19.5
student_enddA_s2,test_w32-35,all,far,,100000,83441,0.8471,0.7326428357432203,0.7399770178928824,0.883822101844417,0.6556638591339989,0.7769071442096812,0.8430268093623039,0.6857403568988867,0.02188278006933632,0.660739541053772,0.22217776189551405,0.028971004964602035,11,19.5
student_enddA_s2,test_w32-35,ge5,all,,95262,94615,0.8554932711889316,0.7375309250896669,0.75018470797165,0.883897902023992,0.6700796549254955,0.7922957948742309,0.8345082703588226,0.7068275412203039,0.01719601183397031,0.6073705554008484,0.20843802911254697,0.0256381512078429,11,19.5
student_enddA_s2,test_w32-35,ge5,near,,95262,16006,0.8554932711889316,0.7375309250896669,0.7955297590228632,0.8405597900787205,0.7072595921120288,0.8581502863973196,0.7584030988379358,0.7600441158755595,0.01719601183397031,0.6073705554008484,0.20843802911254697,0.0256381512078429,11,19.5
student_enddA_s2,test_w32-35,ge5,far,,95262,78609,0.8554932711889316,0.7375309250896669,0.7409517589820215,0.8927222073808343,0.6625092485520822,0.7788868087362754,0.85000445241639,0.6959918291016911,0.01719601183397031,0.6073705554008484,0.20843802911254697,0.0256381512078429,11,19.5
student_enddA_s2,test_w36-39,all,all,,100000,100000,0.8255,0.7150481784781776,0.73012272775,0.88248,0.6322321876999999,0.7624770333499999,0.84234,0.6571339501999999,0.03407849878154695,0.7506402134895325,0.2540811067878569,0.037211303572130386,11,23.5
student_enddA_s2,test_w36-39,all,near,,100000,12548,0.8255,0.7150481784781776,0.7860605459037298,0.8497768568696207,0.6763414177558177,0.8445850637551802,0.7693656359579216,0.7218697123047497,0.03407849878154695,0.7506402134895325,0.2540811067878569,0.037211303572130386,11,23.5
student_enddA_s2,test_w36-39,all,far,,100000,87452,0.8255,0.7150481784781776,0.7220965220349449,0.8871723917120249,0.6259032001555139,0.7506958097584961,0.8528106847184741,0.6478453765494214,0.03407849878154695,0.7506402134895325,0.2540811067878569,0.037211303572130386,11,23.5
student_enddA_s2,test_w36-39,ge5,all,,95184,91735,0.8360228609850395,0.7195363139725984,0.7373487562721205,0.8876982612961247,0.6445236132963661,0.774878631367844,0.8455878345233553,0.6779656604585134,0.02723691574659321,0.6971114873886108,0.2369187436241815,0.03284325027472684,11,23.5
student_enddA_s2,test_w36-39,ge5,near,,95184,12085,0.8360228609850395,0.7195363139725984,0.7911886168969129,0.848158874637981,0.6876015110302138,0.8518742863157693,0.7692180388911875,0.7386057502423892,0.02723691574659321,0.6971114873886108,0.2369187436241815,0.03284325027472684,11,23.5
student_enddA_s2,test_w36-39,ge5,far,,95184,79650,0.8360228609850395,0.7195363139725984,0.729179833288434,0.8936974262397991,0.6379875631505587,0.7631963653283501,0.8571751412429378,0.6687649638478648,0.02723691574659321,0.6971114873886108,0.2369187436241815,0.03284325027472684,11,23.5
student_enddA_s2,test_w40-43,all,all,,100000,100000,0.81954,0.7126205871005239,0.73507345685,0.87287,0.6286984905,0.7685815431999999,0.83272,0.6554783393,0.03616026150643829,0.7818690538406372,0.2614114815456914,0.03929589892170821,11,27.5
student_enddA_s2,test_w40-43,all,near,,100000,10904,0.81954,0.7126205871005239,0.7822998074101248,0.8459280997798972,0.6661917929200294,0.83919972945708,0.7613719735876743,0.7111424669845927,0.03616026150643829,0.7818690538406372,0.2614114815456914,0.03929589892170821,11,27.5
student_enddA_s2,test_w40-43,all,far,,100000,89096,0.81954,0.7126205871005239,0.7292936673363564,0.8761672802370477,0.62410987855796,0.7599389475397325,0.8414519170333123,0.6486658937550509,0.03616026150643829,0.7818690538406372,0.2614114815456914,0.03929589892170821,11,27.5
student_enddA_s2,test_w40-43,ge5,all,,95288,93977,0.829243976156494,0.7189531025465921,0.7380670639904481,0.881077284867574,0.6372228960526763,0.773254898363368,0.8391734147716995,0.6689197581080004,0.030442951487374324,0.728047251701355,0.24569335047513094,0.035102556175979696,11,27.5
student_enddA_s2,test_w40-43,ge5,near,,95288,10557,0.829243976156494,0.7189531025465921,0.7852793994997488,0.8445581131003126,0.6751043765939623,0.8443808517653033,0.7601591361182154,0.7251731939579318,0.030442951487374324,0.728047251701355,0.24569335047513094,0.035102556175979696,11,27.5
student_enddA_s2,test_w40-43,ge5,far,,95288,83420,0.829243976156494,0.7189531025465921,0.7320922303058198,0.8856988731719012,0.6324289043231829,0.7642537392880357,0.8491728602253656,0.6618007516075481,0.030442951487374324,0.728047251701355,0.24569335047513094,0.035102556175979696,11,27.5
student_enddA_s2,test_w44-47,all,all,,100000,100000,0.79687,0.6847995507321012,0.7174429688000001,0.88842,0.6028792272,0.75012565615,0.85681,0.6284992235,0.04344001749500632,0.9264010787010193,0.29449507403967823,0.0499377287461856,11,31.5
student_enddA_s2,test_w44-47,all,near,,100000,10628,0.79687,0.6847995507321012,0.7661864076025593,0.8566992849077908,0.6403825357546106,0.8233484841926986,0.7885773428678962,0.6848731445238991,0.04344001749500632,0.9264010787010193,0.29449507403967823,0.0499377287461856,11,31.5
student_enddA_s2,test_w44-47,all,far,,100000,89372,0.79687,0.6847995507321012,0.7116464635456297,0.8921921854719599,0.5984193833639172,0.7414180943136552,0.8649241373137,0.6217953113950679,0.04344001749500632,0.9264010787010193,0.29449507403967823,0.0499377287461856,11,31.5
student_enddA_s2,test_w44-47,ge5,all,,94936,92436,0.8061220190444088,0.6912080644422167,0.7200792350356622,0.8942187026699554,0.6105562870675686,0.7546358730569727,0.8587455104072007,0.6413361545310365,0.03621543607265424,0.8641588687896729,0.27880092502603204,0.044893124242850586,11,31.5
student_enddA_s2,test_w44-47,ge5,near,,94936,10310,0.8061220190444088,0.6912080644422167,0.7681532760811571,0.8587778855480116,0.6480825205680449,0.825349287839183,0.7880698351115422,0.6959826915301233,0.03621543607265424,0.8641588687896729,0.27880092502603204,0.044893124242850586,11,31.5
student_enddA_s2,test_w44-47,ge5,far,,94936,82126,0.8061220190444088,0.6912080644422167,0.7140440773124191,0.898667900543068,0.6058452885118139,0.7457585953811503,0.8676180503129338,0.6344758935118637,0.03621543607265424,0.8641588687896729,0.27880092502603204,0.044893124242850586,11,31.5
student_enddA_s2,test_w48-51,all,all,,100000,100000,0.78588,0.6750021129489664,0.70662388005,0.90244,0.5894848447000001,0.7478243906500001,0.87041,0.6209741080000001,0.05191123087763787,1.0002378225326538,0.3117689991352019,0.05417569813390109,11,35.333333333333336
student_enddA_s2,test_w48-51,all,near,,100000,10972,0.78588,0.6750021129489664,0.7570226567626686,0.8695771053590958,0.6274589418519868,0.8270713466095515,0.795205978855268,0.6802128873496173,0.05191123087763787,1.0002378225326538,0.3117689991352019,0.05417569813390109,11,35.333333333333336
student_enddA_s2,test_w48-51,all,far,,100000,89028,0.78588,0.6750021129489664,0.7004126276564676,0.906490093004448,0.584804836231298,0.7380578273127555,0.8796783034550928,0.613673394887002,0.05191123087763787,1.0002378225326538,0.3117689991352019,0.05417569813390109,11,35.333333333333336
student_enddA_s2,test_w48-51,ge5,all,,94668,93780,0.796245827523556,0.681715887716235,0.7080393902407167,0.909404990403071,0.5968069284039441,0.7475536068342076,0.875869055235658,0.6314298381152446,0.04294710110308059,0.9215319156646729,0.2932971771076709,0.04772216192744186,11,35.333333333333336
student_enddA_s2,test_w48-51,ge5,near,,94668,10675,0.796245827523556,0.681715887716235,0.7588403605292757,0.869976580796253,0.6355338726469103,0.8281255840081679,0.7991569086651054,0.691845648379066,0.04294710110308059,0.9215319156646729,0.2932971771076709,0.04772216192744186,11,35.333333333333336
student_enddA_s2,test_w48-51,ge5,far,,94668,83105,0.796245827523556,0.681715887716235,0.7015139061202623,0.9144696468323206,0.5918323765744073,0.737203978576798,0.8857228806930991,0.6236693089705926,0.04294710110308059,0.9215319156646729,0.2932971771076709,0.04772216192744186,11,35.333333333333336
teacherA,val,all,all,,200000,53779,,,0.7794147419066922,0.8777403819334685,,0.8401473451068261,0.819037170642816,,,,,,11,1.0
teacherA,val,all,near,,200000,10959,,,0.6651288014417374,0.9143169997262524,,0.7079911472305868,0.9009033670955379,,,,,,11,1.0
teacherA,val,all,far,,200000,42820,,,0.808664149229332,0.8683792620270901,,0.8739703197104157,0.7980850070060719,,,,,,11,1.0
teacherA,val,ge5,all,,191366,52270,,,0.782822386964084,0.8789362923282954,,0.8437725092331612,0.8255595944136216,,,,,,11,1.0
teacherA,val,ge5,near,,191366,10483,,,0.6702978905762611,0.9123342554612229,,0.7161498880834235,0.9001240103023943,,,,,,11,1.0
teacherA,val,ge5,far,,191366,41787,,,0.8110511254625057,0.8705578289898772,,0.8757888764649008,0.8068538062076722,,,,,,11,1.0
teacherA,test_w16-19,all,all,,100000,100000,,,0.7845433651,0.82453,,0.803255906,0.80353,,,,,,11,3.5
teacherA,test_w16-19,all,near,,100000,11980,,,0.8271455313021703,0.8052587646076794,,0.8616594131886477,0.721702838063439,,,,,,11,3.5
teacherA,test_w16-19,all,far,,100000,88020,,,0.7787449789252443,0.8271529197909566,,0.7953068715064758,0.8146671211088389,,,,,,11,3.5
teacherA,test_w16-19,ge5,all,,96085,89545,,,0.8006843474543888,0.8145960131777319,,0.8265245197084369,0.7877826790998939,,,,,,11,3.5
teacherA,test_w16-19,ge5,near,,96085,11402,,,0.8306663812299956,0.8034555341168216,,0.8667249095730546,0.7162778459919312,,,,,,11,3.5
teacherA,test_w16-19,ge5,far,,96085,78143,,,0.7963096094854156,0.816221542556595,,0.8206588011509671,0.7982160910126307,,,,,,11,3.5
teacherA,test_w20-23,all,all,,100000,100000,,,0.7926426075999999,0.81365,,0.80662194275,0.79388,,,,,,11,7.5
teacherA,test_w20-23,all,near,,100000,13417,,,0.8332964604606097,0.8058433330848923,,0.866311042334352,0.7214727584407841,,,,,,11,7.5
teacherA,test_w20-23,all,far,,100000,86583,,,0.7863428403959206,0.8148597299700865,,0.7973724520979869,0.8051003083746232,,,,,,11,7.5
teacherA,test_w20-23,ge5,all,,95941,89776,,,0.810044890641712,0.8028203528782748,,0.831197004267688,0.7799077704509,,,,,,11,7.5
teacherA,test_w20-23,ge5,near,,95941,12762,,,0.8367714943050404,0.8037925090111268,,0.8714262878359879,0.7183043410123805,,,,,,11,7.5
teacherA,test_w20-23,ge5,far,,95941,77014,,,0.8056160216574832,0.8026592567585115,,0.824530604432611,0.790116082790142,,,,,,11,7.5
teacherA,test_w24-27,all,all,,100000,100000,,,0.7755649673,0.85344,,0.79113061005,0.8327,,,,,,11,11.5
teacherA,test_w24-27,all,near,,100000,12494,,,0.8291389278853849,0.846246198175124,,0.8635567084200416,0.7596446294221226,,,,,,11,11.5
teacherA,test_w24-27,all,far,,100000,87506,,,0.7679157425205129,0.854467122254474,,0.78078970002057,0.8431307567481087,,,,,,11,11.5
teacherA,test_w24-27,ge5,all,,96204,89771,,,0.7929352317757224,0.8432567310155841,,0.8147029501335997,0.8207550322487217,,,,,,11,11.5
teacherA,test_w24-27,ge5,near,,96204,11977,,,0.8312892742911849,0.8464557067713117,,0.8678942426575944,0.7564498622359522,,,,,,11,11.5
teacherA,test_w24-27,ge5,far,,96204,77794,,,0.7870303243637411,0.8427642234619637,,0.8065137310349562,0.8306553204617323,,,,,,11,11.5
teacherA,test_w28-31,all,all,,100000,100000,,,0.7628375712499998,0.87612,,0.7907805370000001,0.85717,,,,,,11,15.5
teacherA,test_w28-31,all,near,,100000,15990,,,0.8007220731707316,0.8889305816135085,,0.8437394606003752,0.807191994996873,,,,,,11,15.5
teacherA,test_w28-31,all,far,,100000,84010,,,0.7556268441256994,0.8736817045589811,,0.7807006276038567,0.8666825377931199,,,,,,11,15.5
teacherA,test_w28-31,ge5,all,,95576,94669,,,0.7679429433156928,0.8745312615534124,,0.7997070405624856,0.8580211051136064,,,,,,11,15.5
teacherA,test_w28-31,ge5,near,,95576,15420,,,0.8022353453080765,0.8906614785992218,,0.8474008189759852,0.8117380025940337,,,,,,11,15.5
teacherA,test_w28-31,ge5,far,,95576,79249,,,0.7612704447513885,0.8713926989615011,,0.7904269479034469,0.8670267132708299,,,,,,11,15.5
teacherA,test_w32-35,all,all,,100000,100000,,,0.7469183066,0.89372,,0.77329795125,0.87486,,,,,,11,19.5
teacherA,test_w32-35,all,near,,100000,16559,,,0.7979602394468265,0.9007186424300985,,0.8413326752823238,0.8283108883386678,,,,,,11,19.5
teacherA,test_w32-35,all,far,,100000,83441,,,0.7367889533322947,0.8923311082081951,,0.7597963513740248,0.8840977457125394,,,,,,11,19.5
teacherA,test_w32-35,ge5,all,,95262,94615,,,0.7501236253775765,0.8928394017861861,,0.7804373619158653,0.8748718490725572,,,,,,11,19.5
teacherA,test_w32-35,ge5,near,,95262,16006,,,0.7964556143658972,0.902036736223916,,0.8431176689339217,0.8330626015244283,,,,,,11,19.5
teacherA,test_w32-35,ge5,far,,95262,78609,,,0.740689720662505,0.8909666832042132,,0.7676746885053014,0.8833848541515602,,,,,,11,19.5
teacherA,test_w36-39,all,all,,100000,100000,,,0.7198492535500001,0.9041,,0.7369029502500002,0.89138,,,,,,11,23.5
teacherA,test_w36-39,all,near,,100000,12548,,,0.7903311420146637,0.9102645839974498,,0.833063583041122,0.8492986930188078,,,,,,11,23.5
teacherA,test_w36-39,all,far,,100000,87452,,,0.7097362002584275,0.9032154782051869,,0.7231053970749668,0.8974180121666743,,,,,,11,23.5
teacherA,test_w36-39,ge5,all,,95184,91735,,,0.7268141199661156,0.9032975418324521,,0.75318411019611,0.888799258734398,,,,,,11,23.5
teacherA,test_w36-39,ge5,near,,95184,12085,,,0.7881329152053941,0.9164253206454283,,0.8352026683262009,0.8553578816714936,,,,,,11,23.5
teacherA,test_w36-39,ge5,far,,95184,79650,,,0.7175104458861824,0.9013057124921532,,0.7407397376286001,0.8938731952291274,,,,,,11,23.5
teacherA,test_w40-43,all,all,,100000,100000,,,0.7219819790500001,0.89864,,0.7376480177,0.88632,,,,,,11,27.5
teacherA,test_w40-43,all,near,,100000,10904,,,0.7877046991929568,0.901962582538518,,0.830198890774028,0.8358400586940572,,,,,,11,27.5
teacherA,test_w40-43,all,far,,100000,89096,,,0.7139385142430636,0.8982333662566221,,0.7263211936001617,0.8924979797072821,,,,,,11,27.5
teacherA,test_w40-43,ge5,all,,95288,93977,,,0.723908538172526,0.898847590367856,,0.7474656328117096,0.8868233716760484,,,,,,11,27.5
teacherA,test_w40-43,ge5,near,,95288,10557,,,0.7860265255532954,0.9066022544283414,,0.8319497198273446,0.8407691579047077,,,,,,11,27.5
teacherA,test_w40-43,ge5,far,,95288,83420,,,0.7160473586858468,0.8978662191321026,,0.7367739700614812,0.8926516422920163,,,,,,11,27.5
teacherA,test_w44-47,all,all,,100000,100000,,,0.7012077602500001,0.91355,,0.71861474315,0.90757,,,,,,11,31.5
teacherA,test_w44-47,all,near,,100000,10628,,,0.7648727168799397,0.9359239744072262,,0.8122433101242001,0.875235227700414,,,,,,11,31.5
teacherA,test_w44-47,all,far,,100000,89372,,,0.6936368078369064,0.9108893165644721,,0.7074805578369064,0.9114152083426577,,,,,,11,31.5
teacherA,test_w44-47,ge5,all,,94936,92436,,,0.7020852342611681,0.9129343545804665,,0.7265231273615487,0.9058808256523433,,,,,,11,31.5
teacherA,test_w44-47,ge5,near,,94936,10310,,,0.7622573340949811,0.9404461687681862,,0.8120669163654035,0.8817652764306498,,,,,,11,31.5
teacherA,test_w44-47,ge5,far,,94936,82126,,,0.6945313006800049,0.9094805542702676,,0.7157840622100773,0.9089082629130848,,,,,,11,31.5
teacherA,test_w48-51,all,all,,100000,100000,,,0.6970333488000001,0.92345,,0.71659894825,0.91637,,,,,,11,35.333333333333336
teacherA,test_w48-51,all,near,,100000,10972,,,0.7641314322821728,0.949690120306234,,0.8135313169886985,0.8826102807145462,,,,,,11,35.333333333333336
teacherA,test_w48-51,all,far,,100000,89028,,,0.6887640383362538,0.9202161117850564,,0.7046527970413803,0.9205306195803568,,,,,,11,35.333333333333336
teacherA,test_w48-51,ge5,all,,94668,93780,,,0.6951615882348643,0.9246321177223289,,0.7212426039807879,0.9158455960759224,,,,,,11,35.333333333333336
teacherA,test_w48-51,ge5,near,,94668,10675,,,0.7597905813379215,0.9545667447306792,,0.8118249028850635,0.8876814988290398,,,,,,11,35.333333333333336
teacherA,test_w48-51,ge5,far,,94668,83105,,,0.6868598675035588,0.9207869562601528,,0.7096071302932464,0.9194633295228928,,,,,,11,35.333333333333336
