model,split,flows,unknown,temperature,n_known,n_unknown,accuracy,macro_f1,auroc_maha,fpr95_maha,oscr_maha,auroc_knnfeat,fpr95_knnfeat,oscr_knnfeat,ece,nll,brier,aurc,start,weeks_since
student_kdM0_s0,val,all,all,,200000,53779,0.925935,0.8943221636761142,0.773336685462727,0.8739470797151304,0.7304547185704456,0.8227061407333717,0.8074899124193459,0.7758576553115527,0.036265212638974205,0.31402140855789185,0.11148071260332003,0.00603565556074474,11,1.0
student_kdM0_s0,val,all,near,,200000,10959,0.925935,0.8943221636761142,0.6814590062961949,0.9317455972260242,0.6479421854183776,0.6943781512911762,0.9217081850533808,0.6611663459257231,0.036265212638974205,0.31402140855789185,0.11148071260332003,0.00603565556074474,11,1.0
student_kdM0_s0,val,all,far,,200000,42820,0.925935,0.8943221636761142,0.796851105966838,0.8591546006539,0.75157230032695,0.8555493550326949,0.7782578234469874,0.8052108094348436,0.036265212638974205,0.31402140855789185,0.11148071260332003,0.00603565556074474,11,1.0
student_kdM0_s0,val,ge5,all,,191366,52270,0.9376848551989382,0.9071202433751386,0.776614534593268,0.8760283145207576,0.742777154360596,0.8279703446633725,0.8110770996747656,0.7911190294902771,0.0308567209687145,0.26034775376319885,0.09433067126238823,0.004560036656388367,11,1.0
student_kdM0_s0,val,ge5,near,,191366,10483,0.9376848551989382,0.9071202433751386,0.6885286402172177,0.9321759038443194,0.6622866676109448,0.7044088048785223,0.9206334064676143,0.6792375814598264,0.0308567209687145,0.26034775376319885,0.09433067126238823,0.004560036656388367,11,1.0
student_kdM0_s0,val,ge5,far,,191366,41787,0.9376848551989382,0.9071202433751386,0.7987124222316276,0.8619427094550937,0.7629696011166827,0.85896791858743,0.7835929834637567,0.8191864480583297,0.0308567209687145,0.26034775376319885,0.09433067126238823,0.004560036656388367,11,1.0
student_kdM0_s0,test_w16-19,all,all,,100000,100000,0.91783,0.8854653466823315,0.7547788127,0.87354,0.7075674809999999,0.7746368175,0.82789,0.7265971978000001,0.04097851558521391,0.363826185464859,0.12500327195776928,0.0076754609340654294,11,3.5
student_kdM0_s0,test_w16-19,all,near,,100000,11980,0.91783,0.8854653466823315,0.8371925108514191,0.7349749582637729,0.7796297287145242,0.8591535175292154,0.6828881469115192,0.8003733973288815,0.04097851558521391,0.363826185464859,0.12500327195776928,0.0076754609340654294,11,3.5
student_kdM0_s0,test_w16-19,all,far,,100000,88020,0.91783,0.8854653466823315,0.7435618608270848,0.8923994546693933,0.6977594177459668,0.7631336356509884,0.8476255396500795,0.7165558563962736,0.04097851558521391,0.363826185464859,0.12500327195776928,0.0076754609340654294,11,3.5
student_kdM0_s0,test_w16-19,ge5,all,,96085,89545,0.9277930998594994,0.8947166257731042,0.7726770076236051,0.8644257077447094,0.7320955801562026,0.7996077952191233,0.8143391590820258,0.7580956769201084,0.036281525113862165,0.3170805275440216,0.11045098386611199,0.0062092870138747355,11,3.5
student_kdM0_s0,test_w16-19,ge5,near,,96085,11402,0.9277930998594994,0.8947166257731042,0.8463127234602519,0.7308366953166111,0.796856457590588,0.8713932235294539,0.6756709349236976,0.820906764156309,0.036281525113862165,0.3170805275440216,0.11045098386611199,0.0062092870138747355,11,3.5
student_kdM0_s0,test_w16-19,ge5,far,,96085,78143,0.9277930998594994,0.8947166257731042,0.7619326743887734,0.8839179453054017,0.722646192181504,0.7891334411043032,0.8345725144926609,0.748930786697476,0.036281525113862165,0.3170805275440216,0.11045098386611199,0.0062092870138747355,11,3.5
student_kdM0_s0,test_w20-23,all,all,,100000,100000,0.89899,0.8564179689698045,0.7558339659,0.87703,0.6948664471,0.7730956530499999,0.82087,0.7111916708,0.052814523446410855,0.45744574069976807,0.15274847127106617,0.01136993748323528,11,7.5
student_kdM0_s0,test_w20-23,all,near,,100000,13417,0.89899,0.8564179689698045,0.8389392039949318,0.7511366177237833,0.7665738421405679,0.8639837963031974,0.6903182529626594,0.7899140962957443,0.052814523446410855,0.45744574069976807,0.15274847127106617,0.01136993748323528,11,7.5
student_kdM0_s0,test_w20-23,all,far,,100000,86583,0.89899,0.8564179689698045,0.742955883834009,0.8965385814767333,0.6837545877366226,0.7590115231627456,0.8411004469699594,0.6989927543513162,0.052814523446410855,0.45744574069976807,0.15274847127106617,0.01136993748323528,11,7.5
student_kdM0_s0,test_w20-23,ge5,all,,95941,89776,0.9093609614242086,0.8653413034103874,0.7748575853327854,0.8687733915523079,0.7207649683137203,0.7994680941209988,0.8085234361076457,0.7442422820189881,0.047408011213697206,0.41153648495674133,0.13748290247625702,0.009455521560416073,11,7.5
student_kdM0_s0,test_w20-23,ge5,near,,95941,12762,0.9093609614242086,0.8653413034103874,0.8475207170245401,0.7485503839523585,0.783830873823895,0.8754558475062904,0.6835919134931829,0.8101967062793569,0.047408011213697206,0.41153648495674133,0.13748290247625702,0.009455521560416073,11,7.5
student_kdM0_s0,test_w20-23,ge5,far,,95941,77014,0.9093609614242086,0.8653413034103874,0.7628165682884794,0.8886955618458982,0.7103143088736075,0.786876153581576,0.8292258550393435,0.7333129657594661,0.047408011213697206,0.41153648495674133,0.13748290247625702,0.009455521560416073,11,7.5
student_kdM0_s0,test_w24-27,all,all,,100000,100000,0.8934,0.8288748146523375,0.7513984754499999,0.88039,0.6881502703000001,0.768369606,0.82378,0.7042757386999999,0.05713980141848327,0.5265229940414429,0.1644302227962928,0.013970751763943167,11,11.5
student_kdM0_s0,test_w24-27,all,near,,100000,12494,0.8934,0.8288748146523375,0.8312965339362894,0.7678085481030895,0.7566095365775573,0.8582132859772691,0.6988954698255162,0.7818625524251641,0.05713980141848327,0.5265229940414429,0.1644302227962928,0.013970751763943167,11,11.5
student_kdM0_s0,test_w24-27,all,far,,100000,87506,0.8934,0.8288748146523375,0.7399907280643612,0.8964642424519461,0.678375739720705,0.7555418349027495,0.8416108609695335,0.6931979880236784,0.05713980141848327,0.5265229940414429,0.1644302227962928,0.013970751763943167,11,11.5
student_kdM0_s0,test_w24-27,ge5,all,,96204,89771,0.9018336035923662,0.8356221778140249,0.7701211163082835,0.8721524768577826,0.7120673876334335,0.7946349313259926,0.8114090296420893,0.7356734941511293,0.05299216968923448,0.48321428894996643,0.151975348836135,0.012275999694389412,11,11.5
student_kdM0_s0,test_w24-27,ge5,near,,96204,11977,0.9018336035923662,0.8356221778140249,0.8388607051781128,0.7647991984637221,0.7712569957108101,0.8689142769264974,0.6955832011355098,0.7998204000532155,0.05299216968923448,0.48321428894996643,0.151975348836135,0.012275999694389412,11,11.5
student_kdM0_s0,test_w24-27,ge5,far,,96204,77794,0.9018336035923662,0.8356221778140249,0.7595381143300599,0.8886803609532868,0.7029546805359356,0.7831990400971416,0.8292413296655269,0.7257975719464697,0.05299216968923448,0.48321428894996643,0.151975348836135,0.012275999694389412,11,11.5
student_kdM0_s0,test_w28-31,all,all,,100000,100000,0.87271,0.7680595811635257,0.7585898083499998,0.87247,0.6835814018999999,0.7842853691499999,0.79996,0.7063207277,0.07138973646447067,0.7213597893714905,0.20078014709625774,0.02067750357786238,11,15.5
student_kdM0_s0,test_w28-31,all,near,,100000,15990,0.87271,0.7680595811635257,0.8198860900562852,0.7846153846153846,0.7342172288930581,0.8496550075046905,0.7058161350844278,0.7607001419637274,0.07138973646447067,0.7213597893714905,0.20078014709625774,0.02067750357786238,11,15.5
student_kdM0_s0,test_w28-31,all,far,,100000,84010,0.87271,0.7680595811635257,0.7469230122009285,0.8891917628853708,0.6739436578978693,0.771843272765147,0.8178788239495298,0.6959704499464349,0.07138973646447067,0.7213597893714905,0.20078014709625774,0.02067750357786238,11,15.5
student_kdM0_s0,test_w28-31,ge5,all,,95576,94669,0.8809010630283753,0.7741286495226216,0.7645689947715192,0.8719116078124834,0.6962507005339207,0.7933840475592278,0.7977268165925487,0.722437640552569,0.06687391229953601,0.6720016002655029,0.18804058192851603,0.01857895119373424,11,15.5
student_kdM0_s0,test_w28-31,ge5,near,,95576,15420,0.8809010630283753,0.7741286495226216,0.8258862305082424,0.7856679636835279,0.7473887425624003,0.8588541685326143,0.7051880674448768,0.777236786837499,0.06687391229953601,0.6720016002655029,0.18804058192851603,0.01857895119373424,11,15.5
student_kdM0_s0,test_w28-31,ge5,far,,95576,79249,0.8809010630283753,0.7741286495226216,0.7526380962736168,0.8886926017993918,0.6863004348134808,0.7806450948227942,0.8157326906333203,0.7117750096586319,0.06687391229953601,0.6720016002655029,0.18804058192851603,0.01857895119373424,11,15.5
student_kdM0_s0,test_w32-35,all,all,,100000,100000,0.84843,0.7305549635160958,0.75020080545,0.87726,0.6636478786,0.7686399416499999,0.823,0.6794846822999999,0.09015537740647792,0.925963819026947,0.24173187869240864,0.028543140152454256,11,19.5
student_kdM0_s0,test_w32-35,all,near,,100000,16559,0.84843,0.7305549635160958,0.8224158161724742,0.8001087022163174,0.7211835998550638,0.8456440488556072,0.7310224047345855,0.7414747551180627,0.09015537740647792,0.925963819026947,0.24173187869240864,0.028543140152454256,11,19.5
student_kdM0_s0,test_w32-35,all,far,,100000,83441,0.84843,0.7305549635160958,0.7358696209896813,0.8925707985283015,0.6522298226291631,0.7533583533275008,0.8412531009935164,0.6671826531321531,0.09015537740647792,0.925963819026947,0.24173187869240864,0.028543140152454256,11,19.5
student_kdM0_s0,test_w32-35,ge5,all,,95262,94615,0.8580441309231382,0.7359102254983856,0.7541389961407696,0.8760344554246156,0.6758880478300585,0.7762037946279216,0.8195212175659251,0.6958437054240938,0.08435381104780279,0.861491858959198,0.22689068539164786,0.025907903048357772,11,19.5
student_kdM0_s0,test_w32-35,ge5,near,,95262,16006,0.8580441309231382,0.7359102254983856,0.8268321378811114,0.8010745970261152,0.7345501686736255,0.8538010691666761,0.7296013994751968,0.7587412856948815,0.08435381104780279,0.861491858959198,0.22689068539164786,0.025907903048357772,11,19.5
student_kdM0_s0,test_w32-35,ge5,far,,95262,78609,0.8580441309231382,0.7359102254983856,0.7393375557624934,0.8912974341360405,0.6639435388524334,0.7604037974740675,0.837830273887214,0.6830367918414987,0.08435381104780279,0.861491858959198,0.22689068539164786,0.025907903048357772,11,19.5
student_kdM0_s0,test_w36-39,all,all,,100000,100000,0.8265,0.7113135035143539,0.72510538365,0.88617,0.6265638392,0.7367608647999999,0.84861,0.6371823288999999,0.10728550264179704,1.022974967956543,0.2753201498022028,0.035011612390010154,11,23.5
student_kdM0_s0,test_w36-39,all,near,,100000,12548,0.8265,0.7113135035143539,0.8175506638508129,0.7912814791201785,0.6985935455849537,0.8417653223621293,0.734220592923175,0.7197605937201148,0.10728550264179704,1.022974967956543,0.2753201498022028,0.035011612390010154,11,23.5
student_kdM0_s0,test_w36-39,all,far,,100000,87452,0.8265,0.7113135035143539,0.7118409257078168,0.8997850249279605,0.6162286981429813,0.7216943605063348,0.8650230983854,0.625333633993505,0.10728550264179704,1.022974967956543,0.2753201498022028,0.035011612390010154,11,23.5
student_kdM0_s0,test_w36-39,ge5,all,,95184,91735,0.8383761976802824,0.7175774476244582,0.7377775912849748,0.8809396631601897,0.6476604219017844,0.7552751395642783,0.8431896222815719,0.6646745205149093,0.09997892321962074,0.9407997727394104,0.25699384842722883,0.03171344834495888,11,23.5
student_kdM0_s0,test_w36-39,ge5,near,,95184,12085,0.8383761976802824,0.7175774476244582,0.8228009054240035,0.7913942904426976,0.7145464833375792,0.8505685406182868,0.7344642118328506,0.7395501867236841,0.09997892321962074,0.9407997727394104,0.25699384842722883,0.03171344834495888,11,23.5
student_kdM0_s0,test_w36-39,ge5,far,,95184,79650,0.8383761976802824,0.7175774476244582,0.7248773181980925,0.894526051475204,0.6375120471064101,0.7408166241626751,0.8596861268047709,0.6533139125283047,0.09997892321962074,0.9407997727394104,0.25699384842722883,0.03171344834495888,11,23.5
student_kdM0_s0,test_w40-43,all,all,,100000,100000,0.81716,0.7010988627720905,0.7337673095,0.8733,0.6241896881000001,0.7444749978,0.83411,0.6351655254999999,0.11653754304438826,1.1077154874801636,0.2916158867027841,0.03820539535632044,11,27.5
student_kdM0_s0,test_w40-43,all,near,,100000,10904,0.81716,0.7010988627720905,0.8128639178283198,0.7856749816581071,0.685415884079237,0.8362702554108583,0.7358767424798239,0.7068434757887014,0.11653754304438826,1.1077154874801636,0.2916158867027841,0.03820539535632044,11,27.5
student_kdM0_s0,test_w40-43,all,far,,100000,89096,0.81716,0.7010988627720905,0.7240870834829846,0.8840239741402532,0.616696529698303,0.733240649580228,0.8461322618299363,0.6263932307847715,0.11653754304438826,1.1077154874801636,0.2916158867027841,0.03820539535632044,11,27.5
student_kdM0_s0,test_w40-43,ge5,all,,95288,93977,0.8279426580471833,0.7079446103231963,0.740184429684223,0.8715004735201166,0.6392211438514921,0.7545175498500707,0.8314906838907392,0.6542925820319189,0.10997172380192297,1.0297919511795044,0.275074255357173,0.034875084903508005,11,27.5
student_kdM0_s0,test_w40-43,ge5,near,,95288,10557,0.8279426580471833,0.7079446103231963,0.8170783604588695,0.7888604717249219,0.6993694211593171,0.8430270223824711,0.737804300464147,0.7237467291492767,0.10997172380192297,1.0297919511795044,0.275074255357173,0.034875084903508005,11,27.5
student_kdM0_s0,test_w40-43,ge5,far,,95288,83420,0.8279426580471833,0.7079446103231963,0.7304533193127538,0.8819587628865979,0.631609235873325,0.7433164649600617,0.8433469192040278,0.6455029940300254,0.10997172380192297,1.0297919511795044,0.275074255357173,0.034875084903508005,11,27.5
student_kdM0_s0,test_w44-47,all,all,,100000,100000,0.79459,0.6694606149947104,0.7054931727,0.89475,0.590306409,0.7214159779,0.86121,0.6045874053000001,0.1327166848944128,1.3727920055389404,0.331862228751133,0.04898284687247039,11,31.5
student_kdM0_s0,test_w44-47,all,near,,100000,10628,0.79459,0.6694606149947104,0.7936053796575084,0.816616484757245,0.6563941353029733,0.8219568874670682,0.7751223184042153,0.6811768375987957,0.1327166848944128,1.3727920055389404,0.331862228751133,0.04898284687247039,11,31.5
student_kdM0_s0,test_w44-47,all,far,,100000,89372,0.79459,0.6694606149947104,0.695014985621895,0.9040415342612899,0.5824473440227363,0.7094597859508571,0.871447433200555,0.5954794913395695,0.1327166848944128,1.3727920055389404,0.331862228751133,0.04898284687247039,11,31.5
student_kdM0_s0,test_w44-47,ge5,all,,94936,92436,0.8049317434903513,0.6764078446166693,0.7140714304214485,0.8914492189190358,0.606449059539018,0.733128765780249,0.858907784845731,0.624394889576495,0.12652061749405086,1.2792141437530518,0.3155245334545252,0.04490175903362952,11,31.5
student_kdM0_s0,test_w44-47,ge5,near,,94936,10310,0.8049317434903513,0.6764078446166693,0.7954054145783402,0.8190106692531522,0.668167921712658,0.825661864030182,0.7795344325897188,0.6953224151742596,0.12652061749405086,1.2792141437530518,0.3155245334545252,0.04490175903362952,11,31.5
student_kdM0_s0,test_w44-47,ge5,far,,94936,82126,0.8049317434903513,0.6764078446166693,0.7038608591449033,0.900543067968731,0.5987009472601996,0.7215122710896906,0.8688722207339941,0.6154907326844882,0.12652061749405086,1.2792141437530518,0.3155245334545252,0.04490175903362952,11,31.5
student_kdM0_s0,test_w48-51,all,all,,100000,100000,0.78586,0.6707575890137237,0.7016491563,0.90091,0.5828558862,0.71989181595,0.86992,0.5991169001,0.13952857194304463,1.4911956787109375,0.3468479074892644,0.05288903307340677,11,35.333333333333336
student_kdM0_s0,test_w48-51,all,near,,100000,10972,0.78586,0.6707575890137237,0.8001868237331389,0.796664236237696,0.6544819321910318,0.8273361784542472,0.7548304775792928,0.6786396509296391,0.13952857194304463,1.4911956787109375,0.3468479074892644,0.05288903307340677,11,35.333333333333336
student_kdM0_s0,test_w48-51,all,far,,100000,89028,0.78586,0.6707575890137237,0.6895051646672956,0.9137574695601384,0.5740285400098845,0.706650144280451,0.8841038774318192,0.5893163472166061,0.13952857194304463,1.4911956787109375,0.3468479074892644,0.05288903307340677,11,35.333333333333336
student_kdM0_s0,test_w48-51,ge5,all,,94668,93780,0.7970803228123547,0.6784115671802623,0.7057395710357517,0.9005864789933887,0.5961732411823059,0.7260862693147078,0.8695457453614843,0.6156651156400588,0.13263458266420475,1.3691914081573486,0.32862551259023126,0.04780701043550927,11,35.333333333333336
student_kdM0_s0,test_w48-51,ge5,near,,94668,10675,0.7970803228123547,0.6784115671802623,0.80124981879234,0.8016861826697892,0.6664518901950354,0.82987845010726,0.7605620608899297,0.6928239639201572,0.13263458266420475,1.3691914081573486,0.32862551259023126,0.04780701043550927,11,35.333333333333336
student_kdM0_s0,test_w48-51,ge5,far,,94668,83105,0.7970803228123547,0.6784115671802623,0.6934710926674035,0.9132904157391252,0.5871458110853095,0.7127539604288344,0.8835449130617893,0.605753910473221,0.13263458266420475,1.3691914081573486,0.32862551259023126,0.04780701043550927,11,35.333333333333336
student_kdM0_s1,val,all,all,,200000,53779,0.926875,0.8936470032354604,0.7716453866750963,0.8837464437791703,0.7295370587032113,0.8265825738671229,0.8200040908161178,0.7802260367429668,0.03580240642644461,0.3137165904045105,0.11030846718198481,0.005904114286306084,11,1.0
student_kdM0_s1,val,all,near,,200000,10959,0.926875,0.8936470032354604,0.6885187742950999,0.9392280317547221,0.6547023583356145,0.7023121334063326,0.9308331052103294,0.6691010402408979,0.03580240642644461,0.3137165904045105,0.11030846718198481,0.005904114286306084,11,1.0
student_kdM0_s1,val,all,far,,200000,42820,0.926875,0.8936470032354604,0.7929201308383933,0.8695469406819243,0.7486896388369919,0.8583873323213451,0.7916394208313872,0.8086664579635684,0.03580240642644461,0.3137165904045105,0.11030846718198481,0.005904114286306084,11,1.0
student_kdM0_s1,val,ge5,all,,191366,52270,0.9383067002497831,0.9063408630150185,0.7743683356511707,0.8860149225176965,0.740994583500899,0.8318424697220925,0.8235890568203559,0.7952971121653521,0.030700876472238795,0.2595282793045044,0.09341266292204087,0.004436185781959403,11,1.0
student_kdM0_s1,val,ge5,near,,191366,10483,0.9383067002497831,0.9063408630150185,0.6952298714619143,0.9398073070685873,0.6685553671167751,0.712874950654377,0.9302680530382524,0.68755450534976,0.030700876472238795,0.2595282793045044,0.09341266292204087,0.004436185781959403,11,1.0
student_kdM0_s1,val,ge5,far,,191366,41787,0.9383067002497831,0.9063408630150185,0.7942216038947866,0.8725201617728001,0.7591672282314316,0.8616875531783557,0.796826764304688,0.8223262300069739,0.030700876472238795,0.2595282793045044,0.09341266292204087,0.004436185781959403,11,1.0
student_kdM0_s1,test_w16-19,all,all,,100000,100000,0.9169,0.8823771341613106,0.7478893286,0.86147,0.7006414944000001,0.7735261264000001,0.81447,0.7246904718999999,0.04217838773787022,0.3659195303916931,0.12606454498569578,0.007789578550413706,11,3.5
student_kdM0_s1,test_w16-19,all,near,,100000,11980,0.9169,0.8823771341613106,0.8333767558430718,0.716110183639399,0.7752824866444072,0.8602114766277129,0.667195325542571,0.7999165242070116,0.04217838773787022,0.3659195303916931,0.12606454498569578,0.007789578550413706,11,3.5
student_kdM0_s1,test_w16-19,all,far,,100000,88020,0.9169,0.8823771341613106,0.7362540255055671,0.8812542603953647,0.6904824500113611,0.7617277794819359,0.8345148829811406,0.7144517976596227,0.04217838773787022,0.3659195303916931,0.12606454498569578,0.007789578550413706,11,3.5
student_kdM0_s1,test_w16-19,ge5,all,,96085,89545,0.9267211323307488,0.891171608778264,0.7707959192131278,0.8509241163660729,0.7293726395474223,0.7998010671592616,0.8013289407560444,0.7572419006959008,0.037505904111925725,0.31966954469680786,0.11149044686971542,0.006325894917293843,11,3.5
student_kdM0_s1,test_w16-19,ge5,near,,96085,11402,0.9267211323307488,0.891171608778264,0.8426633014932429,0.7078582704788634,0.7924000446273575,0.8738683313319693,0.6618137168917734,0.8215224175935334,0.037505904111925725,0.31966954469680786,0.11149044686971542,0.006325894917293843,11,3.5
student_kdM0_s1,test_w16-19,ge5,far,,96085,78143,0.9267211323307488,0.891171608778264,0.7603096070321534,0.871799137478725,0.7201761859594946,0.7889937658514387,0.8216858835724249,0.7478626030791364,0.037505904111925725,0.31966954469680786,0.11149044686971542,0.006325894917293843,11,3.5
student_kdM0_s1,test_w20-23,all,all,,100000,100000,0.89483,0.8549705397085323,0.7474765517499999,0.86599,0.6824918059999998,0.77250179695,0.80323,0.7064245378,0.05927656412601467,0.4984205365180969,0.16563605815608565,0.013231280262718368,11,7.5
student_kdM0_s1,test_w20-23,all,near,,100000,13417,0.89483,0.8549705397085323,0.836825431914735,0.7327271372139823,0.7593778803011105,0.866493391965417,0.6675113661772378,0.7872597749124246,0.05927656412601467,0.4984205365180969,0.16563605815608565,0.013231280262718368,11,7.5
student_kdM0_s1,test_w20-23,all,far,,100000,86583,0.89483,0.8549705397085323,0.7336309478188558,0.8866405645450031,0.6705774526177195,0.7579367526535231,0.8242611136135269,0.6938982176639756,0.05927656412601467,0.4984205365180969,0.16563605815608565,0.013231280262718368,11,7.5
student_kdM0_s1,test_w20-23,ge5,all,,95941,89776,0.9049520017510762,0.8636608899948416,0.7713737327308093,0.8579018891463197,0.7120232486446648,0.800128531126732,0.7895317234004634,0.7401839176269204,0.05418343638767678,0.4544261693954468,0.15054767804119154,0.011235198285292023,11,7.5
student_kdM0_s1,test_w20-23,ge5,near,,95941,12762,0.9049520017510762,0.8636608899948416,0.8448138405191598,0.7270020372982291,0.7756267029160253,0.8792116688049483,0.6628271430810218,0.8082687792563626,0.05418343638767678,0.4544261693954468,0.15054767804119154,0.011235198285292023,11,7.5
student_kdM0_s1,test_w20-23,ge5,far,,95941,77014,0.9049520017510762,0.8636608899948416,0.7592039628760435,0.8795933206949386,0.7014835119291183,0.7870236540517925,0.81052795595606,0.7289015663126795,0.05418343638767678,0.4544261693954468,0.15054767804119154,0.011235198285292023,11,7.5
student_kdM0_s1,test_w24-27,all,all,,100000,100000,0.88495,0.8287327164203864,0.74530870555,0.86471,0.6734425781999999,0.7680294239000001,0.7985,0.695604396,0.06757462902337315,0.5748056769371033,0.18226756535313732,0.01618674271832112,11,11.5
student_kdM0_s1,test_w24-27,all,near,,100000,12494,0.88495,0.8287327164203864,0.8323518292780535,0.7368336801664799,0.7475341852089004,0.8643776156555146,0.6600768368817033,0.7776431967344326,0.06757462902337315,0.5748056769371033,0.18226756535313732,0.01618674271832112,11,11.5
student_kdM0_s1,test_w24-27,all,far,,100000,87506,0.88495,0.8287327164203864,0.7328807944598085,0.8829680250497108,0.6628638688775628,0.7542729465408087,0.8182638904760816,0.6838909960459854,0.06757462902337315,0.5748056769371033,0.18226756535313732,0.01618674271832112,11,11.5
student_kdM0_s1,test_w24-27,ge5,all,,96204,89771,0.8929670283979876,0.8356643907264423,0.768248719486875,0.8552650633278007,0.7001974920297631,0.7955734577801676,0.78446268839603,0.7273230445991874,0.06340866663454998,0.532762348651886,0.17015974834489916,0.014358938419273682,11,11.5
student_kdM0_s1,test_w24-27,ge5,near,,96204,11977,0.8929670283979876,0.8356643907264423,0.839897776331638,0.7331552141604742,0.7614985054771468,0.8766881590821726,0.6560908407781582,0.7963658825841153,0.06340866663454998,0.532762348651886,0.17015974834489916,0.014358938419273682,11,11.5
student_kdM0_s1,test_w24-27,ge5,far,,96204,77794,0.8929670283979876,0.8356643907264423,0.7572177819617482,0.8740648379052369,0.6907597174191336,0.7830852096184314,0.8042265470344757,0.7166933550274276,0.06340866663454998,0.532762348651886,0.17015974834489916,0.014358938419273682,11,11.5
student_kdM0_s1,test_w28-31,all,all,,100000,100000,0.86289,0.777094344937578,0.7520579725500001,0.86687,0.665086435,0.7819873984000001,0.79333,0.692487093,0.08283480907395482,0.7611268162727356,0.21797755435919952,0.022132172505361845,11,15.5
student_kdM0_s1,test_w28-31,all,near,,100000,15990,0.86289,0.777094344937578,0.8148696247654784,0.7795497185741088,0.717301766103815,0.8519584105691058,0.6910569105691057,0.7503608999374608,0.08283480907395482,0.7611268162727356,0.21797755435919952,0.022132172505361845,11,15.5
student_kdM0_s1,test_w28-31,all,far,,100000,84010,0.86289,0.777094344937578,0.7401027491370076,0.8834900607070587,0.6551480568979884,0.7686695019045353,0.8127960957028925,0.6814717118200213,0.08283480907395482,0.7611268162727356,0.21797755435919952,0.022132172505361845,11,15.5
student_kdM0_s1,test_w28-31,ge5,all,,95576,94669,0.870720683016657,0.7835375846526975,0.7584217588610932,0.8640526465896967,0.6774977261418861,0.7912258873058976,0.7890544951356833,0.7080856099941767,0.07874232355087082,0.7152057886123657,0.20574723997260563,0.019903137133520783,11,15.5
student_kdM0_s1,test_w28-31,ge5,near,,95576,15420,0.870720683016657,0.7835375846526975,0.8202065234997591,0.777367055771725,0.7293647149640701,0.8621256871572966,0.6872892347600519,0.7670753370349392,0.07874232355087082,0.7152057886123657,0.20574723997260563,0.019903137133520783,11,15.5
student_kdM0_s1,test_w28-31,ge5,far,,95576,79249,0.870720683016657,0.7835375846526975,0.7463998901847915,0.8809196330553067,0.6674056244416997,0.7774304461809802,0.8088556322477255,0.6966075901962162,0.07874232355087082,0.7152057886123657,0.20574723997260563,0.019903137133520783,11,15.5
student_kdM0_s1,test_w32-35,all,all,,100000,100000,0.8415,0.737522176560475,0.7488204300499999,0.85946,0.6532500184,0.77158589665,0.80488,0.6728682436,0.0948160235247016,0.9354110956192017,0.24857491005754037,0.02954825980405595,11,19.5
student_kdM0_s1,test_w32-35,all,near,,100000,16559,0.8415,0.737522176560475,0.8186578096503412,0.7835618092880005,0.7088131372667432,0.8496023829941421,0.7193067214203757,0.7352630189021077,0.0948160235247016,0.9354110956192017,0.24857491005754037,0.02954825980405595,11,19.5
student_kdM0_s1,test_w32-35,all,far,,100000,83441,0.8415,0.737522176560475,0.7349610902913436,0.8745221174242879,0.6422234285303388,0.7561034000671133,0.8218621540969068,0.6604859005764552,0.0948160235247016,0.9354110956192017,0.24857491005754037,0.02954825980405595,11,19.5
student_kdM0_s1,test_w32-35,ge5,all,,95262,94615,0.8510213936301988,0.7432266948085353,0.7540107648036095,0.8567774665750674,0.6659000104106035,0.77943855939435,0.8037837552185172,0.6891003461603104,0.08854733575871052,0.8688243627548218,0.23338218793241408,0.02674998567836875,11,19.5
student_kdM0_s1,test_w32-35,ge5,near,,95262,16006,0.8510213936301988,0.7432266948085353,0.8227435751593363,0.781207047357241,0.7214093163028424,0.858966560817076,0.7291640634761964,0.7531573885213464,0.08854733575871052,0.8688243627548218,0.23338218793241408,0.02674998567836875,11,19.5
student_kdM0_s1,test_w32-35,ge5,far,,95262,78609,0.8510213936301988,0.7432266948085353,0.7400157087342822,0.8721647648488087,0.6545974629909548,0.7632454365868834,0.8189774707730667,0.6760573482843578,0.08854733575871052,0.8688243627548218,0.23338218793241408,0.02674998567836875,11,19.5
student_kdM0_s1,test_w36-39,all,all,,100000,100000,0.81857,0.713982398617949,0.72257305055,0.86665,0.6152744431999999,0.739009931,0.83163,0.6298391664,0.1108601517179608,1.0225558280944824,0.28046964776835603,0.036683598878398976,11,23.5
student_kdM0_s1,test_w36-39,all,near,,100000,12548,0.81857,0.713982398617949,0.8085016600255022,0.7656200191265541,0.6814624338540006,0.8405767397194772,0.7233822123047497,0.7090455602486452,0.1108601517179608,1.0225558280944824,0.28046964776835603,0.036683598878398976,11,23.5
student_kdM0_s1,test_w36-39,all,far,,100000,87452,0.81857,0.713982398617949,0.7102436333645885,0.8811462287883639,0.6057774973699859,0.7244366757764259,0.8471618716553081,0.6184742824635229,0.1108601517179608,1.0225558280944824,0.28046964776835603,0.036683598878398976,11,23.5
student_kdM0_s1,test_w36-39,ge5,all,,95184,91735,0.8303706505295008,0.7193166930096627,0.7385761654588521,0.8609799967297106,0.6377311846513025,0.7583651625722038,0.8255954651986701,0.6574055932522057,0.10335343966508218,0.9498934149742126,0.26268225916073434,0.033254691368906304,11,23.5
student_kdM0_s1,test_w36-39,ge5,near,,95184,12085,0.8303706505295008,0.7193166930096627,0.8139396009370228,0.7647496896979727,0.6966910323392194,0.8505254596319439,0.7248655357881671,0.7294289941958029,0.10335343966508218,0.9498934149742126,0.26268225916073434,0.033254691368906304,11,23.5
student_kdM0_s1,test_w36-39,ge5,far,,95184,79650,0.8303706505295008,0.7193166930096627,0.7271415500444931,0.8755806654111739,0.6287854249613026,0.7443820214552299,0.8408788449466416,0.6464777489282463,0.10335343966508218,0.9498934149742126,0.26268225916073434,0.033254691368906304,11,23.5
student_kdM0_s1,test_w40-43,all,all,,100000,100000,0.8123,0.7072934549300747,0.7301951975500001,0.85611,0.6153357395000001,0.7457804692000001,0.82465,0.6298271242000001,0.1161988708114624,1.0963894128799438,0.29276857684651425,0.039535140482071796,11,27.5
student_kdM0_s1,test_w40-43,all,near,,100000,10904,0.8123,0.7072934549300747,0.8067562422046957,0.7621056493030081,0.6740276678283199,0.8386272280814381,0.7212032281731474,0.7019746964416727,0.1161988708114624,1.0963894128799438,0.29276857684651425,0.039535140482071796,11,27.5
student_kdM0_s1,test_w40-43,all,far,,100000,89096,0.8123,0.7072934549300747,0.7208252860958966,0.8676147077309868,0.608152737047679,0.7344174331619827,0.8373103169614797,0.6209973548756398,0.1161988708114624,1.0963894128799438,0.29276857684651425,0.039535140482071796,11,27.5
student_kdM0_s1,test_w40-43,ge5,all,,95288,93977,0.8225904625975988,0.7138522589850098,0.7388406647209018,0.8536024772018685,0.6307782585391849,0.7563933206359115,0.8232759079349202,0.6487147356618135,0.10992316897727386,1.0225846767425537,0.276741632919264,0.03614077850426305,11,27.5
student_kdM0_s1,test_w40-43,ge5,near,,95288,10557,0.8225904625975988,0.7138522589850098,0.8108036509641895,0.762243061475798,0.6867687861824683,0.8461172353785508,0.7257743677181018,0.7187618342719873,0.10992316897727386,1.0225846767425537,0.276741632919264,0.03614077850426305,11,27.5
student_kdM0_s1,test_w40-43,ge5,far,,95288,83420,0.8225904625975988,0.7138522589850098,0.7297335771427385,0.8651642292016303,0.6236925236994563,0.7450385451871218,0.8356149604411413,0.6398501082340071,0.10992316897727386,1.0225846767425537,0.276741632919264,0.03614077850426305,11,27.5
student_kdM0_s1,test_w44-47,all,all,,100000,100000,0.78953,0.6797138454790745,0.6989454097500001,0.87765,0.5783353151,0.71724052055,0.85615,0.5946510829999999,0.13121884242951873,1.3333004713058472,0.33268247139279883,0.05070770002817538,11,31.5
student_kdM0_s1,test_w44-47,all,near,,100000,10628,0.78953,0.6797138454790745,0.787639276910049,0.795445991719985,0.6442989188934889,0.8197960119495672,0.7804855099736545,0.6722427738050433,0.13121884242951873,1.3333004713058472,0.33268247139279883,0.05070770002817538,11,31.5
student_kdM0_s1,test_w44-47,all,far,,100000,89372,0.78953,0.6797138454790745,0.6883980524101508,0.8874255919079801,0.5704910106073492,0.7050447571946471,0.8651479210490981,0.585423981784004,0.13121884242951873,1.3333004713058472,0.33268247139279883,0.05070770002817538,11,31.5
student_kdM0_s1,test_w44-47,ge5,all,,94936,92436,0.7998019718547232,0.6869151338797974,0.7094889760621224,0.8730256609978796,0.594780437214897,0.7300636942805663,0.8514864338569389,0.6148702742284037,0.12475123177195796,1.2490099668502808,0.31668286706025267,0.04659502132973953,11,31.5
student_kdM0_s1,test_w44-47,ge5,near,,94936,10310,0.7998019718547232,0.6869151338797974,0.7885460970510778,0.7951503394762367,0.6546715058925399,0.8235026438148907,0.7852570320077594,0.6860056572289203,0.12475123177195796,1.2490099668502808,0.31668286706025267,0.04659502132973953,11,31.5
student_kdM0_s1,test_w44-47,ge5,far,,94936,82126,0.7998019718547232,0.6869151338797974,0.6995642394696164,0.8828020358960621,0.5872617839495913,0.7183334801011482,0.859800793902053,0.6059400231661904,0.12475123177195796,1.2490099668502808,0.31668286706025267,0.04659502132973953,11,31.5
student_kdM0_s1,test_w48-51,all,all,,100000,100000,0.7798,0.6724448033932126,0.6952987732,0.88777,0.5728639452999998,0.7158821175000001,0.86848,0.5901075113,0.1389484523031116,1.4755698442459106,0.35147434817825646,0.05471818902920677,11,35.333333333333336
student_kdM0_s1,test_w48-51,all,near,,100000,10972,0.7798,0.6724448033932126,0.7906618565439301,0.7825373678454247,0.641945455705432,0.8266995310791104,0.79010207801677,0.6718741423623771,0.1389484523031116,1.4755698442459106,0.35147434817825646,0.05471818902920677,11,35.333333333333336
student_kdM0_s1,test_w48-51,all,far,,100000,89028,0.7798,0.6724448033932126,0.6835460240598463,0.9007390933189559,0.5643501930853214,0.7022247438446332,0.8781394617423732,0.5800304178460709,0.1389484523031116,1.4755698442459106,0.35147434817825646,0.05471818902920677,11,35.333333333333336
student_kdM0_s1,test_w48-51,ge5,all,,94668,93780,0.791122660244222,0.6809300879541761,0.7008054330545099,0.8908296011942844,0.5864867012362104,0.7230103439898204,0.8676903390914907,0.6072465145683881,0.13147286876372477,1.3672856092453003,0.3335554099375141,0.049555196162570196,11,35.333333333333336
student_kdM0_s1,test_w48-51,ge5,near,,94668,10675,0.791122660244222,0.6809300879541761,0.791065614341217,0.7881967213114754,0.6530964834185962,0.8294654688209524,0.7949414519906323,0.686198259832538,0.13147286876372477,1.3672856092453003,0.3335554099375141,0.049555196162570196,11,35.333333333333336
student_kdM0_s1,test_w48-51,ge5,far,,94668,83105,0.791122660244222,0.6809300879541761,0.6892113360057693,0.9040129956079658,0.5779305442685553,0.7093359747271728,0.8770350761085374,0.5971050082728006,0.13147286876372477,1.3672856092453003,0.3335554099375141,0.049555196162570196,11,35.333333333333336
student_kdM0_s2,val,all,all,,200000,53779,0.92488,0.8901537919077649,0.7756373101954295,0.8714554008070065,0.7321102693430522,0.821614579761617,0.8297476710240057,0.7747059840272226,0.037198065128214636,0.3215973675251007,0.11327062306688458,0.006201945514140443,11,1.0
student_kdM0_s2,val,all,near,,200000,10959,0.92488,0.8901537919077649,0.691496508121179,0.930011862396204,0.6562341974632722,0.7038565557988867,0.9214344374486724,0.6692882813212886,0.037198065128214636,0.3215973675251007,0.11327062306688458,0.006201945514140443,11,1.0
student_kdM0_s2,val,all,far,,200000,42820,0.92488,0.8901537919077649,0.7971716177603924,0.8564689397477814,0.7515293695702944,0.8517526036898645,0.806282111163008,0.8016857272302662,0.037198065128214636,0.3215973675251007,0.11327062306688458,0.006201945514140443,11,1.0
student_kdM0_s2,val,ge5,all,,191366,52270,0.9365979327571251,0.9029683827558289,0.7783060502953241,0.8729098909508323,0.7440435024427732,0.8268132212815699,0.8336521905490721,0.7899913178648885,0.0316263058183322,0.2651708126068115,0.0959155698146377,0.004668053980107334,11,1.0
student_kdM0_s2,val,ge5,near,,191366,10483,0.9365979327571251,0.9029683827558289,0.698147618246824,0.9303634455785558,0.6704891409899801,0.7146418436612959,0.9214919393303443,0.688283405928406,0.0316263058183322,0.2651708126068115,0.0959155698146377,0.004668053980107334,11,1.0
student_kdM0_s2,val,ge5,far,,191366,41787,0.9365979327571251,0.9029683827558289,0.7984151953204378,0.8584966616411803,0.7624959008228828,0.8549533737594537,0.8116160528393999,0.8155065269210576,0.0316263058183322,0.2651708126068115,0.0959155698146377,0.004668053980107334,11,1.0
student_kdM0_s2,test_w16-19,all,all,,100000,100000,0.91552,0.8815244724248293,0.7581376500999999,0.84693,0.7088767804999999,0.772822958,0.8204,0.7235920915999999,0.04315849722683427,0.3752202093601227,0.12793279808024544,0.00792972915133081,11,3.5
student_kdM0_s2,test_w16-19,all,near,,100000,11980,0.91552,0.8815244724248293,0.8330270346410684,0.7534223706176961,0.7741768414023373,0.8556081139398999,0.7218697829716194,0.7958048388981636,0.04315849722683427,0.3752202093601227,0.12793279808024544,0.00792972915133081,11,3.5
student_kdM0_s2,test_w16-19,all,far,,100000,88020,0.91552,0.8815244724248293,0.7479447981708702,0.8596568961599637,0.6999890875937288,0.7615554487048398,0.8338104976141786,0.7137635445353328,0.04315849722683427,0.3752202093601227,0.12793279808024544,0.00792972915133081,11,3.5
student_kdM0_s2,test_w16-19,ge5,all,,96085,89545,0.9251912369256388,0.890232938608731,0.7828463129905329,0.8348204813222402,0.7394376119105065,0.8004830665591115,0.8061980010050812,0.7574429407710317,0.038367185355932476,0.3285665810108185,0.11345972417665831,0.006436344568106496,11,3.5
student_kdM0_s2,test_w16-19,ge5,near,,96085,11402,0.9251912369256388,0.890232938608731,0.8422299870302996,0.7486405893702859,0.7912139009088831,0.8688924138302566,0.7169794772846869,0.8170843258345858,0.038367185355932476,0.3285665810108185,0.11345972417665831,0.006436344568106496,11,3.5
student_kdM0_s2,test_w16-19,ge5,far,,96085,78143,0.9251912369256388,0.890232938608731,0.7741815234201117,0.8473951601551003,0.731882830968394,0.7905013231197044,0.819216052621476,0.7487405480743778,0.038367185355932476,0.3285665810108185,0.11345972417665831,0.006436344568106496,11,3.5
student_kdM0_s2,test_w20-23,all,all,,100000,100000,0.89792,0.8511329780430331,0.7601051903,0.84268,0.6977467328000001,0.77103403465,0.81117,0.7094249130000001,0.05402759488105774,0.47786226868629456,0.1559770536194716,0.011725923592403396,11,7.5
student_kdM0_s2,test_w20-23,all,near,,100000,13417,0.89792,0.8511329780430331,0.8413898829842736,0.7528508608481776,0.7675576991875979,0.8625434340761721,0.7165536259968697,0.7885919944846091,0.05402759488105774,0.47786226868629456,0.1559770536194716,0.011725923592403396,11,7.5
student_kdM0_s2,test_w20-23,all,far,,100000,86583,0.89792,0.8511329780430331,0.7475092220181792,0.8566000254091449,0.6869287461741912,0.7568536342007093,0.8258318607578855,0.6971570921543491,0.05402759488105774,0.47786226868629456,0.1559770536194716,0.011725923592403396,11,7.5
student_kdM0_s2,test_w20-23,ge5,all,,95941,89776,0.9082561157377972,0.8597365944745906,0.7861216317767333,0.8325387631438246,0.7298840670400207,0.7998467199855834,0.7984650686152202,0.7446668637462059,0.04849945481147992,0.4304821491241455,0.14054667264766169,0.009762987997967997,11,7.5
student_kdM0_s2,test_w20-23,ge5,near,,95941,12762,0.9082561157377972,0.8597365944745906,0.849841489013514,0.751214543175051,0.7846167516031102,0.8752527572624482,0.7132110954395863,0.8099502751816102,0.04849945481147992,0.4304821491241455,0.14054667264766169,0.009762987997967997,11,7.5
student_kdM0_s2,test_w20-23,ge5,far,,95941,77014,0.9082561157377972,0.8597365944745906,0.7755626059105817,0.8460150102578752,0.7208143067315818,0.7873511756984755,0.8125925156465058,0.7338487411095603,0.04849945481147992,0.4304821491241455,0.14054667264766169,0.009762987997967997,11,7.5
student_kdM0_s2,test_w24-27,all,all,,100000,100000,0.89105,0.8274184063158485,0.7569143164,0.85167,0.6907331235999999,0.7667995027500001,0.80825,0.7012701754999999,0.06002818624272946,0.5567154884338379,0.16944979616784503,0.014499640914645572,11,11.5
student_kdM0_s2,test_w24-27,all,near,,100000,12494,0.89105,0.8274184063158485,0.8343205842804546,0.7827757323515288,0.7567831287017768,0.8602725004001921,0.7085801184568593,0.781524132383544,0.06002818624272946,0.5567154884338379,0.16944979616784503,0.014499640914645572,11,11.5
student_kdM0_s2,test_w24-27,all,far,,100000,87506,0.89105,0.8274184063158485,0.7458623438392797,0.861506639544717,0.681302584394213,0.7534535420999702,0.8224807441775421,0.6898116133750829,0.06002818624272946,0.5567154884338379,0.16944979616784503,0.014499640914645572,11,11.5
student_kdM0_s2,test_w24-27,ge5,all,,96204,89771,0.8995260072346264,0.8339255179177951,0.7833878367206546,0.8420648093482305,0.7215915476434489,0.7958687494389428,0.793630459725301,0.7351159297228113,0.05525022497089544,0.508547842502594,0.15619238749734562,0.012583666568086072,11,11.5
student_kdM0_s2,test_w24-27,ge5,near,,96204,11977,0.8995260072346264,0.8339255179177951,0.8419275696245199,0.7847541120480922,0.7714849500168242,0.8726058553484286,0.705769391333389,0.8009279220941908,0.05525022497089544,0.508547842502594,0.15619238749734562,0.012583666568086072,11,11.5
student_kdM0_s2,test_w24-27,ge5,far,,96204,77794,0.8995260072346264,0.8339255179177951,0.7743751830328434,0.8508882433092526,0.7139100647498337,0.7840544666217858,0.8071573643211559,0.7249836543206977,0.05525022497089544,0.508547842502594,0.15619238749734562,0.012583666568086072,11,11.5
student_kdM0_s2,test_w28-31,all,all,,100000,100000,0.86901,0.7676816648915066,0.76908727695,0.86125,0.6877731364,0.7833993271499999,0.80409,0.7024954468999999,0.07542502937659619,0.7410059571266174,0.20642816555331986,0.020608813167251445,11,15.5
student_kdM0_s2,test_w28-31,all,near,,100000,15990,0.86901,0.7676816648915066,0.8164698455284553,0.8467792370231395,0.7270104796747967,0.8482360437773608,0.7615384615384615,0.7565328667917448,0.07542502937659619,0.7410059571266174,0.20642816555331986,0.020608813167251445,11,15.5
student_kdM0_s2,test_w28-31,all,far,,100000,84010,0.86901,0.7676816648915066,0.760068740209499,0.8640042852041424,0.6803049169146531,0.7710586641471253,0.8121890251160576,0.6922102624687536,0.07542502937659619,0.7410059571266174,0.20642816555331986,0.020608813167251445,11,15.5
student_kdM0_s2,test_w28-31,ge5,all,,95576,94669,0.8772285929522056,0.7733204116447452,0.7750473936121389,0.8610527205315361,0.700675164152736,0.7919443378367339,0.8033041439119458,0.7181810207493353,0.07053224067918928,0.6830316781997681,0.19288924257556464,0.018245624728278797,11,15.5
student_kdM0_s2,test_w28-31,ge5,near,,95576,15420,0.8772285929522056,0.7733204116447452,0.8213317188068097,0.8525940337224384,0.7392839328630114,0.8579566565045119,0.7653696498054474,0.7735746181497463,0.07053224067918928,0.6830316781997681,0.19288924257556464,0.018245624728278797,11,15.5
student_kdM0_s2,test_w28-31,ge5,far,,95576,79249,0.8772285929522056,0.7733204116447452,0.766041547550967,0.8626985829474189,0.6931628016811282,0.7790998861230577,0.8106853083319663,0.7074027235857832,0.07053224067918928,0.6830316781997681,0.19288924257556464,0.018245624728278797,11,15.5
student_kdM0_s2,test_w32-35,all,all,,100000,100000,0.84132,0.7318547226761737,0.761955459,0.8741,0.6651677351999999,0.7690030497,0.82523,0.67355468,0.09545241301581267,0.9314352869987488,0.2522824776800321,0.03022137909913953,11,19.5
student_kdM0_s2,test_w32-35,all,near,,100000,16559,0.84132,0.7318547226761737,0.8170703801558065,0.8579624373452504,0.7089751832840148,0.8434269475813757,0.779394890995833,0.7335807476296878,0.09545241301581267,0.9314352869987488,0.2522824776800321,0.03022137909913953,11,19.5
student_kdM0_s2,test_w32-35,all,far,,100000,83441,0.84132,0.7318547226761737,0.751017814683429,0.8773025251375223,0.6564740770125,0.7542335080476025,0.8343260507424408,0.6616424108052397,0.09545241301581267,0.9314352869987488,0.2522824776800321,0.03022137909913953,11,19.5
student_kdM0_s2,test_w32-35,ge5,all,,95262,94615,0.8504125464508409,0.7370180018937459,0.76658418055358,0.8750198171537282,0.6776069590615618,0.7764264681904323,0.8228927759868943,0.6892340887944709,0.08897909713596462,0.861200213432312,0.2366298650870574,0.027038517502633384,11,19.5
student_kdM0_s2,test_w32-35,ge5,near,,95262,16006,0.8504125464508409,0.7370180018937459,0.820928216010659,0.8655504185930276,0.7213110859917631,0.8522165999123175,0.7802698987879545,0.7508362339076133,0.08897909713596462,0.861200213432312,0.2366298650870574,0.027038517502633384,11,19.5
student_kdM0_s2,test_w32-35,ge5,far,,95262,78609,0.8504125464508409,0.7370180018937459,0.755518900095541,0.8769479321706166,0.6687081274310257,0.7609944330756173,0.8315714485618695,0.6766909457105879,0.08897909713596462,0.861200213432312,0.2366298650870574,0.027038517502633384,11,19.5
student_kdM0_s2,test_w36-39,all,all,,100000,100000,0.82068,0.7138019309757507,0.73713593215,0.88562,0.6281423825,0.7342041023999999,0.84935,0.6287928392000001,0.11117535375937818,1.0070626735687256,0.28303624503675595,0.0362713243278938,11,23.5
student_kdM0_s2,test_w36-39,all,near,,100000,12548,0.82068,0.7138019309757507,0.8118964065986611,0.854160025502072,0.6861023398151099,0.8346597170863883,0.7859419827861014,0.7083505785782596,0.11117535375937818,1.0070626735687256,0.28303624503675595,0.0362713243278938,11,23.5
student_kdM0_s2,test_w36-39,all,far,,100000,87452,0.82068,0.7138019309757507,0.7264089684055253,0.890134016374697,0.6198260313086036,0.7197902862141518,0.8584480629373827,0.6173775426519691,0.11117535375937818,1.0070626735687256,0.28303624503675595,0.0362713243278938,11,23.5
student_kdM0_s2,test_w36-39,ge5,all,,95184,91735,0.8323983022356699,0.7201405224040657,0.7537381798676223,0.8827274213767918,0.6519797747982357,0.7532564780274784,0.8452608055812939,0.6563576222320604,0.10220708227754742,0.9338288307189941,0.26355053853934873,0.032334765504211105,11,23.5
student_kdM0_s2,test_w36-39,ge5,near,,95184,12085,0.8323983022356699,0.7201405224040657,0.8174406235062576,0.8625568887050062,0.7018525119702828,0.8444172927997202,0.7904013239553165,0.7287680188859477,0.10220708227754742,0.9338288307189941,0.26355053853934873,0.032334765504211105,11,23.5
student_kdM0_s2,test_w36-39,ge5,far,,95184,79650,0.8323983022356699,0.7201405224040657,0.7440728436294187,0.8857878217200251,0.6444127687878881,0.7394249846624747,0.8535844318895166,0.6453710604798667,0.10220708227754742,0.9338288307189941,0.26355053853934873,0.032334765504211105,11,23.5
student_kdM0_s2,test_w40-43,all,all,,100000,100000,0.81405,0.7082627587059872,0.7494629833,0.86697,0.6307515378999999,0.743214348,0.8338,0.6296859612,0.11696889110982417,1.093165397644043,0.29558873922875645,0.03914794302069771,11,27.5
student_kdM0_s2,test_w40-43,all,near,,100000,10904,0.81405,0.7082627587059872,0.8053727508253852,0.8433602347762289,0.6739980172413792,0.8318914655172414,0.7838407923697726,0.700018368488628,0.11696889110982417,1.093165397644043,0.29558873922875645,0.03914794302069771,11,27.5
student_kdM0_s2,test_w40-43,all,far,,100000,89096,0.81405,0.7082627587059872,0.7426204751616233,0.8698594774176169,0.6254588243018766,0.73236161286702,0.8399142497979707,0.621078340554009,0.11696889110982417,1.093165397644043,0.29558873922875645,0.03914794302069771,11,27.5
student_kdM0_s2,test_w40-43,ge5,all,,95288,93977,0.8246473847703804,0.715261947597324,0.757055699277607,0.8655415686816987,0.6464783701092737,0.7531241656867891,0.8329804101003437,0.6484145152359544,0.10942215203923626,1.0194873809814453,0.2780493223864909,0.03529428786884756,11,27.5
student_kdM0_s2,test_w40-43,ge5,near,,95288,10557,0.8246473847703804,0.715261947597324,0.8090251660815156,0.8521360234915222,0.6870917140129003,0.8389569240114315,0.7880079568059107,0.7169919755171337,0.10942215203923626,1.0194873809814453,0.2780493223864909,0.03529428786884756,11,27.5
student_kdM0_s2,test_w40-43,ge5,far,,95288,83420,0.8246473847703804,0.715261947597324,0.7504788392794188,0.8672380724046991,0.6413386545543638,0.7422618253651246,0.8386717813473987,0.6397358740445325,0.10942215203923626,1.0194873809814453,0.2780493223864909,0.03529428786884756,11,27.5
student_kdM0_s2,test_w44-47,all,all,,100000,100000,0.79159,0.6801142287292705,0.71836462955,0.8832,0.5938083248,0.7147660779,0.85913,0.5949384638,0.1330681437818706,1.3321095705032349,0.3357158799509519,0.05009259079735932,11,31.5
student_kdM0_s2,test_w44-47,all,near,,100000,10628,0.79159,0.6801142287292705,0.7828041494166353,0.8712834023334588,0.6418743291305984,0.8153164664094843,0.8130410237109522,0.6724409804290554,0.1330681437818706,1.3321095705032349,0.3357158799509519,0.05009259079735932,11,31.5
student_kdM0_s2,test_w44-47,all,far,,100000,89372,0.79159,0.6801142287292705,0.710701567101553,0.8846171060287338,0.5880923791567828,0.7028087587275657,0.8646108400841427,0.585721967059034,0.1330681437818706,1.3321095705032349,0.3357158799509519,0.05009259079735932,11,31.5
student_kdM0_s2,test_w44-47,ge5,all,,94936,92436,0.8018665206033538,0.6868395054411747,0.72914183419008,0.8801765545891211,0.6110908152210155,0.7268002769102692,0.8559002985849669,0.6148200588794984,0.12551619121736557,1.246978521347046,0.31856811411667324,0.04566048201290434,11,31.5
student_kdM0_s2,test_w44-47,ge5,near,,94936,10310,0.8018665206033538,0.6868395054411747,0.7835104084005096,0.8775945683802134,0.6521957985356126,0.8185612184740394,0.8176527643064986,0.6861094465845468,0.12551619121736557,1.246978521347046,0.31856811411667324,0.04566048201290434,11,31.5
student_kdM0_s2,test_w44-47,ge5,far,,94936,82126,0.8018665206033538,0.6868395054411747,0.7223164682875701,0.8805006940554757,0.6059305446858196,0.7152807178483097,0.8607018483793196,0.6058704742505252,0.12551619121736557,1.246978521347046,0.31856811411667324,0.04566048201290434,11,31.5
student_kdM0_s2,test_w48-51,all,all,,100000,100000,0.77965,0.6730138082125809,0.7107177930999999,0.89497,0.5825302059999999,0.71202702995,0.86762,0.5867966831,0.1429983404076099,1.4693182706832886,0.3535065854872046,0.05353305547045364,11,35.333333333333336
student_kdM0_s2,test_w48-51,all,near,,100000,10972,0.77965,0.6730138082125809,0.7863966428180824,0.8669340138534452,0.6371656152023332,0.8213789919795844,0.7983959168793292,0.6681609387531899,0.1429983404076099,1.4693182706832886,0.3535065854872046,0.05353305547045364,11,35.333333333333336
student_kdM0_s2,test_w48-51,all,far,,100000,89028,0.77965,0.6730138082125809,0.7013909707620074,0.8984252145392461,0.5757968220110526,0.6985502616592533,0.8761513231792245,0.5767691792469785,0.1429983404076099,1.4693182706832886,0.3535065854872046,0.05353305547045364,11,35.333333333333336
student_kdM0_s2,test_w48-51,ge5,all,,94668,93780,0.7909325220771538,0.6805051471590989,0.7154176696893144,0.8949562806568565,0.5958524450328315,0.71820768754683,0.8658989123480486,0.6032171579715976,0.13452303003000812,1.3617959022521973,0.3347396278143535,0.04834328603350509,11,35.333333333333336
student_kdM0_s2,test_w48-51,ge5,near,,94668,10675,0.7909325220771538,0.6805051471590989,0.7860144843426191,0.874847775175644,0.6477174820937147,0.8235634400966809,0.8026229508196722,0.6820609809664916,0.13452303003000812,1.3617959022521973,0.3347396278143535,0.04834328603350509,11,35.333333333333336
student_kdM0_s2,test_w48-51,ge5,far,,94668,83105,0.7909325220771538,0.6805051471590989,0.7063493705927012,0.89753925756573,0.58919027945164,0.7046745348066861,0.8740268335238554,0.5930895145028472,0.13452303003000812,1.3617959022521973,0.3347396278143535,0.04834328603350509,11,35.333333333333336
student_kdM1_s0,val,all,all,,200000,53779,0.92664,0.8907940705635983,0.7958536956339834,0.8424849848453857,0.7509362143215753,0.8293430768050726,0.7923910820208632,0.7825660422283792,0.036323920429944985,0.31924375891685486,0.11176412354500798,0.00604479955764681,11,1.0
student_kdM1_s0,val,all,near,,200000,10959,0.92664,0.8907940705635983,0.6874843534994068,0.9226206770690757,0.6535307345560726,0.6992980071174377,0.9151382425403778,0.666097153024911,0.036323920429944985,0.31924375891685486,0.11176412354500798,0.00604479955764681,11,1.0
student_kdM1_s0,val,all,far,,200000,42820,0.92664,0.8907940705635983,0.8235888572512845,0.8219757122839795,0.7758653748248481,0.8626257465553478,0.7609761793554414,0.8123741355674918,0.036323920429944985,0.31924375891685486,0.11176412354500798,0.00604479955764681,11,1.0
student_kdM1_s0,val,ge5,all,,191366,52270,0.938212639653857,0.9029825980834336,0.7988054890159156,0.8464128563229386,0.763150452999353,0.8345235012237426,0.7966328678017983,0.7977464975304539,0.030789442134196533,0.26395851373672485,0.09466864354752674,0.004554812691483104,11,1.0
student_kdM1_s0,val,ge5,near,,191366,10483,0.938212639653857,0.9029825980834336,0.6936426279422475,0.9249260707812649,0.6670204323228449,0.7089856974985294,0.9172946675569971,0.6838545468128097,0.030789442134196533,0.26395851373672485,0.09466864354752674,0.004554812691483104,11,1.0
student_kdM1_s0,val,ge5,far,,191366,41787,0.938212639653857,0.9029825980834336,0.8251874325063615,0.8267164429128676,0.7872663504495608,0.8660168555313359,0.7663627443941896,0.8263182858706809,0.030789442134196533,0.26395851373672485,0.09466864354752674,0.004554812691483104,11,1.0
student_kdM1_s0,test_w16-19,all,all,,100000,100000,0.91734,0.8797083400963518,0.74520658115,0.86645,0.7005010584000001,0.769848959,0.81882,0.7226846747,0.04287415600031616,0.3670133650302887,0.12639943393138492,0.007738934750067304,11,3.5
student_kdM1_s0,test_w16-19,all,near,,100000,11980,0.91734,0.8797083400963518,0.8248721089315526,0.7772954924874791,0.7702856903171954,0.8549518055091819,0.7052587646076794,0.7972584424040067,0.04287415600031616,0.3670133650302887,0.12639943393138492,0.007738934750067304,11,3.5
student_kdM1_s0,test_w16-19,all,far,,100000,88020,0.91734,0.8797083400963518,0.7343636701885935,0.8785844126334924,0.691002991024767,0.7582659994319474,0.834276300840718,0.7125347799363781,0.04287415600031616,0.3670133650302887,0.12639943393138492,0.007738934750067304,11,3.5
student_kdM1_s0,test_w16-19,ge5,all,,96085,89545,0.9275433210178488,0.8891984529415332,0.7623001478919871,0.856842928136691,0.7240815007318763,0.7922757261198851,0.8046903791389804,0.7520879105808065,0.037734545332686845,0.3182790279388428,0.11139778153748821,0.0062251652235502586,11,3.5
student_kdM1_s0,test_w16-19,ge5,near,,96085,11402,0.9275433210178488,0.8891984529415332,0.8323721978937972,0.7746009472022453,0.7860978232735284,0.8674883895346528,0.6997018067005788,0.8183381052105013,0.037734545332686845,0.3182790279388428,0.11139778153748821,0.0062251652235502586,11,3.5
student_kdM1_s0,test_w16-19,ge5,far,,96085,78143,0.9275433210178488,0.8891984529415332,0.7520757962018723,0.8688430185685219,0.7150325762009532,0.78130129733861,0.8200094698181539,0.7424212133824933,0.037734545332686845,0.3182790279388428,0.11139778153748821,0.0062251652235502586,11,3.5
student_kdM1_s0,test_w20-23,all,all,,100000,100000,0.90372,0.856377390694213,0.7464575778499999,0.87004,0.6915835591000001,0.7698582849,0.80833,0.7126377730999999,0.049894585846960576,0.4386982321739197,0.14724499342084937,0.010763679681846416,11,7.5
student_kdM1_s0,test_w20-23,all,near,,100000,13417,0.90372,0.856377390694213,0.8284575225460238,0.8064395915629425,0.7630869121264068,0.8608535432660057,0.7165536259968697,0.792081825296266,0.049894585846960576,0.4386982321739197,0.14724499342084937,0.010763679681846416,11,7.5
student_kdM1_s0,test_w20-23,all,far,,100000,86583,0.90372,0.856377390694213,0.7337507733042282,0.8798955915133456,0.6805033183188387,0.7557575563332295,0.8225517711329013,0.7003270325583545,0.049894585846960576,0.4386982321739197,0.14724499342084937,0.010763679681846416,11,7.5
student_kdM1_s0,test_w20-23,ge5,all,,95941,89776,0.9138845748949875,0.8649216774048161,0.7645111518804559,0.8622014792372126,0.7162375276935659,0.7936456424694869,0.7950677241133488,0.7433012350518005,0.044517226914886805,0.3924207091331482,0.13191925359234138,0.008913983557699621,11,7.5
student_kdM1_s0,test_w20-23,ge5,near,,95941,12762,0.9138845748949875,0.8649216774048161,0.8354839908474871,0.8045760852530951,0.7787688737835521,0.8726266816206802,0.7125058768218148,0.8125103833591532,0.044517226914886805,0.3924207091331482,0.13191925359234138,0.008913983557699621,11,7.5
student_kdM1_s0,test_w20-23,ge5,far,,95941,77014,0.9138845748949875,0.8649216774048161,0.7527502334643594,0.8717505908016724,0.7058754501647997,0.7805576841547969,0.8087490586127197,0.7318325780453026,0.044517226914886805,0.3924207091331482,0.13191925359234138,0.008913983557699621,11,7.5
student_kdM1_s0,test_w24-27,all,all,,100000,100000,0.89951,0.8340206433157723,0.74573569035,0.86251,0.6887567362,0.7647504707999999,0.79184,0.7057635280000001,0.05341867546066642,0.4937647581100464,0.1558008959083735,0.012611231145599443,11,11.5
student_kdM1_s0,test_w24-27,all,near,,100000,12494,0.89951,0.8340206433157723,0.8230944157195453,0.7980630702737314,0.7560658251960942,0.8573368368817031,0.6984152393148712,0.7866651088522492,0.05341867546066642,0.4937647581100464,0.1558008959083735,0.012611231145599443,11,11.5
student_kdM1_s0,test_w24-27,all,far,,100000,87506,0.89951,0.8340206433157723,0.7346905058510274,0.8717116540580074,0.6791464265307521,0.7515311023244121,0.8051790734349644,0.69421249891436,0.05341867546066642,0.4937647581100464,0.1558008959083735,0.012611231145599443,11,11.5
student_kdM1_s0,test_w24-27,ge5,all,,96204,89771,0.9084237661635691,0.841086413466422,0.7634116403730213,0.8512325806775016,0.7121174042534342,0.7888578994575539,0.7754063116151095,0.7356749249673468,0.04842326661627547,0.44769465923309326,0.1423729626058624,0.010857818519020245,11,11.5
student_kdM1_s0,test_w24-27,ge5,near,,96204,11977,0.9084237661635691,0.841086413466422,0.8298707589161988,0.7973616097520247,0.7705559331809678,0.8687237902277509,0.6954162144109544,0.8057692457034131,0.04842326661627547,0.44769465923309326,0.1423729626058624,0.010857818519020245,11,11.5
student_kdM1_s0,test_w24-27,ge5,far,,96204,77794,0.9084237661635691,0.841086413466422,0.7531797347917215,0.859526441627889,0.7031203317161553,0.7765619155287848,0.787721418104224,0.7248833513311299,0.04842326661627547,0.44769465923309326,0.1423729626058624,0.010857818519020245,11,11.5
student_kdM1_s0,test_w28-31,all,all,,100000,100000,0.88182,0.7784390518331913,0.7507331789,0.85844,0.6829156678000001,0.7762806884,0.79155,0.7056772787,0.06573234403550621,0.6715593934059143,0.1871629783225659,0.01773012766782095,11,15.5
student_kdM1_s0,test_w28-31,all,near,,100000,15990,0.88182,0.7784390518331913,0.8056371422764228,0.8440275171982489,0.7297276704190119,0.8441762851782364,0.7435272045028143,0.7637055540963102,0.06573234403550621,0.6715593934059143,0.1871629783225659,0.01773012766782095,11,15.5
student_kdM1_s0,test_w28-31,all,far,,100000,84010,0.88182,0.7784390518331913,0.7402830613617426,0.8611831924770861,0.6740057294369717,0.7633578150220212,0.8006903940007142,0.6946324968456136,0.06573234403550621,0.6715593934059143,0.1871629783225659,0.01773012766782095,11,15.5
student_kdM1_s0,test_w28-31,ge5,all,,95576,94669,0.8909454256298652,0.784841494949668,0.7575695709054058,0.8564788896048336,0.6971542842859246,0.7855441435195356,0.7888960483368368,0.7227061173823204,0.06002140182365959,0.6164565086364746,0.17254964636486175,0.015448243654709797,11,15.5
student_kdM1_s0,test_w28-31,ge5,near,,95576,15420,0.8909454256298652,0.784841494949668,0.8097726473669862,0.8456549935149157,0.7422361973337276,0.8532148833797608,0.7453955901426719,0.7810536805879665,0.06002140182365959,0.6164565086364746,0.17254964636486175,0.015448243654709797,11,15.5
student_kdM1_s0,test_w28-31,ge5,far,,95576,79249,0.8909454256298652,0.784841494949668,0.7474120744191717,0.8585849663718155,0.6883823994773199,0.7723770018692352,0.7973602190563919,0.7113530476321526,0.06002140182365959,0.6164565086364746,0.17254964636486175,0.015448243654709797,11,15.5
student_kdM1_s0,test_w32-35,all,all,,100000,100000,0.85601,0.7434096077883898,0.7422810602,0.87858,0.6630104587000001,0.7624438036,0.83045,0.6796956027000001,0.08489361341357235,0.8679789304733276,0.23152988074265138,0.02616179854431024,11,19.5
student_kdM1_s0,test_w32-35,all,near,,100000,16559,0.85601,0.7434096077883898,0.8075076046258833,0.8489039193187995,0.7159333256839181,0.8421805740080923,0.7832598586871188,0.7452146180324899,0.08489361341357235,0.8679789304733276,0.23152988074265138,0.02616179854431024,11,19.5
student_kdM1_s0,test_w32-35,all,far,,100000,83441,0.85601,0.7434096077883898,0.7293367480615045,0.8844692657087043,0.6525078310422933,0.7466199138912525,0.8398149590728778,0.6666932492419794,0.08489361341357235,0.8679789304733276,0.23152988074265138,0.02616179854431024,11,19.5
student_kdM1_s0,test_w32-35,ge5,all,,95262,94615,0.8664105309567298,0.7490193699593817,0.7472812540957574,0.8786344659937642,0.6766566831803429,0.7701589634262911,0.8316017544786768,0.6967795958709793,0.07787821083461309,0.7950919270515442,0.21457394674254748,0.02324904048402189,11,19.5
student_kdM1_s0,test_w32-35,ge5,near,,95262,16006,0.8664105309567298,0.7490193699593817,0.8098078683637386,0.8543671123328752,0.72821790367379,0.8504677543542469,0.7902036736223916,0.7633997889083882,0.07787821083461309,0.7950919270515442,0.21457394674254748,0.02324904048402189,11,19.5
student_kdM1_s0,test_w32-35,ge5,far,,95262,78609,0.8664105309567298,0.7490193699593817,0.7345498748901536,0.8835756719968452,0.6661580265988049,0.7538068598809863,0.840031039702833,0.6832147011419181,0.07787821083461309,0.7950919270515442,0.21457394674254748,0.02324904048402189,11,19.5
student_kdM1_s0,test_w36-39,all,all,,100000,100000,0.83524,0.7212114973379833,0.7120722961499999,0.89627,0.6250481941,0.72626798825,0.86921,0.6365782177,0.10133074141047897,0.9925798177719116,0.2672087843929406,0.033757894920930884,11,23.5
student_kdM1_s0,test_w36-39,all,near,,100000,12548,0.83524,0.7212114973379833,0.7990372254542557,0.8672298374242907,0.694219906758049,0.8318088045903729,0.8162256933375837,0.7222562408351928,0.10133074141047897,0.9925798177719116,0.2672087843929406,0.033757894920930884,11,23.5
student_kdM1_s0,test_w36-39,all,far,,100000,87452,0.83524,0.7212114973379833,0.6995941832090746,0.9004368110506334,0.6151231306316607,0.7111245248250468,0.8768124228148013,0.6242847557517267,0.10133074141047897,0.9925798177719116,0.2672087843929406,0.033757894920930884,11,23.5
student_kdM1_s0,test_w36-39,ge5,all,,95184,91735,0.8482728189611699,0.7283588219411433,0.7249411595393205,0.8927236060391345,0.6470857418780369,0.7434445417038084,0.8657873221780128,0.6640765850081061,0.09315973433275646,0.9082180857658386,0.24755142543258976,0.030333251742651626,11,23.5
student_kdM1_s0,test_w36-39,ge5,near,,95184,12085,0.8482728189611699,0.7283588219411433,0.8017202024163048,0.8707488622258999,0.7092439855444842,0.8404867456854508,0.8203558129913116,0.7433954968424548,0.09315973433275646,0.9082180857658386,0.24755142543258976,0.030333251742651626,11,23.5
student_kdM1_s0,test_w36-39,ge5,far,,95184,79650,0.8482728189611699,0.7283588219411433,0.7132917592484432,0.8960577526679222,0.6376547013920479,0.7287206869000651,0.8726804770872567,0.6520418197913064,0.09315973433275646,0.9082180857658386,0.24755142543258976,0.030333251742651626,11,23.5
student_kdM1_s0,test_w40-43,all,all,,100000,100000,0.82955,0.7146616796033205,0.7162992851499999,0.89118,0.6220358311,0.7293541142000001,0.86617,0.6333532101,0.10714279715120789,1.059380054473877,0.277866917037547,0.03577070431715173,11,27.5
student_kdM1_s0,test_w40-43,all,near,,100000,10904,0.82955,0.7146616796033205,0.7918224926632429,0.8650036683785767,0.6821506153705063,0.8276228030997799,0.8131878209831255,0.7131003182318416,0.10714279715120789,1.059380054473877,0.277866917037547,0.03577070431715173,11,27.5
student_kdM1_s0,test_w40-43,all,far,,100000,89096,0.82955,0.7146616796033205,0.7070563892318398,0.8943835862440513,0.6146786926461346,0.7173275161062225,0.8726542156774715,0.6235933727664542,0.10714279715120789,1.059380054473877,0.277866917037547,0.03577070431715173,11,27.5
student_kdM1_s0,test_w40-43,ge5,all,,95288,93977,0.841102762152632,0.7224277923999178,0.7241855388018864,0.8907073007225172,0.6386755737495069,0.7389213828845903,0.8652755461442694,0.6528957103290288,0.10009085311569305,0.9787247180938721,0.26006041281596504,0.0323714079296968,11,27.5
student_kdM1_s0,test_w40-43,ge5,near,,95288,10557,0.841102762152632,0.7224277923999178,0.7931106138604456,0.8714596949891068,0.6944753672860586,0.8337508925942301,0.815762053613716,0.7304914664329418,0.10009085311569305,0.9787247180938721,0.26006041281596504,0.0323714079296968,11,27.5
student_kdM1_s0,test_w40-43,ge5,far,,95288,83420,0.841102762152632,0.7224277923999178,0.7154629061311456,0.8931431311436107,0.6316139767659852,0.7269204822132325,0.871541596739391,0.6430757822879234,0.10009085311569305,0.9787247180938721,0.26006041281596504,0.0323714079296968,11,27.5
student_kdM1_s0,test_w44-47,all,all,,100000,100000,0.80354,0.6885394659289329,0.6911877012000001,0.90555,0.5866920424,0.7061141137,0.88263,0.5992578497,0.12643269663572312,1.3113704919815063,0.3216742692836727,0.04682838386648109,11,31.5
student_kdM1_s0,test_w44-47,all,near,,100000,10628,0.80354,0.6885394659289329,0.7723513685547609,0.8909484380880692,0.6490368187805796,0.8136379977418141,0.8392924350771547,0.6837362213022204,0.12643269663572312,1.3113704919815063,0.3216742692836727,0.04682838386648109,11,31.5
student_kdM1_s0,test_w44-47,all,far,,100000,89372,0.80354,0.6885394659289329,0.6815358252584702,0.9072863984245625,0.5792780840755494,0.6933275156648614,0.8877836458846171,0.5892117935147474,0.12643269663572312,1.3113704919815063,0.3216742692836727,0.04682838386648109,11,31.5
student_kdM1_s0,test_w44-47,ge5,all,,94936,92436,0.8148331507541923,0.6961378677772345,0.7010857334457108,0.903587346921113,0.6042527965335929,0.7173752002314604,0.8813232939547363,0.6195242705747351,0.11929221325227872,1.217254638671875,0.3038733403833793,0.04265841493985854,11,31.5
student_kdM1_s0,test_w44-47,ge5,near,,94936,10310,0.8148331507541923,0.6961378677772345,0.7707957592258591,0.8959262851600388,0.6589652750493528,0.8161791307750784,0.8448108632395732,0.6979664252039477,0.11929221325227872,1.217254638671875,0.3038733403833793,0.04265841493985854,11,31.5
student_kdM1_s0,test_w44-47,ge5,far,,94936,82126,0.8148331507541923,0.6961378677772345,0.6923344200273863,0.9045491074690111,0.5973842572951366,0.7049714727407181,0.8859070209190756,0.6096767361248996,0.11929221325227872,1.217254638671875,0.3038733403833793,0.04265841493985854,11,31.5
student_kdM1_s0,test_w48-51,all,all,,100000,100000,0.79353,0.6802122767163162,0.68473394115,0.91332,0.5773995314,0.70385582215,0.88191,0.592913674,0.13439291048161683,1.4349359273910522,0.33751873862966225,0.05009094409790766,11,35.333333333333336
student_kdM1_s0,test_w48-51,all,near,,100000,10972,0.79353,0.6802122767163162,0.7722492968465184,0.8829748450601531,0.642546119212541,0.8163756735326286,0.8183558148013125,0.6785761000729129,0.13439291048161683,1.4349359273910522,0.33751873862966225,0.05009094409790766,11,35.333333333333336
student_kdM1_s0,test_w48-51,all,far,,100000,89028,0.79353,0.6802122767163162,0.6739483626499528,0.9170598014107921,0.569370727411601,0.689988636440221,0.8897425529047042,0.5823564544862291,0.13439291048161683,1.4349359273910522,0.33751873862966225,0.05009094409790766,11,35.333333333333336
student_kdM1_s0,test_w48-51,ge5,all,,94668,93780,0.8056682300249293,0.6884152033146728,0.6899382714284714,0.9135849861377693,0.5918933580301642,0.7100758974716576,0.8816058861164427,0.6102616190297592,0.12614989674620972,1.3113926649093628,0.3176388729590947,0.045039627623561375,11,35.333333333333336
student_kdM1_s0,test_w48-51,ge5,near,,94668,10675,0.8056682300249293,0.6884152033146728,0.7699045534108154,0.888711943793911,0.6526509198818224,0.8176504107686975,0.8249180327868852,0.6927445581051452,0.12614989674620972,1.3113926649093628,0.3176388729590947,0.045039627623561375,11,35.333333333333336
student_kdM1_s0,test_w48-51,ge5,far,,94668,83105,0.8056682300249293,0.6884152033146728,0.6796664459045977,0.9167799771373564,0.5840889302247799,0.6962577405683916,0.8888875518921846,0.5996665239737485,0.12614989674620972,1.3113926649093628,0.3176388729590947,0.045039627623561375,11,35.333333333333336
student_kdM1_s1,val,all,all,,200000,53779,0.92601,0.8929938737362184,0.7946466473902452,0.8398631436062404,0.749583618047937,0.8327321217854553,0.7885605905650904,0.7851117584930921,0.03666066317632792,0.31848475337028503,0.11201299001705974,0.00608311116220425,11,1.0
student_kdM1_s1,val,all,near,,200000,10959,0.92601,0.8929938737362184,0.6995991098640386,0.896432156218633,0.664261397481522,0.7062759905100832,0.9227119262706451,0.672533373482982,0.03666066317632792,0.31848475337028503,0.11201299001705974,0.00608311116220425,11,1.0
student_kdM1_s1,val,all,far,,200000,42820,0.92601,0.8929938737362184,0.8189723354740777,0.8253853339560953,0.7714202881830919,0.8650962680406352,0.7542269967304998,0.8139241480616536,0.03666066317632792,0.31848475337028503,0.11201299001705974,0.00608311116220425,11,1.0
student_kdM1_s1,val,ge5,all,,191366,52270,0.9374967340070859,0.9057299417760611,0.7979574210638042,0.844040558637842,0.7621717342336747,0.8382836712195096,0.7929978955423761,0.8005587854820996,0.031142118267777477,0.26333701610565186,0.09493050967447578,0.004582455164578204,11,1.0
student_kdM1_s1,val,ge5,near,,191366,10483,0.9374967340070859,0.9057299417760611,0.7068457633604471,0.8965944863111704,0.6790375899118907,0.7163417493870506,0.9224458647333779,0.6907216417709098,0.031142118267777477,0.26333701610565186,0.09493050967447578,0.004582455164578204,11,1.0
student_kdM1_s1,val,ge5,far,,191366,41787,0.9374967340070859,0.9057299417760611,0.820814374367566,0.8308564864670831,0.7830273887416619,0.8688749356455192,0.760523607820614,0.8281133545472251,0.031142118267777477,0.26333701610565186,0.09493050967447578,0.004582455164578204,11,1.0
student_kdM1_s1,test_w16-19,all,all,,100000,100000,0.91661,0.8779777111458188,0.75141442625,0.87407,0.7051095184,0.77254346665,0.8298,0.7252144438,0.04351964060008523,0.3723986744880676,0.12699002692479902,0.007697176999587556,11,3.5
student_kdM1_s1,test_w16-19,all,near,,100000,11980,0.91661,0.8779777111458188,0.8172354044240401,0.7680300500834725,0.7627583889816361,0.8519664770450752,0.7336393989983305,0.7950750859766278,0.04351964060008523,0.3723986744880676,0.12699002692479902,0.007697176999587556,11,3.5
student_kdM1_s1,test_w16-19,all,far,,100000,88020,0.91661,0.8779777111458188,0.742455833674165,0.8885026130424903,0.6972631940468076,0.761733563621904,0.8428879800045445,0.7157060310156783,0.04351964060008523,0.3723986744880676,0.12699002692479902,0.007697176999587556,11,3.5
student_kdM1_s1,test_w16-19,ge5,all,,96085,89545,0.9261695373887704,0.886247754248174,0.771454075791336,0.8640460103858395,0.7314403176038831,0.7964964972567351,0.818728013847786,0.7555490044546584,0.03891852743675146,0.3247168958187103,0.11268438049940059,0.006227896770364473,11,3.5
student_kdM1_s1,test_w16-19,ge5,near,,96085,11402,0.9261695373887704,0.886247754248174,0.8249659888913369,0.7624978074022102,0.7784336560595699,0.863160041077396,0.7346956674267673,0.8143867658252254,0.03891852743675146,0.3247168958187103,0.11268438049940059,0.006227896770364473,11,3.5
student_kdM1_s1,test_w16-19,ge5,far,,96085,78143,0.9261695373887704,0.886247754248174,0.763646046496758,0.8788631099394699,0.7245834264546858,0.78676948745876,0.8309893400560511,0.7469638700837333,0.03891852743675146,0.3247168958187103,0.11268438049940059,0.006227896770364473,11,3.5
student_kdM1_s1,test_w20-23,all,all,,100000,100000,0.90582,0.8567592147286698,0.75544935105,0.87496,0.7015217394,0.77254248255,0.8263,0.7176395613000001,0.04964124331548809,0.44095975160598755,0.1435908154037207,0.010015403603364486,11,7.5
student_kdM1_s1,test_w20-23,all,near,,100000,13417,0.90582,0.8567592147286698,0.8208278199299397,0.7756577476335992,0.7581768696429902,0.8566130222851607,0.7453230975627935,0.7913462823283893,0.04964124331548809,0.44095975160598755,0.1435908154037207,0.010015403603364486,11,7.5
student_kdM1_s1,test_w20-23,all,far,,100000,86583,0.90582,0.8567592147286698,0.7453182292713351,0.8903479897901435,0.6927423960823718,0.7595148162456833,0.8388482727556218,0.7062178841111998,0.04964124331548809,0.44095975160598755,0.1435908154037207,0.010015403603364486,11,7.5
student_kdM1_s1,test_w20-23,ge5,all,,95941,89776,0.9161359585578637,0.8654670262615645,0.7765270897920911,0.8667238460167528,0.7294453949618249,0.7976203237280376,0.816498841561219,0.7496839298695259,0.04411774951570072,0.39271998405456543,0.12810413070873108,0.008207044709120747,11,7.5
student_kdM1_s1,test_w20-23,ge5,near,,95941,12762,0.9161359585578637,0.8654670262615645,0.8281614320309147,0.7723711017081962,0.7743057340614939,0.8669589762713976,0.7446325027425168,0.8106849825516279,0.04411774951570072,0.39271998405456543,0.12810413070873108,0.008207044709120747,11,7.5
student_kdM1_s1,test_w20-23,ge5,far,,95941,77014,0.9161359585578637,0.8654670262615645,0.7679707561949286,0.8823590516010076,0.72201158230971,0.7861302065576743,0.8284078219544498,0.7395754374612756,0.04411774951570072,0.39271998405456543,0.12810413070873108,0.008207044709120747,11,7.5
student_kdM1_s1,test_w24-27,all,all,,100000,100000,0.89993,0.8333662320380211,0.75163817375,0.88163,0.6946060361000002,0.7678203426,0.82126,0.7099917219,0.05334964877322318,0.49497750401496887,0.15403504543710977,0.012250719025707036,11,11.5
student_kdM1_s1,test_w24-27,all,near,,100000,12494,0.89993,0.8333662320380211,0.814223923483272,0.7845365775572275,0.748409218825036,0.8570866523931486,0.721146150152073,0.7874531927325115,0.05334964877322318,0.49497750401496887,0.15403504543710977,0.012250719025707036,11,11.5
student_kdM1_s1,test_w24-27,all,far,,100000,87506,0.89993,0.8333662320380211,0.7427022567023975,0.8954928804881951,0.6869240832628619,0.7550750077137568,0.8355541334308505,0.6989318675290837,0.05334964877322318,0.49497750401496887,0.15403504543710977,0.012250719025707036,11,11.5
student_kdM1_s1,test_w24-27,ge5,all,,96204,89771,0.9084549498981331,0.8397881843046374,0.7725778197643811,0.874424925644139,0.7209322753053102,0.7928917304237425,0.8094039277717748,0.7404685835505945,0.04875900405104984,0.4485878348350525,0.14077370322344934,0.010567989107271381,11,11.5
student_kdM1_s1,test_w24-27,ge5,near,,96204,11977,0.9084549498981331,0.8397881843046374,0.8211940290585159,0.7844201385989814,0.7627168937614259,0.8673795613282838,0.7194623027469316,0.8051678156003877,0.04875900405104984,0.4485878348350525,0.14077370322344934,0.010567989107271381,11,11.5
student_kdM1_s1,test_w24-27,ge5,far,,96204,77794,0.9084549498981331,0.8397881843046374,0.7650929708208143,0.8882818726379926,0.7144992036641952,0.7814237412376395,0.8232511504743296,0.7305076263783141,0.04875900405104984,0.4485878348350525,0.14077370322344934,0.010567989107271381,11,11.5
student_kdM1_s1,test_w28-31,all,all,,100000,100000,0.87824,0.7759812660483923,0.7586707907500001,0.87867,0.68876768,0.7809666238,0.81239,0.7093755328,0.06753593614086507,0.6814208626747131,0.189707321423284,0.018018134040164138,11,15.5
student_kdM1_s1,test_w28-31,all,near,,100000,15990,0.87824,0.7759812660483923,0.802932566916823,0.825891181988743,0.7254994077548469,0.8461285747342089,0.7552220137585991,0.7639539443402127,0.06753593614086507,0.6814208626747131,0.189707321423284,0.018018134040164138,11,15.5
student_kdM1_s1,test_w28-31,all,far,,100000,84010,0.87824,0.7759812660483923,0.7502462484228068,0.8887156290917748,0.6817763655517202,0.7685640574931555,0.8232710391620045,0.6989873790024996,0.06753593614086507,0.6814208626747131,0.189707321423284,0.018018134040164138,11,15.5
student_kdM1_s1,test_w28-31,ge5,all,,95576,94669,0.8870950866326275,0.7820606609961773,0.7643196173990041,0.8796121222364237,0.7021290358784923,0.7891350478772681,0.8137933219955846,0.7253639319081042,0.06207869998048027,0.6246929168701172,0.17556326214305606,0.015871573877133144,11,15.5
student_kdM1_s1,test_w28-31,ge5,near,,95576,15420,0.8870950866326275,0.7820606609961773,0.8070098634403116,0.8362516212710766,0.7377685594080295,0.8543702608999301,0.7559662775616083,0.7803637101206942,0.06207869998048027,0.6246929168701172,0.17556326214305606,0.015871573877133144,11,15.5
student_kdM1_s1,test_w28-31,ge5,far,,95576,79249,0.8870950866326275,0.7820606609961773,0.7560130949954791,0.8880490605559691,0.6951944190022481,0.7764418027283142,0.8250451109793183,0.7146622627382959,0.06207869998048027,0.6246929168701172,0.17556326214305606,0.015871573877133144,11,15.5
student_kdM1_s1,test_w32-35,all,all,,100000,100000,0.8446,0.7350884600503563,0.7515133031,0.8813,0.6612902174,0.7669603249500001,0.82886,0.675263462,0.09436019151657819,0.9093011617660522,0.24520040574279378,0.027450591487618494,11,19.5
student_kdM1_s1,test_w32-35,all,near,,100000,16559,0.8446,0.7350884600503563,0.8056499365903739,0.8287336191799022,0.7041052980252431,0.843093015580651,0.7657467238359804,0.736490786883266,0.09436019151657819,0.9093011617660522,0.24520040574279378,0.027450591487618494,11,19.5
student_kdM1_s1,test_w32-35,all,far,,100000,83441,0.8446,0.7350884600503563,0.740769801536415,0.891731882407929,0.6527934961230091,0.7518516706415312,0.8413849306695749,0.6631128013806162,0.09436019151657819,0.9093011617660522,0.24520040574279378,0.027450591487618494,11,19.5
student_kdM1_s1,test_w32-35,ge5,all,,95262,94615,0.8544855241334425,0.7406390933678296,0.7557240779766097,0.8821011467526291,0.6744859282512129,0.773948789841965,0.8273740950166464,0.6912566884727944,0.08812786568377694,0.8416981101036072,0.2296567105867764,0.024770927109972085,11,19.5
student_kdM1_s1,test_w32-35,ge5,near,,95262,16006,0.8544855241334425,0.7406390933678296,0.8083252011217383,0.8354367112332876,0.7164285257465477,0.850547489666811,0.7680869673872298,0.7533479629850444,0.08812786568377694,0.8416981101036072,0.2296567105867764,0.024770927109972085,11,19.5
student_kdM1_s1,test_w32-35,ge5,far,,95262,78609,0.8544855241334425,0.7406390933678296,0.7450136812400918,0.8916027426884963,0.6659457710744227,0.7583521178400761,0.8394458649772927,0.6786139511291943,0.08812786568377694,0.8416981101036072,0.2296567105867764,0.024770927109972085,11,19.5
student_kdM1_s1,test_w36-39,all,all,,100000,100000,0.82038,0.7133258501230225,0.7244770090499999,0.89668,0.6223791214000001,0.7293622563,0.86776,0.6282196664999999,0.1135212244066596,1.0346354246139526,0.2851378611876704,0.03499679677126924,11,23.5
student_kdM1_s1,test_w36-39,all,near,,100000,12548,0.82038,0.7133258501230225,0.8020311627350971,0.8200510041440867,0.6818446437679313,0.8337124856550845,0.7843481032833918,0.710411342843481,0.1135212244066596,1.0346354246139526,0.2851378611876704,0.03499679677126924,11,23.5
student_kdM1_s1,test_w36-39,all,far,,100000,87452,0.82038,0.7133258501230225,0.7133491958445776,0.9076750674655811,0.6138467450715821,0.7143896235649271,0.8797283081004437,0.6164264410190734,0.1135212244066596,1.0346354246139526,0.2851378611876704,0.03499679677126924,11,23.5
student_kdM1_s1,test_w36-39,ge5,all,,95184,91735,0.8323562783661119,0.7187005933415236,0.7383080216995531,0.8941734343489399,0.6450338573309259,0.7463088347802307,0.8643156919387366,0.6543938762634957,0.10633987601493278,0.960879385471344,0.26712222272777886,0.03178750007899492,11,23.5
student_kdM1_s1,test_w36-39,ge5,near,,95184,12085,0.8323562783661119,0.7187005933415236,0.8057613034298642,0.825568887050062,0.6968908474063744,0.8415024966907725,0.7889946214315267,0.7295394037847424,0.10633987601493278,0.960879385471344,0.26712222272777886,0.03178750007899492,11,23.5
student_kdM1_s1,test_w36-39,ge5,far,,95184,79650,0.8323562783661119,0.7187005933415236,0.728073584666147,0.9045825486503453,0.6371657879641739,0.7318654524300877,0.875743879472693,0.6429923232177421,0.10633987601493278,0.960879385471344,0.26712222272777886,0.03178750007899492,11,23.5
student_kdM1_s1,test_w40-43,all,all,,100000,100000,0.81354,0.7030427783896517,0.73230813215,0.88131,0.6211838141999999,0.73494708365,0.85789,0.6259289381,0.12044345153436063,1.1082895994186401,0.2982559635132096,0.037972497368564395,11,27.5
student_kdM1_s1,test_w40-43,all,near,,100000,10904,0.81354,0.7030427783896517,0.798499283749083,0.7976889214966985,0.6714189728539985,0.8292281245414527,0.7863169479090242,0.6999491782831988,0.12044345153436063,1.1082895994186401,0.2982559635132096,0.037972497368564395,11,27.5
student_kdM1_s1,test_w40-43,all,far,,100000,89096,0.81354,0.7030427783896517,0.7242073384327017,0.8915439525904643,0.6150357921792223,0.7234085132329173,0.8666494567657358,0.616869982603035,0.12044345153436063,1.1082895994186401,0.2982559635132096,0.037972497368564395,11,27.5
student_kdM1_s1,test_w40-43,ge5,all,,95288,93977,0.8241226597263034,0.7095269577219957,0.7395744579402519,0.8806622897091841,0.6370712854288608,0.7439748159400761,0.856613852325569,0.6440212763150372,0.11459199543039954,1.0383931398391724,0.2825878301125433,0.03482535412635085,11,27.5
student_kdM1_s1,test_w40-43,ge5,near,,95288,10557,0.8241226597263034,0.7095269577219957,0.8008029860838286,0.8107416879795396,0.6837128396155481,0.8344174892339364,0.7912285687221748,0.7154051507189261,0.11459199543039954,1.0383931398391724,0.2825878301125433,0.03482535412635085,11,27.5
student_kdM1_s1,test_w40-43,ge5,far,,95288,83420,0.8241226597263034,0.7095269577219957,0.7318258416418614,0.8895109086549988,0.6311686854822189,0.7325290798820172,0.8648885159434189,0.6349874767216319,0.11459199543039954,1.0383931398391724,0.2825878301125433,0.03482535412635085,11,27.5
student_kdM1_s1,test_w44-47,all,all,,100000,100000,0.79012,0.6775329850035766,0.70727790915,0.89518,0.5883141366000001,0.7115888555,0.87843,0.59386697,0.13686160482198,1.3700637817382812,0.33798280307133005,0.049794343549909394,11,31.5
student_kdM1_s1,test_w44-47,all,near,,100000,10628,0.79012,0.6775329850035766,0.7801984808995107,0.8411742566804666,0.6418216136620247,0.81274589198344,0.812382386149793,0.6708632113285661,0.13686160482198,1.3700637817382812,0.33798280307133005,0.049794343549909394,11,31.5
student_kdM1_s1,test_w44-47,all,far,,100000,89372,0.79012,0.6775329850035766,0.6986062912321533,0.9016022915454505,0.5819510982186815,0.6995593945531038,0.8862842948574498,0.5847106788479615,0.13686160482198,1.3700637817382812,0.33798280307133005,0.049794343549909394,11,31.5
student_kdM1_s1,test_w44-47,ge5,all,,94936,92436,0.800644644813348,0.6839427787535111,0.7167806111408601,0.8927906876108875,0.6055804821995722,0.7220003643309791,0.8748864078930287,0.6126841239183897,0.13001808504323414,1.2803354263305664,0.3215032179830291,0.04590582306855529,11,31.5
student_kdM1_s1,test_w44-47,ge5,near,,94936,10310,0.800644644813348,0.6839427787535111,0.7800318972352562,0.8474296799224055,0.6522327492544469,0.8144870111894055,0.8153249272550921,0.6835678967185367,0.13001808504323414,1.2803354263305664,0.3215032179830291,0.04590582306855529,11,31.5
student_kdM1_s1,test_w44-47,ge5,far,,94936,82126,0.800644644813348,0.6839427787535111,0.7088401201924,0.8984852543652436,0.5997238122858326,0.7103897010926579,0.8823636850692838,0.6037854597003647,0.13001808504323414,1.2803354263305664,0.3215032179830291,0.04590582306855529,11,31.5
student_kdM1_s1,test_w48-51,all,all,,100000,100000,0.78365,0.6706435609774682,0.7019586612,0.90281,0.5818622621,0.7112422572,0.87599,0.5904889352999999,0.1430883629757166,1.474542498588562,0.3497479870677097,0.05103445287099361,11,35.333333333333336
student_kdM1_s1,test_w48-51,all,near,,100000,10972,0.78365,0.6706435609774682,0.774617044294568,0.8417790740065622,0.6339685134888808,0.8169977492708713,0.7925628873496172,0.668878706707984,0.1430883629757166,1.474542498588562,0.3497479870677097,0.05103445287099361,11,35.333333333333336
student_kdM1_s1,test_w48-51,all,far,,100000,89028,0.78365,0.6706435609774682,0.6930040875904211,0.9103315810756166,0.575440576897156,0.6982087255133217,0.8862717347351395,0.5808280132093273,0.1430883629757166,1.474542498588562,0.3497479870677097,0.05103445287099361,11,35.333333333333336
student_kdM1_s1,test_w48-51,ge5,all,,94668,93780,0.795274010225208,0.6775446886211699,0.7062966896972598,0.9019620388142461,0.5959851763507282,0.7166355790808566,0.8733738537001493,0.6065649008232634,0.13480245265166063,1.3504524230957031,0.3306062007875991,0.04617580124419135,11,35.333333333333336
student_kdM1_s1,test_w48-51,ge5,near,,94668,10675,0.795274010225208,0.6775446886211699,0.7727185878933591,0.8467447306791569,0.6439657161539467,0.8175166302866005,0.7955971896955504,0.6817638884724617,0.13480245265166063,1.3504524230957031,0.3306062007875991,0.04617580124419135,11,35.333333333333336
student_kdM1_s1,test_w48-51,ge5,far,,94668,83105,0.795274010225208,0.6775446886211699,0.6977646667955888,0.9090548101798929,0.5898219820495507,0.7036772104914658,0.8833644185067083,0.596905443592589,0.13480245265166063,1.3504524230957031,0.3306062007875991,0.04617580124419135,11,35.333333333333336
student_kdM1_s2,val,all,all,,200000,53779,0.92459,0.889804713424672,0.7770274331523457,0.8728685918295246,0.7333177078413508,0.8220334688261216,0.8174380334331245,0.7753546282005987,0.03729073013842102,0.32883307337760925,0.11427494803684686,0.0062764331169449915,11,1.0
student_kdM1_s2,val,all,near,,200000,10959,0.92459,0.889804713424672,0.6982128412720139,0.9260881467287161,0.6623502162606076,0.7016302696413905,0.9153207409435168,0.6671063144447485,0.03729073013842102,0.32883307337760925,0.11427494803684686,0.0062764331169449915,11,1.0
student_kdM1_s2,val,all,far,,200000,42820,0.92459,0.889804713424672,0.7971985941148995,0.8592480149462868,0.7514805462400749,0.8528484772302662,0.7923867351704811,0.8030588148061655,0.03729073013842102,0.32883307337760925,0.11427494803684686,0.0062764331169449915,11,1.0
student_kdM1_s2,val,ge5,all,,191366,52270,0.9362687206713837,0.9022602311468831,0.7794595809474586,0.8745743256169887,0.745205687857412,0.8269288876921543,0.8197819016644347,0.7904616022495412,0.032030671930410995,0.2735520601272583,0.09713531073886474,0.004725855171142715,11,1.0
student_kdM1_s2,val,ge5,near,,191366,10483,0.9362687206713837,0.9022602311468831,0.7048004473706062,0.927406276829152,0.6768878456445632,0.7113294091566822,0.9148144615091099,0.6851624957534677,0.032030671930410995,0.2735520601272583,0.09713531073886474,0.004725855171142715,11,1.0
student_kdM1_s2,val,ge5,far,,191366,41787,0.9362687206713837,0.9022602311468831,0.798189130742518,0.8613205063775815,0.7623444137749772,0.8559290392581282,0.7959413214636131,0.8168777252877669,0.032030671930410995,0.2735520601272583,0.09713531073886474,0.004725855171142715,11,1.0
student_kdM1_s2,test_w16-19,all,all,,100000,100000,0.91485,0.8767429594636205,0.7508438914,0.85887,0.7021513245,0.7744732186000001,0.82714,0.7250242865,0.044213680558800705,0.3820333480834961,0.12874540485749214,0.007919449408007137,11,3.5
student_kdM1_s2,test_w16-19,all,near,,100000,11980,0.91485,0.8767429594636205,0.8264692558430717,0.7667779632721202,0.7683490292153589,0.849638814691152,0.7209515859766277,0.7905683280467446,0.044213680558800705,0.3820333480834961,0.12874540485749214,0.007919449408007137,11,3.5
student_kdM1_s2,test_w16-19,all,far,,100000,88020,0.91485,0.8767429594636205,0.7405508686094069,0.8714042263122018,0.6931414573960463,0.764242772778914,0.8415928198136787,0.7161033865030675,0.044213680558800705,0.3820333480834961,0.12874540485749214,0.007919449408007137,11,3.5
student_kdM1_s2,test_w16-19,ge5,all,,96085,89545,0.9247853463079565,0.8853348959712466,0.7713133566881416,0.8483667429783908,0.7290516625549658,0.7992705776274894,0.8142498185269976,0.7564873041336136,0.03939483134135023,0.3346472978591919,0.11395291271233358,0.006396495929546795,11,3.5
student_kdM1_s2,test_w16-19,ge5,near,,96085,11402,0.9247853463079565,0.8853348959712466,0.8363670665691811,0.7635502543413436,0.7863122677120803,0.8629855560689503,0.7162778459919312,0.8121459762945049,0.03939483134135023,0.3346472978591919,0.11395291271233358,0.006396495929546795,11,3.5
student_kdM1_s2,test_w16-19,ge5,far,,96085,78143,0.9247853463079565,0.8853348959712466,0.7618212409507933,0.8607424849314718,0.7206966541728789,0.7899737988476943,0.8285451032082208,0.7483660369698436,0.03939483134135023,0.3346472978591919,0.11395291271233358,0.006396495929546795,11,3.5
student_kdM1_s2,test_w20-23,all,all,,100000,100000,0.90051,0.851191205198602,0.7507506258499999,0.86095,0.6923830375000002,0.77343644645,0.82522,0.7140478944999998,0.05251167796492581,0.47437813878059387,0.1515679263707007,0.011123093036913431,11,7.5
student_kdM1_s2,test_w20-23,all,near,,100000,13417,0.90051,0.851191205198602,0.833542289259894,0.7719311321457852,0.7642443400163971,0.8564112916449281,0.715062979801744,0.7859077275098756,0.05251167796492581,0.47437813878059387,0.1515679263707007,0.011123093036913431,11,7.5
student_kdM1_s2,test_w20-23,all,far,,100000,86583,0.90051,0.851191205198602,0.7379211356732847,0.8747444648487578,0.6812473284593973,0.7605785702158622,0.842290056939584,0.7029124131757967,0.05251167796492581,0.47437813878059387,0.1515679263707007,0.011123093036913431,11,7.5
student_kdM1_s2,test_w20-23,ge5,all,,95941,89776,0.9109765376637725,0.8599132218689904,0.7723834087271388,0.8515861700231687,0.7208884729457765,0.7992774594382492,0.8120878631260025,0.7469101011909068,0.04704709376736492,0.4264433979988098,0.13562189497145666,0.009145134403961025,11,7.5
student_kdM1_s2,test_w20-23,ge5,near,,95941,12762,0.9109765376637725,0.8599132218689904,0.8427904033756994,0.7694718696129134,0.7823405516842932,0.8689537977439874,0.7091364989813509,0.8073277894642457,0.04704709376736492,0.4264433979988098,0.13562189497145666,0.009145134403961025,11,7.5
student_kdM1_s2,test_w20-23,ge5,far,,95941,77014,0.9109765376637725,0.8599132218689904,0.7607162564469698,0.865193341470382,0.7107052409508023,0.7877313843160918,0.8291479471264965,0.7368982781750351,0.04704709376736492,0.4264433979988098,0.13562189497145666,0.009145134403961025,11,7.5
student_kdM1_s2,test_w24-27,all,all,,100000,100000,0.89136,0.8271027057752861,0.7483705548499999,0.87109,0.6838090755,0.7694347008499999,0.81364,0.7042559807999998,0.059287041825205083,0.5474341511726379,0.16730728910737103,0.014057464116440191,11,11.5
student_kdM1_s2,test_w24-27,all,near,,100000,12494,0.89136,0.8271027057752861,0.83354434008324,0.7638066271810469,0.7567799863934689,0.8578685549063552,0.674723867456379,0.7800434696654395,0.059287041825205083,0.5474341511726379,0.16730728910737103,0.014057464116440191,11,11.5
student_kdM1_s2,test_w24-27,all,far,,100000,87506,0.89136,0.8271027057752861,0.7362095456311568,0.8864077891801705,0.6733903778026649,0.7568082229789957,0.8334742760496423,0.6934351355335634,0.059287041825205083,0.5474341511726379,0.16730728910737103,0.014057464116440191,11,11.5
student_kdM1_s2,test_w24-27,ge5,all,,96204,89771,0.9002120493950355,0.8340709497610671,0.7689274833814917,0.8618707600450034,0.7098703312943296,0.7955079617828059,0.7998239966136057,0.7358622143754749,0.054498293387382296,0.4996766448020935,0.1538225544624656,0.01214246031910976,11,11.5
student_kdM1_s2,test_w24-27,ge5,near,,96204,11977,0.9002120493950355,0.8340709497610671,0.8419914215994498,0.7652166652751107,0.7727242020950116,0.870118501003269,0.6704516990899223,0.7997802953977869,0.054498293387382296,0.4996766448020935,0.1538225544624656,0.01214246031910976,11,11.5
student_kdM1_s2,test_w24-27,ge5,far,,96204,77794,0.9002120493950355,0.8340709497610671,0.757678713707269,0.8767514204180271,0.7001934820440048,0.7840210806834476,0.8197418824073835,0.7260215215662065,0.054498293387382296,0.4996766448020935,0.1538225544624656,0.01214246031910976,11,11.5
student_kdM1_s2,test_w28-31,all,all,,100000,100000,0.86833,0.7692564794407878,0.74959662755,0.87343,0.6711577018999999,0.7784015115,0.81367,0.6979859172999999,0.07481939758867026,0.7482214570045471,0.2044995844587603,0.020095449827475107,11,15.5
student_kdM1_s2,test_w28-31,all,near,,100000,15990,0.86833,0.7692564794407878,0.822045464040025,0.7799874921826141,0.7311369943714822,0.8444665484677923,0.7153220762976861,0.7526908161350845,0.07481939758867026,0.7482214570045471,0.2044995844587603,0.020095449827475107,11,15.5
student_kdM1_s2,test_w28-31,all,far,,100000,84010,0.86833,0.7692564794407878,0.7358071156409951,0.8912153315081538,0.659741574217355,0.7658270567789549,0.8323890013093679,0.687573688608499,0.07481939758867026,0.7482214570045471,0.2044995844587603,0.020095449827475107,11,15.5
student_kdM1_s2,test_w28-31,ge5,all,,95576,94669,0.87682054072152,0.7757353882973609,0.7573449753531608,0.8743939409944121,0.6857259751468117,0.7885392717665409,0.8135292439975071,0.7153649969335433,0.07038252260665355,0.694241464138031,0.19109577931884703,0.017668740021386634,11,15.5
student_kdM1_s2,test_w28-31,ge5,near,,95576,15420,0.87682054072152,0.7757353882973609,0.8286405426930465,0.7859273670557717,0.7451476925432767,0.8543248522142273,0.717833981841764,0.7701084872855545,0.07038252260665355,0.694241464138031,0.19109577931884703,0.017668740021386634,11,15.5
student_kdM1_s2,test_w28-31,ge5,far,,95576,79249,0.87682054072152,0.7757353882973609,0.7434725271408043,0.8916074650784237,0.6741639001395121,0.775738938002035,0.832149301568474,0.7047131953811197,0.07038252260665355,0.694241464138031,0.19109577931884703,0.017668740021386634,11,15.5
student_kdM1_s2,test_w32-35,all,all,,100000,100000,0.84366,0.7346069152492205,0.74144044425,0.88377,0.6515954682,0.7634996818,0.839,0.6718416138000001,0.0920393487878144,0.9538068175315857,0.24540122656174107,0.028482325451155015,11,19.5
student_kdM1_s2,test_w32-35,all,near,,100000,16559,0.84366,0.7346069152492205,0.8208393127604324,0.7938885198381544,0.7144911504317893,0.8400433915091491,0.7496829518690742,0.7330827356724441,0.0920393487878144,0.9538068175315857,0.24540122656174107,0.028482325451155015,11,19.5
student_kdM1_s2,test_w32-35,all,far,,100000,83441,0.84366,0.7346069152492205,0.7256836117136658,0.9016071235963136,0.6391137193945424,0.7483094600975541,0.8567251111563859,0.6596882151460313,0.0920393487878144,0.9538068175315857,0.24540122656174107,0.028482325451155015,11,19.5
student_kdM1_s2,test_w32-35,ge5,all,,95262,94615,0.8536142428250509,0.7399462686615677,0.7470261262948603,0.8828092797125191,0.6656259953961619,0.772234707964272,0.8398456904296359,0.6895484686548771,0.08597134802253417,0.8823114037513733,0.22963383993605607,0.02535249255841593,11,19.5
student_kdM1_s2,test_w32-35,ge5,near,,95262,16006,0.8536142428250509,0.7399462686615677,0.8255422372459459,0.7957640884668249,0.7284649445966697,0.848725152059181,0.7535299262776459,0.7511115211768714,0.08597134802253417,0.8823114037513733,0.22963383993605607,0.02535249255841593,11,19.5
student_kdM1_s2,test_w32-35,ge5,far,,95262,78609,0.8536142428250509,0.7399462686615677,0.731039039932191,0.9005330178478291,0.6528310200001723,0.7566600784920346,0.8574209060031294,0.6770132854230966,0.08597134802253417,0.8823114037513733,0.22963383993605607,0.02535249255841593,11,19.5
student_kdM1_s2,test_w36-39,all,all,,100000,100000,0.82138,0.7157228273528408,0.7232681410499999,0.8873,0.6191469506,0.73235947695,0.87088,0.6291425797,0.10985947167687114,1.0666013956069946,0.281670265433121,0.03602712599337275,11,23.5
student_kdM1_s2,test_w36-39,all,near,,100000,12548,0.82138,0.7157228273528408,0.8200627354956966,0.7836308575071724,0.6941834921899904,0.834188307698438,0.7759802358941664,0.7092806949314632,0.10985947167687114,1.0666013956069946,0.281670265433121,0.03602712599337275,11,23.5
student_kdM1_s2,test_w36-39,all,far,,100000,87452,0.82138,0.7157228273528408,0.7093796242510177,0.9021749073777615,0.6083803755202855,0.7177486256460687,0.8844966381557883,0.6176440082559574,0.10985947167687114,1.0666013956069946,0.281670265433121,0.03602712599337275,11,23.5
student_kdM1_s2,test_w36-39,ge5,all,,95184,91735,0.8336695242897966,0.7213536682667891,0.7383841061020638,0.8835994985556221,0.6425375161355671,0.7516989472607241,0.8692974328228048,0.6575828019571125,0.10278062512274662,0.9863542318344116,0.2630007091849026,0.032326413835456216,11,23.5
student_kdM1_s2,test_w36-39,ge5,near,,95184,12085,0.8336695242897966,0.7213536682667891,0.8262994868880311,0.786181216383947,0.7114000317343676,0.8436756184463541,0.78113363673976,0.7300533772690543,0.10278062512274662,0.9863542318344116,0.2630007091849026,0.032326413835456216,11,23.5
student_kdM1_s2,test_w36-39,ge5,far,,95184,79650,0.8336695242897966,0.7213536682667891,0.7250450304360447,0.8983804143126177,0.6320892612578332,0.7377436670186859,0.8826741996233521,0.6465871095196384,0.10278062512274662,0.9863542318344116,0.2630007091849026,0.032326413835456216,11,23.5
student_kdM1_s2,test_w40-43,all,all,,100000,100000,0.8158,0.705976490863593,0.7270943341,0.88356,0.6163512821000002,0.7378306349999999,0.87157,0.6284277475,0.11581675812043246,1.1326251029968262,0.29319600881300156,0.03838524776378847,11,27.5
student_kdM1_s2,test_w40-43,all,near,,100000,10904,0.8158,0.705976490863593,0.810898033749083,0.7996148202494497,0.6814905190755687,0.825193549156273,0.7956713132795304,0.6975250843727072,0.11581675812043246,1.1326251029968262,0.29319600881300156,0.03838524776378847,11,27.5
student_kdM1_s2,test_w40-43,all,far,,100000,89096,0.8158,0.705976490863593,0.7168380314492233,0.8938336176708269,0.6083792267890814,0.7271387384394361,0.8808588488821048,0.6199712807533447,0.11581675812043246,1.1326251029968262,0.29319600881300156,0.03838524776378847,11,27.5
student_kdM1_s2,test_w40-43,ge5,all,,95288,93977,0.8266308454369911,0.7119767380463747,0.7357061333456724,0.8816838162529129,0.6331605064424817,0.7492478595227189,0.8707449695138172,0.6487271521314179,0.10967890331555255,1.052992582321167,0.27614562727751424,0.03462830289818245,11,27.5
student_kdM1_s2,test_w40-43,ge5,near,,95288,10557,0.8266308454369911,0.7119767380463747,0.8157709237881373,0.8025954343089893,0.6961251501428369,0.832326046147556,0.7982381358340438,0.7148457173772003,0.10967890331555255,1.052992582321167,0.27614562727751424,0.03462830289818245,11,27.5
student_kdM1_s2,test_w40-43,ge5,far,,95288,83420,0.8266308454369911,0.7119767380463747,0.7255737431190947,0.8916926396547591,0.625192180578844,0.7387341168207481,0.8799208822824263,0.6403596899724665,0.10967890331555255,1.052992582321167,0.27614562727751424,0.03462830289818245,11,27.5
student_kdM1_s2,test_w44-47,all,all,,100000,100000,0.79096,0.6767147434116823,0.6987779476999999,0.90156,0.5811609701000001,0.7117440416499999,0.89444,0.5950073091,0.13394326663017275,1.4036515951156616,0.3345658822912322,0.04943000948289891,11,31.5
student_kdM1_s2,test_w44-47,all,near,,100000,10628,0.79096,0.6767147434116823,0.7928552516936395,0.8364697026721867,0.6516674313135115,0.8099724778885962,0.8294128716597666,0.6704029384644336,0.13394326663017275,1.4036515951156616,0.3345658822912322,0.04943000948289891,11,31.5
student_kdM1_s2,test_w44-47,all,far,,100000,89372,0.79096,0.6767147434116823,0.6875903991742379,0.9093004520431455,0.5727764350132032,0.700062845969655,0.9021729400707157,0.5860413606051113,0.13394326663017275,1.4036515951156616,0.3345658822912322,0.04943000948289891,11,31.5
student_kdM1_s2,test_w44-47,ge5,all,,94936,92436,0.8016137187157664,0.6831977223346892,0.7102704684897909,0.9000930373447574,0.5997236514764883,0.724944173964864,0.8934397853650093,0.6163434699398492,0.1271418464132513,1.312983512878418,0.3171983615893603,0.04502217149048133,11,31.5
student_kdM1_s2,test_w44-47,ge5,near,,94936,10310,0.8016137187157664,0.6831977223346892,0.7948006072108449,0.8421920465567411,0.6639110276711404,0.8135562228169518,0.8369544131910767,0.6848591142354763,0.1271418464132513,1.312983512878418,0.3171983615893603,0.04502217149048133,11,31.5
student_kdM1_s2,test_w44-47,ge5,far,,94936,82126,0.8016137187157664,0.6831977223346892,0.6996586557847516,0.9073618586075055,0.5916656448943236,0.7138199231348584,0.900530891556876,0.6077420977472682,0.1271418464132513,1.312983512878418,0.3171983615893603,0.04502217149048133,11,31.5
student_kdM1_s2,test_w48-51,all,all,,100000,100000,0.78276,0.6743938573447023,0.69740251285,0.90988,0.5766341491999999,0.71211853615,0.90128,0.5924140717,0.1416437886270881,1.5348312854766846,0.3510165938531683,0.05300188048463544,11,35.333333333333336
student_kdM1_s2,test_w48-51,all,near,,100000,10972,0.78276,0.6743938573447023,0.7964889290922348,0.8348523514400291,0.6491276476485601,0.8145388757746993,0.8205432008749545,0.668807760663507,0.1416437886270881,1.5348312854766846,0.3510165938531683,0.05300188048463544,11,35.333333333333336
student_kdM1_s2,test_w48-51,all,far,,100000,89028,0.78276,0.6743938573447023,0.6851908922473828,0.9191265669227658,0.5676998963247518,0.6994960357415645,0.9112301747764748,0.582999151053601,0.1416437886270881,1.5348312854766846,0.3510165938531683,0.05300188048463544,11,35.333333333333336
student_kdM1_s2,test_w48-51,ge5,all,,94668,93780,0.7945451472514472,0.6815730145043136,0.7034648611885049,0.9104499893367456,0.591993102171531,0.7197270129146622,0.9018234165067178,0.6107317679863268,0.13394517673480702,1.4176939725875854,0.3320907300255705,0.04794838644285141,11,35.333333333333336
student_kdM1_s2,test_w48-51,ge5,near,,94668,10675,0.7945451472514472,0.6815730145043136,0.7973379924358357,0.8400936768149883,0.661660629050084,0.8167301222494904,0.8257611241217798,0.6834702516146902,0.13394517673480702,1.4176939725875854,0.3320907300255705,0.04794838644285141,11,35.333333333333336
student_kdM1_s2,test_w48-51,ge5,far,,94668,83105,0.7945451472514472,0.6815730145043136,0.6914066736418442,0.9194873954635702,0.5830441719094702,0.7072667735530198,0.9115937669213645,0.6013883673156958,0.13394517673480702,1.4176939725875854,0.3320907300255705,0.04794838644285141,11,35.333333333333336
student_hardA_s0,val,all,all,,200000,53779,0.940925,0.9138023936752117,0.7404539436861972,0.8860707711188383,0.702843653935551,0.857104156036743,0.6586771788244482,0.8137494786068911,0.00813276969462631,0.2291473001241684,0.08609484315928588,0.004806968111190149,11,1.0
student_hardA_s0,val,all,near,,200000,10959,0.940925,0.9138023936752117,0.692495459211607,0.8479788301852359,0.6583635596313533,0.734909825029656,0.8437813669130395,0.7023170006387445,0.00813276969462631,0.2291473001241684,0.08609484315928588,0.004806968111190149,11,1.0
student_hardA_s0,val,all,far,,200000,42820,0.940925,0.9138023936752117,0.7527280453059318,0.8958197104156936,0.7142275248715554,0.888377572045773,0.6113031293787949,0.8422685941148995,0.00813276969462631,0.2291473001241684,0.08609484315928588,0.004806968111190149,11,1.0
student_hardA_s0,val,ge5,all,,191366,52270,0.9500799515065372,0.9246548370911452,0.7432641130418215,0.8857088195905873,0.712890924493331,0.8648144849242827,0.6602066194757987,0.8294998207294177,0.006543057301539924,0.1911637932062149,0.07358784976424042,0.003788685308772683,11,1.0
student_hardA_s0,val,ge5,near,,191366,10483,0.9500799515065372,0.9246548370911452,0.7000810673588906,0.8445101593055423,0.6723552259683564,0.7474151555643888,0.8424115234188686,0.7217072490361893,0.006543057301539924,0.1911637932062149,0.07358784976424042,0.003788685308772683,11,1.0
student_hardA_s0,val,ge5,far,,191366,41787,0.9500799515065372,0.9246548370911452,0.7540973355247507,0.8960442242802785,0.7230600136272077,0.8942661605573687,0.6144973317060329,0.856541473134714,0.006543057301539924,0.1911637932062149,0.07358784976424042,0.003788685308772683,11,1.0
student_hardA_s0,test_w16-19,all,all,,100000,100000,0.9316,0.9016562620615,0.6937848526,0.89426,0.6534164838000001,0.7749668866999999,0.73621,0.7316047872,0.013785402268990863,0.32090944051742554,0.10056961105551031,0.006753437201200245,11,3.5
student_hardA_s0,test_w16-19,all,near,,100000,11980,0.9316,0.9016562620615,0.7419691974123539,0.8790484140233723,0.6974760959933222,0.8445043898163607,0.7145242070116862,0.7950711544240401,0.013785402268990863,0.32090944051742554,0.10056961105551031,0.006753437201200245,11,3.5
student_hardA_s0,test_w16-19,all,far,,100000,88020,0.9316,0.9016562620615,0.6872267016019087,0.8963303794592138,0.6474197313110656,0.7655024548966144,0.7391615541922291,0.7229666699613724,0.013785402268990863,0.32090944051742554,0.10056961105551031,0.006753437201200245,11,3.5
student_hardA_s0,test_w16-19,ge5,all,,96085,89545,0.9396159650309621,0.9095846666052839,0.7180452862343132,0.8880562845496678,0.6823856263171649,0.8071435695705068,0.7131051426656988,0.7686471143468826,0.011911644088063144,0.28772681951522827,0.08957773929877076,0.00569225608497734,11,3.5
student_hardA_s0,test_w16-19,ge5,near,,96085,11402,0.9396159650309621,0.9095846666052839,0.7489974827238538,0.8766005963865988,0.7109041414821228,0.8592762045409112,0.7105770917382915,0.8164311199528913,0.011911644088063144,0.28772681951522827,0.08957773929877076,0.00569225608497734,11,3.5
student_hardA_s0,test_w16-19,ge5,far,,96085,78143,0.9396159650309621,0.9095846666052839,0.7135289899010047,0.8897278067133333,0.6782244332491889,0.7995367934813811,0.7134740155868088,0.7616748553867746,0.011911644088063144,0.28772681951522827,0.08957773929877076,0.00569225608497734,11,3.5
student_hardA_s0,test_w20-23,all,all,,100000,100000,0.91887,0.8742740790654907,0.69041227745,0.89623,0.6427857988,0.77218916495,0.7339,0.7206099600999999,0.020942888009101122,0.3987393081188202,0.12061232735954747,0.009309956115119358,11,7.5
student_hardA_s0,test_w20-23,all,near,,100000,13417,0.91887,0.8742740790654907,0.7276535913393456,0.8825370798241038,0.6764954021018111,0.8414132138331967,0.721994484609078,0.783435263471715,0.020942888009101122,0.3987393081188202,0.12061232735954747,0.009309956115119358,11,7.5
student_hardA_s0,test_w20-23,all,far,,100000,86583,0.91887,0.8742740790654907,0.6846413211600431,0.898351870459559,0.6375621203931487,0.761462127727152,0.735744892184378,0.7108744797477564,0.020942888009101122,0.3987393081188202,0.12061232735954747,0.009309956115119358,11,7.5
student_hardA_s0,test_w20-23,ge5,all,,95941,89776,0.9263922619109661,0.8810432566473406,0.7151659205278041,0.8903381750133667,0.6716654129226864,0.8062428203332526,0.7128074318303332,0.7586041243377182,0.0198906480787959,0.37380245327949524,0.11051292438909438,0.008038142366807721,11,7.5
student_hardA_s0,test_w20-23,ge5,near,,95941,12762,0.9263922619109661,0.8810432566473406,0.7320902669409308,0.8806613383482212,0.6871136526093427,0.8557964593703105,0.7205767121140887,0.803836126327188,0.0198906480787959,0.37380245327949524,0.11051292438909438,0.008038142366807721,11,7.5
student_hardA_s0,test_w20-23,ge5,far,,95941,77014,0.9263922619109661,0.8810432566473406,0.7123613848729319,0.8919417248811904,0.6691054831062752,0.7980312803354479,0.7115199833796453,0.7511087233795856,0.0198906480787959,0.37380245327949524,0.11051292438909438,0.008038142366807721,11,7.5
student_hardA_s0,test_w24-27,all,all,,100000,100000,0.90284,0.8369208755372839,0.6934278263000001,0.91359,0.6374023444000001,0.7621544146000001,0.76516,0.7026071616999999,0.02989867967709898,0.48642706871032715,0.1438372457868928,0.012133606838709673,11,11.5
student_hardA_s0,test_w24-27,all,near,,100000,12494,0.90284,0.8369208755372839,0.7226369741475909,0.9195613894669441,0.6633736169361294,0.839577447975028,0.7613254362093805,0.7713972642868577,0.02989867967709898,0.48642706871032715,0.1438372457868928,0.012133606838709673,11,11.5
student_hardA_s0,test_w24-27,all,far,,100000,87506,0.90284,0.8369208755372839,0.6892573797796723,0.9127374122917286,0.6336941977692959,0.7511000482824035,0.765707494343245,0.6927853947157908,0.02989867967709898,0.48642706871032715,0.1438372457868928,0.012133606838709673,11,11.5
student_hardA_s0,test_w24-27,ge5,all,,96204,89771,0.9089954679639101,0.8417290698663885,0.7182888700171056,0.9093359770972809,0.6648402926967414,0.7962613751006672,0.7467556337792829,0.7390096434632424,0.02879140023527006,0.4602067470550537,0.13505634768279343,0.01089603675411007,11,11.5
student_hardA_s0,test_w24-27,ge5,near,,96204,11977,0.9089954679639101,0.8417290698663885,0.7275347298244744,0.9210987726475746,0.6731846425938546,0.8530958899412584,0.7618769307840026,0.789743539086202,0.02879140023527006,0.4602067470550537,0.13505634768279343,0.01089603675411007,11,11.5
student_hardA_s0,test_w24-27,ge5,far,,96204,77794,0.9089954679639101,0.8417290698663885,0.7168653969611779,0.9075250019281693,0.6635556142033137,0.7875112531857924,0.7444275908167725,0.7311987600033847,0.02879140023527006,0.4602067470550537,0.13505634768279343,0.01089603675411007,11,11.5
student_hardA_s0,test_w28-31,all,all,,100000,100000,0.87791,0.7752614560945054,0.70438342275,0.91316,0.6321347776,0.77171101725,0.80604,0.6952531845,0.03975315903231498,0.6827005743980408,0.1773434940059192,0.01745694876288565,11,15.5
student_hardA_s0,test_w28-31,all,near,,100000,15990,0.87791,0.7752614560945054,0.7147271119449657,0.9332082551594747,0.6413090381488431,0.8211799771732332,0.8061288305190745,0.7377358267667291,0.03975315903231498,0.6827005743980408,0.1773434940059192,0.01745694876288565,11,15.5
student_hardA_s0,test_w28-31,all,far,,100000,84010,0.87791,0.7752614560945054,0.7024146620045233,0.9093441256993215,0.6303885994524461,0.7622953682894893,0.8060230924889894,0.6871672727056304,0.03975315903231498,0.6827005743980408,0.1773434940059192,0.01745694876288565,11,15.5
student_hardA_s0,test_w28-31,ge5,all,,95576,94669,0.8841968695069892,0.7801911830524972,0.7069413534193731,0.9134035428704222,0.6402562221738722,0.780605525708172,0.8007478688905555,0.7093510021550701,0.038334967793493435,0.6536545753479004,0.16796613839665303,0.015887292913158116,11,15.5
student_hardA_s0,test_w28-31,ge5,near,,95576,15420,0.8841968695069892,0.7801911830524972,0.7156147627323316,0.9343709468223087,0.6479896788257518,0.8307546889298248,0.8053177691309987,0.7527038349065919,0.038334967793493435,0.6536545753479004,0.16796613839665303,0.015887292913158116,11,15.5
student_hardA_s0,test_w28-31,ge5,far,,95576,79249,0.8841968695069892,0.7801911830524972,0.7052537110313831,0.909323776956176,0.6387514725672908,0.7708476726516299,0.799858673295562,0.7009155558904047,0.038334967793493435,0.6536545753479004,0.16796613839665303,0.015887292913158116,11,15.5
student_hardA_s0,test_w32-35,all,all,,100000,100000,0.85051,0.7409070240371711,0.700595384,0.91192,0.6142074279,0.7598552414499999,0.80691,0.6679886399,0.057924578512981564,0.8623384237289429,0.2235661063942632,0.027693885013662347,11,19.5
student_hardA_s0,test_w32-35,all,near,,100000,16559,0.85051,0.7409070240371711,0.7184956039012017,0.9345974998490247,0.6294805459266865,0.8179614668760191,0.8221510960806812,0.7167199800712604,0.057924578512981564,0.8623384237289429,0.2235661063942632,0.027693885013662347,11,19.5
student_hardA_s0,test_w32-35,all,far,,100000,83441,0.85051,0.7409070240371711,0.6970430567107297,0.9074196138588944,0.6111764531824884,0.7483239680133268,0.8038853800889251,0.6583178274469386,0.057924578512981564,0.8623384237289429,0.2235661063942632,0.027693885013662347,11,19.5
student_hardA_s0,test_w32-35,ge5,all,,95262,94615,0.8581071151141063,0.7453141442514248,0.7028703575247246,0.9121386672303546,0.6223685097338301,0.7683638838057874,0.8024097658933573,0.6830402652377682,0.05469159241702781,0.8197802305221558,0.2117368471302273,0.025423185660409114,11,19.5
student_hardA_s0,test_w32-35,ge5,near,,95262,16006,0.8581071151141063,0.7453141442514248,0.7187101450506059,0.9368986630013745,0.636031170870601,0.8265278972706203,0.8243783581157066,0.7322539457940302,0.05469159241702781,0.8197802305221558,0.2117368471302273,0.025423185660409114,11,19.5
student_hardA_s0,test_w32-35,ge5,far,,95262,78609,0.8581071151141063,0.7453141442514248,0.699645133451918,0.9070971517256294,0.6195865820390984,0.7565207971424521,0.7979366230329861,0.6730196038506049,0.05469159241702781,0.8197802305221558,0.2117368471302273,0.025423185660409114,11,19.5
student_hardA_s0,test_w36-39,all,all,,100000,100000,0.83325,0.7267642663574477,0.6713243841000001,0.92146,0.578021953,0.7242730782,0.80943,0.6250425910999999,0.07071072140097617,0.8894439935684204,0.2520561270776071,0.03717727944956167,11,23.5
student_hardA_s0,test_w36-39,all,near,,100000,12548,0.83325,0.7267642663574477,0.7200641711826586,0.9209435766656041,0.6178529558495378,0.8130043249920306,0.7927159706726171,0.6983818034746574,0.07071072140097617,0.8894439935684204,0.2520561270776071,0.03717727944956167,11,23.5
student_hardA_s0,test_w36-39,all,far,,100000,87452,0.83325,0.7267642663574477,0.6643309837396514,0.9215340987055757,0.5723068244294013,0.711541526208663,0.8118282028998764,0.6145195563280429,0.07071072140097617,0.8894439935684204,0.2520561270776071,0.03717727944956167,11,23.5
student_hardA_s0,test_w36-39,ge5,all,,95184,91735,0.8436396873424105,0.7323606804275251,0.6860456156494829,0.9199324140186407,0.5976518674434625,0.7461760479303637,0.8008066713904181,0.6539785575696503,0.06467342499523332,0.8351738452911377,0.23579783848813735,0.03415449850400431,11,23.5
student_hardA_s0,test_w36-39,ge5,near,,95184,12085,0.8436396873424105,0.7323606804275251,0.7237338757524742,0.9237898220935044,0.6289566368608416,0.8231234855671915,0.7947041787339677,0.7179347078077046,0.06467342499523332,0.8351738452911377,0.23579783848813735,0.03415449850400431,11,23.5
student_hardA_s0,test_w36-39,ge5,far,,95184,79650,0.8436396873424105,0.7323606804275251,0.6803273152936179,0.9193471437539235,0.5929021105268395,0.7345010977252029,0.8017325800376648,0.6442747273671785,0.06467342499523332,0.8351738452911377,0.23579783848813735,0.03415449850400431,11,23.5
student_hardA_s0,test_w40-43,all,all,,100000,100000,0.8266,0.7250902301483271,0.6766577842500001,0.91803,0.5770225399,0.72483844685,0.81236,0.6208922773000001,0.0740099177081883,0.935146152973175,0.260449468761349,0.03964396846552868,11,27.5
student_hardA_s0,test_w40-43,all,near,,100000,10904,0.8266,0.7250902301483271,0.7143899807410126,0.9252567865003668,0.607748791269259,0.8076996615920762,0.800531914893617,0.6890188398752752,0.0740099177081883,0.935146152973175,0.260449468761349,0.03964396846552868,11,27.5
student_hardA_s0,test_w40-43,all,far,,100000,89096,0.8266,0.7250902301483271,0.6720399352945138,0.9171455508664811,0.5732621124405136,0.7146974900668941,0.8138075783424621,0.6125546186136303,0.0740099177081883,0.935146152973175,0.260449468761349,0.03964396846552868,11,27.5
student_hardA_s0,test_w40-43,ge5,all,,95288,93977,0.8362647972462429,0.7322491842204129,0.6813659797011676,0.9186822307585899,0.5880346646631743,0.734466309357654,0.8074528874086213,0.6387502637478002,0.06944433313550245,0.8827434778213501,0.24630095993788442,0.03683756367239096,11,27.5
student_hardA_s0,test_w40-43,ge5,near,,95288,10557,0.8362647972462429,0.7322491842204129,0.7146176292369602,0.9289570900824098,0.6154987966186366,0.8149674443424837,0.8025007104290992,0.705479447411216,0.06944433313550245,0.8827434778213501,0.24630095993788442,0.03683756367239096,11,27.5
student_hardA_s0,test_w40-43,ge5,far,,95288,83420,0.8362647972462429,0.7322491842204129,0.6771579041299693,0.9173819228002877,0.5845590132480002,0.7242786986883318,0.8080795972188923,0.6303055263714554,0.06944433313550245,0.8827434778213501,0.24630095993788442,0.03683756367239096,11,27.5
student_hardA_s0,test_w44-47,all,all,,100000,100000,0.80141,0.6896410095472715,0.6519179167999999,0.92754,0.5438237756,0.6968921387,0.84793,0.5865277917000001,0.0892348390838504,1.163906455039978,0.29880903173745965,0.05038075251546946,11,31.5
student_hardA_s0,test_w44-47,all,near,,100000,10628,0.80141,0.6896410095472715,0.6984906026533686,0.9393112532931878,0.5807040073391042,0.7809811582611967,0.8348701543093715,0.6536677380504329,0.0892348390838504,1.163906455039978,0.29880903173745965,0.05038075251546946,11,31.5
student_hardA_s0,test_w44-47,all,far,,100000,89372,0.80141,0.6896410095472715,0.6463795546144205,0.9261401781318533,0.5394380272344805,0.6868923837443495,0.8494830595712304,0.5785435981067897,0.0892348390838504,1.163906455039978,0.29880903173745965,0.05038075251546946,11,31.5
student_hardA_s0,test_w44-47,ge5,all,,94936,92436,0.8103459172495154,0.6964121957044992,0.6574205352065967,0.9268899562940845,0.55502448574095,0.7088653887513382,0.8428209788394132,0.6055911552046753,0.08484099023152411,1.1088814735412598,0.28480185891040777,0.04664578320768632,11,31.5
student_hardA_s0,test_w44-47,ge5,near,,94936,10310,0.8103459172495154,0.6964121957044992,0.6957522386616555,0.942192046556741,0.5858248023253523,0.7842795145182089,0.838894277400582,0.6663835372027034,0.08484099023152411,1.1088814735412598,0.28480185891040777,0.04664578320768632,11,31.5
student_hardA_s0,test_w44-47,ge5,far,,94936,82126,0.8103459172495154,0.6964121957044992,0.6526084189142938,0.9249689501497699,0.551157850765605,0.6993979894300946,0.8433139322504445,0.5979593521410941,0.08484099023152411,1.1088814735412598,0.28480185891040777,0.04664578320768632,11,31.5
student_hardA_s0,test_w48-51,all,all,,100000,100000,0.79415,0.6809144869903201,0.6473503259000001,0.93277,0.5384556318,0.7006075913500001,0.85822,0.5875132591,0.09770367087200285,1.2713981866836548,0.3124120999280179,0.05300725322849846,11,35.333333333333336
student_hardA_s0,test_w48-51,all,near,,100000,10972,0.79415,0.6809144869903201,0.6899077351440029,0.9510572366022603,0.5720339464090411,0.7917626576740795,0.8505286183011301,0.65951834396646,0.09770367087200285,1.2713981866836548,0.3124120999280179,0.05300725322849846,11,35.333333333333336
student_hardA_s0,test_w48-51,all,far,,100000,89028,0.79415,0.6809144869903201,0.6421054603046232,0.930516242081143,0.5343173689176439,0.6893734471739228,0.8591679022330053,0.5786391993530124,0.09770367087200285,1.2713981866836548,0.3124120999280179,0.05300725322849846,11,35.333333333333336
student_hardA_s0,test_w48-51,ge5,all,,94668,93780,0.8042210673089112,0.687868551898851,0.646649253813687,0.9328108338664961,0.5457968472694052,0.7057401635701869,0.8558008104073364,0.6024129343721768,0.09156005454706195,1.197381615638733,0.29447525615032666,0.04793726085353289,11,35.333333333333336
student_hardA_s0,test_w48-51,ge5,near,,94668,10675,0.8042210673089112,0.687868551898851,0.6850320587891577,0.9530679156908665,0.5765444013438211,0.7936705933191495,0.8550819672131148,0.6725344561726825,0.09156005454706195,1.197381615638733,0.29447525615032666,0.04793726085353289,11,35.333333333333336
student_hardA_s0,test_w48-51,ge5,far,,94668,83105,0.8042210673089112,0.687868551898851,0.6417189073470104,0.9302087720353769,0.5418472637335845,0.6944453276689753,0.855893147223392,0.5934056875733031,0.09156005454706195,1.197381615638733,0.29447525615032666,0.04793726085353289,11,35.333333333333336
student_hardA_s1,val,all,all,,200000,53779,0.93956,0.9111250692195534,0.7340098839695792,0.8899012625746109,0.6957829645400622,0.851510232339761,0.6900463006006062,0.807794298703955,0.007860755450204026,0.23031121492385864,0.08757061953660741,0.004824784411484758,11,1.0
student_hardA_s1,val,all,near,,200000,10959,0.93956,0.9111250692195534,0.6733210176567204,0.8801897983392646,0.6394992252942786,0.726766509489917,0.8461538461538461,0.6942102043982116,0.007860755450204026,0.23031121492385864,0.08757061953660741,0.004824784411484758,11,1.0
student_hardA_s1,val,all,far,,200000,42820,0.93956,0.9111250692195534,0.7495420952241943,0.8923867351704811,0.7101877636618403,0.8834361188113031,0.6500934142923868,0.8368640812704344,0.007860755450204026,0.23031121492385864,0.08757061953660741,0.004824784411484758,11,1.0
student_hardA_s1,val,ge5,all,,191366,52270,0.9485384028510812,0.9216187344192908,0.7372673536086027,0.8908934379185001,0.7061565876165035,0.8591154546797692,0.6918500095657165,0.8232502049381498,0.006640519763552826,0.1918327957391739,0.07507377735904851,0.0037748205036454417,11,1.0
student_hardA_s1,val,ge5,near,,191366,10483,0.9485384028510812,0.9216187344192908,0.6810321277655201,0.880854717161118,0.6535334172865717,0.739058674621291,0.8441285891443289,0.7132258305141514,0.006640519763552826,0.1918327957391739,0.07507377735904851,0.0037748205036454417,11,1.0
student_hardA_s1,val,ge5,far,,191366,41787,0.9485384028510812,0.9216187344192908,0.7513749438283608,0.8934118266446502,0.719358030519049,0.8892337983118324,0.6536482638141049,0.8508517441031239,0.006640519763552826,0.1918327957391739,0.07507377735904851,0.0037748205036454417,11,1.0
student_hardA_s1,test_w16-19,all,all,,100000,100000,0.93099,0.8999713526070156,0.6858836344499999,0.88773,0.6448319557000002,0.77347169535,0.73216,0.7294548824999998,0.012510467184931064,0.30164727568626404,0.10162625400137242,0.006576249574669998,11,3.5
student_hardA_s1,test_w16-19,all,near,,100000,11980,0.93099,0.8999713526070156,0.7496139365609349,0.8792153589315526,0.7031086677796327,0.8401385997495827,0.7222036727879799,0.790322756260434,0.012510467184931064,0.30164727568626404,0.10162625400137242,0.006576249574669998,11,3.5
student_hardA_s1,test_w16-19,all,far,,100000,88020,0.93099,0.8999713526070156,0.6772095942399454,0.8888888888888888,0.6369001787093843,0.7643979676209952,0.7335151102022268,0.721170434333106,0.012510467184931064,0.30164727568626404,0.10162625400137242,0.006576249574669998,11,3.5
student_hardA_s1,test_w16-19,ge5,all,,96085,89545,0.9387209241817142,0.9075920815362047,0.7122492654832991,0.8839689541571277,0.6758973962405492,0.809011321635578,0.7137640292590318,0.769421226755317,0.01105559176713089,0.2699706256389618,0.09072780836213418,0.005494499369650207,11,3.5
student_hardA_s1,test_w16-19,ge5,near,,96085,11402,0.9387209241817142,0.9075920815362047,0.7621605542116832,0.876249780740221,0.7216717346782197,0.8558886501974143,0.7206630415716541,0.8122608270243824,0.01105559176713089,0.2699706256389618,0.09072780836213418,0.005494499369650207,11,3.5
student_hardA_s1,test_w16-19,ge5,far,,96085,78143,0.9387209241817142,0.9075920815362047,0.7049666104267871,0.8850952740488591,0.6692183717998917,0.8021713577199099,0.7127573806994868,0.7631704157771375,0.01105559176713089,0.2699706256389618,0.09072780836213418,0.005494499369650207,11,3.5
student_hardA_s1,test_w20-23,all,all,,100000,100000,0.91799,0.8773411828516468,0.6837940946000001,0.89414,0.6351147092999999,0.76696274475,0.74157,0.7146327156,0.01791553707033393,0.36165985465049744,0.12146337934191834,0.009074379917110688,11,7.5
student_hardA_s1,test_w20-23,all,near,,100000,13417,0.91799,0.8773411828516468,0.7461227193113216,0.8920026831631512,0.6911879950808675,0.834598769471566,0.763583513453082,0.7761745442349257,0.01791553707033393,0.36165985465049744,0.12146337934191834,0.009074379917110688,11,7.5
student_hardA_s1,test_w20-23,all,far,,100000,86583,0.91799,0.8773411828516468,0.6741355801369784,0.8944712010440848,0.6264255292609404,0.7564817895545315,0.7381587609576937,0.7050961239504291,0.01791553707033393,0.36165985465049744,0.12146337934191834,0.009074379917110688,11,7.5
student_hardA_s1,test_w20-23,ge5,all,,95941,89776,0.9253916469496878,0.8839480211445518,0.7106608946336022,0.8901042594902869,0.6659542801871726,0.8034663972643913,0.7239462662626983,0.7548598236207333,0.017180623344271687,0.33471354842185974,0.11112063956676006,0.007764030011821535,11,7.5
student_hardA_s1,test_w20-23,ge5,near,,95941,12762,0.9253916469496878,0.8839480211445518,0.7568590273366124,0.888810531264692,0.7075741259849827,0.8495222434190699,0.7593637360915217,0.796950524729339,0.017180623344271687,0.33471354842185974,0.11112063956676006,0.007764030011821535,11,7.5
student_hardA_s1,test_w20-23,ge5,far,,95941,77014,0.9253916469496878,0.8839480211445518,0.7030053960287275,0.8903186433635443,0.6590574501034002,0.7958344769820269,0.7180772327109357,0.7478849680419033,0.017180623344271687,0.33471354842185974,0.11112063956676006,0.007764030011821535,11,7.5
student_hardA_s1,test_w24-27,all,all,,100000,100000,0.90655,0.8482667663270561,0.6829733626499999,0.89527,0.628074964,0.7597680973999998,0.75696,0.7013615216000001,0.024631454800367346,0.43926069140434265,0.1385115282048195,0.011364604251705289,11,11.5
student_hardA_s1,test_w24-27,all,near,,100000,12494,0.90655,0.8482667663270561,0.7401750540259324,0.8885064831118937,0.6787437834160397,0.8370162998239155,0.7493196734432528,0.7703534312469986,0.024631454800367346,0.43926069140434265,0.1385115282048195,0.011364604251705289,11,11.5
student_hardA_s1,test_w24-27,all,far,,100000,87506,0.90655,0.8482667663270561,0.6748061748908647,0.8962356866957695,0.6208405317349668,0.7487386932324641,0.758050876511325,0.6915109408497704,0.024631454800367346,0.43926069140434265,0.1385115282048195,0.011364604251705289,11,11.5
student_hardA_s1,test_w24-27,ge5,all,,96204,89771,0.9129142239407925,0.8525333890387656,0.7101680466680085,0.8921366588319167,0.657993015450197,0.7968176357343254,0.7416983212841564,0.7409566682288627,0.0235910620088872,0.4077704846858978,0.1295085194259538,0.010105950037953665,11,11.5
student_hardA_s1,test_w24-27,ge5,near,,96204,11977,0.9129142239407925,0.8525333890387656,0.7498253164968973,0.887116974200551,0.6931101272935475,0.8514014040264075,0.7472655923854054,0.7897378675016267,0.0235910620088872,0.4077704846858978,0.1295085194259538,0.010105950037953665,11,11.5
student_hardA_s1,test_w24-27,ge5,far,,96204,77794,0.9129142239407925,0.8525333890387656,0.7040624971302472,0.8929094788801193,0.6525864590506314,0.7884140340062453,0.7408411959791243,0.7334464177765156,0.0235910620088872,0.4077704846858978,0.1295085194259538,0.010105950037953665,11,11.5
student_hardA_s1,test_w28-31,all,all,,100000,100000,0.88412,0.7879757564741436,0.70363269485,0.87935,0.6317442332,0.7761832479,0.77774,0.7019903536000002,0.0337732905006409,0.6229504346847534,0.17359753604320885,0.017041982839113602,11,15.5
student_hardA_s1,test_w28-31,all,near,,100000,15990,0.88412,0.7879757564741436,0.7221527570356473,0.8743589743589744,0.647732794246404,0.8213818048780488,0.7551594746716698,0.7410917385866167,0.0337732905006409,0.6229504346847534,0.17359753604320885,0.017041982839113602,11,15.5
student_hardA_s1,test_w28-31,all,far,,100000,84010,0.88412,0.7879757564741436,0.700107688370432,0.8802999642899655,0.62870105868349,0.7675804038804904,0.7820378526365909,0.694548011665278,0.0337732905006409,0.6229504346847534,0.17359753604320885,0.017041982839113602,11,15.5
student_hardA_s1,test_w28-31,ge5,all,,95576,94669,0.8908198710973466,0.7929663827650189,0.7096486495241273,0.8829183787723542,0.6432053693066236,0.786410073665865,0.7798434545627396,0.7178091714305089,0.032567486049632534,0.5838261842727661,0.16425071780212522,0.015499485923169869,11,15.5
student_hardA_s1,test_w28-31,ge5,near,,95576,15420,0.8908198710973466,0.7929663827650189,0.7282461190051781,0.8744487678339818,0.6593194412372763,0.8324253764084716,0.7539559014267185,0.7578001153657796,0.032567486049632534,0.5838261842727661,0.16425071780212522,0.015499485923169869,11,15.5
student_hardA_s1,test_w28-31,ge5,far,,95576,79249,0.8908198710973466,0.7929663827650189,0.70603001737233,0.8845663667680349,0.640069948176128,0.7774565730754349,0.7848805663162942,0.7100278700199942,0.032567486049632534,0.5838261842727661,0.16425071780212522,0.015499485923169869,11,15.5
student_hardA_s1,test_w32-35,all,all,,100000,100000,0.85061,0.7439000895800981,0.6972893852,0.8884,0.6084927012,0.76321267145,0.79629,0.6703460117,0.054568163555413524,0.794873058795929,0.224417888916264,0.026742159822017404,11,19.5
student_hardA_s1,test_w32-35,all,near,,100000,16559,0.85061,0.7439000895800981,0.7260297412283351,0.8769249350806209,0.6323814759345372,0.8170436819856272,0.7741409505404916,0.7153325273265294,0.054568163555413524,0.794873058795929,0.224417888916264,0.026742159822017404,11,19.5
student_hardA_s1,test_w32-35,all,far,,100000,83441,0.85061,0.7439000895800981,0.6915858155463142,0.8906772449994607,0.60375193561918,0.7525298212509438,0.8006855143155044,0.6614183656715524,0.054568163555413524,0.794873058795929,0.224417888916264,0.026742159822017404,11,19.5
student_hardA_s1,test_w32-35,ge5,all,,95262,94615,0.8582855703218493,0.7483766697884201,0.7019203019866567,0.8932304602864239,0.6187118702127183,0.7723876634449824,0.7968821011467526,0.6862236346314342,0.05108160120612696,0.7427857518196106,0.2128288587952466,0.024207565596131516,11,19.5
student_hardA_s1,test_w32-35,ge5,near,,95262,16006,0.8582855703218493,0.7483766697884201,0.7314060851658385,0.87673372485318,0.6433640493609589,0.8268290806858285,0.7765837810820942,0.7319986858920052,0.05108160120612696,0.7427857518196106,0.2128288587952466,0.024207565596131516,11,19.5
student_hardA_s1,test_w32-35,ge5,far,,95262,78609,0.8582855703218493,0.7483766697884201,0.6959165435675699,0.8965894490452747,0.6136923078286818,0.7613025545597786,0.8010151509369157,0.6769031309934704,0.05108160120612696,0.7427857518196106,0.2128288587952466,0.024207565596131516,11,19.5
student_hardA_s1,test_w36-39,all,all,,100000,100000,0.82445,0.7123091490814424,0.6677698165,0.90037,0.5659264968,0.7303125025500001,0.81487,0.6238455142,0.07345029777124525,0.8482488989830017,0.2588030767821979,0.034199346778201044,11,23.5
student_hardA_s1,test_w36-39,all,near,,100000,12548,0.82445,0.7123091490814424,0.7208407463340771,0.8857188396557221,0.6087058957602806,0.8131216946923812,0.7812400382531081,0.6916392349378386,0.07345029777124525,0.8482488989830017,0.2588030767821979,0.034199346778201044,11,23.5
student_hardA_s1,test_w36-39,all,far,,100000,87452,0.82445,0.7123091490814424,0.660154964609157,0.9024722133284545,0.559788319306591,0.7184306731692814,0.8196953757489823,0.6141181711110095,0.07345029777124525,0.8482488989830017,0.2588030767821979,0.034199346778201044,11,23.5
student_hardA_s1,test_w36-39,ge5,all,,95184,91735,0.8341948226592705,0.7160992841801634,0.6844378373608313,0.9029378099961847,0.5870411821232278,0.7538373720729689,0.8111080830653513,0.653621129521904,0.0679897685042273,0.7934228181838989,0.24407299269361749,0.030818881266422106,11,23.5
student_hardA_s1,test_w36-39,ge5,near,,95184,12085,0.8341948226592705,0.7160992841801634,0.7290699491742423,0.8851468762929251,0.6233562651173785,0.8245373801363445,0.7846917666528754,0.711655906156683,0.0679897685042273,0.7934228181838989,0.24407299269361749,0.030818881266422106,11,23.5
student_hardA_s1,test_w36-39,ge5,far,,95184,79650,0.8341948226592705,0.7160992841801634,0.6776659720593238,0.9056371625863151,0.5815312288528659,0.7431103212575778,0.8151161330822347,0.6448157274424152,0.0679897685042273,0.7934228181838989,0.24407299269361749,0.030818881266422106,11,23.5
student_hardA_s1,test_w40-43,all,all,,100000,100000,0.81784,0.7075754550064183,0.6821475001,0.89192,0.5720460321,0.7377501898,0.81471,0.6247531064999999,0.07844142567284407,0.8962409496307373,0.2689764058417836,0.03715814223518257,11,27.5
student_hardA_s1,test_w40-43,all,near,,100000,10904,0.81784,0.7075754550064183,0.7148506942406456,0.8838041085840058,0.5986186867204695,0.807465949651504,0.7797138664710198,0.6817183886647101,0.07844142567284407,0.8962409496307373,0.2689764058417836,0.03715814223518257,11,27.5
student_hardA_s1,test_w40-43,all,far,,100000,89096,0.81784,0.7075754550064183,0.6781451248091944,0.8929132620993087,0.5687939419278082,0.7292180374539822,0.8189929963185777,0.6177814193678728,0.07844142567284407,0.8962409496307373,0.2689764058417836,0.03715814223518257,11,27.5
student_hardA_s1,test_w40-43,ge5,all,,95288,93977,0.8267148014440433,0.7143229608844391,0.6886726406785001,0.8958362152441555,0.5842771098341693,0.749097337914009,0.8118901433329432,0.6434450216043847,0.07426444866512563,0.8426595330238342,0.25598781311136826,0.03394214275176173,11,27.5
student_hardA_s1,test_w40-43,ge5,near,,95288,10557,0.8267148014440433,0.7143229608844391,0.7194860259095219,0.8855735530927347,0.6095284654245552,0.8157443122707935,0.782703419532064,0.6982911974301652,0.07426444866512563,0.8426595330238342,0.25598781311136826,0.03394214275176173,11,27.5
student_hardA_s1,test_w40-43,ge5,far,,95288,83420,0.8267148014440433,0.7143229608844391,0.6847731332715966,0.8971349796211939,0.581081490546616,0.7406630043215303,0.8155837928554304,0.6365041072170343,0.07426444866512563,0.8426595330238342,0.25598781311136826,0.03394214275176173,11,27.5
student_hardA_s1,test_w44-47,all,all,,100000,100000,0.79441,0.6784099457828697,0.65508115185,0.90979,0.5385168895000001,0.7063275698,0.85158,0.5877796436,0.09061683357492091,1.0963099002838135,0.3044820618897198,0.04754468965915784,11,31.5
student_hardA_s1,test_w44-47,all,near,,100000,10628,0.79441,0.6784099457828697,0.6971798339292437,0.9085434700790365,0.5717084042152804,0.7832863690252164,0.8181219420398946,0.6489397450131726,0.09061683357492091,1.0963099002838135,0.3044820618897198,0.04754468965915784,11,31.5
student_hardA_s1,test_w44-47,all,far,,100000,89372,0.79441,0.6784099457828697,0.6500748322740904,0.9099382356890301,0.5345697984827462,0.6971757312133553,0.8555587879872891,0.5805065652553373,0.09061683357492091,1.0963099002838135,0.3044820618897198,0.04754468965915784,11,31.5
student_hardA_s1,test_w44-47,ge5,all,,94936,92436,0.8027934608578411,0.6850796183091861,0.6659917725027291,0.9115820675927128,0.553487861194658,0.7212819834344477,0.8470076593534986,0.6088490742583549,0.0865324283326507,1.0413681268692017,0.29183902828201824,0.04362233946949876,11,31.5
student_hardA_s1,test_w44-47,ge5,near,,94936,10310,0.8027934608578411,0.6850796183091861,0.6988945909509348,0.908729388942774,0.5797882346916933,0.7876152162175394,0.8206595538312318,0.6620029935732088,0.0865324283326507,1.0413681268692017,0.29183902828201824,0.04362233946949876,11,31.5
student_hardA_s1,test_w44-47,ge5,far,,94936,82126,0.8027934608578411,0.6850796183091861,0.6618611919533173,0.9119401894649685,0.5501861437025796,0.7129545885778411,0.8503153690670433,0.6021761946814101,0.0865324283326507,1.0413681268692017,0.29183902828201824,0.04362233946949876,11,31.5
student_hardA_s1,test_w48-51,all,all,,100000,100000,0.78668,0.6689375937997568,0.6581590125000001,0.91204,0.5389123538,0.7098989720499999,0.85155,0.5873736865000001,0.09966703118838371,1.2133430242538452,0.3182683043681657,0.04989800994665647,11,35.333333333333336
student_hardA_s1,test_w48-51,all,near,,100000,10972,0.78668,0.6689375937997568,0.715184382974845,0.9063981042654028,0.582666950419249,0.7987129069449508,0.8205432008749545,0.6560987076193948,0.09966703118838371,1.2133430242538452,0.3182683043681657,0.04989800994665647,11,35.333333333333336
student_hardA_s1,test_w48-51,all,far,,100000,89028,0.78668,0.6689375937997568,0.6511310846025969,0.9127353192254122,0.5335199442871906,0.6989533538886642,0.8553713438468796,0.5789038687828548,0.09966703118838371,1.2133430242538452,0.3182683043681657,0.04989800994665647,11,35.333333333333336
student_hardA_s1,test_w48-51,ge5,all,,94668,93780,0.7963408966070901,0.6760547354447856,0.663197961973502,0.9145126892727661,0.5499421259266415,0.7179706086114527,0.8521006611217744,0.6041181820197841,0.09417658500047851,1.1384587287902832,0.3019867727801251,0.04464713718405269,11,35.333333333333336
student_hardA_s1,test_w48-51,ge5,near,,94668,10675,0.7963408966070901,0.6760547354447856,0.7170432891617089,0.9055737704918033,0.5916647880441833,0.8024888650676061,0.8256674473067915,0.6700159660646663,0.09417658500047851,1.1384587287902832,0.3019867727801251,0.04464713718405269,11,35.333333333333336
student_hardA_s1,test_w48-51,ge5,far,,94668,83105,0.7963408966070901,0.6760547354447856,0.656281424247323,0.9156609108958547,0.5445827682694034,0.7071140730519866,0.855496059202214,0.5956534826072444,0.09417658500047851,1.1384587287902832,0.3019867727801251,0.04464713718405269,11,35.333333333333336
student_hardA_s2,val,all,all,,200000,53779,0.94088,0.911907662456668,0.7523033837092545,0.8724409155990256,0.7137420874318973,0.8510627073764852,0.6741850908347125,0.808356182245858,0.006862677839472862,0.23151910305023193,0.08675374611448211,0.004813179018756731,11,1.0
student_hardA_s2,val,all,near,,200000,10959,0.94088,0.911907662456668,0.676002797472397,0.8565562551327676,0.6431518833835204,0.725157555890136,0.8437813669130395,0.6935019317455972,0.006862677839472862,0.23151910305023193,0.08675374611448211,0.004813179018756731,11,1.0
student_hardA_s2,val,all,far,,200000,42820,0.94088,0.911907662456668,0.7718311306632415,0.8765063054647361,0.7318083659504906,0.8832858403783279,0.6307800093414292,0.8377510381830919,0.006862677839472862,0.23151910305023193,0.08675374611448211,0.004813179018756731,11,1.0
student_hardA_s2,val,ge5,all,,191366,52270,0.9497507394207958,0.9224794914896449,0.7554927903461978,0.8724889994260571,0.7239546053922665,0.858719117023436,0.672603788023723,0.8237627107195635,0.005604127482263974,0.19409026205539703,0.07438775205355476,0.003784117254230641,11,1.0
student_hardA_s2,val,ge5,near,,191366,10483,0.9497507394207958,0.9224794914896449,0.6826542742595043,0.8533816655537537,0.6558830394478985,0.7370495509299186,0.8406944576934083,0.7120373807118815,0.005604127482263974,0.19409026205539703,0.07438775205355476,0.003784117254230641,11,1.0
student_hardA_s2,val,ge5,far,,191366,41787,0.9497507394207958,0.9224794914896449,0.7737656063927387,0.8772824084045278,0.7410315485993597,0.8892420562475571,0.6304353028453825,0.8517909643503703,0.005604127482263974,0.19409026205539703,0.07438775205355476,0.003784117254230641,11,1.0
student_hardA_s2,test_w16-19,all,all,,100000,100000,0.93086,0.8963196824398505,0.68775330885,0.90099,0.6477687102999999,0.77299629475,0.74307,0.7298791796,0.0124712354991585,0.3063327670097351,0.10158982759795296,0.006739072677710131,11,3.5
student_hardA_s2,test_w16-19,all,near,,100000,11980,0.93086,0.8963196824398505,0.727271197412354,0.8967445742904842,0.683881134390651,0.8402093839732888,0.7317195325542571,0.7911520751252086,0.0124712354991585,0.3063327670097351,0.10158982759795296,0.006739072677710131,11,3.5
student_hardA_s2,test_w16-19,all,far,,100000,88020,0.93086,0.8963196824398505,0.6823747096114519,0.9015678254942059,0.6428536132697115,0.7638482283003862,0.744614860259032,0.7215396057714156,0.0124712354991585,0.3063327670097351,0.10158982759795296,0.006739072677710131,11,3.5
student_hardA_s2,test_w16-19,ge5,all,,96085,89545,0.9386897018265078,0.9043565770859678,0.7120764609891862,0.8946004802054833,0.6768692970710107,0.8047931627348268,0.7206097492880674,0.7664796141315088,0.01088638231797975,0.2747608423233032,0.0908138163141129,0.0056687201063725535,11,3.5
student_hardA_s2,test_w16-19,ge5,near,,96085,11402,0.9386897018265078,0.9043565770859678,0.7355096151317593,0.8953692334678127,0.6983313391802669,0.8554621824539475,0.7244343097702157,0.8128092026116623,0.01088638231797975,0.2747608423233032,0.0908138163141129,0.0056687201063725535,11,3.5
student_hardA_s2,test_w16-19,ge5,far,,96085,78143,0.9386897018265078,0.9043565770859678,0.7086572830265585,0.8944883098934006,0.6737377279716706,0.7973999456477248,0.7200517000882997,0.7597195720567135,0.01088638231797975,0.2747608423233032,0.0908138163141129,0.0056687201063725535,11,3.5
student_hardA_s2,test_w20-23,all,all,,100000,100000,0.91764,0.8712347540908644,0.6874495526,0.90267,0.6397215732,0.7672972540999999,0.74596,0.7161974127999999,0.01875736870341005,0.4042309820652008,0.12285569869679436,0.009453308947139341,11,7.5
student_hardA_s2,test_w20-23,all,near,,100000,13417,0.91764,0.8712347540908644,0.7284027424163374,0.9033315942461057,0.6766726332265037,0.8397251050905566,0.7485279868823135,0.7820740791533131,0.01875736870341005,0.4042309820652008,0.12285569869679436,0.009453308947139341,11,7.5
student_hardA_s2,test_w20-23,all,far,,100000,86583,0.91764,0.8712347540908644,0.6811033998013467,0.9025674786043449,0.6339955949782289,0.7560737520644929,0.7455620618366192,0.705989089775129,0.01875736870341005,0.4042309820652008,0.12285569869679436,0.009453308947139341,11,7.5
student_hardA_s2,test_w20-23,ge5,all,,95941,89776,0.9247349933813489,0.8775226628721694,0.7140222763657484,0.8954063446800927,0.6700250570403155,0.8009923819228658,0.7258398681162003,0.753616869901503,0.01808502322730103,0.37977099418640137,0.11293693828535284,0.008163546426121264,11,7.5
student_hardA_s2,test_w20-23,ge5,near,,95941,12762,0.9247349933813489,0.8775226628721694,0.7351456932126543,0.9021313273781539,0.689089920898517,0.8546599246685788,0.7448675756151073,0.80268047449191,0.01808502322730103,0.37977099418640137,0.11293693828535284,0.008163546426121264,11,7.5
student_hardA_s2,test_w20-23,ge5,far,,95941,77014,0.9247349933813489,0.8775226628721694,0.7105219122007886,0.894291946918742,0.6668658159600135,0.7920991264041186,0.7226867842210507,0.7454865335758639,0.01808502322730103,0.37977099418640137,0.11293693828535284,0.008163546426121264,11,7.5
student_hardA_s2,test_w24-27,all,all,,100000,100000,0.90751,0.8406325456723431,0.68816777055,0.91076,0.6348895453,0.759103498,0.7711,0.7028659154999999,0.024643139022886708,0.4965812563896179,0.13966968123537138,0.012107505674285892,11,11.5
student_hardA_s2,test_w24-27,all,near,,100000,12494,0.90751,0.8406325456723431,0.7227010056827277,0.9119577397150632,0.6655868945093646,0.8375034596606371,0.7513206339042741,0.7731127165039219,0.024643139022886708,0.4965812563896179,0.13966968123537138,0.012107505674285892,11,11.5
student_hardA_s2,test_w24-27,all,far,,100000,87506,0.90751,0.8406325456723431,0.6832371573377825,0.9105889881836674,0.6305066152035289,0.7479096470527734,0.773924073777798,0.6928361628916874,0.024643139022886708,0.4965812563896179,0.13966968123537138,0.012107505674285892,11,11.5
student_hardA_s2,test_w24-27,ge5,all,,96204,89771,0.9139121034468422,0.845476723962475,0.7129026397715569,0.9047242427955576,0.6625905086321162,0.792311270967514,0.752325361196823,0.7389806760638099,0.023750957908412224,0.46755310893058777,0.13079436636907088,0.010866777503000495,11,11.5
student_hardA_s2,test_w24-27,ge5,near,,96204,11977,0.9139121034468422,0.845476723962475,0.729083224292238,0.9119145027970277,0.6769170295205014,0.8514910866626559,0.7500208733405694,0.7922028258137703,0.023750957908412224,0.46755310893058777,0.13079436636907088,0.010866777503000495,11,11.5
student_hardA_s2,test_w24-27,ge5,far,,96204,77794,0.9139121034468422,0.845476723962475,0.7104115111394746,0.903617245545929,0.660384827722532,0.7832000714845112,0.7526801552818984,0.7307867062518029,0.023750957908412224,0.46755310893058777,0.13079436636907088,0.010866777503000495,11,11.5
student_hardA_s2,test_w28-31,all,all,,100000,100000,0.88077,0.7737285615876193,0.69549617525,0.90822,0.6263983891000001,0.76695358555,0.8041,0.6939715997,0.04014744587667288,0.7450321912765503,0.17979556669337188,0.01853384959739378,11,15.5
student_hardA_s2,test_w28-31,all,near,,100000,15990,0.88077,0.7737285615876193,0.7080383708567856,0.9215759849906191,0.6371681782363977,0.8172176191369606,0.7874296435272045,0.7372981701063164,0.04014744587667288,0.7450321912765503,0.17979556669337188,0.01853384959739378,11,15.5
student_hardA_s2,test_w28-31,all,far,,100000,84010,0.88077,0.7737285615876193,0.6931089629210809,0.9056778954886323,0.6243485268420427,0.7573866066539697,0.807272943697179,0.6857250592786572,0.04014744587667288,0.7450321912765503,0.17979556669337188,0.01853384959739378,11,15.5
student_hardA_s2,test_w28-31,ge5,all,,95576,94669,0.8874194358416339,0.7790539752908012,0.6986264460158087,0.9079318467502562,0.6351308962775956,0.7754791761145414,0.8011915199273257,0.7082256179728643,0.03917576138884629,0.7111619710922241,0.1706778558911734,0.016912286478939262,11,15.5
student_hardA_s2,test_w28-31,ge5,near,,95576,15420,0.8874194358416339,0.7790539752908012,0.7105491099388708,0.9231517509727627,0.6453961811392014,0.82706527604844,0.7906614785992218,0.7529259159319854,0.03917576138884629,0.7111619710922241,0.1706778558911734,0.016912286478939262,11,15.5
student_hardA_s2,test_w28-31,ge5,far,,95576,79249,0.8874194358416339,0.7790539752908012,0.6963065747531603,0.9049704097212583,0.6331335121772792,0.765441728815765,0.8032404194374693,0.6995279865260368,0.03917576138884629,0.7111619710922241,0.1706778558911734,0.016912286478939262,11,15.5
student_hardA_s2,test_w32-35,all,all,,100000,100000,0.85349,0.728442398286314,0.6937430158999999,0.89719,0.6107920009,0.7561357470000001,0.80094,0.6674331280999999,0.05676631379395727,0.928652286529541,0.22209603422227692,0.02636995617047348,11,19.5
student_hardA_s2,test_w32-35,all,near,,100000,16559,0.85349,0.728442398286314,0.7119233238722145,0.91273627634519,0.6261096587958209,0.81604726130805,0.8065704450751857,0.7176244755118061,0.05676631379395727,0.928652286529541,0.22209603422227692,0.02636995617047348,11,19.5
student_hardA_s2,test_w32-35,all,far,,100000,83441,0.85349,0.728442398286314,0.6901351046847473,0.8941048165769825,0.607752187174171,0.7442462110952649,0.7998226291631213,0.6574725748732637,0.05676631379395727,0.928652286529541,0.22209603422227692,0.02636995617047348,11,19.5
student_hardA_s2,test_w32-35,ge5,all,,95262,94615,0.8612248325670256,0.7331468727985413,0.6960592935563599,0.8966125878560482,0.618752700708332,0.7637254106821049,0.7984146277017387,0.6819272793644369,0.05411261905589522,0.8851065635681152,0.2106033928173838,0.02406998212974065,11,19.5
student_hardA_s2,test_w32-35,ge5,near,,95262,16006,0.8612248325670256,0.7331468727985413,0.7144468286785646,0.914157191053355,0.6344379494396788,0.8252946942780189,0.8110083718605523,0.7338835348304084,0.05411261905589522,0.8851065635681152,0.2106033928173838,0.02406998212974065,11,19.5
student_hardA_s2,test_w32-35,ge5,far,,95262,78609,0.8612248325670256,0.7331468727985413,0.6923153089341663,0.8930402371229758,0.6155589431081344,0.7511889587079518,0.7958503479245379,0.6713481875939229,0.05411261905589522,0.8851065635681152,0.2106033928173838,0.02406998212974065,11,19.5
student_hardA_s2,test_w36-39,all,all,,100000,100000,0.83219,0.7102374707936184,0.6668524251500001,0.90517,0.5724178327999999,0.7205517331999999,0.82181,0.6213053615,0.07253058786332608,0.9676092267036438,0.25519090325282145,0.03378966919800396,11,23.5
student_hardA_s2,test_w36-39,all,near,,100000,12548,0.83219,0.7102374707936184,0.6942980200031877,0.9026936563595792,0.5949163436404208,0.8070587555785782,0.7958240357029008,0.6930009794389544,0.07253058786332608,0.9676092267036438,0.25519090325282145,0.03378966919800396,11,23.5
student_hardA_s2,test_w36-39,all,far,,100000,87452,0.83219,0.7102374707936184,0.6629144097333394,0.9055253167451859,0.5691896468920093,0.708139322771349,0.8255385811645245,0.6110181569318027,0.07253058786332608,0.9676092267036438,0.25519090325282145,0.03378966919800396,11,23.5
student_hardA_s2,test_w36-39,ge5,all,,95184,91735,0.8423684652882838,0.7159070826823644,0.679734958533135,0.9027197907014771,0.5903401012354949,0.7405435960460338,0.8141821551207282,0.6485729959859474,0.06734871177748288,0.9187002182006836,0.23987560177230055,0.030645773876026867,11,23.5
student_hardA_s2,test_w36-39,ge5,near,,95184,12085,0.8423684652882838,0.7159070826823644,0.6989389811849208,0.9043442283822921,0.606216748200276,0.8175647634426483,0.7976830781961108,0.7127415294518648,0.06734871177748288,0.9187002182006836,0.23987560177230055,0.030645773876026867,11,23.5
student_hardA_s2,test_w36-39,ge5,far,,95184,79650,0.8423684652882838,0.7159070826823644,0.676821203181637,0.9024733207784055,0.5879311962942597,0.7288574590970308,0.8166854990583804,0.6388369416615832,0.06734871177748288,0.9187002182006836,0.23987560177230055,0.030645773876026867,11,23.5
student_hardA_s2,test_w40-43,all,all,,100000,100000,0.82676,0.7069709030983795,0.6770281398500001,0.89697,0.5766644572999999,0.7230622323,0.82177,0.6203293471,0.07486877338238057,1.0153766870498657,0.2631163530228685,0.036260258378171845,11,27.5
student_hardA_s2,test_w40-43,all,near,,100000,10904,0.82676,0.7069709030983795,0.6811028938921497,0.9137013939838592,0.5805571872707262,0.7967544492846661,0.824101247248716,0.6818818653705063,0.07486877338238057,1.0153766870498657,0.2631163530228685,0.036260258378171845,11,27.5
student_hardA_s2,test_w40-43,all,far,,100000,89096,0.82676,0.7069709030983795,0.6765294517150041,0.8949223309688425,0.5761880461524647,0.7140434218707911,0.8214846906707371,0.6127962517958158,0.07486877338238057,1.0153766870498657,0.2631163530228685,0.036260258378171845,11,27.5
student_hardA_s2,test_w40-43,ge5,all,,95288,93977,0.8358660062127445,0.7144592039694827,0.679769609018393,0.8971237643253136,0.5857245191189139,0.7313147892574372,0.8177107164518979,0.6367089238043887,0.07115435017787788,0.9668077230453491,0.24960530830197025,0.03328792397278458,11,27.5
student_hardA_s2,test_w40-43,ge5,near,,95288,10557,0.8358660062127445,0.7144592039694827,0.6817806098476238,0.915695746897793,0.587904752629713,0.8035050039434352,0.82675002368097,0.6975530702843793,0.07115435017787788,0.9668077230453491,0.24960530830197025,0.03328792397278458,11,27.5
student_hardA_s2,test_w40-43,ge5,far,,95288,83420,0.8358660062127445,0.7144592039694827,0.6795151120661731,0.894773435626948,0.5854486053671338,0.722178945377791,0.816566770558619,0.6290089519224749,0.07115435017787788,0.9668077230453491,0.24960530830197025,0.03328792397278458,11,27.5
student_hardA_s2,test_w44-47,all,all,,100000,100000,0.80103,0.6746193994294979,0.6515271549,0.91075,0.5432939428,0.6957600337500001,0.85552,0.5861893705,0.0887916511526704,1.2467974424362183,0.30238192012299875,0.04784855196603081,11,31.5
student_hardA_s2,test_w44-47,all,near,,100000,10628,0.80103,0.6746193994294979,0.6633410942792624,0.9246330447873542,0.5533377333458788,0.7720790454459917,0.8547233722243132,0.6478843564170116,0.0887916511526704,1.2467974424362183,0.30238192012299875,0.04784855196603081,11,31.5
student_hardA_s2,test_w44-47,all,far,,100000,89372,0.80103,0.6746193994294979,0.6501222568589714,0.9090990466812872,0.5420995485163137,0.6866842778498858,0.8556147339211386,0.5788526843977981,0.0887916511526704,1.2467974424362183,0.30238192012299875,0.04784855196603081,11,31.5
student_hardA_s2,test_w44-47,ge5,all,,94936,92436,0.8096296452346844,0.6819880946361231,0.6556689769107027,0.9100134146869185,0.5529530863317371,0.7064496616582743,0.851886710805314,0.6040509647093897,0.08514311630718314,1.1952100992202759,0.28877992904949495,0.04385368426882315,11,31.5
student_hardA_s2,test_w44-47,ge5,near,,94936,10310,0.8096296452346844,0.6819880946361231,0.6618575144850251,0.925800193986421,0.5585513988003312,0.7748835679958204,0.8593598448108632,0.6600531793249741,0.08514311630718314,1.1952100992202759,0.28877992904949495,0.04385368426882315,11,31.5
student_hardA_s2,test_w44-47,ge5,far,,94936,82126,0.8096296452346844,0.6819880946361231,0.6548920752913462,0.908031561259528,0.5522502808675576,0.6978585507513739,0.8509485424835009,0.5970205135406164,0.08514311630718314,1.1952100992202759,0.28877992904949495,0.04385368426882315,11,31.5
student_hardA_s2,test_w48-51,all,all,,100000,100000,0.79167,0.6689857694018593,0.6483350048500001,0.91429,0.5367378145,0.6998301614,0.85586,0.5843729998,0.09773470159053804,1.323663592338562,0.3181828544686138,0.05088652154221372,11,35.333333333333336
student_hardA_s2,test_w48-51,all,near,,100000,10972,0.79167,0.6689857694018593,0.6671740174990886,0.9227123587313161,0.5517355596062705,0.7855212755195041,0.8512577469923441,0.6522240658038644,0.09773470159053804,1.323663592338562,0.3181828544686138,0.05088652154221372,11,35.333333333333336
student_hardA_s2,test_w48-51,all,far,,100000,89028,0.79167,0.6689857694018593,0.6460132448780158,0.9132520106034057,0.534889460506807,0.6892694063103743,0.8564271914453879,0.5760108901693849,0.09773470159053804,1.323663592338562,0.3181828544686138,0.05088652154221372,11,35.333333333333336
student_hardA_s2,test_w48-51,ge5,all,,94668,93780,0.8013056154138674,0.6764732803164386,0.6479885353885106,0.9145660055448923,0.5433794706630203,0.7041030931453183,0.8537961185753892,0.5982372011007604,0.09245776637765939,1.2489548921585083,0.30085203606504873,0.045387430588916165,11,35.333333333333336
student_hardA_s2,test_w48-51,ge5,near,,94668,10675,0.8013056154138674,0.6764732803164386,0.6652642613767983,0.9256206088992974,0.5572371415291938,0.7875277911941538,0.8565807962529274,0.6649585718471426,0.09245776637765939,1.2489548921585083,0.30085203606504873,0.045387430588916165,11,35.333333333333336
student_hardA_s2,test_w48-51,ge5,far,,94668,83105,0.8013056154138674,0.6764732803164386,0.645769434553122,0.9131460200950605,0.54159942570187,0.6933870273048597,0.8534384212742916,0.5896667103635287,0.09245776637765939,1.2489548921585083,0.30085203606504873,0.045387430588916165,11,35.333333333333336
