model,split,flows,unknown,temperature,n_known,n_unknown,accuracy,macro_f1,auroc_msp,fpr95_msp,oscr_msp,auroc_energy,fpr95_energy,oscr_energy,ece,nll,brier,aurc,ece_ts,nll_ts,start,condition,seed,weeks_since
teacherA_0,val,all,all,1.3233316230142453,200000,54382,0.973965,0.9652034154280741,0.9146329264278623,0.5473318377404288,0.9067196537457247,0.8642640816354675,0.4665698208966202,0.8521288970615278,0.006022708084583307,0.09556200355291367,0.038890616179734924,0.0010182472009666584,0.002557676902674153,0.08972056955099106,37,teacherA_member,0,1.0
teacherA_0,val,all,near,1.3233316230142453,200000,12295,0.973965,0.9652034154280741,0.8947897824318829,0.5959333062220414,0.8879397446116308,0.7988960052867019,0.6553070353802358,0.790090317608784,0.006022708084583307,0.09556200355291367,0.038890616179734924,0.0010182472009666584,0.002557676902674153,0.08972056955099106,37,teacherA_member,0,1.0
teacherA_0,val,all,far,1.3233316230142453,200000,42087,0.973965,0.9652034154280741,0.9204297628721456,0.5331337467626583,0.9122058842397891,0.8833602514434387,0.4114334592629553,0.8702524110770546,0.006022708084583307,0.09556200355291367,0.038890616179734924,0.0010182472009666584,0.002557676902674153,0.08972056955099106,37,teacherA_member,0,1.0
teacherA_0,val,ge5,all,1.3233316230142453,190477,52884,0.9764591000488247,0.9681711696759774,0.9209060089569273,0.5272672263822706,0.9137817113051947,0.8715072837769916,0.4332312230542319,0.8603560547415893,0.005465525512291006,0.0840499997138977,0.035158850607511116,0.000851105897361113,0.001964530362562082,0.07899559289216995,37,teacherA_member,0,1.0
teacherA_0,val,ge5,near,1.3233316230142453,190477,11763,0.9764591000488247,0.9681711696759774,0.9006983637878836,0.5766386125988269,0.8945104608273534,0.8068916562434882,0.6122587775227408,0.7987301035480419,0.005465525512291006,0.0840499997138977,0.035158850607511116,0.000851105897361113,0.001964530362562082,0.07899559289216995,37,teacherA_member,0,1.0
teacherA_0,val,ge5,far,1.3233316230142453,190477,41121,0.9764591000488247,0.9681711696759774,0.92668657193262,0.5131441355998152,0.9192944108837761,0.8899911150718676,0.38201891977335184,0.8779846645489796,0.005465525512291006,0.0840499997138977,0.035158850607511116,0.000851105897361113,0.001964530362562082,0.07899559289216995,37,teacherA_member,0,1.0
teacherA_1,val,all,all,1.3330578296311866,200000,54382,0.97457,0.9655996949607895,0.9139880174506271,0.5259276966643375,0.9061111355779485,0.8831396203707109,0.46675370527012616,0.8710320937074767,0.0057212049485742735,0.09555704891681671,0.038226547601563264,0.0010135450434878527,0.0031830860314145996,0.08940301090478897,37,teacherA_member,1,1.0
teacherA_1,val,all,near,1.3330578296311866,200000,12295,0.97457,0.9655996949607895,0.8989297649450996,0.5559983733224888,0.8917341488409923,0.836517364782432,0.6389589263928426,0.8272537206181374,0.0057212049485742735,0.09555704891681671,0.038226547601563264,0.0010135450434878527,0.0031830860314145996,0.08940301090478897,37,teacherA_member,1,1.0
teacherA_1,val,all,far,1.3330578296311866,200000,42087,0.97457,0.9655996949607895,0.9183870293677383,0.5171430608026232,0.9103111273077197,0.8967595180221921,0.4164468838358638,0.8838211995390501,0.0057212049485742735,0.09555704891681671,0.038226547601563264,0.0010135450434878527,0.0031830860314145996,0.08940301090478897,37,teacherA_member,1,1.0
teacherA_1,val,ge5,all,1.3330578296311866,190477,52884,0.977078597415961,0.9684814821803619,0.9198351700629052,0.5022312986914756,0.9127092992246433,0.8909004937245242,0.43351486271840256,0.8797566101806512,0.00538016675512143,0.08425082266330719,0.03459076618628121,0.0008536618899624817,0.0023294382093299853,0.07881712913513184,37,teacherA_member,1,1.0
teacherA_1,val,ge5,near,1.3330578296311866,190477,11763,0.977078597415961,0.9684814821803619,0.9040849144932323,0.5385530901980787,0.8975663307779322,0.8458944195495841,0.5961914477599252,0.837253362420468,0.00538016675512143,0.08425082266330719,0.03459076618628121,0.0008536618899624817,0.0023294382093299853,0.07881712913513184,37,teacherA_member,1,1.0
teacherA_1,val,ge5,far,1.3330578296311866,190477,41121,0.977078597415961,0.9684814821803619,0.9243406601109602,0.49184115172296394,0.917041069800229,0.9037748511214702,0.38697988862138566,0.8919150135123562,0.00538016675512143,0.08425082266330719,0.03459076618628121,0.0008536618899624817,0.0023294382093299853,0.07881712913513184,37,teacherA_member,1,1.0
teacherA_2,val,all,all,1.3464228271573337,200000,54382,0.97476,0.9656247008006918,0.9122055433323526,0.5229303813761906,0.9039886101099629,0.8669261414622486,0.4817218932735096,0.8549426175940569,0.005995540197230916,0.09690431505441666,0.0384380147502786,0.00103932578751352,0.0031259646255523085,0.09014245867729187,37,teacherA_member,2,1.0
teacherA_2,val,all,near,1.3464228271573337,200000,12295,0.97476,0.9656247008006918,0.8968448816592111,0.5371289141927613,0.8891229141927613,0.8134871492476616,0.6359495729971533,0.8041120138267589,0.005995540197230916,0.09690431505441666,0.0384380147502786,0.00103932578751352,0.0031259646255523085,0.09014245867729187,37,teacherA_member,2,1.0
teacherA_2,val,all,far,1.3464228271573337,200000,42087,0.97476,0.9656247008006918,0.9166928989355382,0.5187825219188823,0.9083313699004443,0.8825374325801316,0.436666904269727,0.8697919124670326,0.005995540197230916,0.09690431505441666,0.0384380147502786,0.00103932578751352,0.0031259646255523085,0.09014245867729187,37,teacherA_member,2,1.0
teacherA_2,val,ge5,all,1.3464228271573337,190477,52884,0.9772308467689013,0.9684673675537572,0.9181809749007002,0.4961803191891688,0.9108160244823158,0.8758175107430175,0.4483019438771651,0.864808609919092,0.005366561460869951,0.08436395972967148,0.03465589334912388,0.0008714218810826677,0.002693807053723821,0.07873500883579254,37,teacherA_member,2,1.0
teacherA_2,val,ge5,near,1.3464228271573337,190477,11763,0.9772308467689013,0.9684673675537572,0.901908962761685,0.5048031964634873,0.8949688682772345,0.8280717160305804,0.5922808807277056,0.8192947321009335,0.005366561460869951,0.08436395972967148,0.03465589334912388,0.0008714218810826677,0.002693807053723821,0.07873500883579254,37,teacherA_member,2,1.0
teacherA_2,val,ge5,far,1.3464228271573337,190477,41121,0.9772308467689013,0.9684673675537572,0.9228357177034343,0.4937136742783493,0.9153492337535001,0.8894755877159121,0.40711558571046425,0.8778282287215287,0.005366561460869951,0.08436395972967148,0.03465589334912388,0.0008714218810826677,0.002693807053723821,0.07873500883579254,37,teacherA_member,2,1.0
teacherA_3,val,all,all,1.3493442022256688,200000,54382,0.97381,0.9642691810049158,0.9195925815986907,0.5059210768268912,0.9108095832260675,0.8646319440255967,0.47379647677540365,0.8523213890625574,0.0069435176937654415,0.09773774445056915,0.03951282803906004,0.0010764838630843568,0.0022047445498407127,0.09077068418264389,37,teacherA_member,3,1.0
teacherA_3,val,all,near,1.3493442022256688,200000,12295,0.97381,0.9642691810049158,0.8922952539650264,0.5652704351362342,0.8846929373729158,0.8142197224481496,0.6380642537616917,0.8048769829198862,0.0069435176937654415,0.09773774445056915,0.03951282803906004,0.0010764838630843568,0.0022047445498407127,0.09077068418264389,37,teacherA_member,3,1.0
teacherA_3,val,all,far,1.3493442022256688,200000,42087,0.97381,0.9642691810049158,0.9275670307933566,0.48858317295126763,0.9184391163542185,0.8793590156699218,0.42580844441276405,0.8661814639912562,0.0069435176937654415,0.09773774445056915,0.03951282803906004,0.0010764838630843568,0.0022047445498407127,0.09077068418264389,37,teacherA_member,3,1.0
teacherA_3,val,ge5,all,1.3493442022256688,190477,52884,0.9762386009859458,0.9670708252743168,0.925508003651343,0.47640117994100295,0.9175211101648484,0.8725539065483251,0.44523863550412224,0.8612267029445564,0.006380436834932266,0.08651356399059296,0.03585295987584665,0.0009024040064505032,0.0018947415115137987,0.08029098808765411,37,teacherA_member,3,1.0
teacherA_3,val,ge5,near,1.3493442022256688,190477,11763,0.9762386009859458,0.9670708252743168,0.8976657509751362,0.5370228683159058,0.8907480080598078,0.8246423215261907,0.6006971010796566,0.8159147421940214,0.006380436834932266,0.08651356399059296,0.03585295987584665,0.0009024040064505032,0.0018947415115137987,0.08029098808765411,37,teacherA_member,3,1.0
teacherA_3,val,ge5,far,1.3493442022256688,190477,41121,0.9762386009859458,0.9670708252743168,0.933472508848936,0.4590598477663481,0.9251797760548217,0.8862594092018444,0.40076846380195036,0.8741885617103586,0.006380436834932266,0.08651356399059296,0.03585295987584665,0.0009024040064505032,0.0018947415115137987,0.08029098808765411,37,teacherA_member,3,1.0
teacherA_4,val,all,all,1.3446087481839755,200000,54382,0.974545,0.9651023874709843,0.9171438477345446,0.5102239711669302,0.9087886571843624,0.877781640340554,0.4338567908499136,0.8653291165275274,0.006347449954450129,0.09693796187639236,0.038531568731583456,0.001023595089139651,0.0028758031149953883,0.09021606296300888,37,teacherA_member,4,1.0
teacherA_4,val,all,near,1.3446087481839755,200000,12295,0.974545,0.9651023874709843,0.8968623885725904,0.5344448962993087,0.8892252151281008,0.8175408611224075,0.5815372102480684,0.8079373773891827,0.006347449954450129,0.09693796187639236,0.038531568731583456,0.001023595089139651,0.0028758031149953883,0.09021606296300888,37,teacherA_member,4,1.0
teacherA_4,val,all,far,1.3446087481839755,200000,42087,0.974545,0.9651023874709843,0.9230687304868487,0.5031482405493383,0.9145037834723311,0.8953799576472545,0.39071447240240453,0.8820951353149428,0.006347449954450129,0.09693796187639236,0.038531568731583456,0.001023595089139651,0.0028758031149953883,0.09021606296300888,37,teacherA_member,4,1.0
teacherA_4,val,ge5,all,1.3446087481839755,190477,52884,0.9770838473936486,0.968020988165426,0.9227623375918101,0.48175251493835564,0.9152687222165079,0.8852778957335108,0.4025603207019136,0.8738544030776025,0.0058557216866981085,0.08588887006044388,0.034745675970980806,0.0008560243362175326,0.002406446095085936,0.07988657057285309,37,teacherA_member,4,1.0
teacherA_4,val,ge5,near,1.3446087481839755,190477,11763,0.9770838473936486,0.968020988165426,0.9021741111821137,0.5031879622545269,0.8952966444281799,0.8273196093060956,0.5461191872821559,0.818367681462985,0.0058557216866981085,0.08588887006044388,0.034745675970980806,0.0008560243362175326,0.002406446095085936,0.07988657057285309,37,teacherA_member,4,1.0
teacherA_4,val,ge5,far,1.3446087481839755,190477,41121,0.9770838473936486,0.968020988165426,0.9286517689591713,0.47562072906787284,0.9209818992069532,0.9018573398921084,0.361494127088349,0.8897268358091202,0.0058557216866981085,0.08588887006044388,0.034745675970980806,0.0008560243362175326,0.002406446095085936,0.07988657057285309,37,teacherA_member,4,1.0
teacherA,val,all,all,1.1631470735488572,200000,54382,0.976665,0.9687475048172293,0.935748383242617,0.42063550439483655,0.9269383814497444,0.8883146982917142,0.4433636129601706,0.8771300102055828,0.002170883128419564,0.08184512704610825,0.03482601897427427,0.000820477628304246,0.0034695122246816957,0.08047085255384445,37,teacherA,,1.0
teacherA,val,all,near,1.1631470735488572,200000,12295,0.976665,0.9687475048172293,0.9120877334282228,0.48824725498169985,0.90469110451403,0.8348893070353802,0.6244001626677511,0.8265576811712079,0.002170883128419564,0.08184512704610825,0.03482601897427427,0.000820477628304246,0.0034695122246816957,0.08047085255384445,37,teacherA,,1.0
teacherA,val,all,far,1.1631470735488572,200000,42087,0.976665,0.9687475048172293,0.942660438971654,0.400883883384418,0.9334375443723716,0.9039220161213676,0.39047686934207715,0.8919038545156461,0.002170883128419564,0.08184512704610825,0.03482601897427427,0.000820477628304246,0.0034695122246816957,0.08047085255384445,37,teacherA,,1.0
teacherA,val,ge5,all,1.1631470735488572,190477,52884,0.9792363382455624,0.971844107591232,0.9401181289732186,0.3912525527569775,0.9323289089006397,0.8968231176060162,0.3988351864458059,0.8866218641607986,0.001956842696438205,0.07060182094573975,0.031123380988464584,0.0006734174789321128,0.0036684358852110827,0.06978265196084976,37,teacherA,,1.0
teacherA,val,ge5,near,1.1631470735488572,190477,11763,0.9792363382455624,0.971844107591232,0.916622390091899,0.4566012071750404,0.9100395712504654,0.8462103614929823,0.5739182181416306,0.8384967042415955,0.001956842696438205,0.07060182094573975,0.031123380988464584,0.0006734174789321128,0.0036684358852110827,0.06978265196084976,37,teacherA,,1.0
teacherA,val,ge5,far,1.1631470735488572,190477,41121,0.9792363382455624,0.971844107591232,0.946839278178271,0.37255903309744415,0.9387049571188006,0.9113013124494688,0.3487512463218307,0.9003884616688745,0.001956842696438205,0.07060182094573975,0.031123380988464584,0.0006734174789321128,0.0036684358852110827,0.06978265196084976,37,teacherA,,1.0
teacherB,val,all,all,1.4445600517857895,200000,54382,0.97632,0.9681228686873697,0.9206194064212423,0.5352690228384391,0.9139245011216947,0.8976386265676143,0.45239233569931225,0.8869471330587326,0.0068254213263094846,0.09169459342956543,0.035619862494342666,0.0008994473425186277,0.0026620778995007067,0.0826684832572937,37,teacherB,,1.0
teacherB,val,all,near,1.4445600517857895,200000,12295,0.97632,0.9681228686873697,0.8997771781211874,0.5802358682391215,0.8944072972753151,0.8638044987799919,0.5754371695811306,0.8553594644164295,0.0068254213263094846,0.09169459342956543,0.035619862494342666,0.0008994473425186277,0.0026620778995007067,0.0826684832572937,37,teacherB,,1.0
teacherB,val,all,far,1.4445600517857895,200000,42087,0.97632,0.9681228686873697,0.9267081083232352,0.5221327250694989,0.9196261197044218,0.9075226905576544,0.4164468838358638,0.8961749322831278,0.0068254213263094846,0.09169459342956543,0.035619862494342666,0.0008994473425186277,0.0026620778995007067,0.0826684832572937,37,teacherB,,1.0
teacherB,val,ge5,all,1.4445600517857895,190477,52884,0.9787480903206162,0.9711278011981638,0.9275800706406676,0.5037251342561077,0.9216305920471792,0.905224001079139,0.4163641176915513,0.8955192405175868,0.006196600789575761,0.07896830886602402,0.031920689421393325,0.0007424210557665063,0.0020207340521631876,0.07136105746030807,37,teacherB,,1.0
teacherB,val,ge5,near,1.4445600517857895,190477,11763,0.9787480903206162,0.9711278011981638,0.9061014526584718,0.5608263198163733,0.9014981007932349,0.8730624397332922,0.5303919068264898,0.8652989976259063,0.006196600789575761,0.07896830886602402,0.031920689421393325,0.0007424210557665063,0.0020207340521631876,0.07136105746030807,37,teacherB,,1.0
teacherB,val,ge5,far,1.4445600517857895,190477,41121,0.9787480903206162,0.9711278011981638,0.9337242058349617,0.4873908708445806,0.9273896566278106,0.9144240800196122,0.3837455314802656,0.9041639893596587,0.006196600789575761,0.07896830886602402,0.031920689421393325,0.0007424210557665063,0.0020207340521631876,0.07136105746030807,37,teacherB,,1.0
teacherA_0,test_w42-45,all,all,1.3233316230142453,100000,100000,0.96167,0.9479807900945978,0.8924095429500001,0.5052,0.8783791915000001,0.8557923713,0.46025,0.8386226674,0.015436208960711947,0.18604633212089539,0.0578970112063745,0.0025523665531533265,0.005701857057809812,0.1614626944065094,37,teacherA_member,0,3.5
teacherA_0,test_w42-45,all,near,1.3233316230142453,100000,11103,0.96167,0.9479807900945978,0.8558813122579483,0.6027199855894804,0.8440676330721426,0.8083257020625056,0.5593082950553905,0.7930481581554534,0.015436208960711947,0.18604633212089539,0.0578970112063745,0.0025523665531533265,0.005701857057809812,0.1614626944065094,37,teacherA_member,0,3.5
teacherA_0,test_w42-45,all,far,1.3233316230142453,100000,88897,0.96167,0.9479807900945978,0.8969718222774673,0.4930200119239119,0.8826646143289426,0.8617208326490208,0.44787788114334565,0.8443148029742286,0.015436208960711947,0.18604633212089539,0.0578970112063745,0.0025523665531533265,0.005701857057809812,0.1614626944065094,37,teacherA_member,0,3.5
teacherA_0,test_w42-45,ge5,all,1.3233316230142453,95189,93109,0.965416172036685,0.9508732813283615,0.8955315906918502,0.47835332782008183,0.8833533081421024,0.8626543638671096,0.41973386031425536,0.8470057328471997,0.013807367583421711,0.16431407630443573,0.05217112422376914,0.0022288791083307515,0.005205522365338598,0.142767071723938,37,teacherA_member,0,3.5
teacherA_0,test_w42-45,ge5,near,1.3233316230142453,95189,10761,0.965416172036685,0.9508732813283615,0.8614989854981423,0.5853545209553016,0.8510498594978039,0.8139155717348263,0.5318278970355915,0.800032645571474,0.013807367583421711,0.16431407630443573,0.05217112422376914,0.0022288791083307515,0.005205522365338598,0.142767071723938,37,teacherA_member,0,3.5
teacherA_0,test_w42-45,ge5,far,1.3233316230142453,95189,82348,0.965416172036685,0.9508732813283615,0.899978873740491,0.4643707193860203,0.8875746299818712,0.86902340916433,0.4050857337154515,0.8531440409077972,0.013807367583421711,0.16431407630443573,0.05217112422376914,0.0022288791083307515,0.005205522365338598,0.142767071723938,37,teacherA_member,0,3.5
teacherA_1,test_w42-45,all,all,1.3330578296311866,100000,100000,0.96255,0.948004942805312,0.8928932603499999,0.47381,0.8786981536,0.8580459927999999,0.46088,0.8404945524,0.014699474298656038,0.18438328802585602,0.05652661919292966,0.0025413610911897144,0.004924993615821041,0.1593465805053711,37,teacherA_member,1,3.5
teacherA_1,test_w42-45,all,near,1.3330578296311866,100000,11103,0.96255,0.948004942805312,0.8633707921282535,0.5762406556786455,0.8511514527605151,0.8185074290732234,0.5258939025488607,0.8026287039538862,0.014699474298656038,0.18438328802585602,0.05652661919292966,0.0025413610911897144,0.004924993615821041,0.1593465805053711,37,teacherA_member,1,3.5
teacherA_1,test_w42-45,all,far,1.3330578296311866,100000,88897,0.96255,0.948004942805312,0.8965805384883629,0.4610166822277467,0.8821386636219446,0.8629842547555036,0.4527599356558714,0.8452238966444312,0.014699474298656038,0.18438328802585602,0.05652661919292966,0.0025413610911897144,0.004924993615821041,0.1593465805053711,37,teacherA_member,1,3.5
teacherA_1,test_w42-45,ge5,all,1.3330578296311866,95189,93109,0.9662776161111053,0.9509889238363003,0.8965292241440477,0.4501498243993599,0.8837961709415216,0.8631417860834387,0.42916366838866277,0.8470991475406178,0.013524716960689277,0.16253380477428436,0.05121428422847032,0.0022519139582062044,0.004833375845540421,0.1403585523366928,37,teacherA_member,1,3.5
teacherA_1,test_w42-45,ge5,near,1.3330578296311866,95189,10761,0.9662776161111053,0.9509889238363003,0.8693813234460865,0.547253972679119,0.8582144347711218,0.8241320209879595,0.5036706625778273,0.8096311521463583,0.013524716960689277,0.16253380477428436,0.05121428422847032,0.0022519139582062044,0.004833375845540421,0.1403585523366928,37,teacherA_member,1,3.5
teacherA_1,test_w42-45,ge5,far,1.3330578296311866,95189,82348,0.9662776161111053,0.9509889238363003,0.9000768337934717,0.4374605333462865,0.8871391187111054,0.8682394700853874,0.4194273084956526,0.8519953575085298,0.013524716960689277,0.16253380477428436,0.05121428422847032,0.0022519139582062044,0.004833375845540421,0.1403585523366928,37,teacherA_member,1,3.5
teacherA_2,test_w42-45,all,all,1.3464228271573337,100000,100000,0.96332,0.9494461344594279,0.8938977331,0.48092,0.8792877883999999,0.8622940858500001,0.42955,0.8441450166000001,0.014726432131230819,0.1829126626253128,0.05679622427837409,0.0028175934924312817,0.0044408152541518565,0.15725542604923248,37,teacherA_member,2,3.5
teacherA_2,test_w42-45,all,near,1.3464228271573337,100000,11103,0.96332,0.9494461344594279,0.8609789430784474,0.5983968296856705,0.8491091155543546,0.8236111929208323,0.5450779068720166,0.8079228379717194,0.014726432131230819,0.1829126626253128,0.05679622427837409,0.0028175934924312817,0.0044408152541518565,0.15725542604923248,37,teacherA_member,2,3.5
teacherA_2,test_w42-45,all,far,1.3464228271573337,100000,88897,0.96332,0.9494461344594279,0.8980092028414907,0.46624745491973857,0.8830570247589906,0.8671254767877432,0.41512087022059235,0.8486690708347863,0.014726432131230819,0.1829126626253128,0.05679622427837409,0.0028175934924312817,0.0044408152541518565,0.15725542604923248,37,teacherA_member,2,3.5
teacherA_2,test_w42-45,ge5,all,1.3464228271573337,95189,93109,0.9669604681213165,0.9521767287562284,0.8972144212531143,0.4578289961228238,0.8844806535595735,0.8670091594118411,0.3912403741850949,0.8506407073811225,0.01317404131967288,0.15768639743328094,0.050952812440620124,0.0024781894797896954,0.004108393124210779,0.13612307608127594,37,teacherA_member,2,3.5
teacherA_2,test_w42-45,ge5,near,1.3464228271573337,95189,10761,0.9669604681213165,0.9521767287562284,0.8674746193246115,0.5723445776414832,0.8569565808832663,0.8298756048190848,0.5097109934021001,0.8156962445503914,0.01317404131967288,0.15768639743328094,0.050952812440620124,0.0024781894797896954,0.004108393124210779,0.13612307608127594,37,teacherA_member,2,3.5
teacherA_2,test_w42-45,ge5,far,1.3464228271573337,95189,82348,0.9669604681213165,0.9521767287562284,0.9011007331071075,0.4428644290085977,0.8880774202821378,0.8718616656168812,0.3757589741098752,0.8552071493654027,0.01317404131967288,0.15768639743328094,0.050952812440620124,0.0024781894797896954,0.004108393124210779,0.13612307608127594,37,teacherA_member,2,3.5
teacherA_3,test_w42-45,all,all,1.3493442022256688,100000,100000,0.96329,0.9514361390350282,0.8926990269499999,0.49719,0.8787387024000001,0.8567180113,0.48334,0.8398064523000001,0.014986563416719407,0.1740010678768158,0.05664962210635068,0.00255851797093213,0.00457790897287428,0.15043501555919647,37,teacherA_member,3,3.5
teacherA_3,test_w42-45,all,near,1.3493442022256688,100000,11103,0.96329,0.9514361390350282,0.8605673029811762,0.6158695847969018,0.8493960713320724,0.8079211911195172,0.5483202737998739,0.7929016806268576,0.014986563416719407,0.1740010678768158,0.05664962210635068,0.00255851797093213,0.00457790897287428,0.15043501555919647,37,teacherA_member,3,3.5
teacherA_3,test_w42-45,all,far,1.3493442022256688,100000,88897,0.96329,0.9514361390350282,0.8967121942247769,0.48236723398989845,0.882403519353859,0.8628126049810454,0.47522413579760847,0.8456647341305106,0.014986563416719407,0.1740010678768158,0.05664962210635068,0.00255851797093213,0.00457790897287428,0.15043501555919647,37,teacherA_member,3,3.5
teacherA_3,test_w42-45,ge5,all,1.3493442022256688,95189,93109,0.9670445114456502,0.9544611052948265,0.8962377676603802,0.4686872375387986,0.884052947672985,0.8607189898137648,0.4554769141543782,0.8455600628118489,0.013469719603296284,0.1531505286693573,0.05086656817179847,0.0022403033861875545,0.0042728927823529675,0.1324414163827896,37,teacherA_member,3,3.5
teacherA_3,test_w42-45,ge5,near,1.3493442022256688,95189,10761,0.9670445114456502,0.9544611052948265,0.8668592656587234,0.581451537961156,0.8569470702654606,0.8133614503590234,0.5287612675401915,0.7998773360697827,0.013469719603296284,0.1531505286693573,0.05086656817179847,0.0022403033861875545,0.0042728927823529675,0.1324414163827896,37,teacherA_member,3,3.5
teacherA_3,test_w42-45,ge5,far,1.3493442022256688,95189,82348,0.9670445114456502,0.9544611052948265,0.9000768658781855,0.45395152280565404,0.8875950658395755,0.8669075369803321,0.4459003254480983,0.8515297502659628,0.013469719603296284,0.1531505286693573,0.05086656817179847,0.0022403033861875545,0.0042728927823529675,0.1324414163827896,37,teacherA_member,3,3.5
teacherA_4,test_w42-45,all,all,1.3446087481839755,100000,100000,0.96351,0.9506636758091902,0.8914354019999999,0.4818,0.8776863126,0.8621837276000001,0.47215,0.8451920093000003,0.013855561520457225,0.17061318457126617,0.05566506533214591,0.0030344452472264097,0.0037838990551232903,0.1488952487707138,37,teacherA_member,4,3.5
teacherA_4,test_w42-45,all,near,1.3446087481839755,100000,11103,0.96351,0.9506636758091902,0.8648167715932631,0.5948842655138251,0.8532303197334055,0.831849031793209,0.536521660812393,0.8163276411780599,0.013855561520457225,0.17061318457126617,0.05566506533214591,0.0030344452472264097,0.0037838990551232903,0.1488952487707138,37,teacherA_member,4,3.5
teacherA_4,test_w42-45,all,far,1.3446087481839755,100000,88897,0.96351,0.9506636758091902,0.8947599984813887,0.46767607455819654,0.8807408013768743,0.8659724508138631,0.46411014994881716,0.8487970924778114,0.013855561520457225,0.17061318457126617,0.05566506533214591,0.0030344452472264097,0.0037838990551232903,0.1488952487707138,37,teacherA_member,4,3.5
teacherA_4,test_w42-45,ge5,all,1.3446087481839755,95189,93109,0.9670655222767337,0.9535487545428109,0.8942991609935611,0.458033058028762,0.8824740699975678,0.8659981944542952,0.42747747263959446,0.850603355381749,0.012391814680232666,0.15049511194229126,0.049920129228362184,0.0027294669651881727,0.0034794054684287494,0.13152006268501282,37,teacherA_member,4,3.5
teacherA_4,test_w42-45,ge5,near,1.3446087481839755,95189,10761,0.9670655222767337,0.9535487545428109,0.8707726115360559,0.5685345228138649,0.8605266248930303,0.8379363722857789,0.5048787287426819,0.8238506025685624,0.012391814680232666,0.15049511194229126,0.049920129228362184,0.0027294669651881727,0.0034794054684287494,0.13152006268501282,37,teacherA_member,4,3.5
teacherA_4,test_w42-45,ge5,far,1.3446087481839755,95189,82348,0.9670655222767337,0.9535487545428109,0.8973735428694076,0.4435930441540778,0.8853420990543747,0.8696652327351935,0.4173628989167921,0.8540993282411106,0.012391814680232666,0.15049511194229126,0.049920129228362184,0.0027294669651881727,0.0034794054684287494,0.13152006268501282,37,teacherA_member,4,3.5
teacherA,test_w42-45,all,all,1.1631470735488572,100000,100000,0.96555,0.9552821442944152,0.9092713968499999,0.40159,0.8945788920000001,0.87174530105,0.42443,0.8554764077,0.007418549308329771,0.14656859636306763,0.05054045354422931,0.00222918388225227,0.0038419188685715456,0.13862298429012299,37,teacherA,,3.5
teacherA,test_w42-45,all,near,1.1631470735488572,100000,11103,0.96555,0.9552821442944152,0.8912410888948934,0.492749707286319,0.8780719039899127,0.834524842384941,0.5323786364045754,0.8201883004593353,0.007418549308329771,0.14656859636306763,0.05054045354422931,0.00222918388225227,0.0038419188685715456,0.13862298429012299,37,teacherA,,3.5
teacherA,test_w42-45,all,far,1.1631470735488572,100000,88897,0.96555,0.9552821442944152,0.9115233345894687,0.39020439384906125,0.8966405711103862,0.8763940378190489,0.41094750104053007,0.8598837988908511,0.007418549308329771,0.14656859636306763,0.05054045354422931,0.00222918388225227,0.0038419188685715456,0.13862298429012299,37,teacherA,,3.5
teacherA,test_w42-45,ge5,all,1.1631470735488572,95189,93109,0.9691981216317012,0.958112623420451,0.9120859368116122,0.36949167105220765,0.8993618781285866,0.8771723363524282,0.3703079186759604,0.8625032435734223,0.006041875522682337,0.12540775537490845,0.044849724584718954,0.0019365479564001434,0.0034226499765031377,0.11923149973154068,37,teacherA,,3.5
teacherA,test_w42-45,ge5,near,1.1631470735488572,95189,10761,0.9691981216317012,0.958112623420451,0.8961335427766234,0.4643620481367903,0.8845674937066522,0.8411721144675506,0.5034848062447728,0.828256013089328,0.006041875522682337,0.12540775537490845,0.044849724584718954,0.0019365479564001434,0.0034226499765031377,0.11923149973154068,37,teacherA,,3.5
teacherA,test_w42-45,ge5,far,1.1631470735488572,95189,82348,0.9691981216317012,0.958112623420451,0.9141705498223777,0.35709428279982514,0.9012951657708417,0.8818767418960135,0.3529047457133142,0.8669785732382512,0.006041875522682337,0.12540775537490845,0.044849724584718954,0.0019365479564001434,0.0034226499765031377,0.11923149973154068,37,teacherA,,3.5
teacherB,test_w42-45,all,all,1.4445600517857895,100000,100000,0.96542,0.953333353448906,0.8918003008,0.47243,0.8809928502000001,0.8797738067,0.40381,0.8628088863,0.015714713982343694,0.17789559066295624,0.05349102046114491,0.002179062010156464,0.004659948803484434,0.1458951234817505,37,teacherB,,3.5
teacherB,test_w42-45,all,near,1.4445600517857895,100000,11103,0.96542,0.953333353448906,0.8553524259209222,0.5983067639376745,0.8465737899666758,0.8475189588399532,0.5037377285418355,0.8330633108168963,0.015714713982343694,0.17789559066295624,0.05349102046114491,0.002179062010156464,0.004659948803484434,0.1458951234817505,37,teacherB,,3.5
teacherB,test_w42-45,all,far,1.4445600517857895,100000,88897,0.96542,0.953333353448906,0.8963525438991192,0.4567083253653104,0.8852916997199007,0.8838023518228961,0.3913292912021778,0.8665240299447676,0.015714713982343694,0.17789559066295624,0.05349102046114491,0.002179062010156464,0.004659948803484434,0.1458951234817505,37,teacherB,,3.5
teacherB,test_w42-45,ge5,all,1.4445600517857895,95189,93109,0.9690615512296589,0.9562707213576996,0.8969906954712823,0.4566690652890698,0.8882250110546427,0.885784645244996,0.3722411367322171,0.8706480890047129,0.014180607813918104,0.15257884562015533,0.04780840505597788,0.0018510852942122916,0.0045309519946909235,0.1254451721906662,37,teacherB,,3.5
teacherB,test_w42-45,ge5,near,1.4445600517857895,95189,10761,0.9690615512296589,0.9562707213576996,0.8625783581260505,0.5802434717963014,0.8551616055316549,0.8541971823190774,0.46928724096273583,0.8412092958871511,0.014180607813918104,0.15257884562015533,0.04780840505597788,0.0018510852942122916,0.0045309519946909235,0.1254451721906662,37,teacherB,,3.5
teacherB,test_w42-45,ge5,far,1.4445600517857895,95189,82348,0.9690615512296589,0.9562707213576996,0.901487600826264,0.44052071695730316,0.8925456418754627,0.8899124041285853,0.35955943070869967,0.8744950658922886,0.014180607813918104,0.15257884562015533,0.04780840505597788,0.0018510852942122916,0.0045309519946909235,0.1254451721906662,37,teacherB,,3.5
teacherA_0,test_w46-49,all,all,1.3233316230142453,100000,100000,0.91529,0.904062390995215,0.87561468605,0.62128,0.8357675614,0.8362434381,0.64541,0.7968363076,0.05201370256453752,0.5788264870643616,0.13683665417926197,0.008697048242831431,0.038532069583684186,0.46720829606056213,37,teacherA_member,0,7.5
teacherA_0,test_w46-49,all,near,1.3233316230142453,100000,10044,0.91529,0.904062390995215,0.8244829495221028,0.7142572680207089,0.7921370360414177,0.7731571804062126,0.6881720430107527,0.7396433373158104,0.05201370256453752,0.5788264870643616,0.13683665417926197,0.008697048242831431,0.038532069583684186,0.46720829606056213,37,teacherA_member,0,7.5
teacherA_0,test_w46-49,all,far,1.3233316230142453,100000,89956,0.91529,0.904062390995215,0.8813237789586019,0.6108986615678776,0.8406391096758414,0.8432873081284183,0.6406354217617501,0.803222165058473,0.05201370256453752,0.5788264870643616,0.13683665417926197,0.008697048242831431,0.038532069583684186,0.46720829606056213,37,teacherA_member,0,7.5
teacherA_0,test_w46-49,ge5,all,1.3233316230142453,94953,93107,0.9228249765673544,0.9091549351238154,0.8784933847506493,0.6171931218920167,0.843494084347147,0.8428689171795865,0.6098574758074043,0.8075026280366578,0.046807341391610365,0.47936782240867615,0.1240346559393915,0.0071632385438762875,0.03441725755924763,0.38967758417129517,37,teacherA_member,0,7.5
teacherA_0,test_w46-49,ge5,near,1.3233316230142453,94953,9749,0.9228249765673544,0.9091549351238154,0.829796270214382,0.704482511026772,0.8011691067782749,0.7790610314707613,0.6723766540157965,0.7492677702329784,0.046807341391610365,0.47936782240867615,0.1240346559393915,0.0071632385438762875,0.03441725755924763,0.38967758417129517,37,teacherA_member,0,7.5
teacherA_0,test_w46-49,ge5,far,1.3233316230142453,94953,83358,0.9228249765673544,0.9091549351238154,0.8841886769795184,0.6069843326375393,0.8484441336083927,0.8503314651986769,0.6025456464886394,0.8143133915953812,0.046807341391610365,0.47936782240867615,0.1240346559393915,0.0071632385438762875,0.03441725755924763,0.38967758417129517,37,teacherA_member,0,7.5
teacherA_1,test_w46-49,all,all,1.3330578296311866,100000,100000,0.91816,0.9094403717231373,0.87359149785,0.61797,0.8350022673999999,0.83877865765,0.60241,0.7981587351999999,0.047805929772406816,0.5384193062782288,0.1306569254094463,0.008541372107849244,0.034212588771581606,0.4346398413181305,37,teacherA_member,1,7.5
teacherA_1,test_w46-49,all,near,1.3330578296311866,100000,10044,0.91816,0.9094403717231373,0.8370563630027877,0.6935483870967742,0.8037725985663082,0.7903985921943448,0.6367980884109916,0.7539343269613701,0.047805929772406816,0.5384193062782288,0.1306569254094463,0.008541372107849244,0.034212588771581606,0.4346398413181305,37,teacherA_member,1,7.5
teacherA_1,test_w46-49,all,far,1.3330578296311866,100000,89956,0.91816,0.9094403717231373,0.8776708132309129,0.6095313264262529,0.8384892031659922,0.8441805138623326,0.5985704122015207,0.8030965932233537,0.047805929772406816,0.5384193062782288,0.1306569254094463,0.008541372107849244,0.034212588771581606,0.4346398413181305,37,teacherA_member,1,7.5
teacherA_1,test_w46-49,ge5,all,1.3330578296311866,94953,93107,0.9258264615125378,0.9152582964375409,0.8762889776480788,0.619244525116264,0.8427428163300291,0.8445297297550436,0.5684427594058449,0.8080195438928096,0.04224242621818604,0.4369775354862213,0.11739957428309662,0.007055717519088657,0.02979951576945012,0.35615330934524536,37,teacherA_member,1,7.5
teacherA_1,test_w46-49,ge5,near,1.3330578296311866,94953,9749,0.9258264615125378,0.9152582964375409,0.8420989070355398,0.6814032208431634,0.8128791710618828,0.7961490218918841,0.6161657605908298,0.7636475585644702,0.04224242621818604,0.4369775354862213,0.11739957428309662,0.007055717519088657,0.02979951576945012,0.35615330934524536,37,teacherA_member,1,7.5
teacherA_1,test_w46-49,ge5,far,1.3330578296311866,94953,83358,0.9258264615125378,0.9152582964375409,0.8802876220301613,0.611974855442789,0.8462354706369841,0.8501880171534689,0.5628613930276638,0.8132089976340939,0.04224242621818604,0.4369775354862213,0.11739957428309662,0.007055717519088657,0.02979951576945012,0.35615330934524536,37,teacherA_member,1,7.5
teacherA_2,test_w46-49,all,all,1.3464228271573337,100000,100000,0.92136,0.9168329035497215,0.8758997977499999,0.61213,0.8380510754,0.84364066875,0.59351,0.8019413984999999,0.04611308593183755,0.5620732307434082,0.1270004431124381,0.009571215909128994,0.032063937901929004,0.4488968849182129,37,teacherA_member,2,7.5
teacherA_2,test_w46-49,all,near,1.3464228271573337,100000,10044,0.92136,0.9168329035497215,0.8286841671644763,0.7160493827160493,0.7981934259259259,0.789989813321386,0.6793110314615691,0.7543878534448427,0.04611308593183755,0.5620732307434082,0.1270004431124381,0.009571215909128994,0.032063937901929004,0.4488968849182129,37,teacherA_member,2,7.5
teacherA_2,test_w46-49,all,far,1.3464228271573337,100000,89956,0.92136,0.9168329035497215,0.8811716394681844,0.6005269242740896,0.8425013647783361,0.8496310328382765,0.5839299212948552,0.8072509699186268,0.04611308593183755,0.5620732307434082,0.1270004431124381,0.009571215909128994,0.032063937901929004,0.4488968849182129,37,teacherA_member,2,7.5
teacherA_2,test_w46-49,ge5,all,1.3464228271573337,94953,93107,0.9291860183459185,0.9219951085143231,0.8790041189186983,0.5989560398251474,0.84609085869334,0.848602155600531,0.5549529036484905,0.8116418725226463,0.04054739147657901,0.449923574924469,0.11344652893703343,0.008037672085550951,0.02754014482767768,0.36293715238571167,37,teacherA_member,2,7.5
teacherA_2,test_w46-49,ge5,near,1.3464228271573337,94953,9749,0.9291860183459185,0.9219951085143231,0.834896596817327,0.7026361678120833,0.8082417033576491,0.7966338620700661,0.650117960816494,0.7653775418648229,0.04054739147657901,0.449923574924469,0.11344652893703343,0.008037672085550951,0.02754014482767768,0.36293715238571167,37,teacherA_member,2,7.5
teacherA_2,test_w46-49,ge5,far,1.3464228271573337,94953,83358,0.9291860183459185,0.9219951085143231,0.8841626427912272,0.5868302982317234,0.8505174454080842,0.8546800232752413,0.5438230283835984,0.8170526424497454,0.04054739147657901,0.449923574924469,0.11344652893703343,0.008037672085550951,0.02754014482767768,0.36293715238571167,37,teacherA_member,2,7.5
teacherA_3,test_w46-49,all,all,1.3493442022256688,100000,100000,0.92047,0.9140307992737625,0.8756981294,0.60623,0.8377504026000001,0.8381259724500001,0.62018,0.7994188717,0.04868705978602168,0.5087761878967285,0.1292907244917765,0.008477548622150676,0.034652321906536804,0.40711015462875366,37,teacherA_member,3,7.5
teacherA_3,test_w46-49,all,near,1.3493442022256688,100000,10044,0.92047,0.9140307992737625,0.832958226802071,0.7176423735563521,0.8020479828753484,0.7784922082835524,0.6615890083632019,0.7447924880525686,0.04868705978602168,0.5087761878967285,0.1292907244917765,0.008477548622150676,0.034652321906536804,0.40711015462875366,37,teacherA_member,3,7.5
teacherA_3,test_w46-49,all,far,1.3493442022256688,100000,89956,0.92047,0.9140307992737625,0.880470235559607,0.5937902974787674,0.8417367415180754,0.8447843557405844,0.6155564942860954,0.8055181579883497,0.04868705978602168,0.5087761878967285,0.1292907244917765,0.008477548622150676,0.034652321906536804,0.40711015462875366,37,teacherA_member,3,7.5
teacherA_3,test_w46-49,ge5,all,1.3493442022256688,94953,93107,0.928448811517277,0.9194857396475374,0.8789453885269081,0.60181296787567,0.8458036688273305,0.8430730754290279,0.5904282169976479,0.8087014638006114,0.0430529519672179,0.4207998514175415,0.1158255253939898,0.007075463502551345,0.030170198296797044,0.33933159708976746,37,teacherA_member,3,7.5
teacherA_3,test_w46-49,ge5,near,1.3493442022256688,94953,9749,0.928448811517277,0.9194857396475374,0.8385490513909599,0.7017129962047389,0.811434195769395,0.7842116580208931,0.6311416555544158,0.7545207537322829,0.0430529519672179,0.4207998514175415,0.1158255253939898,0.007075463502551345,0.030170198296797044,0.33933159708976746,37,teacherA_member,3,7.5
teacherA_3,test_w46-49,ge5,far,1.3493442022256688,94953,83358,0.928448811517277,0.9194857396475374,0.8836698767672494,0.5901293217207707,0.8498232949321053,0.849957117252391,0.5856666426737686,0.8150380810713727,0.0430529519672179,0.4207998514175415,0.1158255253939898,0.007075463502551345,0.030170198296797044,0.33933159708976746,37,teacherA_member,3,7.5
teacherA_4,test_w46-49,all,all,1.3446087481839755,100000,100000,0.92235,0.920204910548205,0.87370315955,0.61221,0.8375311444,0.84076518455,0.65844,0.8040990958,0.04466731029868123,0.5200712084770203,0.12530748038533196,0.010787834243859816,0.03040805204108355,0.4185161590576172,37,teacherA_member,4,7.5
teacherA_4,test_w46-49,all,near,1.3446087481839755,100000,10044,0.92235,0.920204910548205,0.8354880814416568,0.6983273596176822,0.8047947929111907,0.7998225826363998,0.6743329350856233,0.7664814097968936,0.04466731029868123,0.5200712084770203,0.12530748038533196,0.010787834243859816,0.03040805204108355,0.4185161590576172,37,teacherA_member,4,7.5
teacherA_4,test_w46-49,all,far,1.3446087481839755,100000,89956,0.92235,0.920204910548205,0.8779700483013917,0.6025946018053271,0.8411863081951177,0.8453366138445462,0.6566654809017742,0.8082992829827916,0.04466731029868123,0.5200712084770203,0.12530748038533196,0.010787834243859816,0.03040805204108355,0.4185161590576172,37,teacherA_member,4,7.5
teacherA_4,test_w46-49,ge5,all,1.3446087481839755,94953,93107,0.9303444862194981,0.9255756451178871,0.8766558253367452,0.6006637524568508,0.8453228309729326,0.845981636597533,0.6164842600448945,0.8132247543271893,0.03922170611755776,0.43044403195381165,0.11194605927991631,0.009330755647467232,0.02614136024658764,0.3491467535495758,37,teacherA_member,4,7.5
teacherA_4,test_w46-49,ge5,near,1.3446087481839755,94953,9749,0.9303444862194981,0.9255756451178871,0.8411134245287877,0.6838650117960816,0.8142168639263423,0.8064106232399548,0.6429377372038158,0.7767413858730247,0.03922170611755776,0.43044403195381165,0.11194605927991631,0.009330755647467232,0.02614136024658764,0.3491467535495758,37,teacherA_member,4,7.5
teacherA_4,test_w46-49,ge5,far,1.3446087481839755,94953,83358,0.9303444862194981,0.9255756451178871,0.880812629308491,0.5909330838071931,0.8489607790131594,0.8506096004309147,0.6133904364308165,0.8174916076473224,0.03922170611755776,0.43044403195381165,0.11194605927991631,0.009330755647467232,0.02614136024658764,0.3491467535495758,37,teacherA_member,4,7.5
teacherA,test_w46-49,all,all,1.1631470735488572,100000,100000,0.92461,0.9239239303010879,0.89099116005,0.57037,0.8526142720000001,0.8525109274999999,0.60896,0.8149290153,0.03437572112992404,0.44740909337997437,0.11826184708232738,0.007882212034834062,0.027880955285131882,0.4036591053009033,37,teacherA,,7.5
teacherA,test_w46-49,all,near,1.1631470735488572,100000,10044,0.92461,0.9239239303010879,0.8617795504778972,0.6485463958582238,0.8278718130227003,0.8022511150935883,0.6665671047391477,0.7697228464755077,0.03437572112992404,0.44740909337997437,0.11826184708232738,0.007882212034834062,0.027880955285131882,0.4036591053009033,37,teacherA,,7.5
teacherA,test_w46-49,all,far,1.1631470735488572,100000,89956,0.92461,0.9239239303010879,0.8942527702432301,0.5616412468317844,0.8553768810307263,0.8581226660811954,0.6025279025301259,0.8199764913957935,0.03437572112992404,0.44740909337997437,0.11826184708232738,0.007882212034834062,0.027880955285131882,0.4036591053009033,37,teacherA,,7.5
teacherA,test_w46-49,ge5,all,1.1631470735488572,94953,93107,0.932587701283793,0.9290653165402067,0.893757815667694,0.5671861406768557,0.8605955259148556,0.8586602633996975,0.5773572341499565,0.8252826654875709,0.028777322141857783,0.35495468974113464,0.10473126139408681,0.006364055407054124,0.022718095514549216,0.3230327069759369,37,teacherA,,7.5
teacherA,test_w46-49,ge5,near,1.1631470735488572,94953,9749,0.932587701283793,0.9290653165402067,0.8662097115368976,0.6364755359524054,0.836800652773567,0.8091166539922683,0.6450918042876193,0.7805677553835157,0.028777322141857783,0.35495468974113464,0.10473126139408681,0.006364055407054124,0.022718095514549216,0.3230327069759369,37,teacherA,,7.5
teacherA,test_w46-49,ge5,far,1.1631470735488572,94953,83358,0.932587701283793,0.9290653165402067,0.8969796596079413,0.5590825115765733,0.863378416798207,0.8644545560664244,0.5694354471076561,0.8305122254410781,0.028777322141857783,0.35495468974113464,0.10473126139408681,0.006364055407054124,0.022718095514549216,0.3230327069759369,37,teacherA,,7.5
teacherB,test_w46-49,all,all,1.4445600517857895,100000,100000,0.92461,0.9275119543801411,0.87387137085,0.57642,0.8396592355,0.8611384823000001,0.53393,0.8210124092,0.04811625670313839,0.551295280456543,0.12445329884510631,0.0074490241589772015,0.03292240738525988,0.41460883617401123,37,teacherB,,7.5
teacherB,test_w46-49,all,near,1.4445600517857895,100000,10044,0.92461,0.9275119543801411,0.8308161061330147,0.6778176025487853,0.8028945888092394,0.8240382730983671,0.6158900836320191,0.7892455097570689,0.04811625670313839,0.551295280456543,0.12445329884510631,0.0074490241589772015,0.03292240738525988,0.41460883617401123,37,teacherB,,7.5
teacherB,test_w46-49,all,far,1.4445600517857895,100000,89956,0.92461,0.9275119543801411,0.8786786886366668,0.5650984925963805,0.8437641769309441,0.8652808908244031,0.5247787807372494,0.8245593292276224,0.04811625670313839,0.551295280456543,0.12445329884510631,0.0074490241589772015,0.03292240738525988,0.41460883617401123,37,teacherB,,7.5
teacherB,test_w46-49,ge5,all,1.4445600517857895,94953,93107,0.9327246111233979,0.9331920700663229,0.8780129677297327,0.5646621628878602,0.849250075940988,0.8672146131583078,0.5037107843663742,0.8321591948560944,0.04207550831069333,0.43687501549720764,0.11052279837314086,0.005784681902428587,0.0282769326328981,0.33174407482147217,37,teacherB,,7.5
teacherB,test_w46-49,ge5,near,1.4445600517857895,94953,9749,0.9327246111233979,0.9331920700663229,0.837416845356115,0.6609908708585496,0.8137096568132558,0.8309941267950611,0.5852907990563134,0.8007292597340595,0.04207550831069333,0.43687501549720764,0.11052279837314086,0.005784681902428587,0.0282769326328981,0.33174407482147217,37,teacherB,,7.5
teacherB,test_w46-49,ge5,far,1.4445600517857895,94953,83358,0.9327246111233979,0.9331920700663229,0.8827608215292528,0.553396194726361,0.8534066481485297,0.8714507215288938,0.4941697257611747,0.8358350320583392,0.04207550831069333,0.43687501549720764,0.11052279837314086,0.005784681902428587,0.0282769326328981,0.33174407482147217,37,teacherB,,7.5
teacherA_0,test_w51-51,all,all,1.3233316230142453,100000,43579,0.88213,0.850928680168443,0.8602618226668809,0.7685123568691342,0.8085422297436838,0.8144221013561577,0.8003166662842195,0.7658674402808693,0.06947857558459042,0.7880004644393921,0.18495323500993177,0.013734676338148668,0.0514526329218596,0.640329897403717,37,teacherA_member,0,11.0
teacherA_0,test_w51-51,all,near,1.3233316230142453,100000,6654,0.88213,0.850928680168443,0.8047625518485122,0.8306281935677787,0.7633894153892395,0.734720136008416,0.7944093778178539,0.6941901157198678,0.06947857558459042,0.7880004644393921,0.18495323500993177,0.013734676338148668,0.0514526329218596,0.640329897403717,37,teacherA_member,0,11.0
teacherA_0,test_w51-51,all,far,1.3233316230142453,100000,36925,0.88213,0.850928680168443,0.8702629641164523,0.7573188896411646,0.8166789075152336,0.8287846437373054,0.8013811780636425,0.7787839174001353,0.06947857558459042,0.7880004644393921,0.18495323500993177,0.013734676338148668,0.0514526329218596,0.640329897403717,37,teacherA_member,0,11.0
teacherA_0,test_w51-51,ge5,all,1.3233316230142453,93905,40935,0.8887705659975507,0.8555867046215593,0.8624006028041862,0.7747160131916453,0.8150879555857576,0.8194589010498936,0.7844631733235617,0.7739156099503532,0.06485244348818966,0.6945990920066833,0.1737343067350614,0.01219253656112715,0.04780382552131547,0.5674651861190796,37,teacherA_member,0,11.0
teacherA_0,test_w51-51,ge5,near,1.3233316230142453,93905,6460,0.8887705659975507,0.8555867046215593,0.8099451589883261,0.820123839009288,0.7716884563033288,0.7410750358169437,0.7764705882352941,0.7034792210624564,0.06485244348818966,0.6945990920066833,0.1737343067350614,0.01219253656112715,0.04780382552131547,0.5674651861190796,37,teacherA_member,0,11.0
teacherA_0,test_w51-51,ge5,far,1.3233316230142453,93905,34475,0.8887705659975507,0.8555867046215593,0.8722298172218934,0.7662073966642494,0.8232202475470191,0.8341466391036966,0.7859608411892676,0.7871141327122333,0.06485244348818966,0.6945990920066833,0.1737343067350614,0.01219253656112715,0.04780382552131547,0.5674651861190796,37,teacherA_member,0,11.0
teacherA_1,test_w51-51,all,all,1.3330578296311866,100000,43579,0.88277,0.851448545268124,0.8615343914500102,0.7398747102962436,0.8076837644278207,0.823146652286652,0.7726886803276808,0.7712095337203699,0.06834651463769373,0.7541569471359253,0.18498972976361688,0.013923466739176538,0.05020248703368009,0.6109813451766968,37,teacherA_member,1,11.0
teacherA_1,test_w51-51,all,near,1.3330578296311866,100000,6654,0.88277,0.851448545268124,0.8157820401262399,0.7843402464682897,0.7703818319807635,0.7590028434024647,0.8136459272617974,0.7147003411481816,0.06834651463769373,0.7541569471359253,0.18498972976361688,0.013923466739176538,0.05020248703368009,0.6109813451766968,37,teacherA_member,1,11.0
teacherA_1,test_w51-51,all,far,1.3330578296311866,100000,36925,0.88277,0.851448545268124,0.8697791076506431,0.7318618821936358,0.8144056888287068,0.8347055664184158,0.765308056872038,0.7813926662153013,0.06834651463769373,0.7541569471359253,0.18498972976361688,0.013923466739176538,0.05020248703368009,0.6109813451766968,37,teacherA_member,1,11.0
teacherA_1,test_w51-51,ge5,all,1.3330578296311866,93905,40935,0.8896863851765082,0.8569595080181213,0.8633502943713329,0.7441797972395261,0.8142135513265029,0.8293299608577773,0.7617930866007084,0.7800464608338732,0.06316663405809034,0.6612680554389954,0.17327404067568594,0.012385067104964264,0.04611751406283609,0.5390641689300537,37,teacherA_member,1,11.0
teacherA_1,test_w51-51,ge5,near,1.3330578296311866,93905,6460,0.8896863851765082,0.8569595080181213,0.8206092894422811,0.7794117647058824,0.7786375846217021,0.7660274389686039,0.8021671826625387,0.7243374133300847,0.06316663405809034,0.6612680554389954,0.17327404067568594,0.012385067104964264,0.04611751406283609,0.5390641689300537,37,teacherA_member,1,11.0
teacherA_1,test_w51-51,ge5,far,1.3330578296311866,93905,34475,0.8896863851765082,0.8569595080181213,0.8713591962376616,0.737577955039884,0.8208798528468224,0.8411917242052482,0.7542277012327774,0.7904853425416172,0.06316663405809034,0.6612680554389954,0.17327404067568594,0.012385067104964264,0.04611751406283609,0.5390641689300537,37,teacherA_member,1,11.0
teacherA_2,test_w51-51,all,all,1.3464228271573337,100000,43579,0.88514,0.8591266586284416,0.8629796123132701,0.7452901626930403,0.8104173136143555,0.8228162348837743,0.7928130521581496,0.7706549239312513,0.06789912957221268,0.7804756164550781,0.18173180981379122,0.01460249704684382,0.04896114043511446,0.626013457775116,37,teacherA_member,2,11.0
teacherA_2,test_w51-51,all,near,1.3464228271573337,100000,6654,0.88514,0.8591266586284416,0.8086812744214007,0.8067327923053802,0.7668429801623083,0.7549091493838292,0.8336339044183949,0.71188625488428,0.06789912957221268,0.7804756164550781,0.18173180981379122,0.01460249704684382,0.04896114043511446,0.626013457775116,37,teacherA_member,2,11.0
teacherA_2,test_w51-51,all,far,1.3464228271573337,100000,36925,0.88514,0.8591266586284416,0.8727643419092755,0.734218009478673,0.818269544211239,0.8350533031821259,0.7854570074475288,0.7812452211238998,0.06789912957221268,0.7804756164550781,0.18173180981379122,0.01460249704684382,0.04896114043511446,0.626013457775116,37,teacherA_member,2,11.0
teacherA_2,test_w51-51,ge5,all,1.3464228271573337,93905,40935,0.8921569671476492,0.8644425141746568,0.8657057409718403,0.7434469280566752,0.8174002134637746,0.8273258359500891,0.7857334799071699,0.7788187822289101,0.06290219661958565,0.6761252880096436,0.16988227641533313,0.013035113448916176,0.044870852143497564,0.5461797118186951,37,teacherA_member,2,11.0
teacherA_2,test_w51-51,ge5,near,1.3464228271573337,93905,6460,0.8921569671476492,0.8644425141746568,0.8148185604547644,0.798452012383901,0.7760495349443306,0.761990790705909,0.8263157894736842,0.7222114619824429,0.06290219661958565,0.6761252880096436,0.16988227641533313,0.013035113448916176,0.044870852143497564,0.5461797118186951,37,teacherA_member,2,11.0
teacherA_2,test_w51-51,ge5,far,1.3464228271573337,93905,34475,0.8921569671476492,0.8644425141746568,0.8752410908236259,0.7331399564902102,0.8251485929629946,0.8395684579160763,0.7781290790427846,0.7894259842243323,0.06290219661958565,0.6761252880096436,0.16988227641533313,0.013035113448916176,0.044870852143497564,0.5461797118186951,37,teacherA_member,2,11.0
teacherA_3,test_w51-51,all,all,1.3493442022256688,100000,43579,0.87915,0.8535307437121463,0.862867544918424,0.7581633355515272,0.808094644209367,0.8144973520502995,0.8111246242456229,0.7648509277404255,0.07442857450395823,0.7829395532608032,0.19154891387335457,0.015291911857332377,0.055540965988487,0.6273159980773926,37,teacherA_member,3,11.0
teacherA_3,test_w51-51,all,near,1.3493442022256688,100000,6654,0.87915,0.8535307437121463,0.8130092763751127,0.8291253381424707,0.7687901517883979,0.7383647114517583,0.8715058611361587,0.6978247219717464,0.07442857450395823,0.7829395532608032,0.19154891387335457,0.015291911857332377,0.055540965988487,0.6273159980773926,37,teacherA_member,3,11.0
teacherA_3,test_w51-51,all,far,1.3493442022256688,100000,36925,0.87915,0.8535307437121463,0.8718521601895736,0.7453757616790793,0.8151774361543671,0.8282166909952606,0.8002437373053487,0.7769292587677724,0.07442857450395823,0.7829395532608032,0.19154891387335457,0.015291911857332377,0.055540965988487,0.6273159980773926,37,teacherA_member,3,11.0
teacherA_3,test_w51-51,ge5,all,1.3493442022256688,93905,40935,0.8859592140993557,0.8586816079285254,0.8654282925654933,0.7608159276902406,0.814766049596746,0.820070549145969,0.7957249297667033,0.7735217474276656,0.06972837807046017,0.7044693827629089,0.18033343551925707,0.013829574213552262,0.0518898232347141,0.5667059421539307,37,teacherA_member,3,11.0
teacherA_3,test_w51-51,ge5,near,1.3493442022256688,93905,6460,0.8859592140993557,0.8586816079285254,0.8183182644735317,0.8246130030959752,0.7771211617432348,0.7449470654338592,0.8591331269349846,0.7072752648541615,0.06972837807046017,0.7044693827629089,0.18033343551925707,0.013829574213552262,0.0518898232347141,0.5667059421539307,37,teacherA_member,3,11.0
teacherA_3,test_w51-51,ge5,far,1.3493442022256688,93905,34475,0.8859592140993557,0.8586816079285254,0.8742558714334867,0.7488614938361131,0.821820030032821,0.8341473498647574,0.7838433647570704,0.7859351564900249,0.06972837807046017,0.7044693827629089,0.18033343551925707,0.013829574213552262,0.0518898232347141,0.5667059421539307,37,teacherA_member,3,11.0
teacherA_4,test_w51-51,all,all,1.3446087481839755,100000,43579,0.88501,0.8685615371617279,0.8583892199224397,0.7689483466807407,0.8088240361183139,0.811818190757016,0.847564193763051,0.7676072716216527,0.06576243337228899,0.7514363527297974,0.18019970583126163,0.01566736889570236,0.04632479925841093,0.6076223850250244,37,teacherA_member,4,11.0
teacherA_4,test_w51-51,all,near,1.3446087481839755,100000,6654,0.88501,0.8685615371617279,0.8135435535016531,0.8274721971746318,0.7727863195070636,0.7597901247370002,0.8656447249774571,0.7205696137661556,0.06576243337228899,0.7514363527297974,0.18019970583126163,0.01566736889570236,0.04632479925841093,0.6076223850250244,37,teacherA_member,4,11.0
teacherA_4,test_w51-51,all,far,1.3446087481839755,100000,36925,0.88501,0.8685615371617279,0.8664705486797561,0.7584021665538253,0.815318144888287,0.8211938102911307,0.8443060257278266,0.7760836040622884,0.06576243337228899,0.7514363527297974,0.18019970583126163,0.01566736889570236,0.04632479925841093,0.6076223850250244,37,teacherA_member,4,11.0
teacherA_4,test_w51-51,ge5,all,1.3446087481839755,93905,40935,0.8920611256056653,0.8732534779555884,0.860611679703766,0.7762550384756322,0.815373595716968,0.817958940920459,0.8358617320141688,0.776350301453797,0.06103943341977104,0.6641334295272827,0.16882190866973154,0.014171694605832896,0.042707624042556486,0.5400939583778381,37,teacherA_member,4,11.0
teacherA_4,test_w51-51,ge5,near,1.3446087481839755,93905,6460,0.8920611256056653,0.8732534779555884,0.8191493074072127,0.8198142414860681,0.78126031792555,0.7674383248797488,0.8523219814241486,0.7306209885723716,0.06103943341977104,0.6641334295272827,0.16882190866973154,0.014171694605832896,0.042707624042556486,0.5400939583778381,37,teacherA_member,4,11.0
teacherA_4,test_w51-51,ge5,far,1.3446087481839755,93905,34475,0.8920611256056653,0.8732534779555884,0.8683809886243095,0.7680928208846991,0.8217658154278472,0.8274256031285224,0.8327773749093546,0.7849191589219336,0.06103943341977104,0.6641334295272827,0.16882190866973154,0.014171694605832896,0.042707624042556486,0.5400939583778381,37,teacherA_member,4,11.0
teacherA,test_w51-51,all,all,1.1631470735488572,100000,43579,0.89041,0.8729290771880711,0.8730224576057275,0.7555473966818881,0.8234062766470088,0.8279637979301957,0.8133045733036555,0.7815980238188118,0.04455710182398556,0.6153941750526428,0.1644458682781529,0.012623368455354105,0.036149197943508585,0.5594413876533508,37,teacherA,,11.0
teacherA,test_w51-51,all,near,1.1631470735488572,100000,6654,0.89041,0.8729290771880711,0.8398000330628194,0.7874962428614367,0.7960127908025248,0.763830504959423,0.850015028554253,0.7254748001202285,0.04455710182398556,0.6153941750526428,0.1644458682781529,0.012623368455354105,0.036149197943508585,0.5594413876533508,37,teacherA,,11.0
teacherA,test_w51-51,all,far,1.1631470735488572,100000,36925,0.89041,0.8729290771880711,0.8790092419769804,0.749790115098172,0.828342668111036,0.8395208170616114,0.8066892349356805,0.7917116035206501,0.04455710182398556,0.6153941750526428,0.1644458682781529,0.012623368455354105,0.036149197943508585,0.5594413876533508,37,teacherA,,11.0
teacherA,test_w51-51,ge5,all,1.1631470735488572,93905,40935,0.8975666897396305,0.87753662009661,0.8746773281098177,0.7451325271772322,0.8297925829848373,0.8338897181788714,0.8013924514474167,0.7904914144569688,0.03891154629872142,0.5246802568435669,0.15228518490696916,0.011063685538943617,0.03186070760353506,0.4805417060852051,37,teacherA,,11.0
teacherA,test_w51-51,ge5,near,1.1631470735488572,93905,6460,0.8975666897396305,0.87753662009661,0.8435842296979211,0.780030959752322,0.8037484724945161,0.7715683461135793,0.8315789473684211,0.736028612673074,0.03891154629872142,0.5246802568435669,0.15228518490696916,0.011063685538943617,0.03186070760353506,0.4805417060852051,37,teacherA,,11.0
teacherA,test_w51-51,ge5,far,1.1631470735488572,93905,34475,0.8975666897396305,0.87753662009661,0.8805036200819962,0.7385931834662799,0.8346727846894778,0.8455676315520921,0.795736040609137,0.8006967719485993,0.03891154629872142,0.5246802568435669,0.15228518490696916,0.011063685538943617,0.03186070760353506,0.4805417060852051,37,teacherA,,11.0
teacherB,test_w51-51,all,all,1.4445600517857895,100000,43579,0.88969,0.8722651243958667,0.8651015587783106,0.712109043346566,0.8148602889006172,0.8411769800821497,0.7658734711673053,0.7912496218362056,0.07027192798793316,0.7806811928749084,0.17850594581799295,0.012863404755041488,0.04925482885718345,0.5901150107383728,37,teacherB,,11.0
teacherB,test_w51-51,all,near,1.4445600517857895,100000,6654,0.88969,0.8722651243958667,0.811799416892095,0.7874962428614367,0.7722894093778179,0.7893847024346258,0.8309287646528404,0.7468581740306582,0.07027192798793316,0.7806811928749084,0.17850594581799295,0.012863404755041488,0.04925482885718345,0.5901150107383728,37,teacherB,,11.0
teacherB,test_w51-51,all,far,1.4445600517857895,100000,36925,0.88969,0.8722651243958667,0.8747067707515235,0.6985240352064996,0.8225316939742722,0.850510109817197,0.7541503046716317,0.7992490989844279,0.07027192798793316,0.7806811928749084,0.17850594581799295,0.012863404755041488,0.04925482885718345,0.5901150107383728,37,teacherB,,11.0
teacherB,test_w51-51,ge5,all,1.4445600517857895,93905,40935,0.8970555348490495,0.8777943939078844,0.868138586352019,0.705215585684622,0.8228371337581601,0.8467340252568992,0.7509466226945157,0.8007106527484348,0.0647175376031302,0.6707525253295898,0.1662298935495298,0.011147718279880169,0.04507122958769946,0.5105706453323364,37,teacherB,,11.0
teacherB,test_w51-51,ge5,near,1.4445600517857895,93905,6460,0.8970555348490495,0.8777943939078844,0.818715982145845,0.7789473684210526,0.7827555844512512,0.7966505095476408,0.8143962848297214,0.7575698646761607,0.0647175376031302,0.6707525253295898,0.1662298935495298,0.011147718279880169,0.04507122958769946,0.5105706453323364,37,teacherB,,11.0
teacherB,test_w51-51,ge5,far,1.4445600517857895,93905,34475,0.8970555348490495,0.8777943939078844,0.8773995007297386,0.691399564902103,0.8303477010829645,0.8561187826602873,0.7390572878897752,0.8087944668440662,0.0647175376031302,0.6707525253295898,0.1662298935495298,0.011147718279880169,0.04507122958769946,0.5105706453323364,37,teacherB,,11.0
student_kdM0_s0,val,all,all,1.6651443008917466,200000,54382,0.934225,0.9052892564109534,0.8795255045787209,0.7253319112941782,0.8559956487440697,0.8345281120591374,0.6358353867088374,0.8052361567246517,0.03244491657853131,0.27900460362434387,0.10026678584560138,0.005227623005891808,0.005746668107993857,0.2269054353237152,37,kdM0,0,1.0
student_kdM0_s0,val,all,near,1.6651443008917466,200000,12295,0.934225,0.9052892564109534,0.8725750494103294,0.7000406669377796,0.8482223090687273,0.7532901708011387,0.7778771858479057,0.7316097930052867,0.03244491657853131,0.27900460362434387,0.10026678584560138,0.005227623005891808,0.005746668107993857,0.2269054353237152,37,kdM0,0,1.0
student_kdM0_s0,val,all,far,1.6651443008917466,200000,42087,0.934225,0.9052892564109534,0.881555961638986,0.7327203174376886,0.8582664974932878,0.8582603925202557,0.5943402951030009,0.8267448444887971,0.03244491657853131,0.27900460362434387,0.10026678584560138,0.005227623005891808,0.005746668107993857,0.2269054353237152,37,kdM0,0,1.0
student_kdM0_s0,val,ge5,all,1.6651443008917466,190477,52884,0.9418302472214493,0.9122646852363491,0.887304984002604,0.7015732546705998,0.8667528653558022,0.844432996109846,0.5830118750472733,0.817276588790858,0.028054666820541203,0.24392738938331604,0.08851725575711661,0.004260643586287629,0.004435853218204568,0.19885556399822235,37,kdM0,0,1.0
student_kdM0_s0,val,ge5,near,1.6651443008917466,190477,11763,0.9418302472214493,0.9122646852363491,0.8784893166308099,0.6794185156847743,0.8572749126259978,0.7607072889909613,0.7417325512199269,0.7406476098350083,0.028054666820541203,0.24392738938331604,0.08851725575711661,0.004260643586287629,0.004435853218204568,0.19885556399822235,37,kdM0,0,1.0
student_kdM0_s0,val,ge5,far,1.6651443008917466,190477,41121,0.9418302472214493,0.9122646852363491,0.889826778105238,0.7079107998346343,0.86946411162804,0.8683834227249438,0.5376085211935507,0.8391969379909665,0.028054666820541203,0.24392738938331604,0.08851725575711661,0.004260643586287629,0.004435853218204568,0.19885556399822235,37,kdM0,0,1.0
student_kdM0_s0,test_w42-45,all,all,1.6651443008917466,100000,100000,0.92348,0.8908106654989498,0.8666985146999999,0.646,0.8337287243,0.8336862115499999,0.55328,0.7958180421,0.04168342007666829,0.3750148415565491,0.11908015428130077,0.007314189489080511,0.009853218321129703,0.28945690393447876,37,kdM0,0,3.5
student_kdM0_s0,test_w42-45,all,near,1.6651443008917466,100000,11103,0.92348,0.8908106654989498,0.8450013554895074,0.7408808430154012,0.8175166396469422,0.7851984652796541,0.6295595784922994,0.7519362757813204,0.04168342007666829,0.3750148415565491,0.11908015428130077,0.007314189489080511,0.009853218321129703,0.28945690393447876,37,kdM0,0,3.5
student_kdM0_s0,test_w42-45,all,far,1.6651443008917466,100000,88897,0.92348,0.8908106654989498,0.8694084324555383,0.6341496338459116,0.8357535707616679,0.839742202717752,0.5437528825494674,0.801298758563281,0.04168342007666829,0.3750148415565491,0.11908015428130077,0.007314189489080511,0.009853218321129703,0.28945690393447876,37,kdM0,0,3.5
student_kdM0_s0,test_w42-45,ge5,all,1.6651443008917466,95189,93109,0.9320509722762084,0.8977089859475214,0.870296836308219,0.6301753858381037,0.8417066506886535,0.8389314317963372,0.513462715741765,0.8045797884776479,0.0362208956365374,0.33731478452682495,0.10595315612327429,0.006120404023375125,0.007649806277231639,0.2598533630371094,37,kdM0,0,3.5
student_kdM0_s0,test_w42-45,ge5,near,1.6651443008917466,95189,10761,0.9320509722762084,0.8977089859475214,0.8517526103914821,0.7253972679119041,0.8277718092028825,0.7916459686013583,0.6104451259176656,0.7615190336500819,0.0362208956365374,0.33731478452682495,0.10595315612327429,0.006120404023375125,0.007649806277231639,0.2598533630371094,37,kdM0,0,3.5
student_kdM0_s0,test_w42-45,ge5,far,1.6651443008917466,95189,82348,0.9320509722762084,0.8977089859475214,0.8727201424612524,0.6177320639238354,0.8435276157300435,0.8451105602444011,0.5007893330742702,0.810206844176626,0.0362208956365374,0.33731478452682495,0.10595315612327429,0.006120404023375125,0.007649806277231639,0.2598533630371094,37,kdM0,0,3.5
student_kdM0_s0,test_w46-49,all,all,1.6651443008917466,100000,100000,0.87793,0.8389981873232474,0.8468532724500001,0.72439,0.7910143652,0.8135768022000001,0.68748,0.7540383744000001,0.07710291803896424,0.6782326698303223,0.19421157601450953,0.015303179148477175,0.03759670604452495,0.48962152004241943,37,kdM0,0,7.5
student_kdM0_s0,test_w46-49,all,near,1.6651443008917466,100000,10044,0.87793,0.8389981873232474,0.814294482277977,0.8035643170051773,0.7681478225806453,0.7530301115093587,0.6879729191557149,0.7006819613699722,0.07710291803896424,0.6782326698303223,0.19421157601450953,0.015303179148477175,0.03759670604452495,0.48962152004241943,37,kdM0,0,7.5
student_kdM0_s0,test_w46-49,all,far,1.6651443008917466,100000,89956,0.87793,0.8389981873232474,0.8504886107096803,0.7155498243585753,0.7935675195651207,0.8203371179243185,0.6874249633153986,0.7599958626439592,0.07710291803896424,0.6782326698303223,0.19421157601450953,0.015303179148477175,0.03759670604452495,0.48962152004241943,37,kdM0,0,7.5
student_kdM0_s0,test_w46-49,ge5,all,1.6651443008917466,94953,93107,0.8889766516065843,0.8473748331462972,0.8507754109585114,0.7029868860558283,0.800884326413134,0.8190454747028029,0.6387167452500886,0.7646093087589433,0.06961394406103952,0.5967511534690857,0.1763186714678252,0.013065909074593521,0.03308408793072996,0.4332623779773712,37,kdM0,0,7.5
student_kdM0_s0,test_w46-49,ge5,near,1.6651443008917466,94953,9749,0.8889766516065843,0.8473748331462972,0.8208940567394012,0.7838752692583855,0.7796190008854487,0.7592220668556554,0.6626320648271617,0.711815760987234,0.06961394406103952,0.5967511534690857,0.1763186714678252,0.013065909074593521,0.03308408793072996,0.4332623779773712,37,kdM0,0,7.5
student_kdM0_s0,test_w46-49,ge5,far,1.6651443008917466,94953,83358,0.8889766516065843,0.8473748331462972,0.8542701363871696,0.6935267160920368,0.8033713781486532,0.826042024561267,0.6359197677487464,0.7707836927080112,0.06961394406103952,0.5967511534690857,0.1763186714678252,0.013065909074593521,0.03308408793072996,0.4332623779773712,37,kdM0,0,7.5
student_kdM0_s0,test_w51-51,all,all,1.6651443008917466,100000,43579,0.84167,0.7904647015115049,0.8423706963216229,0.7669519722802267,0.7676504456274811,0.7961213506505427,0.8153697882007389,0.7261947534362881,0.10364823462173348,0.9945195913314819,0.2528933846020767,0.023831714549477735,0.056973998606577515,0.699560284614563,37,kdM0,0,11.0
student_kdM0_s0,test_w51-51,all,near,1.6651443008917466,100000,6654,0.84167,0.7904647015115049,0.8026363255184852,0.8417493237150586,0.7414095506462278,0.7283793222122031,0.7781785392245266,0.6661299263600842,0.10364823462173348,0.9945195913314819,0.2528933846020767,0.023831714549477735,0.056973998606577515,0.699560284614563,37,kdM0,0,11.0
student_kdM0_s0,test_w51-51,all,far,1.6651443008917466,100000,36925,0.84167,0.7904647015115049,0.8495309536899119,0.7534732566012187,0.7723791366283006,0.8083286751523358,0.8220717670954638,0.7370186223425863,0.10364823462173348,0.9945195913314819,0.2528933846020767,0.023831714549477735,0.056973998606577515,0.699560284614563,37,kdM0,0,11.0
student_kdM0_s0,test_w51-51,ge5,all,1.6651443008917466,93905,40935,0.8509451040945637,0.7958417826419046,0.8455705530579083,0.765433003542201,0.7762820600594639,0.8009793658556829,0.786368633198974,0.7349135347233602,0.09762244835384075,0.9284740686416626,0.23829680604362796,0.021547211757254464,0.05395077452302377,0.6526824235916138,37,kdM0,0,11.0
student_kdM0_s0,test_w51-51,ge5,near,1.6651443008917466,93905,6460,0.8509451040945637,0.7958417826419046,0.8093614891078742,0.8339009287925696,0.7520743297809541,0.7353369562117568,0.7547987616099071,0.6767657023772297,0.09762244835384075,0.9284740686416626,0.23829680604362796,0.021547211757254464,0.05395077452302377,0.6526824235916138,37,kdM0,0,11.0
student_kdM0_s0,test_w51-51,ge5,far,1.6651443008917466,93905,34475,0.8509451040945637,0.7958417826419046,0.8523554857081541,0.7526033357505438,0.7808181568716227,0.8132795824271046,0.7922842639593909,0.7458094012050427,0.09762244835384075,0.9284740686416626,0.23829680604362796,0.021547211757254464,0.05395077452302377,0.6526824235916138,37,kdM0,0,11.0
student_kdM1_s0,val,all,all,1.6551965257170025,200000,54382,0.93706,0.9062893274704064,0.8777519751480268,0.7094994667353168,0.8554523117024014,0.8503112201647604,0.6148725681291604,0.8212836916626824,0.030761548317521793,0.2625752091407776,0.09581699781888532,0.004833382044135024,0.0046157082349061644,0.21502378582954407,37,kdM1,0,1.0
student_kdM1_s0,val,all,near,1.6551965257170025,200000,12295,0.93706,0.9062893274704064,0.8682470536803579,0.702155347702318,0.8455346132574217,0.7886100465636438,0.7599837332248882,0.7659964603497356,0.030761548317521793,0.2625752091407776,0.09581699781888532,0.004833382044135024,0.0046157082349061644,0.21502378582954407,37,kdM1,0,1.0
student_kdM1_s0,val,all,far,1.6551965257170025,200000,42087,0.93706,0.9062893274704064,0.8805286760163471,0.7116449259866467,0.8583495983320265,0.8683361668092284,0.5724808135528786,0.8374349143440967,0.030761548317521793,0.2625752091407776,0.09581699781888532,0.004833382044135024,0.0046157082349061644,0.21502378582954407,37,kdM1,0,1.0
student_kdM1_s0,val,ge5,all,1.6551965257170025,190477,52884,0.9443187366453692,0.9134309570904784,0.8849667070883976,0.689792753952046,0.8655152547913902,0.8600786261214779,0.5649156644731866,0.8332540259497181,0.026617568232539912,0.22896237671375275,0.08479889162956622,0.003953420975055169,0.0030364800741863604,0.18820039927959442,37,kdM1,0,1.0
student_kdM1_s0,val,ge5,near,1.6551965257170025,190477,11763,0.9443187366453692,0.9134309570904784,0.8736465739505432,0.6808637252401598,0.853948681990736,0.7975371486589059,0.7182691490266089,0.7765546512494652,0.026617568232539912,0.22896237671375275,0.08479889162956622,0.003953420975055169,0.0030364800741863604,0.18820039927959442,37,kdM1,0,1.0
student_kdM1_s0,val,ge5,far,1.6551965257170025,190477,41121,0.9443187366453692,0.9134309570904784,0.8882049242061861,0.6923469759976655,0.8688239680000693,0.8779691297423098,0.521047639892026,0.8494733480624846,0.026617568232539912,0.22896237671375275,0.08479889162956622,0.003953420975055169,0.0030364800741863604,0.18820039927959442,37,kdM1,0,1.0
student_kdM1_s0,test_w42-45,all,all,1.6551965257170025,100000,100000,0.92591,0.8919541768565699,0.86164221165,0.64297,0.8306048292000001,0.8309223787500001,0.5767,0.7950721825,0.03986179960474374,0.3606135845184326,0.1144616475788241,0.0068512924400466,0.00952846953414383,0.27935096621513367,37,kdM1,0,3.5
student_kdM1_s0,test_w42-45,all,near,1.6551965257170025,100000,11103,0.92591,0.8919541768565699,0.8351222791137531,0.7153922363325227,0.8086878492299377,0.7994488908403135,0.6194722147167432,0.7662019202017473,0.03986179960474374,0.3606135845184326,0.1144616475788241,0.0068512924400466,0.00952846953414383,0.27935096621513367,37,kdM1,0,3.5
student_kdM1_s0,test_w42-45,all,far,1.6551965257170025,100000,88897,0.92591,0.8919541768565699,0.8649544810286061,0.6339246543752882,0.8333422019865688,0.8348533340832649,0.571357863594947,0.7986780018448317,0.03986179960474374,0.3606135845184326,0.1144616475788241,0.0068512924400466,0.00952846953414383,0.27935096621513367,37,kdM1,0,3.5
student_kdM1_s0,test_w42-45,ge5,all,1.6551965257170025,95189,93109,0.9339734633203416,0.8987914357868338,0.8653752901301338,0.6254497417005875,0.8380613062470783,0.8356280993948193,0.541526597858424,0.8030112342242459,0.03505565694156926,0.3218649923801422,0.10225768347528866,0.005786264284234356,0.00768736648807723,0.24922432005405426,37,kdM1,0,3.5
student_kdM1_s0,test_w42-45,ge5,near,1.6551965257170025,95189,10761,0.9339734633203416,0.8987914357868338,0.8411138758450387,0.6985410277855217,0.8179770365518043,0.806022887499928,0.5830313167921197,0.7757474528718942,0.03505565694156926,0.3218649923801422,0.10225768347528866,0.005786264284234356,0.00768736648807723,0.24922432005405426,37,kdM1,0,3.5
student_kdM1_s0,test_w42-45,ge5,far,1.6551965257170025,95189,82348,0.9339734633203416,0.8987914357868338,0.8685457020298996,0.615898382474377,0.8406858608955318,0.8394968234099858,0.5361028804585418,0.806573986824584,0.03505565694156926,0.3218649923801422,0.10225768347528866,0.005786264284234356,0.00768736648807723,0.24922432005405426,37,kdM1,0,3.5
student_kdM1_s0,test_w46-49,all,all,1.6551965257170025,100000,100000,0.8806,0.8419092105177138,0.8404572817,0.723,0.7875385538999999,0.8124307517000001,0.69618,0.753565761,0.07373470106989147,0.698701798915863,0.18756374540779902,0.01446474459008377,0.036377154359146964,0.5021916031837463,37,kdM1,0,7.5
student_kdM1_s0,test_w46-49,all,near,1.6551965257170025,100000,10044,0.8806,0.8419092105177138,0.8050263938669853,0.7818598168060533,0.7600510882118678,0.7688981043409001,0.7182397451214656,0.7152784159697332,0.07373470106989147,0.698701798915863,0.18756374540779902,0.01446474459008377,0.036377154359146964,0.5021916031837463,37,kdM1,0,7.5
student_kdM1_s0,test_w46-49,all,far,1.6551965257170025,100000,89956,0.8806,0.8419092105177138,0.8444133028369425,0.7164280314820579,0.7906076555204765,0.8172913714482636,0.693716928276046,0.7578407186846904,0.07373470106989147,0.698701798915863,0.18756374540779902,0.01446474459008377,0.036377154359146964,0.5021916031837463,37,kdM1,0,7.5
student_kdM1_s0,test_w46-49,ge5,all,1.6551965257170025,94953,93107,0.891609533137447,0.8512504099529035,0.845012901846812,0.7048986649768546,0.7968887920648003,0.8174092426258412,0.6672430644312458,0.7637294471283224,0.06694875954301102,0.6120432019233704,0.17090064542680544,0.01244565651876677,0.032218514301046275,0.4422680139541626,37,kdM1,0,7.5
student_kdM1_s0,test_w46-49,ge5,near,1.6551965257170025,94953,9749,0.891609533137447,0.8512504099529035,0.8116027747258154,0.7709508667555647,0.7708468737415325,0.775473034827839,0.6953533695763668,0.7268034276238292,0.06694875954301102,0.6120432019233704,0.17090064542680544,0.01244565651876677,0.032218514301046275,0.4422680139541626,37,kdM1,0,7.5
student_kdM1_s0,test_w46-49,ge5,far,1.6551965257170025,94953,83358,0.891609533137447,0.8512504099529035,0.8489203291999464,0.6971736366035653,0.7999344824812396,0.8223138239476427,0.6639554691811224,0.768048069985748,0.06694875954301102,0.6120432019233704,0.17090064542680544,0.01244565651876677,0.032218514301046275,0.4422680139541626,37,kdM1,0,7.5
student_kdM1_s0,test_w51-51,all,all,1.6551965257170025,100000,43579,0.84433,0.794993537856989,0.8323565919364831,0.7944422772436265,0.7639950958030244,0.8015635214208678,0.7963009706510016,0.731288981390119,0.09756252756088972,1.01429283618927,0.24308269274856997,0.02177675955290232,0.05293962184339759,0.7153564095497131,37,kdM1,0,11.0
student_kdM1_s0,test_w51-51,all,near,1.6551965257170025,100000,6654,0.84433,0.794993537856989,0.7928968642921551,0.8277727682596934,0.7355066215810039,0.7471024714457469,0.7899008115419297,0.6841900420799519,0.09756252756088972,1.01429283618927,0.24308269274856997,0.02177675955290232,0.05293962184339759,0.7153564095497131,37,kdM1,0,11.0
student_kdM1_s0,test_w51-51,all,far,1.6551965257170025,100000,36925,0.84433,0.794993537856989,0.8394673577522004,0.7884360189573459,0.7691288075829383,0.811377572241029,0.7974542992552471,0.7397763569397428,0.09756252756088972,1.01429283618927,0.24308269274856997,0.02177675955290232,0.05293962184339759,0.7153564095497131,37,kdM1,0,11.0
student_kdM1_s0,test_w51-51,ge5,all,1.6551965257170025,93905,40935,0.8535434747883499,0.8019021546253575,0.8363358034093212,0.7839990228410896,0.7721770105858513,0.8064819168532121,0.7877122267008673,0.7403680892475273,0.09240780337747631,0.9464326500892639,0.2295928171997376,0.019690955877838014,0.050257608221889336,0.6671525239944458,37,kdM1,0,11.0
student_kdM1_s0,test_w51-51,ge5,near,1.6551965257170025,93905,6460,0.8535434747883499,0.8019021546253575,0.8003284048185844,0.8170278637770898,0.7459349058885182,0.7551887554166379,0.7812693498452012,0.6959985348475659,0.09240780337747631,0.9464326500892639,0.2295928171997376,0.019690955877838014,0.050257608221889336,0.6671525239944458,37,kdM1,0,11.0
student_kdM1_s0,test_w51-51,ge5,far,1.6551965257170025,93905,34475,0.8535434747883499,0.8019021546253575,0.8430829475687458,0.7778100072516316,0.7770943128728643,0.8160933402870126,0.78891950688905,0.7486821522329878,0.09240780337747631,0.9464326500892639,0.2295928171997376,0.019690955877838014,0.050257608221889336,0.6671525239944458,37,kdM1,0,11.0
student_hardA_s0,val,all,all,1.255710518571762,200000,54382,0.951035,0.9320708565643119,0.8939198605237026,0.6397337354271634,0.875558651575889,0.8468170294398882,0.6313486079952926,0.8228760178919496,0.01027273925296962,0.1911962479352951,0.07280670059633806,0.003833971755718527,0.00535182174287739,0.18266551196575165,37,hardA,0,1.0
student_hardA_s0,val,all,near,1.255710518571762,200000,12295,0.951035,0.9320708565643119,0.8668362858885726,0.6598617324115494,0.8492585522570151,0.715887045750305,0.7807238714924766,0.69920573200488,0.01027273925296962,0.1911962479352951,0.07280670059633806,0.003833971755718527,0.00535182174287739,0.18266551196575165,37,hardA,0,1.0
student_hardA_s0,val,all,far,1.255710518571762,200000,42087,0.951035,0.9320708565643119,0.9018318654216266,0.6338536840354504,0.8832417775084943,0.885065993477796,0.587711169719866,0.8590041849027015,0.01027273925296962,0.1911962479352951,0.07280670059633806,0.003833971755718527,0.00535182174287739,0.18266551196575165,37,hardA,0,1.0
student_hardA_s0,val,ge5,all,1.255710518571762,190477,52884,0.9558896874688283,0.9375814666150585,0.9014110929023333,0.6105627410937146,0.8846548033269112,0.8620539158317835,0.5801376597836775,0.8392859855504452,0.009430255338794439,0.16974490880966187,0.06584640621955953,0.0032703076607199736,0.004445007525273057,0.16200536489486694,37,hardA,0,1.0
student_hardA_s0,val,ge5,near,1.255710518571762,190477,11763,0.9558896874688283,0.9375814666150585,0.8718969460255847,0.6386976111536172,0.8561227105603471,0.7333106421647874,0.759245090538128,0.7174201794773716,0.009430255338794439,0.16974490880966187,0.06584640621955953,0.0032703076607199736,0.004445007525273057,0.16200536489486694,37,hardA,0,1.0
student_hardA_s0,val,ge5,far,1.255710518571762,190477,41121,0.9558896874688283,0.9375814666150585,0.9098538571763343,0.6025145302886603,0.8928166429517523,0.8988819873316225,0.5289025072347462,0.8741467009230667,0.009430255338794439,0.16974490880966187,0.06584640621955953,0.0032703076607199736,0.004445007525273057,0.16200536489486694,37,hardA,0,1.0
student_hardA_s0,test_w42-45,all,all,1.255710518571762,100000,100000,0.93971,0.916130731436922,0.8861247433499999,0.59589,0.8601106017,0.86390058115,0.58728,0.8335864126000001,0.017844190959557846,0.2767218053340912,0.09113410614188334,0.005106986651089856,0.0033940722061693847,0.25394198298454285,37,hardA,0,3.5
student_hardA_s0,test_w42-45,all,near,1.255710518571762,100000,11103,0.93971,0.916130731436922,0.8696166959380348,0.6130775466090246,0.8439943573808881,0.8816544573538683,0.5198594974331262,0.8488169647842925,0.017844190959557846,0.2767218053340912,0.09113410614188334,0.005106986651089856,0.0033940722061693847,0.25394198298454285,37,hardA,0,3.5
student_hardA_s0,test_w42-45,all,far,1.255710518571762,100000,88897,0.93971,0.916130731436922,0.8881865547768766,0.5937433209219659,0.8621234779576364,0.8616831690045783,0.5957006423163886,0.8316841569456787,0.017844190959557846,0.2767218053340912,0.09113410614188334,0.005106986651089856,0.0033940722061693847,0.25394198298454285,37,hardA,0,3.5
student_hardA_s0,test_w42-45,ge5,all,1.255710518571762,95189,93109,0.9453403229364737,0.9210558871102013,0.8921087432655219,0.5696549205769582,0.8685807650749953,0.8742298248470572,0.5479599179456336,0.8458287310657817,0.016138199551536263,0.24904391169548035,0.08245653793053553,0.004320104963235983,0.00284477924754952,0.22832778096199036,37,hardA,0,3.5
student_hardA_s0,test_w42-45,ge5,near,1.255710518571762,95189,10761,0.9453403229364737,0.9210558871102013,0.8755578473521612,0.6000371712666109,0.8526573901592298,0.8928869866846245,0.4869435926029179,0.8623021377444801,0.016138199551536263,0.24904391169548035,0.08245653793053553,0.004320104963235983,0.00284477924754952,0.22832778096199036,37,hardA,0,3.5
student_hardA_s0,test_w42-45,ge5,far,1.255710518571762,95189,82348,0.9453403229364737,0.9210558871102013,0.8942715667818635,0.5656846553650362,0.8706615859506516,0.8717917605524289,0.5559333560013601,0.8436760336199486,0.016138199551536263,0.24904391169548035,0.08245653793053553,0.004320104963235983,0.00284477924754952,0.22832778096199036,37,hardA,0,3.5
student_hardA_s0,test_w46-49,all,all,1.255710518571762,100000,100000,0.89543,0.8687889058938006,0.8592445113,0.70259,0.8129721714,0.8376389006,0.69431,0.7826203371999999,0.04697628400169311,0.5556229948997498,0.15744134984178917,0.012105016453261265,0.027490429194271568,0.4857639968395233,37,hardA,0,7.5
student_hardA_s0,test_w46-49,all,near,1.255710518571762,100000,10044,0.89543,0.8687889058938006,0.8355111464555953,0.6844882516925528,0.7902529609717244,0.8495500627240143,0.6259458383114297,0.7916689117881321,0.04697628400169311,0.5556229948997498,0.15744134984178917,0.012105016453261265,0.027490429194271568,0.4857639968395233,37,hardA,0,7.5
student_hardA_s0,test_w46-49,all,far,1.255710518571762,100000,89956,0.89543,0.8687889058938006,0.8618944503423895,0.7046111432255769,0.8155088754502202,0.8363089647160835,0.7019431722175286,0.7816100223442571,0.04697628400169311,0.5556229948997498,0.15744134984178917,0.012105016453261265,0.027490429194271568,0.4857639968395233,37,hardA,0,7.5
student_hardA_s0,test_w46-49,ge5,all,1.255710518571762,94953,93107,0.9046580940044022,0.8757581613718872,0.865439392524552,0.6841913067760749,0.8232272886360698,0.8485144777357451,0.6433780489114674,0.7976811247426844,0.04251966349424406,0.48389559984207153,0.14366925984793036,0.010380314548988714,0.02460772398426405,0.42467281222343445,37,hardA,0,7.5
student_hardA_s0,test_w46-49,ge5,near,1.255710518571762,94953,9749,0.9046580940044022,0.8757581613718872,0.8418868916103639,0.6735049748692173,0.8008993640279388,0.8618912953849186,0.5852907990563134,0.8084699606020135,0.04251966349424406,0.48389559984207153,0.14366925984793036,0.010380314548988714,0.02460772398426405,0.42467281222343445,37,hardA,0,7.5
student_hardA_s0,test_w46-49,ge5,far,1.255710518571762,94953,83358,0.9046580940044022,0.8757581613718872,0.8681939371562901,0.6854411094316083,0.8258386149275435,0.8469500136739658,0.6501715492214305,0.7964193339032618,0.04251966349424406,0.48389559984207153,0.14366925984793036,0.010380314548988714,0.02460772398426405,0.42467281222343445,37,hardA,0,7.5
student_hardA_s0,test_w51-51,all,all,1.255710518571762,100000,43579,0.86157,0.8243412719408898,0.8486974011565204,0.7696826453108149,0.7892397280800385,0.8273786404001928,0.7961862364900526,0.7621219628720255,0.06666159383043646,0.7888712286949158,0.2054371057478627,0.018088825899217703,0.044405677905678766,0.6821702122688293,37,hardA,0,11.0
student_hardA_s0,test_w51-51,all,near,1.255710518571762,100000,6654,0.86157,0.8243412719408898,0.8293240216411181,0.7194168920949805,0.7695514367297865,0.8408689968440036,0.7260294559663361,0.771357745716862,0.06666159383043646,0.7888712286949158,0.2054371057478627,0.018088825899217703,0.044405677905678766,0.6821702122688293,37,hardA,0,11.0
student_hardA_s0,test_w51-51,all,far,1.255710518571762,100000,36925,0.86157,0.8243412719408898,0.8521885444820583,0.7787406905890318,0.7927876194989845,0.8249476361543671,0.8088287068381855,0.7604576460392688,0.06666159383043646,0.7888712286949158,0.2054371057478627,0.018088825899217703,0.044405677905678766,0.6821702122688293,37,hardA,0,11.0
student_hardA_s0,test_w51-51,ge5,all,1.255710518571762,93905,40935,0.8696129066609871,0.830136164265794,0.8541210927179282,0.7615243679003298,0.7982889612410172,0.840413623442766,0.7729571271528032,0.7783130768684015,0.06301677705831447,0.7307425141334534,0.19401915539352796,0.01619167457290842,0.042410156418642334,0.6319654583930969,37,hardA,0,11.0
student_hardA_s0,test_w51-51,ge5,near,1.255710518571762,93905,6460,0.8696129066609871,0.830136164265794,0.8358613597860826,0.7114551083591332,0.7797590707821273,0.8545773567680796,0.7061919504643963,0.788590880415175,0.06301677705831447,0.7307425141334534,0.19401915539352796,0.01619167457290842,0.042410156418642334,0.6319654583930969,37,hardA,0,11.0
student_hardA_s0,test_w51-51,ge5,far,1.255710518571762,93905,34475,0.8696129066609871,0.830136164265794,0.8575426409337287,0.7709064539521392,0.801761132158042,0.8377595924846363,0.7854677302393038,0.7763871998296151,0.06301677705831447,0.7307425141334534,0.19401915539352796,0.01619167457290842,0.042410156418642334,0.6319654583930969,37,hardA,0,11.0
student_kdM0_s1,val,all,all,1.6506631717444233,200000,54382,0.936675,0.9078035048006274,0.8793721906145415,0.716560626677945,0.85652901741385,0.8350412966606597,0.6076275238130263,0.8061249809679674,0.031345801896229424,0.2658744752407074,0.0971380831847644,0.004928074956346342,0.005156618486121333,0.21727235615253448,37,kdM0,1,1.0
student_kdM0_s1,val,all,near,1.6506631717444233,200000,12295,0.936675,0.9078035048006274,0.8681275933306222,0.7216754778365189,0.8452773139487597,0.7596093454656365,0.7475396502643351,0.737243442456283,0.031345801896229424,0.2658744752407074,0.0971380831847644,0.004928074956346342,0.005156618486121333,0.21727235615253448,37,kdM0,1,1.0
student_kdM0_s1,val,all,far,1.6506631717444233,200000,42087,0.936675,0.9078035048006274,0.8826571081331527,0.7150664100553615,0.8598160108822201,0.8570774560434339,0.5667545797989878,0.8262475488868298,0.031345801896229424,0.2658744752407074,0.0971380831847644,0.004928074956346342,0.005156618486121333,0.21727235615253448,37,kdM0,1,1.0
student_kdM0_s1,val,ge5,all,1.6506631717444233,190477,52884,0.9439039884080492,0.9144988479359211,0.8866785119799503,0.696297556917026,0.8667843396093748,0.8447231929349959,0.5613985326374706,0.8179326062830197,0.027213966472929774,0.23226109147071838,0.08583903665522043,0.00400806029051266,0.0038141492457472136,0.19029846787452698,37,kdM0,1,1.0
student_kdM0_s1,val,ge5,near,1.6506631717444233,190477,11763,0.9439039884080492,0.9144988479359211,0.8732821985863612,0.7052622630281391,0.8536285940244076,0.7664491397793731,0.715208705262263,0.7458085490078774,0.027213966472929774,0.23226109147071838,0.08583903665522043,0.00400806029051266,0.0038141492457472136,0.19029846787452698,37,kdM0,1,1.0
student_kdM0_s1,val,ge5,far,1.6506631717444233,190477,41121,0.9439039884080492,0.9144988479359211,0.8905106375228306,0.6937331290581454,0.8705476487535098,0.8671141291298743,0.5173998686802364,0.8385642856129849,0.027213966472929774,0.23226109147071838,0.08583903665522043,0.00400806029051266,0.0038141492457472136,0.19029846787452698,37,kdM0,1,1.0
student_kdM0_s1,test_w42-45,all,all,1.6506631717444233,100000,100000,0.92554,0.8923866302622021,0.8666637928500002,0.63754,0.8347304614000001,0.8342501658000001,0.57244,0.7975277622,0.04040290446922188,0.37785518169403076,0.11614822565115908,0.0071446915649155856,0.009975688620060645,0.28996121883392334,37,kdM0,1,3.5
student_kdM0_s1,test_w42-45,all,near,1.6506631717444233,100000,11103,0.92554,0.8923866302622021,0.8459553467531298,0.6960281005133747,0.8175891029451501,0.7907034652796542,0.6057822210213456,0.7562601558137441,0.04040290446922188,0.37785518169403076,0.11614822565115908,0.0071446915649155856,0.009975688620060645,0.28996121883392334,37,kdM0,1,3.5
student_kdM0_s1,test_w42-45,all,far,1.6506631717444233,100000,88897,0.92554,0.8923866302622021,0.8692502229546554,0.630234991057066,0.8368713716998323,0.8396890334319493,0.5682756448474077,0.8026819770070981,0.04040290446922188,0.37785518169403076,0.11614822565115908,0.0071446915649155856,0.009975688620060645,0.28996121883392334,37,kdM0,1,3.5
student_kdM0_s1,test_w42-45,ge5,all,1.6506631717444233,95189,93109,0.9333851600500058,0.8987355995529165,0.8702367907992381,0.6190701221149405,0.8424429776548231,0.8399787304131606,0.5138493593530163,0.80626207413021,0.03556757637449905,0.34022003412246704,0.10345312377247032,0.005990050764020572,0.008158057053323661,0.2606353163719177,37,kdM0,1,3.5
student_kdM0_s1,test_w42-45,ge5,near,1.6506631717444233,95189,10761,0.9333851600500058,0.8987355995529165,0.8521082232471268,0.6826503113093578,0.8272899463615506,0.7965906610249276,0.5768980578013195,0.7651507912406905,0.03556757637449905,0.34022003412246704,0.10345312377247032,0.005990050764020572,0.008158057053323661,0.2606353163719177,37,kdM0,1,3.5
student_kdM0_s1,test_w42-45,ge5,far,1.6506631717444233,95189,82348,0.9333851600500058,0.8987355995529165,0.8726057799116422,0.6107616456987419,0.8444231322395964,0.8456485586383364,0.5056103366201972,0.8116343784384401,0.03556757637449905,0.34022003412246704,0.10345312377247032,0.005990050764020572,0.008158057053323661,0.2606353163719177,37,kdM0,1,3.5
student_kdM0_s1,test_w46-49,all,all,1.6506631717444233,100000,100000,0.88046,0.8414916325228378,0.84548658305,0.72032,0.7923140803,0.8142864556,0.71624,0.7573333005999999,0.07434626192644242,0.7142446041107178,0.18924666882316662,0.01420647233416691,0.03567348020307716,0.5129629969596863,37,kdM0,1,7.5
student_kdM0_s1,test_w46-49,all,near,1.6506631717444233,100000,10044,0.88046,0.8414916325228378,0.8153410847272002,0.7381521306252489,0.7686243757467144,0.7604745031859816,0.6931501393866986,0.7075396585025886,0.07434626192644242,0.7142446041107178,0.18924666882316662,0.01420647233416691,0.03567348020307716,0.5129629969596863,37,kdM0,1,7.5
student_kdM0_s1,test_w46-49,all,far,1.6506631717444233,100000,89956,0.88046,0.8414916325228378,0.8488524662057005,0.7183289608252924,0.7949591444706301,0.8202948069055983,0.7188180888434346,0.7628929891280182,0.07434626192644242,0.7142446041107178,0.18924666882316662,0.01420647233416691,0.03567348020307716,0.5129629969596863,37,kdM0,1,7.5
student_kdM0_s1,test_w46-49,ge5,all,1.6506631717444233,94953,93107,0.8913146504059903,0.8493190478314618,0.8493561435672006,0.7141783109755443,0.8019141451351808,0.8200750731956363,0.6725165669605937,0.7680307958116513,0.06689953969249784,0.6317684650421143,0.17198507832909063,0.012149781358451751,0.03122808038231103,0.455933541059494,37,kdM0,1,7.5
student_kdM0_s1,test_w46-49,ge5,near,1.6506631717444233,94953,9749,0.8913146504059903,0.8493190478314618,0.8215214155051246,0.7289978459329162,0.7796286282278235,0.7664445116363517,0.670222586931993,0.718553850629776,0.06689953969249784,0.6317684650421143,0.17198507832909063,0.012149781358451751,0.03122808038231103,0.455933541059494,37,kdM0,1,7.5
student_kdM0_s1,test_w46-49,ge5,far,1.6506631717444233,94953,83358,0.8913146504059903,0.8493190478314618,0.8526115091455155,0.7124451162455913,0.8045205117026348,0.8263473487377735,0.672784855682718,0.7738172918717547,0.06689953969249784,0.6317684650421143,0.17198507832909063,0.012149781358451751,0.03122808038231103,0.455933541059494,37,kdM0,1,7.5
student_kdM0_s1,test_w51-51,all,all,1.6506631717444233,100000,43579,0.84495,0.7955228365446327,0.8400029973152207,0.7587370063562725,0.7690282624658666,0.7981846133458776,0.7981826108905665,0.7306748681704491,0.1006597920851409,1.0613943338394165,0.24757403346312543,0.0216838931374233,0.05473822852820157,0.7423464059829712,37,kdM0,1,11.0
student_kdM0_s1,test_w51-51,all,near,1.6506631717444233,100000,6654,0.84495,0.7955228365446327,0.8034042418094379,0.774721971746318,0.7420089705440336,0.7402791749323715,0.7194168920949805,0.6759581559963931,0.1006597920851409,1.0613943338394165,0.24757403346312543,0.0216838931374233,0.05473822852820157,0.7423464059829712,37,kdM0,1,11.0
student_kdM0_s1,test_w51-51,all,far,1.6506631717444233,100000,36925,0.84495,0.7955228365446327,0.8465982070412998,0.7558564658090724,0.7738972230196344,0.808619353689912,0.8123764387271496,0.7405349901150982,0.1006597920851409,1.0613943338394165,0.24757403346312543,0.0216838931374233,0.05473822852820157,0.7423464059829712,37,kdM0,1,11.0
student_kdM0_s1,test_w51-51,ge5,all,1.6506631717444233,93905,40935,0.854182418401576,0.8001600218666846,0.8427280377977512,0.7594479052155857,0.7773386911100515,0.8031969436117563,0.7735434224990839,0.7395730777839838,0.09437423658367161,0.9986030459403992,0.2334459096162995,0.019548607250608994,0.051415647927719854,0.6975963711738586,37,kdM0,1,11.0
student_kdM0_s1,test_w51-51,ge5,near,1.6506631717444233,93905,6460,0.854182418401576,0.8001600218666846,0.8097041184993133,0.7670278637770898,0.7522810204569106,0.7471030270200946,0.701702786377709,0.6866584996397289,0.09437423658367161,0.9986030459403992,0.2334459096162995,0.019548607250608994,0.051415647927719854,0.6975963711738586,37,kdM0,1,11.0
student_kdM0_s1,test_w51-51,ge5,far,1.6506631717444233,93905,34475,0.854182418401576,0.8001600218666846,0.8489161311601271,0.7580275562001451,0.7820340515863181,0.8137079429208828,0.787005076142132,0.7494883257843284,0.09437423658367161,0.9986030459403992,0.2334459096162995,0.019548607250608994,0.051415647927719854,0.6975963711738586,37,kdM0,1,11.0
student_kdM1_s1,val,all,all,1.6752237796909617,200000,54382,0.933785,0.9039019303600515,0.875717724982531,0.7092971939244603,0.851881338126586,0.839471473005774,0.6043176050899195,0.8093671382994373,0.03369489884048701,0.2806374132633209,0.10103960712739059,0.005304592329625234,0.005744544476345199,0.22686618566513062,37,kdM1,1,1.0
student_kdM1_s1,val,all,near,1.6752237796909617,200000,12295,0.933785,0.9039019303600515,0.872042314965433,0.678243188287922,0.8465956958113054,0.7947579532330216,0.7356649044326962,0.7703068060187068,0.03369489884048701,0.2806374132633209,0.10103960712739059,0.005304592329625234,0.005744544476345199,0.22686618566513062,37,kdM1,1,1.0
student_kdM1_s1,val,all,far,1.6752237796909617,200000,42087,0.933785,0.9039019303600515,0.8767914333998621,0.7183690925939126,0.8534254484757764,0.8525337660085062,0.5659467293938746,0.8207779488915816,0.03369489884048701,0.2806374132633209,0.10103960712739059,0.005304592329625234,0.005744544476345199,0.22686618566513062,37,kdM1,1,1.0
student_kdM1_s1,val,ge5,all,1.6752237796909617,190477,52884,0.9412684996088767,0.911174563944166,0.8829742146275705,0.6913433174495122,0.862242175441256,0.8492532207240161,0.56761969593828,0.8214490662359545,0.029226823297223183,0.24473755061626434,0.0893498040771551,0.004314240949598551,0.004092752502998346,0.19876624643802643,37,kdM1,1,1.0
student_kdM1_s1,val,ge5,near,1.6752237796909617,190477,11763,0.9412684996088767,0.911174563944166,0.8777656944830465,0.6549349655700076,0.855549455664367,0.804377413900454,0.7070475218906741,0.7816320919886282,0.029226823297223183,0.24473755061626434,0.0893498040771551,0.004314240949598551,0.004092752502998346,0.19876624643802643,37,kdM1,1,1.0
student_kdM1_s1,val,ge5,far,1.6752237796909617,190477,41121,0.9412684996088767,0.911174563944166,0.8844641546207622,0.7017582257240826,0.8641566829370741,0.8620903140745076,0.5277352204469735,0.8328390389523598,0.029226823297223183,0.24473755061626434,0.0893498040771551,0.004314240949598551,0.004092752502998346,0.19876624643802643,37,kdM1,1,1.0
student_kdM1_s1,test_w42-45,all,all,1.6752237796909617,100000,100000,0.92327,0.8895613649263713,0.86040146885,0.67528,0.8283324975,0.8345123618999999,0.58902,0.7969023780000001,0.04251700500637288,0.3890188932418823,0.11962930945672359,0.007511482187694588,0.010823204761892585,0.2960086166858673,37,kdM1,1,3.5
student_kdM1_s1,test_w42-45,all,near,1.6752237796909617,100000,11103,0.92327,0.8895613649263713,0.8445548932720888,0.6816175808340088,0.8141473403584617,0.7982129280374675,0.5876790056741421,0.761780872737098,0.04251700500637288,0.3890188932418823,0.11962930945672359,0.007511482187694588,0.010823204761892585,0.2960086166858673,37,kdM1,1,3.5
student_kdM1_s1,test_w42-45,all,far,1.6752237796909617,100000,88897,0.92327,0.8895613649263713,0.8623806641956421,0.6744884529286702,0.8301041860805202,0.8390460651090589,0.589187486641844,0.8012889610448047,0.04251700500637288,0.3890188932418823,0.11962930945672359,0.007511482187694588,0.010823204761892585,0.2960086166858673,37,kdM1,1,3.5
student_kdM1_s1,test_w42-45,ge5,all,1.6752237796909617,95189,93109,0.9313050877727469,0.8964690846655007,0.8643384136608901,0.6573800599297598,0.836214725797336,0.839115214625077,0.550548282120955,0.8047506127016011,0.03754468137790953,0.34910961985588074,0.10697435486748748,0.006302478171849438,0.008824388370335674,0.2653868496417999,37,kdM1,1,3.5
student_kdM1_s1,test_w42-45,ge5,near,1.6752237796909617,95189,10761,0.9313050877727469,0.8964690846655007,0.8500242396282298,0.6730787101570486,0.8235149671844295,0.8041124487378847,0.5621224793234829,0.770996128041223,0.03754468137790953,0.34910961985588074,0.10697435486748748,0.006302478171849438,0.008824388370335674,0.2653868496417999,37,kdM1,1,3.5
student_kdM1_s1,test_w42-45,ge5,far,1.6752237796909617,95189,82348,0.9313050877727469,0.8964690846655007,0.8662089487894356,0.6553286054306116,0.837874293758106,0.8436892754852325,0.5490357992908146,0.80916155175817,0.03754468137790953,0.34910961985588074,0.10697435486748748,0.006302478171849438,0.008824388370335674,0.2653868496417999,37,kdM1,1,3.5
student_kdM1_s1,test_w46-49,all,all,1.6752237796909617,100000,100000,0.88409,0.8484371533152653,0.83935031145,0.73642,0.7864756135,0.81705405175,0.68283,0.7577024284,0.07042809111401438,0.6972064971923828,0.18584139510707406,0.015371628970900207,0.03165658960931003,0.49870577454566956,37,kdM1,1,7.5
student_kdM1_s1,test_w46-49,all,near,1.6752237796909617,100000,10044,0.88409,0.8484371533152653,0.8141823232775787,0.7354639585822381,0.7656434806849861,0.7679265153325369,0.6649741138988451,0.7122063739545997,0.07042809111401438,0.6972064971923828,0.18584139510707406,0.015371628970900207,0.03165658960931003,0.49870577454566956,37,kdM1,1,7.5
student_kdM1_s1,test_w46-49,all,far,1.6752237796909617,100000,89956,0.88409,0.8484371533152653,0.8421604327671306,0.7365267464093557,0.7888016166792656,0.8225393665236337,0.6848236915825515,0.7627822715549825,0.07042809111401438,0.6972064971923828,0.18584139510707406,0.015371628970900207,0.03165658960931003,0.49870577454566956,37,kdM1,1,7.5
student_kdM1_s1,test_w46-49,ge5,all,1.6752237796909617,94953,93107,0.8954008825418891,0.8570692833474144,0.8436520839334488,0.7230713050576218,0.7963003771600827,0.8218319368139118,0.6638813408229242,0.7677687119628455,0.06254667622780566,0.6071598529815674,0.16757804065678858,0.013180760427049555,0.028007575252535145,0.43743446469306946,37,kdM1,1,7.5
student_kdM1_s1,test_w46-49,ge5,near,1.6752237796909617,94953,9749,0.8954008825418891,0.8570692833474144,0.819659716290452,0.7306390399015283,0.7765326101695478,0.7737407154494023,0.6534003487537183,0.7234411766037471,0.06254667622780566,0.6071598529815674,0.16757804065678858,0.013180760427049555,0.028007575252535145,0.43743446469306946,37,kdM1,1,7.5
student_kdM1_s1,test_w46-49,ge5,far,1.6752237796909617,94953,83358,0.8954008825418891,0.8570692833474144,0.8464580724666617,0.722186232875069,0.7986122843602403,0.8274563677873349,0.6651071282900262,0.7729529671299061,0.06254667622780566,0.6071598529815674,0.16757804065678858,0.013180760427049555,0.028007575252535145,0.43743446469306946,37,kdM1,1,7.5
student_kdM1_s1,test_w51-51,all,all,1.6752237796909617,100000,43579,0.84816,0.8005287144309157,0.8350175514582712,0.7728263613208196,0.7655879178044471,0.8056113135914087,0.784391564744487,0.7356875203653136,0.09517654194086794,1.0672030448913574,0.24314498313353608,0.02264900316898004,0.04790183644801381,0.7428210973739624,37,kdM1,1,11.0
student_kdM1_s1,test_w51-51,all,near,1.6752237796909617,100000,6654,0.84816,0.8005287144309157,0.8080012345957319,0.7626991283438533,0.7436491403666966,0.7582090366696723,0.7079951908626391,0.6906047760745416,0.09517654194086794,1.0672030448913574,0.24314498313353608,0.02264900316898004,0.04790183644801381,0.7428210973739624,37,kdM1,1,11.0
student_kdM1_s1,test_w51-51,all,far,1.6752237796909617,100000,36925,0.84816,0.8005287144309157,0.8398859758970888,0.7746513202437373,0.7695413538253215,0.8141533515233581,0.7981584292484767,0.7438115712931619,0.09517654194086794,1.0672030448913574,0.24314498313353608,0.02264900316898004,0.04790183644801381,0.7428210973739624,37,kdM1,1,11.0
student_kdM1_s1,test_w51-51,ge5,all,1.6752237796909617,93905,40935,0.8574942761301315,0.806337206713459,0.8387225275757102,0.7675583241724685,0.7743606865572823,0.811030729458609,0.7631855380481251,0.7451677847106798,0.08859592369776885,0.9938097596168518,0.22785368028887426,0.02036836622292777,0.044573675822963524,0.6918492913246155,37,kdM1,1,11.0
student_kdM1_s1,test_w51-51,ge5,near,1.6752237796909617,93905,6460,0.8574942761301315,0.806337206713459,0.813870419070192,0.7605263157894737,0.7542317123408596,0.7654027875151473,0.6969040247678019,0.7021201537091286,0.08859592369776885,0.9938097596168518,0.22785368028887426,0.02036836622292777,0.044573675822963524,0.6918492913246155,37,kdM1,1,11.0
student_kdM1_s1,test_w51-51,ge5,far,1.6752237796909617,93905,34475,0.8574942761301315,0.806337206713459,0.8433793693725384,0.7688759970993474,0.7781324972443916,0.8195805918213287,0.775605511240029,0.753234142833088,0.08859592369776885,0.9938097596168518,0.22785368028887426,0.02036836622292777,0.044573675822963524,0.6918492913246155,37,kdM1,1,11.0
student_hardA_s1,val,all,all,1.245774516294253,200000,54382,0.949735,0.9284655509061178,0.9015332800375124,0.5954727667242837,0.8807622231620756,0.8649769206722813,0.5934132617410173,0.8389852285682761,0.010909698996394837,0.19635489583015442,0.07510796034411157,0.003984615653710325,0.004258982190713264,0.18778903782367706,37,hardA,1,1.0
student_hardA_s1,val,all,near,1.245774516294253,200000,12295,0.949735,0.9284655509061178,0.8770152446116308,0.6318828792191948,0.8575740605937372,0.7543163950793006,0.7485156567710451,0.7356956514843432,0.010909698996394837,0.19635489583015442,0.07510796034411157,0.003984615653710325,0.004258982190713264,0.18778903782367706,37,hardA,1,1.0
student_hardA_s1,val,all,far,1.245774516294253,200000,42087,0.949735,0.9284655509061178,0.9086958063653859,0.5848361726899043,0.8875362497920973,0.8973045078646613,0.5481027395632856,0.8691595187350013,0.010909698996394837,0.19635489583015442,0.07510796034411157,0.003984615653710325,0.004258982190713264,0.18778903782367706,37,hardA,1,1.0
student_hardA_s1,val,ge5,all,1.245774516294253,190477,52884,0.9548029420874962,0.9340474757838328,0.9089213100266267,0.5640647454806746,0.8898786513462288,0.8782586034430275,0.544796157628016,0.8535342454088874,0.010142183622482582,0.17436303198337555,0.06790881214627223,0.003386739601652918,0.0035058704519300883,0.16649188101291656,37,hardA,1,1.0
student_hardA_s1,val,ge5,near,1.245774516294253,190477,11763,0.9548029420874962,0.9340474757838328,0.8825476154376177,0.6100484570262689,0.8649583640952769,0.7679525701725025,0.7259202584374734,0.7501839660155176,0.010142183622482582,0.17436303198337555,0.06790881214627223,0.003386739601652918,0.0035058704519300883,0.16649188101291656,37,hardA,1,1.0
student_hardA_s1,val,ge5,far,1.245774516294253,190477,41121,0.9548029420874962,0.9340474757838328,0.916465722114137,0.5509107268792102,0.8970073043199633,0.909812550802313,0.49298412003599135,0.8830984422062469,0.010142183622482582,0.17436303198337555,0.06790881214627223,0.003386739601652918,0.0035058704519300883,0.16649188101291656,37,hardA,1,1.0
student_hardA_s1,test_w42-45,all,all,1.245774516294253,100000,100000,0.93931,0.9152814817789962,0.8862584723,0.56594,0.8582383619,0.87241152675,0.5782,0.8406150763000001,0.018269099875688567,0.2799528241157532,0.09280192580653014,0.005543499740871816,0.0036661655750125813,0.25747448205947876,37,hardA,1,3.5
student_hardA_s1,test_w42-45,all,near,1.245774516294253,100000,11103,0.93931,0.9152814817789962,0.8745584184454651,0.6133477438530127,0.8486926371251012,0.8851785521931009,0.5451679726200126,0.8516976510852922,0.018269099875688567,0.2799528241157532,0.09280192580653014,0.005543499740871816,0.0036661655750125813,0.25747448205947876,37,hardA,1,3.5
student_hardA_s1,test_w42-45,all,far,1.245774516294253,100000,88897,0.93931,0.9152814817789962,0.8877197780577523,0.5600188982755323,0.8594305976579636,0.8708169590649854,0.5823256127878331,0.839230892043601,0.018269099875688567,0.2799528241157532,0.09280192580653014,0.005543499740871816,0.0036661655750125813,0.25747448205947876,37,hardA,1,3.5
student_hardA_s1,test_w42-45,ge5,all,1.245774516294253,95189,93109,0.945329817520932,0.9206014282892597,0.8922317049972452,0.5424824667862398,0.8665274658169189,0.8826816723714982,0.5336541043293345,0.852670835241444,0.016494358488001078,0.2526598870754242,0.08413123151431513,0.004738141509765481,0.003709657399599502,0.23188142478466034,37,hardA,1,3.5
student_hardA_s1,test_w42-45,ge5,near,1.245774516294253,95189,10761,0.945329817520932,0.9206014282892597,0.8811865501053862,0.5998513149335564,0.8577987118236229,0.8958567825293533,0.5144503298949912,0.8645838025125034,0.016494358488001078,0.2526598870754242,0.08413123151431513,0.004738141509765481,0.003709657399599502,0.23188142478466034,37,hardA,1,3.5
student_hardA_s1,test_w42-45,ge5,far,1.245774516294253,95189,82348,0.945329817520932,0.9206014282892597,0.8936750540985142,0.5349856705688055,0.867668114305308,0.8809599868368322,0.5361635983873319,0.8511140829122574,0.016494358488001078,0.2526598870754242,0.08413123151431513,0.004738141509765481,0.003709657399599502,0.23188142478466034,37,hardA,1,3.5
student_hardA_s1,test_w46-49,all,all,1.245774516294253,100000,100000,0.89675,0.86798485238057,0.8635126111,0.66162,0.8143173018000001,0.8528515057499999,0.66427,0.7947089562999999,0.04645073515430091,0.5713792443275452,0.15903774065168436,0.013503255486947361,0.02746687883064147,0.5003002882003784,37,hardA,1,7.5
student_hardA_s1,test_w46-49,all,near,1.245774516294253,100000,10044,0.89675,0.86798485238057,0.8449080460971723,0.6732377538829152,0.7990693837116687,0.8578423302469136,0.6060334528076463,0.7979439894464357,0.04645073515430091,0.5713792443275452,0.15903774065168436,0.013503255486947361,0.02746687883064147,0.5003002882003784,37,hardA,1,7.5
student_hardA_s1,test_w46-49,all,far,1.245774516294253,100000,89956,0.89675,0.86798485238057,0.8655898961158789,0.6603228244919739,0.8160198017919873,0.8522942573035707,0.67077237760683,0.7943477500111167,0.04645073515430091,0.5713792443275452,0.15903774065168436,0.013503255486947361,0.02746687883064147,0.5003002882003784,37,hardA,1,7.5
student_hardA_s1,test_w46-49,ge5,all,1.245774516294253,94953,93107,0.906406327340895,0.8754812854743528,0.8707639138601944,0.6269238617934205,0.8249530755596179,0.8640027562648628,0.6109852105641896,0.8099679161542106,0.042387886129181304,0.49511095881462097,0.14511622721273096,0.011662717032452663,0.024789464629024233,0.4349334239959717,37,hardA,1,7.5
student_hardA_s1,test_w46-49,ge5,near,1.245774516294253,94953,9749,0.906406327340895,0.8754812854743528,0.8524391637276022,0.6545286696071392,0.810257969381307,0.8693773918286549,0.570520053338804,0.814155215230803,0.042387886129181304,0.49511095881462097,0.14511622721273096,0.011662717032452663,0.024789464629024233,0.4349334239959717,37,hardA,1,7.5
student_hardA_s1,test_w46-49,ge5,far,1.245774516294253,94953,83358,0.906406327340895,0.8754812854743528,0.8729070553588224,0.623695386165695,0.8266717179230666,0.8633741744597402,0.6157177475467261,0.8094781973665996,0.042387886129181304,0.49511095881462097,0.14511622721273096,0.011662717032452663,0.024789464629024233,0.4349334239959717,37,hardA,1,7.5
student_hardA_s1,test_w51-51,all,all,1.245774516294253,100000,43579,0.8607,0.8182764340240731,0.8544664926914339,0.7619954565272264,0.7914133254549209,0.8420385572179261,0.7723215310126437,0.7747785772964043,0.06699100961722433,0.8561828136444092,0.20957951339476177,0.019429851166945858,0.04579761767670515,0.7392929196357727,37,hardA,1,11.0
student_hardA_s1,test_w51-51,all,near,1.245774516294253,100000,6654,0.8607,0.8182764340240731,0.8425456327021341,0.7577397054403366,0.7818363751127142,0.8496282070934775,0.6704238052299368,0.7774543552750226,0.06699100961722433,0.8561828136444092,0.20957951339476177,0.019429851166945858,0.04579761767670515,0.7392929196357727,37,hardA,1,11.0
student_hardA_s1,test_w51-51,all,far,1.245774516294253,100000,36925,0.8607,0.8182764340240731,0.856614668788084,0.762762356127285,0.7931391217332431,0.8406708786729857,0.7906838185511171,0.7742963937711578,0.06699100961722433,0.8561828136444092,0.20957951339476177,0.019429851166945858,0.04579761767670515,0.7392929196357727,37,hardA,1,11.0
student_hardA_s1,test_w51-51,ge5,all,1.245774516294253,93905,40935,0.8693040839145946,0.8244276215761712,0.8614073972024736,0.7242701844387444,0.8010368318891058,0.8545956119537347,0.7577867350677904,0.7906126953772328,0.06374730858316084,0.7981430888175964,0.19766298201925184,0.017388386025503615,0.04390680043913547,0.6886850595474243,37,hardA,1,11.0
student_hardA_s1,test_w51-51,ge5,near,1.245774516294253,93905,6460,0.8693040839145946,0.8244276215761712,0.8502722458620735,0.7261609907120743,0.7923720468433366,0.8610988453682275,0.6613003095975232,0.7931650441136494,0.06374730858316084,0.7981430888175964,0.19766298201925184,0.017388386025503615,0.04390680043913547,0.6886850595474243,37,hardA,1,11.0
student_hardA_s1,test_w51-51,ge5,far,1.245774516294253,93905,34475,0.8693040839145946,0.8244276215761712,0.8634939259235463,0.7239158810732415,0.8026604580354632,0.853377022023129,0.7758665699782451,0.7901344307554126,0.06374730858316084,0.7981430888175964,0.19766298201925184,0.017388386025503615,0.04390680043913547,0.6886850595474243,37,hardA,1,11.0
student_kdM0_s2,val,all,all,1.6667292706957901,200000,54382,0.93355,0.9029299606422895,0.8761653933286749,0.7257548453532419,0.8525830829134641,0.8429292711283144,0.6128866168952962,0.8126647742819316,0.033088967654332536,0.28240451216697693,0.10143997054374786,0.005289705499979872,0.006196134457364689,0.22932252287864685,37,kdM0,2,1.0
student_kdM0_s2,val,all,near,1.6667292706957901,200000,12295,0.93355,0.9029299606422895,0.873785209841399,0.6866205774705165,0.8486442318015454,0.7825047867019113,0.7457503050020333,0.7585731390809272,0.033088967654332536,0.28240451216697693,0.10143997054374786,0.005289705499979872,0.006196134457364689,0.22932252287864685,37,kdM0,2,1.0
student_kdM0_s2,val,all,far,1.6667292706957901,200000,42087,0.93355,0.9029299606422895,0.8768607233825172,0.737187254971844,0.8537337511583148,0.8605812547817615,0.5740727540570723,0.8284667239290041,0.033088967654332536,0.28240451216697693,0.10143997054374786,0.005289705499979872,0.006196134457364689,0.22932252287864685,37,kdM0,2,1.0
student_kdM0_s2,val,ge5,all,1.6667292706957901,190477,52884,0.9409797508360589,0.9097500226230444,0.883689645995315,0.7085129717873081,0.8631760934995605,0.8530037449618465,0.5679222449133954,0.8249237106189314,0.028727388401844255,0.24701343476772308,0.08971051608540759,0.00430784123142556,0.0045661380800054545,0.2011696845293045,37,kdM0,2,1.0
student_kdM0_s2,val,ge5,near,1.6667292706957901,190477,11763,0.9409797508360589,0.9097500226230444,0.8790049761964615,0.6699821474113746,0.857336737216597,0.790898211559418,0.7116381875371929,0.7687839558893046,0.028727388401844255,0.24701343476772308,0.08971051608540759,0.00430784123142556,0.0045661380800054545,0.2011696845293045,37,kdM0,2,1.0
student_kdM0_s2,val,ge5,far,1.6667292706957901,190477,41121,0.9409797508360589,0.9097500226230444,0.8850297342919009,0.7195350307628705,0.8648464893546344,0.8707695432014994,0.5268111184066535,0.8409829488399037,0.028727388401844255,0.24701343476772308,0.08971051608540759,0.00430784123142556,0.0045661380800054545,0.2011696845293045,37,kdM0,2,1.0
student_kdM0_s2,test_w42-45,all,all,1.6667292706957901,100000,100000,0.9229,0.8896702215296475,0.8695246722,0.6423,0.8355085514,0.83534179545,0.57574,0.7968462047,0.04196323721095917,0.3671603202819824,0.11982814488420436,0.007356841932525282,0.00983781261682507,0.28528618812561035,37,kdM0,2,3.5
student_kdM0_s2,test_w42-45,all,near,1.6667292706957901,100000,11103,0.9229,0.8896702215296475,0.8468666027199856,0.7270107178240115,0.8180962082320093,0.7909605971359093,0.6388363505358912,0.7570749959470413,0.04196323721095917,0.3671603202819824,0.11982814488420436,0.007356841932525282,0.00983781261682507,0.28528618812561035,37,kdM0,2,3.5
student_kdM0_s2,test_w42-45,all,far,1.6667292706957901,100000,88897,0.9229,0.8896702215296475,0.8723546051047842,0.6317198555631799,0.8376833069732387,0.8408848896475698,0.5678594328267546,0.8018135234034895,0.04196323721095917,0.3671603202819824,0.11982814488420436,0.007356841932525282,0.00983781261682507,0.28528618812561035,37,kdM0,2,3.5
student_kdM0_s2,test_w42-45,ge5,all,1.6667292706957901,95189,93109,0.9312315498639548,0.8966015001946487,0.8732024470182542,0.624998657487461,0.8435600078868118,0.8413625457794547,0.5452104522656241,0.8063460557369622,0.03669765347351868,0.32655349373817444,0.10689251916781774,0.006171383036896013,0.007785571953404316,0.2539655566215515,37,kdM0,2,3.5
student_kdM0_s2,test_w42-45,ge5,near,1.6667292706957901,95189,10761,0.9312315498639548,0.8966015001946487,0.8531446521456831,0.7105287612675402,0.8280644134833776,0.7976996437732791,0.6207601524021931,0.7668412796375567,0.03669765347351868,0.32655349373817444,0.10689251916781774,0.006171383036896013,0.007785571953404316,0.2539655566215515,37,kdM0,2,3.5
student_kdM0_s2,test_w42-45,ge5,far,1.6667292706957901,95189,82348,0.9312315498639548,0.8966015001946487,0.8758235420129563,0.6138218293097586,0.8455849276344118,0.8470682883413683,0.5353378345557877,0.8115084263544116,0.03669765347351868,0.32655349373817444,0.10689251916781774,0.006171383036896013,0.007785571953404316,0.2539655566215515,37,kdM0,2,3.5
student_kdM0_s2,test_w46-49,all,all,1.6667292706957901,100000,100000,0.88127,0.8432044770708691,0.8488263564499999,0.7142,0.7930194761000001,0.8168952731,0.67926,0.7571823522,0.07267027126051487,0.6360856890678406,0.1875532687348756,0.01488967427315225,0.032746232385151085,0.46482089161872864,37,kdM0,2,7.5
student_kdM0_s2,test_w46-49,all,near,1.6667292706957901,100000,10044,0.88127,0.8432044770708691,0.8118557178414973,0.7983870967741935,0.7665793219832736,0.760285844782955,0.7166467542811629,0.7088231451612903,0.07267027126051487,0.6360856890678406,0.1875532687348756,0.01488967427315225,0.032746232385151085,0.46482089161872864,37,kdM0,2,7.5
student_kdM0_s2,test_w46-49,all,far,1.6667292706957901,100000,89956,0.88127,0.8432044770708691,0.8529542978233803,0.7048001245053137,0.7959716405798392,0.8232159754213172,0.6750855974031749,0.7625818794744097,0.07267027126051487,0.6360856890678406,0.1875532687348756,0.01488967427315225,0.032746232385151085,0.46482089161872864,37,kdM0,2,7.5
student_kdM0_s2,test_w46-49,ge5,all,1.6667292706957901,94953,93107,0.8923678030183354,0.8516393259003635,0.8520818130271373,0.712449117681807,0.8027294132095171,0.8224474150272081,0.6453005681635108,0.7680452732525698,0.06461782811830558,0.547202467918396,0.16912885526306085,0.012660526143391556,0.02789010798520084,0.4043382704257965,37,kdM0,2,7.5
student_kdM0_s2,test_w46-49,ge5,near,1.6667292706957901,94953,9749,0.8923678030183354,0.8516393259003635,0.8176072235021463,0.7950559031695559,0.7776690373489539,0.76690384400239,0.6924812801312955,0.7202515868702958,0.06461782811830558,0.547202467918396,0.16912885526306085,0.012660526143391556,0.02789010798520084,0.4043382704257965,37,kdM0,2,7.5
student_kdM0_s2,test_w46-49,ge5,far,1.6667292706957901,94953,83358,0.8923678030183354,0.8516393259003635,0.8561137328582169,0.7027879747594712,0.8056603089155636,0.8289434234957528,0.6397826243431944,0.7736349065036168,0.06461782811830558,0.547202467918396,0.16912885526306085,0.012660526143391556,0.02789010798520084,0.4043382704257965,37,kdM0,2,7.5
student_kdM0_s2,test_w51-51,all,all,1.6667292706957901,100000,43579,0.84814,0.7964697704800312,0.8408716216526309,0.7755799811835976,0.7721258679639276,0.8024486152734114,0.8123408063516832,0.7357329571582643,0.09364508452922107,0.9669150710105896,0.23850958715366935,0.02143382561080291,0.046053692407161,0.6873948574066162,37,kdM0,2,11.0
student_kdM0_s2,test_w51-51,all,near,1.6667292706957901,100000,6654,0.84814,0.7964697704800312,0.8011343342350465,0.8199579200480914,0.7439314758040276,0.7382161895100691,0.7784791103095882,0.6792471671175233,0.09364508452922107,0.9669150710105896,0.23850958715366935,0.02143382561080291,0.046053692407161,0.6873948574066162,37,kdM0,2,11.0
student_kdM0_s2,test_w51-51,all,far,1.6667292706957901,100000,36925,0.84814,0.7964697704800312,0.8480324046039269,0.7675829383886256,0.7772065852403519,0.8140234984427894,0.8184427894380502,0.7459118724441436,0.09364508452922107,0.9669150710105896,0.23850958715366935,0.02143382561080291,0.046053692407161,0.6873948574066162,37,kdM0,2,11.0
student_kdM0_s2,test_w51-51,ge5,all,1.6667292706957901,93905,40935,0.8574729780096907,0.801779742954218,0.8424445821091614,0.7905948454867473,0.7803703111511145,0.8069975135998755,0.7956760718211799,0.7447678839484227,0.08651687587645546,0.8889637589454651,0.22268604031900538,0.01913263265807461,0.04223552619339485,0.6341364979743958,37,kdM0,2,11.0
student_kdM0_s2,test_w51-51,ge5,near,1.6667292706957901,93905,6460,0.8574729780096907,0.801779742954218,0.8063353369281879,0.8246130030959752,0.754176459213852,0.7454167269041911,0.7708978328173375,0.6905659612845668,0.08651687587645546,0.8889637589454651,0.22268604031900538,0.01913263265807461,0.04223552619339485,0.6341364979743958,37,kdM0,2,11.0
student_kdM0_s2,test_w51-51,ge5,far,1.6667292706957901,93905,34475,0.8574729780096907,0.801779742954218,0.8492108105027534,0.7842204496011602,0.7852785717316719,0.8185366544861444,0.800319071791153,0.7549243573467839,0.08651687587645546,0.8889637589454651,0.22268604031900538,0.01913263265807461,0.04223552619339485,0.6341364979743958,37,kdM0,2,11.0
student_kdM1_s2,val,all,all,1.6717808992512047,200000,54382,0.934405,0.9056005738886752,0.8795644825493729,0.7180317016659924,0.8560925370527013,0.8566565467434077,0.6209039755801552,0.8262975390754295,0.03285796913169326,0.2751051187515259,0.09956173174577003,0.005229227575348004,0.005671398826092489,0.22342118620872498,37,kdM1,2,1.0
student_kdM1_s2,val,all,near,1.6717808992512047,200000,12295,0.934405,0.9056005738886752,0.874461899959333,0.6813338755591704,0.8493295042700286,0.8108567338348923,0.7471329808865392,0.7859914168361122,0.03285796913169326,0.2751051187515259,0.09956173174577003,0.005229227575348004,0.005671398826092489,0.22342118620872498,37,kdM1,2,1.0
student_kdM1_s2,val,all,far,1.6717808992512047,200000,42087,0.934405,0.9056005738886752,0.8810551151186827,0.7287523463302207,0.858068241856155,0.8700361817782214,0.5840283222847911,0.8380722859790433,0.03285796913169326,0.2751051187515259,0.09956173174577003,0.005229227575348004,0.005671398826092489,0.22342118620872498,37,kdM1,2,1.0
student_kdM1_s2,val,ge5,all,1.6717808992512047,190477,52884,0.9417882473999486,0.9123849940114962,0.8866359067888869,0.7042205582028591,0.8661985280106921,0.8668491413038453,0.5718932002117842,0.8387510378012819,0.028393922944160054,0.2396426498889923,0.0880171617602916,0.004272993357127128,0.004090465636512154,0.1956406831741333,37,kdM1,2,1.0
student_kdM1_s2,val,ge5,near,1.6717808992512047,190477,11763,0.9417882473999486,0.9123849940114962,0.879624015869802,0.6636912352291082,0.857827875463358,0.8208701230719335,0.7156337668962,0.7976741149219919,0.028393922944160054,0.2396426498889923,0.0880171617602916,0.004272993357127128,0.004090465636512154,0.1956406831741333,37,kdM1,2,1.0
student_kdM1_s2,val,ge5,far,1.6717808992512047,190477,41121,0.9417882473999486,0.9123849940114962,0.8886417158130155,0.7158143041268452,0.868593021965467,0.8800018173443592,0.5307750297901316,0.8505014291786583,0.028393922944160054,0.2396426498889923,0.0880171617602916,0.004272993357127128,0.004090465636512154,0.1956406831741333,37,kdM1,2,1.0
student_kdM1_s2,test_w42-45,all,all,1.6717808992512047,100000,100000,0.92431,0.8917980604843724,0.8638028844500001,0.64575,0.8311587401000001,0.8354618515999999,0.56966,0.7983953926999999,0.04170835915803904,0.3682621121406555,0.11835290482662361,0.00732544298827293,0.010223889636099357,0.28343766927719116,37,kdM1,2,3.5
student_kdM1_s2,test_w42-45,all,near,1.6717808992512047,100000,11103,0.92431,0.8917980604843724,0.8430785184184454,0.7142213816085743,0.815210287309736,0.8011020120688103,0.5919120958299559,0.7662460389084031,0.04170835915803904,0.3682621121406555,0.11835290482662361,0.00732544298827293,0.010223889636099357,0.28343766927719116,37,kdM1,2,3.5
student_kdM1_s2,test_w42-45,all,far,1.6717808992512047,100000,88897,0.92431,0.8917980604843724,0.8663913029123592,0.6371981056728574,0.8331506596398081,0.8397533046109543,0.5668807721295431,0.8024107618929772,0.04170835915803904,0.3682621121406555,0.11835290482662361,0.00732544298827293,0.010223889636099357,0.28343766927719116,37,kdM1,2,3.5
student_kdM1_s2,test_w42-45,ge5,all,1.6717808992512047,95189,93109,0.9323241130802928,0.8985739575717238,0.8672413238600372,0.6286825118946611,0.8387518684418156,0.8407427150924013,0.5411292141468601,0.8069731394245554,0.036657334350224904,0.3267831802368164,0.1055936181329281,0.006158173862173139,0.008239485719169532,0.251965194940567,37,kdM1,2,3.5
student_kdM1_s2,test_w42-45,ge5,near,1.6717808992512047,95189,10761,0.9323241130802928,0.8985739575717238,0.8490893967605005,0.7017005854474492,0.8248336150265669,0.8073855260984751,0.5665830313167921,0.7756987273078106,0.036657334350224904,0.3267831802368164,0.1055936181329281,0.006158173862173139,0.008239485719169532,0.251965194940567,37,kdM1,2,3.5
student_kdM1_s2,test_w42-45,ge5,far,1.6717808992512047,95189,82348,0.9323241130802928,0.8985739575717238,0.8696133655309717,0.6191407198717638,0.8405706658018183,0.8451017366929701,0.5378029824646622,0.811059989728003,0.036657334350224904,0.3267831802368164,0.1055936181329281,0.006158173862173139,0.008239485719169532,0.251965194940567,37,kdM1,2,3.5
student_kdM1_s2,test_w46-49,all,all,1.6717808992512047,100000,100000,0.8834,0.8474052175440377,0.8412520256,0.7281,0.7886458287000001,0.81325502225,0.70999,0.756604518,0.07098368613824252,0.6647140383720398,0.18518705307451494,0.01442606334440703,0.03255833013623951,0.4802646338939667,37,kdM1,2,7.5
student_kdM1_s2,test_w46-49,all,near,1.6717808992512047,100000,10044,0.8834,0.8474052175440377,0.8117679485264836,0.7824571883711668,0.7678516985264835,0.7714177742931103,0.692552767821585,0.7191277578653923,0.07098368613824252,0.6647140383720398,0.18518705307451494,0.01442606334440703,0.03255833013623951,0.4802646338939667,37,kdM1,2,7.5
student_kdM1_s2,test_w46-49,all,far,1.6717808992512047,100000,89956,0.8834,0.8474052175440377,0.8445440580394861,0.7220307705989595,0.7909675887100359,0.8179263428787408,0.7119369469518432,0.7607889701631908,0.07098368613824252,0.6647140383720398,0.18518705307451494,0.01442606334440703,0.03255833013623951,0.4802646338939667,37,kdM1,2,7.5
student_kdM1_s2,test_w46-49,ge5,all,1.6717808992512047,94953,93107,0.8944741082430255,0.8562160673867811,0.8448997985928738,0.7188503549679401,0.7985635579763687,0.8191854560442942,0.6835254062530207,0.768332052521741,0.06293382083781607,0.5571628212928772,0.1665246600854877,0.012061410322838197,0.027584698509337903,0.4093151390552521,37,kdM1,2,7.5
student_kdM1_s2,test_w46-49,ge5,near,1.6717808992512047,94953,9749,0.8944741082430255,0.8562160673867811,0.8171814015685743,0.7786439634834342,0.7789315479288624,0.7774457639178803,0.6708380346702226,0.7308374450387128,0.06293382083781607,0.5571628212928772,0.1665246600854877,0.012061410322838197,0.027584698509337903,0.4093151390552521,37,kdM1,2,7.5
student_kdM1_s2,test_w46-49,ge5,far,1.6717808992512047,94953,83358,0.8944741082430255,0.8562160673867811,0.8481415588629125,0.7118572902420883,0.8008595879429363,0.8240670541937267,0.6850092372657693,0.7727171736661067,0.06293382083781607,0.5571628212928772,0.1665246600854877,0.012061410322838197,0.027584698509337903,0.4093151390552521,37,kdM1,2,7.5
student_kdM1_s2,test_w51-51,all,all,1.6717808992512047,100000,43579,0.84543,0.7996057280978428,0.8315241578512587,0.8038045847770715,0.7645993565708253,0.8008591983524174,0.8282429610592258,0.734492445902843,0.09565620110429825,0.9478745460510254,0.24011682072611773,0.0216343454264321,0.048207099586874275,0.6750213503837585,37,kdM1,2,11.0
student_kdM1_s2,test_w51-51,all,near,1.6717808992512047,100000,6654,0.84543,0.7996057280978428,0.791918072587917,0.8360384730988879,0.7368623654944393,0.7471762691614066,0.7816351067027352,0.6854034821160204,0.09565620110429825,0.9478745460510254,0.24011682072611773,0.0216343454264321,0.048207099586874275,0.6750213503837585,37,kdM1,2,11.0
student_kdM1_s2,test_w51-51,all,far,1.6717808992512047,100000,36925,0.84543,0.7996057280978428,0.8386612977657414,0.7979959377115775,0.7695976487474612,0.8105330293838864,0.8366418415707515,0.7433384300609343,0.09565620110429825,0.9478745460510254,0.24011682072611773,0.0216343454264321,0.048207099586874275,0.6750213503837585,37,kdM1,2,11.0
student_kdM1_s2,test_w51-51,ge5,all,1.6717808992512047,93905,40935,0.8547574676534796,0.8052590244471801,0.8341152078341911,0.8062049590814706,0.7732036611565293,0.8061170201125133,0.8251862709173079,0.7450690500894553,0.08859033298591766,0.8454961776733398,0.22426196929204015,0.019184412314302294,0.04383934064624502,0.6080425381660461,37,kdM1,2,11.0
student_kdM1_s2,test_w51-51,ge5,near,1.6717808992512047,93905,6460,0.8547574676534796,0.8052590244471801,0.7970512752249614,0.8407120743034056,0.7471328575764025,0.7539946396982788,0.7761609907120743,0.6972097681884217,0.08859033298591766,0.8454961776733398,0.22426196929204015,0.019184412314302294,0.04383934064624502,0.6080425381660461,37,kdM1,2,11.0
student_kdM1_s2,test_w51-51,ge5,far,1.6717808992512047,93905,34475,0.8547574676534796,0.8052590244471801,0.8410603276211563,0.7997389412617839,0.7780888646700206,0.8158838243902785,0.8343727338651197,0.7540370257553196,0.08859033298591766,0.8454961776733398,0.22426196929204015,0.019184412314302294,0.04383934064624502,0.6080425381660461,37,kdM1,2,11.0
student_hardA_s2,val,all,all,1.26850232514343,200000,54382,0.9497,0.9300628594164183,0.8940803049262622,0.6167298003015703,0.874467837335883,0.853891983560737,0.6038211172814534,0.8286358273877387,0.011189220766276079,0.20083633065223694,0.0746226161186325,0.004034259164963899,0.006636520424112686,0.19086675345897675,37,hardA,2,1.0
student_hardA_s2,val,all,near,1.26850232514343,200000,12295,0.9497,0.9300628594164183,0.8821060506303375,0.636762911752745,0.8628785709638065,0.7311235164701098,0.7567303782025213,0.7131524936966245,0.011189220766276079,0.20083633065223694,0.0746226161186325,0.004034259164963899,0.006636520424112686,0.19086675345897675,37,hardA,2,1.0
student_hardA_s2,val,all,far,1.26850232514343,200000,42087,0.9497,0.9300628594164183,0.8975783793095254,0.6108774681017891,0.8778534440563595,0.8897566995746905,0.5591512818685105,0.8623723157982275,0.011189220766276079,0.20083633065223694,0.0746226161186325,0.004034259164963899,0.006636520424112686,0.19086675345897675,37,hardA,2,1.0
student_hardA_s2,val,ge5,all,1.26850232514343,190477,52884,0.9545141933146785,0.9355773239460257,0.9016942413614211,0.5896868618107556,0.8836977218913304,0.8679686396801953,0.5499394902049769,0.8438310179273866,0.010376054751488525,0.17925146222114563,0.06776401926095768,0.0034690078717085943,0.005285644222105522,0.17000208795070648,37,hardA,2,1.0
student_hardA_s2,val,ge5,near,1.26850232514343,190477,11763,0.9545141933146785,0.9355773239460257,0.8879304995037424,0.6075830995494347,0.8704699105513372,0.7432691123062216,0.731361047351866,0.7261422669303056,0.010376054751488525,0.17925146222114563,0.06776401926095768,0.0034690078717085943,0.005285644222105522,0.17000208795070648,37,hardA,2,1.0
student_hardA_s2,val,ge5,far,1.26850232514343,190477,41121,0.9545141933146785,0.9355773239460257,0.905631472836139,0.5845674959266555,0.8874816460369578,0.9036399643196753,0.49804236278300623,0.8774968523666916,0.010376054751488525,0.17925146222114563,0.06776401926095768,0.0034690078717085943,0.005285644222105522,0.17000208795070648,37,hardA,2,1.0
student_hardA_s2,test_w42-45,all,all,1.26850232514343,100000,100000,0.93728,0.9115117570962326,0.8870077281500001,0.58711,0.8585612661000002,0.8591290799000001,0.5848,0.8266765072,0.020055035592913606,0.3136862814426422,0.09511059906560959,0.005728484493635749,0.004306227866560189,0.28295496106147766,37,hardA,2,3.5
student_hardA_s2,test_w42-45,all,near,1.26850232514343,100000,11103,0.93728,0.9115117570962326,0.8760976821579753,0.6234351076285689,0.8495518157254797,0.8779642303881835,0.5667837521390615,0.8444569845987571,0.020055035592913606,0.3136862814426422,0.09511059906560959,0.005728484493635749,0.004306227866560189,0.28295496106147766,37,hardA,2,3.5
student_hardA_s2,test_w42-45,all,far,1.26850232514343,100000,88897,0.93728,0.9115117570962326,0.8883703640167835,0.5825730902055187,0.8596865226048122,0.8567766194584745,0.5870501816709225,0.824455772635747,0.020055035592913606,0.3136862814426422,0.09511059906560959,0.005728484493635749,0.004306227866560189,0.28295496106147766,37,hardA,2,3.5
student_hardA_s2,test_w42-45,ge5,all,1.26850232514343,95189,93109,0.9432812614902982,0.9170866091321176,0.8924075034100478,0.5571427037128527,0.8663103042132585,0.8694897190503434,0.5360491466990301,0.8388328784654865,0.018190625511289596,0.28577718138694763,0.08676751358327542,0.004945346441882478,0.0029962304735942497,0.25704216957092285,37,hardA,2,3.5
student_hardA_s2,test_w42-45,ge5,near,1.26850232514343,95189,10761,0.9432812614902982,0.9170866091321176,0.8827054456552839,0.6117461202490475,0.8586092698949118,0.8897445900158298,0.5259734225443732,0.8581445987985563,0.018190625511289596,0.28577718138694763,0.08676751358327542,0.004945346441882478,0.0029962304735942497,0.25704216957092285,37,hardA,2,3.5
student_hardA_s2,test_w42-45,ge5,far,1.26850232514343,95189,82348,0.9432812614902982,0.9170866091321176,0.8936753404370432,0.5500072861514548,0.8673166532478399,0.8668428707181484,0.5373658133773741,0.8363092783476431,0.018190625511289596,0.28577718138694763,0.08676751358327542,0.004945346441882478,0.0029962304735942497,0.25704216957092285,37,hardA,2,3.5
student_hardA_s2,test_w46-49,all,all,1.26850232514343,100000,100000,0.89381,0.8627610812976316,0.8642690924,0.67396,0.8140088059,0.8375371919000001,0.65858,0.7799393519,0.0504128068014979,0.5950301885604858,0.16252543581595008,0.012990706518527323,0.02942171808041632,0.5144601464271545,37,hardA,2,7.5
student_hardA_s2,test_w46-49,all,near,1.26850232514343,100000,10044,0.89381,0.8627610812976316,0.8473319514137794,0.6969334926324173,0.80070857128634,0.8502635847272003,0.6360015929908402,0.7915276025487853,0.0504128068014979,0.5950301885604858,0.16252543581595008,0.012990706518527323,0.02942171808041632,0.5144601464271545,37,hardA,2,7.5
student_hardA_s2,test_w46-49,all,far,1.26850232514343,100000,89956,0.89381,0.8627610812976316,0.8661602018764729,0.6713949041753746,0.8154938380986261,0.8361162317688648,0.6611009827026546,0.7786454705633866,0.0504128068014979,0.5950301885604858,0.16252543581595008,0.012990706518527323,0.02942171808041632,0.5144601464271545,37,hardA,2,7.5
student_hardA_s2,test_w46-49,ge5,all,1.26850232514343,94953,93107,0.903204743399366,0.8703924693274504,0.8696197326074597,0.6585433963074742,0.8238999703412331,0.8482743012077264,0.6145939617859022,0.7948933441406538,0.04572330789484534,0.5224931836128235,0.14848438643076212,0.010997512160509442,0.026358598495985305,0.4526456594467163,37,hardA,2,7.5
student_hardA_s2,test_w46-49,ge5,near,1.26850232514343,94953,9749,0.903204743399366,0.8703924693274504,0.8539909861003873,0.6793517283823982,0.8117844746091305,0.8627673522132755,0.598112626936096,0.8082468821591915,0.04572330789484534,0.5224931836128235,0.14848438643076212,0.010997512160509442,0.026358598495985305,0.4526456594467163,37,hardA,2,7.5
student_hardA_s2,test_w46-49,ge5,far,1.26850232514343,94953,83358,0.903204743399366,0.8703924693274504,0.871447567364741,0.6561097915017154,0.8253169185392734,0.8465792898800423,0.6165215096331486,0.7933316027104045,0.04572330789484534,0.5224931836128235,0.14848438643076212,0.010997512160509442,0.026358598495985305,0.4526456594467163,37,hardA,2,7.5
student_hardA_s2,test_w51-51,all,all,1.26850232514343,100000,43579,0.85494,0.8073694449922553,0.8531688169760665,0.7326694049886413,0.7873028226898278,0.8276189944698134,0.7736524472796531,0.75938123889947,0.07439719725042579,0.9107831120491028,0.21818328055777825,0.019682928541441894,0.05031351413063704,0.7753342986106873,37,hardA,2,11.0
student_hardA_s2,test_w51-51,all,near,1.26850232514343,100000,6654,0.85494,0.8073694449922553,0.8393739893297265,0.7476705740907724,0.7769045281033964,0.8390965366696723,0.78253681995792,0.7692850165314097,0.07439719725042579,0.9107831120491028,0.21818328055777825,0.019682928541441894,0.05031351413063704,0.7753342986106873,37,hardA,2,11.0
student_hardA_s2,test_w51-51,all,far,1.26850232514343,100000,36925,0.85494,0.8073694449922553,0.8556546878808395,0.7299661475964794,0.7891766277589709,0.8255507056194991,0.7720514556533514,0.7575965473256601,0.07439719725042579,0.9107831120491028,0.21818328055777825,0.019682928541441894,0.05031351413063704,0.7753342986106873,37,hardA,2,11.0
student_hardA_s2,test_w51-51,ge5,all,1.26850232514343,93905,40935,0.8630211383845375,0.8125051535875973,0.8579965837289318,0.7305972883840235,0.7962592943276091,0.8400738451907471,0.7496763161109076,0.7750469186576147,0.07065076944238491,0.8600743412971497,0.20673271437905977,0.01745288202732547,0.04822521100344288,0.7310627102851868,37,hardA,2,11.0
student_hardA_s2,test_w51-51,ge5,near,1.26850232514343,93905,6460,0.8630211383845375,0.8125051535875973,0.8458110635823076,0.734984520123839,0.7870297644530083,0.851866889879321,0.7527863777089784,0.7855507814283686,0.07065076944238491,0.8600743412971497,0.20673271437905977,0.01745288202732547,0.04822521100344288,0.7310627102851868,37,hardA,2,11.0
student_hardA_s2,test_w51-51,ge5,far,1.26850232514343,93905,34475,0.8630211383845375,0.8125051535875973,0.8602799328267475,0.7297751994198695,0.7979887435803986,0.837864038992395,0.7490935460478607,0.773078682152928,0.07065076944238491,0.8600743412971497,0.20673271437905977,0.01745288202732547,0.04822521100344288,0.7310627102851868,37,hardA,2,11.0
