model,split,flows,unknown,temperature,n_known,n_unknown,accuracy,macro_f1,auroc_msp,fpr95_msp,oscr_msp,auroc_energy,fpr95_energy,oscr_energy,ece,nll,brier,aurc,ece_ts,nll_ts,start,condition,seed,weeks_since
teacherA_0,val,all,all,1.278234194612443,200000,53779,0.970445,0.9576838165203811,0.9000088018092564,0.5823090797523197,0.8923223302776175,0.8205658405697391,0.6071700849774075,0.8103776535450641,0.0068820833534002,0.10350945591926575,0.04266181026409247,0.001106491141971484,0.001563037175349874,0.0989047959446907,11,teacherA_member,0,1.0
teacherA_0,val,all,near,1.278234194612443,200000,10959,0.970445,0.9576838165203811,0.8748400570307511,0.5600875992335067,0.8673083214709372,0.8118126418925085,0.5950360434346199,0.8014266698603888,0.0068820833534002,0.10350945591926575,0.04266181026409247,0.001106491141971484,0.001563037175349874,0.0989047959446907,11,teacherA_member,0,1.0
teacherA_0,val,all,far,1.278234194612443,200000,42820,0.970445,0.9576838165203811,0.9064502841546007,0.5879962634283046,0.8987242107659972,0.822806062529192,0.6102755721625409,0.8126684949789817,0.0068820833534002,0.10350945591926575,0.04266181026409247,0.001106491141971484,0.001563037175349874,0.0989047959446907,11,teacherA_member,0,1.0
teacherA_0,val,ge5,all,1.278234194612443,191366,52270,0.9760824806914499,0.9658891509432183,0.9110917575659332,0.5256935144442318,0.9047905008719436,0.8310522308513871,0.5508896116319112,0.8221491192215823,0.005559083653236058,0.08270235359668732,0.0348820041875905,0.000783312430860486,0.0012830851167157072,0.07884235680103302,11,teacherA_member,0,1.0
teacherA_0,val,ge5,near,1.278234194612443,191366,10483,0.9760824806914499,0.9658891509432183,0.8829613190422227,0.5095869503004865,0.8770660567116455,0.8195802378990039,0.5322903748926834,0.8105033761853903,0.005559083653236058,0.08270235359668732,0.0348820041875905,0.000783312430860486,0.0012830851167157072,0.07884235680103302,11,teacherA_member,0,1.0
teacherA_0,val,ge5,far,1.278234194612443,191366,41787,0.9760824806914499,0.9658891509432183,0.918148770202496,0.5297341278388016,0.9117456627197048,0.8339301809822852,0.5555555555555556,0.8250706576007052,0.005559083653236058,0.08270235359668732,0.0348820041875905,0.000783312430860486,0.0012830851167157072,0.07884235680103302,11,teacherA_member,0,1.0
teacherA_1,val,all,all,1.295048967651576,200000,53779,0.97036,0.9575824560668281,0.903802389733911,0.5752059354022946,0.8956059600401644,0.8423255215325686,0.593596013313747,0.8317479765335912,0.007459077380448541,0.10536789894104004,0.04288762398096882,0.0011468686727328173,0.001911661410666969,0.09998607635498047,11,teacherA_member,1,1.0
teacherA_1,val,all,near,1.295048967651576,200000,10959,0.97036,0.9575824560668281,0.8717544529610366,0.5721324938406789,0.8639618049092069,0.8134708965234053,0.5923898165891048,0.8031191303951091,0.007459077380448541,0.10536789894104004,0.04288762398096882,0.0011468686727328173,0.001911661410666969,0.09998607635498047,11,teacherA_member,1,1.0
teacherA_1,val,all,far,1.295048967651576,200000,42820,0.97036,0.9575824560668281,0.9120044761209716,0.5759925268566091,0.9037047058617468,0.8497103378678188,0.5939047174217655,0.8390750088743577,0.007459077380448541,0.10536789894104004,0.04288762398096882,0.0011468686727328173,0.001911661410666969,0.09998607635498047,11,teacherA_member,1,1.0
teacherA_1,val,ge5,all,1.295048967651576,191366,52270,0.9759413897975607,0.9656069950403194,0.914808345232503,0.5103118423569926,0.9080096601349713,0.8534748759985405,0.5342835278362349,0.8441729086924744,0.006157048805172517,0.08461922407150269,0.035121029707316426,0.0008236366588640237,0.0014273678597962053,0.08004366606473923,11,teacherA_member,1,1.0
teacherA_1,val,ge5,near,1.295048967651576,191366,10483,0.9759413897975607,0.9656069950403194,0.8799690362112996,0.5230372984832586,0.8736939962614175,0.822007812703186,0.5202709148144615,0.8128418333429144,0.006157048805172517,0.08461922407150269,0.035121029707316426,0.0008236366588640237,0.0014273678597962053,0.08004366606473923,11,teacherA_member,1,1.0
teacherA_1,val,ge5,far,1.295048967651576,191366,41787,0.9759413897975607,0.9656069950403194,0.9235483954028734,0.5071194390599947,0.9166183447590522,0.8613689393322377,0.5377988369588628,0.8520328570709041,0.006157048805172517,0.08461922407150269,0.035121029707316426,0.0008236366588640237,0.0014273678597962053,0.08004366606473923,11,teacherA_member,1,1.0
teacherA_2,val,all,all,1.2952232464265883,200000,53779,0.97086,0.9583947734621043,0.9013277825452314,0.5951579612860038,0.8938595846891911,0.8388125509027686,0.6126740921177412,0.8286862021421,0.006963553896620874,0.10412248969078064,0.04216983232858513,0.001105600026103594,0.0018509811495244274,0.09891478717327118,11,teacherA_member,2,1.0
teacherA_2,val,all,near,1.2952232464265883,200000,10959,0.97086,0.9583947734621043,0.8855185778811935,0.5839948900447121,0.8779667319098458,0.8202150645588101,0.5939410530157861,0.8100664572497491,0.006963553896620874,0.10412248969078064,0.04216983232858513,0.001105600026103594,0.0018509811495244274,0.09891478717327118,11,teacherA_member,2,1.0
teacherA_2,val,all,far,1.2952232464265883,200000,42820,0.97086,0.9583947734621043,0.9053738608710883,0.5980149462867819,0.897927071228398,0.8435722391989725,0.6174684726763194,0.8334515871088277,0.006963553896620874,0.10412248969078064,0.04216983232858513,0.001105600026103594,0.0018509811495244274,0.09891478717327118,11,teacherA_member,2,1.0
teacherA_2,val,ge5,all,1.2952232464265883,191366,52270,0.9762444739399894,0.9657620323953592,0.91263084633576,0.5340730820738473,0.9063988476864191,0.850140168293067,0.5482494738855941,0.8411715091164748,0.005882629124579546,0.08401425182819366,0.034739518055810104,0.0007964546102068601,0.0010964296992633368,0.07942058145999908,11,teacherA_member,2,1.0
teacherA_2,val,ge5,near,1.2952232464265883,191366,10483,0.9762444739399894,0.9657620323953592,0.8947243947822958,0.5344844033196604,0.888540145385258,0.8286781652201809,0.5358198988839072,0.8196801010767126,0.005882629124579546,0.08401425182819366,0.034739518055810104,0.0007964546102068601,0.0010964296992633368,0.07942058145999908,11,teacherA_member,2,1.0
teacherA_2,val,ge5,far,1.2952232464265883,191366,41787,0.9762444739399894,0.9657620323953592,0.9171229929755036,0.5339698949434034,0.9108790155908647,0.8555242872346773,0.5513676502261469,0.8465630048084563,0.005882629124579546,0.08401425182819366,0.034739518055810104,0.0007964546102068601,0.0010964296992633368,0.07942058145999908,11,teacherA_member,2,1.0
teacherA_3,val,all,all,1.2918790117432906,200000,53779,0.97087,0.9584062929178994,0.8795594205451943,0.6057011100987374,0.8725251603785864,0.7977921709682219,0.6260808122129455,0.788187856133435,0.006951180295571658,0.10457327216863632,0.042354594689288955,0.0011142215046993976,0.0017565320152789366,0.09932351857423782,11,teacherA_member,3,1.0
teacherA_3,val,all,near,1.2918790117432906,200000,10959,0.97087,0.9584062929178994,0.8579418637649421,0.600875992335067,0.8513016155671136,0.7925315252304042,0.624692033944703,0.7830126617392098,0.006951180295571658,0.10457327216863632,0.042354594689288955,0.0011142215046993976,0.0017565320152789366,0.09932351857423782,11,teacherA_member,3,1.0
teacherA_3,val,all,far,1.2918790117432906,200000,42820,0.97087,0.9584062929178994,0.885092040927137,0.6069360112097151,0.8779569405651566,0.7991385375408687,0.626436244745446,0.7895123529892574,0.006951180295571658,0.10457327216863632,0.042354594689288955,0.0011142215046993976,0.0017565320152789366,0.09932351857423782,11,teacherA_member,3,1.0
teacherA_3,val,ge5,all,1.2918790117432906,191366,52270,0.9762862786492899,0.9661115605996295,0.890618821687401,0.5493017026975321,0.8848683100970722,0.8075904383092406,0.5666539123780371,0.7991139789983243,0.005857283624681747,0.0838763490319252,0.03465516829176933,0.0007973887630021796,0.0011170987444441593,0.07934704422950745,11,teacherA_member,3,1.0
teacherA_3,val,ge5,near,1.2918790117432906,191366,10483,0.9762862786492899,0.9661115605996295,0.8663569634618815,0.5490794619860727,0.8611414698111283,0.8004139887502083,0.568062577506439,0.7919618655272366,0.005857283624681747,0.0838763490319252,0.03465516829176933,0.0007973887630021796,0.0011170987444441593,0.07934704422950745,11,teacherA_member,3,1.0
teacherA_3,val,ge5,far,1.2918790117432906,191366,41787,0.9762862786492899,0.9661115605996295,0.8967053332766063,0.5493574556680307,0.8908206030761701,0.8093907762307792,0.5663005240864384,0.8009082117864499,0.005857283624681747,0.0838763490319252,0.03465516829176933,0.0007973887630021796,0.0011170987444441593,0.07934704422950745,11,teacherA_member,3,1.0
teacherA_4,val,all,all,1.2965102575076488,200000,53779,0.97056,0.9584688539008243,0.8921690613901336,0.5740158798043846,0.8844173442235816,0.8080562051172392,0.6181595046393573,0.798189774633221,0.007592096417546247,0.10420850664377213,0.04243264471879989,0.0011321200084428707,0.001499834051206727,0.0987263023853302,11,teacherA_member,4,1.0
teacherA_4,val,all,near,1.2965102575076488,200000,10959,0.97056,0.9584688539008243,0.8769461337713295,0.5735924810657906,0.869392730632357,0.8368511536180309,0.5966785290628707,0.8264860416096359,0.007592096417546247,0.10420850664377213,0.04243264471879989,0.0011321200084428707,0.001499834051206727,0.0987263023853302,11,teacherA_member,4,1.0
teacherA_4,val,all,far,1.2965102575076488,200000,42820,0.97056,0.9584688539008243,0.896065092772069,0.5741242410088744,0.8882626207379728,0.8006866618986456,0.6236571695469407,0.7909478598785614,0.007592096417546247,0.10420850664377213,0.04243264471879989,0.0011321200084428707,0.001499834051206727,0.0987263023853302,11,teacherA_member,4,1.0
teacherA_4,val,ge5,all,1.2965102575076488,191366,52270,0.9759675177408735,0.9662566625403883,0.9029885231037031,0.517696575473503,0.8965607511792002,0.8186289958435445,0.5694471015879089,0.8099648468742264,0.006428893095867023,0.08392461389303207,0.034964196063593946,0.0008208413385842342,0.0008456041469364857,0.07914431393146515,11,teacherA_member,4,1.0
teacherA_4,val,ge5,near,1.2965102575076488,191366,10483,0.9759675177408735,0.9662566625403883,0.8853195170909245,0.5299055613850997,0.8792457238671001,0.8463480974877885,0.5357245063436039,0.8371797017351633,0.006428893095867023,0.08392461389303207,0.034964196063593946,0.0008208413385842342,0.0008456041469364857,0.07914431393146515,11,teacherA_member,4,1.0
teacherA_4,val,ge5,far,1.2965102575076488,191366,41787,0.9759675177408735,0.9662566625403883,0.907421102375533,0.5146337377653337,0.9009045287012223,0.8116751742594008,0.5779070045707996,0.8031375244173091,0.006428893095867023,0.08392461389303207,0.034964196063593946,0.0008208413385842342,0.0008456041469364857,0.07914431393146515,11,teacherA_member,4,1.0
teacherA,val,all,all,1.065888886650108,200000,53779,0.97368,0.9638540619028597,0.9158339464753901,0.5021476784618532,0.908117000688001,0.837440381050224,0.6012012123691404,0.8284957951988694,0.0014406953948736035,0.08640236407518387,0.03725492530648836,0.0008575740635622637,0.0023125774230063237,0.08614907413721085,11,teacherA,,1.0
teacherA,val,all,near,1.065888886650108,200000,10959,0.97368,0.9638540619028597,0.8893272472397117,0.5146454968519025,0.8819479797426772,0.8279235794780546,0.5866411168902272,0.8188091080390547,0.0014406953948736035,0.08640236407518387,0.03725492530648836,0.0008575740635622637,0.0023125774230063237,0.08614907413721085,11,teacherA,,1.0
teacherA,val,all,far,1.065888886650108,200000,42820,0.97368,0.9638540619028597,0.9226178539234002,0.49894908921064923,0.9148144855207847,0.8398760332788416,0.6049276039234003,0.8309749265530125,0.0014406953948736035,0.08640236407518387,0.03725492530648836,0.0008575740635622637,0.0023125774230063237,0.08614907413721085,11,teacherA,,1.0
teacherA,val,ge5,all,1.065888886650108,191366,52270,0.9790035847538225,0.9715278430581625,0.9253723988717678,0.45169313181557297,0.9191431085909455,0.8492320345136544,0.5338243734455711,0.8413929320141357,0.0013521840418821555,0.0677017793059349,0.030004337820762218,0.0005895902141920957,0.0023652515390427675,0.06761553138494492,11,teacherA,,1.0
teacherA,val,ge5,near,1.065888886650108,191366,10483,0.9790035847538225,0.9715278430581625,0.8972682732048693,0.47667652389583137,0.8913606243399143,0.8371222798284952,0.5129256892111037,0.8290968630816681,0.0013521840418821555,0.0677017793059349,0.030004337820762218,0.0005895902141920957,0.0023652515390427675,0.06761553138494492,11,teacherA,,1.0
teacherA,val,ge5,far,1.065888886650108,191366,41787,0.9790035847538225,0.9715278430581625,0.9324228104678647,0.4454256108359059,0.9261128308108599,0.8522699783326537,0.5390671740014837,0.8444776160215797,0.0013521840418821555,0.0677017793059349,0.030004337820762218,0.0005895902141920957,0.0023652515390427675,0.06761553138494492,11,teacherA,,1.0
teacherB,val,all,all,1.4075419166759908,200000,53779,0.973785,0.9620001887686349,0.9018319085981518,0.5804124286431507,0.8967723521262947,0.8367802816619869,0.5902303873259079,0.828219536064263,0.007960511997714616,0.09651657938957214,0.038595786754934136,0.0009148578895352854,0.001558734053969345,0.08831613510847092,11,teacherB,,1.0
teacherB,val,all,near,1.4075419166759908,200000,10959,0.973785,0.9620001887686349,0.8592135064786933,0.5721324938406789,0.8589162829637741,0.8305916237795419,0.5655625513276759,0.8218254457523497,0.007960511997714616,0.09651657938957214,0.038595786754934136,0.0009148578895352854,0.001558734053969345,0.08831613510847092,11,teacherB,,1.0
teacherB,val,all,far,1.4075419166759908,200000,42820,0.973785,0.9620001887686349,0.912739313288183,0.5825315273236805,0.906460924334423,0.8383641560602522,0.5965436711816908,0.8298559871555348,0.007960511997714616,0.09651657938957214,0.038595786754934136,0.0009148578895352854,0.001558734053969345,0.08831613510847092,11,teacherB,,1.0
teacherB,val,ge5,all,1.4075419166759908,191366,52270,0.9790349382857979,0.9699780572118218,0.9131719158026362,0.5051846183279127,0.9094495741401171,0.8477536569468245,0.5432753013200688,0.8404238041581255,0.006496904037393147,0.07613786309957504,0.03113448354194149,0.0006301341996585101,0.0012202642118055345,0.06924304366111755,11,teacherB,,1.0
teacherB,val,ge5,near,1.4075419166759908,191366,10483,0.9790349382857979,0.9699780572118218,0.8672414328507685,0.5165506057426309,0.8688174154088133,0.8387115626387485,0.5156920728799008,0.8312190537466564,0.006496904037393147,0.07613786309957504,0.03113448354194149,0.0006301341996585101,0.0012202642118055345,0.06924304366111755,11,teacherB,,1.0
teacherB,val,ge5,far,1.4075419166759908,191366,41787,0.9790349382857979,0.9699780572118218,0.9246943809900013,0.5023332615406706,0.9196428620042916,0.85002202449251,0.5501950367339125,0.8427329768329628,0.006496904037393147,0.07613786309957504,0.03113448354194149,0.0006301341996585101,0.0012202642118055345,0.06924304366111755,11,teacherB,,1.0
teacherA_0,test_w16-19,all,all,1.278234194612443,100000,100000,0.96413,0.948924463628763,0.8847889663499999,0.53391,0.8728976043,0.8502515528,0.4826,0.8334805199,0.010617139528840806,0.14456945657730103,0.053466730799549576,0.0019782624704802365,0.0024010058350861134,0.13257738947868347,11,teacherA_member,0,3.5
teacherA_0,test_w16-19,all,near,1.278234194612443,100000,11980,0.96413,0.948924463628763,0.8510657554257095,0.6292153589315526,0.8412194348914858,0.8514930997495826,0.5641903171953255,0.8361516736227045,0.010617139528840806,0.14456945657730103,0.053466730799549576,0.0019782624704802365,0.0024010058350861134,0.13257738947868347,11,teacherA_member,0,3.5
teacherA_0,test_w16-19,all,far,1.278234194612443,100000,88020,0.96413,0.948924463628763,0.8893788784935241,0.5209384230856623,0.8772091751874573,0.8500825715178368,0.4714951147466485,0.8331169613724154,0.010617139528840806,0.14456945657730103,0.053466730799549576,0.0019782624704802365,0.0024010058350861134,0.13257738947868347,11,teacherA_member,0,3.5
teacherA_0,test_w16-19,ge5,all,1.278234194612443,96085,89545,0.9688713118592912,0.9536922598161102,0.885592029989849,0.5135741805795968,0.8760848986669475,0.8494075004137717,0.4596459880507008,0.8347691507172741,0.009116908291745131,0.12483024597167969,0.04667639638926006,0.0015417778761597902,0.0023495757550182953,0.11430895328521729,11,teacherA_member,0,3.5
teacherA_0,test_w16-19,ge5,near,1.278234194612443,96085,11402,0.9688713118592912,0.9536922598161102,0.8564198272927106,0.6017365374495702,0.8482541289775722,0.8568490447685363,0.533766005963866,0.8433865760320804,0.009116908291745131,0.12483024597167969,0.04667639638926006,0.0015417778761597902,0.0023495757550182953,0.11430895328521729,11,teacherA_member,0,3.5
teacherA_0,test_w16-19,ge5,far,1.278234194612443,96085,78143,0.9688713118592912,0.9536922598161102,0.8898486039011752,0.5007102363615423,0.8801457414295528,0.8483216899287246,0.44883098934005605,0.8335117651108931,0.009116908291745131,0.12483024597167969,0.04667639638926006,0.0015417778761597902,0.0023495757550182953,0.11430895328521729,11,teacherA_member,0,3.5
teacherA_1,test_w16-19,all,all,1.295048967651576,100000,100000,0.96547,0.951001398586607,0.8949770199,0.50835,0.8830260071,0.8735019906000001,0.47478,0.8568365821,0.010537518594563058,0.13756830990314484,0.051296578758756206,0.0018616827617428354,0.0020835542958230232,0.12588880956172943,11,teacherA_member,1,3.5
teacherA_1,test_w16-19,all,near,1.295048967651576,100000,11980,0.96547,0.951001398586607,0.8323950563439065,0.6354757929883138,0.8240109791318864,0.8398570283806344,0.5947412353923205,0.8257141886477462,0.010537518594563058,0.13756830990314484,0.051296578758756206,0.0018616827617428354,0.0020835542958230232,0.12588880956172943,11,teacherA_member,1,3.5
teacherA_1,test_w16-19,all,far,1.295048967651576,100000,88020,0.96547,0.951001398586607,0.9034947649965916,0.4910474892069984,0.8910582728925245,0.8780812526698477,0.4584526244035447,0.8610725088616225,0.010537518594563058,0.13756830990314484,0.051296578758756206,0.0018616827617428354,0.0020835542958230232,0.12588880956172943,11,teacherA_member,1,3.5
teacherA_1,test_w16-19,ge5,all,1.295048967651576,96085,89545,0.9700057240984545,0.9560983562506313,0.8962769628452375,0.48752024121949855,0.8866621709117372,0.8779789261044574,0.44239209336088,0.8632799827699694,0.009227502095579584,0.11753471940755844,0.04476146898943122,0.001420147938937863,0.0016644299137311617,0.107461117208004,11,teacherA_member,1,3.5
teacherA_1,test_w16-19,ge5,near,1.295048967651576,96085,11402,0.9700057240984545,0.9560983562506313,0.8367140084017399,0.6107700403437993,0.8299411697842485,0.8449501016908075,0.5479740396421681,0.8325142264762816,0.009227502095579584,0.11753471940755844,0.04476146898943122,0.001420147938937863,0.0016644299137311617,0.107461117208004,11,teacherA_member,1,3.5
teacherA_1,test_w16-19,ge5,far,1.295048967651576,96085,78143,0.9700057240984545,0.9560983562506313,0.9049679115746792,0.469536618763037,0.8949384446004314,0.8827982273337988,0.42698642232829553,0.8677690752447994,0.009227502095579584,0.11753471940755844,0.04476146898943122,0.001420147938937863,0.0016644299137311617,0.107461117208004,11,teacherA_member,1,3.5
teacherA_2,test_w16-19,all,all,1.2952232464265883,100000,100000,0.9661,0.9524126531112481,0.8863367392499999,0.51118,0.8754976937000001,0.8540716547499999,0.48524,0.8378200567,0.009835966872572864,0.134553000330925,0.0499042210449705,0.001786101455950319,0.0023945344351232398,0.12371151149272919,11,teacherA_member,2,3.5
teacherA_2,test_w16-19,all,near,1.2952232464265883,100000,11980,0.9661,0.9524126531112481,0.8418522333055092,0.6198664440734558,0.8333360425709515,0.8397412767111851,0.5791318864774624,0.825343743739566,0.009835966872572864,0.134553000330925,0.0499042210449705,0.001786101455950319,0.0023945344351232398,0.12371151149272919,11,teacherA_member,2,3.5
teacherA_2,test_w16-19,all,far,1.2952232464265883,100000,88020,0.9661,0.9524126531112481,0.8923913220858897,0.496387184730743,0.8812361233810497,0.8560220970234038,0.47246080436264487,0.8395181506475802,0.009835966872572864,0.134553000330925,0.0499042210449705,0.001786101455950319,0.0023945344351232398,0.12371151149272919,11,teacherA_member,2,3.5
teacherA_2,test_w16-19,ge5,all,1.2952232464265883,96085,89545,0.970817505333819,0.9574246866334968,0.8867549522775858,0.4941761125690993,0.878217780870072,0.851914877121593,0.46861354626165613,0.8378259628891216,0.008336258936097084,0.114907406270504,0.04323502489078029,0.0014020224255839337,0.0020539650941184167,0.10560191422700882,11,teacherA_member,2,3.5
teacherA_2,test_w16-19,ge5,near,1.2952232464265883,96085,11402,0.970817505333819,0.9574246866334968,0.8463678960983987,0.5963865988423084,0.8394765853192845,0.8442811454334403,0.542799508858095,0.8316336750051118,0.008336258936097084,0.114907406270504,0.04323502489078029,0.0014020224255839337,0.0020539650941184167,0.10560191422700882,11,teacherA_member,2,3.5
teacherA_2,test_w16-19,ge5,far,1.2952232464265883,96085,78143,0.970817505333819,0.9574246866334968,0.8926479076869647,0.47926237794812077,0.883870585493264,0.8530287300413468,0.45778892543158056,0.8387294918866449,0.008336258936097084,0.114907406270504,0.04323502489078029,0.0014020224255839337,0.0020539650941184167,0.10560191422700882,11,teacherA_member,2,3.5
teacherA_3,test_w16-19,all,all,1.2918790117432906,100000,100000,0.96564,0.9523839643356004,0.88699256495,0.5126,0.8760090725,0.8602727711,0.48704,0.8443003577,0.010011875084489585,0.13639967143535614,0.05081538813162785,0.0018699801762632007,0.0026892950558662734,0.1253359615802765,11,teacherA_member,3,3.5
teacherA_3,test_w16-19,all,near,1.2918790117432906,100000,11980,0.96564,0.9523839643356004,0.8376517929883139,0.646160267111853,0.8296770033388983,0.8323000955759599,0.5693656093489149,0.8184439916527546,0.010011875084489585,0.13639967143535614,0.05081538813162785,0.0018699801762632007,0.0026892950558662734,0.1253359615802765,11,teacherA_member,3,3.5
teacherA_3,test_w16-19,all,far,1.2918790117432906,100000,88020,0.96564,0.9523839643356004,0.8937081119631902,0.49442172233583276,0.8823151187230174,0.8640800041467849,0.4758350374914792,0.8478195495341967,0.010011875084489585,0.13639967143535614,0.05081538813162785,0.0018699801762632007,0.0026892950558662734,0.1253359615802765,11,teacherA_member,3,3.5
teacherA_3,test_w16-19,ge5,all,1.2918790117432906,96085,89545,0.9706197637508456,0.9576974608342677,0.887691269839372,0.4884359819085376,0.8791035828031786,0.8610849518838994,0.4503880730359037,0.8471476839687584,0.008385572804058244,0.11593849211931229,0.04385549146420946,0.0014504605722512106,0.0020298723417352844,0.10656087100505829,11,teacherA_member,3,3.5
teacherA_3,test_w16-19,ge5,near,1.2918790117432906,96085,11402,0.9706197637508456,0.9576974608342677,0.8422602263276637,0.6123487107524995,0.8359771631920835,0.8365511594391393,0.5465707770566567,0.8245013420838929,0.008385572804058244,0.11593849211931229,0.04385549146420946,0.0014504605722512106,0.0020298723417352844,0.10656087100505829,11,teacherA_member,3,3.5
teacherA_3,test_w16-19,ge5,far,1.2918790117432906,96085,78143,0.9706197637508456,0.9576974608342677,0.8943202034370135,0.47035563006283354,0.885396244159995,0.8646647261625316,0.4363538640697183,0.8504520565954969,0.008385572804058244,0.11593849211931229,0.04385549146420946,0.0014504605722512106,0.0020298723417352844,0.10656087100505829,11,teacherA_member,3,3.5
teacherA_4,test_w16-19,all,all,1.2965102575076488,100000,100000,0.96492,0.9493278056903164,0.8836829275,0.50916,0.8724372344,0.84971162675,0.49655,0.8335400915999999,0.011064667007327115,0.14233532547950745,0.051820159673767706,0.0018970168315272872,0.0029316763965785636,0.12978321313858032,11,teacherA_member,4,3.5
teacherA_4,test_w16-19,all,near,1.2965102575076488,100000,11980,0.96492,0.9493278056903164,0.8327898476627713,0.6210350584307178,0.8245586168614356,0.8350910133555925,0.5637729549248748,0.8205144891485809,0.011064667007327115,0.14233532547950745,0.051820159673767706,0.0018970168315272872,0.0029316763965785636,0.12978321313858032,11,teacherA_member,4,3.5
teacherA_4,test_w16-19,all,far,1.2965102575076488,100000,88020,0.96492,0.9493278056903164,0.8906097520449898,0.49393319700068167,0.8789537742558509,0.8517015716314473,0.4874005907748239,0.8353129468302658,0.011064667007327115,0.14233532547950745,0.051820159673767706,0.0018970168315272872,0.0029316763965785636,0.12978321313858032,11,teacherA_member,4,3.5
teacherA_4,test_w16-19,ge5,all,1.2965102575076488,96085,89545,0.969735130353333,0.9543371746334935,0.8840873223729504,0.49752638338265676,0.8751822490865826,0.8493530972017609,0.48794460885588253,0.8352591062783734,0.009485190437147403,0.12274728715419769,0.04514009722663256,0.0015004529845977156,0.002178267285048695,0.11177203059196472,11,teacherA_member,4,3.5
teacherA_4,test_w16-19,ge5,near,1.2965102575076488,96085,11402,0.969735130353333,0.9543371746334935,0.8368502974598854,0.6002455709524644,0.8303056752184819,0.8395128302146744,0.5469215927030345,0.8267741261768159,0.009485190437147403,0.12274728715419769,0.04514009722663256,0.0015004529845977156,0.002178267285048695,0.11177203059196472,11,teacherA_member,4,3.5
teacherA_4,test_w16-19,ge5,far,1.2965102575076488,96085,78143,0.969735130353333,0.9543371746334935,0.890979770296101,0.4825384231473069,0.8817302789196331,0.8507889100600687,0.4793391602574767,0.8364971665411987,0.009485190437147403,0.12274728715419769,0.04514009722663256,0.0015004529845977156,0.002178267285048695,0.11177203059196472,11,teacherA_member,4,3.5
teacherA,test_w16-19,all,all,1.065888886650108,100000,100000,0.96861,0.956461212426506,0.9063782962,0.42591,0.8941951924000001,0.86907145645,0.45676,0.8539834612,0.0034204543274640852,0.11548250168561935,0.045530894242042916,0.0014937682164756518,0.0031459153746068932,0.11383675038814545,11,teacherA,,3.5
teacherA,test_w16-19,all,near,1.065888886650108,100000,11980,0.96861,0.956461212426506,0.8692274649415692,0.5388146911519198,0.8591961260434058,0.8542479586811351,0.5506677796327212,0.8410283005008347,0.0034204543274640852,0.11548250168561935,0.045530894242042916,0.0014937682164756518,0.0031459153746068932,0.11383675038814545,11,teacherA,,3.5
teacherA,test_w16-19,all,far,1.065888886650108,100000,88020,0.96861,0.956461212426506,0.9114347260849807,0.4105430583958191,0.8989587553965007,0.8710890149965916,0.44397864121790503,0.8557467289252443,0.0034204543274640852,0.11548250168561935,0.045530894242042916,0.0014937682164756518,0.0031459153746068932,0.11383675038814545,11,teacherA,,3.5
teacherA,test_w16-19,ge5,all,1.065888886650108,96085,89545,0.9732528490399126,0.9613763550051416,0.9074545037701122,0.4025350382489251,0.897607873689066,0.8702494110156092,0.43072198336032164,0.8571570113037832,0.002677093435476503,0.0968228131532669,0.038936595742195275,0.0011120638355248422,0.0025007435969286018,0.09562238305807114,11,teacherA,,3.5
teacherA,test_w16-19,ge5,near,1.065888886650108,96085,11402,0.9732528490399126,0.9613763550051416,0.8737315685440001,0.5035958603753727,0.8654858742392267,0.8600015656816316,0.5048237151376952,0.8484782424335101,0.002677093435476503,0.0968228131532669,0.038936595742195275,0.0011120638355248422,0.0025007435969286018,0.09562238305807114,11,teacherA,,3.5
teacherA,test_w16-19,ge5,far,1.065888886650108,96085,78143,0.9732528490399126,0.9613763550051416,0.9123750840837441,0.3877890534020962,0.9022948582907205,0.8717446944382832,0.4199096528159912,0.8584233476699179,0.002677093435476503,0.0968228131532669,0.038936595742195275,0.0011120638355248422,0.0025007435969286018,0.09562238305807114,11,teacherA,,3.5
teacherB,test_w16-19,all,all,1.4075419166759908,100000,100000,0.96917,0.9571245383541097,0.8877153653499998,0.51814,0.8807406376000001,0.87999928695,0.43409,0.865086457,0.01070823440715669,0.12854158878326416,0.04664634152102274,0.0015647764293324317,0.0031665697544812697,0.11262419819831848,11,teacherB,,3.5
teacherB,test_w16-19,all,near,1.4075419166759908,100000,11980,0.96917,0.9571245383541097,0.810505590984975,0.6337228714524207,0.8143516502504174,0.8230843388981637,0.5513355592654424,0.8109632787979966,0.01070823440715669,0.12854158878326416,0.04664634152102274,0.0015647764293324317,0.0031665697544812697,0.11262419819831848,11,teacherB,,3.5
teacherB,test_w16-19,all,far,1.4075419166759908,100000,88020,0.96917,0.9571245383541097,0.8982240349352422,0.502408543512838,0.8897765393092479,0.8877457204612587,0.41813224267211996,0.872452915473756,0.01070823440715669,0.12854158878326416,0.04664634152102274,0.0015647764293324317,0.0031665697544812697,0.11262419819831848,11,teacherB,,3.5
teacherB,test_w16-19,ge5,all,1.4075419166759908,96085,89545,0.9736171098506531,0.9619989715062817,0.8886370150101123,0.49527053436819474,0.8842719747068646,0.8801591700872856,0.40958177452677424,0.8673166631766437,0.009071572593231552,0.10921918600797653,0.04021343903733237,0.0011946465505223612,0.002945945832157049,0.09548290073871613,11,teacherB,,3.5
teacherB,test_w16-19,ge5,near,1.4075419166759908,96085,11402,0.9736171098506531,0.9619989715062817,0.8141510564855088,0.5924399228205578,0.8203426879395516,0.8271150660624453,0.5229784248377478,0.8166136976176328,0.009071572593231552,0.10921918600797653,0.04021343903733237,0.0011946465505223612,0.002945945832157049,0.09548290073871613,11,teacherB,,3.5
teacherB,test_w16-19,ge5,far,1.4075419166759908,96085,78143,0.9736171098506531,0.9619989715062817,0.899505408840622,0.48109235632110364,0.8936000236392182,0.8878989404325658,0.39303584454141766,0.874714833368521,0.009071572593231552,0.10921918600797653,0.04021343903733237,0.0011946465505223612,0.002945945832157049,0.09548290073871613,11,teacherB,,3.5
teacherA_0,test_w20-23,all,all,1.278234194612443,100000,100000,0.95592,0.9306210308472647,0.8748929972499999,0.58292,0.8586577631,0.8410570161999998,0.54792,0.8190048103,0.015101499485373461,0.1958402544260025,0.06756281692388388,0.0030828861579239157,0.005826674119010546,0.17595010995864868,11,teacherA_member,0,7.5
teacherA_0,test_w20-23,all,near,1.278234194612443,100000,13417,0.95592,0.9306210308472647,0.8326413721398225,0.6768279048967728,0.8195473406871879,0.837707623909965,0.6189163002161437,0.8175505150182605,0.015101499485373461,0.1958402544260025,0.06756281692388388,0.0030828861579239157,0.005826674119010546,0.17595010995864868,11,teacherA_member,0,7.5
teacherA_0,test_w20-23,all,far,1.278234194612443,100000,86583,0.95592,0.9306210308472647,0.8814403570562351,0.5683679244193433,0.8647183585692342,0.8415760418326924,0.5369183326981047,0.8192301695482948,0.015101499485373461,0.1958402544260025,0.06756281692388388,0.0030828861579239157,0.005826674119010546,0.17595010995864868,11,teacherA_member,0,7.5
teacherA_0,test_w20-23,ge5,all,1.278234194612443,95941,89776,0.959725247808549,0.9346994393605109,0.8751901380031891,0.5831959543753341,0.860932390977917,0.8396628514136065,0.5318459276421316,0.8193647173387287,0.014368885818969952,0.1810808926820755,0.06233504193637856,0.002668440828893076,0.006268652169799074,0.16169828176498413,11,teacherA_member,0,7.5
teacherA_0,test_w20-23,ge5,near,1.278234194612443,95941,12762,0.959725247808549,0.9346994393605109,0.8374611432438545,0.6622002820874471,0.8256936956995756,0.8423136196802088,0.611189468735308,0.8237130187169812,0.014368885818969952,0.1810808926820755,0.06233504193637856,0.002668440828893076,0.006268652169799074,0.16169828176498413,11,teacherA_member,0,7.5
teacherA_0,test_w20-23,ge5,far,1.278234194612443,95941,77014,0.959725247808549,0.9346994393605109,0.881442214653131,0.5701041369101721,0.8667717997755667,0.8392235922578897,0.5186978990832836,0.818644159749339,0.014368885818969952,0.1810808926820755,0.06233504193637856,0.002668440828893076,0.006268652169799074,0.16169828176498413,11,teacherA_member,0,7.5
teacherA_1,test_w20-23,all,all,1.295048967651576,100000,100000,0.95683,0.9302072754260365,0.88949807015,0.54633,0.8732034086999999,0.86966180875,0.53952,0.8473808863000002,0.015858250655829947,0.18599668145179749,0.06455566375539504,0.0028191421082892,0.005592636514641373,0.16631180047988892,11,teacherA_member,1,7.5
teacherA_1,test_w20-23,all,near,1.295048967651576,100000,13417,0.95683,0.9302072754260365,0.8161575840351792,0.6689274800626072,0.8049648080793024,0.8257701136617723,0.6636356860699113,0.8071068182156964,0.015858250655829947,0.18599668145179749,0.06455566375539504,0.0028191421082892,0.005592636514641373,0.16631180047988892,11,teacherA_member,1,7.5
teacherA_1,test_w20-23,all,far,1.295048967651576,100000,86583,0.95683,0.9302072754260365,0.9008629951607128,0.5273321552729751,0.8837777397410577,0.876463315662428,0.5202868923460725,0.8536218016238755,0.015858250655829947,0.18599668145179749,0.06455566375539504,0.0028191421082892,0.005592636514641373,0.16631180047988892,11,teacherA_member,1,7.5
teacherA_1,test_w20-23,ge5,all,1.295048967651576,95941,89776,0.9605799397546408,0.934536927998581,0.890513948551402,0.5384735341293887,0.8762516503716731,0.8739775811194938,0.5183345214756728,0.8532353799907744,0.015178137014531273,0.1708647757768631,0.05934154260273307,0.002437599333137343,0.00584954589615741,0.15182892978191376,11,teacherA_member,1,7.5
teacherA_1,test_w20-23,ge5,near,1.295048967651576,95941,12762,0.9605799397546408,0.934536927998581,0.8199228201454277,0.6522488638144491,0.8100487708483523,0.8301633745479523,0.6444914590189625,0.8129001321123215,0.015178137014531273,0.1708647757768631,0.05934154260273307,0.002437599333137343,0.00584954589615741,0.15182892978191376,11,teacherA_member,1,7.5
teacherA_1,test_w20-23,ge5,far,1.295048967651576,95941,77014,0.9605799397546408,0.934536927998581,0.9022116136605646,0.5196198093853066,0.8872221381852734,0.881238039013721,0.4974290388760485,0.8599193391855289,0.015178137014531273,0.1708647757768631,0.05934154260273307,0.002437599333137343,0.00584954589615741,0.15182892978191376,11,teacherA_member,1,7.5
teacherA_2,test_w20-23,all,all,1.2952232464265883,100000,100000,0.95654,0.9302533565590752,0.87637205,0.56867,0.8612812445,0.8464781667500001,0.52476,0.8245135684999999,0.015586340923458309,0.182569220662117,0.06463897989786799,0.002778005309025113,0.004876831735894102,0.1640581637620926,11,teacherA_member,2,7.5
teacherA_2,test_w20-23,all,near,1.2952232464265883,100000,13417,0.95654,0.9302533565590752,0.8229478892449876,0.6579712305284341,0.8112699411194753,0.8284143657300441,0.6238354326600581,0.8089952023552209,0.015586340923458309,0.182569220662117,0.06463897989786799,0.002778005309025113,0.004876831735894102,0.1640581637620926,11,teacherA_member,2,7.5
teacherA_2,test_w20-23,all,far,1.2952232464265883,100000,86583,0.95654,0.9302533565590752,0.8846507186168184,0.5548317799106061,0.8690310528625712,0.8492773538685423,0.5094071584491182,0.8269183121397965,0.015586340923458309,0.182569220662117,0.06463897989786799,0.002778005309025113,0.004876831735894102,0.1640581637620926,11,teacherA_member,2,7.5
teacherA_2,test_w20-23,ge5,all,1.2952232464265883,95941,89776,0.9605695166821275,0.9349062452085393,0.8763136603736021,0.5702637675993584,0.8632819598770557,0.8436485046696266,0.5269225628230262,0.8236087881053835,0.014643448996575692,0.16711263358592987,0.059183036323747044,0.0023997187147979694,0.005175539912289915,0.14930644631385803,11,teacherA_member,2,7.5
teacherA_2,test_w20-23,ge5,near,1.2952232464265883,95941,12762,0.9605695166821275,0.9349062452085393,0.8267342469874295,0.651386929948284,0.8164375254387042,0.8320030815574585,0.6198871650211566,0.8141217436529161,0.014643448996575692,0.16711263358592987,0.059183036323747044,0.0023997187147979694,0.005175539912289915,0.14930644631385803,11,teacherA_member,2,7.5
teacherA_2,test_w20-23,ge5,far,1.2952232464265883,95941,77014,0.9605695166821275,0.9349062452085393,0.8845294714421654,0.5568208377697561,0.8710445572269174,0.8455782692547344,0.5115173864492171,0.8251808874808528,0.014643448996575692,0.16711263358592987,0.059183036323747044,0.0023997187147979694,0.005175539912289915,0.14930644631385803,11,teacherA_member,2,7.5
teacherA_3,test_w20-23,all,all,1.2918790117432906,100000,100000,0.95891,0.9371868875658866,0.8793487763500001,0.55573,0.8644351595,0.8569394758000001,0.52185,0.8359161656,0.013840591624677144,0.18136076629161835,0.06221912528490193,0.0029907861860460016,0.005303678960800162,0.16269929707050323,11,teacherA_member,3,7.5
teacherA_3,test_w20-23,all,near,1.2918790117432906,100000,13417,0.95891,0.9371868875658866,0.8204942543042408,0.6935976745919356,0.810081245434896,0.8242933737050012,0.6023701274502496,0.805980916002087,0.013840591624677144,0.18136076629161835,0.06221912528490193,0.0029907861860460016,0.005303678960800162,0.16269929707050323,11,teacherA_member,3,7.5
teacherA_3,test_w20-23,all,far,1.2918790117432906,100000,86583,0.95891,0.9371868875658866,0.8884689399189217,0.534365868588522,0.8728579037455388,0.8619983528521766,0.5093725096150514,0.8405549658708984,0.013840591624677144,0.18136076629161835,0.06221912528490193,0.0029907861860460016,0.005303678960800162,0.16269929707050323,11,teacherA_member,3,7.5
teacherA_3,test_w20-23,ge5,all,1.2918790117432906,95941,89776,0.9627479388374105,0.9413431678410277,0.8796724802237526,0.5460479415433969,0.8667184540597302,0.857491525597148,0.4996212796292996,0.8380756298531664,0.01304590602639183,0.16531337797641754,0.056925154908911535,0.002619670947766417,0.005530806730849981,0.14746123552322388,11,teacherA_member,3,7.5
teacherA_3,test_w20-23,ge5,near,1.2918790117432906,95941,12762,0.9627479388374105,0.9413431678410277,0.8245968972262557,0.6746591443347437,0.8154925197989497,0.8279792467364574,0.5861933866165178,0.8111173889663988,0.01304590602639183,0.16531337797641754,0.056925154908911535,0.002619670947766417,0.005530806730849981,0.14746123552322388,11,teacherA_member,3,7.5
teacherA_3,test_w20-23,ge5,far,1.2918790117432906,95941,77014,0.9627479388374105,0.9413431678410277,0.8887990622765487,0.5247357623289272,0.8752071103175026,0.8623820091822123,0.4852754044719142,0.8425428834719492,0.01304590602639183,0.16531337797641754,0.056925154908911535,0.002619670947766417,0.005530806730849981,0.14746123552322388,11,teacherA_member,3,7.5
teacherA_4,test_w20-23,all,all,1.2965102575076488,100000,100000,0.9572,0.9328476333459058,0.8744572546,0.56168,0.859467193,0.8432945282,0.52607,0.8223436109,0.015798306161239756,0.18385609984397888,0.06369227135850823,0.002878792855737576,0.005525014859810495,0.1642034500837326,11,teacherA_member,4,7.5
teacherA_4,test_w20-23,all,near,1.2965102575076488,100000,13417,0.9572,0.9328476333459058,0.8124788320787062,0.6766043079675039,0.8021050145338005,0.8220072270254155,0.5907430871282701,0.8030912193485875,0.015798306161239756,0.18385609984397888,0.06369227135850823,0.002878792855737576,0.005525014859810495,0.1642034500837326,11,teacherA_member,4,7.5
teacherA_4,test_w20-23,all,far,1.2965102575076488,100000,86583,0.9572,0.9328476333459058,0.8840615013339801,0.5438711987341626,0.8683561013131907,0.8465932325629743,0.5160481849785755,0.8253269833570099,0.015798306161239756,0.18385609984397888,0.06369227135850823,0.002878792855737576,0.005525014859810495,0.1642034500837326,11,teacherA_member,4,7.5
teacherA_4,test_w20-23,ge5,all,1.2965102575076488,95941,89776,0.9610385549452267,0.9372592874476722,0.8741129069688988,0.5639814649795045,0.861169541768091,0.8421191170785989,0.5163740866155766,0.8228941638588474,0.014906055849590698,0.1692773401737213,0.05853779138938571,0.0025125084078084373,0.005884233588999789,0.15018776059150696,11,teacherA_member,4,7.5
teacherA_4,test_w20-23,ge5,near,1.2965102575076488,95941,12762,0.9610385549452267,0.9372592874476722,0.8157338749371545,0.6647860836859426,0.8067718432599035,0.8256634588252153,0.5839993731390064,0.8082517635618992,0.014906055849590698,0.1692773401737213,0.05853779138938571,0.0025125084078084373,0.005884233588999789,0.15018776059150696,11,teacherA_member,4,7.5
teacherA_4,test_w20-23,ge5,far,1.2965102575076488,95941,77014,0.9610385549452267,0.9372592874476722,0.8837869039926752,0.5472771184459968,0.8701837914936147,0.8448459863572972,0.5051678915521853,0.8253205579247271,0.014906055849590698,0.1692773401737213,0.05853779138938571,0.0025125084078084373,0.005884233588999789,0.15018776059150696,11,teacherA_member,4,7.5
teacherA,test_w20-23,all,all,1.065888886650108,100000,100000,0.9606,0.9381175431806653,0.9002175668,0.47156,0.8839347784,0.86290808825,0.48911,0.8425490855000001,0.006354851837158239,0.153302863240242,0.057063855816848315,0.0022256319523311233,0.0037835688814521224,0.15019235014915466,11,teacherA,,7.5
teacherA,test_w20-23,all,near,1.065888886650108,100000,13417,0.9606,0.9381175431806653,0.8520128862636952,0.5995378996795111,0.839356546918089,0.8412501069538646,0.6028173213087874,0.8233955422225535,0.006354851837158239,0.153302863240242,0.057063855816848315,0.0022256319523311233,0.0037835688814521224,0.15019235014915466,11,teacherA,,7.5
teacherA,test_w20-23,all,far,1.065888886650108,100000,86583,0.9606,0.9381175431806653,0.9076874188351062,0.4517283993393622,0.8908426717715949,0.8662642336255385,0.471489784368756,0.8455171403162284,0.006354851837158239,0.153302863240242,0.057063855816848315,0.0022256319523311233,0.0037835688814521224,0.15019235014915466,11,teacherA,,7.5
teacherA,test_w20-23,ge5,all,1.065888886650108,95941,89776,0.9643739381494877,0.9425856638486683,0.9010364497413941,0.457182320441989,0.8866195895961729,0.8635079900606353,0.4837595793976118,0.8447963405378176,0.005721002582316357,0.13894113898277283,0.051882343114354044,0.001894139677683115,0.0035873510163956616,0.13605234026908875,11,teacherA,,7.5
teacherA,test_w20-23,ge5,near,1.065888886650108,95941,12762,0.9643739381494877,0.9425856638486683,0.8560394373454598,0.5673091991850807,0.8447512065269976,0.8461291523127474,0.5753016768531578,0.8296773193652989,0.005721002582316357,0.13894113898277283,0.051882343114354044,0.001894139677683115,0.0035873510163956616,0.13605234026908875,11,teacherA,,7.5
teacherA,test_w20-23,ge5,far,1.065888886650108,95941,77014,0.9643739381494877,0.9425856638486683,0.9084929105432864,0.43893318098008155,0.8935576048236489,0.866387839533959,0.46859012647051185,0.847301715511247,0.005721002582316357,0.13894113898277283,0.051882343114354044,0.001894139677683115,0.0035873510163956616,0.13605234026908875,11,teacherA,,7.5
teacherB,test_w20-23,all,all,1.4075419166759908,100000,100000,0.96243,0.9428935088911925,0.8787210427000001,0.55866,0.8678296272999999,0.87148673885,0.49312,0.8525569282,0.014809348573386689,0.1742764264345169,0.057685744851783564,0.0026235293260746372,0.004564432420730617,0.14853844046592712,11,teacherB,,7.5
teacherB,test_w20-23,all,near,1.4075419166759908,100000,13417,0.96243,0.9428935088911925,0.7925396459715286,0.6615487813967355,0.7940538697175226,0.806451790638742,0.5908921517477826,0.7908093269732429,0.014809348573386689,0.1742764264345169,0.057685744851783564,0.0026235293260746372,0.004564432420730617,0.14853844046592712,11,teacherB,,7.5
teacherB,test_w20-23,all,far,1.4075419166759908,100000,86583,0.96243,0.9428935088911925,0.8920758098010002,0.5427162375986048,0.8792620024716169,0.8815646282757585,0.47796911633923517,0.8621254066040678,0.014809348573386689,0.1742764264345169,0.057685744851783564,0.0026235293260746372,0.004564432420730617,0.14853844046592712,11,teacherB,,7.5
teacherB,test_w20-23,ge5,all,1.4075419166759908,95941,89776,0.9661979758393179,0.9471870518267005,0.8792335797170768,0.549712618071645,0.8705414344848006,0.8711954073418937,0.49049857422919263,0.8539706438388733,0.01370513592288868,0.1591757833957672,0.05242769278462562,0.0022791390395082906,0.0053591007779276445,0.13450917601585388,11,teacherB,,7.5
teacherB,test_w20-23,ge5,near,1.4075419166759908,95941,12762,0.9661979758393179,0.9471870518267005,0.7956346114161693,0.6346967559943583,0.7992783246558601,0.8095856166963582,0.5796113461839837,0.7953115263871628,0.01370513592288868,0.1591757833957672,0.05242769278462562,0.0022791390395082906,0.0053591007779276445,0.13450917601585388,11,teacherB,,7.5
teacherB,test_w20-23,ge5,far,1.4075419166759908,95941,77014,0.9661979758393179,0.9471870518267005,0.8930867756743855,0.5356298854753682,0.882350453723341,0.8814047737975814,0.4757316851481549,0.8636910538541788,0.01370513592288868,0.1591757833957672,0.05242769278462562,0.0022791390395082906,0.0053591007779276445,0.13450917601585388,11,teacherB,,7.5
teacherA_0,test_w24-27,all,all,1.278234194612443,100000,100000,0.93988,0.8900031937315867,0.8557641596000001,0.63778,0.8318459527999998,0.82430382535,0.62657,0.7949378762,0.025991107376962926,0.28973498940467834,0.09374676405257149,0.005519294035937402,0.013706374179646364,0.2530357241630554,11,teacherA_member,0,11.5
teacherA_0,test_w24-27,all,near,1.278234194612443,100000,12494,0.93988,0.8900031937315867,0.8179356555146471,0.7377941411877701,0.7986579878341604,0.8228849259644629,0.6904914358892268,0.7964370689931168,0.025991107376962926,0.28973498940467834,0.09374676405257149,0.005519294035937402,0.013706374179646364,0.2530357241630554,11,teacherA_member,0,11.5
teacherA_0,test_w24-27,all,far,1.278234194612443,100000,87506,0.93988,0.8900031937315867,0.8611652672959569,0.6235001028500903,0.8365844899778301,0.8245064140744636,0.6174433753114072,0.7947238232806894,0.025991107376962926,0.28973498940467834,0.09374676405257149,0.005519294035937402,0.013706374179646364,0.2530357241630554,11,teacherA_member,0,11.5
teacherA_0,test_w24-27,ge5,all,1.278234194612443,96204,89771,0.9437549374246393,0.8934951753428012,0.8538279429851346,0.6487952679595861,0.8326928028697429,0.8226000217084821,0.6025776698488376,0.7953228063831661,0.024578638780155967,0.27026161551475525,0.08759632985948908,0.004888708732877796,0.013386947957573562,0.23556393384933472,11,teacherA_member,0,11.5
teacherA_0,test_w24-27,ge5,near,1.278234194612443,96204,11977,0.9437549374246393,0.8934951753428012,0.8225262434849809,0.7298154796693663,0.8049199946926118,0.828169708803959,0.6754613008265843,0.8034940663352766,0.024578638780155967,0.27026161551475525,0.08759632985948908,0.004888708732877796,0.013386947957573562,0.23556393384933472,11,teacherA_member,0,11.5
teacherA_0,test_w24-27,ge5,far,1.278234194612443,96204,77794,0.9437549374246393,0.8934951753428012,0.8586470865555044,0.6363215672159807,0.8369686457822748,0.8217425244420794,0.5913566598966501,0.7940647764522405,0.024578638780155967,0.27026161551475525,0.08759632985948908,0.004888708732877796,0.013386947957573562,0.23556393384933472,11,teacherA_member,0,11.5
teacherA_1,test_w24-27,all,all,1.295048967651576,100000,100000,0.94122,0.897537427659518,0.86952989795,0.60586,0.8455050913000001,0.8447851770999999,0.63653,0.8147246484,0.025909182291924945,0.2828966975212097,0.0902692785672435,0.00508511565027158,0.01259560437336561,0.24619229137897491,11,teacherA_member,1,11.5
teacherA_1,test_w24-27,all,near,1.295048967651576,100000,12494,0.94122,0.897537427659518,0.8073713306387066,0.7154634224427725,0.7891633856251,0.8129622362734114,0.708740195293741,0.7865575556267008,0.025909182291924945,0.2828966975212097,0.0902692785672435,0.00508511565027158,0.01259560437336561,0.24619229137897491,11,teacherA_member,1,11.5
teacherA_1,test_w24-27,all,far,1.295048967651576,100000,87506,0.94122,0.897537427659518,0.8784048224121773,0.5902109569629511,0.8535494913491648,0.8493288177953511,0.6262199163485932,0.8187463115672068,0.025909182291924945,0.2828966975212097,0.0902692785672435,0.00508511565027158,0.01259560437336561,0.24619229137897491,11,teacherA_member,1,11.5
teacherA_1,test_w24-27,ge5,all,1.295048967651576,96204,89771,0.9449607084944492,0.9012189434699663,0.8682978943835278,0.6157445054639026,0.8469869911690134,0.8476145898074814,0.6117231622684386,0.8194662788172586,0.02452202482587891,0.26317286491394043,0.08442035713762489,0.004522254504155417,0.012329642956487169,0.22869287431240082,11,teacherA_member,1,11.5
teacherA_1,test_w24-27,ge5,near,1.295048967651576,96204,11977,0.9449607084944492,0.9012189434699663,0.8111448091469178,0.7047674709860566,0.794417464596563,0.8173366611501199,0.6947482675127328,0.7925860383372317,0.02452202482587891,0.26317286491394043,0.08442035713762489,0.004522254504155417,0.012329642956487169,0.22869287431240082,11,teacherA_member,1,11.5
teacherA_1,test_w24-27,ge5,far,1.295048967651576,96204,77794,0.9449607084944492,0.9012189434699663,0.8770970627240025,0.6020387176388925,0.85508048449444,0.8522761157802972,0.5989407923490243,0.8236047038915483,0.02452202482587891,0.26317286491394043,0.08442035713762489,0.004522254504155417,0.012329642956487169,0.22869287431240082,11,teacherA_member,1,11.5
teacherA_2,test_w24-27,all,all,1.2952232464265883,100000,100000,0.93745,0.8840943991323561,0.85504276865,0.63944,0.8317167266000001,0.8218066978499999,0.60712,0.7913695433,0.02756400457397106,0.2822546362876892,0.09414850702833409,0.005294390628651229,0.014196203788518862,0.2469422072172165,11,teacherA_member,2,11.5
teacherA_2,test_w24-27,all,near,1.2952232464265883,100000,12494,0.93745,0.8840943991323561,0.8060261641587962,0.7428365615495438,0.7878361341443894,0.8054311037297903,0.7158636145349768,0.7789088578517689,0.02756400457397106,0.2822546362876892,0.09414850702833409,0.005294390628651229,0.014196203788518862,0.2469422072172165,11,teacherA_member,2,11.5
teacherA_2,test_w24-27,all,far,1.2952232464265883,100000,87506,0.93745,0.8840943991323561,0.8620412996823075,0.6246771649944004,0.8379819440952619,0.8241447852147281,0.5915937192878202,0.7931486647772723,0.02756400457397106,0.2822546362876892,0.09414850702833409,0.005294390628651229,0.014196203788518862,0.2469422072172165,11,teacherA_member,2,11.5
teacherA_2,test_w24-27,ge5,all,1.2952232464265883,96204,89771,0.9412082657685751,0.8874630750197454,0.8523942741088286,0.6509117643782514,0.8319792363998518,0.8176250222512937,0.615243229996324,0.7896285342702318,0.02610900196862917,0.26300233602523804,0.08833243976403282,0.004690244741465772,0.013855312036469718,0.22982174158096313,11,teacherA_member,2,11.5
teacherA_2,test_w24-27,ge5,near,1.2952232464265883,96204,11977,0.9412082657685751,0.8874630750197454,0.8094231820745421,0.7379143358103031,0.7929416124089125,0.8088098906790313,0.7159555815312683,0.7841743901845438,0.02610900196862917,0.26300233602523804,0.08833243976403282,0.004690244741465772,0.013855312036469718,0.22982174158096313,11,teacherA_member,2,11.5
teacherA_2,test_w24-27,ge5,far,1.2952232464265883,96204,77794,0.9412082657685751,0.8874630750197454,0.8590100127171358,0.6375170321618634,0.8379893865726091,0.8189821812975053,0.5997377689796128,0.7904682427787837,0.02610900196862917,0.26300233602523804,0.08833243976403282,0.004690244741465772,0.013855312036469718,0.22982174158096313,11,teacherA_member,2,11.5
teacherA_3,test_w24-27,all,all,1.2918790117432906,100000,100000,0.93949,0.8944557824769088,0.8576484743499999,0.64456,0.834357025,0.8351174741,0.59848,0.8044529104999999,0.026007574443221066,0.2775917053222656,0.09136348866726791,0.005705865698074792,0.013478650485724221,0.24222978949546814,11,teacherA_member,3,11.5
teacherA_3,test_w24-27,all,near,1.2918790117432906,100000,12494,0.93949,0.8944557824769088,0.8062485144869538,0.7566832079398111,0.7884740123259165,0.8069197858972306,0.6748839442932608,0.7802070946054107,0.026007574443221066,0.2775917053222656,0.09136348866726791,0.005705865698074792,0.013478650485724221,0.24222978949546814,11,teacherA_member,3,11.5
teacherA_3,test_w24-27,all,far,1.2918790117432906,100000,87506,0.93949,0.8944557824769088,0.8649872979567115,0.6285511850615958,0.8409081456128723,0.8391435056453272,0.58757113797911,0.8079146985349576,0.026007574443221066,0.2775917053222656,0.09136348866726791,0.005705865698074792,0.013478650485724221,0.24222978949546814,11,teacherA_member,3,11.5
teacherA_3,test_w24-27,ge5,all,1.2918790117432906,96204,89771,0.9432040247806744,0.8978375742896787,0.8553124127845609,0.6577179712824854,0.8349537757157153,0.8342677967187152,0.575040937496519,0.8058074056871498,0.024651087101989294,0.25801417231559753,0.08538459839973159,0.00509348439088005,0.013279217199587088,0.22472326457500458,11,teacherA_member,3,11.5
teacherA_3,test_w24-27,ge5,near,1.2918790117432906,96204,11977,0.9432040247806744,0.8978375742896787,0.8099659501147659,0.7532771144693997,0.7939216821847296,0.8108836103293582,0.659180095182433,0.7860435448485668,0.024651087101989294,0.25801417231559753,0.08538459839973159,0.00509348439088005,0.013279217199587088,0.22472326457500458,11,teacherA_member,3,11.5
teacherA_3,test_w24-27,ge5,far,1.2918790117432906,96204,77794,0.9432040247806744,0.8978375742896787,0.8622938584409886,0.643005887343497,0.8412709902081006,0.8378679766861334,0.5620870504151991,0.8088502079760629,0.024651087101989294,0.25801417231559753,0.08538459839973159,0.00509348439088005,0.013279217199587088,0.22472326457500458,11,teacherA_member,3,11.5
teacherA_4,test_w24-27,all,all,1.2965102575076488,100000,100000,0.94009,0.8945175546238573,0.85399070925,0.61694,0.8309317122000002,0.82217732575,0.59525,0.7927784438000001,0.02663306464239959,0.2791495621204376,0.09172128977425327,0.005127958807164311,0.014037403922379028,0.24238166213035583,11,teacherA_member,4,11.5
teacherA_4,test_w24-27,all,near,1.2965102575076488,100000,12494,0.94009,0.8945175546238573,0.8000516912117817,0.7215463422442773,0.7826897846966543,0.8098095585881223,0.6808868256763246,0.7835306122939011,0.02663306464239959,0.2791495621204376,0.09172128977425327,0.005127958807164311,0.014037403922379028,0.24238166213035583,11,teacherA_member,4,11.5
teacherA_4,test_w24-27,all,far,1.2965102575076488,100000,87506,0.94009,0.8945175546238573,0.8616920564875552,0.6020044339816698,0.8378196357964025,0.823943180467625,0.5830228784311933,0.7940988379082577,0.02663306464239959,0.2791495621204376,0.09172128977425327,0.005127958807164311,0.014037403922379028,0.24238166213035583,11,teacherA_member,4,11.5
teacherA_4,test_w24-27,ge5,all,1.2965102575076488,96204,89771,0.9439420398320236,0.8980088784116442,0.8510888393425922,0.6369985852892359,0.8311035239586865,0.8198299138636687,0.5856679774091856,0.7927412747779152,0.02501624172367474,0.25910183787345886,0.0856655289414545,0.0045449003929957715,0.013597758139678097,0.22461983561515808,11,teacherA_member,4,11.5
teacherA_4,test_w24-27,ge5,near,1.2965102575076488,96204,11977,0.9439420398320236,0.8980088784116442,0.8035122527246839,0.7164565417049344,0.7878601989516536,0.8141579740585418,0.6637722301077065,0.7896709263139505,0.02501624172367474,0.25910183787345886,0.0856655289414545,0.0045449003929957715,0.013597758139678097,0.22461983561515808,11,teacherA_member,4,11.5
teacherA_4,test_w24-27,ge5,far,1.2965102575076488,96204,77794,0.9439420398320236,0.8980088784116442,0.8584136301737963,0.6247654060724478,0.8377611749807349,0.8207031537413714,0.573643211558732,0.7932139791452562,0.02501624172367474,0.25910183787345886,0.0856655289414545,0.0045449003929957715,0.013597758139678097,0.22461983561515808,11,teacherA_member,4,11.5
teacherA,test_w24-27,all,all,1.065888886650108,100000,100000,0.94599,0.9004448453955963,0.8798521238,0.54586,0.8563642305999999,0.8409539461,0.59042,0.8135831533,0.011462467350661715,0.2288418412208557,0.08043375564330302,0.0040978666248826685,0.008263685116767863,0.22269831597805023,11,teacherA,,11.5
teacherA,test_w24-27,all,near,1.065888886650108,100000,12494,0.94599,0.9004448453955963,0.8397470113654554,0.6614374899951977,0.821046800864415,0.8252759256443093,0.7040179286057308,0.801461146150152,0.011462467350661715,0.2288418412208557,0.08043375564330302,0.0040978666248826685,0.008263685116767863,0.22269831597805023,11,teacherA,,11.5
teacherA,test_w24-27,all,far,1.065888886650108,100000,87506,0.94599,0.9004448453955963,0.8855782828606039,0.5293579868808996,0.861406810161589,0.8431924347473316,0.5742006262427719,0.8153139187027176,0.011462467350661715,0.2288418412208557,0.08043375564330302,0.0040978666248826685,0.008263685116767863,0.22269831597805023,11,teacherA,,11.5
teacherA,test_w24-27,ge5,all,1.065888886650108,96204,89771,0.9498149765082533,0.904162951570579,0.8785072219925791,0.5498991879337425,0.8576359254529785,0.8403766483228038,0.5710418732107251,0.8151746922205474,0.00988343788033554,0.20912912487983704,0.0743123729966774,0.0035439573707588276,0.006921531172747813,0.2037028968334198,11,teacherA,,11.5
teacherA,test_w24-27,ge5,near,1.065888886650108,96204,11977,0.9498149765082533,0.904162951570579,0.8433796449848073,0.6515821992151624,0.8264736285967033,0.8303272299133537,0.684395090590298,0.8082406792554218,0.00988343788033554,0.20912912487983704,0.0743123729966774,0.0035439573707588276,0.006921531172747813,0.2037028968334198,11,teacherA,,11.5
teacherA,test_w24-27,ge5,far,1.065888886650108,96204,77794,0.9498149765082533,0.904162951570579,0.8839153895867649,0.5342442861917371,0.8624336068866059,0.8419238355646218,0.5535902511761832,0.8162422382174533,0.00988343788033554,0.20912912487983704,0.0743123729966774,0.0035439573707588276,0.006921531172747813,0.2037028968334198,11,teacherA,,11.5
teacherB,test_w24-27,all,all,1.4075419166759908,100000,100000,0.94377,0.8998329162599484,0.8549357997,0.64708,0.8349516485999999,0.8462048275999999,0.59724,0.8172997946,0.026844349504709285,0.2867642641067505,0.08987631965003197,0.005351939334504812,0.012849033995047224,0.23550108075141907,11,teacherB,,11.5
teacherB,test_w24-27,all,near,1.4075419166759908,100000,12494,0.94377,0.8998329162599484,0.7781161041299823,0.7555626700816391,0.7697548415239315,0.788134444533376,0.6590363374419721,0.7638773027052985,0.026844349504709285,0.2867642641067505,0.08987631965003197,0.005351939334504812,0.012849033995047224,0.23550108075141907,11,teacherB,,11.5
teacherB,test_w24-27,all,far,1.4075419166759908,100000,87506,0.94377,0.8998329162599484,0.8659040221813361,0.6315909766187462,0.8442603692318241,0.854496046099696,0.5884167942769639,0.8249273928644891,0.026844349504709285,0.2867642641067505,0.08987631965003197,0.005351939334504812,0.012849033995047224,0.23550108075141907,11,teacherB,,11.5
teacherB,test_w24-27,ge5,all,1.4075419166759908,96204,89771,0.947216331961249,0.9030644952713822,0.8527575096799657,0.6599904200688418,0.8358252199083241,0.8448649862758058,0.5807554778269152,0.8181149563263919,0.02544359799546809,0.2661692500114441,0.08431530819614114,0.004749542696587183,0.012892129283204278,0.21810299158096313,11,teacherB,,11.5
teacherB,test_w24-27,ge5,near,1.4075419166759908,96204,11977,0.947216331961249,0.9030644952713822,0.7817369384066818,0.7459296985889622,0.7754701056253347,0.7917908548416049,0.6454036904066127,0.7691392086728174,0.02544359799546809,0.2661692500114441,0.08431530819614114,0.004749542696587183,0.012892129283204278,0.21810299158096313,11,teacherB,,11.5
teacherB,test_w24-27,ge5,far,1.4075419166759908,96204,77794,0.947216331961249,0.9030644952713822,0.8636916868933768,0.6467593901843329,0.8451173658806017,0.8530361675004173,0.5708023755045376,0.8256551590367149,0.02544359799546809,0.2661692500114441,0.08431530819614114,0.004749542696587183,0.012892129283204278,0.21810299158096313,11,teacherB,,11.5
teacherA_0,test_w28-31,all,all,1.278234194612443,100000,100000,0.91605,0.8342619385074376,0.8332820811499999,0.70272,0.7976544457999999,0.81682015075,0.64547,0.7727598878999998,0.04135357076272364,0.44827520847320557,0.13237539825511882,0.010320840801502671,0.026147866571694642,0.38364434242248535,11,teacherA_member,0,15.5
teacherA_0,test_w28-31,all,near,1.278234194612443,100000,15990,0.91605,0.8342619385074376,0.8052099083802376,0.7596622889305816,0.7739939893683553,0.8129860519074421,0.7181988742964353,0.7725717510944341,0.04135357076272364,0.44827520847320557,0.13237539825511882,0.010320840801502671,0.026147866571694642,0.38364434242248535,11,teacherA_member,0,15.5
teacherA_0,test_w28-31,all,far,1.278234194612443,100000,84010,0.91605,0.8342619385074376,0.8386251836686109,0.6918819188191881,0.8021578465658851,0.8175499119747649,0.6316271872396143,0.7727956968218067,0.04135357076272364,0.44827520847320557,0.13237539825511882,0.010320840801502671,0.026147866571694642,0.38364434242248535,11,teacherA_member,0,15.5
teacherA_0,test_w28-31,ge5,all,1.278234194612443,95576,94669,0.9208169414915879,0.8381915517773447,0.8373504355122532,0.6930779875143922,0.8041331482309622,0.8226425386867503,0.6302696764516368,0.7805524438643541,0.03933746588600449,0.4270998537540436,0.12464402517493199,0.009284889295130308,0.025402058435882592,0.36446747183799744,11,teacherA_member,0,15.5
teacherA_0,test_w28-31,ge5,near,1.278234194612443,95576,15420,0.9208169414915879,0.8381915517773447,0.810667960630159,0.7525940337224384,0.7815223143733505,0.8207386771985912,0.7053177691309988,0.7822124619360237,0.03933746588600449,0.4270998537540436,0.12464402517493199,0.009284889295130308,0.025402058435882592,0.36446747183799744,11,teacherA_member,0,15.5
teacherA_0,test_w28-31,ge5,far,1.278234194612443,95576,79249,0.9208169414915879,0.8381915517773447,0.8425422204266608,0.6814975583288118,0.8085326871284166,0.8230129855586026,0.6156670746634026,0.7802294432124196,0.03933746588600449,0.4270998537540436,0.12464402517493199,0.009284889295130308,0.025402058435882592,0.36446747183799744,11,teacherA_member,0,15.5
teacherA_1,test_w28-31,all,all,1.295048967651576,100000,100000,0.91746,0.8332449371600712,0.8416360166000001,0.68217,0.8059662422,0.8269454302999999,0.65837,0.7814871133000002,0.042068244908451985,0.4532199203968048,0.1306281691836417,0.009811897832772667,0.025552050881832798,0.384501576423645,11,teacherA_member,1,15.5
teacherA_1,test_w28-31,all,near,1.295048967651576,100000,15990,0.91746,0.8332449371600712,0.8004703076923076,0.7534083802376486,0.770171306441526,0.8035422260787992,0.7359599749843653,0.7624521507191995,0.042068244908451985,0.4532199203968048,0.1306281691836417,0.009811897832772667,0.025552050881832798,0.384501576423645,11,teacherA_member,1,15.5
teacherA_1,test_w28-31,all,far,1.295048967651576,100000,84010,0.91746,0.8332449371600712,0.8494712705630282,0.6686108796571837,0.8127792528270444,0.8313998670991548,0.6436019521485538,0.7851101230805857,0.042068244908451985,0.4532199203968048,0.1306281691836417,0.009811897832772667,0.025552050881832798,0.384501576423645,11,teacherA_member,1,15.5
teacherA_1,test_w28-31,ge5,all,1.295048967651576,95576,94669,0.9225642420691387,0.8370082684905138,0.8467694466266351,0.6618428419017841,0.8132981199362701,0.8339235393515689,0.6481741647212921,0.7908211760586568,0.04024789974778187,0.43015605211257935,0.1222830897632925,0.008822062190669545,0.0251106340137223,0.3638267517089844,11,teacherA_member,1,15.5
teacherA_1,test_w28-31,ge5,near,1.295048967651576,95576,15420,0.9225642420691387,0.8370082684905138,0.8060940630890627,0.7294422827496757,0.7776738365741385,0.8105125780753235,0.7275616083009079,0.7716249789521097,0.04024789974778187,0.43015605211257935,0.1222830897632925,0.008822062190669545,0.0251106340137223,0.3638267517089844,11,teacherA_member,1,15.5
teacherA_1,test_w28-31,ge5,far,1.295048967651576,95576,79249,0.9225642420691387,0.8370082684905138,0.854683923959464,0.648689573370011,0.8202297714327441,0.8384787643118804,0.6327272268419791,0.7945563065887953,0.04024789974778187,0.43015605211257935,0.1222830897632925,0.008822062190669545,0.0251106340137223,0.3638267517089844,11,teacherA_member,1,15.5
teacherA_2,test_w28-31,all,all,1.2952232464265883,100000,100000,0.91581,0.8191245859874837,0.8317674253,0.69501,0.7978654204000001,0.80786509855,0.64351,0.7634106257000002,0.04234735788181426,0.42912527918815613,0.13124959721172033,0.00936235976167374,0.025423417884558427,0.36696022748947144,11,teacherA_member,2,15.5
teacherA_2,test_w28-31,all,near,1.2952232464265883,100000,15990,0.91581,0.8191245859874837,0.7918681397748593,0.7764227642276422,0.7638766485303313,0.7916037210756723,0.7217636022514071,0.7515552007504691,0.04234735788181426,0.42912527918815613,0.13124959721172033,0.00936235976167374,0.025423417884558427,0.36696022748947144,11,teacherA_member,2,15.5
teacherA_2,test_w28-31,all,far,1.2952232464265883,100000,84010,0.91581,0.8191245859874837,0.8393616352219975,0.6795143435305321,0.8043346557552672,0.8109601994405428,0.6286156409951196,0.7656671218902512,0.04234735788181426,0.42912527918815613,0.13124959721172033,0.00936235976167374,0.025423417884558427,0.36696022748947144,11,teacherA_member,2,15.5
teacherA_2,test_w28-31,ge5,all,1.2952232464265883,95576,94669,0.9203251862392232,0.8224041961696987,0.8352370072689941,0.688852739545152,0.8038631851197516,0.8118139111811975,0.6341991570630301,0.7694558918006479,0.040519565107966414,0.4066177010536194,0.12386875401279006,0.008317370251205367,0.024829028357786005,0.34694358706474304,11,teacherA_member,2,15.5
teacherA_2,test_w28-31,ge5,near,1.2952232464265883,95576,15420,0.9203251862392232,0.8224041961696987,0.7964371217825769,0.7688715953307393,0.7705862608220896,0.7972738812673181,0.7201037613488975,0.7592484198747669,0.040519565107966414,0.4066177010536194,0.12386875401279006,0.008317370251205367,0.024829028357786005,0.34694358706474304,11,teacherA_member,2,15.5
teacherA_2,test_w28-31,ge5,far,1.2952232464265883,95576,79249,0.9203251862392232,0.8224041961696987,0.8427865565907592,0.6732829436333582,0.8103380954993145,0.8146430605871462,0.6174841322918901,0.7714420268572049,0.040519565107966414,0.4066177010536194,0.12386875401279006,0.008317370251205367,0.024829028357786005,0.34694358706474304,11,teacherA_member,2,15.5
teacherA_3,test_w28-31,all,all,1.2918790117432906,100000,100000,0.91749,0.8320891717875266,0.8323598027000001,0.70379,0.7987191049,0.82146070275,0.63857,0.7773866973999999,0.04055261658400301,0.42118334770202637,0.12909362765915125,0.010149257412963675,0.024913740769624708,0.3597688376903534,11,teacherA_member,3,15.5
teacherA_3,test_w28-31,all,near,1.2918790117432906,100000,15990,0.91749,0.8320891717875266,0.7912139008755472,0.7641651031894935,0.762521153220763,0.7915087926829268,0.7191369606003752,0.752623267667292,0.04055261658400301,0.42118334770202637,0.12909362765915125,0.010149257412963675,0.024913740769624708,0.3597688376903534,11,teacherA_member,3,15.5
teacherA_3,test_w28-31,all,far,1.2918790117432906,100000,84010,0.91749,0.8320891717875266,0.8401912866920604,0.6922985358885847,0.8056088233543627,0.8271615840971314,0.6232353291274848,0.7821000320199977,0.04055261658400301,0.42118334770202637,0.12909362765915125,0.010149257412963675,0.024913740769624708,0.3597688376903534,11,teacherA_member,3,15.5
teacherA_3,test_w28-31,ge5,all,1.2918790117432906,95576,94669,0.9221248012053235,0.8360031343884475,0.8365648921055195,0.6916730925646198,0.805353766162903,0.8277593223328601,0.60380906104427,0.7858075242982063,0.03894185681481328,0.3993155360221863,0.12141823191222186,0.00912231033672233,0.024744128295750296,0.3398965001106262,11,teacherA_member,3,15.5
teacherA_3,test_w28-31,ge5,near,1.2918790117432906,95576,15420,0.9221248012053235,0.8360031343884475,0.7964713483525432,0.7553177691309987,0.7698187374967933,0.7980393316943392,0.6912451361867704,0.7612844049545675,0.03894185681481328,0.3993155360221863,0.12141823191222186,0.00912231033672233,0.024744128295750296,0.3398965001106262,11,teacherA_member,3,15.5
teacherA_3,test_w28-31,ge5,far,1.2918790117432906,95576,79249,0.9221248012053235,0.8360031343884475,0.8443661570384636,0.6792893285719693,0.8122680507851875,0.8335421366982902,0.586796047899658,0.790579149180273,0.03894185681481328,0.3993155360221863,0.12141823191222186,0.00912231033672233,0.024744128295750296,0.3398965001106262,11,teacherA_member,3,15.5
teacherA_4,test_w28-31,all,all,1.2965102575076488,100000,100000,0.91638,0.8267686424319084,0.8308557502,0.70133,0.7967923815,0.8139875135000001,0.64352,0.7707160752000001,0.04205851304635409,0.432593435049057,0.1312549975667147,0.009444845095107977,0.026613771473169352,0.3671390116214752,11,teacherA_member,4,15.5
teacherA_4,test_w28-31,all,near,1.2965102575076488,100000,15990,0.91638,0.8267686424319084,0.7943754562226393,0.7488430268918074,0.7651649318323953,0.804575751094434,0.7196998123827392,0.7653266635397123,0.04205851304635409,0.432593435049057,0.1312549975667147,0.009444845095107977,0.026613771473169352,0.3671390116214752,11,teacherA_member,4,15.5
teacherA_4,test_w28-31,all,far,1.2965102575076488,100000,84010,0.91638,0.8267686424319084,0.8377992081299845,0.6922866325437448,0.8028121758124034,0.8157788964408998,0.6290203547196762,0.7717418660873706,0.04205851304635409,0.432593435049057,0.1312549975667147,0.009444845095107977,0.026613771473169352,0.3671390116214752,11,teacherA_member,4,15.5
teacherA_4,test_w28-31,ge5,all,1.2965102575076488,95576,94669,0.9211099020674647,0.8304748498140925,0.8348515625861854,0.6900780614562317,0.8033070000966385,0.8204845835597132,0.6057843644698898,0.779257491081584,0.04016125971200234,0.4079606831073761,0.12349119730453706,0.008461837120418403,0.026144882225200512,0.3452737331390381,11,teacherA_member,4,15.5
teacherA_4,test_w28-31,ge5,near,1.2965102575076488,95576,15420,0.9211099020674647,0.8304748498140925,0.7994543531243754,0.7367055771725033,0.7722833307657893,0.812304815423438,0.6891699092088197,0.7749732036338186,0.04016125971200234,0.4079606831073761,0.12349119730453706,0.008461837120418403,0.026144882225200512,0.3452737331390381,11,teacherA_member,4,15.5
teacherA_4,test_w28-31,ge5,far,1.2965102575076488,95576,79249,0.9211099020674647,0.8304748498140925,0.841739030817975,0.6810054385544297,0.8093434798135015,0.8220761749319875,0.5895594897096493,0.78009111311397,0.04016125971200234,0.4079606831073761,0.12349119730453706,0.008461837120418403,0.026144882225200512,0.3452737331390381,11,teacherA_member,4,15.5
teacherA,test_w28-31,all,all,1.065888886650108,100000,100000,0.92379,0.8393949660604288,0.8586035607,0.5996,0.8231775009000001,0.8294300773000001,0.6342,0.7878964958,0.02302295309856532,0.35354530811309814,0.11540104697661481,0.007778629250099554,0.019013510111868394,0.34167829155921936,11,teacherA,,15.5
teacherA,test_w28-31,all,near,1.065888886650108,100000,15990,0.92379,0.8393949660604288,0.8327366285178237,0.6746091307066917,0.801973239524703,0.8151162217010631,0.7311444652908068,0.7780508305190744,0.02302295309856532,0.35354530811309814,0.11540104697661481,0.007778629250099554,0.019013510111868394,0.34167829155921936,11,teacherA,,15.5
teacherA,test_w28-31,all,far,1.065888886650108,100000,84010,0.92379,0.8393949660604288,0.8635269298892989,0.5853231758124033,0.8272134030472562,0.8321544976193311,0.6157481252231877,0.7897704654207831,0.02302295309856532,0.35354530811309814,0.11540104697661481,0.007778629250099554,0.019013510111868394,0.34167829155921936,11,teacherA,,15.5
teacherA,test_w28-31,ge5,all,1.065888886650108,95576,94669,0.9287582656733908,0.8436392003143606,0.8622785437089423,0.585302474938998,0.8294619873848513,0.8358689903808438,0.5984958117229505,0.7964997875797873,0.0207823404829163,0.32970690727233887,0.10731596807809224,0.00681980852822065,0.017149016890037748,0.3187106251716614,11,teacherA,,15.5
teacherA,test_w28-31,ge5,near,1.065888886650108,95576,15420,0.9287582656733908,0.8436392003143606,0.8373527346569702,0.6626459143968871,0.8089423963078608,0.8229807802907502,0.7063553826199741,0.787935594297425,0.0207823404829163,0.32970690727233887,0.10731596807809224,0.00681980852822065,0.017149016890037748,0.3187106251716614,11,teacherA,,15.5
teacherA,test_w28-31,ge5,far,1.065888886650108,95576,79249,0.9287582656733908,0.8436392003143606,0.8671285225803653,0.5702532524069704,0.8334546193979646,0.8383767343219567,0.5775088644651668,0.79816617908522,0.0207823404829163,0.32970690727233887,0.10731596807809224,0.00681980852822065,0.017149016890037748,0.3187106251716614,11,teacherA,,15.5
teacherB,test_w28-31,all,all,1.4075419166759908,100000,100000,0.91909,0.8323682831411687,0.8318780665000001,0.70428,0.8002040824000002,0.8311403549499999,0.64456,0.7862318879000002,0.04479732109069828,0.44868093729019165,0.1306690802114149,0.009759761845219263,0.02578496616169814,0.3584868311882019,11,teacherB,,15.5
teacherB,test_w28-31,all,near,1.4075419166759908,100000,15990,0.91909,0.8323682831411687,0.7681119981238274,0.7882426516572858,0.7467792282676673,0.7743387736085053,0.7255784865540963,0.7368547748592871,0.04479732109069828,0.44868093729019165,0.1306690802114149,0.009759761845219263,0.02578496616169814,0.3584868311882019,11,teacherB,,15.5
teacherB,test_w28-31,all,far,1.4075419166759908,100000,84010,0.91909,0.8323682831411687,0.84401494822045,0.6882990120223783,0.8103726744435186,0.8419516546244494,0.6291393881680752,0.7956300552315201,0.04479732109069828,0.44868093729019165,0.1306690802114149,0.009759761845219263,0.02578496616169814,0.3584868311882019,11,teacherB,,15.5
teacherB,test_w28-31,ge5,all,1.4075419166759908,95576,94669,0.9240395078262326,0.8364509674849765,0.8368375708191784,0.6836768107828328,0.8078527947020208,0.8370582546594351,0.6083406394912801,0.794621581944882,0.04278643949438618,0.4242159128189087,0.12260185853684341,0.008630054160573629,0.025422780990857534,0.3375798165798187,11,teacherB,,15.5
teacherB,test_w28-31,ge5,near,1.4075419166759908,95576,15420,0.9240395078262326,0.8364509674849765,0.7742022523929456,0.7686121919584955,0.7551544837787126,0.7808116094951144,0.6946822308690013,0.7454812927817706,0.04278643949438618,0.4242159128189087,0.12260185853684341,0.008630054160573629,0.025422780990857534,0.3375798165798187,11,teacherB,,15.5
teacherB,test_w28-31,ge5,far,1.4075419166759908,95576,79249,0.9240395078262326,0.8364509674849765,0.8490249373491348,0.6671503741372131,0.8181066522199377,0.8480025349460485,0.5915405872629308,0.8041831317296765,0.04278643949438618,0.4242159128189087,0.12260185853684341,0.008630054160573629,0.025422780990857534,0.3375798165798187,11,teacherB,,15.5
teacherA_0,test_w32-35,all,all,1.278234194612443,100000,100000,0.88728,0.7926346363584943,0.81482070235,0.75118,0.7666729455,0.7979642612000001,0.69587,0.7392305915,0.062358114698827294,0.66715008020401,0.17883990022112445,0.01674779644820093,0.044694282007068396,0.561046302318573,11,teacherA_member,0,19.5
teacherA_0,test_w32-35,all,near,1.278234194612443,100000,16559,0.88728,0.7926346363584943,0.7815773947702156,0.7966060752460897,0.7395716226825291,0.7922291838275257,0.729874992451235,0.7365137351289328,0.062358114698827294,0.66715008020401,0.17883990022112445,0.01674779644820093,0.044694282007068396,0.561046302318573,11,teacherA_member,0,19.5
teacherA_0,test_w32-35,all,far,1.278234194612443,100000,83441,0.88728,0.7926346363584943,0.8214178899461896,0.7421651226615213,0.7720512463896646,0.799102396483743,0.68912165482197,0.7397697559952541,0.062358114698827294,0.66715008020401,0.17883990022112445,0.01674779644820093,0.044694282007068396,0.561046302318573,11,teacherA_member,0,19.5
teacherA_0,test_w32-35,ge5,all,1.278234194612443,95262,94615,0.8943125275555835,0.7952677579384596,0.8189102081723205,0.7446387993447128,0.7739214278491794,0.8049968652525511,0.6852401839031866,0.7490676990051716,0.058284201051891485,0.6232435703277588,0.16779724712467786,0.015239555364169245,0.04187853649843326,0.5240218639373779,11,teacherA_member,0,19.5
teacherA_0,test_w32-35,ge5,near,1.278234194612443,95262,16006,0.8943125275555835,0.7952677579384596,0.7871531898717212,0.790890915906535,0.7478098296278028,0.8004960040454061,0.7219167812070474,0.747520890405952,0.058284201051891485,0.6232435703277588,0.16779724712467786,0.015239555364169245,0.04187853649843326,0.5240218639373779,11,teacherA_member,0,19.5
teacherA_0,test_w32-35,ge5,far,1.278234194612443,95262,78609,0.8943125275555835,0.7952677579384596,0.8253764249530884,0.7352211578826852,0.7792381503762611,0.8059133097370448,0.6777722652622473,0.7493826529982145,0.058284201051891485,0.6232435703277588,0.16779724712467786,0.015239555364169245,0.04187853649843326,0.5240218639373779,11,teacherA_member,0,19.5
teacherA_1,test_w32-35,all,all,1.295048967651576,100000,100000,0.88668,0.7940759251341042,0.82611930115,0.73328,0.7749779708000001,0.81273449685,0.65516,0.7502663065,0.06631372360244396,0.6892358064651489,0.18046224575495792,0.0170987515556294,0.04814470040693879,0.5711538791656494,11,teacherA_member,1,19.5
teacherA_1,test_w32-35,all,near,1.295048967651576,100000,16559,0.88668,0.7940759251341042,0.7808438414155444,0.7964852950057371,0.7375462153511685,0.7878705658554261,0.7148378525273266,0.7306122857660486,0.06631372360244396,0.6892358064651489,0.18046224575495792,0.0170987515556294,0.04814470040693879,0.5711538791656494,11,teacherA_member,1,19.5
teacherA_1,test_w32-35,all,far,1.295048967651576,100000,83441,0.88668,0.7940759251341042,0.83510428859913,0.7207368080440072,0.7824063625795473,0.8176687837513932,0.6433168346496326,0.7541666783715439,0.06631372360244396,0.6892358064651489,0.18046224575495792,0.0170987515556294,0.04814470040693879,0.5711538791656494,11,teacherA_member,1,19.5
teacherA_1,test_w32-35,ge5,all,1.295048967651576,95262,94615,0.8940920828871953,0.7977296775315207,0.8307890563230189,0.7274005178882841,0.7827726979787174,0.8207740172705739,0.6390635734291603,0.7615195372042048,0.06201961891888063,0.6411370038986206,0.16917373198416835,0.015609290903760079,0.04527198995508193,0.5309666395187378,11,teacherA_member,1,19.5
teacherA_1,test_w32-35,ge5,near,1.295048967651576,95262,16006,0.8940920828871953,0.7977296775315207,0.7866088330184741,0.791453205048107,0.7458368483372975,0.7958601246672491,0.6992377858303136,0.7416123461795296,0.06201961891888063,0.6411370038986206,0.16917373198416835,0.015609290903760079,0.04527198995508193,0.5309666395187378,11,teacherA_member,1,19.5
teacherA_1,test_w32-35,ge5,far,1.295048967651576,95262,78609,0.8940920828871953,0.7977296775315207,0.8397848284892155,0.7143584067982037,0.7902934043782466,0.8258468685345361,0.6268111793814958,0.7655729471132606,0.06201961891888063,0.6411370038986206,0.16917373198416835,0.015609290903760079,0.04527198995508193,0.5309666395187378,11,teacherA_member,1,19.5
teacherA_2,test_w32-35,all,all,1.2952232464265883,100000,100000,0.88625,0.7810905637637336,0.8174462519500001,0.73868,0.7692664663,0.79657621795,0.65122,0.7360263197000001,0.06483889990523456,0.6596443057060242,0.17935616821580824,0.016215866439259825,0.046386394082233336,0.5498209595680237,11,teacherA_member,2,19.5
teacherA_2,test_w32-35,all,near,1.2952232464265883,100000,16559,0.88625,0.7810905637637336,0.7723210296515489,0.8042756205084848,0.7322359369527145,0.778121084908509,0.7092819614711033,0.7221734851138354,0.06483889990523456,0.6596443057060242,0.17935616821580824,0.016215866439259825,0.046386394082233336,0.5498209595680237,11,teacherA_member,2,19.5
teacherA_2,test_w32-35,all,far,1.2952232464265883,100000,83441,0.88625,0.7810905637637336,0.8264014245394949,0.7256624441221942,0.7766152341175202,0.8002386686401168,0.6396975108160257,0.738775436895531,0.06483889990523456,0.6596443057060242,0.17935616821580824,0.016215866439259825,0.046386394082233336,0.5498209595680237,11,teacherA_member,2,19.5
teacherA_2,test_w32-35,ge5,all,1.2952232464265883,95262,94615,0.893168314752997,0.784425724016961,0.821290917616311,0.7378745442054643,0.7763578389543933,0.8013887463805324,0.6379855202663426,0.7439348291617698,0.06103985787325843,0.615470290184021,0.16864756430621533,0.014675377324994698,0.04392205131771654,0.512823224067688,11,teacherA_member,2,19.5
teacherA_2,test_w32-35,ge5,near,1.2952232464265883,95262,16006,0.893168314752997,0.784425724016961,0.7775019329357378,0.7979507684618268,0.7400311325118673,0.7845249856874204,0.7013619892540297,0.7314499529504761,0.06103985787325843,0.615470290184021,0.16864756430621533,0.014675377324994698,0.04392205131771654,0.512823224067688,11,teacherA_member,2,19.5
teacherA_2,test_w32-35,ge5,far,1.2952232464265883,95262,78609,0.893168314752997,0.784425724016961,0.8302070275884166,0.7256421020493836,0.7837545144409032,0.804822467120574,0.6250810975842461,0.7464769417524143,0.06103985787325843,0.615470290184021,0.16864756430621533,0.014675377324994698,0.04392205131771654,0.512823224067688,11,teacherA_member,2,19.5
teacherA_3,test_w32-35,all,all,1.2918790117432906,100000,100000,0.89145,0.7936076316154463,0.8163369231,0.73665,0.7700961067000001,0.8039353056499999,0.69185,0.7464295463,0.06144535087734465,0.6256409287452698,0.1728436900554983,0.016243567140801173,0.043841812174916305,0.5227400660514832,11,teacherA_member,3,19.5
teacherA_3,test_w32-35,all,near,1.2918790117432906,100000,16559,0.89145,0.7936076316154463,0.7680449649737302,0.7943716407995652,0.7292657014312458,0.7711511117821124,0.7474485174225497,0.7195703569056102,0.06144535087734465,0.6256409287452698,0.1728436900554983,0.016243567140801173,0.043841812174916305,0.5227400660514832,11,teacherA_member,3,19.5
teacherA_3,test_w32-35,all,far,1.2918790117432906,100000,83441,0.89145,0.7936076316154463,0.8259205394829879,0.7251950479979866,0.7781989659759592,0.8104413813952374,0.6808163852302824,0.7517597954243118,0.06144535087734465,0.6256409287452698,0.1728436900554983,0.016243567140801173,0.043841812174916305,0.5227400660514832,11,teacherA_member,3,19.5
teacherA_3,test_w32-35,ge5,all,1.2918790117432906,95262,94615,0.8987004261930256,0.7976553746723597,0.8207265523492007,0.727527347672145,0.7777837913188467,0.8111521840100786,0.6331237118850077,0.7568865449777127,0.05761904772419156,0.5831006169319153,0.16149100845665648,0.014688388250668512,0.04149053341779606,0.48656797409057617,11,teacherA_member,3,19.5
teacherA_3,test_w32-35,ge5,near,1.2918790117432906,95262,16006,0.8987004261930256,0.7976553746723597,0.7739506220312562,0.7864550793452455,0.7377820303802483,0.7786515380497299,0.709608896663751,0.7302057449730311,0.05761904772419156,0.5831006169319153,0.16149100845665648,0.014688388250668512,0.04149053341779606,0.48656797409057617,11,teacherA_member,3,19.5
teacherA_3,test_w32-35,ge5,far,1.2918790117432906,95262,78609,0.8987004261930256,0.7976553746723597,0.8302508503388586,0.7155287562492845,0.7859287643573436,0.8177698148060604,0.6175501532903357,0.7623191657320146,0.05761904772419156,0.5831006169319153,0.16149100845665648,0.014688388250668512,0.04149053341779606,0.48656797409057617,11,teacherA_member,3,19.5
teacherA_4,test_w32-35,all,all,1.2965102575076488,100000,100000,0.88785,0.7912463560282137,0.81486369705,0.74887,0.7666083857999998,0.7986148840999999,0.70606,0.7405362332000001,0.06442281555041666,0.6834999322891235,0.1790474244993939,0.01606367913470873,0.04639876177415252,0.5665193796157837,11,teacherA_member,4,19.5
teacherA_4,test_w32-35,all,near,1.2965102575076488,100000,16559,0.88785,0.7912463560282137,0.7747779639470982,0.7834410290476478,0.7328335992511625,0.7899167766773355,0.7418926263663265,0.7353980663083519,0.06442281555041666,0.6834999322891235,0.1790474244993939,0.01606367913470873,0.04639876177415252,0.5665193796157837,11,teacherA_member,4,19.5
teacherA_4,test_w32-35,all,far,1.2965102575076488,100000,83441,0.88785,0.7912463560282137,0.822818774942774,0.7420093239534521,0.7733110462482472,0.8003410374396279,0.6989489579463334,0.7415559106434486,0.06442281555041666,0.6834999322891235,0.1790474244993939,0.01606367913470873,0.04639876177415252,0.5665193796157837,11,teacherA_member,4,19.5
teacherA_4,test_w32-35,ge5,all,1.2965102575076488,95262,94615,0.8948059037181667,0.7951992176463706,0.8187934968654739,0.7423135866405961,0.774000222271431,0.8061228330653231,0.6594408920361465,0.7511533260333182,0.06022831055951757,0.6370643377304077,0.16780429209965028,0.014535091101262472,0.04366319369801508,0.5277648568153381,11,teacherA_member,4,19.5
teacherA_4,test_w32-35,ge5,near,1.2965102575076488,95262,16006,0.8948059037181667,0.7951992176463706,0.7800260970557867,0.7739597650880919,0.7408805448560388,0.7985472051925437,0.7081094589528927,0.7469284274060555,0.06022831055951757,0.6370643377304077,0.16780429209965028,0.014535091101262472,0.04366319369801508,0.5277648568153381,11,teacherA_member,4,19.5
teacherA_4,test_w32-35,ge5,far,1.2965102575076488,95262,78609,0.8948059037181667,0.7951992176463706,0.8266871350157348,0.7358699385566538,0.7807438973812879,0.8076653472778392,0.6495312241600835,0.7520135802971805,0.06022831055951757,0.6370643377304077,0.16780429209965028,0.014535091101262472,0.04366319369801508,0.5277648568153381,11,teacherA_member,4,19.5
teacherA,test_w32-35,all,all,1.065888886650108,100000,100000,0.8957,0.8023677412744686,0.84243163305,0.6604,0.7930389636000001,0.81459429545,0.67219,0.7578337524000001,0.041769362795054915,0.5346688628196716,0.15922960495725805,0.01336511929697741,0.037202088113427116,0.5133283734321594,11,teacherA,,19.5
teacherA,test_w32-35,all,near,1.065888886650108,100000,16559,0.8957,0.8023677412744686,0.8112042967570506,0.7382692191557462,0.7686528636994987,0.7980446032369104,0.7370614167522194,0.7460682154719487,0.041769362795054915,0.5346688628196716,0.15922960495725805,0.01336511929697741,0.037202088113427116,0.5133283734321594,11,teacherA,,19.5
teacherA,test_w32-35,all,far,1.065888886650108,100000,83441,0.8957,0.8023677412744686,0.8486287479176903,0.6449467288263564,0.7978784241559903,0.8178786083580014,0.6593161635167364,0.7601686420344915,0.041769362795054915,0.5346688628196716,0.15922960495725805,0.01336511929697741,0.037202088113427116,0.5133283734321594,11,teacherA,,19.5
teacherA,test_w32-35,ge5,all,1.065888886650108,95262,94615,0.9031198169259516,0.8066270711165648,0.8459721802925813,0.6484912540294879,0.8004154400357066,0.8221928817639219,0.6254822174073879,0.7685786126996187,0.03708157149580507,0.4885100722312927,0.147601369105146,0.011904402460679815,0.032781861096934026,0.4694109559059143,11,teacherA,,19.5
teacherA,test_w32-35,ge5,near,1.065888886650108,95262,16006,0.9031198169259516,0.8066270711165648,0.8158649339767936,0.7278520554791953,0.7766567340316811,0.8068061265959993,0.7022991378233162,0.7577517788443073,0.03708157149580507,0.4885100722312927,0.147601369105146,0.011904402460679815,0.032781861096934026,0.4694109559059143,11,teacherA,,19.5
teacherA,test_w32-35,ge5,far,1.065888886650108,95262,78609,0.9031198169259516,0.8066270711165648,0.852102478153265,0.6323321757050719,0.8052530775619497,0.8253258614891158,0.6098411123408262,0.7707831223955581,0.03708157149580507,0.4885100722312927,0.147601369105146,0.011904402460679815,0.032781861096934026,0.4694109559059143,11,teacherA,,19.5
teacherB,test_w32-35,all,all,1.4075419166759908,100000,100000,0.88955,0.7917887612934135,0.81555407805,0.72344,0.768544905,0.81194126535,0.65508,0.751281711,0.07100903372943398,0.7119684219360352,0.1817460302279481,0.016407548930482973,0.04991288597434758,0.5499966740608215,11,teacherB,,19.5
teacherB,test_w32-35,all,near,1.4075419166759908,100000,16559,0.88955,0.7917887612934135,0.7438947976930974,0.8097107313243553,0.7100209324234555,0.7537133872818406,0.7232320792318376,0.7023713545503957,0.07100903372943398,0.7119684219360352,0.1817460302279481,0.016407548930482973,0.04991288597434758,0.5499966740608215,11,teacherB,,19.5
teacherB,test_w32-35,all,far,1.4075419166759908,100000,83441,0.88955,0.7917887612934135,0.8297749769298067,0.7063194352896058,0.7801590810273127,0.8234966809482149,0.6415551107968505,0.7609880495200201,0.07100903372943398,0.7119684219360352,0.1817460302279481,0.016407548930482973,0.04991288597434758,0.5499966740608215,11,teacherB,,19.5
teacherB,test_w32-35,ge5,all,1.4075419166759908,95262,94615,0.8967269215426927,0.7961874597692542,0.8203232525443174,0.7204248797759341,0.7769306188668125,0.8182836412319874,0.6303440257887227,0.7613518907932568,0.06679916685828258,0.662010133266449,0.17031955012920963,0.014765982715669947,0.04752412151841469,0.5106800198554993,11,teacherB,,19.5
teacherB,test_w32-35,ge5,near,1.4075419166759908,95262,16006,0.8967269215426927,0.7961874597692542,0.7503793329081448,0.8016368861676871,0.7192240470183531,0.7610896094388069,0.7034861926777458,0.7128964850427315,0.06679916685828258,0.662010133266449,0.17031955012920963,0.014765982715669947,0.04752412151841469,0.5106800198554993,11,teacherB,,19.5
teacherB,test_w32-35,ge5,far,1.4075419166759908,95262,78609,0.8967269215426927,0.7961874597692542,0.834564909068336,0.7038888676869061,0.7886805633897863,0.8299292247260104,0.6154511569922019,0.7712181557812723,0.06679916685828258,0.662010133266449,0.17031955012920963,0.014765982715669947,0.04752412151841469,0.5106800198554993,11,teacherB,,19.5
teacherA_0,test_w36-39,all,all,1.278234194612443,100000,100000,0.86855,0.7767710692371917,0.81373162265,0.78051,0.7556531609999999,0.7939350222999999,0.74341,0.7274809804,0.07468662014648317,0.7883113026618958,0.2079055439382486,0.022169510759250992,0.05598043773725625,0.6603186130523682,11,teacherA_member,0,23.5
teacherA_0,test_w36-39,all,near,1.278234194612443,100000,12548,0.86855,0.7767710692371917,0.7632451275103602,0.8133567102327064,0.7134594046860057,0.778444724657316,0.7547816385081287,0.7154236061523749,0.07468662014648317,0.7883113026618958,0.2079055439382486,0.022169510759250992,0.05598043773725625,0.6603186130523682,11,teacherA_member,0,23.5
teacherA_0,test_w36-39,all,far,1.278234194612443,100000,87452,0.86855,0.7767710692371917,0.8209756484128435,0.7757970086447422,0.7617073078946166,0.7961576387618351,0.7417783469789141,0.7292110258198783,0.07468662014648317,0.7883113026618958,0.2079055439382486,0.022169510759250992,0.05598043773725625,0.6603186130523682,11,teacherA_member,0,23.5
teacherA_0,test_w36-39,ge5,all,1.278234194612443,95184,91735,0.878456463271138,0.7810112094403006,0.8168673865320935,0.7578459693682891,0.7624304708470061,0.8017198075641647,0.7205428680438218,0.7382783228580815,0.0693039583506595,0.7239930629730225,0.19379473481774076,0.020311775021650567,0.05198255395936312,0.6064355373382568,11,teacherA_member,0,23.5
teacherA_0,test_w36-39,ge5,near,1.278234194612443,95184,12085,0.878456463271138,0.7810112094403006,0.7688958929830605,0.7947041787339677,0.7220218473004539,0.7868648549388879,0.7397600330988829,0.7270618697767043,0.0693039583506595,0.7239930629730225,0.19379473481774076,0.020311775021650567,0.05198255395936312,0.6064355373382568,11,teacherA_member,0,23.5
teacherA_0,test_w36-39,ge5,far,1.278234194612443,95184,79650,0.878456463271138,0.7810112094403006,0.8241459238772293,0.7522536095417451,0.7685615218898196,0.8039736946009062,0.7176271186440678,0.7399801538121111,0.0693039583506595,0.7239930629730225,0.19379473481774076,0.020311775021650567,0.05198255395936312,0.6064355373382568,11,teacherA_member,0,23.5
teacherA_1,test_w36-39,all,all,1.295048967651576,100000,100000,0.86242,0.774572716552348,0.8280526365,0.70852,0.7610562795,0.8073135403,0.69506,0.7325553022,0.08437472654193642,0.8510292768478394,0.21952986886997955,0.023865135930443784,0.06446365930274132,0.7010965347290039,11,teacherA_member,1,23.5
teacherA_1,test_w36-39,all,near,1.295048967651576,100000,12548,0.86242,0.774572716552348,0.7634489751354797,0.7908830092445012,0.7096715293273829,0.7782402223461906,0.7442620337902455,0.7095985312400384,0.08437472654193642,0.8510292768478394,0.21952986886997955,0.023865135930443784,0.06446365930274132,0.7010965347290039,11,teacherA_member,1,23.5
teacherA_1,test_w36-39,all,far,1.295048967651576,100000,87452,0.86242,0.774572716552348,0.8373222557517266,0.6967021909161597,0.7684291908704202,0.8114851086310204,0.6880002744362622,0.7358492412980835,0.08437472654193642,0.8510292768478394,0.21952986886997955,0.023865135930443784,0.06446365930274132,0.7010965347290039,11,teacherA_member,1,23.5
teacherA_1,test_w36-39,ge5,all,1.295048967651576,95184,91735,0.8720583291309464,0.7790754074398412,0.8309729477277852,0.7073854036082193,0.7681883220772032,0.8179897771022074,0.6713577151577914,0.7458322684782095,0.07864997801110263,0.7858396172523499,0.2057778201374933,0.02192957552266582,0.06054613369220054,0.6466709971427917,11,teacherA_member,1,23.5
teacherA_1,test_w36-39,ge5,near,1.295048967651576,95184,12085,0.8720583291309464,0.7790754074398412,0.7689442217370612,0.7879189077368639,0.7182067102157053,0.7870844800790167,0.7208109226313612,0.7212630608691322,0.07864997801110263,0.7858396172523499,0.2057778201374933,0.02192957552266582,0.06054613369220054,0.6466709971427917,11,teacherA_member,1,23.5
teacherA_1,test_w36-39,ge5,far,1.295048967651576,95184,79650,0.8720583291309464,0.7790754074398412,0.8403843369757186,0.6951663527934714,0.775771847241625,0.82267892354948,0.6638543628374137,0.7495600635059019,0.07864997801110263,0.7858396172523499,0.2057778201374933,0.02192957552266582,0.06054613369220054,0.6466709971427917,11,teacherA_member,1,23.5
teacherA_2,test_w36-39,all,all,1.2952232464265883,100000,100000,0.86431,0.7682357256185898,0.81985043365,0.73388,0.7576277007000002,0.7996822243499999,0.6818,0.726866783,0.08095885761827228,0.8145325779914856,0.21417167791464825,0.02268789579726169,0.060817428490668526,0.6740556359291077,11,teacherA_member,2,23.5
teacherA_2,test_w36-39,all,near,1.2952232464265883,100000,12548,0.86431,0.7682357256185898,0.7594052243385401,0.8054670066942939,0.7090473661141218,0.7752594867708001,0.7168473063436405,0.7071281112527892,0.08095885761827228,0.8145325779914856,0.21417167791464825,0.02268789579726169,0.060817428490668526,0.6740556359291077,11,teacherA_member,2,23.5
teacherA_2,test_w36-39,all,far,1.2952232464265883,100000,87452,0.86431,0.7682357256185898,0.828523379796917,0.7236083794538718,0.7645982221104148,0.803186506826602,0.6767712573754745,0.7296989749805607,0.08095885761827228,0.8145325779914856,0.21417167791464825,0.02268789579726169,0.060817428490668526,0.6740556359291077,11,teacherA_member,2,23.5
teacherA_2,test_w36-39,ge5,all,1.2952232464265883,95184,91735,0.8739073793914943,0.7729530355498415,0.8225678481065913,0.720346650678585,0.7641361221827183,0.8045038813637141,0.648051452553551,0.7349425359143864,0.07601412148448924,0.752357542514801,0.20073825354764005,0.020894444224723304,0.05740033937682322,0.6221879124641418,11,teacherA_member,2,23.5
teacherA_2,test_w36-39,ge5,near,1.2952232464265883,95184,12085,0.8739073793914943,0.7729530355498415,0.7651591672750304,0.7906495655771618,0.7173323642284755,0.7823409775569239,0.689201489449731,0.7173583001019632,0.07601412148448924,0.752357542514801,0.20073825354764005,0.020894444224723304,0.05740033937682322,0.6221879124641418,11,teacherA_member,2,23.5
teacherA_2,test_w36-39,ge5,far,1.2952232464265883,95184,79650,0.8739073793914943,0.7729530355498415,0.8312782549848012,0.7096798493408663,0.7712374833236728,0.8078665768126163,0.6418079096045197,0.7376105269977905,0.07601412148448924,0.752357542514801,0.20073825354764005,0.020894444224723304,0.05740033937682322,0.6221879124641418,11,teacherA_member,2,23.5
teacherA_3,test_w36-39,all,all,1.2918790117432906,100000,100000,0.87113,0.7751615037382645,0.81783917785,0.73491,0.7592575402000001,0.8028900118,0.71274,0.7343953258000001,0.0742894779472053,0.7574632167816162,0.2042234148117479,0.02252152636450702,0.05488025656148794,0.6304500102996826,11,teacherA_member,3,23.5
teacherA_3,test_w36-39,all,near,1.2918790117432906,100000,12548,0.87113,0.7751615037382645,0.7529455004781638,0.8045903729678037,0.7059376546063117,0.7634681180267773,0.7547019445329933,0.7020231032833918,0.0742894779472053,0.7574632167816162,0.2042234148117479,0.02252152636450702,0.05488025656148794,0.6304500102996826,11,teacherA_member,3,23.5
teacherA_3,test_w36-39,all,far,1.2918790117432906,100000,87452,0.87113,0.7751615037382645,0.8271504098819923,0.7249119516992178,0.7669081133650459,0.8085464395897178,0.7067191144856607,0.7390402355577916,0.0742894779472053,0.7574632167816162,0.2042234148117479,0.02252152636450702,0.05488025656148794,0.6304500102996826,11,teacherA_member,3,23.5
teacherA_3,test_w36-39,ge5,all,1.2918790117432906,95184,91735,0.8811985207597915,0.77996748656291,0.8208415592189137,0.7152231972529569,0.7660758295450465,0.8108503789061,0.6616340546138333,0.7454773815151577,0.06922067287660591,0.6972851753234863,0.1899426161877538,0.020589987667891333,0.05140009226979131,0.5795704126358032,11,teacherA_member,3,23.5
teacherA_3,test_w36-39,ge5,near,1.2918790117432906,95184,12085,0.8811985207597915,0.77996748656291,0.7590608252827284,0.7898220935043442,0.7147875459541533,0.7713746901413358,0.7251137774100124,0.7133029879962303,0.06922067287660591,0.6972851753234863,0.1899426161877538,0.020589987667891333,0.05140009226979131,0.5795704126358032,11,teacherA_member,3,23.5
teacherA_3,test_w36-39,ge5,far,1.2918790117432906,95184,79650,0.8811985207597915,0.77996748656291,0.8302153215493444,0.7039045825486503,0.7738576111796472,0.8168398792039302,0.6520025109855618,0.7503590832813377,0.06922067287660591,0.6972851753234863,0.1899426161877538,0.020589987667891333,0.05140009226979131,0.5795704126358032,11,teacherA_member,3,23.5
teacherA_4,test_w36-39,all,all,1.2965102575076488,100000,100000,0.86365,0.7707057222752765,0.81445219775,0.7522,0.7518391866000002,0.7954486579,0.7562,0.7256162454,0.08308012682616708,0.8328548669815063,0.21671881581147048,0.022573489138373617,0.0633584914055467,0.6862764358520508,11,teacherA_member,4,23.5
teacherA_4,test_w36-39,all,near,1.2965102575076488,100000,12548,0.86365,0.7707057222752765,0.7579082264105834,0.8013229199872489,0.7054447011475933,0.7793894955371374,0.7594038890659867,0.7128883224418235,0.08308012682616708,0.8328548669815063,0.21671881581147048,0.022573489138373617,0.0633584914055467,0.6862764358520508,11,teacherA_member,4,23.5
teacherA_4,test_w36-39,all,far,1.2965102575076488,100000,87452,0.86365,0.7707057222752765,0.8225653770068152,0.7451516260348534,0.7584960727027399,0.7977528975895348,0.7557402918172255,0.7274425041165438,0.08308012682616708,0.8328548669815063,0.21671881581147048,0.022573489138373617,0.0633584914055467,0.6862764358520508,11,teacherA_member,4,23.5
teacherA_4,test_w36-39,ge5,all,1.2965102575076488,95184,91735,0.8734451168263574,0.7764235570664919,0.8166334288253447,0.7583365127813811,0.7586535024461616,0.8027236179039431,0.6840355371450373,0.7365261772769345,0.07703812853952159,0.7683104276657104,0.20205856516551965,0.020528780381978855,0.05901804791018557,0.6327879428863525,11,teacherA_member,4,23.5
teacherA_4,test_w36-39,ge5,near,1.2965102575076488,95184,12085,0.8734451168263574,0.7764235570664919,0.7628298247835884,0.8010757136946628,0.7138262286391993,0.7876698611066775,0.7110467521721142,0.7248756766329829,0.07703812853952159,0.7683104276657104,0.20205856516551965,0.020528780381978855,0.05901804791018557,0.6327879428863525,11,teacherA_member,4,23.5
teacherA_4,test_w36-39,ge5,far,1.2965102575076488,95184,79650,0.8734451168263574,0.7764235570664919,0.8247968507317429,0.7518518518518519,0.7654549789553537,0.805007668762637,0.6799372253609541,0.7382938646627745,0.07703812853952159,0.7683104276657104,0.20205856516551965,0.020528780381978855,0.05901804791018557,0.6327879428863525,11,teacherA_member,4,23.5
teacherA,test_w36-39,all,all,1.065888886650108,100000,100000,0.87369,0.780993170966899,0.8406530297499999,0.68889,0.7785994054,0.8124336511,0.68179,0.7445593947000001,0.054880109355524134,0.6521565318107605,0.19086927355626135,0.01880347684980081,0.04994142104946073,0.6250990033149719,11,teacherA,,23.5
teacherA,test_w36-39,all,near,1.065888886650108,100000,12548,0.87369,0.780993170966899,0.7928296457602806,0.7475294867708001,0.7401219429391138,0.7881020365795345,0.7329454893210073,0.7254823414089895,0.054880109355524134,0.6521565318107605,0.19086927355626135,0.01880347684980081,0.04994142104946073,0.6250990033149719,11,teacherA,,23.5
teacherA,test_w36-39,all,far,1.065888886650108,100000,87452,0.87369,0.780993170966899,0.8475149405388098,0.680476146914879,0.7841203220052144,0.8159248588368477,0.674449983991218,0.7472966547363126,0.054880109355524134,0.6521565318107605,0.19086927355626135,0.01880347684980081,0.04994142104946073,0.6250990033149719,11,teacherA,,23.5
teacherA,test_w36-39,ge5,all,1.065888886650108,95184,91735,0.8837514708354345,0.7859644849392532,0.8438236107158847,0.6570665503897095,0.7862678312613116,0.8210019327796196,0.6416089823949419,0.756124719932108,0.04889812911881776,0.5888287425041199,0.1763266656110727,0.016961565670839087,0.044274766761233444,0.5648356080055237,11,teacherA,,23.5
teacherA,test_w36-39,ge5,near,1.065888886650108,95184,12085,0.8837514708354345,0.7859644849392532,0.7976935819901516,0.7250310302027306,0.7487967359502399,0.7972361507790707,0.7024410426148118,0.7377407957293595,0.04889812911881776,0.5888287425041199,0.1763266656110727,0.016961565670839087,0.044274766761233444,0.5648356080055237,11,teacherA,,23.5
teacherA,test_w36-39,ge5,far,1.065888886650108,95184,79650,0.8837514708354345,0.7859644849392532,0.8508227494120615,0.6467545511613308,0.7919531820062494,0.824607827010337,0.6323791588198368,0.7589140447781871,0.04889812911881776,0.5888287425041199,0.1763266656110727,0.016961565670839087,0.044274766761233444,0.5648356080055237,11,teacherA,,23.5
teacherB,test_w36-39,all,all,1.4075419166759908,100000,100000,0.86663,0.7701675773358468,0.8221707823000001,0.69964,0.7600933784,0.81389402985,0.65944,0.7402618425000002,0.09083878754705195,0.8940309882164001,0.219665866033441,0.02207153302935654,0.06773330570563676,0.6835542917251587,11,teacherB,,23.5
teacherB,test_w36-39,all,near,1.4075419166759908,100000,12548,0.86663,0.7701675773358468,0.7318319959356073,0.8125597704813516,0.6891017341408989,0.7514728135957921,0.7315906917437042,0.6891840875039847,0.09083878754705195,0.8940309882164001,0.219665866033441,0.02207153302935654,0.06773330570563676,0.6835542917251587,11,teacherB,,23.5
teacherB,test_w36-39,all,far,1.4075419166759908,100000,87452,0.86663,0.7701675773358468,0.8351329911837351,0.6834377715775511,0.7702795737090061,0.8228505022183598,0.6490874994282578,0.7475907048438,0.09083878754705195,0.8940309882164001,0.219665866033441,0.02207153302935654,0.06773330570563676,0.6835542917251587,11,teacherB,,23.5
teacherB,test_w36-39,ge5,all,1.4075419166759908,95184,91735,0.8761556564128425,0.7751071555885837,0.8244465519711649,0.7140785959557421,0.7674106464009138,0.8199200241120398,0.6334768627023492,0.7501065352163141,0.08478291342396566,0.8316133618354797,0.20541008478928077,0.02004417195144245,0.06417190374414827,0.6342954635620117,11,teacherB,,23.5
teacherB,test_w36-39,ge5,near,1.4075419166759908,95184,12085,0.8761556564128425,0.7751071555885837,0.7382479735871025,0.8153082333471245,0.6986211493738704,0.7597204309482622,0.7036822507240381,0.7006535581055715,0.08478291342396566,0.8316133618354797,0.20541008478928077,0.02004417195144245,0.06417190374414827,0.6342954635620117,11,teacherB,,23.5
teacherB,test_w36-39,ge5,far,1.4075419166759908,95184,79650,0.8761556564128425,0.7751071555885837,0.837525143556493,0.6987193973634651,0.7778478224407358,0.8290538857992242,0.6228248587570622,0.757609852584592,0.08478291342396566,0.8316133618354797,0.20541008478928077,0.02004417195144245,0.06417190374414827,0.6342954635620117,11,teacherB,,23.5
teacherA_0,test_w40-43,all,all,1.278234194612443,100000,100000,0.86217,0.7709184002525512,0.8050688935,0.77447,0.7438666405000001,0.7860586634000001,0.74508,0.7165131359,0.08047404083639388,0.8412264585494995,0.21973144137935469,0.02421257510934643,0.061099855206757744,0.7025724053382874,11,teacherA_member,0,27.5
teacherA_0,test_w40-43,all,near,1.278234194612443,100000,10904,0.86217,0.7709184002525512,0.7454121955245782,0.8360234776228906,0.6953541498532648,0.7629220859317682,0.7870506236243581,0.6992870882245048,0.08047404083639388,0.8412264585494995,0.21973144137935469,0.02421257510934643,0.061099855206757744,0.7025724053382874,11,teacherA_member,0,27.5
teacherA_0,test_w40-43,all,far,1.278234194612443,100000,89096,0.86217,0.7709184002525512,0.8123699691344168,0.7669367872856245,0.7498038340666245,0.7888902298082967,0.7399434318038969,0.7186213430457035,0.08047404083639388,0.8412264585494995,0.21973144137935469,0.02421257510934643,0.061099855206757744,0.7025724053382874,11,teacherA_member,0,27.5
teacherA_0,test_w40-43,ge5,all,1.278234194612443,95288,93977,0.8706342876332802,0.7765498261429237,0.8106223447668756,0.7568766825925493,0.7522504136463967,0.7958700707606192,0.7244964193366462,0.7286724246465801,0.0761301647507367,0.7795937657356262,0.20734981368552374,0.022394832702545914,0.05818547336765442,0.650951087474823,11,teacherA_member,0,27.5
teacherA_0,test_w40-43,ge5,near,1.278234194612443,95288,10557,0.8706342876332802,0.7765498261429237,0.7515749559819458,0.8193615610495406,0.7038616977832346,0.7720996821990369,0.767737046509425,0.7110706912283278,0.0761301647507367,0.7795937657356262,0.20734981368552374,0.022394832702545914,0.05818547336765442,0.650951087474823,11,teacherA_member,0,27.5
teacherA_0,test_w40-43,ge5,far,1.278234194612443,95288,83420,0.8706342876332802,0.7765498261429237,0.8180949326762799,0.7489690721649485,0.7583741210710838,0.7988782701378023,0.7190242148165907,0.7308999659999307,0.0761301647507367,0.7795937657356262,0.20734981368552374,0.022394832702545914,0.05818547336765442,0.650951087474823,11,teacherA_member,0,27.5
teacherA_1,test_w40-43,all,all,1.295048967651576,100000,100000,0.85664,0.7663143880659834,0.81844734695,0.71667,0.7495104432,0.7995701977999999,0.70071,0.7227298174,0.0884057546325773,0.9053040742874146,0.22949515821821645,0.026128496368751215,0.06791261546880006,0.7442866563796997,11,teacherA_member,1,27.5
teacherA_1,test_w40-43,all,near,1.295048967651576,100000,10904,0.85664,0.7663143880659834,0.7435873225421863,0.8126375641966251,0.6901359436903889,0.7590182685253118,0.7680667644900954,0.6916279860601614,0.0884057546325773,0.9053040742874146,0.22949515821821645,0.026128496368751215,0.06791261546880006,0.7442866563796997,11,teacherA_member,1,27.5
teacherA_1,test_w40-43,all,far,1.295048967651576,100000,89096,0.85664,0.7663143880659834,0.827609079307713,0.7049250246924665,0.7567769820193947,0.8045331393104067,0.6924665529316693,0.7265362101553381,0.0884057546325773,0.9053040742874146,0.22949515821821645,0.026128496368751215,0.06791261546880006,0.7442866563796997,11,teacherA_member,1,27.5
teacherA_1,test_w40-43,ge5,all,1.295048967651576,95288,93977,0.8648833011501973,0.7726381431612068,0.8239705810895358,0.7107270927993019,0.7578566955722333,0.8113263254718435,0.6812624365536248,0.7366309681454979,0.08384313951910666,0.843017578125,0.21760825986724674,0.02428180008471144,0.06501091143688548,0.6925005316734314,11,teacherA_member,1,27.5
teacherA_1,test_w40-43,ge5,near,1.295048967651576,95288,10557,0.8648833011501973,0.7726381431612068,0.749219557360582,0.8106469640996495,0.698183050490182,0.7683206270445688,0.7531495690063466,0.7033560252733904,0.08384313951910666,0.843017578125,0.21760825986724674,0.02428180008471144,0.06501091143688548,0.6925005316734314,11,teacherA_member,1,27.5
teacherA_1,test_w40-43,ge5,far,1.295048967651576,95288,83420,0.8648833011501973,0.7726381431612068,0.8334305014624268,0.6980819947254855,0.765408537709985,0.8167687991987282,0.6721649484536083,0.7408419915439735,0.08384313951910666,0.843017578125,0.21760825986724674,0.02428180008471144,0.06501091143688548,0.6925005316734314,11,teacherA_member,1,27.5
teacherA_2,test_w40-43,all,all,1.2952232464265883,100000,100000,0.85747,0.7625708139675279,0.80935202895,0.74313,0.7446433379999999,0.7912306447499999,0.69463,0.7158625031000001,0.0858577631263435,0.863623857498169,0.22575433804632103,0.024886986205100787,0.06493127928584813,0.7132866978645325,11,teacherA_member,2,27.5
teacherA_2,test_w40-43,all,near,1.2952232464265883,100000,10904,0.85747,0.7625708139675279,0.739895098129127,0.8298789435069699,0.6897112481658106,0.7588104296588407,0.7493580337490829,0.6907856337123991,0.0858577631263435,0.863623857498169,0.22575433804632103,0.024886986205100787,0.06493127928584813,0.7132866978645325,11,teacherA_member,2,27.5
teacherA_2,test_w40-43,all,far,1.2952232464265883,100000,89096,0.85747,0.7625708139675279,0.8178525045456587,0.7325132441411512,0.751366193207327,0.7951983876941725,0.6879321181646763,0.718931531830834,0.0858577631263435,0.863623857498169,0.22575433804632103,0.024886986205100787,0.06493127928584813,0.7132866978645325,11,teacherA_member,2,27.5
teacherA_2,test_w40-43,ge5,all,1.2952232464265883,95288,93977,0.8656703887163126,0.7687877671552696,0.8148480292440704,0.7284973982995839,0.7525604691561766,0.7987375487638786,0.669280781467806,0.7258667026329911,0.08197922233828978,0.8078457713127136,0.21424298567468017,0.023157575026418898,0.06257372255625589,0.6665498614311218,11,teacherA_member,2,27.5
teacherA_2,test_w40-43,ge5,near,1.2952232464265883,95288,10557,0.8656703887163126,0.7687877671552696,0.7458589412276697,0.8214454864071232,0.6976701878008479,0.7665488213843465,0.7289949796343658,0.7011119973929342,0.08197922233828978,0.8078457713127136,0.21424298567468017,0.023157575026418898,0.06257372255625589,0.6665498614311218,11,teacherA_member,2,27.5
teacherA_2,test_w40-43,ge5,far,1.2952232464265883,95288,83420,0.8656703887163126,0.7687877671552696,0.8235787629073303,0.716734596020139,0.7595069652035058,0.8028111090005812,0.6617238072404699,0.7289994696339416,0.08197922233828978,0.8078457713127136,0.21424298567468017,0.023157575026418898,0.06257372255625589,0.6665498614311218,11,teacherA_member,2,27.5
teacherA_3,test_w40-43,all,all,1.2918790117432906,100000,100000,0.86387,0.7706232044307528,0.8090769017,0.74891,0.7472426303,0.79364597635,0.71535,0.7217612756999999,0.08119238614708182,0.8287570476531982,0.21704281674826034,0.024848573653055595,0.06116951719515029,0.6861760020256042,11,teacherA_member,3,27.5
teacherA_3,test_w40-43,all,near,1.2918790117432906,100000,10904,0.86387,0.7706232044307528,0.7310099821166545,0.8302457813646368,0.683545448459281,0.7382667149669846,0.7886096845194424,0.6772605649303008,0.08119238614708182,0.8287570476531982,0.21704281674826034,0.024848573653055595,0.06116951719515029,0.6861760020256042,11,teacherA_member,3,27.5
teacherA_3,test_w40-43,all,far,1.2918790117432906,100000,89096,0.86387,0.7706232044307528,0.8186311094212984,0.7389557331417796,0.7550381999191884,0.800423558577265,0.7063841249887761,0.7272074882149592,0.08119238614708182,0.8287570476531982,0.21704281674826034,0.024848573653055595,0.06116951719515029,0.6861760020256042,11,teacherA_member,3,27.5
teacherA_3,test_w40-43,ge5,all,1.2918790117432906,95288,93977,0.872502308790194,0.7763103021861752,0.8142861596502025,0.7269544675824936,0.7553757059814018,0.803079263992616,0.6678336188641901,0.7339445056814682,0.07685572800005469,0.7717512249946594,0.20458023320480434,0.022957504264368923,0.05844986189801684,0.6381421089172363,11,teacherA_member,3,27.5
teacherA_3,test_w40-43,ge5,near,1.2918790117432906,95288,10557,0.872502308790194,0.7763103021861752,0.7368634973381365,0.8150989864544852,0.6918537848997475,0.7462324746805677,0.7655583972719523,0.688292391479107,0.07685572800005469,0.7717512249946594,0.20458023320480434,0.022957504264368923,0.05844986189801684,0.6381421089172363,11,teacherA_member,3,27.5
teacherA_3,test_w40-43,ge5,far,1.2918790117432906,95288,83420,0.872502308790194,0.7763103021861752,0.8240841822590308,0.7157995684488132,0.7634145566270385,0.810273360789155,0.6554663150323663,0.7397218896377655,0.07685572800005469,0.7717512249946594,0.20458023320480434,0.022957504264368923,0.05844986189801684,0.6381421089172363,11,teacherA_member,3,27.5
teacherA_4,test_w40-43,all,all,1.2965102575076488,100000,100000,0.85655,0.766860405349558,0.8013986178500001,0.76998,0.7376264108,0.7830998092499999,0.77008,0.7120453869,0.08825912533938882,0.8809099793434143,0.22862400918753736,0.025011346873970147,0.06779967829637232,0.7249860167503357,11,teacherA_member,4,27.5
teacherA_4,test_w40-43,all,near,1.2965102575076488,100000,10904,0.85655,0.766860405349558,0.7399267470652972,0.8163059427732942,0.6869250907923697,0.7617495850146735,0.7946625091709465,0.6956126659941306,0.08825912533938882,0.8809099793434143,0.22862400918753736,0.025011346873970147,0.06779967829637232,0.7249860167503357,11,teacherA_member,4,27.5
teacherA_4,test_w40-43,all,far,1.2965102575076488,100000,89096,0.85655,0.766860405349558,0.8089218431242705,0.7643104067522672,0.7438314839050013,0.7857127530977821,0.7670714734668223,0.7140565028733054,0.08825912533938882,0.8809099793434143,0.22862400918753736,0.025011346873970147,0.06779967829637232,0.7249860167503357,11,teacherA_member,4,27.5
teacherA_4,test_w40-43,ge5,all,1.2965102575076488,95288,93977,0.8648937956510788,0.7730565748671726,0.806620614928469,0.7701671685625207,0.7461194185136036,0.7933366420549937,0.7083754535684263,0.7249119241612524,0.08333674379474376,0.8226760029792786,0.21591069047629305,0.023026132139600718,0.06455596153985671,0.6765377521514893,11,teacherA_member,4,27.5
teacherA_4,test_w40-43,ge5,near,1.2965102575076488,95288,10557,0.8648937956510788,0.7730565748671726,0.7450827368476537,0.8151937103343753,0.6949968725055305,0.7708396213853677,0.7524865018471156,0.7076950963003712,0.08333674379474376,0.8226760029792786,0.21591069047629305,0.023026132139600718,0.06455596153985671,0.6765377521514893,11,teacherA_member,4,27.5
teacherA_4,test_w40-43,ge5,far,1.2965102575076488,95288,83420,0.8648937956510788,0.7730565748671726,0.8144083801993773,0.7644689522896188,0.7525890986647331,0.7961836936878066,0.7027930951810117,0.727090754798118,0.08333674379474376,0.8226760029792786,0.21591069047629305,0.023026132139600718,0.06455596153985671,0.6765377521514893,11,teacherA_member,4,27.5
teacherA,test_w40-43,all,all,1.065888886650108,100000,100000,0.86743,0.7764996370043135,0.83020606235,0.70033,0.7660295719999999,0.8031469847,0.69474,0.7330374421000001,0.05855704986006025,0.6976408362388611,0.2011064384708018,0.020848791861963756,0.053439498540013994,0.6682316660881042,11,teacherA,,27.5
teacherA,test_w40-43,all,near,1.065888886650108,100000,10904,0.86743,0.7764996370043135,0.7716978604181951,0.7808143800440206,0.7192875596111519,0.7687268644534115,0.7673330887747616,0.706663515223771,0.05855704986006025,0.6976408362388611,0.2011064384708018,0.020848791861963756,0.053439498540013994,0.6682316660881042,11,teacherA,,27.5
teacherA,test_w40-43,all,far,1.065888886650108,100000,89096,0.86743,0.7764996370043135,0.8373665794760707,0.6904799317590016,0.7717500858624405,0.8073594857232649,0.6858557062045434,0.7362652110083506,0.05855704986006025,0.6976408362388611,0.2011064384708018,0.020848791861963756,0.053439498540013994,0.6682316660881042,11,teacherA,,27.5
teacherA,test_w40-43,ge5,all,1.065888886650108,95288,93977,0.8760179665855092,0.7822549439380652,0.8352081922328072,0.6790916926482011,0.7745109403793111,0.813658010667322,0.6565116996711962,0.7459110309169361,0.053581806902762166,0.6391506791114807,0.18839147964512623,0.01908858262249468,0.04878092144879684,0.612575352191925,11,teacherA,,27.5
teacherA,test_w40-43,ge5,near,1.065888886650108,95288,10557,0.8760179665855092,0.7822549439380652,0.776448379895198,0.7675475987496447,0.7272255642391214,0.7783447899842113,0.7414985317798617,0.7189077661867272,0.053581806902762166,0.6391506791114807,0.18839147964512623,0.01908858262249468,0.04878092144879684,0.612575352191925,11,teacherA,,27.5
teacherA,test_w40-43,ge5,far,1.065888886650108,95288,83420,0.8760179665855092,0.7822549439380652,0.8426443866567839,0.6678973867178135,0.7804950175300185,0.8181269829851306,0.6457564133301367,0.7493283584853466,0.053581806902762166,0.6391506791114807,0.18839147964512623,0.01908858262249468,0.04878092144879684,0.612575352191925,11,teacherA,,27.5
teacherB,test_w40-43,all,all,1.4075419166759908,100000,100000,0.85817,0.7647540008897303,0.8137326279499999,0.71855,0.7487968467999999,0.80806982215,0.67499,0.7299494765999999,0.09795725972741842,0.9653909206390381,0.23483796665437642,0.02449220430408064,0.07435542106732726,0.7350709438323975,11,teacherB,,27.5
teacherB,test_w40-43,all,near,1.4075419166759908,100000,10904,0.85817,0.7647540008897303,0.7154058405172413,0.8243763756419662,0.6727171386647103,0.7350633854548789,0.7665994130594277,0.6717557153338225,0.09795725972741842,0.9653909206390381,0.23483796665437642,0.02449220430408064,0.07435542106732726,0.7350709438323975,11,teacherB,,27.5
teacherB,test_w40-43,all,far,1.4075419166759908,100000,89096,0.85817,0.7647540008897303,0.825766336423633,0.7055984555984556,0.7581078499595941,0.8170047034659244,0.6637783963365359,0.737071510954476,0.09795725972741842,0.9653909206390381,0.23483796665437642,0.02449220430408064,0.07435542106732726,0.7350709438323975,11,teacherB,,27.5
teacherB,test_w40-43,ge5,all,1.4075419166759908,95288,93977,0.8659747292418772,0.7702991318473493,0.8193739972412113,0.7116528512295561,0.7576127939333178,0.8166016618824345,0.6458388754695298,0.7412364444074178,0.09365470528736461,0.9054931402206421,0.22311326590876343,0.02253837501276417,0.07242011848373317,0.6877807378768921,11,teacherB,,27.5
teacherB,test_w40-43,ge5,near,1.4075419166759908,95288,10557,0.8659747292418772,0.7702991318473493,0.7222485424741726,0.8201193520886616,0.682044155324673,0.7439339891182614,0.7431088377379937,0.6831250839450722,0.09365470528736461,0.9054931402206421,0.22311326590876343,0.02253837501276417,0.07242011848373317,0.6877807378768921,11,teacherB,,27.5
teacherB,test_w40-43,ge5,far,1.4075419166759908,95288,83420,0.8659747292418772,0.7702991318473493,0.8316654552366035,0.6979261567969312,0.7671761854196696,0.825797929220859,0.6335291297051067,0.7485905756996857,0.09365470528736461,0.9054931402206421,0.22311326590876343,0.02253837501276417,0.07242011848373317,0.6877807378768921,11,teacherB,,27.5
teacherA_0,test_w44-47,all,all,1.278234194612443,100000,100000,0.83662,0.7458925228234101,0.789529069,0.79483,0.7168088543,0.7687992801499999,0.79946,0.6907523371,0.09786335240095854,1.031337857246399,0.25968247064581357,0.03135776131077447,0.07553259970098732,0.8585374355316162,11,teacherA_member,0,31.5
teacherA_0,test_w44-47,all,near,1.278234194612443,100000,10628,0.83662,0.7458925228234101,0.7226610401768913,0.8505833646970267,0.6641032094467445,0.7397338031614602,0.8270605946556266,0.6691196480993602,0.09786335240095854,1.031337857246399,0.25968247064581357,0.03135776131077447,0.07553259970098732,0.8585374355316162,11,teacherA_member,0,31.5
teacherA_0,test_w44-47,all,far,1.278234194612443,100000,89372,0.83662,0.7458925228234101,0.7974809265206104,0.7881998836324576,0.7230765398558833,0.7722557082195767,0.7961777737994002,0.6933248678557042,0.09786335240095854,1.031337857246399,0.25968247064581357,0.03135776131077447,0.07553259970098732,0.8585374355316162,11,teacherA_member,0,31.5
teacherA_0,test_w44-47,ge5,all,1.278234194612443,94936,92436,0.8451799106766664,0.7529363129740986,0.7928525019629824,0.7839478125405686,0.7238830533844242,0.7761512691452797,0.7720909602319442,0.7011607401339647,0.09320445050201095,0.9455648064613342,0.24709911845523486,0.02866854927707939,0.0722171552607974,0.7880304455757141,11,teacherA_member,0,31.5
teacherA_0,test_w44-47,ge5,near,1.278234194612443,94936,10310,0.8451799106766664,0.7529363129740986,0.7281652892791648,0.8402521823472356,0.6726082616114571,0.7486542258455071,0.8065955383123181,0.6810472563393976,0.09320445050201095,0.9455648064613342,0.24709911845523486,0.02866854927707939,0.0722171552607974,0.7880304455757141,11,teacherA_member,0,31.5
teacherA_0,test_w44-47,ge5,far,1.278234194612443,94936,82126,0.8451799106766664,0.7529363129740986,0.8009732574213044,0.7768794291698122,0.7303200295330162,0.7796032151358387,0.7677592966904513,0.7036857628785522,0.09320445050201095,0.9455648064613342,0.24709911845523486,0.02866854927707939,0.0722171552607974,0.7880304455757141,11,teacherA_member,0,31.5
teacherA_1,test_w44-47,all,all,1.295048967651576,100000,100000,0.83398,0.7410655305204196,0.80197896755,0.76686,0.7230998442000001,0.78235958415,0.76727,0.6979132416,0.10205168952070179,1.1197057962417603,0.26657181950315995,0.0335481315996799,0.07880470190718769,0.917881190776825,11,teacherA_member,1,31.5
teacherA_1,test_w44-47,all,near,1.295048967651576,100000,10628,0.83398,0.7410655305204196,0.7199885147722995,0.8402333458788107,0.6596429845690629,0.7367171556266466,0.8025969138125706,0.6626393103123824,0.10205168952070179,1.1197057962417603,0.26657181950315995,0.0335481315996799,0.07880470190718769,0.917881190776825,11,teacherA_member,1,31.5
teacherA_1,test_w44-47,all,far,1.295048967651576,100000,89372,0.83398,0.7410655305204196,0.8117291637201809,0.7581345387817213,0.7306460499932864,0.7877873213646333,0.7630689701472497,0.7021079708409792,0.10205168952070179,1.1197057962417603,0.26657181950315995,0.0335481315996799,0.07880470190718769,0.917881190776825,11,teacherA_member,1,31.5
teacherA_1,test_w44-47,ge5,all,1.295048967651576,94936,92436,0.8422094884975141,0.7482995640591503,0.8060412417474871,0.7590440953740967,0.7307866839151892,0.7915588689276819,0.7383595136094162,0.7100264392606351,0.0969718223347572,1.0320395231246948,0.25398512226483044,0.03048797628846956,0.07527078391097755,0.846721887588501,11,teacherA_member,1,31.5
teacherA_1,test_w44-47,ge5,near,1.295048967651576,94936,10310,0.8422094884975141,0.7482995640591503,0.7245311201330427,0.8406401551891367,0.6677651234254337,0.7453619793235355,0.7805043646944714,0.674367386366042,0.0969718223347572,1.0320395231246948,0.25398512226483044,0.03048797628846956,0.07527078391097755,0.846721887588501,11,teacherA_member,1,31.5
teacherA_1,test_w44-47,ge5,far,1.295048967651576,94936,82126,0.8422094884975141,0.7482995640591503,0.816273925110185,0.7488006234322869,0.7386983353854835,0.7973583712998753,0.7330686993156856,0.7145030341921218,0.0969718223347572,1.0320395231246948,0.25398512226483044,0.03048797628846956,0.07527078391097755,0.846721887588501,11,teacherA_member,1,31.5
teacherA_2,test_w44-47,all,all,1.2952232464265883,100000,100000,0.83241,0.7368573764969182,0.79752739545,0.78787,0.7194718525,0.7761567888,0.76228,0.6907250147999999,0.10370481617435816,1.0985137224197388,0.2679646248457489,0.03340212062419021,0.08050954856261608,0.9013563990592957,11,teacherA_member,2,31.5
teacherA_2,test_w44-47,all,near,1.2952232464265883,100000,10628,0.83241,0.7368573764969182,0.7228585307677832,0.8572638313887844,0.6622848908543469,0.7406906459352653,0.8021264584117426,0.663639539894618,0.10370481617435816,1.0985137224197388,0.2679646248457489,0.03340212062419021,0.08050954856261608,0.9013563990592957,11,teacherA_member,2,31.5
teacherA_2,test_w44-47,all,far,1.2952232464265883,100000,89372,0.83241,0.7368573764969182,0.806406918050396,0.77961777737994,0.7262724503200109,0.7803743755874323,0.7575415118829163,0.693945983641409,0.10370481617435816,1.0985137224197388,0.2679646248457489,0.03340212062419021,0.08050954856261608,0.9013563990592957,11,teacherA_member,2,31.5
teacherA_2,test_w44-47,ge5,all,1.2952232464265883,94936,92436,0.8405241425802646,0.7436234995176543,0.8007213800062934,0.7694188411441429,0.726129771952875,0.781181622104732,0.7392141589856766,0.6989826853133064,0.09969982288051418,1.0204943418502808,0.25604088176884815,0.030634601579917983,0.07791482358342164,0.8374782800674438,11,teacherA_member,2,31.5
teacherA_2,test_w44-47,ge5,near,1.2952232464265883,94936,10310,0.8405241425802646,0.7436234995176543,0.7282737343824544,0.8481086323957323,0.670561465391111,0.7484560112455564,0.7902036857419981,0.6744214694598074,0.09969982288051418,1.0204943418502808,0.25604088176884815,0.030634601579917983,0.07791482358342164,0.8374782800674438,11,teacherA_member,2,31.5
teacherA_2,test_w44-47,ge5,far,1.2952232464265883,94936,82126,0.8405241425802646,0.7436234995176543,0.8098163709516917,0.7595402186883569,0.7331057508225604,0.7852899562249631,0.7328129946667316,0.702066071030979,0.09969982288051418,1.0204943418502808,0.25604088176884815,0.030634601579917983,0.07791482358342164,0.8374782800674438,11,teacherA_member,2,31.5
teacherA_3,test_w44-47,all,all,1.2918790117432906,100000,100000,0.83628,0.7393367159614237,0.7935356401,0.78947,0.7185295926999999,0.7785375875,0.76493,0.6953908274,0.10066294690996411,1.0448743104934692,0.2624515279325006,0.033093382577333075,0.07810164145611226,0.8605983853340149,11,teacherA_member,3,31.5
teacherA_3,test_w44-47,all,near,1.2918790117432906,100000,10628,0.83628,0.7393367159614237,0.7126957339104254,0.8516183665788484,0.6549936065111027,0.7251341781144147,0.8155814828754234,0.6533806576966503,0.10066294690996411,1.0448743104934692,0.2624515279325006,0.033093382577333075,0.07810164145611226,0.8605983853340149,11,teacherA_member,3,31.5
teacherA_3,test_w44-47,all,far,1.2918790117432906,100000,89372,0.83628,0.7393367159614237,0.8031490147921049,0.7820793984693193,0.7260852081188741,0.7848882502909188,0.7589065926688449,0.7003866212012712,0.10066294690996411,1.0448743104934692,0.2624515279325006,0.033093382577333075,0.07810164145611226,0.8605983853340149,11,teacherA_member,3,31.5
teacherA_3,test_w44-47,ge5,all,1.2918790117432906,94936,92436,0.8446848403134743,0.7460069316557257,0.7969687104001096,0.7737894326885629,0.7255743563383781,0.7853435498527515,0.7333181877190705,0.7056059399279894,0.09643716861830487,0.9653809666633606,0.24991510776879233,0.03003070120482898,0.07544854771949523,0.7949062585830688,11,teacherA_member,3,31.5
teacherA_3,test_w44-47,ge5,near,1.2918790117432906,94936,10310,0.8446848403134743,0.7460069316557257,0.7182945550862505,0.8421920465567411,0.6637991936903003,0.733094871938639,0.7974781765276431,0.6647815022987154,0.09643716861830487,0.9653809666633606,0.24991510776879233,0.03003070120482898,0.07544854771949523,0.7949062585830688,11,teacherA_member,3,31.5
teacherA_3,test_w44-47,ge5,far,1.2918790117432906,94936,82126,0.8446848403134743,0.7460069316557257,0.8068453699389389,0.7652022502009108,0.7333295365115471,0.7919027865049019,0.7252636193166597,0.7107309910927582,0.09643716861830487,0.9653809666633606,0.24991510776879233,0.03003070120482898,0.07544854771949523,0.7949062585830688,11,teacherA_member,3,31.5
teacherA_4,test_w44-47,all,all,1.2965102575076488,100000,100000,0.8281,0.7328329654022568,0.7874928486999999,0.7877,0.7104070965,0.7663989936,0.80329,0.6841801962999999,0.10901923481911419,1.0976518392562866,0.2741769630851629,0.033429552980709716,0.08575494651973249,0.8992806077003479,11,teacherA_member,4,31.5
teacherA_4,test_w44-47,all,near,1.2965102575076488,100000,10628,0.8281,0.7328329654022568,0.7222774237862251,0.8201919458035378,0.6585907602559278,0.7418559870154311,0.8066428302596914,0.6652545286036884,0.10901923481911419,1.0976518392562866,0.2741769630851629,0.033429552980709716,0.08575494651973249,0.8992806077003479,11,teacherA_member,4,31.5
teacherA_4,test_w44-47,all,far,1.2965102575076488,100000,89372,0.8281,0.7328329654022568,0.795248180750123,0.7838361007921945,0.7165690266526428,0.7693176154724074,0.8028912858613436,0.6864308116636083,0.10901923481911419,1.0976518392562866,0.2741769630851629,0.033429552980709716,0.08575494651973249,0.8992806077003479,11,teacherA_member,4,31.5
teacherA_4,test_w44-47,ge5,all,1.2965102575076488,94936,92436,0.8362686441392095,0.7399530987136447,0.7903501370549644,0.7886754078497555,0.7175677217073229,0.7739585950504922,0.7823683413388723,0.6951612882023092,0.10410911413908677,1.0196319818496704,0.26154227871048036,0.030280704511948343,0.08251904319780935,0.8355320692062378,11,teacherA_member,4,31.5
teacherA_4,test_w44-47,ge5,near,1.2965102575076488,94936,10310,0.8362686441392095,0.7399530987136447,0.7266225045621628,0.8196896217264792,0.6667373076165783,0.7508184236343365,0.7929194956353055,0.6775723062029966,0.10410911413908677,1.0196319818496704,0.26154227871048036,0.030280704511948343,0.08251904319780935,0.8355320692062378,11,teacherA_member,4,31.5
teacherA_4,test_w44-47,ge5,far,1.2965102575076488,94936,82126,0.8362686441392095,0.7399530987136447,0.7983504279616295,0.7847819204636778,0.7239489112121761,0.7768635845459086,0.7810437620242067,0.6973693880052085,0.10410911413908677,1.0196319818496704,0.26154227871048036,0.030280704511948343,0.08251904319780935,0.8355320692062378,11,teacherA_member,4,31.5
teacherA,test_w44-47,all,all,1.065888886650108,100000,100000,0.84131,0.7489484335815538,0.8129583623000001,0.73639,0.7377271168,0.7861732558000001,0.77653,0.7062464209,0.0728101278489828,0.8691450953483582,0.23791668810894917,0.02812076253220022,0.0668217405588925,0.8316522836685181,11,teacherA,,31.5
teacherA,test_w44-47,all,near,1.065888886650108,100000,10628,0.84131,0.7489484335815538,0.7480545502446369,0.818027850959729,0.6877413916070757,0.7481405160895747,0.821791494166353,0.6772543385397065,0.0728101278489828,0.8691450953483582,0.23791668810894917,0.02812076253220022,0.0668217405588925,0.8316522836685181,11,teacherA,,31.5
teacherA,test_w44-47,all,far,1.065888886650108,100000,89372,0.84131,0.7489484335815538,0.8206766377612675,0.7266817347715168,0.7436713531083561,0.7906960588886899,0.7711475629951215,0.7096941209774874,0.0728101278489828,0.8691450953483582,0.23791668810894917,0.02812076253220022,0.0668217405588925,0.8316522836685181,11,teacherA,,31.5
teacherA,test_w44-47,ge5,all,1.065888886650108,94936,92436,0.8499410128928963,0.7559247454898228,0.8167021462922921,0.7228352589900039,0.7453879052921362,0.7941267336626857,0.7244363667835043,0.7173367102488559,0.06739686162637068,0.7881378531455994,0.22462301289715964,0.02521419858793562,0.061701789754723464,0.7549204230308533,11,teacherA,,31.5
teacherA,test_w44-47,ge5,near,1.065888886650108,94936,10310,0.8499410128928963,0.7559247454898228,0.7520202256630777,0.8134820562560621,0.6956559085146503,0.7575437318454448,0.796023278370514,0.6897648582817791,0.06739686162637068,0.7881378531455994,0.22462301289715964,0.02521419858793562,0.061701789754723464,0.7549204230308533,11,teacherA,,31.5
teacherA,test_w44-47,ge5,far,1.065888886650108,94936,82126,0.8499410128928963,0.7559247454898228,0.8248222373923967,0.7114555682731413,0.7516312007987463,0.7987193200389339,0.7154494313615664,0.7207980476302035,0.06739686162637068,0.7881378531455994,0.22462301289715964,0.02521419858793562,0.061701789754723464,0.7549204230308533,11,teacherA,,31.5
teacherB,test_w44-47,all,all,1.4075419166759908,100000,100000,0.83291,0.7332861176295334,0.8000199072,0.76319,0.7228934350999998,0.790854901,0.75233,0.7054254103,0.11631730883270497,1.1763989925384521,0.27455369096075993,0.03215823612344453,0.08989953555844726,0.8930138349533081,11,teacherB,,31.5
teacherB,test_w44-47,all,near,1.4075419166759908,100000,10628,0.83291,0.7332861176295334,0.695328695897629,0.8630974783590516,0.6445290270982311,0.7130711671998494,0.8066428302596914,0.6435201496048174,0.11631730883270497,1.1763989925384521,0.27455369096075993,0.03215823612344453,0.08989953555844726,0.8930138349533081,11,teacherB,,31.5
teacherB,test_w44-47,all,far,1.4075419166759908,100000,89372,0.83291,0.7332861176295334,0.8124696475406168,0.751309134852079,0.7322124268227185,0.8001048397148994,0.7458711900819048,0.7127871020006266,0.11631730883270497,1.1763989925384521,0.27455369096075993,0.03215823612344453,0.08989953555844726,0.8930138349533081,11,teacherB,,31.5
teacherB,test_w44-47,ge5,all,1.4075419166759908,94936,92436,0.840829611527766,0.7398008966870998,0.8040496306891587,0.7541542256263793,0.730835740128404,0.7979093709490305,0.7167770132848673,0.7155086410206377,0.11189886277789982,1.0998224020004272,0.26249476919307396,0.029022248049946846,0.08777529948466439,0.8337376713752747,11,teacherB,,31.5
teacherB,test_w44-47,ge5,near,1.4075419166759908,94936,10310,0.840829611527766,0.7398008966870998,0.7021478577185534,0.8602327837051407,0.6545067310443743,0.7220433269374101,0.7826382153249273,0.6551532782062296,0.11189886277789982,1.0998224020004272,0.26249476919307396,0.029022248049946846,0.08777529948466439,0.8337376713752747,11,teacherB,,31.5
teacherB,test_w44-47,ge5,far,1.4075419166759908,94936,82126,0.840829611527766,0.7398008966870998,0.8168422576200569,0.7408372500791467,0.7404179928091182,0.8074335035472309,0.7085088766042422,0.7230855812176101,0.11189886277789982,1.0998224020004272,0.26249476919307396,0.029022248049946846,0.08777529948466439,0.8337376713752747,11,teacherB,,31.5
teacherA_0,test_w48-51,all,all,1.278234194612443,100000,100000,0.82528,0.7315202452193275,0.7875069832499999,0.79991,0.7073069960999999,0.7673367971,0.79832,0.680357929,0.10809017840906977,1.2182905673980713,0.282070885908288,0.035921443604390056,0.08547542790383097,1.0053571462631226,11,teacherA_member,0,35.333333333333336
teacherA_0,test_w48-51,all,near,1.278234194612443,100000,10972,0.82528,0.7315202452193275,0.7054886852898286,0.8602807145461174,0.6434777551950419,0.721454748906307,0.8576376230404666,0.6468318200874954,0.10809017840906977,1.2182905673980713,0.282070885908288,0.035921443604390056,0.08547542790383097,1.0053571462631226,11,teacherA_member,0,35.333333333333336
teacherA_0,test_w48-51,all,far,1.278234194612443,100000,89028,0.82528,0.7315202452193275,0.7976150926674754,0.7924697847868086,0.7151734474547333,0.7729913982679606,0.7910095700229142,0.6844897579413218,0.10809017840906977,1.2182905673980713,0.282070885908288,0.035921443604390056,0.08547542790383097,1.0053571462631226,11,teacherA_member,0,35.333333333333336
teacherA_0,test_w48-51,ge5,all,1.278234194612443,94668,93780,0.8350340136054422,0.7392563272591736,0.793148881953696,0.7798357858818511,0.7169361057767806,0.7765298145395715,0.7691405416933248,0.693192652964085,0.10250738204512784,1.096932291984558,0.26697192540723474,0.03216668315376732,0.08106164249279511,0.9070159196853638,11,teacherA_member,0,35.333333333333336
teacherA_0,test_w48-51,ge5,near,1.278234194612443,94668,10675,0.8350340136054422,0.7392563272591736,0.711665333275149,0.8468384074941452,0.6533218904097633,0.7309613530198324,0.8370023419203747,0.659945066248531,0.10250738204512784,1.096932291984558,0.26697192540723474,0.03216668315376732,0.08106164249279511,0.9070159196853638,11,teacherA_member,0,35.333333333333336
teacherA_0,test_w48-51,ge5,far,1.278234194612443,94668,83105,0.8350340136054422,0.7392563272591736,0.8036156033560603,0.7712291679201011,0.7251074763205855,0.7823831726615041,0.7604235605559232,0.6974633705886388,0.10250738204512784,1.096932291984558,0.26697192540723474,0.03216668315376732,0.08106164249279511,0.9070159196853638,11,teacherA_member,0,35.333333333333336
teacherA_1,test_w48-51,all,all,1.295048967651576,100000,100000,0.82048,0.7239548129493687,0.80296395805,0.77009,0.7142377812,0.7836117920500001,0.76351,0.6882104811,0.11552993331372738,1.3023872375488281,0.29176838026438445,0.03907905263567069,0.09210885339349506,1.058793544769287,11,teacherA_member,1,35.333333333333336
teacherA_1,test_w48-51,all,near,1.295048967651576,100000,10972,0.82048,0.7239548129493687,0.7109766168428727,0.8496172074371127,0.6442603645643455,0.7267571554866934,0.8280167699598979,0.6454036310608822,0.11552993331372738,1.3023872375488281,0.29176838026438445,0.03907905263567069,0.09210885339349506,1.058793544769287,11,teacherA_member,1,35.333333333333336
teacherA_1,test_w48-51,all,far,1.295048967651576,100000,89028,0.82048,0.7239548129493687,0.814300673552141,0.7602888978748259,0.722861946803253,0.7906186783371524,0.7555600485240599,0.6934860883092959,0.11552993331372738,1.3023872375488281,0.29176838026438445,0.03907905263567069,0.09210885339349506,1.058793544769287,11,teacherA_member,1,35.333333333333336
teacherA_1,test_w48-51,ge5,all,1.295048967651576,94668,93780,0.8300376051041535,0.7320436022226438,0.8085774623077362,0.7618148859031777,0.7244067062692557,0.7947605164257326,0.7308274685433994,0.7028117411915377,0.10900505919362186,1.1730252504348755,0.2764438101708956,0.03455154873022202,0.08712631670172823,0.9554555416107178,11,teacherA_member,1,35.333333333333336
teacherA_1,test_w48-51,ge5,near,1.295048967651576,94668,10675,0.8300376051041535,0.7320436022226438,0.7160313830392006,0.849367681498829,0.6540535141718984,0.7360190604235644,0.8052459016393443,0.6584704114237663,0.10900505919362186,1.1730252504348755,0.2764438101708956,0.03455154873022202,0.08712631670172823,0.9554555416107178,11,teacherA_member,1,35.333333333333336
teacherA_1,test_w48-51,ge5,far,1.295048967651576,94668,83105,0.8300376051041535,0.7320436022226438,0.8204651874288675,0.750568557848505,0.7334437115714552,0.8023059714864769,0.721268275073702,0.7085074718367572,0.10900505919362186,1.1730252504348755,0.2764438101708956,0.03455154873022202,0.08712631670172823,0.9554555416107178,11,teacherA_member,1,35.333333333333336
teacherA_2,test_w48-51,all,all,1.2952232464265883,100000,100000,0.82017,0.7190787510085633,0.7951302625,0.80477,0.7095994946,0.7720539930999999,0.771,0.6773665443000001,0.11411080606207247,1.2796635627746582,0.29087279136748945,0.03838938419363664,0.09072713316589595,1.042736291885376,11,teacherA_member,2,35.333333333333336
teacherA_2,test_w48-51,all,near,1.2952232464265883,100000,10972,0.82017,0.7190787510085633,0.711053739518775,0.8566350710900474,0.6445697147283995,0.7229839760298943,0.8245534086766314,0.6402213288370397,0.11411080606207247,1.2796635627746582,0.29087279136748945,0.03838938419363664,0.09072713316589595,1.042736291885376,11,teacherA_member,2,35.333333333333336
teacherA_2,test_w48-51,all,far,1.2952232464265883,100000,89028,0.82017,0.7190787510085633,0.8054920319450061,0.798378038369951,0.7176139029294155,0.7781014863301432,0.764399964056252,0.6819443996270836,0.11411080606207247,1.2796635627746582,0.29087279136748945,0.03838938419363664,0.09072713316589595,1.042736291885376,11,teacherA_member,2,35.333333333333336
teacherA_2,test_w48-51,ge5,all,1.2952232464265883,94668,93780,0.8295939493809946,0.7271669988924396,0.8002267740401013,0.7864043506078054,0.7189035612602502,0.7794802648828634,0.7451695457453615,0.6883494520947111,0.10859929024181544,1.1606061458587646,0.27607297270039266,0.03442578086535859,0.08663273674689374,0.9471943378448486,11,teacherA_member,2,35.333333333333336
teacherA_2,test_w48-51,ge5,near,1.2952232464265883,94668,10675,0.8295939493809946,0.7271669988924396,0.7168948126765506,0.8441217798594848,0.6543603614515177,0.7312926134859663,0.8084309133489461,0.6520313247558904,0.10859929024181544,1.1606061458587646,0.27607297270039266,0.03442578086535859,0.08663273674689374,0.9471943378448486,11,teacherA_member,2,35.333333333333336
teacherA_2,test_w48-51,ge5,far,1.2952232464265883,94668,83105,0.8295939493809946,0.7271669988924396,0.8109309276717229,0.7789904337885807,0.727194261674885,0.7856700630738491,0.7370434991877745,0.6930145866755655,0.10859929024181544,1.1606061458587646,0.27607297270039266,0.03442578086535859,0.08663273674689374,0.9471943378448486,11,teacherA_member,2,35.333333333333336
teacherA_3,test_w48-51,all,all,1.2918790117432906,100000,100000,0.82295,0.7227469229710572,0.7907146763999999,0.80655,0.7090773449000001,0.7749690926,0.77316,0.6833095581,0.11122126332670448,1.2129372358322144,0.2840848141012514,0.03724152837302415,0.08840362924739718,0.9928602576255798,11,teacherA_member,3,35.333333333333336
teacherA_3,test_w48-51,all,near,1.2918790117432906,100000,10972,0.82295,0.7227469229710572,0.699902191943128,0.8672985781990521,0.6383100920524972,0.7083318647466278,0.8411410864017499,0.6318448869850528,0.11122126332670448,1.2129372358322144,0.2840848141012514,0.03724152837302415,0.08840362924739718,0.9928602576255798,11,teacherA_member,3,35.333333333333336
teacherA_3,test_w48-51,all,far,1.2918790117432906,100000,89028,0.82295,0.7227469229710572,0.8019066000584085,0.7990632160668554,0.7177988515972502,0.7831816062362403,0.7647818663791167,0.6896521735858383,0.11122126332670448,1.2129372358322144,0.2840848141012514,0.03724152837302415,0.08840362924739718,0.9928602576255798,11,teacherA_member,3,35.333333333333336
teacherA_3,test_w48-51,ge5,all,1.2918790117432906,94668,93780,0.8325410909705497,0.7306194007414485,0.7953918609370869,0.7920238856899126,0.7184199689076496,0.7835424114826206,0.74234378332267,0.6959284203263769,0.10558553628562722,1.0925774574279785,0.26871094430493886,0.03276365118629374,0.08428402598937054,0.895691454410553,11,teacherA_member,3,35.333333333333336
teacherA_3,test_w48-51,ge5,near,1.2918790117432906,94668,10675,0.8325410909705497,0.7306194007414485,0.7059225664169984,0.8594847775175644,0.6485609257012477,0.7166630801156048,0.8260421545667447,0.6442346456379692,0.10558553628562722,1.0925774574279785,0.26871094430493886,0.03276365118629374,0.08428402598937054,0.895691454410553,11,teacherA_member,3,35.333333333333336
teacherA_3,test_w48-51,ge5,far,1.2918790117432906,94668,83105,0.8325410909705497,0.7306194007414485,0.80688436703181,0.7833584020215391,0.7273934998170815,0.7921331925709172,0.7315925636243307,0.7025685869204298,0.10558553628562722,1.0925774574279785,0.26871094430493886,0.03276365118629374,0.08428402598937054,0.895691454410553,11,teacherA_member,3,35.333333333333336
teacherA_4,test_w48-51,all,all,1.2965102575076488,100000,100000,0.81463,0.7244053131683172,0.786963821,0.80455,0.702397066,0.7636297991000001,0.81414,0.6744129414000001,0.12016038089454179,1.262692928314209,0.2975432513718616,0.03835716351479239,0.09661487920179965,1.0280907154083252,11,teacherA_member,4,35.333333333333336
teacherA_4,test_w48-51,all,near,1.2965102575076488,100000,10972,0.81463,0.7244053131683172,0.706659922985782,0.8456069996354356,0.6400563981042654,0.727144038005833,0.8484323733138899,0.6479508813343056,0.12016038089454179,1.262692928314209,0.2975432513718616,0.03835716351479239,0.09661487920179965,1.0280907154083252,11,teacherA_member,4,35.333333333333336
teacherA_4,test_w48-51,all,far,1.2965102575076488,100000,89028,0.81463,0.7244053131683172,0.7968606441231971,0.799490048074763,0.7100800624522622,0.7681263818686257,0.8099137350047176,0.6776741819427596,0.12016038089454179,1.262692928314209,0.2975432513718616,0.03835716351479239,0.09661487920179965,1.0280907154083252,11,teacherA_member,4,35.333333333333336
teacherA_4,test_w48-51,ge5,all,1.2965102575076488,94668,93780,0.823868677905945,0.7326644285097156,0.791749935636151,0.8026124973341864,0.7120327833595523,0.7734388692186155,0.8019193857965451,0.687928886685501,0.11417346091342623,1.1542119979858398,0.282648583983488,0.03392525592420281,0.0922338843322661,0.9408977031707764,11,teacherA_member,4,35.333333333333336
teacherA_4,test_w48-51,ge5,near,1.2965102575076488,94668,10675,0.823868677905945,0.7326644285097156,0.7117609837074895,0.8433723653395785,0.6497715304138441,0.7368977471274194,0.8442154566744731,0.6616005220363852,0.11417346091342623,1.1542119979858398,0.282648583983488,0.03392525592420281,0.0922338843322661,0.9408977031707764,11,teacherA_member,4,35.333333333333336
teacherA_4,test_w48-51,ge5,far,1.2965102575076488,94668,83105,0.823868677905945,0.7326644285097156,0.8020246731590253,0.7973768124661573,0.7200303632307447,0.7781326479121178,0.7964863726610913,0.691310816685252,0.11417346091342623,1.1542119979858398,0.282648583983488,0.03392525592420281,0.0922338843322661,0.9408977031707764,11,teacherA_member,4,35.333333333333336
teacherA,test_w48-51,all,all,1.065888886650108,100000,100000,0.82901,0.7343697699040268,0.811908501,0.73156,0.7286125636999999,0.78440690595,0.78546,0.6953854156,0.08269221680045132,1.0186494588851929,0.2598662439603706,0.032531352097603244,0.07660093223705888,0.9722362756729126,11,teacherA,,35.333333333333336
teacherA,test_w48-51,all,near,1.065888886650108,100000,10972,0.82901,0.7343697699040268,0.7364269048487058,0.8179001093693037,0.6707252378782356,0.7329505741888444,0.8642909223477944,0.6571794121399926,0.08269221680045132,1.0186494588851929,0.2598662439603706,0.032531352097603244,0.07660093223705888,0.9722362756729126,11,teacherA,,35.333333333333336
teacherA,test_w48-51,all,far,1.065888886650108,100000,89028,0.82901,0.7343697699040268,0.8212110133890462,0.720919261355978,0.7357467208069371,0.7907484936761467,0.7757447095295862,0.700094004695152,0.08269221680045132,1.0186494588851929,0.2598662439603706,0.032531352097603244,0.07660093223705888,0.9722362756729126,11,teacherA,,35.333333333333336
teacherA,test_w48-51,ge5,all,1.065888886650108,94668,93780,0.8388579034098111,0.7428045901614398,0.8171514967466014,0.7127532522925997,0.7385255822093213,0.7944309207372143,0.7358072083599915,0.7089721992192031,0.07591230391155268,0.900041401386261,0.2438682423413864,0.02830600701385672,0.07007623015534098,0.8602522611618042,11,teacherA,,35.333333333333336
teacherA,test_w48-51,ge5,near,1.065888886650108,94668,10675,0.8388579034098111,0.7428045901614398,0.7411084357521501,0.8090866510538641,0.6801887775634786,0.7429476640613335,0.8434660421545668,0.6708548904892225,0.07591230391155268,0.900041401386261,0.2438682423413864,0.02830600701385672,0.07007623015534098,0.8602522611618042,11,teacherA,,35.333333333333336
teacherA,test_w48-51,ge5,far,1.065888886650108,94668,83105,0.8388579034098111,0.7428045901614398,0.8269193768514778,0.70037903856567,0.74601905901089,0.8010440458802869,0.7219782203236869,0.7138684421732074,0.07591230391155268,0.900041401386261,0.2438682423413864,0.02830600701385672,0.07007623015534098,0.8602522611618042,11,teacherA,,35.333333333333336
teacherB,test_w48-51,all,all,1.4075419166759908,100000,100000,0.82077,0.7228658805897423,0.79540342835,0.77544,0.7105916635,0.7844548206999999,0.7628,0.6905990734999999,0.12658002883970734,1.35249924659729,0.29858622314757644,0.0372919242864951,0.09925110354870562,1.021196722984314,11,teacherB,,35.333333333333336
teacherB,test_w48-51,all,near,1.4075419166759908,100000,10972,0.82077,0.7228658805897423,0.682903274243529,0.8636529347429821,0.6272989090411958,0.6970326777251185,0.8310244258111557,0.6223944467736054,0.12658002883970734,1.35249924659729,0.29858622314757644,0.0372919242864951,0.09925110354870562,1.021196722984314,11,teacherB,,35.333333333333336
teacherB,test_w48-51,all,far,1.4075419166759908,100000,89028,0.82077,0.7228658805897423,0.8092681865255875,0.7645684503751629,0.7208568396459542,0.7952289114660556,0.7543918767129443,0.6990047567057555,0.12658002883970734,1.35249924659729,0.29858622314757644,0.0372919242864951,0.09925110354870562,1.021196722984314,11,teacherB,,35.333333333333336
teacherB,test_w48-51,ge5,all,1.4075419166759908,94668,93780,0.8299847889466345,0.730231291281617,0.801391570302917,0.7648005971422478,0.7210304217417824,0.7938431032051012,0.7272232885476647,0.7031958103993617,0.12094318911967766,1.2447364330291748,0.28400837535201356,0.03285562953194627,0.09587757772877298,0.9397487044334412,11,teacherB,,35.333333333333336
teacherB,test_w48-51,ge5,near,1.4075419166759908,94668,10675,0.8299847889466345,0.730231291281617,0.6904256215410365,0.8601405152224825,0.6387388322894287,0.7070141930250214,0.8069320843091334,0.635310458568928,0.12094318911967766,1.2447364330291748,0.28400837535201356,0.03285562953194627,0.09587757772877298,0.9397487044334412,11,teacherB,,35.333333333333336
teacherB,test_w48-51,ge5,far,1.4075419166759908,94668,83105,0.8299847889466345,0.730231291281617,0.8156453637333132,0.752553997954395,0.7316009375639817,0.8049964467605111,0.7169845376331148,0.7119158167863404,0.12094318911967766,1.2447364330291748,0.28400837535201356,0.03285562953194627,0.09587757772877298,0.9397487044334412,11,teacherB,,35.333333333333336
student_direct_s0,val,all,all,1.0681671509315234,200000,53779,0.94147,0.9127842958171608,0.8561458012421206,0.7158742259989959,0.8378402730619758,0.8167778585972219,0.7474292939623273,0.7949980938656354,0.0027038113935291593,0.21108689904212952,0.08375904462265496,0.004003043153329766,0.006109876938238768,0.21046382188796997,11,direct,0,1.0
student_direct_s0,val,all,near,1.0681671509315234,200000,10959,0.94147,0.9127842958171608,0.836124650515558,0.7031663472944611,0.8176734692946437,0.7419000239529154,0.7520759193357058,0.7227589118532712,0.0027038113935291593,0.21108689904212952,0.08375904462265496,0.004003043153329766,0.006109876938238768,0.21046382188796997,11,direct,0,1.0
student_direct_s0,val,all,far,1.0681671509315234,200000,42820,0.94147,0.9127842958171608,0.8612698505371321,0.719126576366184,0.8430015996029893,0.8359414781644092,0.7462400747314339,0.8134863982951892,0.0027038113935291593,0.21108689904212952,0.08375904462265496,0.004003043153329766,0.006109876938238768,0.21046382188796997,11,direct,0,1.0
student_direct_s0,val,ge5,all,1.0681671509315234,191366,52270,0.9505450288975053,0.9242945515783266,0.8685029168452125,0.6685479242395256,0.8525580723107142,0.8333923256838945,0.6982973024679549,0.8137062327932347,0.0022944554655554817,0.1752721071243286,0.0713063026249883,0.003030200753237462,0.005692581603619122,0.17474782466888428,11,direct,0,1.0
student_direct_s0,val,ge5,near,1.0681671509315234,191366,10483,0.9505450288975053,0.9242945515783266,0.845553456581144,0.6640274730516074,0.8296693648772484,0.7541477032041384,0.7178288657826958,0.7369261546578699,0.0022944554655554817,0.1752721071243286,0.0713063026249883,0.003030200753237462,0.005692581603619122,0.17474782466888428,11,direct,0,1.0
student_direct_s0,val,ge5,far,1.0681671509315234,191366,41787,0.9505450288975053,0.9242945515783266,0.8742601904458116,0.6696819585038409,0.8583001050009054,0.8532722255918872,0.6933974681120922,0.8329678586360334,0.0022944554655554817,0.1752721071243286,0.0713063026249883,0.003030200753237462,0.005692581603619122,0.17474782466888428,11,direct,0,1.0
student_directTS_s0,val,all,all,,200000,53779,0.94147,0.9127842958171608,0.8561269396046784,0.7152420089626063,0.837858857546626,0.8161445875713569,0.7478383755741088,0.794289422730062,0.006109876938238768,0.21046382188796997,0.08384977470423441,0.003996218217555914,,,11,directTS,0,1.0
student_directTS_s0,val,all,near,,200000,10959,0.94147,0.9127842958171608,0.8359107710557533,0.7030750980928917,0.8174787238799162,0.7409292601970983,0.7519846701341363,0.7217316018797336,0.006109876938238768,0.21046382188796997,0.08384977470423441,0.003996218217555914,,,11,directTS,0,1.0
student_directTS_s0,val,all,far,,200000,42820,0.94147,0.9127842958171608,0.861300900163475,0.7183559084539934,0.8430747819943951,0.8353945822629611,0.7467772069126576,0.8128592769733769,0.006109876938238768,0.21046382188796997,0.08384977470423441,0.003996218217555914,,,11,directTS,0,1.0
student_directTS_s0,val,ge5,all,,191366,52270,0.9505450288975053,0.9242945515783266,0.8687143177496336,0.6672087239334226,0.8527483709144867,0.8327634869219251,0.6993112684140043,0.8130216414890234,0.005692581603619122,0.17474782466888428,0.07138933516447861,0.0030237934985076938,,,11,directTS,0,1.0
student_directTS_s0,val,ge5,near,,191366,10483,0.9505450288975053,0.9242945515783266,0.8455749496371742,0.6606887341409902,0.8296458519714365,0.7531877391880115,0.7187827911857293,0.7359214144801849,0.005692581603619122,0.17474782466888428,0.07138933516447861,0.0030237934985076938,,,11,directTS,0,1.0
student_directTS_s0,val,ge5,far,,191366,41787,0.9505450288975053,0.9242945515783266,0.8745192330563775,0.6688443774379592,0.8585440419624202,0.8527264553928521,0.694426496278747,0.8323635822776336,0.005692581603619122,0.17474782466888428,0.07138933516447861,0.0030237934985076938,,,11,directTS,0,1.0
student_direct_s0,test_w16-19,all,all,1.0681671509315234,100000,100000,0.93332,0.9026677830309817,0.8755930935,0.61798,0.8478631337000001,0.8572523421,0.62863,0.8249540795,0.0035820173421501965,0.27878090739250183,0.09641629854977757,0.0054563057330550445,0.004668161947727188,0.2745927572250366,11,direct,0,3.5
student_direct_s0,test_w16-19,all,near,1.0681671509315234,100000,11980,0.93332,0.9026677830309817,0.8622349403171953,0.654424040066778,0.8365999833055091,0.8748147654424041,0.6175292153589316,0.8416133797996661,0.0035820173421501965,0.27878090739250183,0.09641629854977757,0.0054563057330550445,0.004668161947727188,0.2745927572250366,11,direct,0,3.5
student_direct_s0,test_w16-19,all,far,1.0681671509315234,100000,88020,0.93332,0.9026677830309817,0.8774112106907521,0.6130197682344921,0.8493961096341741,0.8548620009088843,0.6301408770733924,0.8226866582594865,0.0035820173421501965,0.27878090739250183,0.09641629854977757,0.0054563057330550445,0.004668161947727188,0.2745927572250366,11,direct,0,3.5
student_direct_s0,test_w16-19,ge5,all,1.0681671509315234,96085,89545,0.9412395275016913,0.9100586407404823,0.8772816046971412,0.6215980791780669,0.8539403031555461,0.8624299378633175,0.59076442012396,0.8334081457815448,0.002919720525255755,0.2491328865289688,0.08574988753590719,0.004455912578073256,0.003890408183097032,0.2450542449951172,11,direct,0,3.5
student_direct_s0,test_w16-19,ge5,near,1.0681671509315234,96085,11402,0.9412395275016913,0.9100586407404823,0.8693718115255946,0.6345378003858972,0.8468881349637464,0.8855571318760778,0.5855113138045956,0.8553911435178009,0.002919720525255755,0.2491328865289688,0.08574988753590719,0.004455912578073256,0.003890408183097032,0.2450542449951172,11,direct,0,3.5
student_direct_s0,test_w16-19,ge5,far,1.0681671509315234,96085,78143,0.9412395275016913,0.9100586407404823,0.8784357382950574,0.6197100188116658,0.8549692989929584,0.8590554031496067,0.5915309112780416,0.8302005630141979,0.002919720525255755,0.2491328865289688,0.08574988753590719,0.004455912578073256,0.003890408183097032,0.2450542449951172,11,direct,0,3.5
student_directTS_s0,test_w16-19,all,all,,100000,100000,0.93332,0.9026677830309817,0.87616212885,0.61309,0.8483213181000001,0.85666611145,0.63414,0.8243353577,0.004668161947727188,0.2745927572250366,0.09635252457550017,0.005441836899702737,,,11,directTS,0,3.5
student_directTS_s0,test_w16-19,all,near,,100000,11980,0.93332,0.9026677830309817,0.8633345918196995,0.6490818030050084,0.8375535500834724,0.8744108714524207,0.6176126878130217,0.8411179624373957,0.004668161947727188,0.2745927572250366,0.09635252457550017,0.005441836899702737,,,11,directTS,0,3.5
student_directTS_s0,test_w16-19,all,far,,100000,88020,0.93332,0.9026677830309817,0.8779080263008407,0.6081913201545104,0.8497868698023175,0.8542509532492615,0.6363894569416042,0.8220511540558965,0.004668161947727188,0.2745927572250366,0.09635252457550017,0.005441836899702737,,,11,directTS,0,3.5
student_directTS_s0,test_w16-19,ge5,all,,96085,89545,0.9412395275016913,0.9100586407404823,0.8780066098447153,0.6167736892065442,0.8545213499829973,0.8619472363117684,0.5938131665642973,0.8328826823824051,0.003890408183097032,0.2450542449951172,0.08571734707412557,0.004442766344952047,,,11,directTS,0,3.5
student_directTS_s0,test_w16-19,ge5,near,,96085,11402,0.9412395275016913,0.9100586407404823,0.8706210735818612,0.6294509735134187,0.8479581272490699,0.8851698198650104,0.5868268724785125,0.8549223928774329,0.003890408183097032,0.2450542449951172,0.08571734707412557,0.004442766344952047,,,11,directTS,0,3.5
student_directTS_s0,test_w16-19,ge5,far,,96085,78143,0.9412395275016913,0.9100586407404823,0.8790842480780704,0.6149239215284799,0.8554790028196206,0.8585587831211553,0.5948325505803463,0.8296668245440278,0.003890408183097032,0.2450542449951172,0.08571734707412557,0.004442766344952047,,,11,directTS,0,3.5
student_direct_s0,test_w20-23,all,all,1.0681671509315234,100000,100000,0.92014,0.8780096268027032,0.8688818406500001,0.63559,0.8336392520000001,0.86148693105,0.61668,0.8185499317000001,0.010917715938761839,0.3635895252227783,0.11613861372793757,0.007927208740530838,0.005088194577544934,0.3552091717720032,11,direct,0,7.5
student_direct_s0,test_w20-23,all,near,1.0681671509315234,100000,13417,0.92014,0.8780096268027032,0.8522597700678244,0.6525303719162256,0.8190346672132369,0.8789106823432958,0.5989416412014609,0.834798646493255,0.010917715938761839,0.3635895252227783,0.11613861372793757,0.007927208740530838,0.005088194577544934,0.3552091717720032,11,direct,0,7.5
student_direct_s0,test_w20-23,all,far,1.0681671509315234,100000,86583,0.92014,0.8780096268027032,0.8714576155827357,0.6329649007310904,0.8359023950429069,0.8587869267639143,0.6194287562223532,0.8160320124042827,0.010917715938761839,0.3635895252227783,0.11613861372793757,0.007927208740530838,0.005088194577544934,0.3552091717720032,11,direct,0,7.5
student_direct_s0,test_w20-23,ge5,all,1.0681671509315234,95941,89776,0.9273616076547044,0.8849723555748126,0.870495369545392,0.6435016039921583,0.8398099021746811,0.8674934612124268,0.5770695954375334,0.8278804204080075,0.01119097070978833,0.33937543630599976,0.10623589092498253,0.006721992427593503,0.0059758890996226156,0.3307034969329834,11,direct,0,7.5
student_direct_s0,test_w20-23,ge5,near,1.0681671509315234,95941,12762,0.9273616076547044,0.8849723555748126,0.8594217260094851,0.6377527033380348,0.8292135285744531,0.8898545871289566,0.5720890142610876,0.848802861934941,0.01119097070978833,0.33937543630599976,0.10623589092498253,0.006721992427593503,0.0059758890996226156,0.3307034969329834,11,direct,0,7.5
student_direct_s0,test_w20-23,ge5,far,1.0681671509315234,95941,77014,0.9273616076547044,0.8849723555748126,0.8723303844622283,0.6444542550705067,0.8415658286281326,0.863787996115863,0.5778949281948736,0.8244133598895729,0.01119097070978833,0.33937543630599976,0.10623589092498253,0.006721992427593503,0.0059758890996226156,0.3307034969329834,11,direct,0,7.5
student_directTS_s0,test_w20-23,all,all,,100000,100000,0.92014,0.8780096268027032,0.8697165883,0.62674,0.8342394586,0.8609943232999999,0.61812,0.8180147407,0.005088194577544934,0.3552091717720032,0.11574175703136563,0.007912519240402583,,,11,directTS,0,7.5
student_directTS_s0,test_w20-23,all,near,,100000,13417,0.92014,0.8780096268027032,0.8536004125363346,0.6420213162405903,0.8201093754192442,0.8786163937541924,0.5986435119624357,0.8343985130804203,0.005088194577544934,0.3552091717720032,0.11574175703136563,0.007912519240402583,,,11,directTS,0,7.5
student_directTS_s0,test_w20-23,all,far,,100000,86583,0.92014,0.8780096268027032,0.8722139691971864,0.6243719898825405,0.8364290723352159,0.858263587251539,0.6211380987029786,0.8154758927272097,0.005088194577544934,0.3552091717720032,0.11574175703136563,0.007912519240402583,,,11,directTS,0,7.5
student_directTS_s0,test_w20-23,ge5,all,,95941,89776,0.9273616076547044,0.8849723555748126,0.8715018197368488,0.6352031723400463,0.8405601719452904,0.8671085831413562,0.578094368205311,0.827441119179148,0.0059758890996226156,0.3307034969329834,0.10579296334456696,0.006701734549802996,,,11,directTS,0,7.5
student_directTS_s0,test_w20-23,ge5,near,,95941,12762,0.9273616076547044,0.8849723555748126,0.8609062224339767,0.6298385832941545,0.8304120871731293,0.8895720942584665,0.5725591600062686,0.8484279286131621,0.0059758890996226156,0.3307034969329834,0.10579296334456696,0.006701734549802996,,,11,directTS,0,7.5
student_directTS_s0,test_w20-23,ge5,far,,95941,77014,0.9273616076547044,0.8849723555748126,0.873257617549964,0.6360921390915938,0.8422418123984848,0.8633861517798302,0.5790116082790142,0.8239633922464229,0.0059758890996226156,0.3307034969329834,0.10579296334456696,0.006701734549802996,,,11,directTS,0,7.5
student_direct_s0,test_w24-27,all,all,1.0681671509315234,100000,100000,0.9081,0.8427536694872164,0.8574294320999999,0.64984,0.8159474112999999,0.85036740035,0.61305,0.8008393304,0.017906265889406206,0.44451579451560974,0.13387044263058773,0.010282413962389336,0.01157206159040333,0.43196067214012146,11,direct,0,11.5
student_direct_s0,test_w24-27,all,near,1.0681671509315234,100000,12494,0.9081,0.8427536694872164,0.843764618216744,0.6976148551304626,0.8057122498799424,0.8712438466463903,0.625660316952137,0.8211180646710421,0.017906265889406206,0.44451579451560974,0.13387044263058773,0.010282413962389336,0.01157206159040333,0.43196067214012146,11,direct,0,11.5
student_direct_s0,test_w24-27,all,far,1.0681671509315234,100000,87506,0.9081,0.8427536694872164,0.8593804775672524,0.6430187644275821,0.8174087751697026,0.8473866867986195,0.6112495143190181,0.7979439574429181,0.017906265889406206,0.44451579451560974,0.13387044263058773,0.010282413962389336,0.01157206159040333,0.43196067214012146,11,direct,0,11.5
student_direct_s0,test_w24-27,ge5,all,1.0681671509315234,96204,89771,0.9141719679015425,0.8473699811494522,0.8569628905548341,0.6689354023014114,0.8202119240779056,0.8543113120604353,0.5941339630838467,0.8080863864152773,0.018382141330124065,0.41661474108695984,0.12492153789830081,0.00905504632280799,0.0127066168045805,0.4041847288608551,11,direct,0,11.5
student_direct_s0,test_w24-27,ge5,near,1.0681671509315234,96204,11977,0.9141719679015425,0.8473699811494522,0.8504958941077685,0.6887367454287384,0.815111609129756,0.8823686558995811,0.6063287968606496,0.834756994792595,0.018382141330124065,0.41661474108695984,0.12492153789830081,0.00905504632280799,0.0127066168045805,0.4041847288608551,11,direct,0,11.5
student_direct_s0,test_w24-27,ge5,far,1.0681671509315234,96204,77794,0.9141719679015425,0.8473699811494522,0.8579585356745927,0.6658868293184564,0.8209971577994519,0.8499916626380962,0.5922564722215081,0.8039802358569421,0.018382141330124065,0.41661474108695984,0.12492153789830081,0.00905504632280799,0.0127066168045805,0.4041847288608551,11,direct,0,11.5
student_directTS_s0,test_w24-27,all,all,,100000,100000,0.9081,0.8427536694872164,0.85834596185,0.6387,0.8165940795,0.8498573811000001,0.61758,0.8002912409999999,0.01157206159040333,0.43196067214012146,0.13317920117791096,0.0102549760694003,,,11,directTS,0,11.5
student_directTS_s0,test_w24-27,all,near,,100000,12494,0.9081,0.8427536694872164,0.8451688318392829,0.6881703217544421,0.8068359228429647,0.8709185973267168,0.6266207779734272,0.8206722947014566,0.01157206159040333,0.43196067214012146,0.13317920117791096,0.0102549760694003,,,11,directTS,0,11.5
student_directTS_s0,test_w24-27,all,far,,100000,87506,0.9081,0.8427536694872164,0.8602273764084749,0.6316366877699815,0.8179873372111628,0.8468502863232237,0.6162891687427148,0.7973812589993828,0.01157206159040333,0.43196067214012146,0.13317920117791096,0.0102549760694003,,,11,directTS,0,11.5
student_directTS_s0,test_w24-27,ge5,all,,96204,89771,0.9141719679015425,0.8473699811494522,0.8580534498295306,0.6595225629657685,0.8210152796207347,0.8539071086210797,0.5953258847512003,0.8076225990968132,0.0127066168045805,0.4041847288608551,0.12418831116109838,0.009019818423180491,,,11,directTS,0,11.5
student_directTS_s0,test_w24-27,ge5,near,,96204,11977,0.9141719679015425,0.8473699811494522,0.8520752585720971,0.6789680220422476,0.8163810060922037,0.8820678106663261,0.6049094097019287,0.8343394498721609,0.0127066168045805,0.4041847288608551,0.12418831116109838,0.009019818423180491,,,11,directTS,0,11.5
student_directTS_s0,test_w24-27,ge5,far,,96204,77794,0.9141719679015425,0.8473699811494522,0.8589738395342672,0.6565287811399336,0.8217287625892313,0.8495715463875411,0.5938504254826851,0.803509329156505,0.0127066168045805,0.4041847288608551,0.12418831116109838,0.009019818423180491,,,11,directTS,0,11.5
student_direct_s0,test_w28-31,all,all,1.0681671509315234,100000,100000,0.88078,0.7711530383635069,0.8392626604500001,0.67887,0.7828812453,0.8387195155999999,0.63909,0.7717350432,0.03215003563970331,0.6369419693946838,0.1746586119983533,0.01720283415137261,0.02472647683061656,0.615301251411438,11,direct,0,15.5
student_direct_s0,test_w28-31,all,near,1.0681671509315234,100000,15990,0.88078,0.7711530383635069,0.8325597851782364,0.7035647279549718,0.7786663908692933,0.856861515009381,0.6590368980612883,0.79030817260788,0.03215003563970331,0.6369419693946838,0.1746586119983533,0.01720283415137261,0.02472647683061656,0.615301251411438,11,direct,0,15.5
student_direct_s0,test_w28-31,all,far,1.0681671509315234,100000,84010,0.88078,0.7711530383635069,0.8405384487561003,0.674169741697417,0.7836834774431615,0.8352664675038686,0.6352934174503035,0.7681999361980717,0.03215003563970331,0.6369419693946838,0.1746586119983533,0.01720283415137261,0.02472647683061656,0.615301251411438,11,direct,0,15.5
student_direct_s0,test_w28-31,ge5,all,1.0681671509315234,95576,94669,0.8872729555536955,0.7764856769764126,0.844936506429631,0.6747404113278898,0.7916229016752853,0.8487660605852549,0.5894749073086226,0.7835964915271351,0.032571145680325236,0.6043603420257568,0.16554662621339916,0.015563808393522347,0.025939763387295783,0.5829773545265198,11,direct,0,15.5
student_direct_s0,test_w28-31,ge5,near,1.0681671509315234,95576,15420,0.8872729555536955,0.7764856769764126,0.8398719150388274,0.6963683527885862,0.7885991327672142,0.8700052050441764,0.6124513618677043,0.8050352212218752,0.032571145680325236,0.6043603420257568,0.16554662621339916,0.015563808393522347,0.025939763387295783,0.5829773545265198,11,direct,0,15.5
student_direct_s0,test_w28-31,ge5,far,1.0681671509315234,95576,79249,0.8872729555536955,0.7764856769764126,0.8459219573406356,0.6705321202791202,0.7922112563114632,0.8446334203304053,0.5850042271826774,0.7794250166581415,0.032571145680325236,0.6043603420257568,0.16554662621339916,0.015563808393522347,0.025939763387295783,0.5829773545265198,11,direct,0,15.5
student_directTS_s0,test_w28-31,all,all,,100000,100000,0.88078,0.7711530383635069,0.84043410875,0.67047,0.7836763443000001,0.8382248416,0.64206,0.7711894674,0.02472647683061656,0.615301251411438,0.17340651525710207,0.0171654974773622,,,11,directTS,0,15.5
student_directTS_s0,test_w28-31,all,near,,100000,15990,0.88078,0.7711530383635069,0.8340891813633522,0.6983114446529081,0.7798153339587242,0.8564558308317698,0.6614133833646029,0.7897837373358348,0.02472647683061656,0.615301251411438,0.17340651525710207,0.0171654974773622,,,11,directTS,0,15.5
student_directTS_s0,test_w28-31,all,far,,100000,84010,0.88078,0.7711530383635069,0.8416417672300918,0.6651708129984526,0.7844112277109867,0.8347548556719439,0.6383763837638377,0.7676503366265922,0.02472647683061656,0.615301251411438,0.17340651525710207,0.0171654974773622,,,11,directTS,0,15.5
student_directTS_s0,test_w28-31,ge5,all,,95576,94669,0.8872729555536955,0.7764856769764126,0.846331861404231,0.6631104162925562,0.7925783254612861,0.8483418767631241,0.5915135894537811,0.783114786026358,0.025939763387295783,0.5829773545265198,0.16426939164653465,0.015515435935021422,,,11,directTS,0,15.5
student_directTS_s0,test_w28-31,ge5,near,,95576,15420,0.8872729555536955,0.7764856769764126,0.8416462969636647,0.6874189364461738,0.7899226990109907,0.8696463992447403,0.612905317769131,0.8045557825814555,0.025939763387295783,0.5829773545265198,0.16426939164653465,0.015515435935021422,,,11,directTS,0,15.5
student_directTS_s0,test_w28-31,ge5,far,,95576,79249,0.8872729555536955,0.7764856769764126,0.8472435625446053,0.6583805473886106,0.7930950481942363,0.844196515475707,0.587351259952807,0.7789428700794111,0.025939763387295783,0.5829773545265198,0.16426939164653465,0.015515435935021422,,,11,directTS,0,15.5
student_direct_s0,test_w32-35,all,all,1.0681671509315234,100000,100000,0.85064,0.7323467887129941,0.8192038488,0.72683,0.7474128220999999,0.8237556485,0.68956,0.7391463028,0.051457073227986656,0.8334737420082092,0.22110746474677165,0.025748625324525466,0.04323172717645768,0.8014687299728394,11,direct,0,19.5
student_direct_s0,test_w32-35,all,near,1.0681671509315234,100000,16559,0.85064,0.7323467887129941,0.8053508403285223,0.7600700525394045,0.7388279298266803,0.8404174959236669,0.708859230629869,0.755630092396884,0.051457073227986656,0.8334737420082092,0.22110746474677165,0.025748625324525466,0.04323172717645768,0.8014687299728394,11,direct,0,19.5
student_direct_s0,test_w32-35,all,far,1.0681671509315234,100000,83441,0.85064,0.7323467887129941,0.8219530005033497,0.7202334583717837,0.7491165077120362,0.8204490782109515,0.6857300367924641,0.7358750683716638,0.051457073227986656,0.8334737420082092,0.22110746474677165,0.025748625324525466,0.04323172717645768,0.8014687299728394,11,direct,0,19.5
student_direct_s0,test_w32-35,ge5,all,1.0681671509315234,95262,94615,0.8579811467321702,0.7361475299141483,0.8237812327443285,0.7223378956825027,0.7564486938467975,0.8332010322493026,0.6546742059927073,0.7518979193496648,0.0500122816195221,0.7836307883262634,0.20964826360694871,0.023319796775944018,0.04251415976145351,0.7531325817108154,11,direct,0,19.5
student_direct_s0,test_w32-35,ge5,near,1.0681671509315234,95262,16006,0.8579811467321702,0.7361475299141483,0.8120938267011537,0.7554666999875047,0.7493798599223093,0.8528356673646975,0.6739347744595776,0.7710920011407512,0.0500122816195221,0.7836307883262634,0.20964826360694871,0.023319796775944018,0.04251415976145351,0.7531325817108154,11,direct,0,19.5
student_direct_s0,test_w32-35,ge5,far,1.0681671509315234,95262,78609,0.8579811467321702,0.7361475299141483,0.8261609681579205,0.7155923621977127,0.7578880170260183,0.82920311891041,0.6507524583699068,0.7479897094354295,0.0500122816195221,0.7836307883262634,0.20964826360694871,0.023319796775944018,0.04251415976145351,0.7531325817108154,11,direct,0,19.5
student_directTS_s0,test_w32-35,all,all,,100000,100000,0.85064,0.7323467887129941,0.82049421585,0.72205,0.7482488981,0.82331401055,0.6915,0.7386469565,0.04323172717645768,0.8014687299728394,0.2189705243100362,0.02570573852820205,,,11,directTS,0,19.5
student_directTS_s0,test_w32-35,all,near,,100000,16559,0.85064,0.7323467887129941,0.807068561809288,0.7550576725647684,0.7400403176520323,0.8402092481430038,0.7104293737544538,0.7552610525997947,0.04323172717645768,0.8014687299728394,0.2189705243100362,0.02570573852820205,,,11,directTS,0,19.5
student_directTS_s0,test_w32-35,all,far,,100000,83441,0.85064,0.7323467887129941,0.8231585583825697,0.7154995745496818,0.7498779040279957,0.819961123608298,0.6877434354813581,0.7353498625376014,0.04323172717645768,0.8014687299728394,0.2189705243100362,0.02570573852820205,,,11,directTS,0,19.5
student_directTS_s0,test_w32-35,ge5,all,,95262,94615,0.8579811467321702,0.7361475299141483,0.8252810082189849,0.7179305606933362,0.7574564231505725,0.8328374996123609,0.6548750198171537,0.7514712620058435,0.04251415976145351,0.7531325817108154,0.207542257178174,0.023249247438208658,,,11,directTS,0,19.5
student_directTS_s0,test_w32-35,ge5,near,,95262,16006,0.8579811467321702,0.7361475299141483,0.8140586159019282,0.7506560039985005,0.7508003253897254,0.8526855880316112,0.6691865550418593,0.7707755999564239,0.04251415976145351,0.7531325817108154,0.207542257178174,0.023249247438208658,,,11,directTS,0,19.5
student_directTS_s0,test_w32-35,ge5,far,,95262,78609,0.8579811467321702,0.7361475299141483,0.8275660596943478,0.7112671577045885,0.758811706906378,0.8287961239017103,0.6519609713900444,0.7475406022437681,0.04251415976145351,0.7531325817108154,0.207542257178174,0.023249247438208658,,,11,directTS,0,19.5
student_direct_s0,test_w36-39,all,all,1.0681671509315234,100000,100000,0.83084,0.71758692419456,0.81592138315,0.73172,0.7309116441,0.81839813205,0.72545,0.7225881431,0.06341091937005518,0.9023689031600952,0.2495492400894468,0.03223331248506286,0.05464443051308393,0.8672083616256714,11,direct,0,23.5
student_direct_s0,test_w36-39,all,near,1.0681671509315234,100000,12548,0.83084,0.71758692419456,0.7942456072680906,0.763946445648709,0.7160434467644246,0.8361332415524386,0.7045744341727765,0.7375641743704177,0.06341091937005518,0.9023689031600952,0.2495492400894468,0.03223331248506286,0.05464443051308393,0.8672083616256714,11,direct,0,23.5
student_direct_s0,test_w36-39,all,far,1.0681671509315234,100000,87452,0.83084,0.71758692419456,0.8190315194049307,0.7270960069523853,0.7330449988565155,0.815853420047569,0.728445318574761,0.720439315853268,0.06341091937005518,0.9023689031600952,0.2495492400894468,0.03223331248506286,0.05464443051308393,0.8672083616256714,11,direct,0,23.5
student_direct_s0,test_w36-39,ge5,all,1.0681671509315234,95184,91735,0.8407820642124727,0.721908089382548,0.8167065080871313,0.7323595138169728,0.7392325926971619,0.8259794163619083,0.7006922112606966,0.7357916778225645,0.059370786208514784,0.8431467413902283,0.2340738799347147,0.028929142100156836,0.05136392879833501,0.8101029396057129,11,direct,0,23.5
student_direct_s0,test_w36-39,ge5,near,1.0681671509315234,95184,12085,0.8407820642124727,0.721908089382548,0.7991142426283316,0.7651634257343815,0.7270645499502634,0.8466947048637735,0.6839884153909805,0.7536292366650108,0.059370786208514784,0.8431467413902283,0.2340738799347147,0.028929142100156836,0.05136392879833501,0.8101029396057129,11,direct,0,23.5
student_direct_s0,test_w36-39,ge5,far,1.0681671509315234,95184,79650,0.8407820642124727,0.721908089382548,0.8193757174790912,0.7273822975517891,0.741078804832708,0.8228363622307716,0.7032266164469554,0.7330852509724582,0.059370786208514784,0.8431467413902283,0.2340738799347147,0.028929142100156836,0.05136392879833501,0.8101029396057129,11,direct,0,23.5
student_directTS_s0,test_w36-39,all,all,,100000,100000,0.83084,0.71758692419456,0.8172266780499999,0.72926,0.7317316612,0.81789893955,0.72728,0.7220566515999999,0.05464443051308393,0.8672083616256714,0.24672089736923875,0.03218303872548497,,,11,directTS,0,23.5
student_directTS_s0,test_w36-39,all,near,,100000,12548,0.83084,0.71758692419456,0.7962779745776218,0.759802358941664,0.717392320688556,0.8359818058654765,0.7071246413771118,0.7372482706407395,0.05464443051308393,0.8672083616256714,0.24672089736923875,0.03218303872548497,,,11,directTS,0,23.5
student_directTS_s0,test_w36-39,all,far,,100000,87452,0.83084,0.71758692419456,0.8202324907377763,0.7248776471664455,0.7337891332388053,0.8153043298609522,0.7301719800576316,0.7198768908658465,0.05464443051308393,0.8672083616256714,0.24672089736923875,0.03218303872548497,,,11,directTS,0,23.5
student_directTS_s0,test_w36-39,ge5,all,,95184,91735,0.8407820642124727,0.721908089382548,0.8181798900462988,0.7334605112552461,0.7402031523687981,0.8256014840122436,0.707319997819807,0.735363491308542,0.05136392879833501,0.8101029396057129,0.23146752639166174,0.02885046970792251,,,11,directTS,0,23.5
student_directTS_s0,test_w36-39,ge5,near,,95184,12085,0.8407820642124727,0.721908089382548,0.8013349007349952,0.7602813405047579,0.7285796191152586,0.8466055345418821,0.6855606123293339,0.7533721582075417,0.05136392879833501,0.8101029396057129,0.23146752639166174,0.02885046970792251,,,11,directTS,0,23.5
student_directTS_s0,test_w36-39,ge5,far,,95184,79650,0.8407820642124727,0.721908089382548,0.8207357179913972,0.7293910860012555,0.7419667480922008,0.8224146170863091,0.7106214689265536,0.7326311028656743,0.05136392879833501,0.8101029396057129,0.23146752639166174,0.02885046970792251,,,11,directTS,0,23.5
student_direct_s0,test_w40-43,all,all,1.0681671509315234,100000,100000,0.82658,0.7177778782540909,0.8089613837,0.74875,0.7225510328,0.8127768594000001,0.74104,0.7149458602,0.06574791497841478,0.9599425792694092,0.25728991585972716,0.03435842742867114,0.05712783295854924,0.921392560005188,11,direct,0,27.5
student_direct_s0,test_w40-43,all,near,1.0681671509315234,100000,10904,0.82658,0.7177778782540909,0.7815098454695524,0.7896184886280264,0.7043509574468085,0.8280844891782833,0.7348679383712399,0.728505538334556,0.06574791497841478,0.9599425792694092,0.25728991585972716,0.03435842742867114,0.05712783295854924,0.921392560005188,11,direct,0,27.5
student_direct_s0,test_w40-43,all,far,1.0681671509315234,100000,89096,0.82658,0.7177778782540909,0.8123210359050911,0.743748316422735,0.724778446170423,0.8109034375280597,0.7417953667953668,0.7132863611160996,0.06574791497841478,0.9599425792694092,0.25728991585972716,0.03435842742867114,0.05712783295854924,0.921392560005188,11,direct,0,27.5
student_direct_s0,test_w40-43,ge5,all,1.0681671509315234,95288,93977,0.8355511711862984,0.7236921038233457,0.8134585082256381,0.7319024867786799,0.7321968038314307,0.8234732239710714,0.7107696564052907,0.7295144864813993,0.063221950679467,0.9031639695167542,0.2437453931085526,0.03121471325125231,0.055379767414992745,0.8664937019348145,11,direct,0,27.5
student_direct_s0,test_w40-43,ge5,near,1.0681671509315234,95288,10557,0.8355511711862984,0.7236921038233457,0.7875023787336515,0.7860187553282183,0.7151553682772755,0.8403937421616308,0.7074926588993086,0.7449450672275122,0.063221950679467,0.9031639695167542,0.2437453931085526,0.03121471325125231,0.055379767414992745,0.8664937019348145,11,direct,0,27.5
student_direct_s0,test_w40-43,ge5,far,1.0681671509315234,95288,83420,0.8355511711862984,0.7236921038233457,0.8167433183316903,0.7250539438983458,0.7343534381534783,0.8213318920298375,0.7111843682570127,0.7275617096780344,0.063221950679467,0.9031639695167542,0.2437453931085526,0.03121471325125231,0.055379767414992745,0.8664937019348145,11,direct,0,27.5
student_directTS_s0,test_w40-43,all,all,,100000,100000,0.82658,0.7177778782540909,0.8102917866499999,0.74796,0.7233979439,0.81226619055,0.74336,0.7143868261,0.05712783295854924,0.921392560005188,0.25452002939154955,0.03432538341981154,,,11,directTS,0,27.5
student_directTS_s0,test_w40-43,all,near,,100000,10904,0.82658,0.7177778782540909,0.7836618882978723,0.7872340425531915,0.7058274339691857,0.8279575591526045,0.7366104181951577,0.7281663178650037,0.05712783295854924,0.921392560005188,0.25452002939154955,0.03432538341981154,,,11,directTS,0,27.5
student_directTS_s0,test_w40-43,all,far,,100000,89096,0.82658,0.7177778782540909,0.8135508825873216,0.743153452455778,0.7255483080048487,0.8103458048621711,0.7441860465116279,0.7127004251593785,0.05712783295854924,0.921392560005188,0.25452002939154955,0.03432538341981154,,,11,directTS,0,27.5
student_directTS_s0,test_w40-43,ge5,all,,95288,93977,0.8355511711862984,0.7236921038233457,0.8149825268531314,0.7370633240048097,0.7332018353474429,0.8230587329511859,0.7149196079891889,0.7290481569689258,0.055379767414992745,0.8664937019348145,0.24108914482224658,0.031146622917115202,,,11,directTS,0,27.5
student_directTS_s0,test_w40-43,ge5,near,,95288,10557,0.8355511711862984,0.7236921038233457,0.7898761091813635,0.7824192478923937,0.7168129367673687,0.8403172054694718,0.7075873827791986,0.744660619233646,0.055379767414992745,0.8664937019348145,0.24108914482224658,0.031146622917115202,,,11,directTS,0,27.5
student_directTS_s0,test_w40-43,ge5,far,,95288,83420,0.8355511711862984,0.7236921038233457,0.8181598039013316,0.731323423639415,0.7352758895587812,0.8208746320835818,0.7158475185806761,0.7270723626254989,0.055379767414992745,0.8664937019348145,0.24108914482224658,0.031146622917115202,,,11,directTS,0,27.5
student_direct_s0,test_w44-47,all,all,1.0681671509315234,100000,100000,0.80318,0.6921714566774452,0.7969592327,0.76895,0.6984688514999999,0.7942514708999999,0.77773,0.6878994318,0.07716089074268936,1.1677792072296143,0.29176138305089233,0.04399560355147933,0.0677694950283319,1.1189924478530884,11,direct,0,31.5
student_direct_s0,test_w44-47,all,near,1.0681671509315234,100000,10628,0.80318,0.6921714566774452,0.7633587010726383,0.815205118554761,0.6773504544599172,0.8116339386526157,0.7858487015430937,0.7041904441098984,0.07716089074268936,1.1677792072296143,0.29176138305089233,0.04399560355147933,0.0677694950283319,1.1189924478530884,11,direct,0,31.5
student_direct_s0,test_w44-47,all,far,1.0681671509315234,100000,89372,0.80318,0.6921714566774452,0.8009549634673053,0.7634494024974264,0.700980223336168,0.7921843708320279,0.7767645347536141,0.6859621261692702,0.07716089074268936,1.1677792072296143,0.29176138305089233,0.04399560355147933,0.0677694950283319,1.1189924478530884,11,direct,0,31.5
student_direct_s0,test_w44-47,ge5,all,1.0681671509315234,94936,92436,0.8118521951630572,0.6980559547222217,0.8000094967421914,0.7575619888355186,0.707108619529724,0.802356024448718,0.7665628110260072,0.7006563624991783,0.07476296390277998,1.1118507385253906,0.27845424157048027,0.040155154351075306,0.06616824608460338,1.064826488494873,11,direct,0,31.5
student_direct_s0,test_w44-47,ge5,near,1.0681671509315234,94936,10310,0.8118521951630572,0.6980559547222217,0.7700152063236925,0.8064015518913676,0.6886340530844732,0.8250917494920463,0.7741028128031038,0.7212479189615065,0.07476296390277998,1.1118507385253906,0.27845424157048027,0.040155154351075306,0.06616824608460338,1.064826488494873,11,direct,0,31.5
student_direct_s0,test_w44-47,ge5,far,1.0681671509315234,94936,82126,0.8118521951630572,0.6980559547222217,0.8037749441548833,0.7514307283929572,0.7094278945467777,0.7995018086681281,0.7656162482039792,0.6980713230825916,0.07476296390277998,1.1118507385253906,0.27845424157048027,0.040155154351075306,0.06616824608460338,1.064826488494873,11,direct,0,31.5
student_directTS_s0,test_w44-47,all,all,,100000,100000,0.80318,0.6921714566774452,0.7982754077500002,0.76415,0.6992443644,0.7936178413,0.78021,0.6873116195000001,0.0677694950283319,1.1189924478530884,0.28866539344134207,0.043938135683057364,,,11,directTS,0,31.5
student_directTS_s0,test_w44-47,all,near,,100000,10628,0.80318,0.6921714566774452,0.7656525860933384,0.8102182913059842,0.6788682978923598,0.81149176044411,0.7875423409860746,0.7038579968009032,0.0677694950283319,1.1189924478530884,0.28866539344134207,0.043938135683057364,,,11,directTS,0,31.5
student_directTS_s0,test_w44-47,all,far,,100000,89372,0.80318,0.6921714566774452,0.802154870541109,0.7586716197466769,0.7016674592713601,0.7914922984827463,0.7793380477106924,0.68534394620239,0.0677694950283319,1.1189924478530884,0.28866539344134207,0.043938135683057364,,,11,directTS,0,31.5
student_directTS_s0,test_w44-47,ge5,all,,94936,92436,0.8118521951630572,0.6980559547222217,0.8014718513670214,0.7546626855337747,0.7080198173267424,0.8018142418402217,0.7709983123458393,0.7001587406016522,0.06616824608460338,1.064826488494873,0.2754429323241934,0.0400586511679762,,,11,directTS,0,31.5
student_directTS_s0,test_w44-47,ge5,near,,94936,10310,0.8118521951630572,0.6980559547222217,0.7725507324266521,0.8011639185257032,0.6903403279003133,0.8250140872891488,0.773423860329777,0.7209835722091853,0.06616824608460338,1.064826488494873,0.2754429323241934,0.0400586511679762,,,11,directTS,0,31.5
student_directTS_s0,test_w44-47,ge5,far,,94936,82126,0.8118521951630572,0.6980559547222217,0.8051025741134745,0.7488249762559969,0.7102392793239964,0.7989017609379685,0.7706938119474953,0.6975444161018145,0.06616824608460338,1.064826488494873,0.2754429323241934,0.0400586511679762,,,11,directTS,0,31.5
student_direct_s0,test_w48-51,all,all,1.0681671509315234,100000,100000,0.79338,0.6758379537480644,0.797853462,0.77859,0.6935356638,0.7944856651,0.78006,0.6823186441,0.08585443711668253,1.2865197658538818,0.3072708918175303,0.04657846412854898,0.07658175504945217,1.2341995239257812,11,direct,0,35.333333333333336
student_direct_s0,test_w48-51,all,near,1.0681671509315234,100000,10972,0.79338,0.6758379537480644,0.7541525847612104,0.8266496536638717,0.6647947703244622,0.8008507674079476,0.8034998177178272,0.6903898049580751,0.08585443711668253,1.2865197658538818,0.3072708918175303,0.04657846412854898,0.07658175504945217,1.2341995239257812,11,direct,0,35.333333333333336
student_direct_s0,test_w48-51,all,far,1.0681671509315234,100000,89028,0.79338,0.6758379537480644,0.8032392510221503,0.7726670261041471,0.6970777526171541,0.7937012163588983,0.7771712270296985,0.6813239370759762,0.08585443711668253,1.2865197658538818,0.3072708918175303,0.04657846412854898,0.07658175504945217,1.2341995239257812,11,direct,0,35.333333333333336
student_direct_s0,test_w48-51,ge5,all,1.0681671509315234,94668,93780,0.8030696750749989,0.6823756128065428,0.801855103497907,0.7707400298571124,0.704732997799685,0.8048526491494271,0.7664000853060354,0.698161105509377,0.08234269740844238,1.2116390466690063,0.2904697849258027,0.041598321625096746,0.07384597310384687,1.162534475326538,11,direct,0,35.333333333333336
student_direct_s0,test_w48-51,ge5,near,1.0681671509315234,94668,10675,0.8030696750749989,0.6823756128065428,0.7611566807763732,0.8195784543325527,0.6779057856723791,0.8148602576003563,0.7917564402810304,0.709237215941841,0.08234269740844238,1.2116390466690063,0.2904697849258027,0.041598321625096746,0.07384597310384687,1.162534475326538,11,direct,0,35.333333333333336
student_direct_s0,test_w48-51,ge5,far,1.0681671509315234,94668,83105,0.8030696750749989,0.6823756128065428,0.8070828955988921,0.7644666385897358,0.7081790057349354,0.803567152245346,0.7631430118524758,0.6967383574332497,0.08234269740844238,1.2116390466690063,0.2904697849258027,0.041598321625096746,0.07384597310384687,1.162534475326538,11,direct,0,35.333333333333336
student_directTS_s0,test_w48-51,all,all,,100000,100000,0.79338,0.6758379537480644,0.7991515449000001,0.7721,0.6942847818999999,0.79387832045,0.78384,0.6817702194999999,0.07658175504945217,1.2341995239257812,0.30370606391242744,0.046517354485506306,,,11,directTS,0,35.333333333333336
student_directTS_s0,test_w48-51,all,near,,100000,10972,0.79338,0.6758379537480644,0.7561732409770324,0.8197229310973386,0.6661376421800947,0.8007867038826102,0.8106999635435654,0.6901292963908129,0.07658175504945217,1.2341995239257812,0.30370606391242744,0.046517354485506306,,,11,directTS,0,35.333333333333336
student_directTS_s0,test_w48-51,all,far,,100000,89028,0.79338,0.6758379537480644,0.8044482824504651,0.7662308487217505,0.6977536952419463,0.7930269165880398,0.7805297209866559,0.680740029091971,0.07658175504945217,1.2341995239257812,0.30370606391242744,0.046517354485506306,,,11,directTS,0,35.333333333333336
student_directTS_s0,test_w48-51,ge5,all,,94668,93780,0.8030696750749989,0.6823756128065428,0.803325619425958,0.7658775858391981,0.7056385272722362,0.804351981937969,0.7727127319257837,0.6977078224673885,0.07384597310384687,1.162534475326538,0.2870251441806185,0.04150126252279866,,,11,directTS,0,35.333333333333336
student_directTS_s0,test_w48-51,ge5,near,,94668,10675,0.8030696750749989,0.6823756128065428,0.7634374976807894,0.8171428571428572,0.6794516925859176,0.8148599943854073,0.7926932084309134,0.7090431889223316,0.07384597310384687,1.162534475326538,0.2870251441806185,0.04150126252279866,,,11,directTS,0,35.333333333333336
student_directTS_s0,test_w48-51,ge5,far,,94668,83105,0.8030696750749989,0.6823756128065428,0.8084493267796633,0.7592924613440828,0.7090022774710985,0.8030022071605619,0.7701462005896156,0.6962517724474555,0.07384597310384687,1.162534475326538,0.2870251441806185,0.04150126252279866,,,11,directTS,0,35.333333333333336
student_ls_s0,val,all,all,0.7371149822852291,200000,53779,0.937225,0.9075128113715514,0.8569512154837391,0.6313988731661058,0.8321589663251454,0.8169077410792317,0.645289053347961,0.7888849765707805,0.05992231725201014,0.27839961647987366,0.09578049927753558,0.005103368956344133,0.006292462623715368,0.23446588218212128,11,ls,0,1.0
student_ls_s0,val,all,near,0.7371149822852291,200000,10959,0.937225,0.9075128113715514,0.8430828823341545,0.7135687562733826,0.8218898270827629,0.8209387069988138,0.7466922164431061,0.7964808367551783,0.05992231725201014,0.27839961647987366,0.09578049927753558,0.005103368956344133,0.006292462623715368,0.23446588218212128,11,ls,0,1.0
student_ls_s0,val,all,far,0.7371149822852291,200000,42820,0.937225,0.9075128113715514,0.8605005630546474,0.6103689864549277,0.8347871656936011,0.8158760886851939,0.6193367585240542,0.7869409543437644,0.05992231725201014,0.27839961647987366,0.09578049927753558,0.005103368956344133,0.006292462623715368,0.23446588218212128,11,ls,0,1.0
student_ls_s0,val,ge5,all,0.7371149822852291,191366,52270,0.9469080191883615,0.9184416315180468,0.8653034055756154,0.5917352209680505,0.8441023883387527,0.8242866982499633,0.608762196288502,0.8000093115851084,0.06050596302736013,0.24140281975269318,0.08296843153949329,0.003995765188003239,0.004373710859445165,0.19484582543373108,11,ls,0,1.0
student_ls_s0,val,ge5,near,0.7371149822852291,191366,10483,0.9469080191883615,0.9184416315180468,0.8506788882107549,0.674329867404369,0.8326059313582724,0.8321603862436909,0.714871697033292,0.8106447696579608,0.06050596302736013,0.24140281975269318,0.08296843153949329,0.003995765188003239,0.004373710859445165,0.19484582543373108,11,ls,0,1.0
student_ls_s0,val,ge5,far,0.7371149822852291,191366,41787,0.9469080191883615,0.9184416315180468,0.8689722216077744,0.5710149089429727,0.8469864756990891,0.8223114458691211,0.5821427716754014,0.797341220863647,0.06050596302736013,0.24140281975269318,0.08296843153949329,0.003995765188003239,0.004373710859445165,0.19484582543373108,11,ls,0,1.0
student_ls_s0,test_w16-19,all,all,0.7371149822852291,100000,100000,0.92874,0.8964196093243539,0.8688451506500001,0.57957,0.8365512392000002,0.85164710085,0.60701,0.8160712451,0.06116773452073339,0.3123684525489807,0.10878051659917519,0.006881403375767004,0.006189662540331508,0.27008485794067383,11,ls,0,3.5
student_ls_s0,test_w16-19,all,near,0.7371149822852291,100000,11980,0.92874,0.8964196093243539,0.8256352508347246,0.609432387312187,0.7963681869782971,0.8144125813856428,0.6762103505843072,0.7819713864774624,0.06116773452073339,0.3123684525489807,0.10878051659917519,0.006881403375767004,0.006189662540331508,0.27008485794067383,11,ls,0,3.5
student_ls_s0,test_w16-19,all,far,0.7371149822852291,100000,88020,0.92874,0.8964196093243539,0.8747262526698477,0.5755055669166098,0.8420203708248126,0.8567149211542832,0.597591456487162,0.8207124210406724,0.06116773452073339,0.3123684525489807,0.10878051659917519,0.006881403375767004,0.006189662540331508,0.27008485794067383,11,ls,0,3.5
student_ls_s0,test_w16-19,ge5,all,0.7371149822852291,96085,89545,0.9370869542592496,0.9047176692865412,0.8690687005222,0.5738008822379809,0.8414925715367677,0.8532150068619939,0.5912222904684795,0.8218783213033142,0.06215348438249638,0.2818543314933777,0.09786624572659383,0.0057564038166046045,0.0041644980898817175,0.2370646595954895,11,ls,0,3.5
student_ls_s0,test_w16-19,ge5,near,0.7371149822852291,96085,11402,0.9370869542592496,0.9047176692865412,0.8274538116388335,0.5947202245220137,0.8021505170724514,0.8167854269606871,0.66155060515699,0.7883683135648191,0.06215348438249638,0.2818543314933777,0.09786624572659383,0.0057564038166046045,0.0041644980898817175,0.2370646595954895,11,ls,0,3.5
student_ls_s0,test_w16-19,ge5,far,0.7371149822852291,96085,78143,0.9370869542592496,0.9047176692865412,0.8751408114348619,0.5707484995457047,0.8472330486748626,0.8585305190644268,0.5809605466900426,0.8267678329452314,0.06215348438249638,0.2818543314933777,0.09786624572659383,0.0057564038166046045,0.0041644980898817175,0.2370646595954895,11,ls,0,3.5
student_ls_s0,test_w20-23,all,all,0.7371149822852291,100000,100000,0.91151,0.8646743646911536,0.85494770165,0.63426,0.8134102096000001,0.8472193383,0.6153,0.8006162996,0.06200629063323142,0.37522000074386597,0.13445419221536872,0.010462348699360543,0.008122861669138056,0.3343910574913025,11,ls,0,7.5
student_ls_s0,test_w20-23,all,near,0.7371149822852291,100000,13417,0.91151,0.8646743646911536,0.8036877099947828,0.6979950808675561,0.7676260930163226,0.8007395803830961,0.6959827085041366,0.7592935149437281,0.06200629063323142,0.37522000074386597,0.13445419221536872,0.010462348699360543,0.008122861669138056,0.3343910574913025,11,ls,0,7.5
student_ls_s0,test_w20-23,all,far,0.7371149822852291,100000,86583,0.91151,0.8646743646911536,0.8628910081655752,0.624383539493896,0.8205049682963167,0.8544218943672546,0.6027973158703209,0.807019725234746,0.06200629063323142,0.37522000074386597,0.13445419221536872,0.010462348699360543,0.008122861669138056,0.3343910574913025,11,ls,0,7.5
student_ls_s0,test_w20-23,ge5,all,0.7371149822852291,95941,89776,0.9195026109796646,0.8719675874239102,0.8538645085949211,0.638366601318838,0.8173149774503022,0.8480983301106546,0.6041815184459098,0.8059186874611354,0.06280104441664183,0.34760910272598267,0.1242340848220907,0.009079260392206266,0.007045820434315798,0.3050132691860199,11,ls,0,7.5
student_ls_s0,test_w20-23,ge5,near,0.7371149822852291,95941,12762,0.9195026109796646,0.8719675874239102,0.8050287126082217,0.6975395706002194,0.7729372945719766,0.8026309240611118,0.6801441780285222,0.7654111828356036,0.06280104441664183,0.34760910272598267,0.1242340848220907,0.009079260392206266,0.007045820434315798,0.3050132691860199,11,ls,0,7.5
student_ls_s0,test_w20-23,ge5,far,0.7371149822852291,95941,77014,0.9195026109796646,0.8719675874239102,0.8619570947270823,0.6285610408497156,0.8246688090769309,0.8556327399063317,0.5915937362038071,0.8126311913439493,0.06280104441664183,0.34760910272598267,0.1242340848220907,0.009079260392206266,0.007045820434315798,0.3050132691860199,11,ls,0,7.5
student_ls_s0,test_w24-27,all,all,0.7371149822852291,100000,100000,0.90148,0.8356770331317052,0.8428755024000001,0.65762,0.7962823427,0.8277377223500001,0.66276,0.7762634399999999,0.06429233449164776,0.42596694827079773,0.14979996838894974,0.013049310805946112,0.01195015858300028,0.38701069355010986,11,ls,0,11.5
student_ls_s0,test_w24-27,all,near,0.7371149822852291,100000,12494,0.90148,0.8356770331317052,0.807888450456219,0.688730590683528,0.7646612742116216,0.7980398339202818,0.7422762926204578,0.7508025948455258,0.06429233449164776,0.42596694827079773,0.14979996838894974,0.013049310805946112,0.01195015858300028,0.38701069355010986,11,ls,0,11.5
student_ls_s0,test_w24-27,all,far,0.7371149822852291,100000,87506,0.90148,0.8356770331317052,0.8478709110232442,0.6531780677896373,0.8007971603090073,0.8319779506548124,0.6514067606792677,0.7798987084314218,0.06429233449164776,0.42596694827079773,0.14979996838894974,0.013049310805946112,0.01195015858300028,0.38701069355010986,11,ls,0,11.5
student_ls_s0,test_w24-27,ge5,all,0.7371149822852291,96204,89771,0.9082782420689368,0.8411591873628643,0.8407351055328287,0.6642679707255127,0.7989704338605439,0.8273722977119408,0.6545877844738278,0.7802811265527473,0.065242185397397,0.3968766927719116,0.140568927171504,0.011662561100467062,0.009806777681568478,0.3541538715362549,11,ls,0,11.5
student_ls_s0,test_w24-27,ge5,near,0.7371149822852291,96204,11977,0.9082782420689368,0.8411591873628643,0.8090691124698637,0.6900726392251816,0.7696162969864486,0.8003491088992041,0.7359104951156383,0.7570222774322413,0.065242185397397,0.3968766927719116,0.140568927171504,0.011662561100467062,0.009806777681568478,0.3541538715362549,11,ls,0,11.5
student_ls_s0,test_w24-27,ge5,far,0.7371149822852291,96204,77794,0.9082782420689368,0.8411591873628643,0.8456103349710262,0.6602951384425534,0.8034897348007324,0.8315327308097393,0.6420675116332879,0.7838620098588671,0.065242185397397,0.3968766927719116,0.140568927171504,0.011662561100467062,0.009806777681568478,0.3541538715362549,11,ls,0,11.5
student_ls_s0,test_w28-31,all,all,0.7371149822852291,100000,100000,0.8767,0.7775999071340423,0.8253965836999999,0.68663,0.7662406339,0.8104833985,0.67334,0.7455684177,0.06186608459994199,0.5311200618743896,0.1813648232154025,0.018929937533380684,0.02041324038520457,0.5021446347236633,11,ls,0,15.5
student_ls_s0,test_w28-31,all,near,0.7371149822852291,100000,15990,0.8767,0.7775999071340423,0.7965811898061288,0.7465916197623514,0.7429292313946216,0.7900935068792996,0.7625390869293308,0.7309236160100063,0.06186608459994199,0.5311200618743896,0.1813648232154025,0.018929937533380684,0.02041324038520457,0.5021446347236633,11,ls,0,15.5
student_ls_s0,test_w28-31,all,far,0.7371149822852291,100000,84010,0.8767,0.7775999071340423,0.8308811468277587,0.6752172360433282,0.7706775976669443,0.8143642980002381,0.6563623378169265,0.7483558284728008,0.06186608459994199,0.5311200618743896,0.1813648232154025,0.018929937533380684,0.02041324038520457,0.5021446347236633,11,ls,0,15.5
student_ls_s0,test_w28-31,ge5,all,0.7371149822852291,95576,94669,0.8832970620239391,0.783385151703186,0.8281299763710513,0.6825571200709841,0.7729801852076988,0.8148811691161222,0.6638181453274039,0.7535243539723574,0.06296176658181678,0.4971015453338623,0.17198941674526727,0.017252094077395228,0.01712892742713256,0.46226051449775696,11,ls,0,15.5
student_ls_s0,test_w28-31,ge5,near,0.7371149822852291,95576,15420,0.8832970620239391,0.783385151703186,0.7980813467300508,0.7496757457846952,0.7485195061966834,0.7941313522152585,0.7598573281452659,0.7385655823488457,0.06296176658181678,0.4971015453338623,0.17198941674526727,0.017252094077395228,0.01712892742713256,0.46226051449775696,11,ls,0,15.5
student_ls_s0,test_w28-31,ge5,far,0.7371149822852291,95576,79249,0.8832970620239391,0.783385151703186,0.8339767361921752,0.6694974069073427,0.7777396606629077,0.8189185976844485,0.6451311688475564,0.756434980711301,0.06296176658181678,0.4971015453338623,0.17198941674526727,0.017252094077395228,0.01712892742713256,0.46226051449775696,11,ls,0,15.5
student_ls_s0,test_w32-35,all,all,0.7371149822852291,100000,100000,0.84925,0.7323180415242607,0.80674757025,0.71655,0.7331328865000001,0.7903647414999999,0.71156,0.7113098799,0.05574284867361186,0.6538618206977844,0.22133564079266815,0.027961405080848677,0.032022906020209185,0.6437621116638184,11,ls,0,19.5
student_ls_s0,test_w32-35,all,near,0.7371149822852291,100000,16559,0.84925,0.7323180415242607,0.7729079268071744,0.7718461259737907,0.706800099039797,0.7713094003261066,0.7758318739054291,0.698237593453711,0.05574284867361186,0.6538618206977844,0.22133564079266815,0.027961405080848677,0.032022906020209185,0.6437621116638184,11,ls,0,19.5
student_ls_s0,test_w32-35,all,far,0.7371149822852291,100000,83441,0.84925,0.7323180415242607,0.8134631016526648,0.7055763952972759,0.7383586703179492,0.7941463044546445,0.6988051437542695,0.7139040960678802,0.05574284867361186,0.6538618206977844,0.22133564079266815,0.027961405080848677,0.032022906020209185,0.6437621116638184,11,ls,0,19.5
student_ls_s0,test_w32-35,ge5,all,0.7371149822852291,95262,94615,0.8569524049463585,0.7373380928006886,0.8086205416158243,0.7152988426782223,0.740515521514632,0.793877350387547,0.7085134492416636,0.7198492219778206,0.05908807390737559,0.609630286693573,0.21001126973683892,0.025306868954982575,0.02661892297923652,0.5887514352798462,11,ls,0,19.5
student_ls_s0,test_w32-35,ge5,near,0.7371149822852291,95262,16006,0.8569524049463585,0.7373380928006886,0.773980385334127,0.7762713982256654,0.7132208789416172,0.7746283225082189,0.7762713982256654,0.7064654788329374,0.05908807390737559,0.609630286693573,0.21001126973683892,0.025306868954982575,0.02661892297923652,0.5887514352798462,11,ls,0,19.5
student_ls_s0,test_w32-35,ge5,far,0.7371149822852291,95262,78609,0.8569524049463585,0.7373380928006886,0.8156738095806226,0.702883893701739,0.7460731300457629,0.7977967481694364,0.6947168899235456,0.7225743576846354,0.05908807390737559,0.609630286693573,0.21001126973683892,0.025306868954982575,0.02661892297923652,0.5887514352798462,11,ls,0,19.5
student_ls_s0,test_w36-39,all,all,0.7371149822852291,100000,100000,0.82564,0.7056112198990034,0.8048340785000001,0.73661,0.7172380944,0.7784882524000001,0.74832,0.6888366374,0.04467449416588992,0.7136716246604919,0.248167979352078,0.03575126682314707,0.046812307632416464,0.7094764113426208,11,ls,0,23.5
student_ls_s0,test_w36-39,all,near,0.7371149822852291,100000,12548,0.82564,0.7056112198990034,0.7697918038731272,0.7571724577621932,0.6886951418552757,0.7650578590213579,0.797178833280204,0.6798220457443417,0.04467449416588992,0.7136716246604919,0.248167979352078,0.03575126682314707,0.046812307632416464,0.7094764113426208,11,ls,0,23.5
student_ls_s0,test_w36-39,all,far,0.7371149822852291,100000,87452,0.82564,0.7056112198990034,0.8098620991515345,0.7336596075561451,0.7213335635548644,0.7804153046814253,0.7413095183643599,0.6901300909070118,0.04467449416588992,0.7136716246604919,0.248167979352078,0.03575126682314707,0.046812307632416464,0.7094764113426208,11,ls,0,23.5
student_ls_s0,test_w36-39,ge5,all,0.7371149822852291,95184,91735,0.835592116322071,0.7107123112774731,0.8047183605705821,0.7341690739630458,0.7246817234157715,0.781528741404095,0.746454461219818,0.6981119108541862,0.050234273932235486,0.6659579873085022,0.2345645360751943,0.032116188001536566,0.039199633894065194,0.6498885750770569,11,ls,0,23.5
student_ls_s0,test_w36-39,ge5,near,0.7371149822852291,95184,12085,0.835592116322071,0.7107123112774731,0.7694537733262035,0.7604468349193215,0.6956103764497191,0.7666708603602278,0.8044683491932147,0.688071783689147,0.050234273932235486,0.6659579873085022,0.2345645360751943,0.032116188001536566,0.039199633894065194,0.6498885750770569,11,ls,0,23.5
student_ls_s0,test_w36-39,ge5,far,0.7371149822852291,95184,79650,0.835592116322071,0.7107123112774731,0.8100689260049614,0.7301820464532329,0.7290926114017695,0.7837830727589618,0.7376522284996861,0.6996352622263082,0.050234273932235486,0.6659579873085022,0.2345645360751943,0.032116188001536566,0.039199633894065194,0.6498885750770569,11,ls,0,23.5
student_ls_s0,test_w40-43,all,all,0.7371149822852291,100000,100000,0.81907,0.7006311923152697,0.7931577773499999,0.75138,0.7038373058000001,0.7618579360500001,0.75549,0.6715019116,0.042497053335681545,0.753799557685852,0.2585839331761261,0.039295774827450926,0.05055092672683298,0.7581093907356262,11,ls,0,27.5
student_ls_s0,test_w40-43,all,near,0.7371149822852291,100000,10904,0.81907,0.7006311923152697,0.7527779452494497,0.7787050623624358,0.6711871680117387,0.7445708634446075,0.8061261922230374,0.6599375614453411,0.042497053335681545,0.753799557685852,0.2585839331761261,0.039295774827450926,0.05055092672683298,0.7581093907356262,11,ls,0,27.5
student_ls_s0,test_w40-43,all,far,0.7371149822852291,100000,89096,0.81907,0.7006311923152697,0.7980996567747148,0.7480358265241986,0.707833187797432,0.7639736117221874,0.7492928975487115,0.6729172127817187,0.042497053335681545,0.753799557685852,0.2585839331761261,0.039295774827450926,0.05055092672683298,0.7581093907356262,11,ls,0,27.5
student_ls_s0,test_w40-43,ge5,all,0.7371149822852291,95288,93977,0.8280895810595248,0.7071054655265859,0.7963192485085184,0.7456505315130297,0.7128330826292213,0.7680519659908855,0.7489279291741596,0.6823120371742194,0.047054713139916125,0.7062792778015137,0.2459118479862226,0.03578514327394166,0.04409217959436112,0.6989235877990723,11,ls,0,27.5
student_ls_s0,test_w40-43,ge5,near,0.7371149822852291,95288,10557,0.8280895810595248,0.7071054655265859,0.7530427138731166,0.781093113573932,0.6776852633397423,0.7479853540546969,0.8114047551387705,0.6687302123934289,0.047054713139916125,0.7062792778015137,0.2459118479862226,0.03578514327394166,0.04409217959436112,0.6989235877990723,11,ls,0,27.5
student_ls_s0,test_w40-43,ge5,far,0.7371149822852291,95288,83420,0.8280895810595248,0.7071054655265859,0.8017959972036269,0.7411651882042676,0.7172811230060976,0.7705914436006954,0.741021337808679,0.6840308494999303,0.047054713139916125,0.7062792778015137,0.2459118479862226,0.03578514327394166,0.04409217959436112,0.6989235877990723,11,ls,0,27.5
student_ls_s0,test_w44-47,all,all,0.7371149822852291,100000,100000,0.79397,0.6738739790652224,0.7801315772499999,0.77024,0.6785311265999999,0.74819346715,0.78735,0.6480001308000001,0.03539978263407945,0.8811808824539185,0.29075717741627244,0.04877429810520921,0.06284454014383255,0.9076720476150513,11,ls,0,31.5
student_ls_s0,test_w44-47,all,near,0.7371149822852291,100000,10628,0.79397,0.6738739790652224,0.7360866094279263,0.8136055701919458,0.6445877691004892,0.733889181878058,0.8433383515242755,0.6400885171245766,0.03539978263407945,0.8811808824539185,0.29075717741627244,0.04877429810520921,0.06284454014383255,0.9076720476150513,11,ls,0,31.5
student_ls_s0,test_w44-47,all,far,0.7371149822852291,100000,89372,0.79397,0.6738739790652224,0.7853693465514927,0.7650830237658327,0.6825676257664594,0.7498945138298349,0.7806919393098509,0.6489409694311418,0.03539978263407945,0.8811808824539185,0.29075717741627244,0.04877429810520921,0.06284454014383255,0.9076720476150513,11,ls,0,31.5
student_ls_s0,test_w44-47,ge5,all,0.7371149822852291,94936,92436,0.8025617257942192,0.6801437070756895,0.781025224308664,0.7665519927301051,0.6859633734025437,0.7512971485598403,0.7779544766108443,0.6564909150490812,0.04029414414533258,0.8289044499397278,0.27810441723055807,0.044364609899069284,0.05605317522231166,0.8411645293235779,11,ls,0,31.5
student_ls_s0,test_w44-47,ge5,near,0.7371149822852291,94936,10310,0.8025617257942192,0.6801437070756895,0.7355312337835518,0.8178467507274491,0.6506679133349685,0.7365285793228652,0.8454898157129,0.6484170805313368,0.04029414414533258,0.8289044499397278,0.27810441723055807,0.044364609899069284,0.05605317522231166,0.8411645293235779,11,ls,0,31.5
student_ls_s0,test_w44-47,ge5,far,0.7371149822852291,94936,82126,0.8025617257942192,0.6801437070756895,0.786736485569579,0.7601125100455398,0.6903943233245746,0.7531511771114954,0.7694761707619998,0.6575044945960936,0.04029414414533258,0.8289044499397278,0.27810441723055807,0.044364609899069284,0.05605317522231166,0.8411645293235779,11,ls,0,31.5
student_ls_s0,test_w48-51,all,all,0.7371149822852291,100000,100000,0.78199,0.665172101882496,0.77746896085,0.77533,0.6701356866999999,0.7478032580000001,0.78598,0.6418127707000001,0.03186893254883587,0.9407181143760681,0.3049850421768642,0.0534206364589976,0.06950564706847073,0.9818831086158752,11,ls,0,35.333333333333336
student_ls_s0,test_w48-51,all,near,0.7371149822852291,100000,10972,0.78199,0.665172101882496,0.7155099412139994,0.8261939482318629,0.6228962613926358,0.7139573910864017,0.8556325191396281,0.6189077524608093,0.03186893254883587,0.9407181143760681,0.3049850421768642,0.0534206364589976,0.06950564706847073,0.9818831086158752,11,ls,0,35.333333333333336
student_ls_s0,test_w48-51,all,far,0.7371149822852291,100000,89028,0.78199,0.665172101882496,0.7851049221593207,0.7690614188794537,0.6759575739093319,0.7519744945972053,0.7773958754549131,0.6446356338455317,0.03186893254883587,0.9407181143760681,0.3049850421768642,0.0534206364589976,0.06950564706847073,0.9818831086158752,11,ls,0,35.333333333333336
student_ls_s0,test_w48-51,ge5,all,0.7371149822852291,94668,93780,0.7912811087167786,0.6714154118319579,0.7782876864651407,0.77105992748987,0.6787908057587937,0.7528573603168863,0.7747494135210066,0.6528070405647824,0.03757855541992777,0.8753148317337036,0.2899082069612532,0.04755688165796874,0.06156744966338926,0.8969858884811401,11,ls,0,35.333333333333336
student_ls_s0,test_w48-51,ge5,near,0.7371149822852291,94668,10675,0.7912811087167786,0.6714154118319579,0.714894327114237,0.8295081967213115,0.6299333145916373,0.7172154089791327,0.8568618266978922,0.628707977758139,0.03757855541992777,0.8753148317337036,0.2899082069612532,0.04755688165796874,0.06156744966338926,0.8969858884811401,11,ls,0,35.333333333333336
student_ls_s0,test_w48-51,ge5,far,0.7371149822852291,94668,83105,0.7912811087167786,0.6714154118319579,0.7864306876211588,0.7635521328439926,0.6850666461800605,0.7574356387662036,0.7642019132422838,0.655902612377079,0.03757855541992777,0.8753148317337036,0.2899082069612532,0.04755688165796874,0.06156744966338926,0.8969858884811401,11,ls,0,35.333333333333336
student_kdA_s0,val,all,all,1.0752171876365917,200000,53779,0.94256,0.9154232085274566,0.8580166243794045,0.7246136967961472,0.8408215610182412,0.8179899909351234,0.7470388069692631,0.7965242544487625,0.0031611922035366426,0.2055504471063614,0.08180926623994537,0.003861225137128279,0.0066808900944143376,0.20489554107189178,11,kdA,0,1.0
student_kdA_s0,val,all,near,1.0752171876365917,200000,10959,0.94256,0.9154232085274566,0.8450567574596222,0.7022538552787663,0.8268916456793503,0.7440982281686286,0.760562095081668,0.7255146518842961,0.0031611922035366426,0.2055504471063614,0.08180926623994537,0.003861225137128279,0.0066808900944143376,0.20489554107189178,11,kdA,0,1.0
student_kdA_s0,val,all,far,1.0752171876365917,200000,42820,0.94256,0.9154232085274566,0.8613334665460065,0.7303362914525923,0.8443866694301728,0.8369012433442317,0.743577767398412,0.8146978703876694,0.0031611922035366426,0.2055504471063614,0.08180926623994537,0.003861225137128279,0.0066808900944143376,0.20489554107189178,11,kdA,0,1.0
student_kdA_s0,val,ge5,all,1.0752171876365917,191366,52270,0.9517103351692568,0.9265309700717128,0.8708679018053447,0.6827625789171609,0.8560109641467815,0.8348941329727784,0.7028697149416492,0.815434689768118,0.0025942526860813528,0.1694006770849228,0.06943619124788533,0.0029116177828153816,0.006095038237471272,0.16894802451133728,11,kdA,0,1.0
student_kdA_s0,val,ge5,near,1.0752171876365917,191366,10483,0.9517103351692568,0.9265309700717128,0.8547913988224309,0.6605933416006868,0.8391529578892057,0.7564126534321037,0.7194505389678527,0.7396166424212746,0.0025942526860813528,0.1694006770849228,0.06943619124788533,0.0029116177828153816,0.006095038237471272,0.16894802451133728,11,kdA,0,1.0
student_kdA_s0,val,ge5,far,1.0752171876365917,191366,41787,0.9517103351692568,0.9265309700717128,0.8749009738318094,0.6883241199416086,0.8602400899418412,0.8545825851235644,0.6987101251585421,0.8344549733571998,0.0025942526860813528,0.1694006770849228,0.06943619124788533,0.0029116177828153816,0.006095038237471272,0.16894802451133728,11,kdA,0,1.0
student_kdA_s0,test_w16-19,all,all,1.0752171876365917,100000,100000,0.93406,0.9056818116983896,0.8795822050000001,0.60996,0.8517594372999999,0.85700477425,0.60859,0.8236187081,0.005525902169793818,0.2858869731426239,0.09462344904125478,0.005339155871477813,0.004394526478126632,0.2805628478527069,11,kdA,0,3.5
student_kdA_s0,test_w16-19,all,near,1.0752171876365917,100000,11980,0.93406,0.9056818116983896,0.8609161752921536,0.6481636060100167,0.8353039173622705,0.8639669265442406,0.6197829716193656,0.8312769340567612,0.005525902169793818,0.2858869731426239,0.09462344904125478,0.005339155871477813,0.004394526478126632,0.2805628478527069,11,kdA,0,3.5
student_kdA_s0,test_w16-19,all,far,1.0752171876365917,100000,88020,0.93406,0.9056818116983896,0.8821227530106793,0.6047602817541468,0.8539991229266075,0.8560571875142013,0.6070665757782322,0.8225763819586458,0.005525902169793818,0.2858869731426239,0.09462344904125478,0.005339155871477813,0.004394526478126632,0.2805628478527069,11,kdA,0,3.5
student_kdA_s0,test_w16-19,ge5,all,1.0752171876365917,96085,89545,0.9419056044127595,0.9138693101863953,0.881913731162888,0.6116589424311799,0.8581938559348044,0.862003407145977,0.5850466246021554,0.8318495132804888,0.0049369607830838744,0.25545793771743774,0.08403558903183221,0.004364686304631511,0.0039761595067034205,0.2501237988471985,11,kdA,0,3.5
student_kdA_s0,test_w16-19,ge5,near,1.0752171876365917,96085,11402,0.9419056044127595,0.9138693101863953,0.867948749954327,0.6328714260656025,0.8453268182186486,0.8744206428017159,0.5921768110857745,0.8445557932652907,0.0049369607830838744,0.25545793771743774,0.08403558903183221,0.004364686304631511,0.0039761595067034205,0.2501237988471985,11,kdA,0,3.5
student_kdA_s0,test_w16-19,ge5,far,1.0752171876365917,96085,78143,0.9419056044127595,0.9138693101863953,0.8839513892479371,0.6085637869034974,0.8600713109088852,0.8601915836819849,0.5840062449611609,0.8299955147855919,0.0049369607830838744,0.25545793771743774,0.08403558903183221,0.004364686304631511,0.0039761595067034205,0.2501237988471985,11,kdA,0,3.5
student_kdA_s0,test_w20-23,all,all,1.0752171876365917,100000,100000,0.9229,0.884170658443682,0.87041633295,0.64075,0.8361411720999999,0.8591752179500001,0.60498,0.8169485878000001,0.010161065206304226,0.3398735225200653,0.11313745628766012,0.007686898888779383,0.004322427167892443,0.33171984553337097,11,kdA,0,7.5
student_kdA_s0,test_w20-23,all,near,1.0752171876365917,100000,13417,0.9229,0.884170658443682,0.8441629358276813,0.6997093239919505,0.8137483960646941,0.8656383319669078,0.6366549899381382,0.8244810583587985,0.010161065206304226,0.3398735225200653,0.11313745628766012,0.007686898888779383,0.004322427167892443,0.33171984553337097,11,kdA,0,7.5
student_kdA_s0,test_w20-23,all,far,1.0752171876365917,100000,86583,0.9229,0.884170658443682,0.8744845891803241,0.6316135962024878,0.8396111821027223,0.8581736864627005,0.6000716075904046,0.8157813476086532,0.010161065206304226,0.3398735225200653,0.11313745628766012,0.007686898888779383,0.004322427167892443,0.33171984553337097,11,kdA,0,7.5
student_kdA_s0,test_w20-23,ge5,all,1.0752171876365917,95941,89776,0.9298214527678469,0.8908065670080189,0.8723734335602067,0.6468098378185707,0.8422739340016212,0.8648021107143518,0.5714779005524862,0.8258758053321217,0.01060162542330164,0.31500205397605896,0.10332627958597826,0.006515526601654356,0.004812813780963392,0.3066282272338867,11,kdA,0,7.5
student_kdA_s0,test_w20-23,ge5,near,1.0752171876365917,95941,12762,0.9298214527678469,0.8908065670080189,0.8513175466042222,0.687353079454631,0.8236635854865362,0.8766163315080412,0.6044507130543801,0.8383100719544666,0.01060162542330164,0.31500205397605896,0.10332627958597826,0.006515526601654356,0.004812813780963392,0.3066282272338867,11,kdA,0,7.5
student_kdA_s0,test_w20-23,ge5,far,1.0752171876365917,95941,77014,0.9298214527678469,0.8908065670080189,0.8758626073381208,0.6400914119510739,0.8453578572850441,0.8628443746433899,0.5660139714857039,0.8238153213858994,0.01060162542330164,0.31500205397605896,0.10332627958597826,0.006515526601654356,0.004812813780963392,0.3066282272338867,11,kdA,0,7.5
student_kdA_s0,test_w24-27,all,all,1.0752171876365917,100000,100000,0.90997,0.8482710883494662,0.8567562801499999,0.65577,0.8156628653,0.84850098775,0.60137,0.7986226106000001,0.0173312800136954,0.41519322991371155,0.1320280921165599,0.010140505334630139,0.010335453709289438,0.4030172526836395,11,kdA,0,11.5
student_kdA_s0,test_w24-27,all,near,1.0752171876365917,100000,12494,0.90997,0.8482710883494662,0.8336067852569233,0.7156234992796542,0.7970293284776693,0.8625203665759564,0.6259804706259005,0.8133882967824555,0.0173312800136954,0.41519322991371155,0.1320280921165599,0.010140505334630139,0.010335453709289438,0.4030172526836395,11,kdA,0,11.5
student_kdA_s0,test_w24-27,all,far,1.0752171876365917,100000,87506,0.90997,0.8482710883494662,0.8600615368089046,0.6472241903412338,0.818323338971042,0.8464993179324847,0.5978561470070624,0.7965143839279591,0.0173312800136954,0.41519322991371155,0.1320280921165599,0.010140505334630139,0.010335453709289438,0.4030172526836395,11,kdA,0,11.5
student_kdA_s0,test_w24-27,ge5,all,1.0752171876365917,96204,89771,0.916292461851898,0.8532728059590146,0.8561074882470865,0.6677434806340578,0.819498784872872,0.8518937844496388,0.5829722293390961,0.8054529762878828,0.01700188360568041,0.38691243529319763,0.12314912609299564,0.00894834281028074,0.01065580213824175,0.3750327229499817,11,kdA,0,11.5
student_kdA_s0,test_w24-27,ge5,near,1.0752171876365917,96204,11977,0.916292461851898,0.8532728059590146,0.8398355646466615,0.7023461634800033,0.80580821951344,0.873308858020171,0.5950571929531602,0.8266762877222992,0.01700188360568041,0.38691243529319763,0.12314912609299564,0.00894834281028074,0.01065580213824175,0.3750327229499817,11,kdA,0,11.5
student_kdA_s0,test_w24-27,ge5,far,1.0752171876365917,96204,77794,0.916292461851898,0.8532728059590146,0.8586126792510494,0.6624161246368615,0.8216065554118585,0.8485967649345829,0.581111653855053,0.8021854800664517,0.01700188360568041,0.38691243529319763,0.12314912609299564,0.00894834281028074,0.01065580213824175,0.3750327229499817,11,kdA,0,11.5
student_kdA_s0,test_w28-31,all,all,1.0752171876365917,100000,100000,0.88835,0.7948417334732641,0.8382978515,0.66469,0.7861725992,0.8365344781,0.64294,0.7731339365000002,0.026404078505188236,0.6095642447471619,0.1633817941910761,0.014798492540493334,0.018487644233033083,0.587013304233551,11,kdA,0,15.5
student_kdA_s0,test_w28-31,all,near,1.0752171876365917,100000,15990,0.88835,0.7948417334732641,0.8145805309568481,0.7317073170731707,0.7687633533458411,0.8477714537210757,0.7217010631644778,0.7872935440900563,0.026404078505188236,0.6095642447471619,0.1633817941910761,0.014798492540493334,0.018487644233033083,0.587013304233551,11,kdA,0,15.5
student_kdA_s0,test_w28-31,all,far,1.0752171876365917,100000,84010,0.88835,0.7948417334732641,0.8428120754672063,0.6519342935364838,0.7894861790263064,0.8343956941435544,0.6279490536840853,0.7704388748958457,0.026404078505188236,0.6095642447471619,0.1633817941910761,0.014798492540493334,0.018487644233033083,0.587013304233551,11,kdA,0,15.5
student_kdA_s0,test_w28-31,ge5,all,1.0752171876365917,95576,94669,0.8948271532602327,0.8003818768568456,0.8433267797243691,0.6604273838320887,0.7942653753847457,0.8460551069107054,0.596763460055562,0.784800552584239,0.025881554624105525,0.5767318606376648,0.1542146573422838,0.013328231489932426,0.01876843576895205,0.5547153353691101,11,kdA,0,15.5
student_kdA_s0,test_w28-31,ge5,near,1.0752171876365917,95576,15420,0.8948271532602327,0.8003818768568456,0.8207733359899,0.7255512321660181,0.7777262703833414,0.861052341787447,0.6701037613488975,0.8022887063236601,0.025881554624105525,0.5767318606376648,0.1542146573422838,0.013328231489932426,0.01876843576895205,0.5547153353691101,11,kdA,0,15.5
student_kdA_s0,test_w28-31,ge5,far,1.0752171876365917,95576,79249,0.8948271532602327,0.8003818768568456,0.8477151518474938,0.6477558076442606,0.7974834979998153,0.8431369961231957,0.5824931544877537,0.7813977673041484,0.025881554624105525,0.5767318606376648,0.1542146573422838,0.013328231489932426,0.01876843576895205,0.5547153353691101,11,kdA,0,15.5
student_kdA_s0,test_w32-35,all,all,1.0752171876365917,100000,100000,0.85956,0.7559337300875822,0.82154185365,0.69264,0.7541161318,0.8238513488,0.66058,0.7428354558,0.045217992722466585,0.7694872617721558,0.20730348122612516,0.02328535817266861,0.036260245102122404,0.7383016347885132,11,kdA,0,19.5
student_kdA_s0,test_w32-35,all,near,1.0752171876365917,100000,16559,0.85956,0.7559337300875822,0.7957997394166314,0.7450329126154961,0.7356577178573586,0.8376283942267045,0.7107313243553355,0.7582284232139622,0.045217992722466585,0.7694872617721558,0.20730348122612516,0.02328535817266861,0.036260245102122404,0.7383016347885132,11,kdA,0,19.5
student_kdA_s0,test_w32-35,all,far,1.0752171876365917,100000,83441,0.85956,0.7559337300875822,0.8266504174206923,0.6822425426349157,0.7577792335902014,0.8211172720844668,0.6506273894128786,0.7397806967797604,0.045217992722466585,0.7694872617721558,0.20730348122612516,0.02328535817266861,0.036260245102122404,0.7383016347885132,11,kdA,0,19.5
student_kdA_s0,test_w32-35,ge5,all,1.0752171876365917,95262,94615,0.8675232516638324,0.761311159656072,0.8253583940981994,0.6969508006130106,0.7625873038034657,0.8329858214519086,0.6418643978227554,0.7554993353963511,0.04245488677787108,0.7286564707756042,0.19566152715760274,0.021058983534876567,0.034233353002463926,0.6987465620040894,11,kdA,0,19.5
student_kdA_s0,test_w32-35,ge5,near,1.0752171876365917,95262,16006,0.8675232516638324,0.761311159656072,0.8014812453166346,0.7430338623016369,0.7452744162227403,0.8503076826523239,0.6907409721354492,0.7739723499900089,0.04245488677787108,0.7286564707756042,0.19566152715760274,0.021058983534876567,0.034233353002463926,0.6987465620040894,11,kdA,0,19.5
student_kdA_s0,test_w32-35,ge5,far,1.0752171876365917,95262,78609,0.8675232516638324,0.761311159656072,0.8302201483934802,0.687567581320205,0.7661124736773619,0.82945882441119,0.6319123764454452,0.7517379458406247,0.04245488677787108,0.7286564707756042,0.19566152715760274,0.021058983534876567,0.034233353002463926,0.6987465620040894,11,kdA,0,19.5
student_kdA_s0,test_w36-39,all,all,1.0752171876365917,100000,100000,0.84117,0.7413959261993885,0.82035086245,0.68771,0.7404751774,0.8213818918,0.65995,0.7277912786999999,0.056293164611011734,0.8106573224067688,0.23395971187887102,0.03024043334229612,0.046841858495846364,0.7779908776283264,11,kdA,0,23.5
student_kdA_s0,test_w36-39,all,near,1.0752171876365917,100000,12548,0.84117,0.7413959261993885,0.7879257044947402,0.7299171182658591,0.7160850486133248,0.833531423334396,0.6934969716289449,0.740325310806503,0.056293164611011734,0.8106573224067688,0.23395971187887102,0.03024043334229612,0.046841858495846364,0.7779908776283264,11,kdA,0,23.5
student_kdA_s0,test_w36-39,all,far,1.0752171876365917,100000,87452,0.84117,0.7413959261993885,0.825003367618808,0.6816539358733934,0.7439747810227324,0.8196386232447513,0.6551365320404337,0.7259928403009651,0.056293164611011734,0.8106573224067688,0.23395971187887102,0.03024043334229612,0.046841858495846364,0.7779908776283264,11,kdA,0,23.5
student_kdA_s0,test_w36-39,ge5,all,1.0752171876365917,95184,91735,0.8515821986888553,0.7479412578487497,0.8201391970188858,0.6947402845151796,0.748098177223648,0.8286725916978608,0.6428516923747751,0.7406475370952327,0.05090053859646629,0.7654780745506287,0.2184972355668474,0.027202462108470115,0.04220236175543125,0.7343955039978027,11,kdA,0,23.5
student_kdA_s0,test_w36-39,ge5,near,1.0752171876365917,95184,12085,0.8515821986888553,0.7479412578487497,0.7918317129367379,0.725279271824576,0.7261339594385681,0.8443380668519264,0.6756309474555233,0.7563372838552604,0.05090053859646629,0.7654780745506287,0.2184972355668474,0.027202462108470115,0.04220236175543125,0.7343955039978027,11,kdA,0,23.5
student_kdA_s0,test_w36-39,ge5,far,1.0752171876365917,95184,79650,0.8515821986888553,0.7479412578487497,0.8244341869138356,0.6901067168863779,0.7514307267771032,0.8262957270746734,0.6378782172002511,0.738266989831015,0.05090053859646629,0.7654780745506287,0.2184972355668474,0.027202462108470115,0.04220236175543125,0.7343955039978027,11,kdA,0,23.5
student_kdA_s0,test_w40-43,all,all,1.0752171876365917,100000,100000,0.83334,0.7360835363564917,0.81052477705,0.71499,0.7280631860000001,0.8136069635000001,0.68236,0.7165613657,0.0614995624703169,0.8752132058143616,0.24519405575664618,0.033527364835900096,0.051983857477903336,0.8385478854179382,11,kdA,0,27.5
student_kdA_s0,test_w40-43,all,near,1.0752171876365917,100000,10904,0.83334,0.7360835363564917,0.7776451614086575,0.7508253851797505,0.7033276925898753,0.8257028961848862,0.727072633895818,0.7290265911592075,0.0614995624703169,0.8752132058143616,0.24519405575664618,0.033527364835900096,0.051983857477903336,0.8385478854179382,11,kdA,0,27.5
student_kdA_s0,test_w40-43,all,far,1.0752171876365917,100000,89096,0.83334,0.7360835363564917,0.8145487436585256,0.7106042919996408,0.7310904354853192,0.8121266046736105,0.676887851306456,0.7150358110352878,0.0614995624703169,0.8752132058143616,0.24519405575664618,0.033527364835900096,0.051983857477903336,0.8385478854179382,11,kdA,0,27.5
student_kdA_s0,test_w40-43,ge5,all,1.0752171876365917,95288,93977,0.8429707833095458,0.7449164147851097,0.8142544458262231,0.7026719303659406,0.7373483187666428,0.8241913508169906,0.6541813422433148,0.7308285673519308,0.05728457248723963,0.8296845555305481,0.2312655356121319,0.03058978135916817,0.04850822544686641,0.7945387363433838,11,kdA,0,27.5
student_kdA_s0,test_w40-43,ge5,near,1.0752171876365917,95288,10557,0.8429707833095458,0.7449164147851097,0.7823724819033133,0.7408354646206309,0.7131739365276204,0.837898411891447,0.6959363455527139,0.7450692715391672,0.05728457248723963,0.8296845555305481,0.2312655356121319,0.03058978135916817,0.04850822544686641,0.7945387363433838,11,kdA,0,27.5
student_kdA_s0,test_w40-43,ge5,far,1.0752171876365917,95288,83420,0.8429707833095458,0.7449164147851097,0.8182891844156998,0.6978422440661712,0.7404076445074405,0.8224566895395625,0.6488971469671542,0.7290263722655648,0.05728457248723963,0.8296845555305481,0.2312655356121319,0.03058978135916817,0.04850822544686641,0.7945387363433838,11,kdA,0,27.5
student_kdA_s0,test_w44-47,all,all,1.0752171876365917,100000,100000,0.80939,0.7069174349263609,0.7987030245000001,0.75003,0.7019608709999999,0.7959057283500002,0.72497,0.6899239227999999,0.07469331705600023,1.074705958366394,0.2837574190187814,0.044629338496725623,0.06423422118648886,1.026505470275879,11,kdA,0,31.5
student_kdA_s0,test_w44-47,all,near,1.0752171876365917,100000,10628,0.80939,0.7069174349263609,0.7609528617802033,0.7890477982687242,0.6749619373353406,0.8054451425479865,0.789330071509221,0.7015060829883326,0.07469331705600023,1.074705958366394,0.2837574190187814,0.044629338496725623,0.06423422118648886,1.026505470275879,11,kdA,0,31.5
student_kdA_s0,test_w44-47,all,far,1.0752171876365917,100000,89372,0.80939,0.7069174349263609,0.8031922239068164,0.7453900550507989,0.7051715484715572,0.7947713138343105,0.7173163854451059,0.6885465876337108,0.07469331705600023,1.074705958366394,0.2837574190187814,0.044629338496725623,0.06423422118648886,1.026505470275879,11,kdA,0,31.5
student_kdA_s0,test_w44-47,ge5,all,1.0752171876365917,94936,92436,0.818719979775849,0.7148334857445943,0.8018764146788452,0.7335237353412091,0.7104250793799641,0.8037319036424275,0.69866718594487,0.7022150992794659,0.07076207514861076,1.0234930515289307,0.27036517278448935,0.04086907634731495,0.06102737908431225,0.9771450757980347,11,kdA,0,31.5
student_kdA_s0,test_w44-47,ge5,near,1.0752171876365917,94936,10310,0.818719979775849,0.7148334857445943,0.7657300861095702,0.7791464597478176,0.6847565324931342,0.8183048371675499,0.7645974781765277,0.7179395418114951,0.07076207514861076,1.0234930515289307,0.27036517278448935,0.04086907634731495,0.06102737908431225,0.9771450757980347,11,kdA,0,31.5
student_kdA_s0,test_w44-47,ge5,far,1.0752171876365917,94936,82126,0.818719979775849,0.7148334857445943,0.8064141816168334,0.7277963129824904,0.7136474781136564,0.8019024349644934,0.6903903757640698,0.7002410715354479,0.07076207514861076,1.0234930515289307,0.27036517278448935,0.04086907634731495,0.06102737908431225,0.9771450757980347,11,kdA,0,31.5
student_kdA_s0,test_w48-51,all,all,1.0752171876365917,100000,100000,0.80008,0.6981946690325732,0.8035867622500001,0.75281,0.7003452948,0.79803529245,0.73761,0.687352611,0.08537877990297973,1.1871834993362427,0.29842201256044687,0.04677781975206752,0.07501415111690761,1.1319968700408936,11,kdA,0,35.333333333333336
student_kdA_s0,test_w48-51,all,near,1.0752171876365917,100000,10972,0.80008,0.6981946690325732,0.7527302798031353,0.788279256288735,0.663816353445133,0.7963565152205614,0.8102442581115566,0.6905195360918702,0.08537877990297973,1.1871834993362427,0.29842201256044687,0.04677781975206752,0.07501415111690761,1.1319968700408936,11,kdA,0,35.333333333333336
student_kdA_s0,test_w48-51,all,far,1.0752171876365917,100000,89028,0.80008,0.6981946690325732,0.8098544232713303,0.748438693444759,0.7048471991957587,0.7982421885249584,0.7286583996046188,0.6869623124185649,0.08537877990297973,1.1871834993362427,0.29842201256044687,0.04677781975206752,0.07501415111690761,1.1319968700408936,11,kdA,0,35.333333333333336
student_kdA_s0,test_w48-51,ge5,all,1.0752171876365917,94668,93780,0.8107174546837368,0.7067742061353265,0.8080914441176938,0.736681595222862,0.7117350064491806,0.8085503082810067,0.7079227980379612,0.703232277990588,0.0798656412451816,1.1155279874801636,0.28141511146327575,0.04170726723294895,0.0702630486029244,1.0636522769927979,11,kdA,0,35.333333333333336
student_kdA_s0,test_w48-51,ge5,near,1.0752171876365917,94668,10675,0.8107174546837368,0.7067742061353265,0.7583170110379089,0.7813583138173302,0.6759022340517222,0.8100303909365396,0.7853864168618268,0.709089118941393,0.0798656412451816,1.1155279874801636,0.28141511146327575,0.04170726723294895,0.0702630486029244,1.0636522769927979,11,kdA,0,35.333333333333336
student_kdA_s0,test_w48-51,ge5,far,1.0752171876365917,94668,83105,0.8107174546837368,0.7067742061353265,0.8144850675233458,0.7309427832260393,0.7163377962373145,0.8083601887653602,0.6979724444979243,0.702479955300619,0.0798656412451816,1.1155279874801636,0.28141511146327575,0.04170726723294895,0.0702630486029244,1.0636522769927979,11,kdA,0,35.333333333333336
student_kdB_s0,val,all,all,1.074187436563196,200000,53779,0.94208,0.9140802306993754,0.8680483107718626,0.727421484222466,0.8504645190501869,0.8283144245430373,0.7594972015098831,0.806332204392049,0.0029893825830519627,0.20737601816654205,0.08250077823546548,0.003901528989174764,0.0057658939312398415,0.20668494701385498,11,kdB,0,1.0
student_kdB_s0,val,all,near,1.074187436563196,200000,10959,0.94208,0.9140802306993754,0.8416787393922803,0.6889314718496213,0.8227787389360344,0.7574956540286524,0.7570033762204581,0.7382156684004014,0.0029893825830519627,0.20737601816654205,0.08250077823546548,0.003901528989174764,0.0057658939312398415,0.20668494701385498,11,kdB,0,1.0
student_kdB_s0,val,all,far,1.074187436563196,200000,42820,0.94208,0.9140802306993754,0.8747971228397945,0.7372723026623074,0.8575501907986922,0.8464392004904251,0.7601354507239607,0.8237653925735637,0.0029893825830519627,0.20737601816654205,0.08250077823546548,0.003901528989174764,0.0057658939312398415,0.20668494701385498,11,kdB,0,1.0
student_kdB_s0,val,ge5,all,1.074187436563196,191366,52270,0.9511198436503873,0.9252143645143068,0.881069487240747,0.6866845226707481,0.8657851530143035,0.8457314007218303,0.7075760474459537,0.8258400984545292,0.0027245934255076846,0.1715041846036911,0.07009255876532142,0.0029398997883126206,0.005062510555277251,0.17094513773918152,11,kdB,0,1.0
student_kdB_s0,val,ge5,near,1.074187436563196,191366,10483,0.9511198436503873,0.9252143645143068,0.8510260842872408,0.6436134694266908,0.834638819439715,0.771298910930396,0.7120099208241916,0.7537861309016649,0.0027245934255076846,0.1715041846036911,0.07009255876532142,0.0029398997883126206,0.005062510555277251,0.17094513773918152,11,kdB,0,1.0
student_kdB_s0,val,ge5,far,1.074187436563196,191366,41787,0.9511198436503873,0.9252143645143068,0.888606400471216,0.6974896498911145,0.8735987556864843,0.8644040929582579,0.7064637327398473,0.8439160967759374,0.0027245934255076846,0.1715041846036911,0.07009255876532142,0.0029398997883126206,0.005062510555277251,0.17094513773918152,11,kdB,0,1.0
student_kdB_s0,test_w16-19,all,all,1.074187436563196,100000,100000,0.93429,0.9055786516761873,0.8744377163999999,0.64119,0.8476740807,0.85462969625,0.63311,0.8218751813999999,0.004199365391880297,0.281010240316391,0.0951129397010224,0.005336796896358202,0.004405681988000823,0.2762151062488556,11,kdB,0,3.5
student_kdB_s0,test_w16-19,all,near,1.074187436563196,100000,11980,0.93429,0.9055786516761873,0.8603009169449082,0.6643572621035059,0.8353665208681135,0.871423993739566,0.6348914858096828,0.8380652863105174,0.004199365391880297,0.281010240316391,0.0951129397010224,0.005336796896358202,0.004405681988000823,0.2762151062488556,11,kdB,0,3.5
student_kdB_s0,test_w16-19,all,far,1.074187436563196,100000,88020,0.93429,0.9055786516761873,0.8763618115769143,0.6380368098159509,0.8493492064303567,0.8523439011588275,0.6328675301067939,0.8196716201999547,0.004199365391880297,0.281010240316391,0.0951129397010224,0.005336796896358202,0.004405681988000823,0.2762151062488556,11,kdB,0,3.5
student_kdB_s0,test_w16-19,ge5,all,1.074187436563196,96085,89545,0.9422594577717646,0.914060066452257,0.8774681316392307,0.6208051817521917,0.8543004465461607,0.8605227792191845,0.6015076218661009,0.8309630228249176,0.0034619228834415544,0.2504069209098816,0.08456365248314111,0.004362323272971072,0.003619441844586166,0.2455635815858841,11,kdB,0,3.5
student_kdB_s0,test_w16-19,ge5,near,1.074187436563196,96085,11402,0.9422594577717646,0.914060066452257,0.867804872091259,0.6335730573583582,0.8457394095119307,0.8818593082301375,0.598228380985792,0.851540755136475,0.0034619228834415544,0.2504069209098816,0.08456365248314111,0.004362323272971072,0.003619441844586166,0.2455635815858841,11,kdB,0,3.5
student_kdB_s0,test_w16-19,ge5,far,1.074187436563196,96085,78143,0.9422594577717646,0.914060066452257,0.8788781169912899,0.6189421957181066,0.8555496044267679,0.8574095239847694,0.6019861024020066,0.8279604851207553,0.0034619228834415544,0.2504069209098816,0.08456365248314111,0.004362323272971072,0.003619441844586166,0.2455635815858841,11,kdB,0,3.5
student_kdB_s0,test_w20-23,all,all,1.074187436563196,100000,100000,0.92112,0.8831530603220038,0.86454725165,0.66294,0.8308125279,0.8576938295500001,0.60885,0.8141828212000001,0.009196161640882498,0.34143203496932983,0.11510900544169603,0.00789027572545551,0.003633404780998859,0.3337019085884094,11,kdB,0,7.5
student_kdB_s0,test_w20-23,all,near,1.074187436563196,100000,13417,0.92112,0.8831530603220038,0.8445819657896698,0.6835358127748379,0.8131586472385779,0.8749383200417381,0.6040098382648879,0.830678167250503,0.009196161640882498,0.34143203496932983,0.11510900544169603,0.00789027572545551,0.003633404780998859,0.3337019085884094,11,kdB,0,7.5
student_kdB_s0,test_w20-23,all,far,1.074187436563196,100000,86583,0.92112,0.8831530603220038,0.8676410950186527,0.6597484494646755,0.8335481932942957,0.8550216037212848,0.6096000369587563,0.8116266836445953,0.009196161640882498,0.34143203496932983,0.11510900544169603,0.00789027572545551,0.003633404780998859,0.3337019085884094,11,kdB,0,7.5
student_kdB_s0,test_w20-23,ge5,all,1.074187436563196,95941,89776,0.9280912227306365,0.8900193652949625,0.8669015585555685,0.6561107645695954,0.8370181871107438,0.8645228279600958,0.5765794867225094,0.8242095723053344,0.009643090033475066,0.3163934051990509,0.10525591230779159,0.006699263976156992,0.00433918994756344,0.3084229826927185,11,kdB,0,7.5
student_kdB_s0,test_w20-23,ge5,near,1.074187436563196,95941,12762,0.9280912227306365,0.8900193652949625,0.8516706373737917,0.6625920702084312,0.8230889541973359,0.8858274523217081,0.5678577025544586,0.8446012300947225,0.009643090033475066,0.3163934051990509,0.10525591230779159,0.006699263976156992,0.00433918994756344,0.3084229826927185,11,kdB,0,7.5
student_kdB_s0,test_w20-23,ge5,far,1.074187436563196,95941,77014,0.9280912227306365,0.8900193652949625,0.8694254764941489,0.6550367465655595,0.8393264021163392,0.8609924358742036,0.5780247747162853,0.8208304680293823,0.009643090033475066,0.3163934051990509,0.10525591230779159,0.006699263976156992,0.00433918994756344,0.3084229826927185,11,kdB,0,7.5
student_kdB_s0,test_w24-27,all,all,1.074187436563196,100000,100000,0.90853,0.8478030008841498,0.8473871101499999,0.68728,0.8079773529,0.8435354333,0.61849,0.7930306062,0.013864212134704006,0.41951295733451843,0.13417410406223304,0.010642807372010137,0.006985427736491,0.40805983543395996,11,kdB,0,11.5
student_kdB_s0,test_w24-27,all,near,1.074187436563196,100000,12494,0.90853,0.8478030008841498,0.8326997022570833,0.7068993116696014,0.7960179165999681,0.8673119881543141,0.6351848887465984,0.815769530974868,0.013864212134704006,0.41951295733451843,0.13417410406223304,0.010642807372010137,0.006985427736491,0.40805983543395996,11,kdB,0,11.5
student_kdB_s0,test_w24-27,all,far,1.074187436563196,100000,87506,0.90853,0.8478030008841498,0.8494841603432908,0.684478778598039,0.8096849066349736,0.840140645784289,0.6161063241377734,0.7897839702420405,0.013864212134704006,0.41951295733451843,0.13417410406223304,0.010642807372010137,0.006985427736491,0.40805983543395996,11,kdB,0,11.5
student_kdB_s0,test_w24-27,ge5,all,1.074187436563196,96204,89771,0.9150243233129599,0.8532386102679853,0.847448868358827,0.6937763865836406,0.812081245558029,0.8477980441371972,0.6011518196299473,0.8006721487346199,0.013832038091096363,0.3897002041339874,0.12515981748430555,0.00942461873443462,0.007433645220369678,0.3785252571105957,11,kdB,0,11.5
student_kdB_s0,test_w24-27,ge5,near,1.074187436563196,96204,11977,0.9150243233129599,0.8532386102679853,0.8391685563588023,0.6982549887283961,0.8051245284352977,0.8781154183308536,0.6073307172079819,0.8292625840971017,0.013832038091096363,0.3897002041339874,0.12515981748430555,0.00942461873443462,0.007433645220369678,0.3785252571105957,11,kdB,0,11.5
student_kdB_s0,test_w24-27,ge5,far,1.074187436563196,96204,77794,0.9150243233129599,0.8532386102679853,0.8487236877128173,0.6930868704527341,0.8131522870391065,0.8431304452128916,0.6002005296038255,0.7962704256668196,0.013832038091096363,0.3897002041339874,0.12515981748430555,0.00942461873443462,0.007433645220369678,0.3785252571105957,11,kdB,0,11.5
student_kdB_s0,test_w28-31,all,all,1.074187436563196,100000,100000,0.88297,0.7837001064707367,0.8260926723500001,0.6968,0.7741238469999999,0.8307109192999999,0.64104,0.7655118555,0.02531814930021759,0.602553129196167,0.17059789474718384,0.01634058000720769,0.017001639099717122,0.5817350149154663,11,kdB,0,15.5
student_kdB_s0,test_w28-31,all,near,1.074187436563196,100000,15990,0.88297,0.7837001064707367,0.8152144324577861,0.732895559724828,0.7672958824265166,0.8521809640400251,0.6878048780487804,0.7875285003126955,0.02531814930021759,0.602553129196167,0.17059789474718384,0.01634058000720769,0.017001639099717122,0.5817350149154663,11,kdB,0,15.5
student_kdB_s0,test_w28-31,all,far,1.074187436563196,100000,84010,0.88297,0.7837001064707367,0.828163176526604,0.6899297702654446,0.7754234441137959,0.8266244294131652,0.6321390310677301,0.7613213287703845,0.02531814930021759,0.602553129196167,0.17059789474718384,0.01634058000720769,0.017001639099717122,0.5817350149154663,11,kdB,0,15.5
student_kdB_s0,test_w28-31,ge5,all,1.074187436563196,95576,94669,0.8898677492257471,0.789121457599383,0.8309861786363559,0.6972398567640938,0.782348695024499,0.8410708892260077,0.6036294880055774,0.7780848335778954,0.024996701555861804,0.5681755542755127,0.16109292499677888,0.014748295138273894,0.017529023387772225,0.547780454158783,11,kdB,0,15.5
student_kdB_s0,test_w28-31,ge5,near,1.074187436563196,95576,15420,0.8898677492257471,0.789121457599383,0.8218043277393442,0.7325551232166018,0.7769123365280529,0.865660016714006,0.6521400778210117,0.8029643178144024,0.024996701555861804,0.5681755542755127,0.16109292499677888,0.014748295138273894,0.017529023387772225,0.547780454158783,11,kdB,0,15.5
student_kdB_s0,test_w28-31,ge5,far,1.074187436563196,95576,79249,0.8898677492257471,0.789121457599383,0.8327727518528246,0.6903683327234413,0.7834064831103448,0.83628642070445,0.5941904629711416,0.773243868430992,0.024996701555861804,0.5681755542755127,0.16109292499677888,0.014748295138273894,0.017529023387772225,0.547780454158783,11,kdB,0,15.5
student_kdB_s0,test_w32-35,all,all,1.074187436563196,100000,100000,0.85529,0.7475282833303013,0.8089248562500001,0.73278,0.741993441,0.8149014039,0.69113,0.7344913564,0.0430722356367111,0.7497664093971252,0.2129735858941148,0.02487917689314172,0.03389867327168583,0.7210158109664917,11,kdB,0,19.5
student_kdB_s0,test_w32-35,all,near,1.074187436563196,100000,16559,0.85529,0.7475282833303013,0.7955952756808986,0.7504076333111903,0.7328753004408479,0.8386343628842322,0.7130261489220363,0.7573185868711879,0.0430722356367111,0.7497664093971252,0.2129735858941148,0.02487917689314172,0.03389867327168583,0.7210158109664917,11,kdB,0,19.5
student_kdB_s0,test_w32-35,all,far,1.074187436563196,100000,83441,0.85529,0.7475282833303013,0.8115701328483599,0.7292817679558011,0.7438029505878405,0.8101915602042161,0.6867846742009324,0.7299612559772776,0.0430722356367111,0.7497664093971252,0.2129735858941148,0.02487917689314172,0.03389867327168583,0.7210158109664917,11,kdB,0,19.5
student_kdB_s0,test_w32-35,ge5,all,1.074187436563196,95262,94615,0.8634292792509081,0.7527039125675669,0.8133681265930381,0.730592400782117,0.7508380696820303,0.8251663592729933,0.6619986260106748,0.7482432054457359,0.041194032460581856,0.6988328099250793,0.20117075511004978,0.022603968744948872,0.032851097907866514,0.6717163324356079,11,kdB,0,19.5
student_kdB_s0,test_w32-35,ge5,near,1.074187436563196,95262,16006,0.8634292792509081,0.7527039125675669,0.8021689886620664,0.7485318005747844,0.7432687275663744,0.8520366041378642,0.6865550418593027,0.7739036593405709,0.041194032460581856,0.6988328099250793,0.20117075511004978,0.022603968744948872,0.032851097907866514,0.6717163324356079,11,kdB,0,19.5
student_kdB_s0,test_w32-35,ge5,far,1.074187436563196,95262,78609,0.8634292792509081,0.7527039125675669,0.8156484431181579,0.726939663397321,0.752379304017834,0.8196951646348842,0.6569985625055655,0.7430183428340664,0.041194032460581856,0.6988328099250793,0.20117075511004978,0.022603968744948872,0.032851097907866514,0.6717163324356079,11,kdB,0,19.5
student_kdB_s0,test_w36-39,all,all,1.074187436563196,100000,100000,0.83792,0.7341103135080607,0.8095102968000001,0.7247,0.7297129352000001,0.8097506341,0.71571,0.7196293020000001,0.05392386349588632,0.8045147657394409,0.23868949413429683,0.03199082848633911,0.04425215264216064,0.7734376788139343,11,kdB,0,23.5
student_kdB_s0,test_w36-39,all,near,1.074187436563196,100000,12548,0.83792,0.7341103135080607,0.7864207511157156,0.7499203060248645,0.7133590293273828,0.8336296230474977,0.7250557857825949,0.7409821620975454,0.05392386349588632,0.8045147657394409,0.23868949413429683,0.03199082848633911,0.04425215264216064,0.7734376788139343,11,kdB,0,23.5
student_kdB_s0,test_w36-39,all,far,1.074187436563196,100000,87452,0.83792,0.7341103135080607,0.812823287003156,0.7210812788729818,0.7320594659927732,0.8063243710835658,0.7143690252938755,0.7165654991309518,0.05392386349588632,0.8045147657394409,0.23868949413429683,0.03199082848633911,0.04425215264216064,0.7734376788139343,11,kdB,0,23.5
student_kdB_s0,test_w36-39,ge5,all,1.074187436563196,95184,91735,0.8484829383089595,0.7391628990402591,0.8101846583502695,0.7299613015751895,0.7375639981594246,0.8190639412335387,0.6990243636561836,0.7337670454582415,0.04968802609140728,0.7452813386917114,0.2231984501977869,0.028949890476734984,0.04089487091587893,0.7164097428321838,11,kdB,0,23.5
student_kdB_s0,test_w36-39,ge5,near,1.074187436563196,95184,12085,0.8484829383089595,0.7391628990402591,0.7919256155079866,0.7445593711212246,0.7243500053168801,0.8462366455549317,0.7056681836988001,0.7580873433006929,0.04968802609140728,0.7452813386917114,0.2231984501977869,0.028949890476734984,0.04089487091587893,0.7164097428321838,11,kdB,0,23.5
student_kdB_s0,test_w36-39,ge5,far,1.074187436563196,95184,79650,0.8484829383089595,0.7391628990402591,0.8129550354092651,0.7277463904582548,0.73956890843566,0.8149411272759235,0.6980163214061519,0.7300770165891138,0.04968802609140728,0.7452813386917114,0.2231984501977869,0.028949890476734984,0.04089487091587893,0.7164097428321838,11,kdB,0,23.5
student_kdB_s0,test_w40-43,all,all,1.074187436563196,100000,100000,0.83014,0.7302380739239194,0.80094843445,0.7424,0.7174134371,0.8025957283,0.73656,0.7084780828000001,0.059424281701892644,0.8697513937950134,0.25120714079049694,0.035450633811293666,0.049715366200357665,0.8348063826560974,11,kdB,0,27.5
student_kdB_s0,test_w40-43,all,near,1.074187436563196,100000,10904,0.83014,0.7302380739239194,0.7770186234409391,0.7657740278796772,0.70098695891416,0.8274768947175348,0.7348679383712399,0.7304406337123991,0.059424281701892644,0.8697513937950134,0.25120714079049694,0.035450633811293666,0.049715366200357665,0.8348063826560974,11,kdB,0,27.5
student_kdB_s0,test_w40-43,all,far,1.074187436563196,100000,89096,0.83014,0.7302380739239194,0.8038770806209032,0.7395393732603035,0.7194237890589924,0.7995506506464937,0.7367670826973153,0.7057901994477868,0.059424281701892644,0.8697513937950134,0.25120714079049694,0.035450633811293666,0.049715366200357665,0.8348063826560974,11,kdB,0,27.5
student_kdB_s0,test_w40-43,ge5,all,1.074187436563196,95288,93977,0.8400008395600705,0.7374516306288087,0.8056017210832254,0.7335092629047533,0.7269802728406652,0.8148680070095444,0.7031401300318163,0.7240469659848418,0.05648913495533464,0.8125594258308411,0.23748532209679524,0.032512893581266904,0.047610153310015314,0.7795701622962952,11,kdB,0,27.5
student_kdB_s0,test_w40-43,ge5,near,1.074187436563196,95288,10557,0.8400008395600705,0.7374516306288087,0.7833420979364755,0.7587382779198636,0.711748955880168,0.8411651068639407,0.7072084872596381,0.7476827591333333,0.05648913495533464,0.8125594258308411,0.23748532209679524,0.032512893581266904,0.047610153310015314,0.7795701622962952,11,kdB,0,27.5
student_kdB_s0,test_w40-43,ge5,far,1.074187436563196,95288,83420,0.8400008395600705,0.7374516306288087,0.8084187294932017,0.7303164708702949,0.7289078323366133,0.8115400462907376,0.7026252697194917,0.7210557999782653,0.05648913495533464,0.8125594258308411,0.23748532209679524,0.032512893581266904,0.047610153310015314,0.7795701622962952,11,kdB,0,27.5
student_kdB_s0,test_w44-47,all,all,1.074187436563196,100000,100000,0.80445,0.6981052783512309,0.7928403105,0.75982,0.6931046606000002,0.7875408464,0.76269,0.6815308077,0.07560097540400922,1.0933096408843994,0.29173270309170946,0.04741793850539113,0.0650915990489721,1.045282006263733,11,kdB,0,31.5
student_kdB_s0,test_w44-47,all,near,1.074187436563196,100000,10628,0.80445,0.6981052783512309,0.7651818046669177,0.7895182536695521,0.6754125922092586,0.8127979187053067,0.7868837034249153,0.7047662297704177,0.07560097540400922,1.0933096408843994,0.29173270309170946,0.04741793850539113,0.0650915990489721,1.045282006263733,11,kdB,0,31.5
student_kdB_s0,test_w44-47,all,far,1.074187436563196,100000,89372,0.80445,0.6981052783512309,0.7961294234212057,0.756288322964687,0.6952085779662533,0.7845373087767981,0.7598129167972072,0.6787676820480688,0.07560097540400922,1.0933096408843994,0.29173270309170946,0.04741793850539113,0.0650915990489721,1.045282006263733,11,kdB,0,31.5
student_kdB_s0,test_w44-47,ge5,all,1.074187436563196,94936,92436,0.8136534086121177,0.7050796192784979,0.7949984351531434,0.7545004110952442,0.7011354078000536,0.7966455760856612,0.7411073607685318,0.6949054037567621,0.07293106752200651,1.0357418060302734,0.27835555508044896,0.043442116698022754,0.06338380549341285,0.9896467328071594,11,kdB,0,31.5
student_kdB_s0,test_w44-47,ge5,near,1.074187436563196,94936,10310,0.8136534086121177,0.7050796192784979,0.7713403412228828,0.7864209505334626,0.6862419039848132,0.8271770565204701,0.7615906886517944,0.7222433519356182,0.07293106752200651,1.0357418060302734,0.27835555508044896,0.043442116698022754,0.06338380549341285,0.9896467328071594,11,kdB,0,31.5
student_kdB_s0,test_w44-47,ge5,far,1.074187436563196,94936,82126,0.8136534086121177,0.7050796192784979,0.7979684440226973,0.7504931446801256,0.7030051204895199,0.7928126904796062,0.7385359082385603,0.691473430377759,0.07293106752200651,1.0357418060302734,0.27835555508044896,0.043442116698022754,0.06338380549341285,0.9896467328071594,11,kdB,0,31.5
student_kdB_s0,test_w48-51,all,all,1.074187436563196,100000,100000,0.79448,0.6875529050965798,0.7953559499499999,0.76521,0.6894776766,0.7903267768500001,0.75955,0.6780621316000001,0.08460904246419668,1.2048481702804565,0.3069624453076048,0.04990663633966027,0.07423947900466621,1.150177240371704,11,kdB,0,35.333333333333336
student_kdB_s0,test_w48-51,all,near,1.074187436563196,100000,10972,0.79448,0.6875529050965798,0.7589030518592781,0.7886438206343419,0.6647930094786729,0.8077745479402114,0.7828107911046299,0.6947857683193585,0.08460904246419668,1.2048481702804565,0.3069624453076048,0.04990663633966027,0.07423947900466621,1.150177240371704,11,kdB,0,35.333333333333336
student_kdB_s0,test_w48-51,all,far,1.074187436563196,100000,89028,0.79448,0.6875529050965798,0.7998484826122119,0.7623219661230175,0.6925198674574291,0.7881764764456125,0.7566832906501325,0.6760010750550389,0.08460904246419668,1.2048481702804565,0.3069624453076048,0.04990663633966027,0.07423947900466621,1.150177240371704,11,kdB,0,35.333333333333336
student_kdB_s0,test_w48-51,ge5,all,1.074187436563196,94668,93780,0.8047281024210926,0.6949899331405125,0.7986249526839768,0.7627959053103007,0.7003642576857905,0.802213217940313,0.7340477713798251,0.6947812310826582,0.0803942837668859,1.1318789720535278,0.29002204636990436,0.044413775280814506,0.07092700293962508,1.0803070068359375,11,kdB,0,35.333333333333336
student_kdB_s0,test_w48-51,ge5,near,1.074187436563196,94668,10675,0.8047281024210926,0.6949899331405125,0.7649280760204354,0.7858548009367682,0.6774493561079573,0.8227929659070341,0.7508196721311475,0.7141091287199274,0.0803942837668859,1.1318789720535278,0.29002204636990436,0.044413775280814506,0.07092700293962508,1.0803070068359375,11,kdB,0,35.333333333333336
student_kdB_s0,test_w48-51,ge5,far,1.074187436563196,94668,83105,0.8047281024210926,0.6949899331405125,0.8029533824822237,0.7598339450093256,0.7033077216692258,0.7995697090113105,0.7318933878827989,0.6922985247800547,0.0803942837668859,1.1318789720535278,0.29002204636990436,0.044413775280814506,0.07092700293962508,1.0803070068359375,11,kdB,0,35.333333333333336
student_enddA_s0,val,all,all,0.951690044628145,200000,53779,0.936935,0.9062061279488668,0.8909301984045817,0.5991000204540806,0.8644291737481173,0.8193518255266926,0.6283493556964614,0.7880453252198816,0.006927239667884985,0.2516586184501648,0.09055710537779851,0.005125751851833396,0.0045416696055978496,0.25086429715156555,11,enddA,0,1.0
student_enddA_s0,val,all,near,0.951690044628145,200000,10959,0.936935,0.9062061279488668,0.8386925223560544,0.668035404690209,0.8159569194269549,0.7610890888767223,0.7168537275298841,0.7343196582717401,0.006927239667884985,0.2516586184501648,0.09055710537779851,0.005125751851833396,0.0045416696055978496,0.25086429715156555,11,enddA,0,1.0
student_enddA_s0,val,all,far,0.951690044628145,200000,42820,0.936935,0.9062061279488668,0.9042994812587575,0.5814572629612331,0.8768347654133581,0.8342631130312939,0.6056982718355909,0.801795432274638,0.006927239667884985,0.2516586184501648,0.09055710537779851,0.005125751851833396,0.0045416696055978496,0.25086429715156555,11,enddA,0,1.0
student_enddA_s0,val,ge5,all,0.951690044628145,191366,52270,0.9470491100822508,0.9180240727995096,0.8997572794044639,0.5546202410560551,0.8774126380398929,0.8268705673434308,0.5968624449971303,0.7992854406896077,0.008770991216159835,0.20745669305324554,0.07666707642366062,0.003980230596362587,0.0038475589833808286,0.20581354200839996,11,enddA,0,1.0
student_enddA_s0,val,ge5,near,0.951690044628145,191366,10483,0.9470491100822508,0.9180240727995096,0.8451604562236097,0.6356004960412096,0.826095038803393,0.7658124099668285,0.6922636649813985,0.7422400972923954,0.008770991216159835,0.20745669305324554,0.07666707642366062,0.003980230596362587,0.0038475589833808286,0.20581354200839996,11,enddA,0,1.0
student_enddA_s0,val,ge5,far,0.951690044628145,191366,41787,0.9470491100822508,0.9180240727995096,0.9134538476530792,0.5343049273697561,0.8902865555931088,0.8421880743139938,0.5729293799507024,0.8135962630705629,0.008770991216159835,0.20745669305324554,0.07666707642366062,0.003980230596362587,0.0038475589833808286,0.20581354200839996,11,enddA,0,1.0
student_enddA_s0,test_w16-19,all,all,0.951690044628145,100000,100000,0.92741,0.8910514287378352,0.87346373665,0.57069,0.840426566,0.80343017145,0.60768,0.7662587252,0.006755264900401219,0.28798478841781616,0.1041835358180825,0.0072965413970349415,0.005953110504299419,0.28783032298088074,11,enddA,0,3.5
student_enddA_s0,test_w16-19,all,near,0.951690044628145,100000,11980,0.92741,0.8910514287378352,0.8398408313856428,0.58330550918197,0.8082080984974958,0.726485333472454,0.6702003338898164,0.6943976302170283,0.006755264900401219,0.28798478841781616,0.1041835358180825,0.0072965413970349415,0.005953110504299419,0.28783032298088074,11,enddA,0,3.5
student_enddA_s0,test_w16-19,all,far,0.951690044628145,100000,88020,0.92741,0.8910514287378352,0.8780399966484889,0.5689729606907521,0.8448116743921836,0.8139027817541469,0.5991706430356737,0.7760394104748922,0.006755264900401219,0.28798478841781616,0.1041835358180825,0.0072965413970349415,0.005953110504299419,0.28783032298088074,11,enddA,0,3.5
student_enddA_s0,test_w16-19,ge5,all,0.951690044628145,96085,89545,0.9361294686995889,0.8998561709023479,0.8744282964159991,0.5653693673571947,0.8459527592754233,0.8007820289058385,0.5974872968898319,0.7675902272499834,0.007422977167407917,0.25139346718788147,0.09228756278464491,0.006129624783230238,0.003978799771938756,0.2504873275756836,11,enddA,0,3.5
student_enddA_s0,test_w16-19,ge5,near,0.951690044628145,96085,11402,0.9361294686995889,0.8998561709023479,0.8427253331733178,0.5709524644799158,0.8152826035263736,0.7268554082653367,0.6551482196105947,0.6979590158347798,0.007422977167407917,0.25139346718788147,0.09228756278464491,0.006129624783230238,0.003978799771938756,0.2504873275756836,11,enddA,0,3.5
student_enddA_s0,test_w16-19,ge5,far,0.951690044628145,96085,78143,0.9361294686995889,0.8998561709023479,0.8790541386141877,0.5645547265909935,0.8504279024853164,0.8115688086371389,0.5890738773786519,0.7777502553082374,0.007422977167407917,0.25139346718788147,0.09228756278464491,0.006129624783230238,0.003978799771938756,0.2504873275756836,11,enddA,0,3.5
student_enddA_s0,test_w20-23,all,all,0.951690044628145,100000,100000,0.90896,0.8614564156404142,0.86020353955,0.62635,0.818381821,0.7876290631,0.76111,0.7436829773,0.007059122454226019,0.34055984020233154,0.1275368614675845,0.010156649907806022,0.008011707919538005,0.34045401215553284,11,enddA,0,7.5
student_enddA_s0,test_w20-23,all,near,0.951690044628145,100000,13417,0.90896,0.8614564156404142,0.824730515390922,0.616605798613699,0.784327638816427,0.7092918696429902,0.75560855630916,0.6706410501602444,0.007059122454226019,0.34055984020233154,0.1275368614675845,0.010156649907806022,0.008011707919538005,0.34045401215553284,11,enddA,0,7.5
student_enddA_s0,test_w20-23,all,far,0.951690044628145,100000,86583,0.90896,0.8614564156404142,0.8657004796553596,0.6278599725119249,0.8236588957416583,0.7997682835545085,0.7619625099615398,0.7550016372729058,0.007059122454226019,0.34055984020233154,0.1275368614675845,0.010156649907806022,0.008011707919538005,0.34045401215553284,11,enddA,0,7.5
student_enddA_s0,test_w20-23,ge5,all,0.951690044628145,95941,89776,0.9174179964770015,0.86933396379193,0.8607488570829778,0.6213910176439137,0.8237545485793395,0.7843929513960054,0.741879789698806,0.7449573369997855,0.006419707507190445,0.3084810674190521,0.116395034774027,0.008699455149285936,0.005862824578822501,0.30781295895576477,11,enddA,0,7.5
student_enddA_s0,test_w20-23,ge5,near,0.951690044628145,95941,12762,0.9174179964770015,0.86933396379193,0.8274902590947959,0.606409653659301,0.7913339489528937,0.7097024623447885,0.7476884500861933,0.6746459582741162,0.006419707507190445,0.3084810674190521,0.116395034774027,0.008699455149285936,0.005862824578822501,0.30781295895576477,11,enddA,0,7.5
student_enddA_s0,test_w20-23,ge5,far,0.951690044628145,95941,77014,0.9174179964770015,0.86933396379193,0.8662601437000237,0.6238735814267535,0.8291269703783979,0.7967699220931727,0.7409172358272522,0.7566086447528823,0.006419707507190445,0.3084810674190521,0.116395034774027,0.008699455149285936,0.005862824578822501,0.30781295895576477,11,enddA,0,7.5
student_enddA_s0,test_w24-27,all,all,0.951690044628145,100000,100000,0.90325,0.8380495615548157,0.8443793048999999,0.65584,0.7994132219,0.75621154055,0.83075,0.7102122145,0.008471146789267636,0.388081431388855,0.14075956476988993,0.012269059098263792,0.00808414475440976,0.38842877745628357,11,enddA,0,11.5
student_enddA_s0,test_w24-27,all,near,0.951690044628145,100000,12494,0.90325,0.8380495615548157,0.8179149139587002,0.6379862333920282,0.7738119497358732,0.6978585881222987,0.8089482951816872,0.6559085729149993,0.008471146789267636,0.388081431388855,0.14075956476988993,0.012269059098263792,0.00808414475440976,0.38842877745628357,11,enddA,0,11.5
student_enddA_s0,test_w24-27,all,far,0.951690044628145,100000,87506,0.90325,0.8380495615548157,0.8481578583754257,0.6583891390304665,0.8030685403286631,0.7645431039585856,0.8338628208351427,0.7179656222430462,0.008471146789267636,0.388081431388855,0.14075956476988993,0.012269059098263792,0.00808414475440976,0.38842877745628357,11,enddA,0,11.5
student_enddA_s0,test_w24-27,ge5,all,0.951690044628145,96204,89771,0.910138871564592,0.8436357295215964,0.842670430941387,0.6516024105780263,0.8022652813662681,0.7511159659599658,0.8311258647001816,0.7090217092977623,0.008483563069537453,0.3545374274253845,0.13086755881344495,0.010886307467848948,0.0065129281535777185,0.354017972946167,11,enddA,0,11.5
student_enddA_s0,test_w24-27,ge5,near,0.951690044628145,96204,11977,0.910138871564592,0.8436357295215964,0.8200491196890141,0.6283710445019621,0.7796618570553299,0.698884379699984,0.8036236119228521,0.6597794779605902,0.008483563069537453,0.3545374274253845,0.13086755881344495,0.010886307467848948,0.0065129281535777185,0.354017972946167,11,enddA,0,11.5
student_enddA_s0,test_w24-27,ge5,far,0.951690044628145,96204,77794,0.910138871564592,0.8436357295215964,0.8461531602633099,0.6551790626526467,0.8057452568524507,0.7591574307083502,0.835360053474561,0.7166029392734072,0.008483563069537453,0.3545374274253845,0.13086755881344495,0.010886307467848948,0.0065129281535777185,0.354017972946167,11,enddA,0,11.5
student_enddA_s0,test_w28-31,all,all,0.951690044628145,100000,100000,0.88038,0.7776327340441105,0.8249924952000001,0.67703,0.7681418714,0.7290440040499999,0.89003,0.6714096632999998,0.01043546219900254,0.5094993114471436,0.17341985469181267,0.0178168193969274,0.014583066283017402,0.5127283334732056,11,enddA,0,15.5
student_enddA_s0,test_w28-31,all,near,0.951690044628145,100000,15990,0.88038,0.7776327340441105,0.8026629962476548,0.6881175734834272,0.7484044240150094,0.6786193855534709,0.8917448405253283,0.627239612883052,0.01043546219900254,0.5094993114471436,0.17341985469181267,0.0178168193969274,0.014583066283017402,0.5127283334732056,11,enddA,0,15.5
student_enddA_s0,test_w28-31,all,far,0.951690044628145,100000,84010,0.88038,0.7776327340441105,0.8292425688608499,0.6749196524223307,0.7718985882633019,0.7386415477919295,0.8897036067134865,0.6798167470539221,0.01043546219900254,0.5094993114471436,0.17341985469181267,0.0178168193969274,0.014583066283017402,0.5127283334732056,11,enddA,0,15.5
student_enddA_s0,test_w28-31,ge5,all,0.951690044628145,95576,94669,0.8872834184314053,0.7828666218234921,0.8268695495153311,0.6757439077205843,0.7744045505772089,0.7322683291401466,0.8925202547824526,0.6774079239286102,0.008535013349142575,0.4695618450641632,0.16312049882653035,0.016064454064845343,0.011585365726186138,0.47152602672576904,11,enddA,0,15.5
student_enddA_s0,test_w28-31,ge5,near,0.951690044628145,95576,15420,0.8872834184314053,0.7828666218234921,0.8045622061912661,0.6835927367055772,0.754453354944129,0.6808854891502536,0.8921530479896239,0.6320651877721501,0.008535013349142575,0.4695618450641632,0.16312049882653035,0.016064454064845343,0.011585365726186138,0.47152602672576904,11,enddA,0,15.5
student_enddA_s0,test_w28-31,ge5,far,0.951690044628145,95576,79249,0.8872834184314053,0.7828666218234921,0.8312100362603636,0.6742167093591086,0.7782865861443717,0.7422662268125986,0.8925917046271877,0.6862305588076951,0.008535013349142575,0.4695618450641632,0.16312049882653035,0.016064454064845343,0.011585365726186138,0.47152602672576904,11,enddA,0,15.5
student_enddA_s0,test_w32-35,all,all,0.951690044628145,100000,100000,0.85312,0.7379735888624186,0.8091530866000001,0.69355,0.7364322767,0.7113146933000001,0.88958,0.6353648476,0.017077180790156108,0.6439446210861206,0.21402799395446728,0.026699512751675494,0.0275793676461279,0.6515159606933594,11,enddA,0,19.5
student_enddA_s0,test_w32-35,all,near,0.951690044628145,100000,16559,0.85312,0.7379735888624186,0.7852647209976448,0.7055981641403466,0.71643563319041,0.6509787339211305,0.9060329730056162,0.585721104535298,0.017077180790156108,0.6439446210861206,0.21402799395446728,0.026699512751675494,0.0275793676461279,0.6515159606933594,11,enddA,0,19.5
student_enddA_s0,test_w32-35,all,far,0.951690044628145,100000,83441,0.85312,0.7379735888624186,0.8138937709878837,0.6911590225428746,0.7404006426097482,0.7232884610083772,0.8863148811735239,0.645216727867595,0.017077180790156108,0.6439446210861206,0.21402799395446728,0.026699512751675494,0.0275793676461279,0.6515159606933594,11,enddA,0,19.5
student_enddA_s0,test_w32-35,ge5,all,0.951690044628145,95262,94615,0.8615292561567046,0.7431806725020027,0.8107119753960622,0.6887597104053268,0.7436662937686137,0.7141256865934462,0.8920678539343656,0.6423192690752151,0.012920787125489275,0.5933300852775574,0.20112375591387602,0.024018397336166633,0.021842340406654774,0.5989558100700378,11,enddA,0,19.5
student_enddA_s0,test_w32-35,ge5,near,0.951690044628145,95262,16006,0.8615292561567046,0.7431806725020027,0.7871843760181332,0.6993002624015994,0.7236692319142053,0.6531824013828158,0.9059727602149195,0.5916386963630844,0.012920787125489275,0.5933300852775574,0.20112375591387602,0.024018397336166633,0.021842340406654774,0.5989558100700378,11,enddA,0,19.5
student_enddA_s0,test_w32-35,ge5,far,0.951690044628145,95262,78609,0.8615292561567046,0.7431806725020027,0.8155025560629467,0.6866134920937806,0.7477380027592084,0.7265346756797002,0.8892366014069636,0.65263861223987,0.012920787125489275,0.5933300852775574,0.20112375591387602,0.024018397336166633,0.021842340406654774,0.5989558100700378,11,enddA,0,19.5
student_enddA_s0,test_w36-39,all,all,0.951690044628145,100000,100000,0.82838,0.7178198456884485,0.8072658287,0.70345,0.7192728155,0.7228434474500001,0.87064,0.6302425700999998,0.030527385519072452,0.7082656025886536,0.24444886730438906,0.034099074826446876,0.041522309690564876,0.7171644568443298,11,enddA,0,23.5
student_enddA_s0,test_w36-39,all,near,0.951690044628145,100000,12548,0.82838,0.7178198456884485,0.7783353323238763,0.6963659547338221,0.694104827064074,0.6638554701944532,0.891695887790883,0.5830427964615874,0.030527385519072452,0.7082656025886536,0.24444886730438906,0.034099074826446876,0.041522309690564876,0.7171644568443298,11,enddA,0,23.5
student_enddA_s0,test_w36-39,all,far,0.951690044628145,100000,87452,0.82838,0.7178198456884485,0.8114169043589626,0.7044664501669488,0.7228840298678133,0.7313073034922014,0.8676188080318346,0.6370150025156658,0.030527385519072452,0.7082656025886536,0.24444886730438906,0.034099074826446876,0.041522309690564876,0.7171644568443298,11,enddA,0,23.5
student_enddA_s0,test_w36-39,ge5,all,0.951690044628145,95184,91735,0.8389855437888721,0.7234565051469422,0.8069319250671275,0.6993840954924511,0.7265594795272178,0.7230845329800131,0.8716738431351174,0.6370578867659862,0.023361319106821755,0.6540389657020569,0.22869877330334504,0.030512945112711756,0.033609211621131285,0.6608105897903442,11,enddA,0,23.5
student_enddA_s0,test_w36-39,ge5,near,0.951690044628145,95184,12085,0.8389855437888721,0.7234565051469422,0.778751703992278,0.6928423665701282,0.7017642966177897,0.6642834046991484,0.8925941249482829,0.5894545898098255,0.023361319106821755,0.6540389657020569,0.22869877330334504,0.030512945112711756,0.033609211621131285,0.6608105897903442,11,enddA,0,23.5
student_enddA_s0,test_w36-39,ge5,far,0.951690044628145,95184,79650,0.8389855437888721,0.7234565051469422,0.8112076058165256,0.700376647834275,0.7303215609517053,0.7320062107612341,0.8684996861268047,0.6442805590034649,0.023361319106821755,0.6540389657020569,0.22869877330334504,0.030512945112711756,0.033609211621131285,0.6608105897903442,11,enddA,0,23.5
student_enddA_s0,test_w40-43,all,all,0.951690044628145,100000,100000,0.82426,0.7127647250353796,0.7965552584,0.71786,0.7078528772,0.7097805689500001,0.89509,0.6204468569999999,0.03123721866287289,0.7502413988113403,0.2529891804029757,0.03672411705849192,0.04245639067709447,0.7606601715087891,11,enddA,0,27.5
student_enddA_s0,test_w40-43,all,near,0.951690044628145,100000,10904,0.82426,0.7127647250353796,0.7638484198459281,0.706529713866471,0.6791097753118122,0.6549746648019076,0.9089325018341893,0.5759394488261188,0.03123721866287289,0.7502413988113403,0.2529891804029757,0.03672411705849192,0.04245639067709447,0.7606601715087891,11,enddA,0,27.5
student_enddA_s0,test_w40-43,all,far,0.951690044628145,100000,89096,0.82426,0.7127647250353796,0.8005580797117715,0.7192466552931669,0.7113705972209752,0.7164879809419054,0.8933958875819341,0.6258938891757205,0.03123721866287289,0.7502413988113403,0.2529891804029757,0.03672411705849192,0.04245639067709447,0.7606601715087891,11,enddA,0,27.5
student_enddA_s0,test_w40-43,ge5,all,0.951690044628145,95288,93977,0.8339350180505415,0.7196895220168329,0.7992855597136566,0.7116209285250646,0.7166218325148065,0.7143168905576456,0.8934739351117826,0.629749620566009,0.025146375118687777,0.695357620716095,0.23857727723848143,0.03324139057362496,0.035715821444636066,0.7036553025245667,11,enddA,0,27.5
student_enddA_s0,test_w40-43,ge5,near,0.951690044628145,95288,10557,0.8339350180505415,0.7196895220168329,0.7648425012306908,0.7018092261059014,0.6862977822070794,0.6564545510633246,0.9093492469451548,0.5825164005081513,0.025146375118687777,0.695357620716095,0.23857727723848143,0.03324139057362496,0.035715821444636066,0.7036553025245667,11,enddA,0,27.5
student_enddA_s0,test_w40-43,ge5,far,0.951690044628145,95288,83420,0.8339350180505415,0.7196895220168329,0.8036444109292484,0.7128626228722129,0.7204594134198494,0.7216395076523656,0.8914648765284104,0.6357270972400776,0.025146375118687777,0.695357620716095,0.23857727723848143,0.03324139057362496,0.035715821444636066,0.7036553025245667,11,enddA,0,27.5
student_enddA_s0,test_w44-47,all,all,0.951690044628145,100000,100000,0.79859,0.6785769782997028,0.78270985345,0.7581,0.6811988788,0.7023160864500001,0.89308,0.5992372852,0.04444676952391864,0.9176395535469055,0.291553378848325,0.04793633680406091,0.05641470864623787,0.9340608716011047,11,enddA,0,31.5
student_enddA_s0,test_w44-47,all,near,0.951690044628145,100000,10628,0.79859,0.6785769782997028,0.7465685302973277,0.7541400075272864,0.6511010265336845,0.6304590971960857,0.9164471208129469,0.5442439772299588,0.04444676952391864,0.9176395535469055,0.291553378848325,0.04793633680406091,0.05641470864623787,0.9340608716011047,11,enddA,0,31.5
student_enddA_s0,test_w44-47,all,far,0.951690044628145,100000,89372,0.79859,0.6785769782997028,0.787007731784004,0.7585709170657476,0.6847780755717674,0.7108612245446,0.8903012129078458,0.6057770166271313,0.04444676952391864,0.9176395535469055,0.291553378848325,0.04793633680406091,0.05641470864623787,0.9340608716011047,11,enddA,0,31.5
student_enddA_s0,test_w44-47,ge5,all,0.951690044628145,94936,92436,0.8078073649616584,0.6849745309020426,0.7839300053014299,0.7589467307109784,0.6889718859291387,0.7050858200066641,0.894435068587996,0.6072499887988201,0.03783552450386647,0.8590787649154663,0.2772678249334131,0.04362814712611488,0.04949301633309864,0.8731015920639038,11,enddA,0,31.5
student_enddA_s0,test_w44-47,ge5,near,0.951690044628145,94936,10310,0.8078073649616584,0.6849745309020426,0.7472468026241701,0.7551891367604268,0.658151268092029,0.6320478221808032,0.9177497575169739,0.5509838809576917,0.03783552450386647,0.8590787649154663,0.2772678249334131,0.04362814712611488,0.04949301633309864,0.8731015920639038,11,enddA,0,31.5
student_enddA_s0,test_w44-47,ge5,far,0.951690044628145,94936,82126,0.8078073649616584,0.6849745309020426,0.7885351707740276,0.7594184545698074,0.6928410694995133,0.7142549230627563,0.8915081703723546,0.614313568808099,0.03783552450386647,0.8590787649154663,0.2772678249334131,0.04362814712611488,0.04949301633309864,0.8731015920639038,11,enddA,0,31.5
student_enddA_s0,test_w48-51,all,all,0.951690044628145,100000,100000,0.78966,0.6657584352542238,0.7836122605999999,0.76112,0.6770247035000001,0.7091418699500001,0.89497,0.5967397519,0.04821160452961923,0.9768606424331665,0.3037323258913568,0.05066205339637074,0.06035045706152915,0.995361328125,11,enddA,0,35.333333333333336
student_enddA_s0,test_w48-51,all,near,0.951690044628145,100000,10972,0.78966,0.6657584352542238,0.7358739222566534,0.7544659132336857,0.6375491204885162,0.6318877697776156,0.9046664236237696,0.5375744495078382,0.04821160452961923,0.9768606424331665,0.3037323258913568,0.05066205339637074,0.06035045706152915,0.995361328125,11,enddA,0,35.333333333333336
student_enddA_s0,test_w48-51,all,far,0.951690044628145,100000,89028,0.78966,0.6657584352542238,0.7894956349126118,0.7619400638001528,0.6818897582782946,0.7186628295030777,0.8937749921373052,0.604031409556544,0.04821160452961923,0.9768606424331665,0.3037323258913568,0.05066205339637074,0.06035045706152915,0.995361328125,11,enddA,0,35.333333333333336
student_enddA_s0,test_w48-51,ge5,all,0.951690044628145,94668,93780,0.7999007056238645,0.6721200323198357,0.7843325920553524,0.7621134570270847,0.6859741781546821,0.7119016378217231,0.8936233738537002,0.6064358993015363,0.0405993755142937,0.90614253282547,0.28660299854374616,0.04503669806963673,0.05239341857844634,0.9216170310974121,11,enddA,0,35.333333333333336
student_enddA_s0,test_w48-51,ge5,near,0.951690044628145,94668,10675,0.7999007056238645,0.6721200323198357,0.7367592693469667,0.7559718969555035,0.6458941159485598,0.6339846245857209,0.9048243559718969,0.5460797210792327,0.0405993755142937,0.90614253282547,0.28660299854374616,0.04503669806963673,0.05239341857844634,0.9216170310974121,11,enddA,0,35.333333333333336
student_enddA_s0,test_w48-51,ge5,far,0.951690044628145,94668,83105,0.7999007056238645,0.6721200323198357,0.7904434785232186,0.7629023524457013,0.6911225406364864,0.7219102307619112,0.892184585764996,0.6141887685936739,0.0405993755142937,0.90614253282547,0.28660299854374616,0.04503669806963673,0.05239341857844634,0.9216170310974121,11,enddA,0,35.333333333333336
student_kdA4_s0,val,all,all,1.7075039781861747,200000,53779,0.92795,0.8946066733984385,0.8537555852656241,0.761933096561855,0.8305645037096265,0.8027220058480075,0.7167295784599936,0.7757484233622789,0.03589132509991523,0.3111094832420349,0.10936575314699687,0.005779270482742721,0.004677870143651986,0.2526039183139801,11,kdA4,0,1.0
student_kdA4_s0,val,all,near,1.7075039781861747,200000,10959,0.92795,0.8946066733984385,0.8365043277215074,0.7563646318094717,0.8137330655169268,0.7822403846153847,0.7716032484715759,0.7580849648690574,0.03589132509991523,0.3111094832420349,0.10936575314699687,0.005779270482742721,0.004677870143651986,0.2526039183139801,11,kdA4,0,1.0
student_kdA4_s0,val,all,far,1.7075039781861747,200000,42820,0.92795,0.8946066733984385,0.858170730791686,0.7633582438113031,0.8348722041102289,0.8079639041919663,0.7026856609061186,0.780269064222326,0.03589132509991523,0.3111094832420349,0.10936575314699687,0.005779270482742721,0.004677870143651986,0.2526039183139801,11,kdA4,0,1.0
student_kdA4_s0,val,ge5,all,1.7075039781861747,191366,52270,0.9399684374444781,0.9082748867896902,0.8663694620529498,0.7185000956571648,0.8466813384107594,0.8154948506697415,0.6647599005165487,0.7914079647540633,0.030022068562439524,0.2558830678462982,0.09182554736314205,0.004313460730415049,0.004040324278212048,0.2072865515947342,11,kdA4,0,1.0
student_kdA4_s0,val,ge5,near,1.7075039781861747,191366,10483,0.9399684374444781,0.9082748867896902,0.8463311029841657,0.7190689688066393,0.8273557226609825,0.7939441292542193,0.7267003720309072,0.7723171933733866,0.030022068562439524,0.2558830678462982,0.09182554736314205,0.004313460730415049,0.004040324278212048,0.2072865515947342,11,kdA4,0,1.0
student_kdA4_s0,val,ge5,far,1.7075039781861747,191366,41787,0.9399684374444781,0.9082748867896902,0.8713964349899413,0.718357383875368,0.851529507216965,0.8209012261597004,0.64922104960873,0.7961972187417541,0.030022068562439524,0.2558830678462982,0.09182554736314205,0.004313460730415049,0.004040324278212048,0.2072865515947342,11,kdA4,0,1.0
student_kdA4_s0,test_w16-19,all,all,1.7075039781861747,100000,100000,0.9195,0.8851256997874325,0.85851854845,0.67066,0.8253944705000001,0.83731603875,0.59958,0.7983237759999999,0.041902256642132964,0.35964542627334595,0.12368113925023519,0.0075157426249159815,0.007523046980351233,0.2852986752986908,11,kdA4,0,3.5
student_kdA4_s0,test_w16-19,all,near,1.7075039781861747,100000,11980,0.9195,0.8851256997874325,0.8268950646911518,0.6873956594323873,0.7958836878130217,0.8286506949081803,0.6061769616026711,0.7905171811352254,0.041902256642132964,0.35964542627334595,0.12368113925023519,0.0075157426249159815,0.007523046980351233,0.2852986752986908,11,kdA4,0,3.5
student_kdA4_s0,test_w16-19,all,far,1.7075039781861747,100000,88020,0.9195,0.8851256997874325,0.8628226763235628,0.6683821858668484,0.8294110482844808,0.8384954391047489,0.5986821177005226,0.7993862959554647,0.041902256642132964,0.35964542627334595,0.12368113925023519,0.0075157426249159815,0.007523046980351233,0.2852986752986908,11,kdA4,0,3.5
student_kdA4_s0,test_w16-19,ge5,all,1.7075039781861747,96085,89545,0.9292397356507259,0.8942110929653717,0.8584390790683117,0.6774694287788263,0.831344013894718,0.8367993470705672,0.580657769836395,0.8026009998400353,0.03705582881889428,0.31308209896087646,0.10878250360053976,0.006061952794887002,0.006431084590436571,0.24748125672340393,11,kdA4,0,3.5
student_kdA4_s0,test_w16-19,ge5,near,1.7075039781861747,96085,11402,0.9292397356507259,0.8942110929653717,0.8319657349666747,0.667689878968602,0.805265116323902,0.8341758479811767,0.5713032801262936,0.8001025182372975,0.03705582881889428,0.31308209896087646,0.10878250360053976,0.006061952794887002,0.006431084590436571,0.24748125672340393,11,kdA4,0,3.5
student_kdA4_s0,test_w16-19,ge5,far,1.7075039781861747,96085,78143,0.9292397356507259,0.8942110929653717,0.8623018571731564,0.6788963822735242,0.835149237524505,0.8371821470221588,0.5820227019694663,0.8029655582423799,0.03705582881889428,0.31308209896087646,0.10878250360053976,0.006061952794887002,0.006431084590436571,0.24748125672340393,11,kdA4,0,3.5
student_kdA4_s0,test_w20-23,all,all,1.7075039781861747,100000,100000,0.90184,0.8544785061169353,0.8435382262,0.71713,0.8030796028000001,0.83332519195,0.60908,0.7838569106,0.052162008967399615,0.4471059739589691,0.14964390802216634,0.011031584451176205,0.01099366950444879,0.34869280457496643,11,kdA4,0,7.5
student_kdA4_s0,test_w20-23,all,near,1.7075039781861747,100000,13417,0.90184,0.8544785061169353,0.8081927573227994,0.7194603860773645,0.7699654095550421,0.8229619527465157,0.5984944473429231,0.7738903652083178,0.052162008967399615,0.4471059739589691,0.14964390802216634,0.011031584451176205,0.01099366950444879,0.34869280457496643,11,kdA4,0,7.5
student_kdA4_s0,test_w20-23,all,far,1.7075039781861747,100000,86583,0.90184,0.8544785061169353,0.8490154001940335,0.7167688807271635,0.8082110157883188,0.834931091265029,0.6107203492602474,0.7854013377914834,0.052162008967399615,0.4471059739589691,0.14964390802216634,0.011031584451176205,0.01099366950444879,0.34869280457496643,11,kdA4,0,7.5
student_kdA4_s0,test_w20-23,ge5,all,1.7075039781861747,95941,89776,0.9125295754682565,0.8638154313008845,0.8424702013185156,0.7367670646943504,0.8092270455154882,0.8326108948784356,0.5921292995900909,0.7891386516840084,0.04618360005259556,0.4003608524799347,0.13359803896423852,0.009117787202530918,0.008809200069270147,0.3109723627567291,11,kdA4,0,7.5
student_kdA4_s0,test_w20-23,ge5,near,1.7075039781861747,95941,12762,0.9125295754682565,0.8638154313008845,0.8123017385536307,0.7182259833881837,0.7792376564110379,0.8279131294027916,0.56386146372042,0.7839272541671917,0.04618360005259556,0.4003608524799347,0.13359803896423852,0.009117787202530918,0.008809200069270147,0.3109723627567291,11,kdA4,0,7.5
student_kdA4_s0,test_w20-23,ge5,far,1.7075039781861747,95941,77014,0.9125295754682565,0.8638154313008845,0.8474694212240582,0.7398395096995352,0.8141965911013687,0.833389362209053,0.5968135663645571,0.7900022330472622,0.04618360005259556,0.4003608524799347,0.13359803896423852,0.009117787202530918,0.008809200069270147,0.3109723627567291,11,kdA4,0,7.5
student_kdA4_s0,test_w24-27,all,all,1.7075039781861747,100000,100000,0.89461,0.8283072118390598,0.82994934295,0.717,0.7856306154000001,0.816330639,0.62161,0.7631057823,0.05804054903358218,0.514725923538208,0.16329411560500323,0.013518404513022738,0.013573555424809432,0.3920333981513977,11,kdA4,0,11.5
student_kdA4_s0,test_w24-27,all,near,1.7075039781861747,100000,12494,0.89461,0.8283072118390598,0.8015928285577076,0.7193052665279334,0.759229939170802,0.8144879101968945,0.6242996638386425,0.7612700592284296,0.05804054903358218,0.514725923538208,0.16329411560500323,0.013518404513022738,0.013573555424809432,0.3920333981513977,11,kdA4,0,11.5
student_kdA4_s0,test_w24-27,all,far,1.7075039781861747,100000,87506,0.89461,0.8283072118390598,0.8339980515050397,0.7166708568555299,0.7894000717665075,0.8165937415720065,0.6212259730761319,0.7633678846021987,0.05804054903358218,0.514725923538208,0.16329411560500323,0.013518404513022738,0.013573555424809432,0.3920333981513977,11,kdA4,0,11.5
student_kdA4_s0,test_w24-27,ge5,all,1.7075039781861747,96204,89771,0.9030081909276122,0.8355663974351094,0.8274741589855295,0.7401053792427399,0.7894933407219539,0.8135432173153345,0.6205233315881521,0.7655801610354624,0.05340245356322852,0.4668692648410797,0.15013941489711716,0.011725976811110574,0.013168998520314387,0.3548026978969574,11,kdA4,0,11.5
student_kdA4_s0,test_w24-27,ge5,near,1.7075039781861747,96204,11977,0.9030081909276122,0.8355663974351094,0.8059195249031545,0.7161225682558237,0.7676539078943067,0.8195421785321648,0.6034065291809301,0.7702572025331478,0.05340245356322852,0.4668692648410797,0.15013941489711716,0.011725976811110574,0.013168998520314387,0.3548026978969574,11,kdA4,0,11.5
student_kdA4_s0,test_w24-27,ge5,far,1.7075039781861747,96204,77794,0.9030081909276122,0.8355663974351094,0.8307926649423463,0.7437977221893719,0.7928556936923209,0.8126196299114992,0.6231585983494871,0.7648600936007273,0.05340245356322852,0.4668692648410797,0.15013941489711716,0.011725976811110574,0.013168998520314387,0.3548026978969574,11,kdA4,0,11.5
student_kdA4_s0,test_w28-31,all,all,1.7075039781861747,100000,100000,0.86791,0.760740398799496,0.8113698087500001,0.73096,0.7532570279999998,0.8076924017,0.66566,0.7392502555,0.07794524643912912,0.7096260190010071,0.2061951095145105,0.02047547792604468,0.026454160051569354,0.5203564167022705,11,kdA4,0,15.5
student_kdA4_s0,test_w28-31,all,near,1.7075039781861747,100000,15990,0.86791,0.760740398799496,0.7884428208255159,0.7355222013758599,0.7331117642276422,0.8034673483427142,0.6723577235772358,0.7364560838023765,0.07794524643912912,0.7096260190010071,0.2061951095145105,0.02047547792604468,0.026454160051569354,0.5203564167022705,11,kdA4,0,15.5
student_kdA4_s0,test_w28-31,all,far,1.7075039781861747,100000,84010,0.86791,0.760740398799496,0.8157336051660515,0.7300916557552672,0.7570913663849542,0.8084965750505891,0.6643851922390192,0.7397820827282466,0.07794524643912912,0.7096260190010071,0.2061951095145105,0.02047547792604468,0.026454160051569354,0.5203564167022705,11,kdA4,0,15.5
student_kdA4_s0,test_w28-31,ge5,all,1.7075039781861747,95576,94669,0.8762450824474763,0.7674581086604669,0.8152479254231851,0.7280419144598549,0.7619524032810009,0.8137599931727604,0.6404736502973518,0.7488482759881753,0.07305231919842523,0.6536799073219299,0.19271201832889173,0.01817272083099211,0.026417265224659633,0.4779607355594635,11,kdA4,0,15.5
student_kdA4_s0,test_w28-31,ge5,near,1.7075039781861747,95576,15420,0.8762450824474763,0.7674581086604669,0.793427146263268,0.732166018158236,0.7425149326027829,0.8106326094026177,0.651686121919585,0.7470588898254362,0.07305231919842523,0.6536799073219299,0.19271201832889173,0.01817272083099211,0.026417265224659633,0.4779607355594635,11,kdA4,0,15.5
student_kdA4_s0,test_w28-31,ge5,far,1.7075039781861747,95576,79249,0.8762450824474763,0.7674581086604669,0.8194937381734522,0.727239460434832,0.7657344799994218,0.8143685088352368,0.6382919658292219,0.7491964486418293,0.07305231919842523,0.6536799073219299,0.19271201832889173,0.01817272083099211,0.026417265224659633,0.4779607355594635,11,kdA4,0,15.5
student_kdA4_s0,test_w32-35,all,all,1.7075039781861747,100000,100000,0.84471,0.7224612815915411,0.7954739821000001,0.7434,0.7233287608,0.78936978555,0.70887,0.7079238982,0.0965676641006768,0.9207292795181274,0.24953678963516526,0.029023734036150103,0.03825307578086854,0.6559390425682068,11,kdA4,0,19.5
student_kdA4_s0,test_w32-35,all,near,1.7075039781861747,100000,16559,0.84471,0.7224612815915411,0.7617056757654448,0.7667129657588019,0.6960006727459388,0.7769860118364635,0.7157437043299716,0.6983131167341023,0.0965676641006768,0.9207292795181274,0.24953678963516526,0.029023734036150103,0.03825307578086854,0.6559390425682068,11,kdA4,0,19.5
student_kdA4_s0,test_w32-35,all,far,1.7075039781861747,100000,83441,0.84471,0.7224612815915411,0.8021753565393511,0.7387735046320154,0.7287520636138111,0.7918273652640787,0.7075059023741326,0.7098311731642718,0.0965676641006768,0.9207292795181274,0.24953678963516526,0.029023734036150103,0.03825307578086854,0.6559390425682068,11,kdA4,0,19.5
student_kdA4_s0,test_w32-35,ge5,all,1.7075039781861747,95262,94615,0.8544120425773131,0.7283947685786504,0.7991436144322469,0.7407916292342652,0.7325744921584373,0.7953118992414308,0.695048353855097,0.7183219166457326,0.09008635601719372,0.8437767624855042,0.23360717974209017,0.025942105067616447,0.036381099801309956,0.6016598343849182,11,kdA4,0,19.5
student_kdA4_s0,test_w32-35,ge5,near,1.7075039781861747,95262,16006,0.8544120425773131,0.7283947685786504,0.7668160778961737,0.765088091965513,0.7061447832123314,0.7843019625864986,0.699675121829314,0.7098210882493459,0.09008635601719372,0.8437767624855042,0.23360717974209017,0.025942105067616447,0.036381099801309956,0.6016598343849182,11,kdA4,0,19.5
student_kdA4_s0,test_w32-35,ge5,far,1.7075039781861747,95262,78609,0.8544120425773131,0.7283947685786504,0.8057259974901205,0.7358444961772825,0.7379559869159251,0.7975536914802182,0.694106272818634,0.7200528158978867,0.09008635601719372,0.8437767624855042,0.23360717974209017,0.025942105067616447,0.036381099801309956,0.6016598343849182,11,kdA4,0,19.5
student_kdA4_s0,test_w36-39,all,all,1.7075039781861747,100000,100000,0.82204,0.7081292490899089,0.7980190785000001,0.74065,0.7096402309,0.7929908477000001,0.72962,0.6961013209,0.11624876708924767,1.0186561346054077,0.2894622052060471,0.03716430815757186,0.05532409020334482,0.7199129462242126,11,kdA4,0,23.5
student_kdA4_s0,test_w36-39,all,near,1.7075039781861747,100000,12548,0.82204,0.7081292490899089,0.7621835093241951,0.7408351928594198,0.6804764839018171,0.7844767935129104,0.6978004462862608,0.6882513906598661,0.11624876708924767,1.0186561346054077,0.2894622052060471,0.03716430815757186,0.05532409020334482,0.7199129462242126,11,kdA4,0,23.5
student_kdA4_s0,test_w36-39,all,far,1.7075039781861747,100000,87452,0.82204,0.7081292490899089,0.8031609245643324,0.7406234277089147,0.7138247743905229,0.7942124818757719,0.7341856103919865,0.6972276636326213,0.11624876708924767,1.0186561346054077,0.2894622052060471,0.03716430815757186,0.05532409020334482,0.7199129462242126,11,kdA4,0,23.5
student_kdA4_s0,test_w36-39,ge5,all,1.7075039781861747,95184,91735,0.8338901496049757,0.7140217583195579,0.7990115166223267,0.7444486837085083,0.7180925979233579,0.7973859439838287,0.6962664195781326,0.7059387324140516,0.10832574808364864,0.9336388111114502,0.2704918385965686,0.03337068960598006,0.0521940840209386,0.6599610447883606,11,kdA4,0,23.5
student_kdA4_s0,test_w36-39,ge5,near,1.7075039781861747,95184,12085,0.8338901496049757,0.7140217583195579,0.7663595768486695,0.7425734381464626,0.6909274673227468,0.7911151564084262,0.6628878775341333,0.7002389744631881,0.10832574808364864,0.9336388111114502,0.2704918385965686,0.03337068960598006,0.0521940840209386,0.6599610447883606,11,kdA4,0,23.5
student_kdA4_s0,test_w36-39,ge5,far,1.7075039781861747,95184,79650,0.8338901496049757,0.7140217583195579,0.8039656747160447,0.7447332077840553,0.7222142627483221,0.7983373873968701,0.7013308223477716,0.7068035356135016,0.10832574808364864,0.9336388111114502,0.2704918385965686,0.03337068960598006,0.0521940840209386,0.6599610447883606,11,kdA4,0,23.5
student_kdA4_s0,test_w40-43,all,all,1.7075039781861747,100000,100000,0.81595,0.7057611838940502,0.7914283705999999,0.74732,0.70004747,0.78690239105,0.7323,0.6867819163000001,0.12125451442778107,1.0934126377105713,0.299619926649547,0.03955965510786663,0.060185009768158174,0.7646830677986145,11,kdA4,0,27.5
student_kdA4_s0,test_w40-43,all,near,1.7075039781861747,100000,10904,0.81595,0.7057611838940502,0.7509356011555393,0.7612802641232576,0.667887067131328,0.7762473326302275,0.7076302274394718,0.6775814866104182,0.12125451442778107,1.0934126377105713,0.299619926649547,0.03955965510786663,0.060185009768158174,0.7646830677986145,11,kdA4,0,27.5
student_kdA4_s0,test_w40-43,all,far,1.7075039781861747,100000,89096,0.81595,0.7057611838940502,0.7963840718438537,0.745611475262638,0.7039834158660322,0.7882064087052169,0.7353192062494388,0.6879079094459909,0.12125451442778107,1.0934126377105713,0.299619926649547,0.03955965510786663,0.060185009768158174,0.7646830677986145,11,kdA4,0,27.5
student_kdA4_s0,test_w40-43,ge5,all,1.7075039781861747,95288,93977,0.8265468894299387,0.7123229348446728,0.7949903417559622,0.7446396458707982,0.7095556372845956,0.7950618597409167,0.6981495472296413,0.6989647092076354,0.11454039525411744,1.0109645128250122,0.2825274922125701,0.03579360952358909,0.057967864064059176,0.7063369154930115,11,kdA4,0,27.5
student_kdA4_s0,test_w40-43,ge5,near,1.7075039781861747,95288,10557,0.8265468894299387,0.7123229348446728,0.7552351097436707,0.7579804868807426,0.677804849156456,0.7834996148576827,0.680306905370844,0.6895621097784317,0.11454039525411744,1.0109645128250122,0.2825274922125701,0.03579360952358909,0.057967864064059176,0.7063369154930115,11,kdA4,0,27.5
student_kdA4_s0,test_w40-43,ge5,far,1.7075039781861747,95288,83420,0.8265468894299387,0.7123229348446728,0.8000214612039815,0.7429513306161591,0.7135737752643221,0.7965250894128456,0.7004075761208344,0.7001546305954812,0.11454039525411744,1.0109645128250122,0.2825274922125701,0.03579360952358909,0.057967864064059176,0.7063369154930115,11,kdA4,0,27.5
student_kdA4_s0,test_w44-47,all,all,1.7075039781861747,100000,100000,0.79271,0.6753429364879343,0.77781911525,0.7577,0.6741839700000001,0.7714048457,0.74481,0.6626891867,0.13715292247205974,1.3365925550460815,0.33840194074821045,0.04972262727205899,0.07009550222933292,0.9215506315231323,11,kdA4,0,31.5
student_kdA4_s0,test_w44-47,all,near,1.7075039781861747,100000,10628,0.79271,0.6753429364879343,0.7316790708505833,0.788859616108393,0.6395646546857359,0.7594536163906662,0.7468949943545352,0.6534889838163342,0.13715292247205974,1.3365925550460815,0.33840194074821045,0.04972262727205899,0.07009550222933292,0.9215506315231323,11,kdA4,0,31.5
student_kdA4_s0,test_w44-47,all,far,1.7075039781861747,100000,89372,0.79271,0.6753429364879343,0.7833060282862642,0.7539945396768563,0.6783008531754914,0.7728260700778766,0.7445620552298259,0.6637832626549702,0.13715292247205974,1.3365925550460815,0.33840194074821045,0.04972262727205899,0.07009550222933292,0.9215506315231323,11,kdA4,0,31.5
student_kdA4_s0,test_w44-47,ge5,all,1.7075039781861747,94936,92436,0.8035518665206034,0.6826468878134094,0.7805297792091647,0.7600285603011814,0.6833318796732518,0.7770044031553718,0.7302890648665022,0.6731819775108678,0.12980249326943277,1.245394229888916,0.32119950428553423,0.045396747827617254,0.06752246283930227,0.8580999374389648,11,kdA4,0,31.5
student_kdA4_s0,test_w44-47,ge5,near,1.7075039781861747,94936,10310,0.8035518665206034,0.6826468878134094,0.7358132160830059,0.7903006789524734,0.6495032203838257,0.7668363247542251,0.7325897187196896,0.6656910138941323,0.12980249326943277,1.245394229888916,0.32119950428553423,0.045396747827617254,0.06752246283930227,0.8580999374389648,11,kdA4,0,31.5
student_kdA4_s0,test_w44-47,ge5,far,1.7075039781861747,94936,82126,0.8035518665206034,0.6826468878134094,0.7861434431624887,0.7562282346638093,0.6875786891766245,0.7782808915794497,0.7300002435282371,0.6741223841407845,0.12980249326943277,1.245394229888916,0.32119950428553423,0.045396747827617254,0.06752246283930227,0.8580999374389648,11,kdA4,0,31.5
student_kdA4_s0,test_w48-51,all,all,1.7075039781861747,100000,100000,0.78435,0.6689513211660061,0.77973617715,0.76015,0.6696916765,0.7713718336000001,0.73334,0.6556558854000001,0.14430566428631547,1.4633110761642456,0.3542931993064378,0.053199117821259835,0.07694950861208137,0.9971961975097656,11,kdA4,0,35.333333333333336
student_kdA4_s0,test_w48-51,all,near,1.7075039781861747,100000,10972,0.78435,0.6689513211660061,0.7161074084032082,0.7949325555960627,0.6225130523149837,0.7394779912504558,0.7396099161502006,0.6314891961356179,0.14430566428631547,1.4633110761642456,0.3542931993064378,0.053199117821259835,0.07694950861208137,0.9971961975097656,11,kdA4,0,35.333333333333336
student_kdA4_s0,test_w48-51,all,far,1.7075039781861747,100000,89028,0.78435,0.6689513211660061,0.7875779218897425,0.7558633238980995,0.6755060704497462,0.7753024985397852,0.7325672822033518,0.6586342395650807,0.14430566428631547,1.4633110761642456,0.3542931993064378,0.053199117821259835,0.07694950861208137,0.9971961975097656,11,kdA4,0,35.333333333333336
student_kdA4_s0,test_w48-51,ge5,all,1.7075039781861747,94668,93780,0.7960239996619766,0.6767864023193751,0.7817649306152258,0.7629878438899552,0.6794958004250036,0.7779669816654291,0.7190019193857965,0.6678670436620687,0.13611170685747265,1.3484433889389038,0.3352870320235537,0.048063534714642205,0.07328118390007461,0.9200221300125122,11,kdA4,0,35.333333333333336
student_kdA4_s0,test_w48-51,ge5,near,1.7075039781861747,94668,10675,0.7960239996619766,0.6767864023193751,0.7208100593430966,0.7943793911007025,0.6335064773141863,0.7472517168096092,0.7254332552693209,0.6445676442133431,0.13611170685747265,1.3484433889389038,0.3352870320235537,0.048063534714642205,0.07328118390007461,0.9200221300125122,11,kdA4,0,35.333333333333336
student_kdA4_s0,test_w48-51,ge5,far,1.7075039781861747,94668,83105,0.7960239996619766,0.6767864023193751,0.7895947032020735,0.7589555381745984,0.6854032190425114,0.7819124175878871,0.7181758016966489,0.6708598971500074,0.13611170685747265,1.3484433889389038,0.3352870320235537,0.048063534714642205,0.07328118390007461,0.9200221300125122,11,kdA4,0,35.333333333333336
student_kdB4_s0,val,all,all,1.9372447875650487,200000,53779,0.928525,0.8961355902747239,0.8312963343033526,0.7731828408858477,0.8123017096822179,0.8019317543093029,0.721136503096004,0.7767397828148533,0.04060330077912655,0.3452097177505493,0.1114388721410219,0.0057311635663915604,0.0061785165383667125,0.2551148235797882,11,kdB4,0,1.0
student_kdB4_s0,val,all,near,1.9372447875650487,200000,10959,0.928525,0.8961355902747239,0.8288619023177297,0.7554521397937768,0.8103841308513551,0.7906860787936856,0.7469659640478146,0.7668748968884023,0.04060330077912655,0.3452097177505493,0.1114388721410219,0.0057311635663915604,0.0061785165383667125,0.2551148235797882,11,kdB4,0,1.0
student_kdB4_s0,val,all,far,1.9372447875650487,200000,42820,0.928525,0.8961355902747239,0.831919382881831,0.7777206912657637,0.8127924790985521,0.8048098803713218,0.7145259224661373,0.7792645209014479,0.04060330077912655,0.3452097177505493,0.1114388721410219,0.0057311635663915604,0.0061785165383667125,0.2551148235797882,11,kdB4,0,1.0
student_kdB4_s0,val,ge5,all,1.9372447875650487,191366,52270,0.9397594138979756,0.9088731019134375,0.8436597597347713,0.7372488999426057,0.8280773129231709,0.8152033249056028,0.6745551941840444,0.7926122436999969,0.03436782661753661,0.285855770111084,0.09412644958013515,0.004317442170937113,0.0059795800691512776,0.21008288860321045,11,kdB4,0,1.0
student_kdB4_s0,val,ge5,near,1.9372447875650487,191366,10483,0.9397594138979756,0.9088731019134375,0.8379544818656665,0.7281312601354574,0.8235316251135396,0.8021414244003988,0.7072402938090241,0.7809147223519725,0.03436782661753661,0.285855770111084,0.09412644958013515,0.004317442170937113,0.0059795800691512776,0.21008288860321045,11,kdB4,0,1.0
student_kdB4_s0,val,ge5,far,1.9372447875650487,191366,41787,0.9397594138979756,0.9088731019134375,0.8450910285002204,0.7395362193983774,0.8292176782355498,0.8184801311610423,0.6663555651279106,0.7955467715744877,0.03436782661753661,0.285855770111084,0.09412644958013515,0.004317442170937113,0.0059795800691512776,0.21008288860321045,11,kdB4,0,1.0
student_kdB4_s0,test_w16-19,all,all,1.9372447875650487,100000,100000,0.91918,0.8844222612574206,0.8571147902,0.68951,0.8266861785,0.8396706252499999,0.58942,0.8018061767000001,0.04683865677371617,0.4137023687362671,0.12703362494950998,0.007647911865690671,0.0064704016453027945,0.29645925760269165,11,kdB4,0,3.5
student_kdB4_s0,test_w16-19,all,near,1.9372447875650487,100000,11980,0.91918,0.8844222612574206,0.8089766915692821,0.7156928213689483,0.7851784223706177,0.8038342662771286,0.637228714524207,0.7693821427378965,0.04683865677371617,0.4137023687362671,0.12703362494950998,0.007647911865690671,0.0064704016453027945,0.29645925760269165,11,kdB4,0,3.5
student_kdB4_s0,test_w16-19,all,far,1.9372447875650487,100000,88020,0.91918,0.8844222612574206,0.863666646841627,0.6859463758236765,0.8323356095205634,0.844548148318564,0.5829129743240172,0.806219263803681,0.04683865677371617,0.4137023687362671,0.12703362494950998,0.007647911865690671,0.0064704016453027945,0.29645925760269165,11,kdB4,0,3.5
student_kdB4_s0,test_w16-19,ge5,all,1.9372447875650487,96085,89545,0.9286256959983348,0.8932726130471786,0.8577519474796598,0.6911832039756547,0.8331275702040776,0.8398825053964503,0.5702384276062316,0.8064904683557549,0.04166181983812273,0.3644251823425293,0.11243796384184483,0.006238606669246088,0.0063762435385121136,0.2588196098804474,11,kdB4,0,3.5
student_kdB4_s0,test_w16-19,ge5,near,1.9372447875650487,96085,11402,0.9286256959983348,0.8932726130471786,0.813819540537385,0.6965444658831784,0.7943439716834797,0.8089419164974605,0.610506928609016,0.7781375521003542,0.04166181983812273,0.3644251823425293,0.11243796384184483,0.006238606669246088,0.0063762435385121136,0.2588196098804474,11,kdB4,0,3.5
student_kdB4_s0,test_w16-19,ge5,far,1.9372447875650487,96085,78143,0.9286256959983348,0.8932726130471786,0.8641622120453384,0.6904009316253535,0.838786561928632,0.8443971080432169,0.5643627708176037,0.8106274985586401,0.04166181983812273,0.3644251823425293,0.11243796384184483,0.006238606669246088,0.0063762435385121136,0.2588196098804474,11,kdB4,0,3.5
student_kdB4_s0,test_w20-23,all,all,1.9372447875650487,100000,100000,0.90367,0.8567966864756378,0.84455136645,0.71785,0.8063758159000001,0.8343022176499999,0.59627,0.7869516760999999,0.056113164122402706,0.5066204071044922,0.1517526365740321,0.011062582932338257,0.009693567423298924,0.35753101110458374,11,kdB4,0,7.5
student_kdB4_s0,test_w20-23,all,near,1.9372447875650487,100000,13417,0.90367,0.8567966864756378,0.7874929246478348,0.7553104270701348,0.7585689215174778,0.7929891495863457,0.6485801594991428,0.7501150018633078,0.056113164122402706,0.5066204071044922,0.1517526365740321,0.011062582932338257,0.009693567423298924,0.35753101110458374,11,kdB4,0,7.5
student_kdB4_s0,test_w20-23,all,far,1.9372447875650487,100000,86583,0.90367,0.8567966864756378,0.8533932073848215,0.7120450896827322,0.813784026541007,0.8407041375905202,0.5881639582828038,0.7926599289698902,0.056113164122402706,0.5066204071044922,0.1517526365740321,0.011062582932338257,0.009693567423298924,0.35753101110458374,11,kdB4,0,7.5
student_kdB4_s0,test_w20-23,ge5,all,1.9372447875650487,95941,89776,0.913801190314881,0.8658635866846915,0.8440206367217966,0.7384713063625022,0.8128119954540244,0.8339382895796705,0.585022723222242,0.7920532136685228,0.049840813771385245,0.45738574862480164,0.13573713643004826,0.00923242856786792,0.008490286787052517,0.320281445980072,11,kdB4,0,7.5
student_kdB4_s0,test_w20-23,ge5,near,1.9372447875650487,95941,12762,0.913801190314881,0.8658635866846915,0.791494428088584,0.74925560257013,0.7676567113811903,0.7974296814257062,0.6201222378937471,0.7589326682926301,0.049840813771385245,0.45738574862480164,0.13573713643004826,0.00923242856786792,0.008490286787052517,0.320281445980072,11,kdB4,0,7.5
student_kdB4_s0,test_w20-23,ge5,far,1.9372447875650487,95941,77014,0.913801190314881,0.8658635866846915,0.852724761615674,0.7366842392292311,0.8202946834761701,0.8399881358058229,0.5792063780611317,0.7975416235691529,0.049840813771385245,0.45738574862480164,0.13573713643004826,0.00923242856786792,0.008490286787052517,0.320281445980072,11,kdB4,0,7.5
student_kdB4_s0,test_w24-27,all,all,1.9372447875650487,100000,100000,0.89853,0.8333236521609017,0.8321007715,0.72939,0.7908182356000001,0.8161122483500001,0.62845,0.7658799833000001,0.059530733166933095,0.5673479437828064,0.16202641885181915,0.013440085782850974,0.011679988673329379,0.3934501111507416,11,kdB4,0,11.5
student_kdB4_s0,test_w24-27,all,near,1.9372447875650487,100000,12494,0.89853,0.8333236521609017,0.7791451632783737,0.7651672802945414,0.745770173683368,0.7823054666239795,0.6784056347046582,0.7369295157675684,0.059530733166933095,0.5673479437828064,0.16202641885181915,0.013440085782850974,0.011679988673329379,0.3934501111507416,11,kdB4,0,11.5
student_kdB4_s0,test_w24-27,all,far,1.9372447875650487,100000,87506,0.89853,0.8333236521609017,0.8396617086828331,0.7242817635362147,0.7972501429616253,0.8209391394304391,0.6213173953786026,0.7700134957602907,0.059530733166933095,0.5673479437828064,0.16202641885181915,0.013440085782850974,0.011679988673329379,0.3934501111507416,11,kdB4,0,11.5
student_kdB4_s0,test_w24-27,ge5,all,1.9372447875650487,96204,89771,0.9067502390752983,0.8401283691814383,0.829588597932853,0.7565806329438237,0.7947585376018649,0.8134127537279761,0.6210357465105658,0.7683143308689061,0.05448254332204111,0.5174978375434875,0.14880171555851357,0.011755156933295423,0.01056595318546638,0.3570939600467682,11,kdB4,0,11.5
student_kdB4_s0,test_w24-27,ge5,near,1.9372447875650487,96204,11977,0.9067502390752983,0.8401283691814383,0.7830159518944371,0.7624613843199466,0.7538558799310808,0.7871425000630166,0.6498288386073308,0.745299968710905,0.05448254332204111,0.5174978375434875,0.14880171555851357,0.011755156933295423,0.01056595318546638,0.3570939600467682,11,kdB4,0,11.5
student_kdB4_s0,test_w24-27,ge5,far,1.9372447875650487,96204,77794,0.9067502390752983,0.8401283691814383,0.8367588241919746,0.7556752448774969,0.8010558244224805,0.8174572665200323,0.6166028228398077,0.7718575734784442,0.05448254332204111,0.5174978375434875,0.14880171555851357,0.011755156933295423,0.01056595318546638,0.3570939600467682,11,kdB4,0,11.5
student_kdB4_s0,test_w28-31,all,all,1.9372447875650487,100000,100000,0.87676,0.7686249129295483,0.80700980915,0.76319,0.7571677087,0.8012684562000001,0.65181,0.7397747346,0.07451184391021726,0.7519299387931824,0.1975913170851623,0.01906778478202846,0.01786314995892344,0.504971981048584,11,kdB4,0,15.5
student_kdB4_s0,test_w28-31,all,near,1.9372447875650487,100000,15990,0.87676,0.7686249129295483,0.7614232973733583,0.7946216385240775,0.7192746197623515,0.769857525953721,0.6943089430894309,0.7144388549093184,0.07451184391021726,0.7519299387931824,0.1975913170851623,0.01906778478202846,0.01786314995892344,0.504971981048584,11,kdB4,0,15.5
student_kdB4_s0,test_w28-31,all,far,1.9372447875650487,100000,84010,0.87676,0.7686249129295483,0.8156864943459112,0.7572074753005594,0.7643800702297346,0.8072470394000715,0.6437209855969528,0.7445970261873587,0.07451184391021726,0.7519299387931824,0.1975913170851623,0.01906778478202846,0.01786314995892344,0.504971981048584,11,kdB4,0,15.5
student_kdB4_s0,test_w28-31,ge5,all,1.9372447875650487,95576,94669,0.8849711224575207,0.7745739175110148,0.8107658711055888,0.7702943941522568,0.7661175662665773,0.8072751376200036,0.641445457330277,0.7494167520107724,0.06926204039156061,0.68904048204422,0.1837982419595822,0.016890319660433695,0.017791246541556626,0.4611876308917999,11,kdB4,0,15.5
student_kdB4_s0,test_w28-31,ge5,near,1.9372447875650487,95576,15420,0.8849711224575207,0.7745739175110148,0.7664624139234928,0.7944876783398184,0.7287751989792357,0.7770633870308301,0.6879377431906615,0.7249311316018858,0.06926204039156061,0.68904048204422,0.1837982419595822,0.016890319660433695,0.017791246541556626,0.4611876308917999,11,kdB4,0,15.5
student_kdB4_s0,test_w28-31,ge5,far,1.9372447875650487,95576,79249,0.8849711224575207,0.7745739175110148,0.819386286628156,0.7655869474693687,0.7733835166706303,0.8131536369586079,0.6323991469923911,0.7541810804780721,0.06926204039156061,0.68904048204422,0.1837982419595822,0.016890319660433695,0.017791246541556626,0.4611876308917999,11,kdB4,0,15.5
student_kdB4_s0,test_w32-35,all,all,1.9372447875650487,100000,100000,0.84974,0.7305475101634543,0.7888742425,0.77719,0.7244849370000002,0.7823466038,0.70705,0.7062495871000001,0.0970589010670781,0.9909263849258423,0.246203031633512,0.027592897321391696,0.03246095569051801,0.6420441269874573,11,kdB4,0,19.5
student_kdB4_s0,test_w32-35,all,near,1.9372447875650487,100000,16559,0.84974,0.7305475101634543,0.7358669364092034,0.8194939307929223,0.681941879944441,0.7430950338184672,0.7531251887191256,0.6753743982124524,0.0970589010670781,0.9909263849258423,0.246203031633512,0.027592897321391696,0.03246095569051801,0.6420441269874573,11,kdB4,0,19.5
student_kdB4_s0,test_w32-35,all,far,1.9372447875650487,100000,83441,0.84974,0.7305475101634543,0.7993936272336142,0.7687947172253449,0.7329276747642047,0.7901361406862334,0.6979063050538704,0.7123768177514651,0.0970589010670781,0.9909263849258423,0.246203031633512,0.027592897321391696,0.03246095569051801,0.6420441269874573,11,kdB4,0,19.5
student_kdB4_s0,test_w32-35,ge5,all,1.9372447875650487,95262,94615,0.8591568516302408,0.7356535015432945,0.7923093319985287,0.7875495428843207,0.7337663817380095,0.7882990015016984,0.690440205041484,0.7166122852337027,0.0905371425246605,0.9175107479095459,0.2303898331236718,0.024726113189669895,0.03103372127085814,0.5929096341133118,11,kdB4,0,19.5
student_kdB4_s0,test_w32-35,ge5,near,1.9372447875650487,95262,16006,0.8591568516302408,0.7356535015432945,0.7413040101800125,0.8221292015494189,0.6921703386549689,0.7509710075891032,0.7342246657503436,0.6868898111372247,0.0905371425246605,0.9175107479095459,0.2303898331236718,0.024726113189669895,0.03103372127085814,0.5929096341133118,11,kdB4,0,19.5
student_kdB4_s0,test_w32-35,ge5,far,1.9372447875650487,95262,78609,0.8591568516302408,0.7356535015432945,0.8026947990700749,0.7805085931636326,0.7422359751126502,0.7958995544990015,0.6815250162195169,0.7226642375596226,0.0905371425246605,0.9175107479095459,0.2303898331236718,0.024726113189669895,0.03103372127085814,0.5929096341133118,11,kdB4,0,19.5
student_kdB4_s0,test_w36-39,all,all,1.9372447875650487,100000,100000,0.82838,0.7156367660906079,0.79459002515,0.77207,0.7147774927999999,0.78926172255,0.73591,0.6985125331,0.1144334899008274,1.1459559202194214,0.28361886578559636,0.03524764572438379,0.04611900304228065,0.7296138405799866,11,kdB4,0,23.5
student_kdB4_s0,test_w36-39,all,near,1.9372447875650487,100000,12548,0.82838,0.7156367660906079,0.7406903825310807,0.8045106789926681,0.6728567349378386,0.7592378116034427,0.7335033471469556,0.6746747975773032,0.1144334899008274,1.1459559202194214,0.28361886578559636,0.03524764572438379,0.04611900304228065,0.7296138405799866,11,kdB4,0,23.5
student_kdB4_s0,test_w36-39,all,far,1.9372447875650487,100000,87452,0.82838,0.7156367660906079,0.8023237844188813,0.7674152678040526,0.7207924686685266,0.7935696861706993,0.7362553172025798,0.7019328768924666,0.1144334899008274,1.1459559202194214,0.28361886578559636,0.03524764572438379,0.04611900304228065,0.7296138405799866,11,kdB4,0,23.5
student_kdB4_s0,test_w36-39,ge5,all,1.9372447875650487,95184,91735,0.8400781643973777,0.7210137938345921,0.7948709497288241,0.7913337330353736,0.7229741739397257,0.7934542216583369,0.7004850929307244,0.708078625897205,0.10628140528051841,1.0739511251449585,0.2648262194064667,0.03164712070910158,0.04401876411096558,0.6800279021263123,11,kdB4,0,23.5
student_kdB4_s0,test_w36-39,ge5,near,1.9372447875650487,95184,12085,0.8400781643973777,0.7210137938345921,0.7455429778652958,0.8081092263136119,0.6834980931560521,0.7663718840874227,0.69764170459247,0.686541993999054,0.10628140528051841,1.0739511251449585,0.2648262194064667,0.03164712070910158,0.04401876411096558,0.6800279021263123,11,kdB4,0,23.5
student_kdB4_s0,test_w36-39,ge5,far,1.9372447875650487,95184,79650,0.8400781643973777,0.7210137938345921,0.8023553005131397,0.7887884494664156,0.7289637337171354,0.7975633246030261,0.700916509730069,0.7113462994250038,0.10628140528051841,1.0739511251449585,0.2648262194064667,0.03164712070910158,0.04401876411096558,0.6800279021263123,11,kdB4,0,23.5
student_kdB4_s0,test_w40-43,all,all,1.9372447875650487,100000,100000,0.82091,0.7065701093965134,0.78811226935,0.78222,0.7051614164000001,0.7832432917000001,0.74144,0.6892941515000001,0.12150044550009068,1.2420430183410645,0.2970960869852305,0.038598031140336,0.052590663714185346,0.7798347473144531,11,kdB4,0,27.5
student_kdB4_s0,test_w40-43,all,near,1.9372447875650487,100000,10904,0.82091,0.7065701093965134,0.7326403484959648,0.8152054292002935,0.6626763334556126,0.7540247909024211,0.7476155539251651,0.6670401348129127,0.12150044550009068,1.2420430183410645,0.2970960869852305,0.038598031140336,0.052590663714185346,0.7798347473144531,11,kdB4,0,27.5
student_kdB4_s0,test_w40-43,all,far,1.9372447875650487,100000,89096,0.82091,0.7065701093965134,0.7949011916921074,0.7781830834156416,0.710360946619377,0.7868191933420131,0.7406842058004849,0.6920177058453801,0.12150044550009068,1.2420430183410645,0.2970960869852305,0.038598031140336,0.052590663714185346,0.7798347473144531,11,kdB4,0,27.5
student_kdB4_s0,test_w40-43,ge5,all,1.9372447875650487,95288,93977,0.8314583158424985,0.7136663983636723,0.7915444963951799,0.7895868137948647,0.7150495073235359,0.7916462600661323,0.7051193377102908,0.7016903995547018,0.11413329446449189,1.1679424047470093,0.2796577162558669,0.03495481090845637,0.051193510128407026,0.7296663522720337,11,kdB4,0,27.5
student_kdB4_s0,test_w40-43,ge5,near,1.9372447875650487,95288,10557,0.8314583158424985,0.7136663983636723,0.7373447298980493,0.8161409491332765,0.673000272409687,0.7621237718948769,0.7120394051340343,0.6793590234022856,0.11413329446449189,1.1679424047470093,0.2796577162558669,0.03495481090845637,0.051193510128407026,0.7296663522720337,11,kdB4,0,27.5
student_kdB4_s0,test_w40-43,ge5,far,1.9372447875650487,95288,83420,0.8314583158424985,0.7136663983636723,0.7984036061399679,0.7862263246223927,0.7203709383111349,0.7953824013706629,0.7042435866698633,0.7045164884787137,0.11413329446449189,1.1679424047470093,0.2796577162558669,0.03495481090845637,0.051193510128407026,0.7296663522720337,11,kdB4,0,27.5
student_kdB4_s0,test_w44-47,all,all,1.9372447875650487,100000,100000,0.7983,0.6766427523813946,0.7730513147,0.79376,0.6787705959,0.76669001105,0.76404,0.6647348775999999,0.1379684949560463,1.5333834886550903,0.3345269765871232,0.04770986756338171,0.061739156097397246,0.9473029971122742,11,kdB4,0,31.5
student_kdB4_s0,test_w44-47,all,near,1.9372447875650487,100000,10628,0.7983,0.6766427523813946,0.7115408538765524,0.8464433571697403,0.6339868150169363,0.7300298607452014,0.7876364320662401,0.6387576383138879,0.1379684949560463,1.5333834886550903,0.3345269765871232,0.04770986756338171,0.061739156097397246,0.9473029971122742,11,kdB4,0,31.5
student_kdB4_s0,test_w44-47,all,far,1.9372447875650487,100000,89372,0.7983,0.6766427523813946,0.7803660573222038,0.7874949648659535,0.684096223873249,0.7710495876225216,0.7612339435169851,0.6678240565277714,0.1379684949560463,1.5333834886550903,0.3345269765871232,0.04770986756338171,0.061739156097397246,0.9473029971122742,11,kdB4,0,31.5
student_kdB4_s0,test_w44-47,ge5,all,1.9372447875650487,94936,92436,0.8088185725120081,0.6835517844315494,0.7749178272390838,0.8012354493920117,0.6880211726813603,0.7718443324626079,0.7504110952442771,0.675286049231194,0.13029700478555664,1.4414504766464233,0.31677495288971796,0.043205753114633504,0.059937518964983574,0.8882107734680176,11,kdB4,0,31.5
student_kdB4_s0,test_w44-47,ge5,near,1.9372447875650487,94936,10310,0.8088185725120081,0.6835517844315494,0.715960518544649,0.8482056256062076,0.644443166449487,0.7382517683872099,0.7820562560620756,0.6516149682174982,0.13029700478555664,1.4414504766464233,0.31677495288971796,0.043205753114633504,0.059937518964983574,0.8882107734680176,11,kdB4,0,31.5
student_kdB4_s0,test_w44-47,ge5,far,1.9372447875650487,94936,82126,0.8088185725120081,0.6835517844315494,0.7823192573907972,0.7953388695419233,0.693491903561357,0.7760615028546559,0.7464383995324257,0.6782576884836986,0.13029700478555664,1.4414504766464233,0.31677495288971796,0.043205753114633504,0.059937518964983574,0.8882107734680176,11,kdB4,0,31.5
student_kdB4_s0,test_w48-51,all,all,1.9372447875650487,100000,100000,0.78948,0.6711745532306168,0.7728234500500001,0.79352,0.6715628787999999,0.764188941,0.76273,0.6559695486,0.14595071753740307,1.690692663192749,0.3523081384354191,0.05192022434371689,0.06898183831725269,1.0305914878845215,11,kdB4,0,35.333333333333336
student_kdB4_s0,test_w48-51,all,near,1.9372447875650487,100000,10972,0.78948,0.6711745532306168,0.6960316063616478,0.8490703609187021,0.6162870278891726,0.7111135859460446,0.7932008749544295,0.6170622885526796,0.14595071753740307,1.690692663192749,0.3523081384354191,0.05192022434371689,0.06898183831725269,1.0305914878845215,11,kdB4,0,35.333333333333336
student_kdB4_s0,test_w48-51,all,far,1.9372447875650487,100000,89028,0.78948,0.6711745532306168,0.7822874401311947,0.7866738554162735,0.6783751921867279,0.7707300605989128,0.7589747045873209,0.660764562047895,0.14595071753740307,1.690692663192749,0.3523081384354191,0.05192022434371689,0.06898183831725269,1.0305914878845215,11,kdB4,0,35.333333333333336
student_kdB4_s0,test_w48-51,ge5,all,1.9372447875650487,94668,93780,0.8010732243207842,0.6787895451070237,0.7748162305221242,0.8044145873320537,0.6818667959070944,0.7709098298048717,0.7481552569844316,0.6686268703756914,0.1373071364900073,1.5678883790969849,0.332913341100337,0.046508777654615925,0.06607388874358726,0.9555895328521729,11,kdB4,0,35.333333333333336
student_kdB4_s0,test_w48-51,ge5,near,1.9372447875650487,94668,10675,0.8010732243207842,0.6787895451070237,0.7006252344567367,0.8530210772833724,0.6276264958104789,0.7198118260497502,0.7849180327868852,0.6308534279640552,0.1373071364900073,1.5678883790969849,0.332913341100337,0.046508777654615925,0.06607388874358726,0.9555895328521729,11,kdB4,0,35.333333333333336
student_kdB4_s0,test_w48-51,ge5,far,1.9372447875650487,94668,83105,0.8010732243207842,0.6787895451070237,0.7843462092598417,0.7981709885085133,0.68883406867686,0.7774734684558062,0.7434330064376391,0.6734789430276884,0.1373071364900073,1.5678883790969849,0.332913341100337,0.046508777654615925,0.06607388874358726,0.9555895328521729,11,kdB4,0,35.333333333333336
student_direct_s1,val,all,all,1.0633379813719175,200000,53779,0.94114,0.9131224941904735,0.8584245878037897,0.7294482976626564,0.8408160103386081,0.827446280518418,0.7351754402275982,0.8047178122501347,0.0030246059985458915,0.2090904712677002,0.08366556959408372,0.003976544023321789,0.005485346952043497,0.20853354036808014,11,direct,1,1.0
student_direct_s1,val,all,near,1.0633379813719175,200000,10959,0.94114,0.9131224941904735,0.8330063687380235,0.7198649511816771,0.8150241568573775,0.7515341659822976,0.7602883474769596,0.7319880176110959,0.0030246059985458915,0.2090904712677002,0.08366556959408372,0.003976544023321789,0.005485346952043497,0.20853354036808014,11,direct,1,1.0
student_direct_s1,val,all,far,1.0633379813719175,200000,42820,0.94114,0.9131224941904735,0.8649299185544139,0.73190098085007,0.8474169660205512,0.8468746052078467,0.7287482484820178,0.8233316800560486,0.0030246059985458915,0.2090904712677002,0.08366556959408372,0.003976544023321789,0.005485346952043497,0.20853354036808014,11,direct,1,1.0
student_direct_s1,val,ge5,all,1.0633379813719175,191366,52270,0.9500485979745619,0.9242300968584285,0.8714748844702525,0.6876410943179644,0.856074682937483,0.844233562211051,0.6812320642816146,0.8235416611210811,0.002779494279925319,0.17362189292907715,0.07141420952052029,0.00301702941592115,0.004833414553711416,0.17313504219055176,11,direct,1,1.0
student_direct_s1,val,ge5,near,1.0633379813719175,191366,10483,0.9500485979745619,0.9242300968584285,0.8423985431922181,0.6832013736525804,0.8268239543365042,0.7644440407492071,0.7146809119526853,0.7466653115063129,0.002779494279925319,0.17362189292907715,0.07141420952052029,0.00301702941592115,0.004833414553711416,0.17313504219055176,11,direct,1,1.0
student_direct_s1,val,ge5,far,1.0633379813719175,191366,41787,0.9500485979745619,0.9242300968584285,0.8787691933609992,0.6887548759183478,0.8634127399390398,0.8642501595615308,0.6728408356665949,0.8428274383487264,0.002779494279925319,0.17362189292907715,0.07141420952052029,0.00301702941592115,0.004833414553711416,0.17313504219055176,11,direct,1,1.0
student_directTS_s1,val,all,all,,200000,53779,0.94114,0.9131224941904735,0.8585389309023967,0.7261942393871214,0.8409267805277155,0.8269891728183862,0.7362725227319213,0.8041790738020418,0.005485346952043497,0.20853354036808014,0.08372787819057971,0.00397172056555449,,,11,directTS,1,1.0
student_directTS_s1,val,all,near,,200000,10959,0.94114,0.9131224941904735,0.832865287206862,0.7174924719408705,0.8149059968975272,0.750694479423305,0.760744593484807,0.7310836896614654,0.005485346952043497,0.20853354036808014,0.08372787819057971,0.00397172056555449,,,11,directTS,1,1.0
student_directTS_s1,val,all,far,,200000,42820,0.94114,0.9131224941904735,0.8651096329402148,0.7284212984586642,0.8475863267164876,0.8465154116067259,0.7300093414292387,0.8228865075899112,0.005485346952043497,0.20853354036808014,0.08372787819057971,0.00397172056555449,,,11,directTS,1,1.0
student_directTS_s1,val,ge5,all,,191366,52270,0.9500485979745619,0.9242300968584285,0.8718061198095497,0.6842548306868185,0.8563566490835022,0.8437816534634692,0.6828391046489382,0.8230247902186083,0.004833414553711416,0.17313504219055176,0.07144039639280163,0.0030113843184501844,,,11,directTS,1,1.0
student_directTS_s1,val,ge5,near,,191366,10483,0.9500485979745619,0.9242300968584285,0.8424932393529199,0.682819803491367,0.8268790216626088,0.7636155294740753,0.7147763044929887,0.7457844042710635,0.004833414553711416,0.17313504219055176,0.07144039639280163,0.0030113843184501844,,,11,directTS,1,1.0
student_directTS_s1,val,ge5,far,,191366,41787,0.9500485979745619,0.9242300968584285,0.8791597686914231,0.6846148323641323,0.863751627623556,0.8638927281465243,0.6748270993371144,0.8424018923290278,0.004833414553711416,0.17313504219055176,0.07144039639280163,0.0030113843184501844,,,11,directTS,1,1.0
student_direct_s1,test_w16-19,all,all,1.0633379813719175,100000,100000,0.93182,0.8989016970450939,0.8783788996999998,0.60793,0.8492517597000001,0.8569289844,0.63756,0.8230776354999999,0.004828430340141046,0.29309770464897156,0.0975885903877977,0.005535758802045095,0.003600881162360353,0.2883099615573883,11,direct,1,3.5
student_direct_s1,test_w16-19,all,near,1.0633379813719175,100000,11980,0.93182,0.8989016970450939,0.8618326289649416,0.6830550918196995,0.8367856494156929,0.8776262654424041,0.6546744574290484,0.8431930550918196,0.004828430340141046,0.29309770464897156,0.0975885903877977,0.005535758802045095,0.003600881162360353,0.2883099615573883,11,direct,1,3.5
student_direct_s1,test_w16-19,all,far,1.0633379813719175,100000,88020,0.93182,0.8989016970450939,0.8806309370029539,0.5977050670302204,0.8509484650079527,0.8541119720518066,0.6352306294024086,0.8203398176550785,0.004828430340141046,0.29309770464897156,0.0975885903877977,0.005535758802045095,0.003600881162360353,0.2883099615573883,11,direct,1,3.5
student_direct_s1,test_w16-19,ge5,all,1.0633379813719175,96085,89545,0.9397824842587292,0.9074195705984303,0.8803958936178515,0.6065106929476799,0.855572386266112,0.861247241707848,0.6122396560388631,0.8309448697279089,0.004387464325491403,0.2623533606529236,0.08699515373241101,0.004529262504322209,0.0027562983527530567,0.2576787769794464,11,direct,1,3.5
student_direct_s1,test_w16-19,ge5,near,1.0633379813719175,96085,11402,0.9397824842587292,0.9074195705984303,0.8695329262171642,0.6703209963164357,0.8474499776219706,0.8884330233244757,0.6200666549728118,0.8570885768067155,0.004387464325491403,0.2623533606529236,0.08699515373241101,0.004529262504322209,0.0027562983527530567,0.2576787769794464,11,direct,1,3.5
student_direct_s1,test_w16-19,ge5,far,1.0633379813719175,96085,78143,0.9397824842587292,0.9074195705984303,0.8819809307203768,0.5972000051188207,0.8567575430090127,0.857280510433226,0.6110976031122429,0.8271301896143664,0.004387464325491403,0.2623533606529236,0.08699515373241101,0.004529262504322209,0.0027562983527530567,0.2576787769794464,11,direct,1,3.5
student_directTS_s1,test_w16-19,all,all,,100000,100000,0.93182,0.8989016970450939,0.8790238325499999,0.59977,0.8497230745999999,0.85633457575,0.64074,0.8224724401,0.003600881162360353,0.2883099615573883,0.09747346029398261,0.005523898726880858,,,11,directTS,1,3.5
student_directTS_s1,test_w16-19,all,near,,100000,11980,0.93182,0.8989016970450939,0.863084563439065,0.6767946577629382,0.8378585742904842,0.8772685655258765,0.6560100166944908,0.8427424465776294,0.003600881162360353,0.2883099615573883,0.09747346029398261,0.005523898726880858,,,11,directTS,1,3.5
student_directTS_s1,test_w16-19,all,far,,100000,88020,0.93182,0.8989016970450939,0.8811932536355374,0.5892865257895933,0.8513378975232901,0.8534853460577141,0.6386616678027721,0.8197135821404227,0.003600881162360353,0.2883099615573883,0.09747346029398261,0.005523898726880858,,,11,directTS,1,3.5
student_directTS_s1,test_w16-19,ge5,all,,96085,89545,0.9397824842587292,0.9074195705984303,0.8811457312509406,0.5997208107655368,0.8561384163535266,0.8607428803483622,0.6153665754648501,0.8304183429776504,0.0027562983527530567,0.2576787769794464,0.08687611533882919,0.004515446119024953,,,11,directTS,1,3.5
student_directTS_s1,test_w16-19,ge5,near,,96085,11402,0.9397824842587292,0.9074195705984303,0.8709468436162263,0.6643571303280126,0.8486621518358486,0.8880785492789964,0.6224346605858622,0.8566574653243689,0.0027562983527530567,0.2576787769794464,0.08687611533882919,0.004515446119024953,,,11,directTS,1,3.5
student_directTS_s1,test_w16-19,ge5,far,,96085,78143,0.9397824842587292,0.9074195705984303,0.882633871158687,0.5902895972767874,0.8572292929263554,0.856754278718695,0.6143352571567511,0.8265897406332654,0.0027562983527530567,0.2576787769794464,0.08687611533882919,0.004515446119024953,,,11,directTS,1,3.5
student_direct_s1,test_w20-23,all,all,1.0633379813719175,100000,100000,0.92016,0.8740551348787365,0.87053952985,0.63427,0.8349459787,0.8604216228499999,0.61659,0.8170555179,0.01033580463469026,0.3469393253326416,0.11494183344417683,0.007859799538157677,0.004779314459934869,0.3399133086204529,11,direct,1,7.5
student_direct_s1,test_w20-23,all,near,1.0633379813719175,100000,13417,0.92016,0.8740551348787365,0.8476313359916524,0.693970336140717,0.8168469285235149,0.8831609923977044,0.6450026086308415,0.8389559871804426,0.01033580463469026,0.3469393253326416,0.11494183344417683,0.007859799538157677,0.004779314459934869,0.3399133086204529,11,direct,1,7.5
student_direct_s1,test_w20-23,all,far,1.0633379813719175,100000,86583,0.92016,0.8740551348787365,0.8740894095838675,0.6250187681184528,0.8377506280678656,0.8568979043230196,0.6121871499024057,0.8136617963110542,0.01033580463469026,0.3469393253326416,0.11494183344417683,0.007859799538157677,0.004779314459934869,0.3399133086204529,11,direct,1,7.5
student_direct_s1,test_w20-23,ge5,all,1.0633379813719175,95941,89776,0.9274866845248643,0.8804262192202392,0.8720679674454659,0.638121546961326,0.841058570379176,0.8654834115704958,0.5868383532347176,0.8259197927043512,0.010837741289112059,0.32214003801345825,0.10501188065506543,0.006650762103064822,0.005909015033920448,0.3148304522037506,11,direct,1,7.5
student_direct_s1,test_w20-23,ge5,near,1.0633379813719175,95941,12762,0.9274866845248643,0.8804262192202392,0.8552274373635128,0.6825732643786241,0.8273919802691253,0.8944981712914474,0.6071148722770725,0.8535885925660501,0.010837741289112059,0.32214003801345825,0.10501188065506543,0.006650762103064822,0.005909015033920448,0.3148304522037506,11,direct,1,7.5
student_direct_s1,test_w20-23,ge5,far,1.0633379813719175,95941,77014,0.9274866845248643,0.8804262192202392,0.8748586138851506,0.6307554470615733,0.8433232628115194,0.8606753719470666,0.5834783286155764,0.8213347922650154,0.010837741289112059,0.32214003801345825,0.10501188065506543,0.006650762103064822,0.005909015033920448,0.3148304522037506,11,direct,1,7.5
student_directTS_s1,test_w20-23,all,all,,100000,100000,0.92016,0.8740551348787365,0.8714780679999999,0.62639,0.8355841441,0.85992559685,0.62047,0.8165323295999999,0.004779314459934869,0.3399133086204529,0.11465144813271791,0.007852318881409885,,,11,directTS,1,7.5
student_directTS_s1,test_w20-23,all,near,,100000,13417,0.92016,0.8740551348787365,0.8491974338525751,0.6874114928821644,0.818111878959529,0.8829431243944251,0.6467168517552359,0.8386258656927779,0.004779314459934869,0.3399133086204529,0.11465144813271791,0.007852318881409885,,,11,directTS,1,7.5
student_directTS_s1,test_w20-23,all,far,,100000,86583,0.92016,0.8740551348787365,0.8749307003684326,0.6169340401695483,0.8382916661469342,0.8563587746439834,0.6164027580471917,0.8131086901585762,0.004779314459934869,0.3399133086204529,0.11465144813271791,0.007852318881409885,,,11,directTS,1,7.5
student_directTS_s1,test_w20-23,ge5,all,,95941,89776,0.9274866845248643,0.8804262192202392,0.8731254264420115,0.6295557832828372,0.8418190826854317,0.8650833902295754,0.5889547317768669,0.82548317119988,0.005909015033920448,0.3148304522037506,0.10465523084128078,0.006635351078058417,,,11,directTS,1,7.5
student_directTS_s1,test_w20-23,ge5,near,,95941,12762,0.9274866845248643,0.8804262192202392,0.8569547030893543,0.6763830120670741,0.8288089970589833,0.8942862710113098,0.6077417332706473,0.8532824497260592,0.005909015033920448,0.3148304522037506,0.10465523084128078,0.006635351078058417,,,11,directTS,1,7.5
student_directTS_s1,test_w20-23,ge5,far,,95941,77014,0.9274866845248643,0.8804262192202392,0.875805079121091,0.6217960370841665,0.8439749856740406,0.8602441770405902,0.5858415353052692,0.8208765491240095,0.005909015033920448,0.3148304522037506,0.10465523084128078,0.006635351078058417,,,11,directTS,1,7.5
student_direct_s1,test_w24-27,all,all,1.0633379813719175,100000,100000,0.90914,0.8438222838295723,0.8576560367499999,0.64216,0.816198407,0.8500648725,0.61029,0.7995123888999999,0.017233140248507264,0.42392078042030334,0.13158364534268174,0.0100219248908397,0.011335109093040254,0.41302362084388733,11,direct,1,11.5
student_direct_s1,test_w24-27,all,near,1.0633379813719175,100000,12494,0.90914,0.8438222838295723,0.8343336073315192,0.7350728349607811,0.7998433688170321,0.8748809256443093,0.687690091243797,0.8244827125020009,0.017233140248507264,0.42392078042030334,0.13158364534268174,0.0100219248908397,0.011335109093040254,0.41302362084388733,11,direct,1,11.5
student_direct_s1,test_w24-27,all,far,1.0633379813719175,100000,87506,0.90914,0.8438222838295723,0.8609859847896144,0.6288940186958608,0.8185335594130687,0.8465216666857129,0.5992389093319316,0.7959471565378375,0.017233140248507264,0.42392078042030334,0.13158364534268174,0.0100219248908397,0.011335109093040254,0.41302362084388733,11,direct,1,11.5
student_direct_s1,test_w24-27,ge5,all,1.0633379813719175,96204,89771,0.9154401064404807,0.8487761717206036,0.856686440292056,0.6639783448998006,0.8199846909635272,0.8533670209464885,0.5920954428490269,0.8063451823104433,0.017524066519435628,0.39388924837112427,0.12265320988022373,0.008810555093216477,0.012256345477878829,0.3832225203514099,11,direct,1,11.5
student_direct_s1,test_w24-27,ge5,near,1.0633379813719175,96204,11977,0.9154401064404807,0.8487761717206036,0.8410442365996305,0.7326542539868081,0.8091953635914791,0.8871758532329233,0.6511647324037739,0.839206186693248,0.017524066519435628,0.39388924837112427,0.12265320988022373,0.008810555093216477,0.012256345477878829,0.3832225203514099,11,direct,1,11.5
student_direct_s1,test_w24-27,ge5,far,1.0633379813719175,96204,77794,0.9154401064404807,0.8487761717206036,0.8590946809484584,0.6534051469264982,0.8216457930271185,0.8481618845054439,0.5830012597372548,0.8012859714523713,0.017524066519435628,0.39388924837112427,0.12265320988022373,0.008810555093216477,0.012256345477878829,0.3832225203514099,11,direct,1,11.5
student_directTS_s1,test_w24-27,all,all,,100000,100000,0.90914,0.8438222838295723,0.85872123625,0.63416,0.8168969971,0.8495737362,0.61349,0.7989945982000001,0.011335109093040254,0.41302362084388733,0.13101114201459566,0.010015864712134942,,,11,directTS,1,11.5
student_directTS_s1,test_w24-27,all,near,,100000,12494,0.90914,0.8438222838295723,0.8359710096846487,0.7275492236273411,0.8011362317912598,0.8746545741956139,0.6886505522650872,0.824126363054266,0.011335109093040254,0.41302362084388733,0.13101114201459566,0.010015864712134942,,,11,directTS,1,11.5
student_directTS_s1,test_w24-27,all,far,,100000,87506,0.90914,0.8438222838295723,0.8619694858638265,0.6208260005028227,0.8191472999565744,0.8459927247274472,0.602758667977053,0.7954063154526547,0.011335109093040254,0.41302362084388733,0.13101114201459566,0.010015864712134942,,,11,directTS,1,11.5
student_directTS_s1,test_w24-27,ge5,all,,96204,89771,0.9154401064404807,0.8487761717206036,0.8578668182819139,0.6545877844738278,0.8208105528274574,0.8529841896658279,0.5929531808713282,0.8059155688858054,0.012256345477878829,0.3832225203514099,0.12202470574966556,0.008793471478443027,,,11,directTS,1,11.5
student_directTS_s1,test_w24-27,ge5,near,,96204,11977,0.9154401064404807,0.8487761717206036,0.8428774958178942,0.724054437672205,0.8106663278886432,0.8869793482322276,0.6504967855055523,0.8388887801726694,0.012256345477878829,0.3832225203514099,0.12202470574966556,0.008793471478443027,,,11,directTS,1,11.5
student_directTS_s1,test_w24-27,ge5,far,,96204,77794,0.9154401064404807,0.8487761717206036,0.860174542722765,0.6438928452065712,0.8223723362823793,0.847750366824095,0.584093888988868,0.8008390828896774,0.012256345477878829,0.3832225203514099,0.12202470574966556,0.008793471478443027,,,11,directTS,1,11.5
student_direct_s1,test_w28-31,all,all,1.0633379813719175,100000,100000,0.88452,0.7795559476604952,0.8379128844,0.67433,0.7836367051999998,0.8353516732,0.65399,0.7702991341000001,0.02930047765374181,0.5877522826194763,0.16676971470116736,0.015580954171154222,0.02247100648373362,0.569559633731842,11,direct,1,15.5
student_direct_s1,test_w28-31,all,near,1.0633379813719175,100000,15990,0.88452,0.7795559476604952,0.8151985913070668,0.7554721701063164,0.7690744571607254,0.8573080569105691,0.7291432145090682,0.7936193808630394,0.02930047765374181,0.5877522826194763,0.16676971470116736,0.015580954171154222,0.02247100648373362,0.569559633731842,11,direct,1,15.5
student_direct_s1,test_w28-31,all,far,1.0633379813719175,100000,84010,0.88452,0.7795559476604952,0.8422361976550412,0.6588858469229854,0.7864084031662897,0.8311726162361623,0.6396857516962267,0.7658604869658372,0.02930047765374181,0.5877522826194763,0.16676971470116736,0.015580954171154222,0.02247100648373362,0.569559633731842,11,direct,1,15.5
student_direct_s1,test_w28-31,ge5,all,1.0633379813719175,95576,94669,0.891154683184063,0.7846736838588304,0.8431668408417303,0.6681701507357213,0.7921172402369021,0.8455907759716613,0.614836958243987,0.7825647681650304,0.029540943769647467,0.551752507686615,0.15728128605851516,0.013948854793200429,0.023418261614306424,0.5340026021003723,11,direct,1,15.5
student_direct_s1,test_w28-31,ge5,near,1.0633379813719175,95576,15420,0.891154683184063,0.7846736838588304,0.8222924745880992,0.7518806744487678,0.7790289699034985,0.8721953357251119,0.6972114137483787,0.8100458234689161,0.029540943769647467,0.551752507686615,0.15728128605851516,0.013948854793200429,0.023418261614306424,0.5340026021003723,11,direct,1,15.5
student_direct_s1,test_w28-31,ge5,far,1.0633379813719175,95576,79249,0.891154683184063,0.7846736838588304,0.8472285037981209,0.6518820426756173,0.7946639112174959,0.8404141515171166,0.5988088177768804,0.7772175981971327,0.029540943769647467,0.551752507686615,0.15728128605851516,0.013948854793200429,0.023418261614306424,0.5340026021003723,11,direct,1,15.5
student_directTS_s1,test_w28-31,all,all,,100000,100000,0.88452,0.7795559476604952,0.8390977260500001,0.66958,0.7843814497,0.83489516675,0.65615,0.7698090973000001,0.02247100648373362,0.569559633731842,0.16576443494190188,0.015581873018184072,,,11,directTS,1,15.5
student_directTS_s1,test_w28-31,all,near,,100000,15990,0.88452,0.7795559476604952,0.8168078492808005,0.7522201375859913,0.7703024715447155,0.8570943905565978,0.7291432145090682,0.793257994371482,0.02247100648373362,0.569559633731842,0.16576443494190188,0.015581873018184072,,,11,directTS,1,15.5
student_directTS_s1,test_w28-31,all,far,,100000,84010,0.88452,0.7795559476604952,0.8433402582430664,0.6538507320557077,0.7870611647422927,0.8306698889417927,0.642256874181645,0.7653459635757647,0.02247100648373362,0.569559633731842,0.16576443494190188,0.015581873018184072,,,11,directTS,1,15.5
student_directTS_s1,test_w28-31,ge5,all,,95576,94669,0.891154683184063,0.7846736838588304,0.8445363102265087,0.6601104902343956,0.7930066763533256,0.84522813655814,0.6157982021569891,0.7821594901127282,0.023418261614306424,0.5340026021003723,0.15624289184103943,0.013937308555831302,,,11,directTS,1,15.5
student_directTS_s1,test_w28-31,ge5,near,,95576,15420,0.891154683184063,0.7846736838588304,0.8241749400074063,0.7460440985732815,0.7804732602500646,0.8720437159386513,0.6972114137483787,0.809746165837073,0.023418261614306424,0.5340026021003723,0.15624289184103943,0.013937308555831302,,,11,directTS,1,15.5
student_directTS_s1,test_w28-31,ge5,far,,95576,79249,0.891154683184063,0.7846736838588304,0.8484981561649882,0.6433898219535893,0.795445385691138,0.8400104526246205,0.5999570972504384,0.7767917688838245,0.023418261614306424,0.5340026021003723,0.15624289184103943,0.013937308555831302,,,11,directTS,1,15.5
student_direct_s1,test_w32-35,all,all,1.0633379813719175,100000,100000,0.85337,0.7403514372618423,0.8189809881500001,0.70972,0.7491898631,0.819826309,0.68808,0.7372362385999999,0.04864107648260892,0.7689292430877686,0.21213549812552562,0.02377839099923946,0.04108608789235357,0.742253303527832,11,direct,1,19.5
student_direct_s1,test_w32-35,all,near,1.0633379813719175,100000,16559,0.85337,0.7403514372618423,0.7889292864907301,0.7828371278458844,0.7295468723956761,0.8406136282384202,0.7348873724258711,0.758981675825835,0.04864107648260892,0.7689292430877686,0.21213549812552562,0.02377839099923946,0.04108608789235357,0.742253303527832,11,direct,1,19.5
student_direct_s1,test_w32-35,all,far,1.0633379813719175,100000,83441,0.85337,0.7403514372618423,0.8249447964429957,0.6952097889526732,0.7530880460445106,0.8157010322263636,0.6787910020253832,0.7329208217782625,0.04864107648260892,0.7689292430877686,0.21213549812552562,0.02377839099923946,0.04108608789235357,0.742253303527832,11,direct,1,19.5
student_direct_s1,test_w32-35,ge5,all,1.0633379813719175,95262,94615,0.8611093615502509,0.7452070045870142,0.8232067812306596,0.7090841832690377,0.7581757740842666,0.8296567851539549,0.6693758917719178,0.7507824807441913,0.04687206526399623,0.7094937562942505,0.1999648009818686,0.021288263827157844,0.0399610192449904,0.6848000288009644,11,direct,1,19.5
student_direct_s1,test_w32-35,ge5,near,1.0633379813719175,95262,16006,0.8611093615502509,0.7452070045870142,0.795222921288416,0.7832687742096713,0.7400203019802993,0.8550264706218991,0.7239785080594777,0.7766257167639102,0.04687206526399623,0.7094937562942505,0.1999648009818686,0.021288263827157844,0.0399610192449904,0.6848000288009644,11,direct,1,19.5
student_direct_s1,test_w32-35,ge5,far,1.0633379813719175,95262,78609,0.8611093615502509,0.7452070045870142,0.8289047250059977,0.6939790609217774,0.7618725071109697,0.8244911274608164,0.6582579602844458,0.7455204008839768,0.04687206526399623,0.7094937562942505,0.1999648009818686,0.021288263827157844,0.0399610192449904,0.6848000288009644,11,direct,1,19.5
student_directTS_s1,test_w32-35,all,all,,100000,100000,0.85337,0.7403514372618423,0.8202536060499999,0.7068,0.7499802488,0.81941703115,0.6898,0.7367572637000002,0.04108608789235357,0.742253303527832,0.21029980712825438,0.023765262165410413,,,11,directTS,1,19.5
student_directTS_s1,test_w32-35,all,near,,100000,16559,0.85337,0.7403514372618423,0.7907713297904463,0.7807234736397125,0.7309013744791352,0.8405510112325624,0.7351289329065764,0.7587016649556133,0.04108608789235357,0.742253303527832,0.21029980712825438,0.023765262165410413,,,11,directTS,1,19.5
student_directTS_s1,test_w32-35,all,far,,100000,83441,0.85337,0.7403514372618423,0.8261044109610383,0.6921297683393056,0.7537664819453267,0.8152229589770018,0.6808044007142772,0.7324023621481046,0.04108608789235357,0.742253303527832,0.21029980712825438,0.023765262165410413,,,11,directTS,1,19.5
student_directTS_s1,test_w32-35,ge5,all,,95262,94615,0.8611093615502509,0.7452070045870142,0.8246369470753936,0.7070020609839878,0.7591110766165721,0.8293455389703472,0.6703271151508746,0.7503928393854767,0.0399610192449904,0.6848000288009644,0.19816814774472272,0.021245707349222744,,,11,directTS,1,19.5
student_directTS_s1,test_w32-35,ge5,near,,95262,16006,0.8611093615502509,0.7452070045870142,0.7973094693660481,0.7811445707859552,0.741583416448514,0.855027259268757,0.7237910783456204,0.7764096603168325,0.0399610192449904,0.6848000288009644,0.19816814774472272,0.021245707349222744,,,11,directTS,1,19.5
student_directTS_s1,test_w32-35,ge5,far,,95262,78609,0.8611093615502509,0.7452070045870142,0.8302012413446985,0.6919055070030149,0.7626799774886088,0.8241163461922132,0.6594410309252121,0.7450954149706226,0.0399610192449904,0.6848000288009644,0.19816814774472272,0.021245707349222744,,,11,directTS,1,19.5
student_direct_s1,test_w36-39,all,all,1.0633379813719175,100000,100000,0.83348,0.720885366548543,0.8165407891500001,0.7205,0.7346093166,0.8209085000499999,0.69863,0.7251052708,0.06096597950637338,0.8200995922088623,0.23879265846983463,0.030321763864858457,0.05302005768917498,0.7915710806846619,11,direct,1,23.5
student_direct_s1,test_w36-39,all,near,1.0633379813719175,100000,12548,0.83348,0.720885366548543,0.7797348461906279,0.7794867708001275,0.7097375430347466,0.8373211220911698,0.7284029327382849,0.7417903673892254,0.06096597950637338,0.8200995922088623,0.23879265846983463,0.030321763864858457,0.05302005768917498,0.7915710806846619,11,direct,1,23.5
student_direct_s1,test_w36-39,all,far,1.0633379813719175,100000,87452,0.83348,0.720885366548543,0.8218218687394229,0.7120363170653615,0.7381780287471985,0.8185535444015003,0.6943580478433884,0.7227112192974431,0.06096597950637338,0.8200995922088623,0.23879265846983463,0.030321763864858457,0.05302005768917498,0.7915710806846619,11,direct,1,23.5
student_direct_s1,test_w36-39,ge5,all,1.0633379813719175,95184,91735,0.8435976634728526,0.7271072252748345,0.8166784832602163,0.737570174960484,0.7424532049885373,0.8280282742375616,0.6974219218400829,0.7384010830857002,0.05676144440976976,0.7498229742050171,0.2229940785107975,0.02708486494080383,0.04952261182073313,0.7239071130752563,11,direct,1,23.5
student_direct_s1,test_w36-39,ge5,near,1.0633379813719175,95184,12085,0.8435976634728526,0.7271072252748345,0.7844323722750814,0.7898220935043442,0.7204084636664441,0.849815440536381,0.7300786098469176,0.7597374965165568,0.05676144440976976,0.7498229742050171,0.2229940785107975,0.02708486494080383,0.04952261182073313,0.7239071130752563,11,direct,1,23.5
student_direct_s1,test_w36-39,ge5,far,1.0633379813719175,95184,79650,0.8435976634728526,0.7271072252748345,0.821571066452374,0.7296421845574388,0.7457979720805333,0.8247225880514822,0.6924670433145009,0.7351637879656512,0.05676144440976976,0.7498229742050171,0.2229940785107975,0.02708486494080383,0.04952261182073313,0.7239071130752563,11,direct,1,23.5
student_directTS_s1,test_w36-39,all,all,,100000,100000,0.83348,0.720885366548543,0.81802269635,0.71871,0.7354779470999999,0.8204453657499999,0.7017,0.7245930015,0.05302005768917498,0.7915710806846619,0.23647736008883458,0.030290238336062758,,,11,directTS,1,23.5
student_directTS_s1,test_w36-39,all,near,,100000,12548,0.83348,0.720885366548543,0.7816539113802996,0.777574115396876,0.7110855403251515,0.8373036491871215,0.7283232387631495,0.7415331957284029,0.05302005768917498,0.7915710806846619,0.23647736008883458,0.030290238336062758,,,11,directTS,1,23.5
student_directTS_s1,test_w36-39,all,far,,100000,87452,0.83348,0.720885366548543,0.8232410505763162,0.7102639162054613,0.7389778775785574,0.8180264646320268,0.6978799798746741,0.7221623474591776,0.05302005768917498,0.7915710806846619,0.23647736008883458,0.030290238336062758,,,11,directTS,1,23.5
student_directTS_s1,test_w36-39,ge5,all,,95184,91735,0.8435976634728526,0.7271072252748345,0.8182870123759484,0.7357933177086172,0.7434578083006623,0.8276839404835361,0.6956559655529514,0.7379951852331635,0.04952261182073313,0.7239071130752563,0.22089216892385752,0.027022318707442226,,,11,directTS,1,23.5
student_directTS_s1,test_w36-39,ge5,near,,95184,12085,0.8435976634728526,0.7271072252748345,0.786578928320736,0.7866776996276376,0.7219529225906065,0.8498552358542301,0.7270169631774928,0.7595538529020603,0.04952261182073313,0.7239071130752563,0.22089216892385752,0.027022318707442226,,,11,directTS,1,23.5
student_directTS_s1,test_w36-39,ge5,far,,95184,79650,0.8435976634728526,0.7271072252748345,0.8230979627313437,0.7280728185812931,0.7467206650967204,0.82431997181367,0.6908976773383553,0.7347241682993455,0.04952261182073313,0.7239071130752563,0.22089216892385752,0.027022318707442226,,,11,directTS,1,23.5
student_direct_s1,test_w40-43,all,all,1.0633379813719175,100000,100000,0.82694,0.7173758949458847,0.8085377448,0.73288,0.7235486338000001,0.81432107985,0.71287,0.7147239234,0.06574293736010789,0.8766984343528748,0.24911683442442265,0.03303714503918197,0.0577493881642073,0.8451278805732727,11,direct,1,27.5
student_direct_s1,test_w40-43,all,near,1.0633379813719175,100000,10904,0.82694,0.7173758949458847,0.771285260454879,0.7876925898752751,0.6987636995597946,0.8329488595928098,0.7285399853264857,0.7329577301907557,0.06574293736010789,0.8766984343528748,0.24911683442442265,0.03303714503918197,0.0577493881642073,0.8451278805732727,11,direct,1,27.5
student_direct_s1,test_w40-43,all,far,1.0633379813719175,100000,89096,0.82694,0.7173758949458847,0.813096884259675,0.726171769776421,0.7265819340935621,0.8120413219448686,0.7109522313010685,0.7124923818128761,0.06574293736010789,0.8766984343528748,0.24911683442442265,0.03303714503918197,0.0577493881642073,0.8451278805732727,11,direct,1,27.5
student_direct_s1,test_w40-43,ge5,all,1.0633379813719175,95288,93977,0.8360968852321383,0.7249128490944349,0.8128063688608675,0.7357225704161656,0.7330650244746497,0.8249985344639517,0.6944890771146132,0.7294009393476236,0.0630363482280086,0.8091620802879333,0.23499939224329153,0.02985029546148693,0.055715210561590296,0.7799417972564697,11,direct,1,27.5
student_direct_s1,test_w40-43,ge5,near,1.0633379813719175,95288,10557,0.8360968852321383,0.7249128490944349,0.7769438203412387,0.7918916358814057,0.7093095923050331,0.8469354868506418,0.7222695841621672,0.7509278303840854,0.0630363482280086,0.8091620802879333,0.23499939224329153,0.02985029546148693,0.055715210561590296,0.7799417972564697,11,direct,1,27.5
student_direct_s1,test_w40-43,ge5,far,1.0633379813719175,95288,83420,0.8360968852321383,0.7249128490944349,0.8173448599268196,0.7286142411891633,0.7360713310847508,0.822222360808398,0.6909733876768162,0.7266766599341504,0.0630363482280086,0.8091620802879333,0.23499939224329153,0.02985029546148693,0.055715210561590296,0.7799417972564697,11,direct,1,27.5
student_directTS_s1,test_w40-43,all,all,,100000,100000,0.82694,0.7173758949458847,0.8100408405999999,0.73166,0.7244231192000001,0.8138605287499999,0.71766,0.7142075509000001,0.0577493881642073,0.8451278805732727,0.24667481700833196,0.033021168070913584,,,11,directTS,1,27.5
student_directTS_s1,test_w40-43,all,near,,100000,10904,0.82694,0.7173758949458847,0.7733189357116654,0.7882428466617755,0.7001695671313279,0.832936684244314,0.7299156272927366,0.7326952347762289,0.0577493881642073,0.8451278805732727,0.24667481700833196,0.033021168070913584,,,11,directTS,1,27.5
student_directTS_s1,test_w40-43,all,far,,100000,89096,0.82694,0.7173758949458847,0.8145350451759898,0.7247351171769777,0.7273913863697584,0.8115258964487744,0.7161600969740505,0.7119449386055491,0.0577493881642073,0.8451278805732727,0.24667481700833196,0.033021168070913584,,,11,directTS,1,27.5
student_directTS_s1,test_w40-43,ge5,all,,95288,93977,0.8360968852321383,0.7249128490944349,0.8144716048410114,0.7330729859433691,0.7340747353384857,0.8246378344473823,0.6931589644274663,0.7289834446583567,0.055715210561590296,0.7799417972564697,0.2326722906909274,0.029794713767741548,,,11,directTS,1,27.5
student_directTS_s1,test_w40-43,ge5,near,,95288,10557,0.8360968852321383,0.7249128490944349,0.7792324307144045,0.7899971582836033,0.7109247284971126,0.8469810808195898,0.7186700767263428,0.7507279338510962,0.055715210561590296,0.7799417972564697,0.2326722906909274,0.029794713767741548,,,11,directTS,1,27.5
student_directTS_s1,test_w40-43,ge5,far,,95288,83420,0.8360968852321383,0.7249128490944349,0.8189312063904551,0.7258690961400144,0.7370044239290442,0.8218102433187393,0.6899304723087989,0.7262316276791222,0.055715210561590296,0.7799417972564697,0.2326722906909274,0.029794713767741548,,,11,directTS,1,27.5
student_direct_s1,test_w44-47,all,all,1.0633379813719175,100000,100000,0.80243,0.685945473283302,0.7954269558,0.74773,0.6960280892,0.7982646092500001,0.73745,0.6871141394,0.07884096222482619,1.1029000282287598,0.28959324581815976,0.04437085862191427,0.0700286834961921,1.060198426246643,11,direct,1,31.5
student_direct_s1,test_w44-47,all,near,1.0633379813719175,100000,10628,0.80243,0.685945473283302,0.7444933421151675,0.8351524275498683,0.6640847261949567,0.8128543968761761,0.7809559653744825,0.7036328980052691,0.07884096222482619,1.1029000282287598,0.28959324581815976,0.04437085862191427,0.0700286834961921,1.060198426246643,11,direct,1,31.5
student_direct_s1,test_w44-47,all,far,1.0633379813719175,100000,89372,0.80243,0.685945473283302,0.8014839137537484,0.7373338405764669,0.6998267516671888,0.796529611007922,0.7322763281564696,0.685149750481135,0.07884096222482619,1.1029000282287598,0.28959324581815976,0.04437085862191427,0.0700286834961921,1.060198426246643,11,direct,1,31.5
student_direct_s1,test_w44-47,ge5,all,1.0633379813719175,94936,92436,0.8110200556164152,0.69320889205807,0.797861864048522,0.7421134622874205,0.7041596128724547,0.8062447298298201,0.7282876801246267,0.6999977078011953,0.07669028337017422,1.0363590717315674,0.2761810763201603,0.04037490863035959,0.06859441877216327,0.9958814978599548,11,direct,1,31.5
student_direct_s1,test_w44-47,ge5,near,1.0633379813719175,94936,10310,0.8110200556164152,0.69320889205807,0.7506222309182184,0.8331716779825412,0.6749193034388494,0.8278821070289468,0.7702230843840931,0.722178818185095,0.07669028337017422,1.0363590717315674,0.2761810763201603,0.04037490863035959,0.06859441877216327,0.9958814978599548,11,direct,1,31.5
student_direct_s1,test_w44-47,ge5,far,1.0633379813719175,94936,82126,0.8110200556164152,0.69320889205807,0.8037922711981875,0.7306821225921145,0.7078304064123867,0.8035283993264108,0.7230231595353481,0.6972131176828648,0.07669028337017422,1.0363590717315674,0.2761810763201603,0.04037490863035959,0.06859441877216327,0.9958814978599548,11,direct,1,31.5
student_directTS_s1,test_w44-47,all,all,,100000,100000,0.80243,0.685945473283302,0.7969782825499999,0.74478,0.6969112912999998,0.7977666128500001,0.73979,0.6866157272999999,0.0700286834961921,1.060198426246643,0.2867388812769733,0.04430321192038868,,,11,directTS,1,31.5
student_directTS_s1,test_w44-47,all,near,,100000,10628,0.80243,0.685945473283302,0.7466336639066616,0.8334587881068874,0.6655529092961987,0.8129318258374105,0.7816146029356417,0.7034374661272111,0.0700286834961921,1.060198426246643,0.2867388812769733,0.04430321192038868,,,11,directTS,1,31.5
student_directTS_s1,test_w44-47,all,far,,100000,89372,0.80243,0.685945473283302,0.80296519799266,0.7342344358412031,0.7006403886004565,0.7959631857852572,0.7348162735532382,0.6846153083739873,0.0700286834961921,1.060198426246643,0.2867388812769733,0.04430321192038868,,,11,directTS,1,31.5
student_directTS_s1,test_w44-47,ge5,all,,94936,92436,0.8110200556164152,0.69320889205807,0.7995193461533541,0.7394197066078151,0.7051516749699435,0.8058400998551593,0.730602795447661,0.6995929577194742,0.06859441877216327,0.9958814978599548,0.27339099140397055,0.04026499116481737,,,11,directTS,1,31.5
student_directTS_s1,test_w44-47,ge5,near,,94936,10310,0.8110200556164152,0.69320889205807,0.7530374462489489,0.8311348205625606,0.676604505300707,0.8280309724405075,0.7707080504364694,0.7220617287366273,0.06859441877216327,0.9958814978599548,0.27339099140397055,0.04026499116481737,,,11,directTS,1,31.5
student_directTS_s1,test_w44-47,ge5,far,,94936,82126,0.8110200556164152,0.69320889205807,0.8053546283784034,0.7279059006891849,0.70873545257131,0.803054284201713,0.7255680296130337,0.6967722550286473,0.06859441877216327,0.9958814978599548,0.27339099140397055,0.04026499116481737,,,11,directTS,1,31.5
student_direct_s1,test_w48-51,all,all,1.0633379813719175,100000,100000,0.79261,0.6718150920980173,0.7975750205500001,0.74996,0.6914086034,0.7998851981499999,0.73553,0.6829882524,0.08827576921172436,1.20802640914917,0.30660351244133005,0.04733103875326915,0.07949693643435839,1.159955620765686,11,direct,1,35.333333333333336
student_direct_s1,test_w48-51,all,near,1.0633379813719175,100000,10972,0.79261,0.6718150920980173,0.737887160499453,0.8396828290193219,0.6537261784542472,0.8019922466277798,0.7991250455705432,0.6911194713816988,0.08827576921172436,1.20802640914917,0.30660351244133005,0.04733103875326915,0.07949693643435839,1.159955620765686,11,direct,1,35.333333333333336
student_direct_s1,test_w48-51,all,far,1.0633379813719175,100000,89028,0.79261,0.6718150920980173,0.8049310793233588,0.7389023677944018,0.6960526655658893,0.7996255210158602,0.7276924113761962,0.6819861436851328,0.08827576921172436,1.20802640914917,0.30660351244133005,0.04733103875326915,0.07949693643435839,1.159955620765686,11,direct,1,35.333333333333336
student_direct_s1,test_w48-51,ge5,all,1.0633379813719175,94668,93780,0.8022351797862002,0.6785035286136047,0.801843166528171,0.7386223075282576,0.702397224353116,0.8106177942327197,0.7222222222222222,0.6991062763860579,0.0850956105221528,1.123360514640808,0.29004693885160254,0.0421054754037379,0.07704042485620899,1.0786397457122803,11,direct,1,35.333333333333336
student_direct_s1,test_w48-51,ge5,near,1.0633379813719175,94668,10675,0.8022351797862002,0.6785035286136047,0.7445383803513405,0.8334426229508197,0.6664516922890587,0.8179629260754879,0.786791569086651,0.7116100472510415,0.0850956105221528,1.123360514640808,0.29004693885160254,0.0421054754037379,0.07704042485620899,1.0786397457122803,11,direct,1,35.333333333333336
student_direct_s1,test_w48-51,ge5,far,1.0633379813719175,94668,83105,0.8022351797862002,0.6785035286136047,0.8092040785363254,0.726442452319355,0.7070144983412491,0.8096742976630603,0.7139281631670777,0.6975001425314921,0.0850956105221528,1.123360514640808,0.29004693885160254,0.0421054754037379,0.07704042485620899,1.0786397457122803,11,direct,1,35.333333333333336
student_directTS_s1,test_w48-51,all,all,,100000,100000,0.79261,0.6718150920980173,0.7990959291499998,0.7458,0.6922596065,0.7993874987499999,0.73767,0.6825202109999999,0.07949693643435839,1.159955620765686,0.30328762703661594,0.04723208460110474,,,11,directTS,1,35.333333333333336
student_directTS_s1,test_w48-51,all,near,,100000,10972,0.79261,0.6718150920980173,0.7398377843601895,0.8384068538096974,0.6550842954794021,0.8020856543930003,0.7998541742617572,0.6909522448049581,0.07949693643435839,1.159955620765686,0.30328762703661594,0.04723208460110474,,,11,directTS,1,35.333333333333336
student_directTS_s1,test_w48-51,all,far,,100000,89028,0.79261,0.6718150920980173,0.8063990289010199,0.7343869344475895,0.6968411708675922,0.7990549723120817,0.730006290155906,0.6814810292267601,0.07949693643435839,1.159955620765686,0.30328762703661594,0.04723208460110474,,,11,directTS,1,35.333333333333336
student_directTS_s1,test_w48-51,ge5,all,,94668,93780,0.8022351797862002,0.6785035286136047,0.8035061292041312,0.7353273619108552,0.7033784480863421,0.8102260863374608,0.7239283429302623,0.6987376805439638,0.07704042485620899,1.0786397457122803,0.286808721860331,0.04196793671707395,,,11,directTS,1,35.333333333333336
student_directTS_s1,test_w48-51,ge5,near,,94668,10675,0.8022351797862002,0.6785035286136047,0.7467844345761927,0.8330679156908665,0.6680406417734592,0.8181229513639136,0.787447306791569,0.7115119116143992,0.07704042485620899,1.0786397457122803,0.286808721860331,0.04196793671707395,,,11,directTS,1,35.333333333333336
student_directTS_s1,test_w48-51,ge5,far,,94668,83105,0.8022351797862002,0.6785035286136047,0.8107921419609238,0.722772396366043,0.7079176585115875,0.8092117185598618,0.7157692076289032,0.6970968055463478,0.07704042485620899,1.0786397457122803,0.286808721860331,0.04196793671707395,,,11,directTS,1,35.333333333333336
student_ls_s1,val,all,all,0.7322465548129719,200000,53779,0.935675,0.905176089612012,0.8397240709663624,0.6125997136428718,0.8138726696294093,0.8300915374495621,0.631250116216367,0.7999150466724931,0.061956325083896494,0.28518858551979065,0.09815080113849155,0.005384659230040284,0.0058983221865072715,0.23927122354507446,11,ls,1,1.0
student_ls_s1,val,all,near,0.7322465548129719,200000,10959,0.935675,0.905176089612012,0.8607252584633636,0.6812665389177844,0.8372776498768135,0.8285239670590382,0.7128387626608267,0.8016080239985399,0.061956325083896494,0.28518858551979065,0.09815080113849155,0.005384659230040284,0.0058983221865072715,0.23927122354507446,11,ls,1,1.0
student_ls_s1,val,all,far,0.7322465548129719,200000,42820,0.935675,0.905176089612012,0.8343491990892107,0.5950256889304063,0.8078825907286314,0.8304927285730966,0.6103689864549277,0.7994817599252686,0.061956325083896494,0.28518858551979065,0.09815080113849155,0.005384659230040284,0.0058983221865072715,0.23927122354507446,11,ls,1,1.0
student_ls_s1,val,ge5,all,0.7322465548129719,191366,52270,0.9452358308163414,0.9164447593644302,0.8466229534294918,0.5794528410177923,0.8243777299139494,0.836781090739451,0.5885594030992921,0.8106532694436821,0.062143787576874346,0.24845489859580994,0.08538845155175775,0.004275767043475554,0.0039510740282959755,0.20016880333423615,11,ls,1,1.0
student_ls_s1,val,ge5,near,0.7322465548129719,191366,10483,0.9452358308163414,0.9164447593644302,0.8689045884764983,0.6435180768863875,0.8487341821249237,0.8394736613826661,0.6714680911952685,0.8157600128103538,0.062143787576874346,0.24845489859580994,0.08538845155175775,0.004275767043475554,0.0039510740282959755,0.20016880333423615,11,ls,1,1.0
student_ls_s1,val,ge5,far,0.7322465548129719,191366,41787,0.9452358308163414,0.9164447593644302,0.8410332154679783,0.5633809557996506,0.8182674877686016,0.836105612287951,0.5677603082298323,0.809372153529335,0.062143787576874346,0.24845489859580994,0.08538845155175775,0.004275767043475554,0.0039510740282959755,0.20016880333423615,11,ls,1,1.0
student_ls_s1,test_w16-19,all,all,0.7322465548129719,100000,100000,0.9254,0.8900703235886667,0.8763342666,0.54459,0.8405012130000001,0.8532901592,0.58767,0.814449502,0.06074567362636331,0.32199475169181824,0.11190609187478667,0.007470346367941284,0.006798754254728511,0.2793291509151459,11,ls,1,3.5
student_ls_s1,test_w16-19,all,near,0.7322465548129719,100000,11980,0.9254,0.8900703235886667,0.8411147616861436,0.5757929883138564,0.8080627045075125,0.8203915475792989,0.6047579298831386,0.7833279115191987,0.06074567362636331,0.32199475169181824,0.11190609187478667,0.007470346367941284,0.006798754254728511,0.2793291509151459,11,ls,1,3.5
student_ls_s1,test_w16-19,all,far,0.7322465548129719,100000,88020,0.9254,0.8900703235886667,0.8811278324812543,0.5403431038400364,0.8449162701658716,0.85776783890025,0.5853442399454669,0.8186853194728471,0.06074567362636331,0.32199475169181824,0.11190609187478667,0.007470346367941284,0.006798754254728511,0.2793291509151459,11,ls,1,3.5
student_ls_s1,test_w16-19,ge5,all,0.7322465548129719,96085,89545,0.9341208305146484,0.8984022498496637,0.876601472757571,0.5380088223798091,0.8458178980176831,0.8547449440503292,0.5745826120944776,0.8205317740608535,0.06190442643897211,0.2910171449184418,0.10059191153962947,0.006275662827375901,0.005424856186136384,0.2457997351884842,11,ls,1,3.5
student_ls_s1,test_w16-19,ge5,near,0.7322465548129719,96085,11402,0.9341208305146484,0.8984022498496637,0.843567078504617,0.563497631994387,0.8148794411908555,0.8214282202060886,0.5917382915278021,0.788971234714352,0.06190442643897211,0.2910171449184418,0.10059191153962947,0.006275662827375901,0.005424856186136384,0.2457997351884842,11,ls,1,3.5
student_ls_s1,test_w16-19,ge5,far,0.7322465548129719,96085,78143,0.9341208305146484,0.8984022498496637,0.8814215866932041,0.5342896996532,0.8503321895695751,0.8596062532561702,0.572079392907874,0.8251368349060835,0.06190442643897211,0.2910171449184418,0.10059191153962947,0.006275662827375901,0.005424856186136384,0.2457997351884842,11,ls,1,3.5
student_ls_s1,test_w20-23,all,all,0.7322465548129719,100000,100000,0.90854,0.8612104365272822,0.8618404576,0.5946,0.8170320047999999,0.8432306835,0.62334,0.7948316527,0.062321103083714836,0.38356462121009827,0.13636429223019395,0.010682606239486614,0.010289742952138156,0.3400273025035858,11,ls,1,7.5
student_ls_s1,test_w20-23,all,near,0.7322465548129719,100000,13417,0.90854,0.8612104365272822,0.8218137575463964,0.6097488261161214,0.7799405023477679,0.8058724700007454,0.6182455094283372,0.7594987866139972,0.062321103083714836,0.38356462121009827,0.13636429223019395,0.010682606239486614,0.010289742952138156,0.3400273025035858,11,ls,1,7.5
student_ls_s1,test_w20-23,all,far,0.7322465548129719,100000,86583,0.90854,0.8612104365272822,0.8680430404929375,0.5922525207026783,0.8227797461395425,0.8490197546862548,0.6241294480440733,0.8003068737511981,0.062321103083714836,0.38356462121009827,0.13636429223019395,0.010682606239486614,0.010289742952138156,0.3400273025035858,11,ls,1,7.5
student_ls_s1,test_w20-23,ge5,all,0.7322465548129719,95941,89776,0.9170010735764689,0.8686292108565972,0.860917941004466,0.5972086080912493,0.8216342743882962,0.8433065302271304,0.6236076456959544,0.7998233464985723,0.0633236749891932,0.3544834554195404,0.12535382234321907,0.009151702955594096,0.007952204762996531,0.30884850025177,11,ls,1,7.5
student_ls_s1,test_w20-23,ge5,near,0.7322465548129719,95941,12762,0.9170010735764689,0.8686292108565972,0.8233717022950757,0.6024917724494593,0.7861295811108614,0.8060608495641081,0.6183200125372199,0.7645260898529844,0.0633236749891932,0.3544834554195404,0.12535382234321907,0.009151702955594096,0.007952204762996531,0.30884850025177,11,ls,1,7.5
student_ls_s1,test_w20-23,ge5,far,0.7322465548129719,95941,77014,0.9170010735764689,0.8686292108565972,0.8671397331254989,0.5963331342353339,0.8275177617491216,0.8494785168350392,0.6244838600773885,0.8056724595080381,0.0633236749891932,0.3544834554195404,0.12535382234321907,0.009151702955594096,0.007952204762996531,0.30884850025177,11,ls,1,7.5
student_ls_s1,test_w24-27,all,all,0.7322465548129719,100000,100000,0.9004,0.8347901532467668,0.8438183782500001,0.63039,0.7960970418000001,0.81868916345,0.65599,0.7683412303999999,0.06932450936049223,0.4327802360057831,0.15085647495425125,0.012450748494269288,0.009997628253325846,0.38730788230895996,11,ls,1,11.5
student_ls_s1,test_w24-27,all,near,0.7322465548129719,100000,12494,0.9004,0.8347901532467668,0.8138156731230991,0.6493516888106291,0.7697297190651513,0.792791766447895,0.6694413318392829,0.7449597886985753,0.06932450936049223,0.4327802360057831,0.15085647495425125,0.012450748494269288,0.009997628253325846,0.38730788230895996,11,ls,1,11.5
student_ls_s1,test_w24-27,all,far,0.7322465548129719,100000,87506,0.9004,0.8347901532467668,0.848102127911229,0.6276826731881242,0.7998617359952459,0.8223867622220191,0.6540694352387265,0.7716796041414302,0.06932450936049223,0.4327802360057831,0.15085647495425125,0.012450748494269288,0.009997628253325846,0.38730788230895996,11,ls,1,11.5
student_ls_s1,test_w24-27,ge5,all,0.7322465548129719,96204,89771,0.9071348384682549,0.8401507781936676,0.840864201235799,0.6410199284846999,0.7982590609151674,0.8174715571671805,0.6614051308328971,0.7715683978545252,0.07031308938604502,0.40338796377182007,0.14149058364672862,0.011031188994267572,0.007284318667206702,0.353641539812088,11,ls,1,11.5
student_ls_s1,test_w24-27,ge5,near,0.7322465548129719,96204,11977,0.9071348384682549,0.8401507781936676,0.815077895963938,0.648910411622276,0.7749889400195328,0.7934503149247358,0.6682808716707022,0.7497165795929595,0.07031308938604502,0.40338796377182007,0.14149058364672862,0.011031188994267572,0.007284318667206702,0.353641539812088,11,ls,1,11.5
student_ls_s1,test_w24-27,ge5,far,0.7322465548129719,96204,77794,0.9071348384682549,0.8401507781936676,0.8448342063549737,0.6398051263593594,0.8018416795999892,0.8211698169087768,0.6603465562896882,0.7749326576601502,0.07031308938604502,0.40338796377182007,0.14149058364672862,0.011031188994267572,0.007284318667206702,0.353641539812088,11,ls,1,11.5
student_ls_s1,test_w28-31,all,all,0.7322465548129719,100000,100000,0.8754,0.7729279527512418,0.82131369345,0.69744,0.7623734589000001,0.7964465542,0.72067,0.7356122961000001,0.07130540160868316,0.5474032759666443,0.18593571471660894,0.018674519152509905,0.01666590747140347,0.5087581872940063,11,ls,1,15.5
student_ls_s1,test_w28-31,all,near,0.7322465548129719,100000,15990,0.8754,0.7729279527512418,0.8000294787367106,0.7065040650406504,0.744691717948718,0.782172385553471,0.7384615384615385,0.7244342013758599,0.07130540160868316,0.5474032759666443,0.18593571471660894,0.018674519152509905,0.01666590747140347,0.5087581872940063,11,ls,1,15.5
student_ls_s1,test_w28-31,all,far,0.7322465548129719,100000,84010,0.8754,0.7729279527512418,0.8253648134745863,0.695714795857636,0.7657389039400072,0.7991634207237233,0.7172836567075348,0.7377398729913106,0.07130540160868316,0.5474032759666443,0.18593571471660894,0.018674519152509905,0.01666590747140347,0.5087581872940063,11,ls,1,15.5
student_ls_s1,test_w28-31,ge5,all,0.7322465548129719,95576,94669,0.8821984598644012,0.7777633831746075,0.8235320268031312,0.6897611678585387,0.7687018949610269,0.7997410190255848,0.710929660184432,0.7425582637782714,0.07338926313197701,0.5126544237136841,0.176647188143473,0.016907426563783114,0.012828732769232565,0.46661004424095154,11,ls,1,15.5
student_ls_s1,test_w28-31,ge5,near,0.7322465548129719,95576,15420,0.8821984598644012,0.7777633831746075,0.8006822149100594,0.7076523994811933,0.7498231916157583,0.7835623434707355,0.7404669260700389,0.7298476215531265,0.07338926313197701,0.5126544237136841,0.176647188143473,0.016907426563783114,0.012828732769232565,0.46661004424095154,11,ls,1,15.5
student_ls_s1,test_w28-31,ge5,far,0.7322465548129719,95576,79249,0.8821984598644012,0.7777633831746075,0.8279780652312649,0.6862799530593446,0.7723752486384744,0.802889010508831,0.7051823997779152,0.7450314571701343,0.07338926313197701,0.5126544237136841,0.176647188143473,0.016907426563783114,0.012828732769232565,0.46661004424095154,11,ls,1,15.5
student_ls_s1,test_w32-35,all,all,0.7322465548129719,100000,100000,0.85077,0.7405939105649181,0.80842814385,0.71533,0.7330839704000002,0.78413203335,0.73786,0.7062192716,0.06289708420030773,0.6682271957397461,0.2242298967995818,0.02819212810051557,0.03382501017153264,0.6544463038444519,11,ls,1,19.5
student_ls_s1,test_w32-35,all,near,0.7322465548129719,100000,16559,0.85077,0.7405939105649181,0.7750484941723533,0.7527628479980675,0.7076117217223262,0.7632694691708437,0.7663506250377439,0.690259568814542,0.06289708420030773,0.6682271957397461,0.2242298967995818,0.02819212810051557,0.03382501017153264,0.6544463038444519,11,ls,1,19.5
student_ls_s1,test_w32-35,all,far,0.7322465548129719,100000,83441,0.85077,0.7405939105649181,0.8150523887537302,0.7079013914023082,0.7381389789192363,0.7882722426025575,0.7322059898610994,0.709386500161791,0.06289708420030773,0.6682271957397461,0.2242298967995818,0.02819212810051557,0.03382501017153264,0.6544463038444519,11,ls,1,19.5
student_ls_s1,test_w32-35,ge5,all,0.7322465548129719,95262,94615,0.8589259095966912,0.7443675535953843,0.8101786005720915,0.708989060931142,0.7403065770723013,0.7867738455138644,0.732822491148338,0.7140145455525753,0.0674831327479914,0.627709686756134,0.2130627686182598,0.02554912454127877,0.02745402794473581,0.6031229496002197,11,ls,1,19.5
student_ls_s1,test_w32-35,ge5,near,0.7322465548129719,95262,16006,0.8589259095966912,0.7443675535953843,0.7752915345094564,0.7561539422716481,0.7135034165152524,0.7640675967041007,0.7720854679495189,0.6964453043740475,0.0674831327479914,0.627709686756134,0.2130627686182598,0.02554912454127877,0.02745402794473581,0.6031229496002197,11,ls,1,19.5
student_ls_s1,test_w32-35,ge5,far,0.7322465548129719,95262,78609,0.8589259095966912,0.7443675535953843,0.8172821431613437,0.6993855665381826,0.7457641123147816,0.7913971865873939,0.7248279459095015,0.7175919129571156,0.0674831327479914,0.627709686756134,0.2130627686182598,0.02554912454127877,0.02745402794473581,0.6031229496002197,11,ls,1,19.5
student_ls_s1,test_w36-39,all,all,0.7322465548129719,100000,100000,0.82844,0.7170757928838655,0.8125282708999999,0.71466,0.7212781855,0.7823722108,0.73511,0.6895135715,0.05134136128269135,0.7276243567466736,0.24923980047142488,0.03582808245905018,0.04787709136173127,0.7242933511734009,11,ls,1,23.5
student_ls_s1,test_w36-39,all,near,0.7322465548129719,100000,12548,0.82844,0.7170757928838655,0.7867224410264584,0.7200350653490596,0.7003279016576347,0.7784898804590372,0.7303952821166719,0.6859265133885879,0.05134136128269135,0.7276243567466736,0.24923980047142488,0.03582808245905018,0.04787709136173127,0.7242933511734009,11,ls,1,23.5
student_ls_s1,test_w36-39,all,far,0.7322465548129719,100000,87452,0.82844,0.7170757928838655,0.816231005580204,0.7138887618350638,0.7242842249462562,0.7829292647395142,0.7357864885880254,0.6900282584732197,0.05134136128269135,0.7276243567466736,0.24923980047142488,0.03582808245905018,0.04787709136173127,0.7242933511734009,11,ls,1,23.5
student_ls_s1,test_w36-39,ge5,all,0.7322465548129719,95184,91735,0.8389960497562615,0.7218099519646216,0.8122343169859816,0.70754891807925,0.7288880159092517,0.785533936557155,0.7270289420613725,0.6993619074985984,0.05744572726602309,0.6842788457870483,0.23522361217939572,0.03214263436786739,0.03944521782217472,0.6691464781761169,11,ls,1,23.5
student_ls_s1,test_w36-39,ge5,near,0.7322465548129719,95184,12085,0.8389960497562615,0.7218099519646216,0.7857464684127594,0.7237898220935044,0.7073336138170171,0.7780612645947317,0.7381050889532478,0.693216773689309,0.05744572726602309,0.6842788457870483,0.23522361217939572,0.03214263436786739,0.03944521782217472,0.6691464781761169,11,ls,1,23.5
student_ls_s1,test_w36-39,ge5,far,0.7322465548129719,95184,79650,0.8389960497562615,0.7218099519646216,0.8162532203131303,0.7050847457627119,0.7321583856428946,0.7866677374443599,0.7253483992467044,0.700294285930303,0.05744572726602309,0.6842788457870483,0.23522361217939572,0.03214263436786739,0.03944521782217472,0.6691464781761169,11,ls,1,23.5
student_ls_s1,test_w40-43,all,all,0.7322465548129719,100000,100000,0.8217,0.7134107791425879,0.8021227618000001,0.73172,0.7083031706,0.7672812862,0.75549,0.6731860433,0.04725337147824467,0.7651391625404358,0.25932105381124687,0.03950038387966697,0.05187734467983243,0.7698938250541687,11,ls,1,27.5
student_ls_s1,test_w40-43,all,near,0.7322465548129719,100000,10904,0.8217,0.7134107791425879,0.7774535867571533,0.7300990462215701,0.6878172303741746,0.7675663018158474,0.7423881144534116,0.6724997202861336,0.04725337147824467,0.7651391625404358,0.25932105381124687,0.03950038387966697,0.05187734467983243,0.7698938250541687,11,ls,1,27.5
student_ls_s1,test_w40-43,all,far,0.7322465548129719,100000,89096,0.8217,0.7134107791425879,0.805141894922331,0.7319183801741941,0.7108103391846995,0.7672464046085121,0.7570934722097513,0.6732700388345156,0.04725337147824467,0.7651391625404358,0.25932105381124687,0.03950038387966697,0.05187734467983243,0.7698938250541687,11,ls,1,27.5
student_ls_s1,test_w40-43,ge5,all,0.7322465548129719,95288,93977,0.8311539753169339,0.719192612966582,0.8056165985013936,0.7202826223437649,0.717446488086956,0.7737049868995368,0.7456398906115326,0.6845377133600696,0.05291952387414214,0.7215052247047424,0.24669834022775852,0.03612847266559294,0.04516535168935099,0.714773416519165,11,ls,1,27.5
student_ls_s1,test_w40-43,ge5,near,0.7322465548129719,95288,10557,0.8311539753169339,0.719192612966582,0.7773243476428582,0.7310789049919485,0.694343089057935,0.7686517615011279,0.7452874869754665,0.679927100268229,0.05291952387414214,0.7215052247047424,0.24669834022775852,0.03612847266559294,0.04516535168935099,0.714773416519165,11,ls,1,27.5
student_ls_s1,test_w40-43,ge5,far,0.7322465548129719,95288,83420,0.8311539753169339,0.719192612966582,0.8091970503392448,0.7189163270198993,0.7203702783476774,0.7743444846282711,0.7456844881323423,0.6851211974455476,0.05291952387414214,0.7215052247047424,0.24669834022775852,0.03612847266559294,0.04516535168935099,0.714773416519165,11,ls,1,27.5
student_ls_s1,test_w44-47,all,all,0.7322465548129719,100000,100000,0.79751,0.687055287125153,0.7868455582,0.77022,0.6827002010999998,0.75364517265,0.78337,0.6503992758,0.04385605122327806,0.9043808579444885,0.2920208106457763,0.050162794232793004,0.0618492146565765,0.935157060623169,11,ls,1,31.5
student_ls_s1,test_w44-47,all,near,0.7322465548129719,100000,10628,0.79751,0.687055287125153,0.7613002869777945,0.7648663906661648,0.6611020201354911,0.7554201246706812,0.7756868648852089,0.6509927502822732,0.04385605122327806,0.9043808579444885,0.2920208106457763,0.050162794232793004,0.0618492146565765,0.935157060623169,11,ls,1,31.5
student_ls_s1,test_w44-47,all,far,0.7322465548129719,100000,89372,0.79751,0.687055287125153,0.7898833680571096,0.7708566441391039,0.6852686282057021,0.7534340977039788,0.7842836682629907,0.6503287005997404,0.04385605122327806,0.9043808579444885,0.2920208106457763,0.050162794232793004,0.0618492146565765,0.935157060623169,11,ls,1,31.5
student_ls_s1,test_w44-47,ge5,all,0.7322465548129719,94936,92436,0.8066170894076009,0.6928728132713213,0.7898832135648518,0.7625492232463542,0.6911519857605226,0.7576701693445372,0.7738002509844649,0.659642711994012,0.04771764450349063,0.8556220531463623,0.27935952321152324,0.04575716931179724,0.05447860734649155,0.8722690343856812,11,ls,1,31.5
student_ls_s1,test_w44-47,ge5,near,0.7322465548129719,94936,10310,0.8066170894076009,0.6928728132713213,0.7607470098596005,0.7671193016488845,0.6673552132971995,0.7561422843686945,0.7774005819592629,0.6581064045433396,0.04771764450349063,0.8556220531463623,0.27935952321152324,0.04575716931179724,0.05447860734649155,0.8722690343856812,11,ls,1,31.5
student_ls_s1,test_w44-47,ge5,far,0.7322465548129719,94936,82126,0.8066170894076009,0.6928728132713213,0.7935409377959253,0.7619755010593479,0.6941394041675664,0.7578619782004531,0.7733482697318754,0.6598355781973634,0.04771764450349063,0.8556220531463623,0.27935952321152324,0.04575716931179724,0.05447860734649155,0.8722690343856812,11,ls,1,31.5
student_ls_s1,test_w48-51,all,all,0.7322465548129719,100000,100000,0.79049,0.681645396297053,0.7906556237000001,0.76277,0.6788300708000001,0.7554447637499999,0.78393,0.6460583676,0.0381114370843768,0.9558749794960022,0.3047210210511369,0.054964579576381296,0.06886462526112795,1.002924919128418,11,ls,1,35.333333333333336
student_ls_s1,test_w48-51,all,near,0.7322465548129719,100000,10972,0.79049,0.681645396297053,0.7512532938388625,0.758749544294568,0.6467198605541378,0.7476489696500183,0.775154939846883,0.6382116970470287,0.0381114370843768,0.9558749794960022,0.3047210210511369,0.054964579576381296,0.06886462526112795,1.002924919128418,11,ls,1,35.333333333333336
student_ls_s1,test_w48-51,all,far,0.7322465548129719,100000,89028,0.79049,0.681645396297053,0.7955116506043043,0.7632654895089186,0.6827874013793412,0.7564055339893069,0.7850114570696859,0.6470254079615402,0.0381114370843768,0.9558749794960022,0.3047210210511369,0.054964579576381296,0.06886462526112795,1.002924919128418,11,ls,1,35.333333333333336
student_ls_s1,test_w48-51,ge5,all,0.7322465548129719,94668,93780,0.8007352009126631,0.6880187576298891,0.7935134467481526,0.7526444870974621,0.6890183554946732,0.761160497597544,0.7706014075495842,0.658018554441165,0.0444133674290116,0.8915529847145081,0.2888040961236662,0.048585130009061,0.060205441814796035,0.9185978174209595,11,ls,1,35.333333333333336
student_ls_s1,test_w48-51,ge5,near,0.7322465548129719,94668,10675,0.8007352009126631,0.6880187576298891,0.7507358025468323,0.7607494145199063,0.6545363562679642,0.7490758226283517,0.7748009367681499,0.6471921238566849,0.0444133674290116,0.8915529847145081,0.2888040961236662,0.048585130009061,0.060205441814796035,0.9185978174209595,11,ls,1,35.333333333333336
student_ls_s1,test_w48-51,ge5,far,0.7322465548129719,94668,83105,0.8007352009126631,0.6880187576298891,0.7990083189200927,0.7516033932976355,0.693447635823716,0.7627127977635524,0.7700619697972444,0.6594092306518542,0.0444133674290116,0.8915529847145081,0.2888040961236662,0.048585130009061,0.060205441814796035,0.9185978174209595,11,ls,1,35.333333333333336
student_kdA_s1,val,all,all,1.0684570608292405,200000,53779,0.94172,0.9154160420045783,0.8493809688261217,0.716748173078711,0.8314625028356795,0.8227461724371967,0.7386526339277413,0.800064143624835,0.003374902120791381,0.20867367088794708,0.0829908118252564,0.003965145673561733,0.006009153077956278,0.20801623165607452,11,kdA,1,1.0
student_kdA_s1,val,all,near,1.0684570608292405,200000,10959,0.94172,0.9154160420045783,0.834646042978374,0.6996076284332512,0.8161396623779541,0.7350817380691669,0.7677707820056574,0.7159732133406334,0.003374902120791381,0.20867367088794708,0.0829908118252564,0.003965145673561733,0.006009153077956278,0.20801623165607452,11,kdA,1,1.0
student_kdA_s1,val,all,far,1.0684570608292405,200000,42820,0.94172,0.9154160420045783,0.8531521050326951,0.7211349836524988,0.8353841050910789,0.8451822895843065,0.7312003736571695,0.821585687412424,0.003374902120791381,0.20867367088794708,0.0829908118252564,0.003965145673561733,0.006009153077956278,0.20801623165607452,11,kdA,1,1.0
student_kdA_s1,val,ge5,all,1.0684570608292405,191366,52270,0.9506025103727935,0.9257656596282304,0.8612973673344355,0.677979720681079,0.8457679163096272,0.8380369888439789,0.6843887507174288,0.8176047578717844,0.0029870571780738694,0.17235596477985382,0.07057116871466153,0.002997304722943611,0.0053456770512442416,0.17189863324165344,11,kdA,1,1.0
student_kdA_s1,val,ge5,near,1.0684570608292405,191366,10483,0.9506025103727935,0.9257656596282304,0.8431732627571367,0.6704187732519317,0.8273475759667621,0.746327029288118,0.7202136792902795,0.72910551065078,0.0029870571780738694,0.17235596477985382,0.07057116871466153,0.002997304722943611,0.0053456770512442416,0.17189863324165344,11,kdA,1,1.0
student_kdA_s1,val,ge5,far,1.0684570608292405,191366,41787,0.9506025103727935,0.9257656596282304,0.8658441160429771,0.6798765166200015,0.8503889809425096,0.8610440366345382,0.6754014406394333,0.8398063423027747,0.0029870571780738694,0.17235596477985382,0.07057116871466153,0.002997304722943611,0.0053456770512442416,0.17189863324165344,11,kdA,1,1.0
student_kdA_s1,test_w16-19,all,all,1.0684570608292405,100000,100000,0.93297,0.9006129668189166,0.8767482144,0.61112,0.8485097623000001,0.8558614340499999,0.6283,0.8230144596,0.004995112621486145,0.27684128284454346,0.09668957418446984,0.0054727794871173956,0.004213304944112908,0.2725354731082916,11,kdA,1,3.5
student_kdA_s1,test_w16-19,all,near,1.0684570608292405,100000,11980,0.93297,0.9006129668189166,0.8643842984140234,0.6537562604340568,0.8385202671118531,0.8665203722871452,0.6778797996661102,0.8346066527545909,0.004995112621486145,0.27684128284454346,0.09668957418446984,0.0054727794871173956,0.004213304944112908,0.2725354731082916,11,kdA,1,3.5
student_kdA_s1,test_w16-19,all,far,1.0684570608292405,100000,88020,0.93297,0.9006129668189166,0.8784310105089752,0.6053169734151329,0.8498693868438991,0.8544106946716656,0.6215519200181777,0.8214366991592821,0.004995112621486145,0.27684128284454346,0.09668957418446984,0.0054727794871173956,0.004213304944112908,0.2725354731082916,11,kdA,1,3.5
student_kdA_s1,test_w16-19,ge5,all,1.0684570608292405,96085,89545,0.9412915647603685,0.9088448761541911,0.8791285051894577,0.6063543469763806,0.8552569717308849,0.8607631958870848,0.5984700429951421,0.8314238725051655,0.0037693092720766735,0.24581614136695862,0.08550293877693708,0.00443111952390965,0.003314064787783648,0.24173136055469513,11,kdA,1,3.5
student_kdA_s1,test_w16-19,ge5,near,1.0684570608292405,96085,11402,0.9412915647603685,0.9088448761541911,0.8715925560779048,0.636993509910542,0.849128167804633,0.8765870503606841,0.6407647781091037,0.8478769907480382,0.0037693092720766735,0.24581614136695862,0.08550293877693708,0.00443111952390965,0.003314064787783648,0.24173136055469513,11,kdA,1,3.5
student_kdA_s1,test_w16-19,ge5,far,1.0684570608292405,96085,78143,0.9412915647603685,0.9088448761541911,0.8802280904596664,0.601883725989532,0.8561512376583144,0.858454305919871,0.5922987343716007,0.8290231654142521,0.0037693092720766735,0.24581614136695862,0.08550293877693708,0.00443111952390965,0.003314064787783648,0.24173136055469513,11,kdA,1,3.5
student_kdA_s1,test_w20-23,all,all,1.0684570608292405,100000,100000,0.92479,0.8819054911264544,0.8710015713000001,0.63658,0.8377955468,0.8607492198,0.60866,0.8204411397999999,0.007996731724813548,0.3311563730239868,0.11040415205310222,0.0072631639094176,0.0032065265329182246,0.32437893748283386,11,kdA,1,7.5
student_kdA_s1,test_w20-23,all,near,1.0684570608292405,100000,13417,0.92479,0.8819054911264544,0.8546400417380935,0.650741596482075,0.8231100819855408,0.8683317321308788,0.6622941044942983,0.8293900365208318,0.007996731724813548,0.3311563730239868,0.11040415205310222,0.0072631639094176,0.0032065265329182246,0.32437893748283386,11,kdA,1,7.5
student_kdA_s1,test_w20-23,all,far,1.0684570608292405,100000,86583,0.92479,0.8819054911264544,0.8735369725003752,0.6343855029278265,0.8400712231038425,0.8595742250788261,0.6003487982629384,0.8190544086021504,0.007996731724813548,0.3311563730239868,0.11040415205310222,0.0072631639094176,0.0032065265329182246,0.32437893748283386,11,kdA,1,7.5
student_kdA_s1,test_w20-23,ge5,all,1.0684570608292405,95941,89776,0.9324897593312557,0.8888468391948061,0.8733670020108356,0.6343900374264837,0.8446505908612436,0.8663560034857088,0.5758220459811085,0.8297110526277649,0.0074357490204298195,0.304328054189682,0.09950679131009796,0.0060310591256818044,0.003409834210515294,0.29743435978889465,11,kdA,1,7.5
student_kdA_s1,test_w20-23,ge5,near,1.0684570608292405,95941,12762,0.9324897593312557,0.8888468391948061,0.86162302796052,0.6358721203573108,0.8335400584215746,0.8787098136262672,0.6217677480018806,0.843146661004983,0.0074357490204298195,0.304328054189682,0.09950679131009796,0.0060310591256818044,0.003409834210515294,0.29743435978889465,11,kdA,1,7.5
student_kdA_s1,test_w20-23,ge5,far,1.0684570608292405,95941,77014,0.9324897593312557,0.8888468391948061,0.8753130974847771,0.6341444412704184,0.8464917186431412,0.8643088519935929,0.5682083776975615,0.8274846362085417,0.0074357490204298195,0.304328054189682,0.09950679131009796,0.0060310591256818044,0.003409834210515294,0.29743435978889465,11,kdA,1,7.5
student_kdA_s1,test_w24-27,all,all,1.0684570608292405,100000,100000,0.91441,0.8541281955048802,0.85966829105,0.63902,0.8197277183999999,0.8475223816,0.60757,0.800729199,0.014493158092349783,0.40565815567970276,0.1278253798141604,0.00983651934851853,0.008350338232368207,0.39482688903808594,11,kdA,1,11.5
student_kdA_s1,test_w24-27,all,near,1.0684570608292405,100000,12494,0.91441,0.8541281955048802,0.8460671114134785,0.6745637906194973,0.8092790315351368,0.8607340163278373,0.7033776212582039,0.8158608596126141,0.014493158092349783,0.40565815567970276,0.1278253798141604,0.00983651934851853,0.008350338232368207,0.39482688903808594,11,kdA,1,11.5
student_kdA_s1,test_w24-27,all,far,1.0684570608292405,100000,87506,0.91441,0.8541281955048802,0.8616102508970813,0.6339451009073663,0.8212195691723996,0.84563604050008,0.5938907046373962,0.7985687189449865,0.014493158092349783,0.40565815567970276,0.1278253798141604,0.00983651934851853,0.008350338232368207,0.39482688903808594,11,kdA,1,11.5
student_kdA_s1,test_w24-27,ge5,all,1.0684570608292405,96204,89771,0.9211779136002661,0.8592517589948504,0.8593688054773342,0.6519143153134086,0.823997695315296,0.8509157353014146,0.589188045137071,0.8076830515162188,0.014115776172761472,0.3753623366355896,0.11838764760686414,0.008614498465664916,0.008286610877041566,0.3648906648159027,11,kdA,1,11.5
student_kdA_s1,test_w24-27,ge5,near,1.0684570608292405,96204,11977,0.9211779136002661,0.8592517589948504,0.8521789535371538,0.6657760708023712,0.8184357764881129,0.8710076340587195,0.6642731902813727,0.8289909703062145,0.014115776172761472,0.3753623366355896,0.11838764760686414,0.008614498465664916,0.008286610877041566,0.3648906648159027,11,kdA,1,11.5
student_kdA_s1,test_w24-27,ge5,far,1.0684570608292405,96204,77794,0.9211779136002661,0.8592517589948504,0.8604757399027081,0.649780188703499,0.8248539965955125,0.8478224289870943,0.5776280947116744,0.8044025293249473,0.014115776172761472,0.3753623366355896,0.11838764760686414,0.008614498465664916,0.008286610877041566,0.3648906648159027,11,kdA,1,11.5
student_kdA_s1,test_w28-31,all,all,1.0684570608292405,100000,100000,0.891,0.7915085477075754,0.84223481855,0.66866,0.7881695437000001,0.8329198656,0.61787,0.7716132483,0.026352659267932205,0.6075949668884277,0.166407704636983,0.016213821014481832,0.01993964275345209,0.5863676071166992,11,kdA,1,15.5
student_kdA_s1,test_w28-31,all,near,1.0684570608292405,100000,15990,0.891,0.7915085477075754,0.8293715616010007,0.7118198874296435,0.7799539043151971,0.8394672295184491,0.7315822388993121,0.7828982201375859,0.026352659267932205,0.6075949668884277,0.166407704636983,0.016213821014481832,0.01993964275345209,0.5863676071166992,11,kdA,1,15.5
student_kdA_s1,test_w28-31,all,far,1.0684570608292405,100000,84010,0.891,0.7915085477075754,0.8446831399238186,0.6604451850970122,0.7897332631829544,0.8316736764670872,0.5962266396857517,0.7694653290084513,0.026352659267932205,0.6075949668884277,0.166407704636983,0.016213821014481832,0.01993964275345209,0.5863676071166992,11,kdA,1,15.5
student_kdA_s1,test_w28-31,ge5,all,1.0684570608292405,95576,94669,0.8981334226165565,0.7968064843472832,0.8472884531722709,0.6602478107933959,0.7965426420653622,0.8418734092649391,0.5888728094730059,0.7831357795309254,0.025099534567950974,0.5707986354827881,0.1565060347840607,0.014608903410480977,0.01952129655612818,0.5503217577934265,11,kdA,1,15.5
student_kdA_s1,test_w28-31,ge5,near,1.0684570608292405,95576,15420,0.8981334226165565,0.7968064843472832,0.8352987062020683,0.7074578469520104,0.7891196317566441,0.8517154091563288,0.7093385214007782,0.7973413875236033,0.025099534567950974,0.5707986354827881,0.1565060347840607,0.014608903410480977,0.01952129655612818,0.5503217577934265,11,kdA,1,15.5
student_kdA_s1,test_w28-31,ge5,far,1.0684570608292405,95576,79249,0.8981334226165565,0.7968064843472832,0.8496213772253254,0.6510618430516474,0.7979869860818223,0.8399583865097595,0.5654330023091774,0.780371700801262,0.025099534567950974,0.5707986354827881,0.1565060347840607,0.014608903410480977,0.01952129655612818,0.5503217577934265,11,kdA,1,15.5
student_kdA_s1,test_w32-35,all,all,1.0684570608292405,100000,100000,0.85938,0.7525983457102371,0.82222267465,0.71144,0.7518630536000002,0.81910673925,0.64497,0.7381892585,0.04566031997121871,0.8031241297721863,0.21402508388325975,0.025181721629541333,0.03821921907842156,0.7717589735984802,11,kdA,1,19.5
student_kdA_s1,test_w32-35,all,near,1.0684570608292405,100000,16559,0.85938,0.7525983457102371,0.7994582459689595,0.7654447732350987,0.7373390657648407,0.8239792194576967,0.7399601425206837,0.7481461827405036,0.04566031997121871,0.8031241297721863,0.21402508388325975,0.025181721629541333,0.03821921907842156,0.7717589735984802,11,kdA,1,19.5
student_kdA_s1,test_w32-35,all,far,1.0684570608292405,100000,83441,0.85938,0.7525983457102371,0.8267403119569516,0.7007226663151208,0.7547453622319963,0.8181397877542216,0.6261190541819969,0.7362132909480951,0.04566031997121871,0.8031241297721863,0.21402508388325975,0.025181721629541333,0.03821921907842156,0.7717589735984802,11,kdA,1,19.5
student_kdA_s1,test_w32-35,ge5,all,1.0684570608292405,95262,94615,0.8675337490289937,0.7576321483838666,0.8259855553326347,0.7111980130000528,0.7603282046956094,0.8278626041585013,0.6231570047032712,0.7506626350393829,0.04262407487225267,0.7534600496292114,0.2020006181265153,0.022921073302002846,0.035664868132739405,0.7238214015960693,11,kdA,1,19.5
student_kdA_s1,test_w32-35,ge5,near,1.0684570608292405,95262,16006,0.8675337490289937,0.7576321483838666,0.8047480347333482,0.7654004748219417,0.7468857348855918,0.8358036251668792,0.7191678120704735,0.7634325270986996,0.04262407487225267,0.7534600496292114,0.2020006181265153,0.022921073302002846,0.035664868132739405,0.7238214015960693,11,kdA,1,19.5
student_kdA_s1,test_w32-35,ge5,far,1.0684570608292405,95262,78609,0.8675337490289937,0.7576321483838666,0.8303098407797487,0.7001615591090079,0.7630652980536111,0.8262456902903678,0.603607729394853,0.7480624888436369,0.04262407487225267,0.7534600496292114,0.2020006181265153,0.022921073302002846,0.035664868132739405,0.7238214015960693,11,kdA,1,19.5
student_kdA_s1,test_w36-39,all,all,1.0684570608292405,100000,100000,0.83604,0.7290951741930862,0.8166210653499999,0.75578,0.7354359676,0.8132106089,0.68684,0.7202598848,0.06038178609304129,0.8341787457466125,0.24135844905050907,0.03176886787079672,0.051856467263251535,0.802443265914917,11,kdA,1,23.5
student_kdA_s1,test_w36-39,all,near,1.0684570608292405,100000,12548,0.83604,0.7290951741930862,0.800212031797896,0.7656997131016895,0.7244800852725533,0.8271524035702901,0.7352566145999363,0.7355023007650622,0.06038178609304129,0.8341787457466125,0.24135844905050907,0.03176886787079672,0.051856467263251535,0.802443265914917,11,kdA,1,23.5
student_kdA_s1,test_w36-39,all,far,1.0684570608292405,100000,87452,0.83604,0.7290951741930862,0.8189755061062068,0.7543566756620775,0.7370079660842518,0.8112101784979189,0.6798929698577505,0.7180728354983306,0.06038178609304129,0.8341787457466125,0.24135844905050907,0.03176886787079672,0.051856467263251535,0.802443265914917,11,kdA,1,23.5
student_kdA_s1,test_w36-39,ge5,all,1.0684570608292405,95184,91735,0.8465183224071272,0.7337690049158184,0.8171937482504561,0.7568212786831635,0.7433919668584651,0.8214400233166853,0.6695481550117185,0.733340833472848,0.055139324359566325,0.774746835231781,0.22570672425747956,0.02877305864960216,0.047352925602207,0.7452710866928101,11,kdA,1,23.5
student_kdA_s1,test_w36-39,ge5,near,1.0684570608292405,95184,12085,0.8465183224071272,0.7337690049158184,0.8040949492037998,0.7716177079023583,0.7347763412117049,0.8380994139052447,0.7248655357881671,0.7512696294242337,0.055139324359566325,0.774746835231781,0.22570672425747956,0.02877305864960216,0.047352925602207,0.7452710866928101,11,kdA,1,23.5
student_kdA_s1,test_w36-39,ge5,far,1.0684570608292405,95184,79650,0.8465183224071272,0.7337690049158184,0.819181180597962,0.7545762711864407,0.7446991838822078,0.8189123555795512,0.6611550533584432,0.7306205635535447,0.055139324359566325,0.774746835231781,0.22570672425747956,0.02877305864960216,0.047352925602207,0.7452710866928101,11,kdA,1,23.5
student_kdA_s1,test_w40-43,all,all,1.0684570608292405,100000,100000,0.83017,0.725538104071665,0.8089972780000001,0.75884,0.7245344040999999,0.80624877775,0.70217,0.7093783750000001,0.06472809481456877,0.8910204768180847,0.2517192892168156,0.03467351158103508,0.056119669621735785,0.8559172749519348,11,kdA,1,27.5
student_kdA_s1,test_w40-43,all,near,1.0684570608292405,100000,10904,0.83017,0.725538104071665,0.7967200376008803,0.7707263389581804,0.7168882235876742,0.8225452411958916,0.7450476889214968,0.7263542287234043,0.06472809481456877,0.8910204768180847,0.2517192892168156,0.03467351158103508,0.056119669621735785,0.8559172749519348,11,kdA,1,27.5
student_kdA_s1,test_w40-43,all,far,1.0684570608292405,100000,89096,0.83017,0.725538104071665,0.8104998261425878,0.7573852922690132,0.7254701807039599,0.8042543376245846,0.6969224207596301,0.7073007878019214,0.06472809481456877,0.8910204768180847,0.2517192892168156,0.03467351158103508,0.056119669621735785,0.8559172749519348,11,kdA,1,27.5
student_kdA_s1,test_w40-43,ge5,all,1.0684570608292405,95288,93977,0.8399798505583075,0.7329936987737514,0.8135514703831483,0.7482788341828319,0.734035498075089,0.8174107051857283,0.6677484916522127,0.7238877045608901,0.06080529345796058,0.8356486558914185,0.23808806645056252,0.031832624478149475,0.05290102157996686,0.8024389147758484,11,kdA,1,27.5
student_kdA_s1,test_w40-43,ge5,near,1.0684570608292405,95288,10557,0.8399798505583075,0.7329936987737514,0.8018789701510987,0.7652742256322819,0.7270327813414745,0.8348972088043314,0.7192384200056834,0.7424762013508559,0.06080529345796058,0.8356486558914185,0.23808806645056252,0.031832624478149475,0.05290102157996686,0.8024389147758484,11,kdA,1,27.5
student_kdA_s1,test_w40-43,ge5,far,1.0684570608292405,95288,83420,0.8399798505583075,0.7329936987737514,0.815028653132486,0.7461280268520738,0.7349217085828421,0.8151977464384065,0.6612323183888755,0.7215352859489065,0.06080529345796058,0.8356486558914185,0.23808806645056252,0.031832624478149475,0.05290102157996686,0.8024389147758484,11,kdA,1,27.5
student_kdA_s1,test_w44-47,all,all,1.0684570608292405,100000,100000,0.81078,0.7010043355664101,0.7971509100499999,0.77527,0.7001762691999999,0.7900105796499999,0.73256,0.6855699321,0.07378656168662012,1.0939019918441772,0.28712487885832455,0.04530486880873672,0.06434533384032544,1.0481876134872437,11,kdA,1,31.5
student_kdA_s1,test_w44-47,all,near,1.0684570608292405,100000,10628,0.81078,0.7010043355664101,0.7771517919646218,0.7976100865637937,0.6878080748964998,0.8032121730334965,0.7993037260067746,0.701620683101242,0.07378656168662012,1.0939019918441772,0.28712487885832455,0.04530486880873672,0.06434533384032544,1.0481876134872437,11,kdA,1,31.5
student_kdA_s1,test_w44-47,all,far,1.0684570608292405,100000,89372,0.81078,0.7010043355664101,0.7995291787136911,0.7726133464619791,0.7016470785033343,0.7884406636306673,0.7246229244058542,0.6836611980262277,0.07378656168662012,1.0939019918441772,0.28712487885832455,0.04530486880873672,0.06434533384032544,1.0481876134872437,11,kdA,1,31.5
student_kdA_s1,test_w44-47,ge5,all,1.0684570608292405,94936,92436,0.8202051908654251,0.708799945469005,0.7996062944348036,0.7662274438530443,0.7083372614267651,0.7979715042457659,0.7212341511965036,0.6978329934107526,0.06988001946928696,1.0403144359588623,0.27346643119265707,0.04159129103383136,0.06114770668516635,0.9963504076004028,11,kdA,1,31.5
student_kdA_s1,test_w44-47,ge5,near,1.0684570608292405,94936,10310,0.8202051908654251,0.708799945469005,0.7818678786063809,0.7931134820562561,0.6978334089504945,0.8161336455405315,0.7867119301648885,0.7180110811494058,0.06988001946928696,1.0403144359588623,0.27346643119265707,0.04159129103383136,0.06114770668516635,0.9963504076004028,11,kdA,1,31.5
student_kdA_s1,test_w44-47,ge5,far,1.0684570608292405,94936,82126,0.8202051908654251,0.708799945469005,0.8018331539822189,0.7628522027129045,0.7096559025273953,0.7956914507091388,0.7130141489905755,0.6952998603641473,0.06988001946928696,1.0403144359588623,0.27346643119265707,0.04159129103383136,0.06114770668516635,0.9963504076004028,11,kdA,1,31.5
student_kdA_s1,test_w48-51,all,all,1.0684570608292405,100000,100000,0.79699,0.6906677131119645,0.8007302713,0.78139,0.6952008901999999,0.7935139495999999,0.74096,0.6813359311999999,0.08805968807443976,1.2052870988845825,0.30660325594294663,0.049154061828269924,0.0787414228871465,1.155182957649231,11,kdA,1,35.333333333333336
student_kdA_s1,test_w48-51,all,near,1.0684570608292405,100000,10972,0.79699,0.6906677131119645,0.7720971445497631,0.803955523149836,0.6764900975209625,0.7995385595151294,0.8292927451695224,0.6924951111921255,0.08805968807443976,1.2052870988845825,0.30660325594294663,0.049154061828269924,0.0787414228871465,1.155182957649231,11,kdA,1,35.333333333333336
student_kdA_s1,test_w48-51,all,far,1.0684570608292405,100000,89028,0.79699,0.6906677131119645,0.8042590787168082,0.7786089769510716,0.6975068480702701,0.7927714638653007,0.7300736846834703,0.6799606501325426,0.08805968807443976,1.2052870988845825,0.30660325594294663,0.049154061828269924,0.0787414228871465,1.155182957649231,11,kdA,1,35.333333333333336
student_kdA_s1,test_w48-51,ge5,all,1.0684570608292405,94668,93780,0.8072421515189927,0.6986720416124608,0.8043432131492151,0.7677969716357432,0.7061589559942668,0.8040311438306813,0.7183301343570058,0.6968494148294145,0.08324624907168546,1.1377915143966675,0.2894083545600389,0.04401429100947691,0.07464875297038259,1.0904971361160278,11,kdA,1,35.333333333333336
student_kdA_s1,test_w48-51,ge5,near,1.0684570608292405,94668,10675,0.8072421515189927,0.6986720416124608,0.7773921449534619,0.7965339578454332,0.688697509521504,0.8135440977560531,0.8067447306791569,0.7110177087257438,0.08324624907168546,1.1377915143966675,0.2894083545600389,0.04401429100947691,0.07464875297038259,1.0904971361160278,11,kdA,1,35.333333333333336
student_kdA_s1,test_w48-51,ge5,far,1.0684570608292405,94668,83105,0.8072421515189927,0.6986720416124608,0.807805130639013,0.764105649479574,0.7084019129895951,0.8028091862691225,0.706973106311293,0.6950294697317272,0.08324624907168546,1.1377915143966675,0.2894083545600389,0.04401429100947691,0.07464875297038259,1.0904971361160278,11,kdA,1,35.333333333333336
student_kdB_s1,val,all,all,1.069912133181451,200000,53779,0.94146,0.9126936858337683,0.8565148093586716,0.707915729187973,0.8380124887037692,0.8316375304951747,0.7319771658082151,0.808038767083806,0.002643594161421051,0.21057014167308807,0.08377036292186198,0.0040403279578318345,0.005949259624332154,0.20991580188274384,11,kdB,1,1.0
student_kdB_s1,val,all,near,1.069912133181451,200000,10959,0.94146,0.9126936858337683,0.8324550962679077,0.7130212610639657,0.8144087754357149,0.7371202586914865,0.757185874623597,0.717358140341272,0.002643594161421051,0.21057014167308807,0.08377036292186198,0.0040403279578318345,0.005949259624332154,0.20991580188274384,11,kdB,1,1.0
student_kdB_s1,val,all,far,1.069912133181451,200000,42820,0.94146,0.9126936858337683,0.8626724552195235,0.7066090611863615,0.8440534297057449,0.8558275067141522,0.7255254553946754,0.8312468237972911,0.002643594161421051,0.21057014167308807,0.08377036292186198,0.0040403279578318345,0.005949259624332154,0.20991580188274384,11,kdB,1,1.0
student_kdB_s1,val,ge5,all,1.069912133181451,191366,52270,0.9506129615501187,0.9241473863622419,0.8686915465997114,0.6721637650660034,0.8526566617834721,0.8471306740532902,0.682590396020662,0.8258950319179896,0.0021434246474227267,0.17420236766338348,0.0712762404623067,0.003066631143323622,0.005482108097495336,0.1737121343612671,11,kdB,1,1.0
student_kdB_s1,val,ge5,near,1.069912133181451,191366,10483,0.9506129615501187,0.9241473863622419,0.8417523580043884,0.6792902795001431,0.8262230151296848,0.7482820367573798,0.7155394448154154,0.7305251465171465,0.0021434246474227267,0.17420236766338348,0.0712762404623067,0.003066631143323622,0.005482108097495336,0.1737121343612671,11,kdB,1,1.0
student_kdB_s1,val,ge5,far,1.069912133181451,191366,41787,0.9506129615501187,0.9241473863622419,0.8754497133512074,0.6703759542441429,0.859288004494642,0.8719285840437905,0.6743245506975853,0.8498202361359768,0.0021434246474227267,0.17420236766338348,0.0712762404623067,0.003066631143323622,0.005482108097495336,0.1737121343612671,11,kdB,1,1.0
student_kdB_s1,test_w16-19,all,all,1.069912133181451,100000,100000,0.93239,0.9029707042171947,0.87299546775,0.62907,0.8453686060000001,0.8489296428499999,0.64167,0.816447919,0.004292601192668086,0.2689529061317444,0.09700008511132202,0.005465446592799051,0.0045800938792526814,0.26525938510894775,11,kdB,1,3.5
student_kdB_s1,test_w16-19,all,near,1.069912133181451,100000,11980,0.93239,0.9029707042171947,0.8561735379799666,0.6914023372287145,0.8320955350584307,0.8661766247913187,0.6489983305509182,0.8336082946577629,0.004292601192668086,0.2689529061317444,0.09700008511132202,0.005465446592799051,0.0045800938792526814,0.26525938510894775,11,kdB,1,3.5
student_kdB_s1,test_w16-19,all,far,1.069912133181451,100000,88020,0.93239,0.9029707042171947,0.8752850237446035,0.6205862304021813,0.8471751430356738,0.846582234946603,0.6406725744149057,0.8141122986821178,0.004292601192668086,0.2689529061317444,0.09700008511132202,0.005465446592799051,0.0045800938792526814,0.26525938510894775,11,kdB,1,3.5
student_kdB_s1,test_w16-19,ge5,all,1.069912133181451,96085,89545,0.9406983400114481,0.9113701784799881,0.8747161777235595,0.6352671840973813,0.8516051286590203,0.853349379912676,0.6166731810821374,0.8243227601540625,0.003465448623719792,0.23797985911369324,0.08601738168991988,0.004429224181585171,0.003912719120348835,0.23447996377944946,11,kdB,1,3.5
student_kdB_s1,test_w16-19,ge5,near,1.069912133181451,96085,11402,0.9406983400114481,0.9113701784799881,0.8634961870727857,0.6797930187686371,0.8426252191833341,0.8764532020608216,0.6209436940887564,0.847045843181901,0.003465448623719792,0.23797985911369324,0.08601738168991988,0.004429224181585171,0.003912719120348835,0.23447996377944946,11,kdB,1,3.5
student_kdB_s1,test_w16-19,ge5,far,1.069912133181451,96085,78143,0.9406983400114481,0.9113701784799881,0.876353308796082,0.6287703313156648,0.852915405047715,0.8499782554340516,0.6160500620657,0.8210071900750611,0.003465448623719792,0.23797985911369324,0.08601738168991988,0.004429224181585171,0.003912719120348835,0.23447996377944946,11,kdB,1,3.5
student_kdB_s1,test_w20-23,all,all,1.069912133181451,100000,100000,0.92204,0.8817834919451265,0.8656534373,0.65147,0.8329542600000001,0.8507477686,0.63035,0.8105675515,0.008519664297997958,0.3317450284957886,0.11173419777460747,0.007291879867048534,0.003948682093024218,0.3250543475151062,11,kdB,1,7.5
student_kdB_s1,test_w20-23,all,near,1.069912133181451,100000,13417,0.92204,0.8817834919451265,0.8436764813296563,0.716926287545651,0.815352382797943,0.8669141902064544,0.6704181262577327,0.8270596303197436,0.008519664297997958,0.3317450284957886,0.11173419777460747,0.007291879867048534,0.003948682093024218,0.3250543475151062,11,kdB,1,7.5
student_kdB_s1,test_w20-23,all,far,1.069912133181451,100000,86583,0.92204,0.8817834919451265,0.8690590113532679,0.6413268193525288,0.8356818668791796,0.8482426015499578,0.6241409976554289,0.808011920238384,0.008519664297997958,0.3317450284957886,0.11173419777460747,0.007291879867048534,0.003948682093024218,0.3250543475151062,11,kdB,1,7.5
student_kdB_s1,test_w20-23,ge5,all,1.069912133181451,95941,89776,0.9296859528251739,0.8886530975748843,0.8670806343509052,0.660399215826056,0.8391970361689588,0.8556852944152313,0.5938335412582427,0.819143133818815,0.008597358416913167,0.3051029443740845,0.10131217762479844,0.00608211804552511,0.003823155375855012,0.29825645685195923,11,kdB,1,7.5
student_kdB_s1,test_w20-23,ge5,near,1.069912133181451,95941,12762,0.9296859528251739,0.8886530975748843,0.8510620187989334,0.7046701144021313,0.8259403897834804,0.8774569618619482,0.6295251527973672,0.840929605203007,0.008597358416913167,0.3051029443740845,0.10131217762479844,0.00608211804552511,0.003823155375855012,0.29825645685195923,11,kdB,1,7.5
student_kdB_s1,test_w20-23,ge5,far,1.069912133181451,95941,77014,0.9296859528251739,0.8886530975748843,0.8697350812264639,0.6530630794401018,0.8413937967731541,0.8520775085586988,0.5879190796478563,0.8155328947998696,0.008597358416913167,0.3051029443740845,0.10131217762479844,0.00608211804552511,0.003823155375855012,0.29825645685195923,11,kdB,1,7.5
student_kdB_s1,test_w24-27,all,all,1.069912133181451,100000,100000,0.9103,0.8496166961368626,0.85264582765,0.65303,0.8134346276,0.8376386105,0.62463,0.7904409567999999,0.015470038219764847,0.40795063972473145,0.12866993044372793,0.009499976810622748,0.009126901008263204,0.39711394906044006,11,kdB,1,11.5
student_kdB_s1,test_w24-27,all,near,1.069912133181451,100000,12494,0.9103,0.8496166961368626,0.8351208299983992,0.7185849207619658,0.80107315991676,0.8594661121338243,0.6572754922362735,0.8123246278213543,0.015470038219764847,0.40795063972473145,0.12866993044372793,0.009499976810622748,0.009126901008263204,0.39711394906044006,11,kdB,1,11.5
student_kdB_s1,test_w24-27,all,far,1.069912133181451,100000,87506,0.9103,0.8496166961368626,0.8551480254496835,0.6436701483326858,0.815199582885745,0.8345221064269878,0.61996891641716,0.7873164329303135,0.015470038219764847,0.40795063972473145,0.12866993044372793,0.009499976810622748,0.009126901008263204,0.39711394906044006,11,kdB,1,11.5
student_kdB_s1,test_w24-27,ge5,all,1.069912133181451,96204,89771,0.916853769074051,0.8544615230391764,0.8510785747965004,0.6780029185371668,0.8169222027083607,0.840226678126276,0.6060086219380424,0.7965139416052863,0.015224377511813486,0.3778650462627411,0.11936520060697509,0.008296777711067923,0.009401626684972665,0.3673483729362488,11,kdB,1,11.5
student_kdB_s1,test_w24-27,ge5,near,1.069912133181451,96204,11977,0.916853769074051,0.8544615230391764,0.8412373994010605,0.7155381147198797,0.8101932795484167,0.8696572202246731,0.6301244051097937,0.8253033346553202,0.015224377511813486,0.3778650462627411,0.11936520060697509,0.008296777711067923,0.009401626684972665,0.3673483729362488,11,kdB,1,11.5
student_kdB_s1,test_w24-27,ge5,far,1.069912133181451,96204,77794,0.916853769074051,0.8544615230391764,0.8525937013835274,0.6722240789778132,0.8179581735118502,0.8356956139990619,0.6022958068745662,0.7920815874319534,0.015224377511813486,0.3778650462627411,0.11936520060697509,0.008296777711067923,0.009401626684972665,0.3673483729362488,11,kdB,1,11.5
student_kdB_s1,test_w28-31,all,all,1.069912133181451,100000,100000,0.88698,0.7874166502435404,0.8380965445499999,0.68321,0.7859259543,0.8263641436,0.65282,0.7659891402999999,0.027335950411260135,0.5845857858657837,0.1646040303379269,0.014984870760094983,0.019923309312239266,0.5647734999656677,11,kdB,1,15.5
student_kdB_s1,test_w28-31,all,near,1.069912133181451,100000,15990,0.88698,0.7874166502435404,0.8203616898061288,0.7379612257661038,0.7743280444027517,0.8396892983114446,0.726078799249531,0.7825523133208255,0.027335950411260135,0.5845857858657837,0.1646040303379269,0.014984870760094983,0.019923309312239266,0.5647734999656677,11,kdB,1,15.5
student_kdB_s1,test_w28-31,all,far,1.069912133181451,100000,84010,0.88698,0.7874166502435404,0.8414720989763123,0.6727889536959886,0.7881334364956551,0.8238279071539102,0.6388763242471135,0.762836597309844,0.027335950411260135,0.5845857858657837,0.1646040303379269,0.014984870760094983,0.019923309312239266,0.5647734999656677,11,kdB,1,15.5
student_kdB_s1,test_w28-31,ge5,all,1.069912133181451,95576,94669,0.8939378086548925,0.7924553278509998,0.8426737154650908,0.6758917913995077,0.7940925773713146,0.8352880563068279,0.6102948166770538,0.7773645484045677,0.02651691125503,0.548652172088623,0.1547149905052498,0.013411329387732075,0.01986868329258248,0.5294784903526306,11,kdB,1,15.5
student_kdB_s1,test_w28-31,ge5,near,1.069912133181451,95576,15420,0.8939378086548925,0.7924553278509998,0.8265393943087591,0.7346952010376135,0.7837665643231666,0.8521111369720156,0.6900129701686122,0.7972001047481977,0.02651691125503,0.548652172088623,0.1547149905052498,0.013411329387732075,0.01986868329258248,0.5294784903526306,11,kdB,1,15.5
student_kdB_s1,test_w28-31,ge5,far,1.069912133181451,95576,79249,0.8939378086548925,0.7924553278509998,0.8458130766208234,0.6644500246059887,0.7961017777549465,0.8320146786761045,0.5947835303915506,0.7735050135357522,0.02651691125503,0.548652172088623,0.1547149905052498,0.013411329387732075,0.01986868329258248,0.5294784903526306,11,kdB,1,15.5
student_kdB_s1,test_w32-35,all,all,1.069912133181451,100000,100000,0.8556,0.7479201392935718,0.8150855830999999,0.72902,0.7483085657999999,0.81136629775,0.68233,0.7330055589000001,0.04571503868296743,0.7628453373908997,0.20995374078788576,0.02345506704642543,0.03786199586570265,0.7340788245201111,11,kdB,1,19.5
student_kdB_s1,test_w32-35,all,near,1.069912133181451,100000,16559,0.8556,0.7479201392935718,0.7883052195180867,0.7924391569539223,0.7307609269883447,0.8215618769249351,0.7461803248988466,0.7469020973488738,0.04571503868296743,0.7628453373908997,0.20995374078788576,0.02345506704642543,0.03786199586570265,0.7340788245201111,11,kdB,1,19.5
student_kdB_s1,test_w32-35,all,far,1.069912133181451,100000,83441,0.8556,0.7479201392935718,0.8204001891156626,0.7164343667980969,0.7517909228077324,0.8093429687443823,0.6696588008293285,0.7302477686029649,0.04571503868296743,0.7628453373908997,0.20995374078788576,0.02345506704642543,0.03786199586570265,0.7340788245201111,11,kdB,1,19.5
student_kdB_s1,test_w32-35,ge5,all,1.069912133181451,95262,94615,0.8637232054754257,0.7522668876248225,0.8186403054533888,0.7258785604819532,0.7566940939857599,0.8198599416277265,0.6594514611848016,0.7452941304968199,0.042930627624223824,0.7138870358467102,0.1979559733537572,0.021168949724668512,0.03592940686597793,0.6867327690124512,11,kdB,1,19.5
student_kdB_s1,test_w32-35,ge5,near,1.069912133181451,95262,16006,0.8637232054754257,0.7522668876248225,0.7936441289797551,0.7922029239035362,0.7404539206816779,0.8334651163872375,0.7235411720604773,0.7623676662705581,0.042930627624223824,0.7138870358467102,0.1979559733537572,0.021168949724668512,0.03592940686597793,0.6867327690124512,11,kdB,1,19.5
student_kdB_s1,test_w32-35,ge5,far,1.069912133181451,95262,78609,0.8637232054754257,0.7522668876248225,0.8237299109773998,0.7123739012072409,0.7600008427537781,0.817089719042517,0.6464018114974113,0.7418176963277748,0.042930627624223824,0.7138870358467102,0.1979559733537572,0.021168949724668512,0.03592940686597793,0.6867327690124512,11,kdB,1,19.5
student_kdB_s1,test_w36-39,all,all,1.069912133181451,100000,100000,0.8336,0.7329085995081214,0.810166333,0.76375,0.7315269884,0.8050782291,0.71663,0.7147975870000001,0.060533396953493336,0.8195663094520569,0.2403260233055928,0.03048221116429179,0.05175346195340153,0.7886544466018677,11,kdB,1,23.5
student_kdB_s1,test_w36-39,all,near,1.069912133181451,100000,12548,0.8336,0.7329085995081214,0.7853878713739241,0.7967006694293911,0.7147343839655722,0.8181037288810966,0.7587663372649027,0.7294738380618426,0.060533396953493336,0.8195663094520569,0.2403260233055928,0.03048221116429179,0.05175346195340153,0.7886544466018677,11,kdB,1,23.5
student_kdB_s1,test_w36-39,all,far,1.069912133181451,100000,87452,0.8336,0.7329085995081214,0.8137216563371907,0.7590220921191053,0.7339364656039884,0.8032092727439052,0.7105840918446691,0.7126917735443444,0.060533396953493336,0.8195663094520569,0.2403260233055928,0.03048221116429179,0.05175346195340153,0.7886544466018677,11,kdB,1,23.5
student_kdB_s1,test_w36-39,ge5,all,1.069912133181451,95184,91735,0.8439968902336528,0.7379355326993512,0.8103966571707886,0.7713958685343653,0.7390126162816527,0.8126181712036551,0.7031667302556276,0.7275406157137544,0.05601445524559582,0.7650561928749084,0.22564682947615958,0.027459811900014654,0.04802736321222782,0.7359718084335327,11,kdB,1,23.5
student_kdB_s1,test_w36-39,ge5,near,1.069912133181451,95184,12085,0.8439968902336528,0.7379355326993512,0.7899101775865787,0.8000827472072818,0.7251563254912654,0.8292786914883252,0.7435664046338436,0.7455907858849594,0.05601445524559582,0.7650561928749084,0.22564682947615958,0.027459811900014654,0.04802736321222782,0.7359718084335327,11,kdB,1,23.5
student_kdB_s1,test_w36-39,ge5,far,1.069912133181451,95184,79650,0.8439968902336528,0.7379355326993512,0.8135049949708534,0.7670433145009417,0.7411149800506651,0.8100903320619068,0.697037037037037,0.7248019301328502,0.05601445524559582,0.7650561928749084,0.22564682947615958,0.027459811900014654,0.04802736321222782,0.7359718084335327,11,kdB,1,23.5
student_kdB_s1,test_w40-43,all,all,1.069912133181451,100000,100000,0.82751,0.728160567603577,0.8025843846,0.77376,0.7204497805,0.7969545653000001,0.73497,0.7031692463999999,0.06503046481117603,0.8664810657501221,0.2504245122049744,0.033520620186267176,0.0561739188925922,0.8328717947006226,11,kdB,1,27.5
student_kdB_s1,test_w40-43,all,near,1.069912133181451,100000,10904,0.82751,0.728160567603577,0.7779714169112253,0.8020909757887014,0.703944456162876,0.8090298294203963,0.7760454878943507,0.7176163114453411,0.06503046481117603,0.8664810657501221,0.2504245122049744,0.033520620186267176,0.0561739188925922,0.8328717947006226,11,kdB,1,27.5
student_kdB_s1,test_w40-43,all,far,1.069912133181451,100000,89096,0.82751,0.728160567603577,0.8055966387941097,0.7702927179671366,0.7224697820328634,0.7954767359926371,0.7299429828499596,0.7014011446080631,0.06503046481117603,0.8664810657501221,0.2504245122049744,0.033520620186267176,0.0561739188925922,0.8328717947006226,11,kdB,1,27.5
student_kdB_s1,test_w40-43,ge5,all,1.069912133181451,95288,93977,0.8370413903114768,0.7357576272678276,0.8067338505561293,0.7654745310022665,0.7295816441624347,0.8074879013883546,0.704640497142918,0.7172450954469344,0.06166990338847752,0.8122447729110718,0.237148484488728,0.03057319883527825,0.05355182361965214,0.7803972363471985,11,kdB,1,27.5
student_kdB_s1,test_w40-43,ge5,near,1.069912133181451,95288,10557,0.8370413903114768,0.7357576272678276,0.7832980557261595,0.7982381358340438,0.7140854580378342,0.8214063370577847,0.7522970540873354,0.7338817409379105,0.06166990338847752,0.8122447729110718,0.237148484488728,0.03057319883527825,0.05355182361965214,0.7803972363471985,11,kdB,1,27.5
student_kdB_s1,test_w40-43,ge5,far,1.069912133181451,95288,83420,0.8370413903114768,0.7357576272678276,0.8096997062983974,0.7613282186526013,0.7315427234829501,0.8057264901516946,0.698609446175977,0.7151396882730163,0.06166990338847752,0.8122447729110718,0.237148484488728,0.03057319883527825,0.05355182361965214,0.7803972363471985,11,kdB,1,27.5
student_kdB_s1,test_w44-47,all,all,1.069912133181451,100000,100000,0.80392,0.696847152983116,0.7919686040499999,0.78368,0.6956820085000001,0.7802169374500001,0.77559,0.677307236,0.07686066960096358,1.0707252025604248,0.28786952923051934,0.044361959879200115,0.06709142741054296,1.0264763832092285,11,kdB,1,31.5
student_kdB_s1,test_w44-47,all,near,1.069912133181451,100000,10628,0.80392,0.696847152983116,0.7592531195897629,0.8347760632292058,0.6748668865261573,0.7888196386902522,0.8209446744448626,0.6902995878810689,0.07686066960096358,1.0707252025604248,0.28786952923051934,0.044361959879200115,0.06709142741054296,1.0264763832092285,11,kdB,1,31.5
student_kdB_s1,test_w44-47,all,far,1.069912133181451,100000,89372,0.80392,0.696847152983116,0.7958590861791165,0.777603723761357,0.6981573152665265,0.7791939155999643,0.7701964821196795,0.6757622027033074,0.07686066960096358,1.0707252025604248,0.28786952923051934,0.044361959879200115,0.06709142741054296,1.0264763832092285,11,kdB,1,31.5
student_kdB_s1,test_w44-47,ge5,all,1.069912133181451,94936,92436,0.8130424707171147,0.7045197699855075,0.7942674766315785,0.7748063525033537,0.7035003297205457,0.787739108873638,0.7566640702756502,0.6892785583402683,0.07388226836470883,1.0134187936782837,0.27491831736101474,0.040644634652179726,0.06490048200930801,0.9710367321968079,11,kdB,1,31.5
student_kdB_s1,test_w44-47,ge5,near,1.069912133181451,94936,10310,0.8130424707171147,0.7045197699855075,0.7647022626381941,0.8299709020368574,0.6850737935493753,0.8019211712344962,0.8032007759456838,0.7069736632824342,0.07388226836470883,1.0134187936782837,0.27491831736101474,0.040644634652179726,0.06490048200930801,0.9710367321968079,11,kdB,1,31.5
student_kdB_s1,test_w44-47,ge5,far,1.069912133181451,94936,82126,0.8130424707171147,0.7045197699855075,0.797979058302082,0.7678810608090008,0.7058135750743286,0.7859587096950533,0.7508219078002094,0.6870571359898102,0.07388226836470883,1.0134187936782837,0.27491831736101474,0.040644634652179726,0.06490048200930801,0.9710367321968079,11,kdB,1,31.5
student_kdB_s1,test_w48-51,all,all,1.069912133181451,100000,100000,0.79625,0.6908807055371765,0.7958000108000001,0.77323,0.6929254542000001,0.7829660767500001,0.7657,0.6744125021,0.08602482430674131,1.176263689994812,0.30230081679764137,0.047358632323115636,0.07620735197566447,1.1259576082229614,11,kdB,1,35.333333333333336
student_kdB_s1,test_w48-51,all,near,1.069912133181451,100000,10972,0.79625,0.6908807055371765,0.7515925688115203,0.8311155668975574,0.6636292982136347,0.7857780217827196,0.8140721837404302,0.6824114309150564,0.08602482430674131,1.176263689994812,0.30230081679764137,0.047358632323115636,0.07620735197566447,1.1259576082229614,11,kdB,1,35.333333333333336
student_kdB_s1,test_w48-51,all,far,1.069912133181451,100000,89028,0.79625,0.6908807055371765,0.8012482299388957,0.7660960596666218,0.6965359747495171,0.782619526665768,0.7597385092330503,0.6734266971065282,0.08602482430674131,1.176263689994812,0.30230081679764137,0.047358632323115636,0.07620735197566447,1.1259576082229614,11,kdB,1,35.333333333333336
student_kdB_s1,test_w48-51,ge5,all,1.069912133181451,94668,93780,0.8064604723877129,0.6988147192952271,0.7993262603566188,0.7633823843036894,0.7036428537231546,0.7932831439151511,0.7459266368095543,0.6899555380542476,0.08201166184058475,1.0992170572280884,0.2858935533570694,0.0423362880049146,0.07292767981555333,1.05210542678833,11,kdB,1,35.333333333333336
student_kdB_s1,test_w48-51,ge5,near,1.069912133181451,94668,10675,0.8064604723877129,0.6988147192952271,0.7575422967127124,0.8270725995316159,0.6759285407036686,0.7997067226384349,0.7934426229508197,0.7010770854663886,0.08201166184058475,1.0992170572280884,0.2858935533570694,0.0423362880049146,0.07292767981555333,1.05210542678833,11,kdB,1,35.333333333333336
student_kdB_s1,test_w48-51,ge5,far,1.069912133181451,94668,83105,0.8064604723877129,0.6988147192952271,0.804693492314969,0.7552012514289153,0.7072028115052738,0.7924580226484276,0.7398231153360207,0.6885269535090986,0.08201166184058475,1.0992170572280884,0.2858935533570694,0.0423362880049146,0.07292767981555333,1.05210542678833,11,kdB,1,35.333333333333336
student_enddA_s1,val,all,all,0.9610944177415028,200000,53779,0.936045,0.9043368821312974,0.880620676472229,0.6239796202978858,0.8543088617304152,0.8047392312984623,0.6043437029323714,0.7725983598616561,0.005990333209931859,0.25576531887054443,0.09225420506893292,0.005279052281381872,0.003964527826458208,0.2552148103713989,11,enddA,1,1.0
student_enddA_s1,val,all,near,0.9610944177415028,200000,10959,0.936045,0.9043368821312974,0.8364851564923806,0.6684916506980564,0.8130864526872891,0.7804334302856101,0.6627429509991788,0.7508747312711013,0.005990333209931859,0.25576531887054443,0.09225420506893292,0.005279052281381872,0.003964527826458208,0.2552148103713989,11,enddA,1,1.0
student_enddA_s1,val,all,far,0.9610944177415028,200000,42820,0.936045,0.9043368821312974,0.8919163598785613,0.6125875758991126,0.8648589873890706,0.8109598588860345,0.5893974778141056,0.7781581273937412,0.005990333209931859,0.25576531887054443,0.09225420506893292,0.005279052281381872,0.003964527826458208,0.2552148103713989,11,enddA,1,1.0
student_enddA_s1,val,ge5,all,0.9610944177415028,191366,52270,0.9460823761796766,0.9165630105596545,0.8889722778892432,0.5869906255978573,0.8666975830833658,0.8106004354132028,0.5756074229959824,0.7825999117506345,0.007895864469560754,0.21192343533039093,0.07856893250247478,0.004122593914997376,0.004044075561835175,0.2106878161430359,11,enddA,1,1.0
student_enddA_s1,val,ge5,near,0.9610944177415028,191366,10483,0.9460823761796766,0.9165630105596545,0.8424434138161487,0.6358866736621196,0.8226843439905112,0.7863323577535322,0.6341696079366593,0.7603860184765868,0.007895864469560754,0.21192343533039093,0.07856893250247478,0.004122593914997376,0.004044075561835175,0.2106878161430359,11,enddA,1,1.0
student_enddA_s1,val,ge5,far,0.9610944177415028,191366,41787,0.9460823761796766,0.9165630105596545,0.9006448574493515,0.5747241965204489,0.8777390741071385,0.8166885072562717,0.5609160743771987,0.7881726555032812,0.007895864469560754,0.21192343533039093,0.07856893250247478,0.004122593914997376,0.004044075561835175,0.2106878161430359,11,enddA,1,1.0
student_enddA_s1,test_w16-19,all,all,0.9610944177415028,100000,100000,0.92633,0.8924284199555835,0.8755183661499999,0.5856,0.8422370383,0.8086699268,0.60112,0.7697436102999999,0.006654289719611421,0.29198893904685974,0.10494044126033156,0.00747503992985203,0.005206453776359589,0.29199090600013733,11,enddA,1,3.5
student_enddA_s1,test_w16-19,all,near,0.9610944177415028,100000,11980,0.92633,0.8924284199555835,0.8411310822203673,0.5795492487479131,0.8090401176961602,0.7321573292988315,0.6756260434056761,0.699082929048414,0.006654289719611421,0.29198893904685974,0.10494044126033156,0.00747503992985203,0.005206453776359589,0.29199090600013733,11,enddA,1,3.5
student_enddA_s1,test_w16-19,all,far,0.9610944177415028,100000,88020,0.92633,0.8924284199555835,0.8801986622358555,0.5864235401045217,0.8467553194728471,0.8190837068279937,0.5909793228811634,0.779360912747103,0.006654289719611421,0.29198893904685974,0.10494044126033156,0.00747503992985203,0.005206453776359589,0.29199090600013733,11,enddA,1,3.5
student_enddA_s1,test_w16-19,ge5,all,0.9610944177415028,96085,89545,0.9350887235260447,0.900976703680173,0.8759345622159531,0.5890669495784242,0.8476649708730677,0.806158687406771,0.5785806019319895,0.7715019565198586,0.006919519116834191,0.2558119297027588,0.09299303855314928,0.006310209723698419,0.004317485619460975,0.25521841645240784,11,enddA,1,3.5
student_enddA_s1,test_w16-19,ge5,near,0.9610944177415028,96085,11402,0.9350887235260447,0.900976703680173,0.844053763789383,0.565427118049465,0.8162324080909148,0.7315959578048937,0.6592703034555342,0.7019889660748015,0.006919519116834191,0.2558119297027588,0.09299303855314928,0.006310209723698419,0.004317485619460975,0.25521841645240784,11,enddA,1,3.5
student_enddA_s1,test_w16-19,ge5,far,0.9610944177415028,96085,78143,0.9350887235260447,0.900976703680173,0.8805863526982708,0.5925162842481092,0.8522513584041596,0.8170382830573168,0.5668070076654339,0.781644734722059,0.006919519116834191,0.2558119297027588,0.09299303855314928,0.006310209723698419,0.004317485619460975,0.25521841645240784,11,enddA,1,3.5
student_enddA_s1,test_w20-23,all,all,0.9610944177415028,100000,100000,0.91093,0.8657513054941444,0.86536307445,0.61741,0.8233199771,0.7953293264500001,0.7497,0.7497542066999998,0.0061802394934743245,0.3517221510410309,0.12807793957356076,0.01008496552897596,0.0072540065569430615,0.352060467004776,11,enddA,1,7.5
student_enddA_s1,test_w20-23,all,near,0.9610944177415028,100000,13417,0.91093,0.8657513054941444,0.8267150160244466,0.6125065215771037,0.7862552880673772,0.7098076034135797,0.814041887158083,0.6715433032719684,0.0061802394934743245,0.3517221510410309,0.12807793957356076,0.01008496552897596,0.0072540065569430615,0.352060467004776,11,enddA,1,7.5
student_enddA_s1,test_w20-23,all,far,0.9610944177415028,100000,86583,0.91093,0.8657513054941444,0.8713520214707275,0.6181698485845951,0.8290635634015914,0.8085818697665823,0.7397295081020524,0.7618738571082082,0.0061802394934743245,0.3517221510410309,0.12807793957356076,0.01008496552897596,0.0072540065569430615,0.352060467004776,11,enddA,1,7.5
student_enddA_s1,test_w20-23,ge5,all,0.9610944177415028,95941,89776,0.9197527647199841,0.8739043668713066,0.8652510356031222,0.6241311709142755,0.8286208267123402,0.7920870913245112,0.7352076278738193,0.751170459982079,0.005335542174020986,0.3185640871524811,0.11654186897478011,0.0085992163210542,0.00548839539791458,0.3184213936328888,11,enddA,1,7.5
student_enddA_s1,test_w20-23,ge5,near,0.9610944177415028,95941,12762,0.9197527647199841,0.8739043668713066,0.8293418221246861,0.6013164080865068,0.7933746749860655,0.7091780822383231,0.8153894373922582,0.6745867651536435,0.005335542174020986,0.3185640871524811,0.11654186897478011,0.0085992163210542,0.00548839539791458,0.3184213936328888,11,enddA,1,7.5
student_enddA_s1,test_w20-23,ge5,far,0.9610944177415028,95941,77014,0.9197527647199841,0.8739043668713066,0.8712015560592964,0.6279118082426571,0.834461471118951,0.8058259540502225,0.7219206897447218,0.7638611540558898,0.005335542174020986,0.3185640871524811,0.11654186897478011,0.0085992163210542,0.00548839539791458,0.3184213936328888,11,enddA,1,7.5
student_enddA_s1,test_w24-27,all,all,0.9610944177415028,100000,100000,0.90464,0.8411956600609378,0.84706212715,0.64211,0.8022553234,0.76053041625,0.83013,0.7141754258999999,0.010923190485388007,0.39931395649909973,0.14144961170152587,0.012039003188239531,0.00867812171846625,0.3997698426246643,11,enddA,1,11.5
student_enddA_s1,test_w24-27,all,near,0.9610944177415028,100000,12494,0.90464,0.8411956600609378,0.8214029202016968,0.6392668480870818,0.778091701616776,0.7000578601728831,0.8668961101328638,0.6595548287177845,0.010923190485388007,0.39931395649909973,0.14144961170152587,0.012039003188239531,0.00867812171846625,0.3997698426246643,11,enddA,1,11.5
student_enddA_s1,test_w24-27,all,far,0.9610944177415028,100000,87506,0.90464,0.8411956600609378,0.8507257174365186,0.6425159417639933,0.805705375859941,0.7691646140836057,0.8248805796173977,0.7219740881768107,0.010923190485388007,0.39931395649909973,0.14144961170152587,0.012039003188239531,0.00867812171846625,0.3997698426246643,11,enddA,1,11.5
student_enddA_s1,test_w24-27,ge5,all,0.9610944177415028,96204,89771,0.9117188474491705,0.8467272594640067,0.8443322370198778,0.6609149948201535,0.8048238415222521,0.7548163043154296,0.8268260351338406,0.7129174070987171,0.009792340430770836,0.3653676509857178,0.13128082520113313,0.010583744640147746,0.007946089677434275,0.3651130199432373,11,enddA,1,11.5
student_enddA_s1,test_w24-27,ge5,near,0.9610944177415028,96204,11977,0.9117188474491705,0.8467272594640067,0.8234526219708588,0.6357184603823997,0.7842324035083292,0.6998667211472052,0.8710862486432328,0.6627569166627203,0.009792340430770836,0.3653676509857178,0.13128082520113313,0.010583744640147746,0.007946089677434275,0.3651130199432373,11,enddA,1,11.5
student_enddA_s1,test_w24-27,ge5,far,0.9610944177415028,96204,77794,0.9117188474491705,0.8467272594640067,0.8475468184714307,0.6647942000668432,0.8079940558458856,0.7632762261295261,0.820011826104841,0.7206400103065728,0.009792340430770836,0.3653676509857178,0.13128082520113313,0.010583744640147746,0.007946089677434275,0.3651130199432373,11,enddA,1,11.5
student_enddA_s1,test_w28-31,all,all,0.9610944177415028,100000,100000,0.88164,0.7791014872096581,0.8270908706500001,0.67812,0.7708273708,0.7323482763,0.89623,0.6752302298,0.011637275879234073,0.512802004814148,0.17133540411860235,0.01762028551317443,0.011696938204318292,0.5151857733726501,11,enddA,1,15.5
student_enddA_s1,test_w28-31,all,near,0.9610944177415028,100000,15990,0.88164,0.7791014872096581,0.808828064727955,0.6762976860537836,0.7542698843026892,0.6893434046278923,0.922889305816135,0.6377907792370232,0.011637275879234073,0.512802004814148,0.17133540411860235,0.01762028551317443,0.011696938204318292,0.5151857733726501,11,enddA,1,15.5
student_enddA_s1,test_w28-31,all,far,0.9610944177415028,100000,84010,0.88164,0.7791014872096581,0.8305669123913819,0.6784668491846209,0.773978831448637,0.7405335863587669,0.8911558147839543,0.6823562483037732,0.011637275879234073,0.512802004814148,0.17133540411860235,0.01762028551317443,0.011696938204318292,0.5151857733726501,11,enddA,1,15.5
student_enddA_s1,test_w28-31,ge5,all,0.9610944177415028,95576,94669,0.8887063697999498,0.7845238261870817,0.829215495042914,0.6782473671423591,0.7777472141566059,0.7341338026324659,0.9032735108641688,0.680942882024045,0.011009831632335224,0.46963080763816833,0.16027106406532785,0.015701801023077316,0.009358348399887124,0.4708731770515442,11,enddA,1,15.5
student_enddA_s1,test_w28-31,ge5,near,0.9610944177415028,95576,15420,0.8887063697999498,0.7845238261870817,0.8107054980698908,0.677431906614786,0.7608609461025279,0.6903631020252983,0.9285343709468223,0.6424478229452021,0.011009831632335224,0.46963080763816833,0.16027106406532785,0.015701801023077316,0.009358348399887124,0.4708731770515442,11,enddA,1,15.5
student_enddA_s1,test_w28-31,ge5,far,0.9610944177415028,95576,79249,0.8887063697999498,0.7845238261870817,0.8328171070925805,0.6784060366692324,0.7810328865738461,0.7426505561985994,0.8983583389064846,0.688433119263578,0.011009831632335224,0.46963080763816833,0.16027106406532785,0.015701801023077316,0.009358348399887124,0.4708731770515442,11,enddA,1,15.5
student_enddA_s1,test_w32-35,all,all,0.9610944177415028,100000,100000,0.85413,0.7411872013244455,0.8117476347999999,0.69327,0.7401694905999999,0.71600432515,0.8977,0.6397399455999999,0.02049538405165074,0.6375529170036316,0.20941325613883743,0.025711417410492533,0.02764483674004678,0.6433582901954651,11,enddA,1,19.5
student_enddA_s1,test_w32-35,all,near,0.9610944177415028,100000,16559,0.85413,0.7411872013244455,0.7811353789480041,0.7021559272902953,0.7140793006824083,0.6590857506491938,0.9374358354973127,0.5922021945769672,0.02049538405165074,0.6375529170036316,0.20941325613883743,0.025711417410492533,0.02764483674004678,0.6433582901954651,11,enddA,1,19.5
student_enddA_s1,test_w32-35,all,far,0.9610944177415028,100000,83441,0.85413,0.7411872013244455,0.8178226859697271,0.6915065735070289,0.7453471305473328,0.7272999073596913,0.8898143598470776,0.6491738883762179,0.02049538405165074,0.6375529170036316,0.20941325613883743,0.025711417410492533,0.02764483674004678,0.6433582901954651,11,enddA,1,19.5
student_enddA_s1,test_w32-35,ge5,all,0.9610944177415028,95262,94615,0.8625370032121937,0.746351893702737,0.8135820755764069,0.6918881784072293,0.7479133181317194,0.7171241120286131,0.9023622047244094,0.6460476829923043,0.015964344190012247,0.5887346863746643,0.19603899806631297,0.02305538913274695,0.02293857088564465,0.5931066870689392,11,enddA,1,19.5
student_enddA_s1,test_w32-35,ge5,near,0.9610944177415028,95262,16006,0.8625370032121937,0.746351893702737,0.7830973250061354,0.7029863801074597,0.7215835951253955,0.659335734707597,0.9431463201299513,0.5972928850899909,0.015964344190012247,0.5887346863746643,0.19603899806631297,0.02305538913274695,0.02293857088564465,0.5931066870689392,11,enddA,1,19.5
student_enddA_s1,test_w32-35,ge5,far,0.9610944177415028,95262,78609,0.8625370032121937,0.746351893702737,0.8197892391025654,0.6896284140492819,0.753274454215873,0.728890713402504,0.8940579322978285,0.655974908821719,0.015964344190012247,0.5887346863746643,0.19603899806631297,0.02305538913274695,0.02293857088564465,0.5931066870689392,11,enddA,1,19.5
student_enddA_s1,test_w36-39,all,all,0.9610944177415028,100000,100000,0.83263,0.7270756382582497,0.8108706833,0.72167,0.7256057872,0.72406660665,0.87401,0.6321609934,0.030860597691684984,0.7034438848495483,0.2382250185608594,0.033365700155900464,0.03827378010571003,0.7105483412742615,11,enddA,1,23.5
student_enddA_s1,test_w36-39,all,near,0.9610944177415028,100000,12548,0.83263,0.7270756382582497,0.7857127562161301,0.6868026777175645,0.7027048477845075,0.6824437157315908,0.9089894803952822,0.5981581670385719,0.030860597691684984,0.7034438848495483,0.2382250185608594,0.033365700155900464,0.03827378010571003,0.7105483412742615,11,enddA,1,23.5
student_enddA_s1,test_w36-39,all,far,0.9610944177415028,100000,87452,0.83263,0.7270756382582497,0.8144804540204913,0.7266729177148608,0.7288917153409871,0.730038843251155,0.8689909893427251,0.6370398694140786,0.030860597691684984,0.7034438848495483,0.2382250185608594,0.033365700155900464,0.03827378010571003,0.7105483412742615,11,enddA,1,23.5
student_enddA_s1,test_w36-39,ge5,all,0.9610944177415028,95184,91735,0.8433770381576735,0.7329084455181928,0.8107105840886796,0.717784923965771,0.7334382464149978,0.7230869498048871,0.8729928598680984,0.6385244838526505,0.024686989958237905,0.6535378694534302,0.22209047051069972,0.029923051987980533,0.03162540653152214,0.6591746211051941,11,enddA,1,23.5
student_enddA_s1,test_w36-39,ge5,near,0.9610944177415028,95184,12085,0.8433770381576735,0.7329084455181928,0.7872561828813429,0.6858088539511792,0.7113918034363668,0.6820263540431553,0.9137774100124121,0.6045802723021563,0.024686989958237905,0.6535378694534302,0.22209047051069972,0.029923051987980533,0.03162540653152214,0.6591746211051941,11,enddA,1,23.5
student_enddA_s1,test_w36-39,ge5,far,0.9610944177415028,95184,79650,0.8433770381576735,0.7329084455181928,0.8142692336629503,0.7226365348399246,0.7367832716930486,0.7293169221812905,0.8668047708725675,0.6436747135649886,0.024686989958237905,0.6535378694534302,0.22209047051069972,0.029923051987980533,0.03162540653152214,0.6591746211051941,11,enddA,1,23.5
student_enddA_s1,test_w40-43,all,all,0.9610944177415028,100000,100000,0.82603,0.7194158834130661,0.7989647613499999,0.74279,0.7118599725,0.70654742145,0.9006,0.6182458599,0.03362036269783973,0.748256504535675,0.24934322332621228,0.03622139350937387,0.04166273471944036,0.7566827535629272,11,enddA,1,27.5
student_enddA_s1,test_w40-43,all,near,0.9610944177415028,100000,10904,0.82603,0.7194158834130661,0.7731988939838592,0.7178099779897286,0.6887033666544387,0.6720362449559794,0.9292920029347028,0.5897512967718269,0.03362036269783973,0.748256504535675,0.24934322332621228,0.03622139350937387,0.04166273471944036,0.7566827535629272,11,enddA,1,27.5
student_enddA_s1,test_w40-43,all,far,0.9610944177415028,100000,89096,0.82603,0.7194158834130661,0.8021181129904821,0.7458471760797342,0.7146939900781182,0.7107710663778397,0.8970885337164407,0.621733162543773,0.03362036269783973,0.748256504535675,0.24934322332621228,0.03622139350937387,0.04166273471944036,0.7566827535629272,11,enddA,1,27.5
student_enddA_s1,test_w40-43,ge5,all,0.9610944177415028,95288,93977,0.8359184787171522,0.7270124419087206,0.8022201601099311,0.7359992338550922,0.7211638131211594,0.7103576574343287,0.9008800025538164,0.6274245773353032,0.028788348505212967,0.6968098282814026,0.23475491567874837,0.03298278672644405,0.03569811175538798,0.7037681341171265,11,enddA,1,27.5
student_enddA_s1,test_w40-43,ge5,near,0.9610944177415028,95288,10557,0.8359184787171522,0.7270124419087206,0.7749526764315368,0.7167755991285403,0.6966726505501513,0.6729560189574048,0.9339774557165862,0.5963273624842237,0.028788348505212967,0.6968098282814026,0.23475491567874837,0.03298278672644405,0.03569811175538798,0.7037681341171265,11,enddA,1,27.5
student_enddA_s1,test_w40-43,ge5,far,0.9610944177415028,95288,83420,0.8359184787171522,0.7270124419087206,0.8056709252165339,0.7384320306880844,0.7242632281686555,0.7150909240059049,0.8966914409014625,0.6313600040577061,0.028788348505212967,0.6968098282814026,0.23475491567874837,0.03298278672644405,0.03569811175538798,0.7037681341171265,11,enddA,1,27.5
student_enddA_s1,test_w44-47,all,all,0.9610944177415028,100000,100000,0.80246,0.6881930832107429,0.78714285815,0.7537,0.6868327333,0.6998761931999998,0.90223,0.5995914084999999,0.042310252408832294,0.9052050113677979,0.28506025344430774,0.04831089875047304,0.051956694006957106,0.9177797436714172,11,enddA,1,31.5
student_enddA_s1,test_w44-47,all,near,0.9610944177415028,100000,10628,0.80246,0.6881930832107429,0.760810431878058,0.7320286036883703,0.6632968931125329,0.6624973447497178,0.9365826119683854,0.5698610312382386,0.042310252408832294,0.9052050113677979,0.28506025344430774,0.04831089875047304,0.051956694006957106,0.9177797436714172,11,enddA,1,31.5
student_enddA_s1,test_w44-47,all,far,0.9610944177415028,100000,89372,0.80246,0.6881930832107429,0.7902742754442107,0.756277133777917,0.6896315842769547,0.704321236405138,0.8981448328335496,0.6031269056303986,0.042310252408832294,0.9052050113677979,0.28506025344430774,0.04831089875047304,0.051956694006957106,0.9177797436714172,11,enddA,1,31.5
student_enddA_s1,test_w44-47,ge5,all,0.9610944177415028,94936,92436,0.8117468610432291,0.6949474189107514,0.7886497380993304,0.7558418797870959,0.6951236339551701,0.7030986853863351,0.9002336751914838,0.6082416862448924,0.03636257501565947,0.8443427681922913,0.27011407698003953,0.04353325724904345,0.045759043101474974,0.8549691438674927,11,enddA,1,31.5
student_enddA_s1,test_w44-47,ge5,near,0.9610944177415028,94936,10310,0.8117468610432291,0.6949474189107514,0.7618359930181562,0.7355965082444229,0.6710739010698678,0.6631672931816152,0.9413191076624636,0.5765000477732634,0.03636257501565947,0.8443427681922913,0.27011407698003953,0.04353325724904345,0.045759043101474974,0.8549691438674927,11,enddA,1,31.5
student_enddA_s1,test_w44-47,ge5,far,0.9610944177415028,94936,82126,0.8117468610432291,0.6949474189107514,0.7920159036472311,0.7583834595621363,0.698142808711611,0.7081116246946012,0.8950758590458564,0.6122264936462328,0.03636257501565947,0.8443427681922913,0.27011407698003953,0.04353325724904345,0.045759043101474974,0.8549691438674927,11,enddA,1,31.5
student_enddA_s1,test_w48-51,all,all,0.9610944177415028,100000,100000,0.79424,0.6799466134255573,0.7899349985499999,0.75092,0.6834167418999999,0.70421018685,0.9032,0.5958874027000001,0.04758056251585486,0.9748945236206055,0.2977186211855529,0.05201050239776442,0.05737551209203896,0.9897695183753967,11,enddA,1,35.333333333333336
student_enddA_s1,test_w48-51,all,near,0.9610944177415028,100000,10972,0.79424,0.6799466134255573,0.7500458699416697,0.7377870944221655,0.6498780413780532,0.6517144896099162,0.942398833394094,0.554845663507109,0.04758056251585486,0.9748945236206055,0.2977186211855529,0.05201050239776442,0.05737551209203896,0.9897695183753967,11,enddA,1,35.333333333333336
student_enddA_s1,test_w48-51,all,far,0.9610944177415028,100000,89028,0.79424,0.6799466134255573,0.7948510195668779,0.7525385272049243,0.6875501226580402,0.7106798681875366,0.8983690524329424,0.6009454738958531,0.04758056251585486,0.9748945236206055,0.2977186211855529,0.05201050239776442,0.05737551209203896,0.9897695183753967,11,enddA,1,35.333333333333336
student_enddA_s1,test_w48-51,ge5,all,0.9610944177415028,94668,93780,0.804759792115604,0.6875580030429697,0.7912689297997054,0.7541160162081467,0.6935270987505487,0.7077830342526332,0.9033375986351034,0.6066161664002229,0.04031288579390286,0.8948996663093567,0.27945497698502075,0.045149463620339635,0.04987461370682665,0.9070491194725037,11,enddA,1,35.333333333333336
student_enddA_s1,test_w48-51,ge5,near,0.9610944177415028,94668,10675,0.804759792115604,0.6875580030429697,0.7509721952987634,0.7424824355971897,0.6591361918674694,0.6522898018357561,0.9476346604215456,0.5629666096004783,0.04031288579390286,0.8948996663093567,0.27945497698502075,0.045149463620339635,0.04987461370682665,0.9070491194725037,11,enddA,1,35.333333333333336
student_enddA_s1,test_w48-51,ge5,far,0.9610944177415028,94668,83105,0.804759792115604,0.6875580030429697,0.7964451242621031,0.7556103724204319,0.6979446780896604,0.7149112486326366,0.8976475542987786,0.6122230374529545,0.04031288579390286,0.8948996663093567,0.27945497698502075,0.045149463620339635,0.04987461370682665,0.9070491194725037,11,enddA,1,35.333333333333336
student_kdA4_s1,val,all,all,1.7121000799639714,200000,53779,0.927135,0.8933782830627701,0.8464605992115881,0.7635136391528292,0.8237068167872217,0.8161942079622158,0.720541475297049,0.7889289555402667,0.03617772437170147,0.3135775625705719,0.11007023455588393,0.005836895094221278,0.0053539210230484306,0.2541966438293457,11,kdA4,1,1.0
student_kdA4_s1,val,all,near,1.7121000799639714,200000,10959,0.927135,0.8933782830627701,0.8423435365909298,0.7505246829090245,0.8189842148006206,0.7887134029108496,0.770690756455881,0.7643727653070536,0.03617772437170147,0.3135775625705719,0.11007023455588393,0.005836895094221278,0.0053539210230484306,0.2541966438293457,11,kdA4,1,1.0
student_kdA4_s1,val,all,far,1.7121000799639714,200000,42820,0.927135,0.8933782830627701,0.847514286489958,0.766837926202709,0.82491548085007,0.8232274200723961,0.7077066791219057,0.7952136656936011,0.03617772437170147,0.3135775625705719,0.11007023455588393,0.005836895094221278,0.0053539210230484306,0.2541966438293457,11,kdA4,1,1.0
student_kdA4_s1,val,ge5,all,1.7121000799639714,191366,52270,0.9383955352570467,0.9055946632608246,0.8588227175927869,0.7236273196862445,0.8394307431660243,0.829573544767882,0.6748612971111536,0.8051255009944405,0.0309050721148533,0.2593946158885956,0.09320096740854875,0.004390912771013834,0.005083251752723777,0.2099115550518036,11,kdA4,1,1.0
student_kdA4_s1,val,ge5,near,1.7121000799639714,191366,10483,0.9383955352570467,0.9055946632608246,0.8523841154829911,0.7114375655823715,0.8328271771892753,0.8005521448302799,0.7303252885624344,0.778732018941577,0.0309050721148533,0.2593946158885956,0.09320096740854875,0.004390912771013834,0.005083251752723777,0.2099115550518036,11,kdA4,1,1.0
student_kdA4_s1,val,ge5,far,1.7121000799639714,191366,41787,0.9383955352570467,0.9055946632608246,0.8604379535732833,0.726685332758992,0.841087363218535,0.8368540706622004,0.6609471845310743,0.8117467677128019,0.0309050721148533,0.2593946158885956,0.09320096740854875,0.004390912771013834,0.005083251752723777,0.2099115550518036,11,kdA4,1,1.0
student_kdA4_s1,test_w16-19,all,all,1.7121000799639714,100000,100000,0.91968,0.8877570430388679,0.8592167073499999,0.67897,0.8265831134,0.8394794240000001,0.60169,0.8010520306,0.04070984555080531,0.36025270819664,0.12330601077531737,0.007452919571196661,0.0059551143956184435,0.2861420810222626,11,kdA4,1,3.5
student_kdA4_s1,test_w16-19,all,near,1.7121000799639714,100000,11980,0.91968,0.8877570430388679,0.8224652867278797,0.6915692821368948,0.7924541544240401,0.8166398284641069,0.6014190317195326,0.7797338572621035,0.04070984555080531,0.36025270819664,0.12330601077531737,0.007452919571196661,0.0059551143956184435,0.2861420810222626,11,kdA4,1,3.5
student_kdA4_s1,test_w16-19,all,far,1.7121000799639714,100000,88020,0.91968,0.8877570430388679,0.8642187752783459,0.6772551692797092,0.8312282500568053,0.8425880169847763,0.6017268802544876,0.8039535497614178,0.04070984555080531,0.36025270819664,0.12330601077531737,0.007452919571196661,0.0059551143956184435,0.2861420810222626,11,kdA4,1,3.5
student_kdA4_s1,test_w16-19,ge5,all,1.7121000799639714,96085,89545,0.9292397356507259,0.8967604815495167,0.8611315582531105,0.6639901725389469,0.8334114563612003,0.8393811596932987,0.579016137137752,0.8055342096771093,0.0360480342497468,0.3135708272457123,0.1091034136315584,0.006045143865799686,0.005725772377060362,0.24854092299938202,11,kdA4,1,3.5
student_kdA4_s1,test_w16-19,ge5,near,1.7121000799639714,96085,11402,0.9292397356507259,0.8967604815495167,0.8283850042805003,0.6718996667251359,0.802068242341959,0.8214750441547687,0.5780564813190668,0.7884649279784167,0.0360480342497468,0.3135708272457123,0.1091034136315584,0.006045143865799686,0.005725772377060362,0.24854092299938202,11,kdA4,1,3.5
student_kdA4_s1,test_w16-19,ge5,far,1.7121000799639714,96085,78143,0.9292397356507259,0.8967604815495167,0.865909672842974,0.6628360825665767,0.8379848068372169,0.8419938764992867,0.5791561624201784,0.808024822399023,0.0360480342497468,0.3135708272457123,0.1091034136315584,0.006045143865799686,0.005725772377060362,0.24854092299938202,11,kdA4,1,3.5
student_kdA4_s1,test_w20-23,all,all,1.7121000799639714,100000,100000,0.90378,0.8593126344847332,0.8475087816,0.70249,0.8066092918000001,0.83413159675,0.61046,0.7855696597,0.05062523810073736,0.44890156388282776,0.14831045323454778,0.010930295570658562,0.009305232223868334,0.35016512870788574,11,kdA4,1,7.5
student_kdA4_s1,test_w20-23,all,near,1.7121000799639714,100000,13417,0.90378,0.8593126344847332,0.8070519098904374,0.700901840948051,0.7689356965044347,0.8092004729075054,0.5975255273160915,0.7619853208615935,0.05062523810073736,0.44890156388282776,0.14831045323454778,0.010930295570658562,0.009305232223868334,0.35016512870788574,11,kdA4,1,7.5
student_kdA4_s1,test_w20-23,all,far,1.7121000799639714,100000,86583,0.90378,0.8593126344847332,0.8537780243812296,0.7027361029301364,0.8124472349075453,0.8379949520113648,0.6124643405749397,0.7892243156277792,0.05062523810073736,0.44890156388282776,0.14831045323454778,0.010930295570658562,0.009305232223868334,0.35016512870788574,11,kdA4,1,7.5
student_kdA4_s1,test_w20-23,ge5,all,1.7121000799639714,95941,89776,0.9138949979675008,0.8680023773954575,0.8489582762600761,0.6946177152022812,0.8137680753952272,0.8337962172823381,0.6056963999287115,0.7908024375364685,0.04519830348921804,0.4027705788612366,0.13327812893094756,0.009099228295183162,0.007788949646007182,0.3130921721458435,11,kdA4,1,7.5
student_kdA4_s1,test_w20-23,ge5,near,1.7121000799639714,95941,12762,0.9138949979675008,0.8680023773954575,0.8118733202177726,0.6802225356527191,0.7782442319160193,0.81340136412815,0.5835292273938254,0.7709934585198737,0.04519830348921804,0.4027705788612366,0.13327812893094756,0.009099228295183162,0.007788949646007182,0.3130921721458435,11,kdA4,1,7.5
student_kdA4_s1,test_w20-23,ge5,far,1.7121000799639714,95941,77014,0.9138949979675008,0.8680023773954575,0.8551036291700911,0.6970031422858182,0.81965473613849,0.8371758510626084,0.6093697249850677,0.7940849860368684,0.04519830348921804,0.4027705788612366,0.13327812893094756,0.009099228295183162,0.007788949646007182,0.3130921721458435,11,kdA4,1,7.5
student_kdA4_s1,test_w24-27,all,all,1.7121000799639714,100000,100000,0.89376,0.8247308951663739,0.8306624256,0.72864,0.7855126747,0.81604616585,0.63644,0.7626348981,0.057916630959510815,0.5288499593734741,0.16581940702203354,0.0138752313960952,0.012216311178058381,0.40275683999061584,11,kdA4,1,11.5
student_kdA4_s1,test_w24-27,all,near,1.7121000799639714,100000,12494,0.89376,0.8247308951663739,0.797798862654074,0.7413158315991676,0.7554849063550504,0.803047695293741,0.6347846966543941,0.7506053889867137,0.057916630959510815,0.5288499593734741,0.16581940702203354,0.0138752313960952,0.012216311178058381,0.40275683999061584,11,kdA4,1,11.5
student_kdA4_s1,test_w24-27,all,far,1.7121000799639714,100000,87506,0.89376,0.8247308951663739,0.8353546450529107,0.7268301602175851,0.7898000028569468,0.8179020716293741,0.6366763421936782,0.7643524567458232,0.057916630959510815,0.5288499593734741,0.16581940702203354,0.0138752313960952,0.012216311178058381,0.40275683999061584,11,kdA4,1,11.5
student_kdA4_s1,test_w24-27,ge5,all,1.7121000799639714,96204,89771,0.9020726788906906,0.8313388688920916,0.8300608225743515,0.7290884584108454,0.7901179839960348,0.813284820092786,0.6431587038130354,0.765145942992509,0.05332982284776844,0.4835168719291687,0.15294696679294315,0.012101254855496367,0.011769428867574906,0.36732742190361023,11,kdA4,1,11.5
student_kdA4_s1,test_w24-27,ge5,near,1.7121000799639714,96204,11977,0.9020726788906906,0.8313388688920916,0.8026057295581503,0.7333222008850296,0.7640347044459777,0.8077277979056687,0.6204391750855807,0.7591905654396073,0.05332982284776844,0.4835168719291687,0.15294696679294315,0.012101254855496367,0.011769428867574906,0.36732742190361023,11,kdA4,1,11.5
student_kdA4_s1,test_w24-27,ge5,far,1.7121000799639714,96204,77794,0.9020726788906906,0.8313388688920916,0.8342877507314721,0.7284366403578683,0.7941337106481037,0.8141403674966361,0.6466565544900635,0.7660628203474606,0.05332982284776844,0.4835168719291687,0.15294696679294315,0.012101254855496367,0.011769428867574906,0.36732742190361023,11,kdA4,1,11.5
student_kdA4_s1,test_w28-31,all,all,1.7121000799639714,100000,100000,0.87047,0.7634322154705221,0.8114144455,0.74623,0.7547047537000001,0.8046608432,0.66519,0.7394326044999998,0.0745289510828257,0.6956309080123901,0.20277463279371913,0.020067297037115323,0.021303968792706726,0.5144302248954773,11,kdA4,1,15.5
student_kdA4_s1,test_w28-31,all,near,1.7121000799639714,100000,15990,0.87047,0.7634322154705221,0.7822436685428393,0.7722951844903064,0.7301203233270794,0.7955936744840525,0.6703564727954971,0.7323672470293934,0.0745289510828257,0.6956309080123901,0.20277463279371913,0.020067297037115323,0.021303968792706726,0.5144302248954773,11,kdA4,1,15.5
student_kdA4_s1,test_w28-31,all,far,1.7121000799639714,100000,84010,0.87047,0.7634322154705221,0.8169666502797286,0.7412688965599333,0.759384018569218,0.8063866380788002,0.6642066420664207,0.7407773856683729,0.0745289510828257,0.6956309080123901,0.20277463279371913,0.020067297037115323,0.021303968792706726,0.5144302248954773,11,kdA4,1,15.5
student_kdA4_s1,test_w28-31,ge5,all,1.7121000799639714,95576,94669,0.8787038587092995,0.7697467253597998,0.8154261528731833,0.7449112169770463,0.7633300886037806,0.8105299653692088,0.6541212012379977,0.7487799366605905,0.06955387647123931,0.6417117714881897,0.18923215178902983,0.017835219168683508,0.021070740706648047,0.4735010862350464,11,kdA4,1,15.5
student_kdA4_s1,test_w28-31,ge5,near,1.7121000799639714,95576,15420,0.8787038587092995,0.7697467253597998,0.7877726631359407,0.766277561608301,0.7395911716707722,0.8027956724425009,0.656485084306096,0.7428506688425109,0.06955387647123931,0.6417117714881897,0.18923215178902983,0.017835219168683508,0.021070740706648047,0.4735010862350464,11,kdA4,1,15.5
student_kdA4_s1,test_w28-31,ge5,far,1.7121000799639714,95576,79249,0.8787038587092995,0.7697467253597998,0.8208068745447283,0.7407538265467072,0.7679491260567073,0.8120348776952928,0.6536612449368446,0.7499336333602936,0.06955387647123931,0.6417117714881897,0.18923215178902983,0.017835219168683508,0.021070740706648047,0.4735010862350464,11,kdA4,1,15.5
student_kdA4_s1,test_w32-35,all,all,1.7121000799639714,100000,100000,0.84736,0.7271079006287089,0.791206333,0.76317,0.7236393735,0.78464140245,0.69239,0.7061211726000002,0.09029393108770248,0.8658245205879211,0.2387799835994724,0.02776010798870056,0.031354652686789664,0.6271641254425049,11,kdA4,1,19.5
student_kdA4_s1,test_w32-35,all,near,1.7121000799639714,100000,16559,0.84736,0.7271079006287089,0.7529882396279969,0.7896008213056344,0.6930416963584758,0.7689597958813938,0.7085572800289872,0.6941987613986352,0.09029393108770248,0.8658245205879211,0.2387799835994724,0.02776010798870056,0.031354652686789664,0.6271641254425049,11,kdA4,1,19.5
student_kdA4_s1,test_w32-35,all,far,1.7121000799639714,100000,83441,0.84736,0.7271079006287089,0.7987907747989598,0.7579247612085186,0.7297115315013004,0.7877534423724548,0.6891815774019966,0.7084871941851129,0.09029393108770248,0.8658245205879211,0.2387799835994724,0.02776010798870056,0.031354652686789664,0.6271641254425049,11,kdA4,1,19.5
student_kdA4_s1,test_w32-35,ge5,all,1.7121000799639714,95262,94615,0.8571938443450694,0.7334554731100347,0.7942427569398044,0.7672673466152301,0.7324089039477865,0.7898867723338999,0.684595465835227,0.7160533441137718,0.08331120979007309,0.7953794598579407,0.22261443779807732,0.02479513193259869,0.02882489410116655,0.57729172706604,11,kdA4,1,19.5
student_kdA4_s1,test_w32-35,ge5,near,1.7121000799639714,95262,16006,0.8571938443450694,0.7334554731100347,0.7588880107374443,0.7857678370611021,0.7034297229393672,0.7763906137573963,0.6851180807197301,0.7056892798065875,0.08331120979007309,0.7953794598579407,0.22261443779807732,0.02479513193259869,0.02882489410116655,0.57729172706604,11,kdA4,1,19.5
student_kdA4_s1,test_w32-35,ge5,far,1.7121000799639714,95262,78609,0.8571938443450694,0.7334554731100347,0.8014415263900577,0.7635003625539061,0.7383095103824281,0.7926347975495308,0.6844890534162755,0.7181636268205965,0.08331120979007309,0.7953794598579407,0.22261443779807732,0.02479513193259869,0.02882489410116655,0.57729172706604,11,kdA4,1,19.5
student_kdA4_s1,test_w36-39,all,all,1.7121000799639714,100000,100000,0.83034,0.7164771469832708,0.7905429420499999,0.76397,0.7124971443,0.78793139005,0.6935,0.6959392054,0.10306771484270691,0.9345005750656128,0.26390118252096084,0.033411571262710514,0.04391983204253021,0.6745063066482544,11,kdA4,1,23.5
student_kdA4_s1,test_w36-39,all,near,1.7121000799639714,100000,12548,0.83034,0.7164771469832708,0.7521683698597386,0.7837902454574435,0.6823600621613006,0.7773775693337583,0.675087663372649,0.6869410846350017,0.10306771484270691,0.9345005750656128,0.26390118252096084,0.033411571262710514,0.04391983204253021,0.6745063066482544,11,kdA4,1,23.5
student_kdA4_s1,test_w36-39,all,far,1.7121000799639714,100000,87452,0.83034,0.7164771469832708,0.7960490955038192,0.7611261034624709,0.7168213462242145,0.7894456989548552,0.6961418835475461,0.6972302955907241,0.10306771484270691,0.9345005750656128,0.26390118252096084,0.033411571262710514,0.04391983204253021,0.6745063066482544,11,kdA4,1,23.5
student_kdA4_s1,test_w36-39,ge5,all,1.7121000799639714,95184,91735,0.8425680786686838,0.7238994895977737,0.7908793401252445,0.7700005450482368,0.7204322994797177,0.791167050454288,0.6921894587671009,0.7052449899516982,0.09434838554917246,0.8560743927955627,0.24414352950865387,0.029744523417610736,0.0396790152999882,0.6192578077316284,11,kdA4,1,23.5
student_kdA4_s1,test_w36-39,ge5,near,1.7121000799639714,95184,12085,0.8425680786686838,0.7238994895977737,0.7575194229561116,0.7793131981795615,0.6933669346944545,0.7840359143604655,0.6624741414977244,0.6989920626177564,0.09434838554917246,0.8560743927955627,0.24414352950865387,0.029744523417610736,0.0396790152999882,0.6192578077316284,11,kdA4,1,23.5
student_kdA4_s1,test_w36-39,ge5,far,1.7121000799639714,95184,79650,0.8425680786686838,0.7238994895977737,0.7959409170114841,0.7685875706214689,0.7245388272063956,0.7922490313669539,0.6966980539861896,0.7061937234963395,0.09434838554917246,0.8560743927955627,0.24414352950865387,0.029744523417610736,0.0396790152999882,0.6192578077316284,11,kdA4,1,23.5
student_kdA4_s1,test_w40-43,all,all,1.7121000799639714,100000,100000,0.82158,0.7092431331749497,0.78186975715,0.77495,0.6996776096999998,0.77864298665,0.71217,0.6840902238000001,0.1107899572554231,1.0245634317398071,0.2798347965858869,0.036952048452279763,0.05058243599012497,0.727458119392395,11,kdA4,1,27.5
student_kdA4_s1,test_w40-43,all,near,1.7121000799639714,100000,10904,0.82158,0.7092431331749497,0.7417964655172413,0.7917278063096111,0.6680679154438737,0.7686569534115921,0.6946991929567131,0.6753473083272195,0.1107899572554231,1.0245634317398071,0.2798347965858869,0.036952048452279763,0.05058243599012497,0.727458119392395,11,kdA4,1,27.5
student_kdA4_s1,test_w40-43,all,far,1.7121000799639714,100000,89096,0.82158,0.7092431331749497,0.7867741206675944,0.7728966508036276,0.7035461571787734,0.7798651257632216,0.7143081619825806,0.6851602241402533,0.1107899572554231,1.0245634317398071,0.2798347965858869,0.036952048452279763,0.05058243599012497,0.727458119392395,11,kdA4,1,27.5
student_kdA4_s1,test_w40-43,ge5,all,1.7121000799639714,95288,93977,0.8324133154227185,0.7171509055585271,0.7842248886229009,0.778403226321334,0.708562824915619,0.7859644360926525,0.702820902986901,0.6957586993231321,0.1032990263991578,0.9464060664176941,0.2619995371248794,0.03327703939837235,0.047515280776357006,0.6724687814712524,11,kdA4,1,27.5
student_kdA4_s1,test_w40-43,ge5,near,1.7121000799639714,95288,10557,0.8324133154227185,0.7171509055585271,0.7466964907717144,0.7873448896466799,0.6782004720575012,0.7760050898716967,0.6844747560860093,0.6872907645839446,0.1032990263991578,0.9464060664176941,0.2619995371248794,0.03327703939837235,0.047515280776357006,0.6724687814712524,11,kdA4,1,27.5
student_kdA4_s1,test_w40-43,ge5,far,1.7121000799639714,95288,83420,0.8324133154227185,0.7171509055585271,0.7889741968956768,0.7772716374970031,0.7124052530997853,0.7872248151151247,0.7051426516422921,0.696830336664796,0.1032990263991578,0.9464060664176941,0.2619995371248794,0.03327703939837235,0.047515280776357006,0.6724687814712524,11,kdA4,1,27.5
student_kdA4_s1,test_w44-47,all,all,1.7121000799639714,100000,100000,0.8,0.682954948192319,0.7713793968,0.78356,0.6764726674,0.7659676900000001,0.75055,0.6621228163999999,0.12712194258078932,1.2768523693084717,0.31873607612344074,0.04791840024765533,0.0605552349501848,0.8865718841552734,11,kdA4,1,31.5
student_kdA4_s1,test_w44-47,all,near,1.7121000799639714,100000,10628,0.8,0.682954948192319,0.7277465605005644,0.8092773805043282,0.6432513737297704,0.7536967049303726,0.7409672563041023,0.6522380683101242,0.12712194258078932,1.2768523693084717,0.31873607612344074,0.04791840024765533,0.0605552349501848,0.8865718841552734,11,kdA4,1,31.5
student_kdA4_s1,test_w44-47,all,far,1.7121000799639714,100000,89372,0.8,0.682954948192319,0.7765681559660743,0.7805017231347625,0.6804232996911784,0.767426939309851,0.7516895672022558,0.6632982975652328,0.12712194258078932,1.2768523693084717,0.31873607612344074,0.04791840024765533,0.0605552349501848,0.8865718841552734,11,kdA4,1,31.5
student_kdA4_s1,test_w44-47,ge5,all,1.7121000799639714,94936,92436,0.8108620544366731,0.6903191386461739,0.773957998104728,0.7850837336102817,0.6852915059023409,0.7707677480981487,0.7400796226578389,0.6720101155998595,0.11918852722966508,1.185641884803772,0.3009359959702266,0.043660987743974346,0.057265243446874246,0.8238874673843384,11,kdA4,1,31.5
student_kdA4_s1,test_w44-47,ge5,near,1.7121000799639714,94936,10310,0.8108620544366731,0.6903191386461739,0.7318401162717042,0.8069835111542192,0.6530461871418896,0.7611897906697387,0.7279340446168768,0.6644338169480576,0.11918852722966508,1.185641884803772,0.3009359959702266,0.043660987743974346,0.057265243446874246,0.8238874673843384,11,kdA4,1,31.5
student_kdA4_s1,test_w44-47,ge5,far,1.7121000799639714,94936,82126,0.8108620544366731,0.6903191386461739,0.7792454267107537,0.7823344616808319,0.6893395447258591,0.7719701534397811,0.7416043640260088,0.6729612350882075,0.11918852722966508,1.185641884803772,0.3009359959702266,0.043660987743974346,0.057265243446874246,0.8238874673843384,11,kdA4,1,31.5
student_kdA4_s1,test_w48-51,all,all,1.7121000799639714,100000,100000,0.78959,0.6786248675827363,0.7714017609,0.78477,0.6700696617,0.7655399385499999,0.74176,0.6549063675,0.13573649362035095,1.4073854684829712,0.3377735089129648,0.05100313064492552,0.06778356963053343,0.9659832119941711,11,kdA4,1,35.333333333333336
student_kdA4_s1,test_w48-51,all,near,1.7121000799639714,100000,10972,0.78959,0.6786248675827363,0.7110948778709443,0.8265585125774699,0.6256806388990157,0.7377120802952972,0.745625227852716,0.6334091305140358,0.13573649362035095,1.4073854684829712,0.3377735089129648,0.05100313064492552,0.06778356963053343,0.9659832119941711,11,kdA4,1,35.333333333333336
student_kdA4_s1,test_w48-51,all,far,1.7121000799639714,100000,89028,0.78959,0.6786248675827363,0.7788341093813183,0.779619894864537,0.6755402592442826,0.7689695029653593,0.7412836411016759,0.6575557326908389,0.13573649362035095,1.4073854684829712,0.3377735089129648,0.05100313064492552,0.06778356963053343,0.9659832119941711,11,kdA4,1,35.333333333333336
student_kdA4_s1,test_w48-51,ge5,all,1.7121000799639714,94668,93780,0.8013373051083788,0.6864838390773924,0.7738888622611652,0.7871827681808488,0.6799558305086544,0.7718389825963992,0.7325655790147153,0.667160506863181,0.12683991446599055,1.2837817668914795,0.3180440465691844,0.04591535663625571,0.06337565557813431,0.8845953941345215,11,kdA4,1,35.333333333333336
student_kdA4_s1,test_w48-51,ge5,near,1.7121000799639714,94668,10675,0.8013373051083788,0.6864838390773924,0.7159476465466545,0.8251053864168618,0.6367583406731713,0.7458098495627614,0.7314285714285714,0.6469549849992218,0.12683991446599055,1.2837817668914795,0.3180440465691844,0.04591535663625571,0.06337565557813431,0.8845953941345215,11,kdA4,1,35.333333333333336
student_kdA4_s1,test_w48-51,ge5,far,1.7121000799639714,94668,83105,0.8013373051083788,0.6864838390773924,0.7813315248897965,0.7823115336020696,0.6855046326745144,0.7751824757091371,0.7327116298658324,0.669755945716412,0.12683991446599055,1.2837817668914795,0.3180440465691844,0.04591535663625571,0.06337565557813431,0.8845953941345215,11,kdA4,1,35.333333333333336
student_kdB4_s1,val,all,all,1.935534693966454,200000,53779,0.927865,0.8970308308515152,0.8333523724874021,0.7552948176797635,0.8134142329719779,0.8087020643280836,0.7258037523940571,0.782908304170773,0.04101637905172999,0.35337427258491516,0.11293614393141763,0.006055910068905853,0.004822614545226088,0.26001664996147156,11,kdB4,1,1.0
student_kdB4_s1,val,all,near,1.935534693966454,200000,10959,0.927865,0.8970308308515152,0.8274688479788301,0.7382972898987133,0.8087403312346018,0.7902138947440459,0.7334610822155306,0.7657882174468473,0.04101637905172999,0.35337427258491516,0.11293614393141763,0.006055910068905853,0.004822614545226088,0.26001664996147156,11,kdB4,1,1.0
student_kdB4_s1,val,all,far,1.935534693966454,200000,42820,0.927865,0.8970308308515152,0.8348581535497431,0.7596450256889304,0.8146104330920131,0.8134337749883233,0.7238439981317142,0.7872898789117234,0.04101637905172999,0.35337427258491516,0.11293614393141763,0.006055910068905853,0.004822614545226088,0.26001664996147156,11,kdB4,1,1.0
student_kdB4_s1,val,ge5,all,1.935534693966454,191366,52270,0.9393883971029336,0.9097664441516148,0.8449516827096305,0.7212932848670366,0.8286226762303582,0.8221497436529347,0.6822077673617754,0.7990333859650517,0.03474693485546943,0.29424986243247986,0.09548879664721481,0.004600754298883153,0.00483063638647753,0.21487641334533691,11,kdB4,1,1.0
student_kdB4_s1,val,ge5,near,1.935534693966454,191366,10483,0.9393883971029336,0.9097664441516148,0.8363449676577736,0.7076218639702375,0.821861551801397,0.8017542996522861,0.691595917199275,0.7799229736167869,0.03474693485546943,0.29424986243247986,0.09548879664721481,0.004600754298883153,0.00483063638647753,0.21487641334533691,11,kdB4,1,1.0
student_kdB4_s1,val,ge5,far,1.935534693966454,191366,41787,0.9393883971029336,0.9097664441516148,0.8471108277520747,0.7247229999760691,0.8303188225770405,0.8272662975921694,0.6798525857324048,0.8038275672330744,0.03474693485546943,0.29424986243247986,0.09548879664721481,0.004600754298883153,0.00483063638647753,0.21487641334533691,11,kdB4,1,1.0
student_kdB4_s1,test_w16-19,all,all,1.935534693966454,100000,100000,0.91923,0.884713219794966,0.8554368484500001,0.70411,0.8255559537,0.8381702951500001,0.62155,0.8009471171000001,0.04645717192143203,0.4230177700519562,0.12701719291594568,0.007842900855959713,0.005952908648550511,0.3012743294239044,11,kdB4,1,3.5
student_kdB4_s1,test_w16-19,all,near,1.935534693966454,100000,11980,0.91923,0.884713219794966,0.8175920346410683,0.736143572621035,0.79285933639399,0.8176169486644408,0.6272954924874792,0.7818506385642737,0.04645717192143203,0.4230177700519562,0.12701719291594568,0.007842900855959713,0.005952908648550511,0.3012743294239044,11,kdB4,1,3.5
student_kdB4_s1,test_w16-19,all,far,1.935534693966454,100000,88020,0.91923,0.884713219794966,0.8605877331288344,0.6997500568052716,0.8300061408770735,0.8409677172233583,0.6207680072710747,0.8035462515337424,0.04645717192143203,0.4230177700519562,0.12701719291594568,0.007842900855959713,0.005952908648550511,0.3012743294239044,11,kdB4,1,3.5
student_kdB4_s1,test_w16-19,ge5,all,1.935534693966454,96085,89545,0.9290107717125462,0.8936966551759173,0.8566207828838057,0.707320341727623,0.8322634905503501,0.8380113101960399,0.5937461611480261,0.8053493725439517,0.04100123415809888,0.37204399704933167,0.11199976686091184,0.006393432269296626,0.005504688455714012,0.262799471616745,11,kdB4,1,3.5
student_kdB4_s1,test_w16-19,ge5,near,1.935534693966454,96085,11402,0.9290107717125462,0.8936966551759173,0.823140813762138,0.713734432555692,0.8025999004692728,0.8229219391738756,0.5886686546219961,0.790911987141713,0.04100123415809888,0.37204399704933167,0.11199976686091184,0.006393432269296626,0.005504688455714012,0.262799471616745,11,kdB4,1,3.5
student_kdB4_s1,test_w16-19,ge5,far,1.935534693966454,96085,78143,0.9290107717125462,0.8936966551759173,0.8615059115316086,0.7063844490229451,0.8365917637687377,0.8402130302271971,0.5944870301882447,0.8074559600611486,0.04100123415809888,0.37204399704933167,0.11199976686091184,0.006393432269296626,0.005504688455714012,0.262799471616745,11,kdB4,1,3.5
student_kdB4_s1,test_w20-23,all,all,1.935534693966454,100000,100000,0.90509,0.8594281164644058,0.84134461845,0.7437,0.8048301874,0.82969815725,0.65446,0.7846772190000001,0.05517503477633001,0.5179583430290222,0.1492359844324856,0.010880094734341275,0.008116205184757749,0.36400336027145386,11,kdB4,1,7.5
student_kdB4_s1,test_w20-23,all,near,1.935534693966454,100000,13417,0.90509,0.8594281164644058,0.7983061776104943,0.7514347469628084,0.7674970269061638,0.8072766546172766,0.6302452112990982,0.7631463680405455,0.05517503477633001,0.5179583430290222,0.1492359844324856,0.010880094734341275,0.008116205184757749,0.36400336027145386,11,kdB4,1,7.5
student_kdB4_s1,test_w20-23,all,far,1.935534693966454,100000,86583,0.90509,0.8594281164644058,0.8480139041151267,0.7425014148273911,0.810615376344086,0.8331726187588788,0.6582123511543837,0.7880136641142025,0.05517503477633001,0.5179583430290222,0.1492359844324856,0.010880094734341275,0.008116205184757749,0.36400336027145386,11,kdB4,1,7.5
student_kdB4_s1,test_w20-23,ge5,all,1.935534693966454,95941,89776,0.9154688819170115,0.8683284620808184,0.8421271666427923,0.7475271787560149,0.8118515553443109,0.829401060552458,0.645540010693281,0.7898622057135524,0.049041426900067034,0.46737802028656006,0.1331402452509994,0.009028404878572153,0.007460910068475206,0.32575350999832153,11,kdB4,1,7.5
student_kdB4_s1,test_w20-23,ge5,near,1.935534693966454,95941,12762,0.9154688819170115,0.8683284620808184,0.8031184954978101,0.7414198401504466,0.7772028230646068,0.8120671336657254,0.6091521705061903,0.7725084637888829,0.049041426900067034,0.46737802028656006,0.1331402452509994,0.009028404878572153,0.007460910068475206,0.32575350999832153,11,kdB4,1,7.5
student_kdB4_s1,test_w20-23,ge5,far,1.935534693966454,95941,77014,0.9154688819170115,0.8683284620808184,0.8485912986337585,0.7485392266341184,0.8175932012963922,0.8322734678411131,0.6515698444438673,0.7927378965547323,0.049041426900067034,0.46737802028656006,0.1331402452509994,0.009028404878572153,0.007460910068475206,0.32575350999832153,11,kdB4,1,7.5
student_kdB4_s1,test_w24-27,all,all,1.935534693966454,100000,100000,0.89931,0.8358562443825969,0.82587371295,0.74507,0.7857720058,0.8128464526,0.65464,0.7635268157,0.06016061257958414,0.5996513962745667,0.1619703913088108,0.013253701532877154,0.010587738219201595,0.41060468554496765,11,kdB4,1,11.5
student_kdB4_s1,test_w24-27,all,near,1.935534693966454,100000,12494,0.89931,0.8358562443825969,0.7875472882983833,0.7655674723867456,0.7531721642388347,0.7993477289098767,0.6482311509524572,0.7510018825036018,0.06016061257958414,0.5996513962745667,0.1619703913088108,0.013253701532877154,0.010587738219201595,0.41060468554496765,11,kdB4,1,11.5
student_kdB4_s1,test_w24-27,all,far,1.935534693966454,100000,87506,0.89931,0.8358562443825969,0.8313459131373849,0.7421433958814253,0.7904265714351016,0.8147737839119604,0.6555550476538752,0.7653151103924303,0.06016061257958414,0.5996513962745667,0.1619703913088108,0.013253701532877154,0.010587738219201595,0.41060468554496765,11,kdB4,1,11.5
student_kdB4_s1,test_w24-27,ge5,all,1.935534693966454,96204,89771,0.9077896968941,0.8421497602235103,0.8236190178827368,0.7570262111372269,0.7895995691865978,0.8098101840508749,0.6631428857871696,0.7658854204707278,0.05488697611129137,0.5465618968009949,0.1483613687523513,0.011475327225288823,0.009859814598966192,0.372858464717865,11,kdB4,1,11.5
student_kdB4_s1,test_w24-27,ge5,near,1.935534693966454,96204,11977,0.9077896968941,0.8421497602235103,0.7920709330493803,0.7643817316523336,0.7618314504904931,0.8042236916072703,0.6341320864991233,0.7597927974621655,0.05488697611129137,0.5465618968009949,0.1483613687523513,0.011475327225288823,0.009859814598966192,0.372858464717865,11,kdB4,1,11.5
student_kdB4_s1,test_w24-27,ge5,far,1.935534693966454,96204,77794,0.9077896968941,0.8421497602235103,0.8284760944188336,0.7558937707278196,0.7938746901165314,0.8106702686331955,0.6676093271974702,0.7668234278462779,0.05488697611129137,0.5465618968009949,0.1483613687523513,0.011475327225288823,0.009859814598966192,0.372858464717865,11,kdB4,1,11.5
student_kdB4_s1,test_w28-31,all,all,1.935534693966454,100000,100000,0.87658,0.7775058125052356,0.8037981194,0.7698,0.7537878766,0.8008475543,0.67774,0.738793374,0.07746099450185898,0.809799075126648,0.19957647492982003,0.0191045997224342,0.017083586931973732,0.5352009534835815,11,kdB4,1,15.5
student_kdB4_s1,test_w28-31,all,near,1.935534693966454,100000,15990,0.87658,0.7775058125052356,0.7749305384615384,0.7894308943089431,0.7295095459662289,0.7866468055034397,0.6904315196998124,0.7270933764853033,0.07746099450185898,0.809799075126648,0.19957647492982003,0.0191045997224342,0.017083586931973732,0.5352009534835815,11,kdB4,1,15.5
student_kdB4_s1,test_w28-31,all,far,1.935534693966454,100000,84010,0.87658,0.7775058125052356,0.8092926155219617,0.766063563861445,0.7584088801333175,0.8035504464944649,0.6753243661468873,0.741020286989644,0.07746099450185898,0.809799075126648,0.19957647492982003,0.0191045997224342,0.017083586931973732,0.5352009534835815,11,kdB4,1,15.5
student_kdB4_s1,test_w28-31,ge5,all,1.935534693966454,95576,94669,0.8848664936804219,0.78389183533178,0.8074466350818976,0.7673367205737887,0.762377397329885,0.8067227903153155,0.6672194699426423,0.7484686578425644,0.07196846074474807,0.7441666126251221,0.18557959731138624,0.016821455964789334,0.017012832342213777,0.49072080850601196,11,kdB4,1,15.5
student_kdB4_s1,test_w28-31,ge5,near,1.935534693966454,95576,15420,0.8848664936804219,0.78389183533178,0.7800595111113862,0.7867055771725032,0.7390339976487159,0.79385722380147,0.6749675745784696,0.7377618766011189,0.07196846074474807,0.7441666126251221,0.18557959731138624,0.016821455964789334,0.017012832342213777,0.49072080850601196,11,kdB4,1,15.5
student_kdB4_s1,test_w28-31,ge5,far,1.935534693966454,95576,79249,0.8848664936804219,0.78389183533178,0.8127755282114676,0.7635679945488271,0.7669194763855656,0.809226128346628,0.6657118701813272,0.7505519468019592,0.07196846074474807,0.7441666126251221,0.18557959731138624,0.016821455964789334,0.017012832342213777,0.49072080850601196,11,kdB4,1,15.5
student_kdB4_s1,test_w32-35,all,all,1.935534693966454,100000,100000,0.84638,0.7339524004237449,0.78709563265,0.78509,0.7205833092,0.7840217378500001,0.69939,0.7047460996999999,0.1036889767192304,1.0882169008255005,0.25349399394348415,0.02859096899093001,0.03692135228909556,0.6908754110336304,11,kdB4,1,19.5
student_kdB4_s1,test_w32-35,all,near,1.935534693966454,100000,16559,0.84638,0.7339524004237449,0.7527054846307144,0.8160516939428709,0.6931576779998794,0.7640083863759889,0.7142339513255631,0.6890664448336252,0.1036889767192304,1.0882169008255005,0.25349399394348415,0.02859096899093001,0.03692135228909556,0.6908754110336304,11,kdB4,1,19.5
student_kdB4_s1,test_w32-35,all,far,1.935534693966454,100000,83441,0.84638,0.7339524004237449,0.7939204125669634,0.7789456022818518,0.7260259696072674,0.7879934194820293,0.6964441941012213,0.7078577523040233,0.1036889767192304,1.0882169008255005,0.25349399394348415,0.02859096899093001,0.03692135228909556,0.6908754110336304,11,kdB4,1,19.5
student_kdB4_s1,test_w32-35,ge5,all,1.935534693966454,95262,94615,0.8557137158573198,0.7395256247576418,0.7900561022175561,0.7860698620726101,0.7293473825413265,0.7898847421480267,0.6942556677059663,0.7151473119389875,0.09665231435689497,1.0079208612442017,0.23726259830501872,0.025618568882722653,0.03540733911802361,0.6393649578094482,11,kdB4,1,19.5
student_kdB4_s1,test_w32-35,ge5,near,1.935534693966454,95262,16006,0.8557137158573198,0.7395256247576418,0.757866414649628,0.8171310758465575,0.7032594965483606,0.7716604322181433,0.7030488566787455,0.7006674940421518,0.09665231435689497,1.0079208612442017,0.23726259830501872,0.025618568882722653,0.03540733911802361,0.6393649578094482,11,kdB4,1,19.5
student_kdB4_s1,test_w32-35,ge5,far,1.935534693966454,95262,78609,0.8557137158573198,0.7395256247576418,0.7966104171078643,0.7797453217824931,0.734659276894434,0.7935954916135803,0.6924652393491839,0.7180956253033193,0.09665231435689497,1.0079208612442017,0.23726259830501872,0.025618568882722653,0.03540733911802361,0.6393649578094482,11,kdB4,1,19.5
student_kdB4_s1,test_w36-39,all,all,1.935534693966454,100000,100000,0.8246,0.7187061423554075,0.7919774789499999,0.77938,0.7092922459999998,0.7891546084500001,0.71417,0.6949691658999999,0.12112783094942568,1.2026352882385254,0.29146861000337376,0.03572180017245708,0.050854495983347264,0.75838702917099,11,kdB4,1,23.5
student_kdB4_s1,test_w36-39,all,near,1.935534693966454,100000,12548,0.8246,0.7187061423554075,0.7480330196047179,0.809132929550526,0.6751412217086388,0.7671790691743705,0.7051322919987248,0.6765650382531081,0.12112783094942568,1.2026352882385254,0.29146861000337376,0.03572180017245708,0.050854495983347264,0.75838702917099,11,kdB4,1,23.5
student_kdB4_s1,test_w36-39,all,far,1.935534693966454,100000,87452,0.8246,0.7187061423554075,0.7982828244637059,0.775110917989297,0.7141923861089512,0.792307756083337,0.715466770342588,0.697609871586699,0.12112783094942568,1.2026352882385254,0.29146861000337376,0.03572180017245708,0.050854495983347264,0.75838702917099,11,kdB4,1,23.5
student_kdB4_s1,test_w36-39,ge5,all,1.935534693966454,95184,91735,0.836253992267608,0.7244737250304212,0.7914384542873615,0.7850656783125307,0.7170626895855556,0.7931737696488904,0.7079195508802529,0.704719029741209,0.11165906852939375,1.1178861856460571,0.2711206373101578,0.032013725251684416,0.04727314890450458,0.7041601538658142,11,kdB4,1,23.5
student_kdB4_s1,test_w36-39,ge5,near,1.935534693966454,95184,12085,0.836253992267608,0.7244737250304212,0.7520268684313145,0.810426148117501,0.6854981172541419,0.7738106066960142,0.6870500620604054,0.6883786257453978,0.11165906852939375,1.1178861856460571,0.2711206373101578,0.032013725251684416,0.04727314890450458,0.7041601538658142,11,kdB4,1,23.5
student_kdB4_s1,test_w36-39,ge5,far,1.935534693966454,95184,79650,0.836253992267608,0.7244737250304212,0.7974182284878677,0.7812178279974891,0.7218518654377232,0.7961116707698636,0.7110860012554928,0.7071982988220548,0.11165906852939375,1.1178861856460571,0.2711206373101578,0.032013725251684416,0.04727314890450458,0.7041601538658142,11,kdB4,1,23.5
student_kdB4_s1,test_w40-43,all,all,1.935534693966454,100000,100000,0.81728,0.7087586085111933,0.7840589356500001,0.78921,0.6987108568999999,0.7835207652999999,0.72633,0.6858321684,0.12762104844599959,1.28886878490448,0.30408615685368406,0.038956332921532964,0.05706123865220697,0.8037179112434387,11,kdB4,1,27.5
student_kdB4_s1,test_w40-43,all,near,1.935534693966454,100000,10904,0.81728,0.7087586085111933,0.7388545698826119,0.8134629493763756,0.6636592479823917,0.7580381337123991,0.719002201027146,0.6649471276595745,0.12762104844599959,1.28886878490448,0.30408615685368406,0.038956332921532964,0.05706123865220697,0.8037179112434387,11,kdB4,1,27.5
student_kdB4_s1,test_w40-43,all,far,1.935534693966454,100000,89096,0.81728,0.7087586085111933,0.7895912648715991,0.7862418065906438,0.7030006425653229,0.7866394531741043,0.7272268115291372,0.688388180838646,0.12762104844599959,1.28886878490448,0.30408615685368406,0.038956332921532964,0.05706123865220697,0.8037179112434387,11,kdB4,1,27.5
student_kdB4_s1,test_w40-43,ge5,all,1.935534693966454,95288,93977,0.827995130551591,0.7160447039012499,0.7868775848625587,0.7856390393394128,0.7079366981819747,0.7920378688708014,0.7106206837843302,0.6983172745399943,0.11923486124619374,1.2070908546447754,0.28584381853842233,0.0353415267036917,0.05468918591689739,0.7505777478218079,11,kdB4,1,27.5
student_kdB4_s1,test_w40-43,ge5,near,1.935534693966454,95288,10557,0.827995130551591,0.7160447039012499,0.7427208786954829,0.8134886804963531,0.6733748953740909,0.7658463951249308,0.6949891067538126,0.677064552928457,0.11923486124619374,1.2070908546447754,0.28584381853842233,0.0353415267036917,0.05468918591689739,0.7505777478218079,11,kdB4,1,27.5
student_kdB4_s1,test_w40-43,ge5,far,1.935534693966454,95288,83420,0.827995130551591,0.7160447039012499,0.7924657213646661,0.7821146008151523,0.7123105767751516,0.795352462353601,0.7125988971469671,0.7010068571587068,0.11923486124619374,1.2070908546447754,0.28584381853842233,0.0353415267036917,0.05468918591689739,0.7505777478218079,11,kdB4,1,27.5
student_kdB4_s1,test_w44-47,all,all,1.935534693966454,100000,100000,0.7942,0.6772683023334116,0.7670760023500001,0.80324,0.6712086523000002,0.7660639559,0.77684,0.6597353519,0.14443267842233182,1.5680264234542847,0.3429435689591056,0.04932732089824683,0.06632296039544042,0.9650934934616089,11,kdB4,1,31.5
student_kdB4_s1,test_w44-47,all,near,1.935534693966454,100000,10628,0.7942,0.6772683023334116,0.7201247501881822,0.8257433195333083,0.6358882743695898,0.7345572196085812,0.7849077907414377,0.635405592773805,0.14443267842233182,1.5680264234542847,0.3429435689591056,0.04932732089824683,0.06632296039544042,0.9650934934616089,11,kdB4,1,31.5
student_kdB4_s1,test_w44-47,all,far,1.935534693966454,100000,89372,0.7942,0.6772683023334116,0.7726593831401334,0.8005639350132032,0.6754089049142907,0.7698106952960658,0.7758805889987915,0.6626286146667861,0.14443267842233182,1.5680264234542847,0.3429435689591056,0.04932732089824683,0.06632296039544042,0.9650934934616089,11,kdB4,1,31.5
student_kdB4_s1,test_w44-47,ge5,all,1.935534693966454,94936,92436,0.8047105418387124,0.6845547540296221,0.7689050902016694,0.8015383616772686,0.6798421153628507,0.7716602306170243,0.7649508849366048,0.6703581839454024,0.13625875082998035,1.4707138538360596,0.32500031808880775,0.04491135637116752,0.06378786970490907,0.9039497375488281,11,kdB4,1,31.5
student_kdB4_s1,test_w44-47,ge5,near,1.935534693966454,94936,10310,0.8047105418387124,0.6845547540296221,0.7235452448765933,0.8258971871968962,0.6453960479128642,0.742403435584191,0.7735208535402521,0.6477406689499208,0.13625875082998035,1.4707138538360596,0.32500031808880775,0.04491135637116752,0.06378786970490907,0.9039497375488281,11,kdB4,1,31.5
student_kdB4_s1,test_w44-47,ge5,far,1.935534693966454,94936,82126,0.8047105418387124,0.6845547540296221,0.7745995110343112,0.7984803838005017,0.6841664335496533,0.7753330937394034,0.7638750213087208,0.6731975597777017,0.13625875082998035,1.4707138538360596,0.32500031808880775,0.04491135637116752,0.06378786970490907,0.9039497375488281,11,kdB4,1,31.5
student_kdB4_s1,test_w48-51,all,all,1.935534693966454,100000,100000,0.78475,0.6685803049517626,0.7693048327500001,0.80709,0.6663306425,0.7633671869,0.7572,0.6504881005999998,0.1542561703985929,1.708958625793457,0.36067965905780375,0.052948649180937175,0.07503052398033441,1.0388916730880737,11,kdB4,1,35.333333333333336
student_kdB4_s1,test_w48-51,all,near,1.935534693966454,100000,10972,0.78475,0.6685803049517626,0.7069924854174262,0.8314801312431644,0.6207089072183741,0.7207330322639446,0.77187386073642,0.6179118957345973,0.1542561703985929,1.708958625793457,0.36067965905780375,0.052948649180937175,0.07503052398033441,1.0388916730880737,11,kdB4,1,35.333333333333336
student_kdB4_s1,test_w48-51,all,far,1.935534693966454,100000,89028,0.78475,0.6685803049517626,0.7769843389158466,0.8040841083704003,0.6719531621512332,0.7686215107606595,0.7553915622051489,0.6545028613469919,0.1542561703985929,1.708958625793457,0.36067965905780375,0.052948649180937175,0.07503052398033441,1.0388916730880737,11,kdB4,1,35.333333333333336
student_kdB4_s1,test_w48-51,ge5,all,1.935534693966454,94668,93780,0.7961613216715258,0.6769432755817653,0.7704702331763181,0.8087332053742803,0.6759319259495529,0.7702913938259887,0.7482405630198337,0.6632482927641716,0.14490652666180262,1.5768402814865112,0.3404792422568542,0.04731753833242887,0.07138670387562904,0.960003674030304,11,kdB4,1,35.333333333333336
student_kdB4_s1,test_w48-51,ge5,near,1.935534693966454,94668,10675,0.7961613216715258,0.6769432755817653,0.7105388870895937,0.834192037470726,0.6314263133213779,0.7291497113194995,0.7575644028103045,0.6314662675694742,0.14490652666180262,1.5768402814865112,0.3404792422568542,0.04731753833242887,0.07138670387562904,0.960003674030304,11,kdB4,1,35.333333333333336
student_kdB4_s1,test_w48-51,ge5,far,1.935534693966454,94668,83105,0.7961613216715258,0.6769432755817653,0.7781685319486638,0.8054629685337825,0.6816487590499172,0.7755761235144163,0.7470428975392576,0.6673307561412656,0.14490652666180262,1.5768402814865112,0.3404792422568542,0.04731753833242887,0.07138670387562904,0.960003674030304,11,kdB4,1,35.333333333333336
student_direct_s2,val,all,all,1.0612094400075187,200000,53779,0.940525,0.9134666332484247,0.8597071484687332,0.7266219156176202,0.8415652012867475,0.8291296861693226,0.7415347998289296,0.8054739563770245,0.003049392746873215,0.21063955128192902,0.0843197093905805,0.004080568187823337,0.005355880394876007,0.2101140171289444,11,direct,2,1.0
student_direct_s2,val,all,near,1.0612094400075187,200000,10959,0.940525,0.9134666332484247,0.8343361100465371,0.7217811844146363,0.8162211497399396,0.7359677185418377,0.7956930376859203,0.7168445711287527,0.003049392746873215,0.21063955128192902,0.0843197093905805,0.004080568187823337,0.005355880394876007,0.2101140171289444,11,direct,2,1.0
student_direct_s2,val,all,far,1.0612094400075187,200000,42820,0.940525,0.9134666332484247,0.8662004041919664,0.7278608127043438,0.8480515502101822,0.8529727969406818,0.7276739841195703,0.8281570351471276,0.003049392746873215,0.21063955128192902,0.0843197093905805,0.004080568187823337,0.005355880394876007,0.2101140171289444,11,direct,2,1.0
student_direct_s2,val,ge5,all,1.0612094400075187,191366,52270,0.9496566788248696,0.9246174086208739,0.8724760852639398,0.6894203175817869,0.8567405729925649,0.8449996728983442,0.6857088195905874,0.8235532981781215,0.002639738487555802,0.17488276958465576,0.07189258570008829,0.003091633575414821,0.005016309517610262,0.17445623874664307,11,direct,2,1.0
student_direct_s2,val,ge5,near,1.0612094400075187,191366,10483,0.9496566788248696,0.9246174086208739,0.8437162967788174,0.6875894305065344,0.8281872347988206,0.747807381779102,0.7496899742440141,0.7304169439818561,0.002639738487555802,0.17488276958465576,0.07189258570008829,0.003091633575414821,0.005016309517610262,0.17445623874664307,11,direct,2,1.0
student_direct_s2,val,ge5,far,1.0612094400075187,191366,41787,0.9496566788248696,0.9246174086208739,0.8796909813485962,0.689879627635389,0.8639036774098484,0.8693820594731885,0.6696580276162443,0.8469181820185371,0.002639738487555802,0.17488276958465576,0.07189258570008829,0.003091633575414821,0.005016309517610262,0.17445623874664307,11,direct,2,1.0
student_directTS_s2,val,all,all,,200000,53779,0.940525,0.9134666332484247,0.8598004952211828,0.7255620223507318,0.8416642590044441,0.8286608496811023,0.7411629074545827,0.8049254216329793,0.005355880394876007,0.2101140171289444,0.0843815692636936,0.004077379421431305,,,11,directTS,2,1.0
student_directTS_s2,val,all,near,,200000,10959,0.940525,0.9134666332484247,0.8342110071630623,0.720959941600511,0.8161262396204033,0.7350967031663473,0.7961492836937677,0.7159340834017702,0.005355880394876007,0.2101140171289444,0.0843815692636936,0.004077379421431305,,,11,directTS,2,1.0
student_directTS_s2,val,all,far,,200000,42820,0.940525,0.9134666332484247,0.8663496591546007,0.7267398411957029,0.8482002504670716,0.8526068908220459,0.7270901447921532,0.8277011356842596,0.005355880394876007,0.2101140171289444,0.0843815692636936,0.004077379421431305,,,11,directTS,2,1.0
student_directTS_s2,val,ge5,all,,191366,52270,0.9496566788248696,0.9246174086208739,0.8727763081791344,0.6861871054141955,0.8569961011790014,0.8445301526573099,0.6866462598048594,0.8230211639979852,0.005016309517610262,0.17445623874664307,0.07193874107760155,0.0030884855294618014,,,11,directTS,2,1.0
student_directTS_s2,val,ge5,near,,191366,10483,0.9496566788248696,0.9246174086208739,0.8438192537861584,0.6857769722407707,0.828259178239031,0.7469650416114129,0.7500715444052275,0.7295417578265533,0.005016309517610262,0.17445623874664307,0.07193874107760155,0.0030884855294618014,,,11,directTS,2,1.0
student_directTS_s2,val,ge5,far,,191366,41787,0.9496566788248696,0.9246174086208739,0.8800406918678788,0.6862899944958959,0.864205261041631,0.869006067633119,0.6707349175580922,0.8464721084279542,0.005016309517610262,0.17445623874664307,0.07193874107760155,0.0030884855294618014,,,11,directTS,2,1.0
student_direct_s2,test_w16-19,all,all,1.0612094400075187,100000,100000,0.93203,0.9018638085179139,0.8772103779999999,0.62124,0.8484612761000001,0.8517048145,0.63756,0.8187388994999999,0.004908331520259374,0.2906632721424103,0.09808674413561552,0.00562797747015504,0.003394722906798082,0.2860555946826935,11,direct,2,3.5
student_direct_s2,test_w16-19,all,near,1.0612094400075187,100000,11980,0.93203,0.9018638085179139,0.8665385726210351,0.6484974958263773,0.8400238864774624,0.8634424207011686,0.6565943238731219,0.8308666185308848,0.004908331520259374,0.2906632721424103,0.09808674413561552,0.00562797747015504,0.003394722906798082,0.2860555946826935,11,direct,2,3.5
student_direct_s2,test_w16-19,all,far,1.0612094400075187,100000,88020,0.93203,0.9018638085179139,0.8786628686662121,0.6175301067939105,0.8496096506475802,0.8501072625539651,0.6349693251533742,0.8170882510792999,0.004908331520259374,0.2906632721424103,0.09808674413561552,0.00562797747015504,0.003394722906798082,0.2860555946826935,11,direct,2,3.5
student_direct_s2,test_w16-19,ge5,all,1.0612094400075187,96085,89545,0.9401675599729407,0.9101062382798605,0.8794190875297345,0.6198224356468814,0.8550791620829215,0.85664241857486,0.6108883801440617,0.8271396945395773,0.0042966454779964705,0.2603425681591034,0.08712565714030769,0.0045769293011593245,0.0027451223045976527,0.2558441162109375,11,direct,2,3.5
student_direct_s2,test_w16-19,ge5,near,1.0612094400075187,96085,11402,0.9401675599729407,0.9101062382798605,0.8742154894920199,0.6315558673916857,0.8508015759631203,0.8737388196224588,0.6108577442553937,0.8441703314475812,0.0042966454779964705,0.2603425681591034,0.08712565714030769,0.0045769293011593245,0.0027451223045976527,0.2558441162109375,11,direct,2,3.5
student_direct_s2,test_w16-19,ge5,far,1.0612094400075187,96085,78143,0.9401675599729407,0.9101062382798605,0.8801783548323211,0.6181103873667507,0.8557033131513213,0.8541478488150003,0.6108928502872938,0.8246547205556624,0.0042966454779964705,0.2603425681591034,0.08712565714030769,0.0045769293011593245,0.0027451223045976527,0.2558441162109375,11,direct,2,3.5
student_directTS_s2,test_w16-19,all,all,,100000,100000,0.93203,0.9018638085179139,0.8777397298,0.6164,0.8488697339,0.8511207725500001,0.64004,0.8181406308,0.003394722906798082,0.2860555946826935,0.09794018969380684,0.005614314339198116,,,11,directTS,2,3.5
student_directTS_s2,test_w16-19,all,near,,100000,11980,0.93203,0.9018638085179139,0.8676146961602671,0.643322203672788,0.8409390918196995,0.8629182996661102,0.6580968280467445,0.8303016419031719,0.003394722906798082,0.2860555946826935,0.09794018969380684,0.005614314339198116,,,11,directTS,2,3.5
student_directTS_s2,test_w16-19,all,far,,100000,88020,0.93203,0.9018638085179139,0.879117801863213,0.6127357418768462,0.8499491373551464,0.849515065042036,0.6375823676437173,0.8164854511474666,0.003394722906798082,0.2860555946826935,0.09794018969380684,0.005614314339198116,,,11,directTS,2,3.5
student_directTS_s2,test_w16-19,ge5,all,,96085,89545,0.9401675599729407,0.9101062382798605,0.8800771664109022,0.6161594728907254,0.8555899097672075,0.8561419305029145,0.6129767156178457,0.8266186121609936,0.0027451223045976527,0.2558441162109375,0.08698878877143139,0.004563635624490258,,,11,directTS,2,3.5
student_directTS_s2,test_w16-19,ge5,near,,96085,11402,0.9401675599729407,0.9101062382798605,0.8754227977064941,0.6241887388177513,0.851830308115064,0.8732220995017557,0.6158568672162779,0.8436198939033226,0.0027451223045976527,0.2558441162109375,0.08698878877143139,0.004563635624490258,,,11,directTS,2,3.5
student_directTS_s2,test_w16-19,ge5,far,,96085,78143,0.9401675599729407,0.9101062382798605,0.8807562945729598,0.6149879067862765,0.8561384806953488,0.853649729193459,0.6125564669900055,0.8241379214474809,0.0027451223045976527,0.2558441162109375,0.08698878877143139,0.004563635624490258,,,11,directTS,2,3.5
student_direct_s2,test_w20-23,all,all,1.0612094400075187,100000,100000,0.92089,0.8784364462800929,0.8701949793,0.64693,0.8352045704000001,0.85677644535,0.61154,0.8143414792,0.01050148331910372,0.37254273891448975,0.1146341761520347,0.007817708286365204,0.0052272929194569755,0.36411377787590027,11,direct,2,7.5
student_direct_s2,test_w20-23,all,near,1.0612094400075187,100000,13417,0.92089,0.8784364462800929,0.8547267902660804,0.6700454647089513,0.82209752403667,0.868031452634717,0.6608779906089289,0.8264076343444883,0.01050148331910372,0.37254273891448975,0.1146341761520347,0.007817708286365204,0.0052272929194569755,0.36411377787590027,11,direct,2,7.5
student_direct_s2,test_w20-23,all,far,1.0612094400075187,100000,86583,0.92089,0.8784364462800929,0.8725919474377187,0.6433480013397549,0.8372356531882703,0.855032356640449,0.6038945289491009,0.8124716940969935,0.01050148331910372,0.37254273891448975,0.1146341761520347,0.007817708286365204,0.0052272929194569755,0.36411377787590027,11,direct,2,7.5
student_direct_s2,test_w20-23,ge5,all,1.0612094400075187,95941,89776,0.9285602609937358,0.8855388160117473,0.8719036607848965,0.6516997861343788,0.8417405412534928,0.8622760959369873,0.5752539654250579,0.823556188137748,0.010591914710505674,0.3475590944290161,0.10411487553428213,0.0065651335163346945,0.0058334029153192584,0.338889479637146,11,direct,2,7.5
student_direct_s2,test_w20-23,ge5,near,1.0612094400075187,95941,12762,0.9285602609937358,0.8855388160117473,0.8621995924430004,0.6511518570756935,0.832788038068393,0.8789325343167004,0.6006111894687353,0.8405078039909148,0.010591914710505674,0.3475590944290161,0.10411487553428213,0.0065651335163346945,0.0058334029153192584,0.338889479637146,11,direct,2,7.5
student_direct_s2,test_w20-23,ge5,far,1.0612094400075187,95941,77014,0.9285602609937358,0.8855388160117473,0.8735117232174319,0.6517905835302672,0.8432240617257218,0.8595159553573278,0.5710520165164775,0.8207471336604049,0.010591914710505674,0.3475590944290161,0.10411487553428213,0.0065651335163346945,0.0058334029153192584,0.338889479637146,11,direct,2,7.5
student_directTS_s2,test_w20-23,all,all,,100000,100000,0.92089,0.8784364462800929,0.8709939427,0.64158,0.8357760470000001,0.8562910098000001,0.61425,0.8138293826,0.0052272929194569755,0.36411377787590027,0.11428002144190945,0.007798348662753955,,,11,directTS,2,7.5
student_directTS_s2,test_w20-23,all,near,,100000,13417,0.92089,0.8784364462800929,0.8560155299247223,0.6626667660430797,0.8231577863904003,0.8676057982410376,0.66326302452113,0.825929075799359,0.0052272929194569755,0.36411377787590027,0.11428002144190945,0.007798348662753955,,,11,directTS,2,7.5
student_directTS_s2,test_w20-23,all,far,,100000,86583,0.92089,0.8784364462800929,0.8733150145525103,0.6383123707887229,0.8377313869928277,0.8545376573345806,0.6066548860630839,0.8119544004019265,0.0052272929194569755,0.36411377787590027,0.11428002144190945,0.007798348662753955,,,11,directTS,2,7.5
student_directTS_s2,test_w20-23,ge5,all,,95941,89776,0.9285602609937358,0.8855388160117473,0.8728389432273407,0.6468766708251649,0.8424335900092806,0.8618856963983635,0.5774594546426662,0.8231309874767443,0.0058334029153192584,0.338889479637146,0.1037406920298366,0.006541921953545098,,,11,directTS,2,7.5
student_directTS_s2,test_w20-23,ge5,near,,95941,12762,0.9285602609937358,0.8855388160117473,0.8636211645288104,0.6455884657577182,0.8339721258945578,0.8785194712689102,0.6058611502899232,0.8400504759623946,0.0058334029153192584,0.338889479637146,0.1037406920298366,0.006541921953545098,,,11,directTS,2,7.5
student_directTS_s2,test_w20-23,ge5,far,,95941,77014,0.9285602609937358,0.8855388160117473,0.874366422539552,0.647090139455164,0.843835740333015,0.8591293113917686,0.5727530059469707,0.820327256829669,0.0058334029153192584,0.338889479637146,0.1037406920298366,0.006541921953545098,,,11,directTS,2,7.5
student_direct_s2,test_w24-27,all,all,1.0612094400075187,100000,100000,0.91071,0.8487633246400355,0.85597247225,0.65218,0.815985784,0.84328233385,0.62551,0.7953357395999999,0.015338485883548863,0.44543880224227905,0.1301881049437206,0.009928495785840846,0.009606739299595386,0.43393561244010925,11,direct,2,11.5
student_direct_s2,test_w24-27,all,near,1.0612094400075187,100000,12494,0.91071,0.8487633246400355,0.8478248535296943,0.6663198335200896,0.8097213078277574,0.8614668536897712,0.6573555306547143,0.8138140699535776,0.015338485883548863,0.44543880224227905,0.1301881049437206,0.009928495785840846,0.009606739299595386,0.43393561244010925,11,direct,2,11.5
student_direct_s2,test_w24-27,all,far,1.0612094400075187,100000,87506,0.91071,0.8487633246400355,0.8571357793179896,0.6501611318081046,0.8168802182707471,0.8406859702763239,0.6209631339565287,0.7926974261193519,0.015338485883548863,0.44543880224227905,0.1301881049437206,0.009928495785840846,0.009606739299595386,0.43393561244010925,11,direct,2,11.5
student_direct_s2,test_w24-27,ge5,all,1.0612094400075187,96204,89771,0.9173942871398278,0.8540540448491223,0.8547627436087,0.6720990074745742,0.8198707623524651,0.8465701152160932,0.60707800960221,0.8022624899025331,0.015176383029088818,0.4162924587726593,0.12078290529435795,0.00870519499568552,0.01003031662409856,0.4050074815750122,11,direct,2,11.5
student_direct_s2,test_w24-27,ge5,near,1.0612094400075187,96204,11977,0.9173942871398278,0.8540540448491223,0.8544623885974514,0.6554228938799366,0.819206284034476,0.8720070019760235,0.6320447524421808,0.8270737455998874,0.015176383029088818,0.4162924587726593,0.12078290529435795,0.00870519499568552,0.01003031662409856,0.4050074815750122,11,direct,2,11.5
student_direct_s2,test_w24-27,ge5,far,1.0612094400075187,96204,77794,0.9173942871398278,0.8540540448491223,0.8548089856321174,0.6746664267167134,0.819973064031445,0.8426539058333171,0.6032341825847751,0.7984426013573083,0.015176383029088818,0.4162924587726593,0.12078290529435795,0.00870519499568552,0.01003031662409856,0.4050074815750122,11,direct,2,11.5
student_directTS_s2,test_w24-27,all,all,,100000,100000,0.91071,0.8487633246400355,0.85684093045,0.64668,0.8165848799999998,0.84278472815,0.62785,0.7948146209000001,0.009606739299595386,0.43393561244010925,0.12964520816696523,0.009903446606347817,,,11,directTS,2,11.5
student_directTS_s2,test_w24-27,all,near,,100000,12494,0.91071,0.8487633246400355,0.8492495725948455,0.6563950696334241,0.8108481263006243,0.860983089883144,0.6593564911157356,0.8132833400032016,0.009606739299595386,0.43393561244010925,0.12964520816696523,0.009903446606347817,,,11,directTS,2,11.5
student_directTS_s2,test_w24-27,all,far,,100000,87506,0.91071,0.8487633246400355,0.85792481526981,0.6452928942015405,0.8174039666994262,0.840186388247663,0.6233515416085754,0.7921776797019633,0.009606739299595386,0.43393561244010925,0.12964520816696523,0.009903446606347817,,,11,directTS,2,11.5
student_directTS_s2,test_w24-27,ge5,all,,96204,89771,0.9173942871398278,0.8540540448491223,0.8557899965894815,0.665827494402424,0.8206125090818156,0.8461785368743242,0.6080360027180269,0.8018274180246043,0.01003031662409856,0.4050074815750122,0.12022237756611896,0.008675350627874308,,,11,directTS,2,11.5
student_directTS_s2,test_w24-27,ge5,near,,96204,11977,0.9173942871398278,0.8540540448491223,0.856011504032126,0.6476580111881105,0.8204559888386964,0.871558692940175,0.6340485931368456,0.8265821758692367,0.01003031662409856,0.4050074815750122,0.12022237756611896,0.008675350627874308,,,11,directTS,2,11.5
student_directTS_s2,test_w24-27,ge5,far,,96204,77794,0.9173942871398278,0.8540540448491223,0.8557558937712622,0.6686248296783813,0.820636606607998,0.8422710616294378,0.6040311592153637,0.7980162277695055,0.01003031662409856,0.4050074815750122,0.12022237756611896,0.008675350627874308,,,11,directTS,2,11.5
student_direct_s2,test_w28-31,all,all,1.0612094400075187,100000,100000,0.88852,0.7898694115828039,0.8383778238499999,0.68524,0.7874196465000001,0.8313472977000002,0.64706,0.7704916643999999,0.025296249364316473,0.6062223315238953,0.16217726089664306,0.014984096593022564,0.019779644013345282,0.5880390405654907,11,direct,2,15.5
student_direct_s2,test_w28-31,all,near,1.0612094400075187,100000,15990,0.88852,0.7898694115828039,0.8299036616635397,0.716635397123202,0.7824520981863665,0.8403359727954972,0.7227016885553471,0.7829222908067542,0.025296249364316473,0.6062223315238953,0.16217726089664306,0.014984096593022564,0.019779644013345282,0.5880390405654907,11,direct,2,15.5
student_direct_s2,test_w28-31,all,far,1.0612094400075187,100000,84010,0.88852,0.7898694115828039,0.8399907491370076,0.6792643732888942,0.7883651422449708,0.8296364428639448,0.6326627782406856,0.7681256875371979,0.025296249364316473,0.6062223315238953,0.16217726089664306,0.014984096593022564,0.019779644013345282,0.5880390405654907,11,direct,2,15.5
student_direct_s2,test_w28-31,ge5,all,1.0612094400075187,95576,94669,0.8957478864987026,0.7953251226889704,0.8433172558852089,0.6768107828328175,0.796079850181379,0.8412036296442376,0.6118687215455957,0.7826034319292812,0.02472045463842331,0.5708481073379517,0.15196183254362575,0.013342051740892447,0.018767474791389138,0.5531424283981323,11,direct,2,15.5
student_direct_s2,test_w28-31,ge5,near,1.0612094400075187,95576,15420,0.8957478864987026,0.7953251226889704,0.8368098972200717,0.7053177691309988,0.7926057757581936,0.8532470859053557,0.6953307392996109,0.7978565682227937,0.02472045463842331,0.5708481073379517,0.15196183254362575,0.013342051740892447,0.018767474791389138,0.5531424283981323,11,direct,2,15.5
student_direct_s2,test_w28-31,ge5,far,1.0612094400075187,95576,79249,0.8957478864987026,0.7953251226889704,0.8445834355293231,0.6712639907128166,0.7967558237281178,0.8388602550206279,0.5956289669270275,0.7796355287173043,0.02472045463842331,0.5708481073379517,0.15196183254362575,0.013342051740892447,0.018767474791389138,0.5531424283981323,11,direct,2,15.5
student_directTS_s2,test_w28-31,all,all,,100000,100000,0.88852,0.7898694115828039,0.8394685209499999,0.67728,0.7881291593,0.83087246515,0.64849,0.7699852845,0.019779644013345282,0.5880390405654907,0.1612862069408855,0.014952076675533468,,,11,directTS,2,15.5
student_directTS_s2,test_w28-31,all,near,,100000,15990,0.88852,0.7898694115828039,0.8315043702313947,0.7082551594746717,0.7836843295809882,0.8397784255784866,0.7244527829893683,0.7823120343964978,0.019779644013345282,0.5880390405654907,0.1612862069408855,0.014952076675533468,,,11,directTS,2,15.5
student_directTS_s2,test_w28-31,all,far,,100000,84010,0.88852,0.7898694115828039,0.8409843734674445,0.6713843590048804,0.7889751636709916,0.8291773537674086,0.6340316628972741,0.7676390789191763,0.019779644013345282,0.5880390405654907,0.1612862069408855,0.014952076675533468,,,11,directTS,2,15.5
student_directTS_s2,test_w28-31,ge5,all,,95576,94669,0.8957478864987026,0.7953251226889704,0.8446043194289659,0.6695116669659551,0.7969348482899155,0.8408134531310908,0.6130940434566754,0.7821669623021366,0.018767474791389138,0.5531424283981323,0.15108949633248883,0.013307297553092661,,,11,directTS,2,15.5
student_directTS_s2,test_w28-31,ge5,near,,95576,15420,0.8957478864987026,0.7953251226889704,0.8386059624750994,0.6978599221789883,0.7939902424640953,0.8527500842865545,0.6961089494163424,0.797300419454189,0.018767474791389138,0.5531424283981323,0.15108949633248883,0.013307297553092661,,,11,directTS,2,15.5
student_directTS_s2,test_w28-31,ge5,far,,95576,79249,0.8957478864987026,0.7953251226889704,0.8457714592569588,0.6639957601988669,0.7975077996436759,0.8384908641720218,0.5969412863253795,0.7792223458491258,0.018767474791389138,0.5531424283981323,0.15108949633248883,0.013307297553092661,,,11,directTS,2,15.5
student_direct_s2,test_w32-35,all,all,1.0612094400075187,100000,100000,0.85424,0.7461221154475284,0.8172763503,0.71499,0.7498277342,0.8139133418,0.69491,0.732729425,0.04617665261849762,0.8049864172935486,0.2110628473724806,0.02355786741497712,0.03884428700566292,0.777505099773407,11,direct,2,19.5
student_direct_s2,test_w32-35,all,near,1.0612094400075187,100000,16559,0.85424,0.7461221154475284,0.8042292460293496,0.7581375686937617,0.7418227700948123,0.8234896113895767,0.7589226402560542,0.7455616957545745,0.04617665261849762,0.8049864172935486,0.2110628473724806,0.02355786741497712,0.03884428700566292,0.777505099773407,11,direct,2,19.5
student_direct_s2,test_w32-35,all,far,1.0612094400075187,100000,83441,0.85424,0.7461221154475284,0.8198655690248199,0.7064272959336537,0.7514163321388766,0.8120129157728215,0.6822065890868997,0.7301828403302933,0.04617665261849762,0.8049864172935486,0.2110628473724806,0.02355786741497712,0.03884428700566292,0.777505099773407,11,direct,2,19.5
student_direct_s2,test_w32-35,ge5,all,1.0612094400075187,95262,94615,0.8621066112405786,0.7506980499723127,0.8214524624302918,0.7132378586904825,0.7587184262313759,0.8236340041884703,0.6523807007345558,0.7454987910067549,0.044492638990086215,0.7578386664390564,0.19911589982860584,0.021249940142751292,0.037830642261042324,0.7315726280212402,11,direct,2,19.5
student_direct_s2,test_w32-35,ge5,near,1.0612094400075187,95262,16006,0.8621066112405786,0.7506980499723127,0.8106641007816522,0.7516556291390728,0.7522872293541388,0.8359235863879885,0.7113582406597526,0.7609461029280151,0.044492638990086215,0.7578386664390564,0.19911589982860584,0.021249940142751292,0.037830642261042324,0.7315726280212402,11,direct,2,19.5
student_direct_s2,test_w32-35,ge5,far,1.0612094400075187,95262,78609,0.8621066112405786,0.7506980499723127,0.8236491385939388,0.7054154104491852,0.7600279167123267,0.8211316564587512,0.6403719675864087,0.742353480996302,0.044492638990086215,0.7578386664390564,0.19911589982860584,0.021249940142751292,0.037830642261042324,0.7315726280212402,11,direct,2,19.5
student_directTS_s2,test_w32-35,all,all,,100000,100000,0.85424,0.7461221154475284,0.8184587947499999,0.71005,0.7505427230999999,0.8134916865999999,0.6963,0.7322422151999999,0.03884428700566292,0.777505099773407,0.209289382934498,0.02351968744969186,,,11,directTS,2,19.5
student_directTS_s2,test_w32-35,all,near,,100000,16559,0.85424,0.7461221154475284,0.8059450772993538,0.7540310405217706,0.7430558650884715,0.8231003493568452,0.7577148378525274,0.7450683229663627,0.03884428700566292,0.777505099773407,0.209289382934498,0.02351968744969186,,,11,directTS,2,19.5
student_directTS_s2,test_w32-35,all,far,,100000,83441,0.85424,0.7461221154475284,0.8209421620066875,0.7013218921153869,0.7520285020553444,0.8115848320969308,0.6841121271317457,0.729696853585168,0.03884428700566292,0.777505099773407,0.209289382934498,0.02351968744969186,,,11,directTS,2,19.5
student_directTS_s2,test_w32-35,ge5,all,,95262,94615,0.8621066112405786,0.7506980499723127,0.8228130049984733,0.7081646673360461,0.7595826544509269,0.8233027314641198,0.6543465623843999,0.7450770139419735,0.037830642261042324,0.7315726280212402,0.19741595636652062,0.021193067638804592,,,11,directTS,2,19.5
student_directTS_s2,test_w32-35,ge5,near,,95262,16006,0.8621066112405786,0.7506980499723127,0.812545153393788,0.746782456578783,0.7536723883642205,0.835601813879116,0.7149194052230413,0.7605059927284253,0.037830642261042324,0.7315726280212402,0.19741595636652062,0.021193067638804592,,,11,directTS,2,19.5
student_directTS_s2,test_w32-35,ge5,far,,95262,78609,0.8621066112405786,0.7506980499723127,0.8249036973210393,0.7003014921955502,0.7607860754203299,0.820798449344586,0.6420130010558588,0.7419354368394028,0.037830642261042324,0.7315726280212402,0.19741595636652062,0.021193067638804592,,,11,directTS,2,19.5
student_direct_s2,test_w36-39,all,all,1.0612094400075187,100000,100000,0.82985,0.7284304014748921,0.81287821075,0.73916,0.7317238694000001,0.8079003119499999,0.72118,0.7145900129999999,0.06224187457084653,0.8596292734146118,0.2436308496987475,0.030698170993758694,0.054568505618870264,0.8305457830429077,11,direct,2,23.5
student_direct_s2,test_w36-39,all,near,1.0612094400075187,100000,12548,0.82985,0.7284304014748921,0.801062445409627,0.7633088938476251,0.7242806455211985,0.8234610659069175,0.7520720433535225,0.730333083359898,0.06224187457084653,0.8596292734146118,0.2436308496987475,0.030698170993758694,0.054568505618870264,0.8305457830429077,11,direct,2,23.5
student_direct_s2,test_w36-39,all,far,1.0612094400075187,100000,87452,0.82985,0.7284304014748921,0.814573589054567,0.7356950098339661,0.73279185610392,0.8056675861043772,0.7167474728994191,0.7123311275899923,0.06224187457084653,0.8596292734146118,0.2436308496987475,0.030698170993758694,0.054568505618870264,0.8305457830429077,11,direct,2,23.5
student_direct_s2,test_w36-39,ge5,all,1.0612094400075187,95184,91735,0.8398260211800302,0.7332769502994747,0.8135189691789193,0.7440235460838284,0.7397260413850205,0.8169988684820593,0.6978361585000272,0.7277982906118221,0.05850554454228193,0.8084139227867126,0.2286963729678127,0.027604641525087514,0.05153960040113736,0.7807442545890808,11,direct,2,23.5
student_direct_s2,test_w36-39,ge5,near,1.0612094400075187,95184,12085,0.8398260211800302,0.7332769502994747,0.8062818373844204,0.7589573851882498,0.7353165244114346,0.835114694650078,0.7261067438973935,0.7460704500180927,0.05850554454228193,0.8084139227867126,0.2286963729678127,0.027604641525087514,0.05153960040113736,0.7807442545890808,11,direct,2,23.5
student_direct_s2,test_w36-39,ge5,far,1.0612094400075187,95184,79650,0.8398260211800302,0.7332769502994747,0.8146170324273376,0.7417576898932832,0.7403950810915589,0.8142502211595168,0.6935467671060891,0.7250259234250703,0.05850554454228193,0.8084139227867126,0.2286963729678127,0.027604641525087514,0.05153960040113736,0.7807442545890808,11,direct,2,23.5
student_directTS_s2,test_w36-39,all,all,,100000,100000,0.82985,0.7284304014748921,0.8141331292,0.73795,0.732492407,0.8073918869500001,0.72053,0.7140380008000001,0.054568505618870264,0.8305457830429077,0.2410998455960734,0.030636325279363618,,,11,directTS,2,23.5
student_directTS_s2,test_w36-39,all,near,,100000,12548,0.82985,0.7284304014748921,0.8028848633248327,0.7604399107427479,0.7255201753267453,0.8230602964615875,0.7522314313037934,0.7298465293273828,0.054568505618870264,0.8305457830429077,0.2410998455960734,0.030636325279363618,,,11,directTS,2,23.5
student_directTS_s2,test_w36-39,all,far,,100000,87452,0.82985,0.7284304014748921,0.8157470801696931,0.7347230480720852,0.733492813657778,0.8051437142089376,0.7159813383341719,0.7117697231624205,0.054568505618870264,0.8305457830429077,0.2410998455960734,0.030636325279363618,,,11,directTS,2,23.5
student_directTS_s2,test_w36-39,ge5,all,,95184,91735,0.8398260211800302,0.7332769502994747,0.8149229663440822,0.7404916335095656,0.7406268261326268,0.8166519033402351,0.7005723006486074,0.7273481887884008,0.05153960040113736,0.7807442545890808,0.22643155506142754,0.027529529759789985,,,11,directTS,2,23.5
student_directTS_s2,test_w36-39,ge5,near,,95184,12085,0.8398260211800302,0.7332769502994747,0.8082596276911185,0.7550682664460074,0.7366960826798855,0.8348106349147731,0.727927182457592,0.7456456890186361,0.05153960040113736,0.7807442545890808,0.22643155506142754,0.027529529759789985,,,11,directTS,2,23.5
student_directTS_s2,test_w36-39,ge5,far,,95184,79650,0.8398260211800302,0.7332769502994747,0.8159339700806932,0.7382799748901444,0.7412232233030771,0.8138967461390009,0.6964218455743879,0.7245719767321247,0.05153960040113736,0.7807442545890808,0.22643155506142754,0.027529529759789985,,,11,directTS,2,23.5
student_direct_s2,test_w40-43,all,all,1.0612094400075187,100000,100000,0.82271,0.722971582154813,0.80474858615,0.75063,0.7197345923999998,0.8012872622,0.7397,0.7031171466999999,0.06893057563707233,0.9049220085144043,0.2554867357057373,0.034053170566218004,0.061168948992192745,0.8732491135597229,11,direct,2,27.5
student_direct_s2,test_w40-43,all,near,1.0612094400075187,100000,10904,0.82271,0.722971582154813,0.7933070996881878,0.7651320616287601,0.7129743846294938,0.8159431039068231,0.7665994130594277,0.7181013903154806,0.06893057563707233,0.9049220085144043,0.2554867357057373,0.034053170566218004,0.061168948992192745,0.8732491135597229,11,direct,2,27.5
student_direct_s2,test_w40-43,all,far,1.0612094400075187,100000,89096,0.82271,0.722971582154813,0.8061488506779204,0.7488551674598186,0.7205619393687707,0.7994936093090599,0.7364079195474544,0.7012833023929245,0.06893057563707233,0.9049220085144043,0.2554867357057373,0.034053170566218004,0.061168948992192745,0.8732491135597229,11,direct,2,27.5
student_direct_s2,test_w40-43,ge5,all,1.0612094400075187,95288,93977,0.8317521618671816,0.730085187549281,0.8094865045799691,0.7410855847707418,0.7292875153869056,0.8137569933966028,0.7022994988135395,0.7180302332382602,0.0666961981800389,0.8540587425231934,0.24231606971897132,0.03106930686101524,0.05960589859766932,0.8236921429634094,11,direct,2,27.5
student_direct_s2,test_w40-43,ge5,near,1.0612094400075187,95288,10557,0.8317521618671816,0.730085187549281,0.7995178153104153,0.7586435540399735,0.7237748238337434,0.8287835397468549,0.7374254049445865,0.7340374913792402,0.0666961981800389,0.8540587425231934,0.24231606971897132,0.03106930686101524,0.05960589859766932,0.8236921429634094,11,direct,2,27.5
student_direct_s2,test_w40-43,ge5,far,1.0612094400075187,95288,83420,0.8317521618671816,0.730085187549281,0.8107480659875295,0.7388635818748501,0.7299851596535891,0.8118553481098656,0.6978542315991368,0.7160044765348998,0.0666961981800389,0.8540587425231934,0.24231606971897132,0.03106930686101524,0.05960589859766932,0.8236921429634094,11,direct,2,27.5
student_directTS_s2,test_w40-43,all,all,,100000,100000,0.82271,0.722971582154813,0.80600832675,0.75129,0.7204852173,0.8007889507999999,0.74131,0.7025630372,0.061168948992192745,0.8732491135597229,0.2527752757580194,0.034010787348734424,,,11,directTS,2,27.5
student_directTS_s2,test_w40-43,all,near,,100000,10904,0.82271,0.722971582154813,0.7951654723037418,0.7619222303741746,0.7142119203961849,0.8155282653154806,0.7682501834189288,0.7175893910491563,0.061168948992192745,0.8732491135597229,0.2527752757580194,0.034010787348734424,,,11,directTS,2,27.5
student_directTS_s2,test_w40-43,all,far,,100000,89096,0.82271,0.722971582154813,0.8073353277924935,0.7499887761515669,0.7212529737586424,0.7989850821024512,0.738012929873395,0.7007240392385741,0.061168948992192745,0.8732491135597229,0.2527752757580194,0.034010787348734424,,,11,directTS,2,27.5
student_directTS_s2,test_w40-43,ge5,all,,95288,93977,0.8317521618671816,0.730085187549281,0.810923295799926,0.7385530502144142,0.7301832434885895,0.8133777259069886,0.704278706492014,0.7175675217529003,0.05960589859766932,0.8236921429634094,0.23974314814996966,0.03099969502113362,,,11,directTS,2,27.5
student_directTS_s2,test_w40-43,ge5,near,,95288,10557,0.8317521618671816,0.730085187549281,0.8015699266338062,0.7526759496068959,0.7251805571073142,0.8284521294331397,0.7381831959837075,0.7335915730086391,0.05960589859766932,0.8236921429634094,0.23974314814996966,0.03099969502113362,,,11,directTS,2,27.5
student_directTS_s2,test_w40-43,ge5,far,,95288,83420,0.8317521618671816,0.730085187549281,0.8121069869805388,0.7367657636058499,0.7308163453841436,0.8114700241804773,0.6999880124670342,0.7155396398408068,0.05960589859766932,0.8236921429634094,0.23974314814996966,0.03099969502113362,,,11,directTS,2,27.5
student_direct_s2,test_w44-47,all,all,1.0612094400075187,100000,100000,0.80193,0.690480173374218,0.7923549868499999,0.77768,0.6952438262,0.7850343565500001,0.78888,0.6803863275,0.07767816690266136,1.1541450023651123,0.2900827738254392,0.04441582268423517,0.06912365979552268,1.1105846166610718,11,direct,2,31.5
student_direct_s2,test_w44-47,all,near,1.0612094400075187,100000,10628,0.80193,0.690480173374218,0.776856132856605,0.7908355287918706,0.6855716202484005,0.8029771575084681,0.7998682724877682,0.6983103678961234,0.07767816690266136,1.1541450023651123,0.2900827738254392,0.04441582268423517,0.06912365979552268,1.1105846166610718,11,direct,2,31.5
student_direct_s2,test_w44-47,all,far,1.0612094400075187,100000,89372,0.80193,0.690480173374218,0.7941980900617642,0.7761155619209595,0.6963940321353446,0.7829006223985141,0.7875732891733429,0.6782548243297677,0.07767816690266136,1.1541450023651123,0.2900827738254392,0.04441582268423517,0.06912365979552268,1.1105846166610718,11,direct,2,31.5
student_direct_s2,test_w44-47,ge5,all,1.0612094400075187,94936,92436,0.8106829864329653,0.6976789788163931,0.7946268590631171,0.7733134276688736,0.7035403121530261,0.794787895054274,0.767958371197369,0.6935386380566051,0.0750992906375529,1.1010440587997437,0.27663688690604,0.04038472530119265,0.06724796101172784,1.0589033365249634,11,direct,2,31.5
student_direct_s2,test_w44-47,ge5,near,1.0612094400075187,94936,10310,0.8106829864329653,0.6976789788163931,0.7821901867096824,0.78545101842871,0.6962367327027481,0.816458730541386,0.7832201745877788,0.7148439671686115,0.0750992906375529,1.1010440587997437,0.27663688690604,0.04038472530119265,0.06724796101172784,1.0589033365249634,11,direct,2,31.5
student_direct_s2,test_w44-47,ge5,far,1.0612094400075187,94936,82126,0.8106829864329653,0.6976789788163931,0.7961881440637737,0.7717896890144412,0.7044571947983804,0.7920673642373327,0.7660424226189027,0.690863992473662,0.0750992906375529,1.1010440587997437,0.27663688690604,0.04038472530119265,0.06724796101172784,1.0589033365249634,11,direct,2,31.5
student_directTS_s2,test_w44-47,all,all,,100000,100000,0.80193,0.690480173374218,0.79367494965,0.77572,0.6960741088000001,0.78445781145,0.79094,0.6798480010999999,0.06912365979552268,1.1105846166610718,0.2871303410742394,0.04432069928181084,,,11,directTS,2,31.5
student_directTS_s2,test_w44-47,all,near,,100000,10628,0.80193,0.690480173374218,0.7787910208882198,0.7885773428678962,0.6869189301844185,0.8025447158449379,0.8023146405720738,0.6978491607075649,0.06912365979552268,1.1105846166610718,0.2871303410742394,0.04432069928181084,,,11,directTS,2,31.5
student_directTS_s2,test_w44-47,all,far,,100000,89372,0.80193,0.690480173374218,0.7954449267667726,0.7741910217965359,0.6971628305285773,0.7823069407084994,0.7895873427919259,0.6777073270151724,0.06912365979552268,1.1105846166610718,0.2871303410742394,0.04432069928181084,,,11,directTS,2,31.5
student_directTS_s2,test_w44-47,ge5,all,,94936,92436,0.8106829864329653,0.6976789788163931,0.7961431529254909,0.7745034402180968,0.7045143071402653,0.7943287941916995,0.7699273010515384,0.6930867826467481,0.06724796101172784,1.0589033365249634,0.27381008843039867,0.04026519335103784,,,11,directTS,2,31.5
student_directTS_s2,test_w44-47,ge5,near,,94936,10310,0.8106829864329653,0.6976789788163931,0.7843978335458541,0.7827352085354026,0.6977716408591602,0.8161190520141723,0.78545101842871,0.7144537538056166,0.06724796101172784,1.0589033365249634,0.27381008843039867,0.04026519335103784,,,11,directTS,2,31.5
student_directTS_s2,test_w44-47,ge5,far,,94936,82126,0.8106829864329653,0.6976789788163931,0.7976176462991369,0.773470033850425,0.7053607734159659,0.7915932712373406,0.7679784721038404,0.6904043985948287,0.06724796101172784,1.0589033365249634,0.27381008843039867,0.04026519335103784,,,11,directTS,2,31.5
student_direct_s2,test_w48-51,all,all,1.0612094400075187,100000,100000,0.79727,0.685231160455703,0.79917124445,0.77067,0.6961384971000001,0.7888809474,0.78989,0.6806728296,0.08488009103685615,1.2455414533615112,0.3009880551378996,0.04720014723558963,0.07639217918634414,1.1990830898284912,11,direct,2,35.333333333333336
student_direct_s2,test_w48-51,all,near,1.0612094400075187,100000,10972,0.79727,0.685231160455703,0.7741958827014218,0.7786183011301495,0.6787180577834488,0.7990840234232591,0.8092417061611374,0.6922278773240977,0.08488009103685615,1.2455414533615112,0.3009880551378996,0.04720014723558963,0.07639217918634414,1.1990830898284912,11,direct,2,35.333333333333336
student_direct_s2,test_w48-51,all,far,1.0612094400075187,100000,89028,0.79727,0.685231160455703,0.8022492611313294,0.7696904344700544,0.698285429078492,0.7876234986184122,0.7875050545895673,0.6792487609516107,0.08488009103685615,1.2455414533615112,0.3009880551378996,0.04720014723558963,0.07639217918634414,1.1990830898284912,11,direct,2,35.333333333333336
student_direct_s2,test_w48-51,ge5,all,1.0612094400075187,94668,93780,0.8072104618244813,0.6927918963632405,0.8028021742469037,0.7657496267860951,0.7076507220623163,0.8011843679776418,0.7714651311580294,0.6973201208956326,0.08091453689674627,1.173308253288269,0.28359878913593706,0.04168907027752499,0.07314210838755156,1.1295346021652222,11,direct,2,35.333333333333336
student_direct_s2,test_w48-51,ge5,near,1.0612094400075187,94668,10675,0.8072104618244813,0.6927918963632405,0.779992633444784,0.7689929742388759,0.6916037864954702,0.8132478923755635,0.794192037470726,0.7107609088990302,0.08091453689674627,1.173308253288269,0.28359878913593706,0.04168907027752499,0.07314210838755156,1.1295346021652222,11,direct,2,35.333333333333336
student_direct_s2,test_w48-51,ge5,far,1.0612094400075187,94668,83105,0.8072104618244813,0.6927918963632405,0.8057321044323634,0.7653330124541243,0.7097119823616495,0.7996347846439338,0.7685458155345647,0.695593625354615,0.08091453689674627,1.173308253288269,0.28359878913593706,0.04168907027752499,0.07314210838755156,1.1295346021652222,11,direct,2,35.333333333333336
student_directTS_s2,test_w48-51,all,all,,100000,100000,0.79727,0.685231160455703,0.80042562235,0.76914,0.6969101127,0.78826006115,0.7912,0.6801387748000001,0.07639217918634414,1.1990830898284912,0.297790337831931,0.047087464059363336,,,11,directTS,2,35.333333333333336
student_directTS_s2,test_w48-51,all,near,,100000,10972,0.79727,0.685231160455703,0.7760185472110828,0.775154939846883,0.6799727688662048,0.7986548714910682,0.8117025154939846,0.6918180997083485,0.07639217918634414,1.1990830898284912,0.297790337831931,0.047087464059363336,,,11,directTS,2,35.333333333333336
student_directTS_s2,test_w48-51,all,far,,100000,89028,0.79727,0.685231160455703,0.8034336021813362,0.7683987060250708,0.6989975069641012,0.7869789826234443,0.7886732264006829,0.6786993899672014,0.07639217918634414,1.1990830898284912,0.297790337831931,0.047087464059363336,,,11,directTS,2,35.333333333333336
student_directTS_s2,test_w48-51,ge5,all,,94668,93780,0.8072104618244813,0.6927918963632405,0.8043221152400484,0.7662401364896566,0.7085980744073759,0.8006957355060726,0.773021966304116,0.6968759193266657,0.07314210838755156,1.1295346021652222,0.28053810035897203,0.04156424026617226,,,11,directTS,2,35.333333333333336
student_directTS_s2,test_w48-51,ge5,near,,94668,10675,0.8072104618244813,0.6927918963632405,0.7821055513714934,0.7679625292740047,0.6930585903612467,0.8129228872225865,0.7953161592505855,0.7104227944541599,0.07314210838755156,1.1295346021652222,0.28053810035897203,0.04156424026617226,,,11,directTS,2,35.333333333333336
student_directTS_s2,test_w48-51,ge5,far,,94668,83105,0.8072104618244813,0.6927918963632405,0.8071758763771257,0.7660188917634319,0.710594151565097,0.7991251339228491,0.7701582335599543,0.6951357966868006,0.07314210838755156,1.1295346021652222,0.28053810035897203,0.04156424026617226,,,11,directTS,2,35.333333333333336
student_ls_s2,val,all,all,0.7360782519197531,200000,53779,0.9358,0.9047916987895109,0.8647437015377749,0.6273824355231596,0.8389362043734544,0.8454403160620316,0.635694230089812,0.8155858958887298,0.06131634298536928,0.2846074104309082,0.09800560722944608,0.005395116470241125,0.006252146674245636,0.23949436843395233,11,ls,2,1.0
student_ls_s2,val,all,near,0.7360782519197531,200000,10959,0.9358,0.9047916987895109,0.8536037521671684,0.671229126745141,0.8301052231042978,0.8057121311251026,0.7459622228305502,0.7808624349849439,0.06131634298536928,0.2846074104309082,0.09800560722944608,0.005395116470241125,0.006252146674245636,0.23949436843395233,11,ls,2,1.0
student_ls_s2,val,all,far,0.7360782519197531,200000,42820,0.9358,0.9047916987895109,0.8675947689163941,0.6161606725829052,0.8411963333722559,0.8556080222442783,0.6074731433909388,0.8244727340028024,0.06131634298536928,0.2846074104309082,0.09800560722944608,0.005395116470241125,0.006252146674245636,0.23949436843395233,11,ls,2,1.0
student_ls_s2,val,ge5,all,0.7360782519197531,191366,52270,0.9452462819936666,0.9159486574389195,0.8728169020654564,0.5905873349913908,0.8506933706330726,0.8537088895956803,0.5979911995408456,0.8277482183057034,0.06166165144977506,0.24817509949207306,0.08521713708569564,0.004262597583324467,0.004508712891065591,0.20064915716648102,11,ls,2,1.0
student_ls_s2,val,ge5,near,0.7360782519197531,191366,10483,0.9452462819936666,0.9159486574389195,0.8614907535309718,0.6333110750739293,0.8413199341869135,0.8163523841055134,0.7131546313078317,0.794422220519385,0.06166165144977506,0.24817509949207306,0.08521713708569564,0.004262597583324467,0.004508712891065591,0.20064915716648102,11,ls,2,1.0
student_ls_s2,val,ge5,far,0.7360782519197531,191366,41787,0.9452462819936666,0.9159486574389195,0.8756582645726237,0.5798693373537225,0.8530448611508195,0.8630804225378255,0.569100437935243,0.8361086278779146,0.06166165144977506,0.24817509949207306,0.08521713708569564,0.004262597583324467,0.004508712891065591,0.20064915716648102,11,ls,2,1.0
student_ls_s2,test_w16-19,all,all,0.7360782519197531,100000,100000,0.92663,0.8920187009523128,0.8774065006999999,0.56082,0.8428861297,0.8644410794999999,0.57954,0.8260486080000001,0.062033876648657026,0.3197850286960602,0.1114146664983534,0.007497617720410052,0.005730035850256711,0.27658143639564514,11,ls,2,3.5
student_ls_s2,test_w16-19,all,near,0.7360782519197531,100000,11980,0.92663,0.8920187009523128,0.8331189745409016,0.6010016694490818,0.801836878130217,0.8219031235392321,0.6203672787979967,0.786623072621035,0.062033876648657026,0.3197850286960602,0.1114146664983534,0.007497617720410052,0.005730035850256711,0.27658143639564514,11,ls,2,3.5
student_ls_s2,test_w16-19,all,far,0.7360782519197531,100000,88020,0.92663,0.8920187009523128,0.8834342735173824,0.5553510565780504,0.8484731557600546,0.8702307263122018,0.5739831856396274,0.8314146374687572,0.062033876648657026,0.3197850286960602,0.1114146664983534,0.007497617720410052,0.005730035850256711,0.27658143639564514,11,ls,2,3.5
student_ls_s2,test_w16-19,ge5,all,0.7360782519197531,96085,89545,0.9348909819430712,0.8995241492261217,0.8776108051978204,0.5475905969065833,0.847946989860475,0.8672937431308473,0.5618739181417165,0.8334551929957437,0.06280968288519834,0.28940367698669434,0.10023547149448321,0.006309783040392113,0.0044349809281659025,0.24389025568962097,11,ls,2,3.5
student_ls_s2,test_w16-19,ge5,near,0.7360782519197531,96085,11402,0.9348909819430712,0.8995241492261217,0.834884396733411,0.5851604981582178,0.807857227177922,0.8236770471702644,0.6079635151727767,0.7927688848263945,0.06280968288519834,0.28940367698669434,0.10023547149448321,0.006309783040392113,0.0044349809281659025,0.24389025568962097,11,ls,2,3.5
student_ls_s2,test_w16-19,ge5,far,0.7360782519197531,96085,78143,0.9348909819430712,0.8995241492261217,0.8838451001354501,0.5421086981559449,0.8537965665865604,0.873657941681486,0.5551488936948927,0.8393918128560884,0.06280968288519834,0.28940367698669434,0.10023547149448321,0.006309783040392113,0.0044349809281659025,0.24389025568962097,11,ls,2,3.5
student_ls_s2,test_w20-23,all,all,0.7360782519197531,100000,100000,0.91199,0.8662717742048764,0.8668319019999999,0.58723,0.8237337681000001,0.8599390632499999,0.57082,0.8113662611000001,0.06439291725561026,0.37912458181381226,0.1333727041916424,0.010473319340833112,0.007248972837626923,0.33684948086738586,11,ls,2,7.5
student_ls_s2,test_w20-23,all,near,0.7360782519197531,100000,13417,0.91199,0.8662717742048764,0.8159423857792354,0.6296489528210479,0.7775498688231349,0.8130211764925095,0.6198852202429753,0.7689270492658566,0.06439291725561026,0.37912458181381226,0.1333727041916424,0.010473319340833112,0.007248972837626923,0.33684948086738586,11,ls,2,7.5
student_ls_s2,test_w20-23,all,far,0.7360782519197531,100000,86583,0.91199,0.8662717742048764,0.8747177992215562,0.5806567109016781,0.8308904775764296,0.8672095122599124,0.5632167977547555,0.8179426895579964,0.06439291725561026,0.37912458181381226,0.1333727041916424,0.010473319340833112,0.007248972837626923,0.33684948086738586,11,ls,2,7.5
student_ls_s2,test_w20-23,ge5,all,0.7360782519197531,95941,89776,0.9205344951584828,0.8737714727655083,0.8664271687385525,0.5872282124398502,0.8286913162000177,0.8622961743069011,0.5651621814293353,0.8187147965764643,0.06551703812050849,0.3505082130432129,0.12248867332737144,0.009016108563199106,0.00460035662705809,0.30636873841285706,11,ls,2,7.5
student_ls_s2,test_w20-23,ge5,near,0.7360782519197531,95941,12762,0.9205344951584828,0.8737714727655083,0.8172291921803054,0.6216893903776838,0.7833870912159697,0.8144035925340098,0.6133051245886225,0.7750933081831013,0.06551703812050849,0.3505082130432129,0.12248867332737144,0.009016108563199106,0.00460035662705809,0.30636873841285706,11,ls,2,7.5
student_ls_s2,test_w20-23,ge5,far,0.7360782519197531,95941,77014,0.9205344951584828,0.8737714727655083,0.8745797718605348,0.5815176461422599,0.8361986852400157,0.8702324602884841,0.5571844080297089,0.8259433191162113,0.06551703812050849,0.3505082130432129,0.12248867332737144,0.009016108563199106,0.00460035662705809,0.30636873841285706,11,ls,2,7.5
student_ls_s2,test_w24-27,all,all,0.7360782519197531,100000,100000,0.90291,0.8355376966788708,0.8482910773,0.62654,0.8021066097000001,0.8372326101,0.61747,0.7857174279,0.0687684632875025,0.43038639426231384,0.1482704603681459,0.012416124769444275,0.00935037785813212,0.38851213455200195,11,ls,2,11.5
student_ls_s2,test_w24-27,all,near,0.7360782519197531,100000,12494,0.90291,0.8355376966788708,0.8047323015047222,0.6863294381303026,0.7638361293420841,0.800606158556107,0.6964943172722907,0.7539178365615495,0.0687684632875025,0.43038639426231384,0.1482704603681459,0.012416124769444275,0.00935037785813212,0.38851213455200195,11,ls,2,11.5
student_ls_s2,test_w24-27,all,far,0.7360782519197531,100000,87506,0.90291,0.8355376966788708,0.8545103462048317,0.6180033369140402,0.8075708222293327,0.8424620901995292,0.6061870043197037,0.7902577347839005,0.0687684632875025,0.43038639426231384,0.1482704603681459,0.012416124769444275,0.00935037785813212,0.38851213455200195,11,ls,2,11.5
student_ls_s2,test_w24-27,ge5,all,0.7360782519197531,96204,89771,0.9099725583135836,0.8409655568983304,0.8453028482279903,0.6390148266143855,0.804326571228499,0.8376885949570053,0.6259593855476713,0.7907882195567288,0.07009140799986598,0.40097835659980774,0.13860258622287872,0.010964885326817416,0.00777867620791584,0.35504987835884094,11,ls,2,11.5
student_ls_s2,test_w24-27,ge5,near,0.7360782519197531,96204,11977,0.9099725583135836,0.8409655568983304,0.8054956106240062,0.684979544126242,0.768692589829924,0.8023666525240692,0.6918259998330133,0.7597145174447301,0.07009140799986598,0.40097835659980774,0.13860258622287872,0.010964885326817416,0.00777867620791584,0.35504987835884094,11,ls,2,11.5
student_ls_s2,test_w24-27,ge5,far,0.7360782519197531,96204,77794,0.9099725583135836,0.8409655568983304,0.8514314864877907,0.631938195747744,0.8098127037735636,0.8431266866417018,0.6158187006710029,0.7955722611305702,0.07009140799986598,0.40097835659980774,0.13860258622287872,0.010964885326817416,0.00777867620791584,0.35504987835884094,11,ls,2,11.5
student_ls_s2,test_w28-31,all,all,0.7360782519197531,100000,100000,0.87781,0.7735558725079934,0.8257423042,0.68758,0.7681926000000001,0.8183497768,0.65645,0.7547661209000002,0.06846216493472455,0.5436086058616638,0.18233267342938791,0.018607151582859468,0.01766238423705097,0.5106998682022095,11,ls,2,15.5
student_ls_s2,test_w28-31,all,near,0.7360782519197531,100000,15990,0.87781,0.7735558725079934,0.7964403586616635,0.706066291432145,0.7428692163852408,0.7980496876172608,0.7069418386491557,0.7387120844277673,0.06846216493472455,0.5436086058616638,0.18233267342938791,0.018607151582859468,0.01766238423705097,0.5106998682022095,11,ls,2,15.5
student_ls_s2,test_w28-31,all,far,0.7360782519197531,100000,84010,0.87781,0.7735558725079934,0.8313194748839424,0.6840614212593739,0.7730125131531962,0.8222135837995477,0.6468396619450065,0.757821757647899,0.06846216493472455,0.5436086058616638,0.18233267342938791,0.018607151582859468,0.01766238423705097,0.5106998682022095,11,ls,2,15.5
student_ls_s2,test_w28-31,ge5,all,0.7360782519197531,95576,94669,0.8847304762701933,0.7784406394153786,0.8275706579775004,0.6811099726415194,0.7742949373196074,0.8226424304317913,0.6500860894273732,0.7629199952780634,0.07081678031819867,0.5093234777450562,0.17272166233834768,0.016788588220941376,0.014773665721628549,0.4696412682533264,11,ls,2,15.5
student_ls_s2,test_w28-31,ge5,near,0.7360782519197531,95576,15420,0.8847304762701933,0.7784406394153786,0.7968610254086982,0.7071984435797666,0.7478166077651436,0.8008175778815363,0.7014267185473411,0.7454409191015181,0.07081678031819867,0.5093234777450562,0.17272166233834768,0.016788588220941376,0.014773665721628549,0.4696412682533264,11,ls,2,15.5
student_ls_s2,test_w28-31,ge5,far,0.7360782519197531,95576,79249,0.8847304762701933,0.7784406394153786,0.8335460334927869,0.6760337669875961,0.779447000332766,0.8268890357684509,0.6400964050019559,0.7663210142769447,0.07081678031819867,0.5093234777450562,0.17272166233834768,0.016788588220941376,0.014773665721628549,0.4696412682533264,11,ls,2,15.5
student_ls_s2,test_w32-35,all,all,0.7360782519197531,100000,100000,0.84829,0.7270091745996856,0.80710948865,0.73162,0.7337319418,0.79956135585,0.68051,0.7188903061,0.05888843762479723,0.6655234098434448,0.2220124388961129,0.02795786213099698,0.032019925086498244,0.6535494327545166,11,ls,2,19.5
student_ls_s2,test_w32-35,all,near,0.7360782519197531,100000,16559,0.84829,0.7270091745996856,0.7747204810073072,0.7395978017996255,0.7056037556615737,0.7810789178090464,0.6964792559937194,0.7036115707470257,0.05888843762479723,0.6655234098434448,0.2220124388961129,0.02795786213099698,0.032019925086498244,0.6535494327545166,11,ls,2,19.5
student_ls_s2,test_w32-35,all,far,0.7360782519197531,100000,83441,0.84829,0.7270091745996856,0.8135371390563393,0.7300367924641363,0.7393140253592358,0.8032292252609629,0.6773408755887393,0.7219223955849043,0.05888843762479723,0.6655234098434448,0.2220124388961129,0.02795786213099698,0.032019925086498244,0.6535494327545166,11,ls,2,19.5
student_ls_s2,test_w32-35,ge5,all,0.7360782519197531,95262,94615,0.8562280867502257,0.7313347286366283,0.8079309905954715,0.7277175923479364,0.7401901898451846,0.8029447844151019,0.6801986999947154,0.7274841232469421,0.0632743681188053,0.6247714161872864,0.21070105972901904,0.025291264328800855,0.025943714433229084,0.602199912071228,11,ls,2,19.5
student_ls_s2,test_w32-35,ge5,near,0.7360782519197531,95262,16006,0.8562280867502257,0.7313347286366283,0.7744438614513279,0.7435961514432088,0.7110980895076107,0.7832653756499897,0.6963638635511683,0.7110477098937409,0.0632743681188053,0.6247714161872864,0.21070105972901904,0.025291264328800855,0.025943714433229084,0.602199912071228,11,ls,2,19.5
student_ls_s2,test_w32-35,ge5,far,0.7360782519197531,95262,78609,0.8562280867502257,0.7313347286366283,0.8147494845221358,0.7244844737879886,0.7461137883899214,0.8069518143568948,0.6769072243636225,0.7308308295036219,0.0632743681188053,0.6247714161872864,0.21070105972901904,0.025291264328800855,0.025943714433229084,0.602199912071228,11,ls,2,19.5
student_ls_s2,test_w36-39,all,all,0.7360782519197531,100000,100000,0.82436,0.7040227379282081,0.8106681088500001,0.73135,0.7197959545,0.79398547005,0.69265,0.6994622124,0.04738851124189793,0.7449910640716553,0.2495091788079395,0.03581363508919921,0.04864311272710561,0.7477040886878967,11,ls,2,23.5
student_ls_s2,test_w36-39,all,near,0.7360782519197531,100000,12548,0.82436,0.7040227379282081,0.7866115616034428,0.7234619062798853,0.6990897808415684,0.7945995891775582,0.7014663691424928,0.6987986882371693,0.04738851124189793,0.7449910640716553,0.2495091788079395,0.03581363508919921,0.04864311272710561,0.7477040886878967,11,ls,2,23.5
student_ls_s2,test_w36-39,all,far,0.7360782519197531,100000,87452,0.82436,0.7040227379282081,0.8141198487170105,0.7324818185976307,0.7227669679366967,0.793897353519645,0.6913849883364589,0.6995574177834697,0.04738851124189793,0.7449910640716553,0.2495091788079395,0.03581363508919921,0.04864311272710561,0.7477040886878967,11,ls,2,23.5
student_ls_s2,test_w36-39,ge5,all,0.7360782519197531,95184,91735,0.8345310136157338,0.7091097571374281,0.8095559906985582,0.7256554205047147,0.7265021306997452,0.7981988601460006,0.6905652150215295,0.7103233439340588,0.05384650749258807,0.7021521925926208,0.2357829494954973,0.03227373006365771,0.040652457767213664,0.6936434507369995,11,ls,2,23.5
student_ls_s2,test_w36-39,ge5,near,0.7360782519197531,95184,12085,0.8345310136157338,0.7091097571374281,0.7854903362312939,0.7295821266032272,0.7058050212073622,0.7956579614838108,0.7007860984691766,0.7073083455962358,0.05384650749258807,0.7021521925926208,0.2357829494954973,0.03227373006365771,0.040652457767213664,0.6936434507369995,11,ls,2,23.5
student_ls_s2,test_w36-39,ge5,far,0.7360782519197531,95184,79650,0.8345310136157338,0.7091097571374281,0.8132073834698937,0.7250596359070935,0.7296424265969889,0.7985843813052292,0.6890144381669805,0.7107807984841227,0.05384650749258807,0.7021521925926208,0.2357829494954973,0.03227373006365771,0.040652457767213664,0.6936434507369995,11,ls,2,23.5
student_ls_s2,test_w40-43,all,all,0.7360782519197531,100000,100000,0.81892,0.7020485881489511,0.8019377230499999,0.75268,0.7095057702,0.78269350115,0.71404,0.6863283841000001,0.04324153593305497,0.7785395979881287,0.2574632855317017,0.03801805628410604,0.05229852625474332,0.7907116413116455,11,ls,2,27.5
student_ls_s2,test_w40-43,all,near,0.7360782519197531,100000,10904,0.81892,0.7020485881489511,0.7730243988444607,0.7460564930300807,0.684614360785033,0.7768346987344094,0.7298239178283199,0.6806810445707997,0.04324153593305497,0.7785395979881287,0.2574632855317017,0.03801805628410604,0.05229852625474332,0.7907116413116455,11,ls,2,27.5
student_ls_s2,test_w40-43,all,far,0.7360782519197531,100000,89096,0.81892,0.7020485881489511,0.8054762757026129,0.7534906168627099,0.7125521014411421,0.783410529765646,0.712108287689683,0.6870195328634282,0.04324153593305497,0.7785395979881287,0.2574632855317017,0.03801805628410604,0.05229852625474332,0.7907116413116455,11,ls,2,27.5
student_ls_s2,test_w40-43,ge5,all,0.7360782519197531,95288,93977,0.8280790865586433,0.7078084967832418,0.8045448407450619,0.7410749438692446,0.7177782839206517,0.789873837897039,0.7004586228545282,0.6983184987886208,0.048161590925952874,0.7361514568328857,0.2449658921262892,0.034723603522787146,0.0458109069566499,0.7379050850868225,11,ls,2,27.5
student_ls_s2,test_w40-43,ge5,near,0.7360782519197531,95288,10557,0.8280790865586433,0.7078084967832418,0.7728548409147389,0.7428246660983234,0.6908813571117549,0.7793602808138765,0.7223643080420574,0.6891802051791925,0.048161590925952874,0.7361514568328857,0.2449658921262892,0.034723603522787146,0.0458109069566499,0.7379050850868225,11,ls,2,27.5
student_ls_s2,test_w40-43,ge5,far,0.7360782519197531,95288,83420,0.8280790865586433,0.7078084967832418,0.8085552858206878,0.7408535123471589,0.7211821541714492,0.7912043536262041,0.6976864061376169,0.6994749716444675,0.048161590925952874,0.7361514568328857,0.2449658921262892,0.034723603522787146,0.0458109069566499,0.7379050850868225,11,ls,2,27.5
student_ls_s2,test_w44-47,all,all,0.7360782519197531,100000,100000,0.79626,0.673199686171101,0.7861356160999999,0.80036,0.6838745891999999,0.76910422485,0.76265,0.6633301226,0.0387392097746581,0.9243189692497253,0.2900455805004099,0.04873506239644865,0.06209234084062282,0.9652556777000427,11,ls,2,31.5
student_ls_s2,test_w44-47,all,near,0.7360782519197531,100000,10628,0.79626,0.673199686171101,0.7523972553631916,0.7969514490026346,0.6562373466315393,0.7597018230146783,0.7991155438464433,0.6564346772675951,0.0387392097746581,0.9243189692497253,0.2900455805004099,0.04873506239644865,0.06209234084062282,0.9652556777000427,11,ls,2,31.5
student_ls_s2,test_w44-47,all,far,0.7360782519197531,100000,89372,0.79626,0.673199686171101,0.7901477373226514,0.8007653403750615,0.6871611735219084,0.7702223460367902,0.7583135657700398,0.6641501198361903,0.0387392097746581,0.9243189692497253,0.2900455805004099,0.04873506239644865,0.06209234084062282,0.9652556777000427,11,ls,2,31.5
student_ls_s2,test_w44-47,ge5,all,0.7360782519197531,94936,92436,0.8051002780820763,0.6796775344152906,0.7887849132399288,0.7899952399498031,0.6918075210935438,0.7737248235226623,0.7600285603011814,0.6733241211400375,0.04407191263695262,0.878154993057251,0.27762441669236704,0.044476090422331756,0.055333708758022015,0.9066651463508606,11,ls,2,31.5
student_ls_s2,test_w44-47,ge5,near,0.7360782519197531,94936,10310,0.8051002780820763,0.6796775344152906,0.7519474649193449,0.7990300678952473,0.6622832303504154,0.7616653777966056,0.7964112512124152,0.6645154646834619,0.04407191263695262,0.878154993057251,0.27762441669236704,0.044476090422331756,0.055333708758022015,0.9066651463508606,11,ls,2,31.5
student_ls_s2,test_w44-47,ge5,far,0.7360782519197531,94936,82126,0.8051002780820763,0.6796775344152906,0.7934094425264548,0.7888610184350876,0.6955139653080635,0.7752387519428416,0.7554611207169472,0.6744299493560385,0.04407191263695262,0.878154993057251,0.27762441669236704,0.044476090422331756,0.055333708758022015,0.9066651463508606,11,ls,2,31.5
student_ls_s2,test_w48-51,all,all,0.7360782519197531,100000,100000,0.78644,0.669115214769137,0.784821687,0.80034,0.6764147028999999,0.76803129385,0.76262,0.6558521031,0.03517667565152051,0.9803586006164551,0.3039930924363101,0.05329731425034963,0.06751542072534558,1.0332027673721313,11,ls,2,35.333333333333336
student_ls_s2,test_w48-51,all,near,0.7360782519197531,100000,10972,0.78644,0.669115214769137,0.738940700419249,0.7949325555960627,0.6399816678818813,0.7478653800583304,0.8044112285818447,0.6403200391906673,0.03517667565152051,0.9803586006164551,0.3039930924363101,0.05329731425034963,0.06751542072534558,1.0332027673721313,11,ls,2,35.333333333333336
student_ls_s2,test_w48-51,all,far,0.7360782519197531,100000,89028,0.78644,0.669115214769137,0.7904761573325245,0.8010064249449611,0.6809047875949141,0.7705165839398842,0.7574695601383834,0.6577663076784832,0.03517667565152051,0.9803586006164551,0.3039930924363101,0.05329731425034963,0.06751542072534558,1.0332027673721313,11,ls,2,35.333333333333336
student_ls_s2,test_w48-51,ge5,all,0.7360782519197531,94668,93780,0.7963937127646089,0.6754662778027369,0.7861569418277412,0.7949989336745574,0.6853779107695158,0.7726789404545797,0.7628278950735764,0.6675385992508931,0.043050965865856036,0.9190769195556641,0.2884725204549036,0.04723973854010255,0.05926231704137598,0.9533737301826477,11,ls,2,35.333333333333336
student_ls_s2,test_w48-51,ge5,near,0.7360782519197531,94668,10675,0.7963937127646089,0.6754662778027369,0.7383111005759163,0.7995316159250585,0.6474489167566891,0.7497966535880503,0.8014051522248243,0.6497099410843803,0.043050965865856036,0.9190769195556641,0.2884725204549036,0.04723973854010255,0.05926231704137598,0.9533737301826477,11,ls,2,35.333333333333336
student_ls_s2,test_w48-51,ge5,far,0.7360782519197531,94668,83105,0.7963937127646089,0.6754662778027369,0.7923028338362031,0.7944167017628302,0.6902499643293126,0.7756182150144763,0.7578725708441129,0.6698287253074183,0.043050965865856036,0.9190769195556641,0.2884725204549036,0.04723973854010255,0.05926231704137598,0.9533737301826477,11,ls,2,35.333333333333336
student_kdA_s2,val,all,all,1.07733535711785,200000,53779,0.94115,0.9136701822007385,0.8528717959612487,0.7101470834340542,0.8343560270737648,0.8140343983711115,0.7396753379571952,0.7912085179159151,0.003046977805942276,0.21256890892982483,0.08405977358878564,0.00405191407107993,0.006459892262555696,0.21178936958312988,11,kdA,2,1.0
student_kdA_s2,val,all,near,1.07733535711785,200000,10959,0.94115,0.9136701822007385,0.8419309079295556,0.6942239255406515,0.8227432347841956,0.7324990286522493,0.751163427320011,0.7126952158043618,0.003046977805942276,0.21256890892982483,0.08405977358878564,0.00405191407107993,0.006459892262555696,0.21178936958312988,11,kdA,2,1.0
student_kdA_s2,val,all,far,1.07733535711785,200000,42820,0.94115,0.9136701822007385,0.8556719172115833,0.7142223260158804,0.8373281099953293,0.8349018929238674,0.7367351704810836,0.8113025692433443,0.003046977805942276,0.21256890892982483,0.08405977358878564,0.00405191407107993,0.006459892262555696,0.21178936958312988,11,kdA,2,1.0
student_kdA_s2,val,ge5,all,1.07733535711785,191366,52270,0.9502001400457761,0.9246517310636215,0.8649089271171464,0.6719724507365602,0.8487940675006613,0.8296398412124057,0.6904534149607806,0.8091067035432937,0.00275537776786989,0.17628294229507446,0.07173104495752987,0.0030780933354566924,0.005776076979506343,0.1756933182477951,11,kdA,2,1.0
student_kdA_s2,val,ge5,near,1.07733535711785,191366,10483,0.9502001400457761,0.9246517310636215,0.85105671975564,0.6598302012782601,0.8345481211060735,0.7443385225703493,0.7096251073166079,0.7264924710662675,0.00275537776786989,0.17628294229507446,0.07173104495752987,0.0030780933354566924,0.005776076979506343,0.1756933182477951,11,kdA,2,1.0
student_kdA_s2,val,ge5,far,1.07733535711785,191366,41787,0.9502001400457761,0.9246517310636215,0.8683839956736513,0.6750185464378874,0.8523679123819512,0.8510391693126445,0.6856438605307871,0.8298319290693343,0.00275537776786989,0.17628294229507446,0.07173104495752987,0.0030780933354566924,0.005776076979506343,0.1756933182477951,11,kdA,2,1.0
student_kdA_s2,test_w16-19,all,all,1.07733535711785,100000,100000,0.93157,0.8984883611094471,0.8754369337,0.62134,0.8470360342999999,0.8485686804499999,0.61047,0.8141100063000001,0.005214276834949855,0.2756413519382477,0.09790811151004106,0.005553021066849003,0.005311144708693043,0.27116626501083374,11,kdA,2,3.5
student_kdA_s2,test_w16-19,all,near,1.07733535711785,100000,11980,0.93157,0.8984883611094471,0.8579237341402337,0.675542570951586,0.8325777120200334,0.8614832141068447,0.6500834724540901,0.827882367278798,0.005214276834949855,0.2756413519382477,0.09790811151004106,0.005553021066849003,0.005311144708693043,0.27116626501083374,11,kdA,2,3.5
student_kdA_s2,test_w16-19,all,far,1.07733535711785,100000,88020,0.93157,0.8984883611094471,0.8778205752669848,0.6139627357418769,0.8490038904794365,0.8468109422858441,0.6050783912747103,0.8122355131788231,0.005214276834949855,0.2756413519382477,0.09790811151004106,0.005553021066849003,0.005311144708693043,0.27116626501083374,11,kdA,2,3.5
student_kdA_s2,test_w16-19,ge5,all,1.07733535711785,96085,89545,0.9396055575792267,0.9062444013561111,0.8774284264757308,0.6228823496565973,0.853425183748779,0.8531115271308839,0.5829582891283712,0.822397668196172,0.0045113400319597066,0.24535593390464783,0.08698592256387996,0.00451468900297348,0.00477510010618605,0.2410431206226349,11,kdA,2,3.5
student_kdA_s2,test_w16-19,ge5,near,1.07733535711785,96085,11402,0.9396055575792267,0.9062444013561111,0.8650156590526112,0.6624276442729345,0.8428546002593356,0.8716757280654626,0.5939308893176636,0.8412156027764291,0.0045113400319597066,0.24535593390464783,0.08698592256387996,0.00451468900297348,0.00477510010618605,0.2410431206226349,11,kdA,2,3.5
student_kdA_s2,test_w16-19,ge5,far,1.07733535711785,96085,78143,0.9396055575792267,0.9062444013561111,0.8792395979710459,0.6171122173451237,0.8549675585353449,0.8504027877805126,0.5813572552883816,0.8196519060666901,0.0045113400319597066,0.24535593390464783,0.08698592256387996,0.00451468900297348,0.00477510010618605,0.2410431206226349,11,kdA,2,3.5
student_kdA_s2,test_w20-23,all,all,1.07733535711785,100000,100000,0.91979,0.8748744652934252,0.8686696164000001,0.63727,0.8335907645,0.8526010341000001,0.59263,0.8084554655,0.011380242034196823,0.35425278544425964,0.11549987719085755,0.007657741193746479,0.0048020735111832654,0.34531450271606445,11,kdA,2,7.5
student_kdA_s2,test_w20-23,all,near,1.07733535711785,100000,13417,0.91979,0.8748744652934252,0.8435395967802042,0.6924796899455914,0.812396225683834,0.8668653681896101,0.6461951255869419,0.8236947685771783,0.011380242034196823,0.35425278544425964,0.11549987719085755,0.007657741193746479,0.0048020735111832654,0.34531450271606445,11,kdA,2,7.5
student_kdA_s2,test_w20-23,all,far,1.07733535711785,100000,86583,0.91979,0.8748744652934252,0.872563792776873,0.6287146437522377,0.8368750943025768,0.8503906166914984,0.5843294873127519,0.8060939657900512,0.011380242034196823,0.35425278544425964,0.11549987719085755,0.007657741193746479,0.0048020735111832654,0.34531450271606445,11,kdA,2,7.5
student_kdA_s2,test_w20-23,ge5,all,1.07733535711785,95941,89776,0.927413723017271,0.8815242531478702,0.8702622729398622,0.645963286401711,0.8399877803314005,0.8578839852297688,0.5625445553377295,0.8177168044501434,0.011080220329723077,0.32827773690223694,0.1049350254905732,0.00639617723301415,0.005399786421862155,0.31916552782058716,11,kdA,2,7.5
student_kdA_s2,test_w20-23,ge5,near,1.07733535711785,95941,12762,0.927413723017271,0.8815242531478702,0.8503943385966811,0.6839053439899703,0.8225645557145087,0.8775813261376271,0.5882306848456355,0.8377728075680738,0.011080220329723077,0.32827773690223694,0.1049350254905732,0.00639617723301415,0.005399786421862155,0.31916552782058716,11,kdA,2,7.5
student_kdA_s2,test_w20-23,ge5,far,1.07733535711785,95941,77014,0.927413723017271,0.8815242531478702,0.8735545909351317,0.6396759030825564,0.842874985158585,0.8546199362949507,0.5582881034617082,0.8143933215536435,0.011080220329723077,0.32827773690223694,0.1049350254905732,0.00639617723301415,0.005399786421862155,0.31916552782058716,11,kdA,2,7.5
student_kdA_s2,test_w24-27,all,all,1.07733535711785,100000,100000,0.90799,0.8425893812111386,0.8554930548999999,0.65822,0.8145196347,0.8409517555,0.59376,0.7895377476999998,0.017200555666983162,0.4402906596660614,0.1331789709678669,0.010378512581661375,0.009930637717992068,0.42639651894569397,11,kdA,2,11.5
student_kdA_s2,test_w24-27,all,near,1.07733535711785,100000,12494,0.90799,0.8425893812111386,0.8361461133344005,0.7340323355210501,0.8005719497358732,0.8629803377621258,0.6692012165839603,0.8122976860893228,0.017200555666983162,0.4402906596660614,0.1331789709678669,0.010378512581661375,0.009930637717992068,0.42639651894569397,11,kdA,2,11.5
student_kdA_s2,test_w24-27,all,far,1.07733535711785,100000,87506,0.90799,0.8425893812111386,0.8582553876305625,0.6473956071583663,0.8165110681553265,0.8378065413800198,0.5829885950677668,0.7862881114437867,0.017200555666983162,0.4402906596660614,0.1331789709678669,0.010378512581661375,0.009930637717992068,0.42639651894569397,11,kdA,2,11.5
student_kdA_s2,test_w24-27,ge5,all,1.07733535711785,96204,89771,0.9141407841669785,0.8471978935173654,0.8550625066694713,0.6688574261175658,0.8185111987446078,0.843789654593258,0.5824486749618474,0.7959678948017286,0.017465337176774468,0.4135684669017792,0.12434033125943093,0.009208895146117098,0.011044346813589102,0.3997781276702881,11,kdA,2,11.5
student_kdA_s2,test_w24-27,ge5,near,1.07733535711785,96204,11977,0.9141407841669785,0.8471978935173654,0.8427639079082968,0.7253068381063705,0.8096374191303638,0.8734149847801749,0.6191032812891375,0.825231279060926,0.017465337176774468,0.4135684669017792,0.12434033125943093,0.009208895146117098,0.011044346813589102,0.3997781276702881,11,kdA,2,11.5
student_kdA_s2,test_w24-27,ge5,far,1.07733535711785,96204,77794,0.9141407841669785,0.8471978935173654,0.8569559729697334,0.6601665938247165,0.8198773871195442,0.8392286013031753,0.5768054091575185,0.7914625659425312,0.017465337176774468,0.4135684669017792,0.12434033125943093,0.009208895146117098,0.011044346813589102,0.3997781276702881,11,kdA,2,11.5
student_kdA_s2,test_w28-31,all,all,1.07733535711785,100000,100000,0.88315,0.7777497444162921,0.8343748844000001,0.69783,0.7827572408,0.82828642435,0.64588,0.7630481629,0.028865329399257865,0.6576786041259766,0.16875621487574455,0.015855353092146876,0.02047688959829506,0.6312205195426941,11,kdA,2,15.5
student_kdA_s2,test_w28-31,all,near,1.07733535711785,100000,15990,0.88315,0.7777497444162921,0.8163113580362726,0.758786741713571,0.771042167604753,0.8444098477173234,0.7338961851156973,0.7821137598499063,0.028865329399257865,0.6576786041259766,0.16875621487574455,0.015855353092146876,0.02047688959829506,0.6312205195426941,11,kdA,2,15.5
student_kdA_s2,test_w28-31,all,far,1.07733535711785,100000,84010,0.88315,0.7777497444162921,0.8378129963694798,0.6862278300202357,0.7849870232115224,0.8252175808832282,0.6291274848232353,0.7594193223425783,0.028865329399257865,0.6576786041259766,0.16875621487574455,0.015855353092146876,0.02047688959829506,0.6312205195426941,11,kdA,2,15.5
student_kdA_s2,test_w28-31,ge5,all,1.07733535711785,95576,94669,0.8896166401607098,0.7827764158629865,0.839826503058513,0.6928772882358534,0.7910597087599386,0.8373055875660391,0.6049498779959649,0.7742166091373031,0.028923557059328184,0.6278130412101746,0.15977948076518458,0.01438016231741961,0.02133634226896996,0.6015501618385315,11,kdA,2,15.5
student_kdA_s2,test_w28-31,ge5,near,1.07733535711785,95576,15420,0.8896166401607098,0.7827764158629865,0.8234313645942949,0.7520103761348897,0.780722161390065,0.8569741729495501,0.6977950713359273,0.7964274829752289,0.028923557059328184,0.6278130412101746,0.15977948076518458,0.01438016231741961,0.02133634226896996,0.6015501618385315,11,kdA,2,15.5
student_kdA_s2,test_w28-31,ge5,far,1.07733535711785,95576,79249,0.8896166401607098,0.7827764158629865,0.8430166131560316,0.6813713737712779,0.7930711534525334,0.8334785413368913,0.5868843770899317,0.7698948930957025,0.028923557059328184,0.6278130412101746,0.15977948076518458,0.01438016231741961,0.02133634226896996,0.6015501618385315,11,kdA,2,15.5
student_kdA_s2,test_w32-35,all,all,1.07733535711785,100000,100000,0.84998,0.7321399860531775,0.81638539705,0.74729,0.7478436988,0.81104179715,0.69875,0.7282944132000001,0.04923041020214559,0.8435970544815063,0.21709084386171418,0.0246042357897057,0.03998214156806467,0.8065958023071289,11,kdA,2,19.5
student_kdA_s2,test_w32-35,all,near,1.07733535711785,100000,16559,0.84998,0.7321399860531775,0.7964081291140769,0.7874871670994625,0.7349093979105018,0.8278594770215593,0.7551784528051211,0.7469721915574612,0.04923041020214559,0.8435970544815063,0.21709084386171418,0.0246042357897057,0.03998214156806467,0.8065958023071289,11,kdA,2,19.5
student_kdA_s2,test_w32-35,all,far,1.07733535711785,100000,83441,0.84998,0.7321399860531775,0.8203499178461429,0.7393128078522548,0.7504105315132847,0.8077043016622523,0.6875516832252729,0.7245877781905778,0.04923041020214559,0.8435970544815063,0.21709084386171418,0.0246042357897057,0.03998214156806467,0.8065958023071289,11,kdA,2,19.5
student_kdA_s2,test_w32-35,ge5,all,1.07733535711785,95262,94615,0.8575822468560391,0.7367152089821639,0.820698669121711,0.7486656449822967,0.7564126128222809,0.8195621380405395,0.6801775616974053,0.7403475802033341,0.047606745168129634,0.8021878004074097,0.20580903427132913,0.022453430383847096,0.039119985387183184,0.7663829326629639,11,kdA,2,19.5
student_kdA_s2,test_w32-35,ge5,near,1.07733535711785,95262,16006,0.8575822468560391,0.7367152089821639,0.8028447488382153,0.7828939147819568,0.7449764860987904,0.8398086542823047,0.727414719480195,0.761909083698912,0.047606745168129634,0.8021878004074097,0.20580903427132913,0.022453430383847096,0.039119985387183184,0.7663829326629639,11,kdA,2,19.5
student_kdA_s2,test_w32-35,ge5,far,1.07733535711785,95262,78609,0.8575822468560391,0.7367152089821639,0.8243340015652942,0.7416962434326858,0.7587411839062047,0.8154396363045334,0.6705593507104785,0.7359573268614747,0.047606745168129634,0.8021878004074097,0.20580903427132913,0.022453430383847096,0.039119985387183184,0.7663829326629639,11,kdA,2,19.5
student_kdA_s2,test_w36-39,all,all,1.07733535711785,100000,100000,0.82684,0.7119815683634254,0.81544034815,0.74628,0.7296707458999999,0.8058174575500001,0.6968,0.7103372874000001,0.06558669641658668,0.9034436941146851,0.2509962935384563,0.032401305055598906,0.05579435502827164,0.8637333512306213,11,kdA,2,23.5
student_kdA_s2,test_w36-39,all,near,1.07733535711785,100000,12548,0.82684,0.7119815683634254,0.7879262515938796,0.7822760599298693,0.7117882515141857,0.8220015181702263,0.7561364360854319,0.7278893289767294,0.06558669641658668,0.9034436941146851,0.2509962935384563,0.032401305055598906,0.05579435502827164,0.8637333512306213,11,kdA,2,23.5
student_kdA_s2,test_w36-39,all,far,1.07733535711785,100000,87452,0.82684,0.7119815683634254,0.8193881924941682,0.7411151260119837,0.7322366053377852,0.8034952969057311,0.6882861455426977,0.7078188427937611,0.06558669641658668,0.9034436941146851,0.2509962935384563,0.032401305055598906,0.05579435502827164,0.8637333512306213,11,kdA,2,23.5
student_kdA_s2,test_w36-39,ge5,all,1.07733535711785,95184,91735,0.8368003025718608,0.7173210245692444,0.8158370675069957,0.752177467705892,0.7374730209597663,0.81373073522701,0.6924401809560146,0.7233315457556084,0.06130258045340098,0.8561487793922424,0.23595381502398216,0.02934366826265756,0.05230450225213741,0.8180976510047913,11,kdA,2,23.5
student_kdA_s2,test_w36-39,ge5,near,1.07733535711785,95184,12085,0.8368003025718608,0.7173210245692444,0.7925279977728218,0.7823748448489863,0.7222604714198392,0.8333816234017282,0.738022341745966,0.7436452319894945,0.06130258045340098,0.8561487793922424,0.23595381502398216,0.02934366826265756,0.05230450225213741,0.8180976510047913,11,kdA,2,23.5
student_kdA_s2,test_w36-39,ge5,far,1.07733535711785,95184,79650,0.8368003025718608,0.7173210245692444,0.8193736664741958,0.7475957313245449,0.7397811648541797,0.8107491786219695,0.6855241682360327,0.7202494252516973,0.06130258045340098,0.8561487793922424,0.23595381502398216,0.02934366826265756,0.05230450225213741,0.8180976510047913,11,kdA,2,23.5
student_kdA_s2,test_w40-43,all,all,1.07733535711785,100000,100000,0.82022,0.7093737864553386,0.8073038989,0.75858,0.71864157,0.79906768245,0.72392,0.6995843924999999,0.07000720733419061,0.9498287439346313,0.260836718821965,0.03526809177805405,0.0600342577517033,0.9073212742805481,11,kdA,2,27.5
student_kdA_s2,test_w40-43,all,near,1.07733535711785,100000,10904,0.82022,0.7093737864553386,0.7820486807593543,0.7815480557593544,0.7025550091709465,0.8172801082171679,0.7627476155539251,0.7181532758620689,0.07000720733419061,0.9498287439346313,0.260836718821965,0.03526809177805405,0.0600342577517033,0.9073212742805481,11,kdA,2,27.5
student_kdA_s2,test_w40-43,all,far,1.07733535711785,100000,89096,0.82022,0.7093737864553386,0.8103947548150311,0.7557690580946395,0.7206103212265422,0.7968387575760977,0.7191680883541348,0.6973118426191972,0.07000720733419061,0.9498287439346313,0.260836718821965,0.03526809177805405,0.0600342577517033,0.9073212742805481,11,kdA,2,27.5
student_kdA_s2,test_w40-43,ge5,all,1.07733535711785,95288,93977,0.8293069431617832,0.7162612053188603,0.8113088704089686,0.7522904540472669,0.7277136541617157,0.8099492203646608,0.702331421518031,0.7137714129750425,0.06700411169186024,0.9043099880218506,0.24778022410566788,0.032395708621030465,0.05781009000214758,0.8632413744926453,11,kdA,2,27.5
student_kdA_s2,test_w40-43,ge5,near,1.07733535711785,95288,10557,0.8293069431617832,0.7162612053188603,0.7875750405025902,0.7749360613810742,0.7127257983767343,0.8294646464729606,0.7420668750592024,0.7337577940929343,0.06700411169186024,0.9043099880218506,0.24778022410566788,0.032395708621030465,0.05781009000214758,0.8632413744926453,11,kdA,2,27.5
student_kdA_s2,test_w40-43,ge5,far,1.07733535711785,95288,83420,0.8293069431617832,0.7162612053188603,0.8143124432011244,0.7494245984176456,0.7296104030651208,0.8074794966362345,0.697302805082714,0.7112420887666803,0.06700411169186024,0.9043099880218506,0.24778022410566788,0.032395708621030465,0.05781009000214758,0.8632413744926453,11,kdA,2,27.5
student_kdA_s2,test_w44-47,all,all,1.07733535711785,100000,100000,0.79783,0.6778877155371263,0.7964707558500002,0.76517,0.6936903649999998,0.7850897158500001,0.73807,0.6758766827999999,0.08318267470896248,1.1639463901519775,0.29846468836640017,0.045974857687914136,0.07219992052517833,1.1085772514343262,11,kdA,2,31.5
student_kdA_s2,test_w44-47,all,near,1.07733535711785,100000,10628,0.79783,0.6778877155371263,0.7671378250846819,0.7975159954836282,0.6751711309747837,0.8032578081482876,0.7970455400828002,0.6954162796386902,0.08318267470896248,1.1639463901519775,0.29846468836640017,0.045974857687914136,0.07219992052517833,1.1085772514343262,11,kdA,2,31.5
student_kdA_s2,test_w44-47,all,far,1.07733535711785,100000,89372,0.79783,0.6778877155371263,0.7999589891688672,0.7613234570111445,0.6958926478091573,0.7829291903504454,0.7310567067985498,0.6735530597950141,0.08318267470896248,1.1639463901519775,0.29846468836640017,0.045974857687914136,0.07219992052517833,1.1085772514343262,11,kdA,2,31.5
student_kdA_s2,test_w44-47,ge5,all,1.07733535711785,94936,92436,0.806448554815876,0.6847170448185738,0.7976499007835458,0.762084036522567,0.7012481367087494,0.792949593479399,0.7321822666493574,0.6881039891203989,0.0800141189635061,1.1107436418533325,0.2853212802147679,0.04212112804533085,0.0698479658023014,1.0573396682739258,11,kdA,2,31.5
student_kdA_s2,test_w44-47,ge5,near,1.07733535711785,94936,10310,0.806448554815876,0.6847170448185738,0.7720935782599204,0.7881668283220175,0.6852991676990295,0.8160384841833719,0.7845780795344326,0.711363929118372,0.0800141189635061,1.1107436418533325,0.2853212802147679,0.04212112804533085,0.0698479658023014,1.0573396682739258,11,kdA,2,31.5
student_kdA_s2,test_w44-47,ge5,far,1.07733535711785,94936,82126,0.806448554815876,0.6847170448185738,0.800858211004652,0.7588096339770597,0.7032503512387427,0.7900510417033724,0.7256045588485985,0.6851839640201979,0.0800141189635061,1.1107436418533325,0.2853212802147679,0.04212112804533085,0.0698479658023014,1.0573396682739258,11,kdA,2,31.5
student_kdA_s2,test_w48-51,all,all,1.07733535711785,100000,100000,0.79296,0.6712422411635304,0.7994351433,0.76962,0.6927440851,0.786990142,0.74568,0.6751092924,0.08867535773813728,1.243835210800171,0.31039100609204223,0.047752614957719326,0.07789103382989765,1.1832247972488403,11,kdA,2,35.333333333333336
student_kdA_s2,test_w48-51,all,near,1.07733535711785,100000,10972,0.79296,0.6712422411635304,0.7587393405942399,0.8098796937659497,0.6662332920160409,0.7927259670069268,0.8179912504557054,0.6858854575282537,0.08867535773813728,1.243835210800171,0.31039100609204223,0.047752614957719326,0.07789103382989765,1.1832247972488403,11,kdA,2,35.333333333333336
student_kdA_s2,test_w48-51,all,far,1.07733535711785,100000,89028,0.79296,0.6712422411635304,0.8044505805476928,0.7646583097452487,0.6960113316035405,0.7862832467313654,0.7367682077548636,0.6737812148986836,0.08867535773813728,1.243835210800171,0.31039100609204223,0.047752614957719326,0.07789103382989765,1.1832247972488403,11,kdA,2,35.333333333333336
student_kdA_s2,test_w48-51,ge5,all,1.07733535711785,94668,93780,0.8027739045928931,0.6782254475010677,0.8014682513888339,0.7732139048837705,0.7030297127639963,0.7971820376192876,0.7343676690125827,0.6904494527047608,0.08388888614092682,1.164603352546692,0.2936145186362671,0.04249622321554079,0.07394608094299465,1.1079057455062866,11,kdA,2,35.333333333333336
student_kdA_s2,test_w48-51,ge5,near,1.07733535711785,94668,10675,0.8027739045928931,0.6782254475010677,0.7639375110889193,0.8078688524590164,0.6784138370317507,0.806154258901984,0.8041217798594847,0.7038049620767619,0.08388888614092682,1.164603352546692,0.2936145186362671,0.04249622321554079,0.07394608094299465,1.1079057455062866,11,kdA,2,35.333333333333336
student_kdA_s2,test_w48-51,ge5,far,1.07733535711785,94668,83105,0.8027739045928931,0.6782254475010677,0.8062891484792809,0.7687624090006618,0.7061916702086952,0.7960295382246328,0.7254076168702244,0.6887339113709529,0.08388888614092682,1.164603352546692,0.2936145186362671,0.04249622321554079,0.07394608094299465,1.1079057455062866,11,kdA,2,35.333333333333336
student_kdB_s2,val,all,all,1.0786277689836723,200000,53779,0.940345,0.913405632804075,0.847478616699827,0.7214154223767641,0.8288060244705182,0.7974392590509308,0.7571914687889325,0.7753022413953402,0.0031061004260927484,0.21481874585151672,0.0851707142098892,0.004151528205471155,0.005964320769533515,0.2139677107334137,11,kdB,2,1.0
student_kdB_s2,val,all,near,1.0786277689836723,200000,10959,0.940345,0.913405632804075,0.8445978864403685,0.7064513185509627,0.8252489775526964,0.7249614561091341,0.7561821334063327,0.7051039583903641,0.0031061004260927484,0.21481874585151672,0.0851707142098892,0.004151528205471155,0.005964320769533515,0.2139677107334137,11,kdB,2,1.0
student_kdB_s2,val,all,far,1.0786277689836723,200000,42820,0.940345,0.913405632804075,0.848215887202242,0.7252452125175152,0.8297163859177956,0.8159886341662774,0.7574497898178422,0.7932682148528726,0.0031061004260927484,0.21481874585151672,0.0851707142098892,0.004151528205471155,0.005964320769533515,0.2139677107334137,11,kdB,2,1.0
student_kdB_s2,val,ge5,all,1.0786277689836723,191366,52270,0.9492438573205272,0.9245616882591081,0.859437506849275,0.6801798354696766,0.8431197406342101,0.8130562023047692,0.7090491677826669,0.7929709402225227,0.002859308093787152,0.17840000987052917,0.07277313727409714,0.003157150087456213,0.005069906223359495,0.17772139608860016,11,kdB,2,1.0
student_kdB_s2,val,ge5,near,1.0786277689836723,191366,10483,0.9492438573205272,0.9245616882591081,0.8542945706091922,0.6716588762758752,0.8375184123987894,0.7357642567580044,0.7182104359439092,0.7177934675663353,0.002859308093787152,0.17840000987052917,0.07277313727409714,0.003157150087456213,0.005069906223359495,0.17772139608860016,11,kdB,2,1.0
student_kdB_s2,val,ge5,far,1.0786277689836723,191366,41787,0.9492438573205272,0.9245616882591081,0.8607277023791,0.6823174671548567,0.8445249318154845,0.8324462390426717,0.7067509033910068,0.8118305244438072,0.002859308093787152,0.17840000987052917,0.07277313727409714,0.003157150087456213,0.005069906223359495,0.17772139608860016,11,kdB,2,1.0
student_kdB_s2,test_w16-19,all,all,1.0786277689836723,100000,100000,0.93114,0.8967090402004128,0.8740614707000001,0.62397,0.8452114310999999,0.8478524118999999,0.61065,0.8128935318999998,0.005530527841448816,0.28062063455581665,0.09903847333951522,0.005764840640269624,0.004615537213981179,0.27580952644348145,11,kdB,2,3.5
student_kdB_s2,test_w16-19,all,near,1.0786277689836723,100000,11980,0.93114,0.8967090402004128,0.8463897800500834,0.7207011686143573,0.8225791577629382,0.8585080321368947,0.6737061769616026,0.8250959657762937,0.005530527841448816,0.28062063455581665,0.09903847333951522,0.005764840640269624,0.004615537213981179,0.27580952644348145,11,kdB,2,3.5
student_kdB_s2,test_w16-19,all,far,1.0786277689836723,100000,88020,0.93114,0.8967090402004128,0.877827738070893,0.6108043626448535,0.8482918064076346,0.8464021241195183,0.6020677118836628,0.8112327143830949,0.005530527841448816,0.28062063455581665,0.09903847333951522,0.005764840640269624,0.004615537213981179,0.27580952644348145,11,kdB,2,3.5
student_kdB_s2,test_w16-19,ge5,all,1.0786277689836723,96085,89545,0.9391580371546027,0.9048878878934598,0.8762509715871076,0.6259869339438271,0.8517256069567709,0.8515977487186649,0.5844770785638506,0.8202091291099421,0.004994877484460532,0.2500390410423279,0.08803877468494901,0.004696992557459137,0.004047194439327473,0.24536626040935516,11,kdB,2,3.5
student_kdB_s2,test_w16-19,ge5,near,1.0786277689836723,96085,11402,0.9391580371546027,0.9048878878934598,0.8539037400348901,0.7026837396947904,0.8330217727596168,0.8694198709141909,0.6299771969829855,0.8389029249731441,0.004994877484460532,0.2500390410423279,0.08803877468494901,0.004696992557459137,0.004047194439327473,0.24536626040935516,11,kdB,2,3.5
student_kdB_s2,test_w16-19,ge5,far,1.0786277689836723,96085,78143,0.9391580371546027,0.9048878878934598,0.879511700432409,0.6147959510128866,0.854454720473221,0.8489972875478194,0.5778380661095683,0.8174814803066938,0.004994877484460532,0.2500390410423279,0.08803877468494901,0.004696992557459137,0.004047194439327473,0.24536626040935516,11,kdB,2,3.5
student_kdB_s2,test_w20-23,all,all,1.0786277689836723,100000,100000,0.91856,0.8718511958735095,0.8651293045999999,0.6376,0.8288413922,0.8500426617500001,0.58785,0.8054703244,0.011603864177241956,0.3699040710926056,0.11877080477565201,0.008322837484631447,0.004736304124668224,0.36001184582710266,11,kdB,2,7.5
student_kdB_s2,test_w20-23,all,near,1.0786277689836723,100000,13417,0.91856,0.8718511958735095,0.8310669054184988,0.7196839830066334,0.8006828314824477,0.8632412018334947,0.6503689349332936,0.8205303011105314,0.011603864177241956,0.3699040710926056,0.11877080477565201,0.008322837484631447,0.004736304124668224,0.36001184582710266,11,kdB,2,7.5
student_kdB_s2,test_w20-23,all,far,1.0786277689836723,100000,86583,0.91856,0.8718511958735095,0.8704076526569882,0.6248801727821859,0.8332048747444648,0.8479974009909567,0.5781619948488733,0.8031366133074622,0.011603864177241956,0.3699040710926056,0.11877080477565201,0.008322837484631447,0.004736304124668224,0.36001184582710266,11,kdB,2,7.5
student_kdB_s2,test_w20-23,ge5,all,1.0786277689836723,95941,89776,0.9262150696782397,0.8785008004548143,0.8667077330723615,0.6447268757797184,0.8352102191757781,0.8544675658759312,0.569305827838175,0.8137668401979756,0.011655008874977215,0.34455516934394836,0.10818417005809744,0.007001976189339261,0.00538098557354163,0.3343527913093567,11,kdB,2,7.5
student_kdB_s2,test_w20-23,ge5,near,1.0786277689836723,95941,12762,0.9262150696782397,0.8785008004548143,0.8382409911261594,0.7074126312490205,0.8109528070016246,0.874873139193456,0.6168312176774801,0.8352798245655602,0.011655008874977215,0.34455516934394836,0.10818417005809744,0.007001976189339261,0.00538098557354163,0.3343527913093567,11,kdB,2,7.5
student_kdB_s2,test_w20-23,ge5,far,1.0786277689836723,95941,77014,0.9262150696782397,0.8785008004548143,0.8714249605987519,0.6343392110525359,0.8392299181157963,0.8510861556559941,0.5614303892798712,0.8102019207482766,0.011655008874977215,0.34455516934394836,0.10818417005809744,0.007001976189339261,0.00538098557354163,0.3343527913093567,11,kdB,2,7.5
student_kdB_s2,test_w24-27,all,all,1.0786277689836723,100000,100000,0.90193,0.8348176024993912,0.84931859615,0.66463,0.8058276991,0.8370637466499999,0.60337,0.783045346,0.020453993740081767,0.4671701192855835,0.1415078448816222,0.011593988381118536,0.012851304901093239,0.4517400860786438,11,kdB,2,11.5
student_kdB_s2,test_w24-27,all,near,1.0786277689836723,100000,12494,0.90193,0.8348176024993912,0.8191018640947655,0.7634064350888426,0.7834020681927325,0.8542093236753642,0.687690091243797,0.8025025812389948,0.020453993740081767,0.4671701192855835,0.1415078448816222,0.011593988381118536,0.012851304901093239,0.4517400860786438,11,kdB,2,11.5
student_kdB_s2,test_w24-27,all,far,1.0786277689836723,100000,87506,0.90193,0.8348176024993912,0.8536329043151327,0.6505268210179873,0.8090296033414851,0.8346157220647727,0.591330880168217,0.7802672656732109,0.020453993740081767,0.4671701192855835,0.1415078448816222,0.011593988381118536,0.012851304901093239,0.4517400860786438,11,kdB,2,11.5
student_kdB_s2,test_w24-27,ge5,all,1.0786277689836723,96204,89771,0.9081327179743046,0.8396076178138976,0.8480465017202092,0.6868922034955609,0.8095197746746776,0.8390300088979332,0.5967851533345958,0.7886616898244705,0.02057552521657327,0.44182080030441284,0.1325586512981078,0.010311870622052527,0.013737756980810029,0.42635801434516907,11,kdB,2,11.5
student_kdB_s2,test_w24-27,ge5,near,1.0786277689836723,96204,11977,0.9081327179743046,0.8396076178138976,0.8254451368539384,0.7581197294815062,0.7924051594850103,0.8653976059202658,0.6561743341404358,0.8160470942624507,0.02057552521657327,0.44182080030441284,0.1325586512981078,0.010311870622052527,0.013737756980810029,0.42635801434516907,11,kdB,2,11.5
student_kdB_s2,test_w24-27,ge5,far,1.0786277689836723,96204,77794,0.9081327179743046,0.8396076178138976,0.8515261601386391,0.6759261639715145,0.8121547046966157,0.8349705093280886,0.5876417204411651,0.7844454907737253,0.02057552521657327,0.44182080030441284,0.1325586512981078,0.010311870622052527,0.013737756980810029,0.42635801434516907,11,kdB,2,11.5
student_kdB_s2,test_w28-31,all,all,1.0786277689836723,100000,100000,0.87523,0.7695561815658181,0.8317712826,0.69246,0.7741214671000001,0.8239642316,0.65484,0.7553741793000001,0.034993098085671644,0.6643053293228149,0.17931836696955583,0.01779142183281881,0.026140417745485874,0.637558102607727,11,kdB,2,15.5
student_kdB_s2,test_w28-31,all,near,1.0786277689836723,100000,15990,0.87523,0.7695561815658181,0.8114663142589118,0.7442151344590369,0.7598865853658536,0.835237090681676,0.7520325203252033,0.7710605597248279,0.034993098085671644,0.6643053293228149,0.17931836696955583,0.01779142183281881,0.026140417745485874,0.637558102607727,11,kdB,2,15.5
student_kdB_s2,test_w28-31,all,far,1.0786277689836723,100000,84010,0.87523,0.7695561815658181,0.8356360182716344,0.6826092131889061,0.7768308559695274,0.8218186177835971,0.6363409117962148,0.7523885201761695,0.034993098085671644,0.6643053293228149,0.17931836696955583,0.01779142183281881,0.026140417745485874,0.637558102607727,11,kdB,2,15.5
student_kdB_s2,test_w28-31,ge5,all,1.0786277689836723,95576,94669,0.8815183728132585,0.7745531011450464,0.8366065000841465,0.6837190632625252,0.782196804088501,0.8327707824691781,0.617784068702532,0.7662302857065408,0.03495871193436956,0.6356484889984131,0.17027836789009343,0.016159403060732647,0.02697872974535429,0.6089842915534973,11,kdB,2,15.5
student_kdB_s2,test_w28-31,ge5,near,1.0786277689836723,95576,15420,0.8815183728132585,0.7745531011450464,0.8177436258683375,0.7343709468223086,0.769025355528856,0.8483552196786346,0.7167963683527886,0.78575621418941,0.03495871193436956,0.6356484889984131,0.17027836789009343,0.016159403060732647,0.02697872974535429,0.6089842915534973,11,kdB,2,15.5
student_kdB_s2,test_w28-31,ge5,far,1.0786277689836723,95576,79249,0.8815183728132585,0.7745531011450464,0.8402767737835972,0.6738633925980139,0.7847596596045293,0.829738415855469,0.5985185932945526,0.7624309971703342,0.03495871193436956,0.6356484889984131,0.17027836789009343,0.016159403060732647,0.02697872974535429,0.6089842915534973,11,kdB,2,15.5
student_kdB_s2,test_w32-35,all,all,1.0786277689836723,100000,100000,0.84633,0.7262002777925163,0.81225167985,0.73738,0.7416846686,0.8061023411499999,0.70813,0.7238127666999999,0.05230717848747966,0.8364655375480652,0.22163626365897554,0.02547303025752608,0.042674288939237616,0.7997344732284546,11,kdB,2,19.5
student_kdB_s2,test_w32-35,all,near,1.0786277689836723,100000,16559,0.84633,0.7262002777925163,0.7877394480343016,0.78241439700465,0.7240596877830786,0.818424646717797,0.7627876079473398,0.7386941669182921,0.05230717848747966,0.8364655375480652,0.22163626365897554,0.02547303025752608,0.042674288939237616,0.7997344732284546,11,kdB,2,19.5
student_kdB_s2,test_w32-35,all,far,1.0786277689836723,100000,83441,0.84633,0.7262002777925163,0.8171161714864396,0.7284428518354287,0.7451823742524657,0.8036569598878249,0.6972831102215937,0.7208595290085209,0.05230717848747966,0.8364655375480652,0.22163626365897554,0.02547303025752608,0.042674288939237616,0.7997344732284546,11,kdB,2,19.5
student_kdB_s2,test_w32-35,ge5,all,1.0786277689836723,95262,94615,0.8540551321618274,0.7307852801989393,0.8158862749663753,0.7391322728954183,0.7501583259289548,0.8145130996682535,0.6878824710669555,0.7357337866774948,0.05023062350196561,0.7988701462745667,0.21004391768078104,0.023169143294532946,0.041474601205962594,0.7630168199539185,11,kdB,2,19.5
student_kdB_s2,test_w32-35,ge5,near,1.0786277689836723,95262,16006,0.8540551321618274,0.7307852801989393,0.7934334261495591,0.7788329376483819,0.7337563144510906,0.8306148305594488,0.7412845183056354,0.7538518306102344,0.05023062350196561,0.7988701462745667,0.21004391768078104,0.023169143294532946,0.041474601205962594,0.7630168199539185,11,kdB,2,19.5
student_kdB_s2,test_w32-35,ge5,far,1.0786277689836723,95262,78609,0.8540551321618274,0.7307852801989393,0.8204580199085826,0.7310486076657889,0.7534980274353306,0.8112345399022665,0.6770089938811078,0.7320446746014291,0.05023062350196561,0.7988701462745667,0.21004391768078104,0.023169143294532946,0.041474601205962594,0.7630168199539185,11,kdB,2,19.5
student_kdB_s2,test_w36-39,all,all,1.0786277689836723,100000,100000,0.82635,0.7101146785768193,0.80845684485,0.74632,0.7252471333,0.8005509438,0.71046,0.7065152123,0.06369411531180146,0.8913431763648987,0.24984173195679882,0.03221523891331699,0.053555886691808684,0.8525844812393188,11,kdB,2,23.5
student_kdB_s2,test_w36-39,all,near,1.0786277689836723,100000,12548,0.82635,0.7101146785768193,0.7713896521357986,0.7958240357029008,0.6991192070449475,0.8082373677080014,0.7759005419190309,0.7178971365954734,0.06369411531180146,0.8913431763648987,0.24984173195679882,0.03221523891331699,0.053555886691808684,0.8525844812393188,11,kdB,2,23.5
student_kdB_s2,test_w36-39,all,far,1.0786277689836723,100000,87452,0.82635,0.7101146785768193,0.8137754097104697,0.7392169418652518,0.7289960837945387,0.79944806167955,0.7010703014224946,0.7048820834286237,0.06369411531180146,0.8913431763648987,0.24984173195679882,0.03221523891331699,0.053555886691808684,0.8525844812393188,11,kdB,2,23.5
student_kdB_s2,test_w36-39,ge5,all,1.0786277689836723,95184,91735,0.8364851235501765,0.7147463757000599,0.8080362595973589,0.7602550825748079,0.7327137799390238,0.8073278091814983,0.7061862974873276,0.7184485815795337,0.05931838875901658,0.8446124196052551,0.23455590563317621,0.029127687298625308,0.05011815605642849,0.8073858022689819,11,kdB,2,23.5
student_kdB_s2,test_w36-39,ge5,near,1.0786277689836723,95184,12085,0.8364851235501765,0.7147463757000599,0.7760248860243807,0.7965246172941663,0.7093695077306186,0.8200317541017,0.766652875465453,0.7339211867624219,0.05931838875901658,0.8446124196052551,0.23455590563317621,0.029127687298625308,0.05011815605642849,0.8073858022689819,11,kdB,2,23.5
student_kdB_s2,test_w36-39,ge5,far,1.0786277689836723,95184,79650,0.8364851235501765,0.7147463757000599,0.8128932269498944,0.754752040175769,0.7362557200474805,0.8054002865906555,0.6970119271814187,0.7161009804039504,0.05931838875901658,0.8446124196052551,0.23455590563317621,0.029127687298625308,0.05011815605642849,0.8073858022689819,11,kdB,2,23.5
student_kdB_s2,test_w40-43,all,all,1.0786277689836723,100000,100000,0.82293,0.712098054352289,0.7989367315,0.7657,0.7150509863,0.7933873544,0.73258,0.6977679817000002,0.0650482209829986,0.9369589686393738,0.25677839966859073,0.03459363157388936,0.05471257226884363,0.8954221606254578,11,kdB,2,27.5
student_kdB_s2,test_w40-43,all,near,1.0786277689836723,100000,10904,0.82293,0.712098054352289,0.763040748807777,0.8103448275862069,0.6900235243947176,0.8017071524211299,0.7723771093176816,0.7090941663609686,0.0650482209829986,0.9369589686393738,0.25677839966859073,0.03459363157388936,0.05471257226884363,0.8954221606254578,11,kdB,2,27.5
student_kdB_s2,test_w40-43,all,far,1.0786277689836723,100000,89096,0.82293,0.712098054352289,0.8033298557174284,0.7602361497710335,0.7181139683038521,0.792369137222771,0.7277094370117626,0.6963818283649099,0.0650482209829986,0.9369589686393738,0.25677839966859073,0.03459363157388936,0.05471257226884363,0.8954221606254578,11,kdB,2,27.5
student_kdB_s2,test_w40-43,ge5,all,1.0786277689836723,95288,93977,0.8322663924103769,0.7186462773950497,0.8026128286160816,0.7657511944411931,0.724084157548103,0.8036707300175776,0.7130680911286804,0.7114372137314635,0.06179518878053972,0.8940022587776184,0.2433163385233929,0.031645604639833534,0.05231379367468687,0.8536538481712341,11,kdB,2,27.5
student_kdB_s2,test_w40-43,ge5,near,1.0786277689836723,95288,10557,0.8322663924103769,0.7186462773950497,0.7683834051746881,0.8105522402197594,0.7000247891701792,0.8144796657668176,0.7593066211992043,0.7252418997861432,0.06179518878053972,0.8940022587776184,0.2433163385233929,0.031645604639833534,0.05231379367468687,0.8536538481712341,11,kdB,2,27.5
student_kdB_s2,test_w40-43,ge5,far,1.0786277689836723,95288,83420,0.8322663924103769,0.7186462773950497,0.8069446438075318,0.7600815152241669,0.7271289280104111,0.8023028334135891,0.7072164948453609,0.7096901977799019,0.06179518878053972,0.8940022587776184,0.2433163385233929,0.031645604639833534,0.05231379367468687,0.8536538481712341,11,kdB,2,27.5
student_kdB_s2,test_w44-47,all,all,1.0786277689836723,100000,100000,0.79787,0.6780106804407448,0.7871270926,0.77999,0.6891207954,0.779492784,0.75851,0.6726995698999999,0.0797692568974197,1.152392864227295,0.29485066719741676,0.045589305047162194,0.06851014944605531,1.0979973077774048,11,kdB,2,31.5
student_kdB_s2,test_w44-47,all,near,1.0786277689836723,100000,10628,0.79787,0.6780106804407448,0.7432350188182161,0.8411742566804666,0.6599650950319909,0.7877452192322167,0.8136055701919458,0.6856618752352277,0.0797692568974197,1.152392864227295,0.29485066719741676,0.045589305047162194,0.06851014944605531,1.0979973077774048,11,kdB,2,31.5
student_kdB_s2,test_w44-47,all,far,1.0786277689836723,100000,89372,0.79787,0.6780106804407448,0.7923466799445016,0.7727140491429083,0.6925879527144967,0.7785114153202345,0.7519581076847335,0.6711581096987871,0.0797692568974197,1.152392864227295,0.29485066719741676,0.045589305047162194,0.06851014944605531,1.0979973077774048,11,kdB,2,31.5
student_kdB_s2,test_w44-47,ge5,all,1.0786277689836723,94936,92436,0.8070278924749305,0.6846422794618252,0.7892438094418959,0.7736812497295426,0.6972057491020743,0.78721390633831,0.7428815612964645,0.6845285501875743,0.07641713062020793,1.103248119354248,0.2812290213685295,0.04168518870434128,0.06604443856206482,1.0504240989685059,11,kdB,2,31.5
student_kdB_s2,test_w44-47,ge5,near,1.0786277689836723,94936,10310,0.8070278924749305,0.6846422794618252,0.7482499129333299,0.8399612027158099,0.6701637938411641,0.801624994881436,0.7995150339476237,0.70244738463656,0.07641713062020793,1.103248119354248,0.2812290213685295,0.04168518870434128,0.06604443856206482,1.0504240989685059,11,kdB,2,31.5
student_kdB_s2,test_w44-47,ge5,far,1.0786277689836723,94936,82126,0.8070278924749305,0.6846422794618252,0.7943901342720752,0.7653605435550253,0.7006005638835073,0.7854047554862091,0.7357718627474855,0.6822790411019128,0.07641713062020793,1.103248119354248,0.2812290213685295,0.04168518870434128,0.06604443856206482,1.0504240989685059,11,kdB,2,31.5
student_kdB_s2,test_w48-51,all,all,1.0786277689836723,100000,100000,0.78883,0.6651506091703379,0.7908521617,0.77752,0.6860287977000001,0.78134974725,0.75778,0.6691595113000001,0.0898096963827312,1.2386645078659058,0.310886895670446,0.048501922686241886,0.07861773436643185,1.1785544157028198,11,kdB,2,35.333333333333336
student_kdB_s2,test_w48-51,all,near,1.0786277689836723,100000,10972,0.78883,0.6651506091703379,0.7372519818629237,0.8391359825009114,0.6503145561429092,0.7796043761392636,0.8352169157856362,0.6753762477214729,0.0898096963827312,1.2386645078659058,0.310886895670446,0.048501922686241886,0.07861773436643185,1.1785544157028198,11,kdB,2,35.333333333333336
student_kdB_s2,test_w48-51,all,far,1.0786277689836723,100000,89028,0.78883,0.6651506091703379,0.7974579618210001,0.7699263153165297,0.6904302967605698,0.7815648504964731,0.7482365098620659,0.6683933474861842,0.0898096963827312,1.2386645078659058,0.310886895670446,0.048501922686241886,0.07861773436643185,1.1785544157028198,11,kdB,2,35.333333333333336
student_kdB_s2,test_w48-51,ge5,all,1.0786277689836723,94668,93780,0.7997950733088266,0.6718796197518009,0.7944736173459859,0.7659628918746001,0.6971163077479295,0.7922330121047649,0.7366282789507358,0.6845581780979845,0.08467925840262887,1.1681032180786133,0.2935109398853166,0.04328789731509818,0.07437335231046328,1.111153244972229,11,kdB,2,35.333333333333336
student_kdB_s2,test_w48-51,ge5,near,1.0786277689836723,94668,10675,0.7997950733088266,0.6718796197518009,0.742830882218336,0.8369086651053864,0.66265051615363,0.7947641900811702,0.8159250585480093,0.6943637990783321,0.08467925840262887,1.1681032180786133,0.2935109398853166,0.04328789731509818,0.07437335231046328,1.111153244972229,11,kdB,2,35.333333333333336
student_kdB_s2,test_w48-51,ge5,far,1.0786277689836723,94668,83105,0.7997950733088266,0.6718796197518009,0.8011072278085051,0.756849768365321,0.7015435061748491,0.791907877336723,0.726442452319355,0.6832986268800649,0.08467925840262887,1.1681032180786133,0.2935109398853166,0.04328789731509818,0.07437335231046328,1.111153244972229,11,kdB,2,35.333333333333336
student_enddA_s2,val,all,all,0.9612305871084121,200000,53779,0.93608,0.9035601570007624,0.8589938424384984,0.6598486398036408,0.835430246378698,0.7744984179698395,0.6270849216236821,0.7451919874858216,0.006712147416435214,0.253501296043396,0.09126709221415956,0.005165844664997398,0.004775897711291923,0.2529219686985016,11,enddA,2,1.0
student_enddA_s2,val,all,near,0.9612305871084121,200000,10959,0.93608,0.9035601570007624,0.8298308426863765,0.6932201843233872,0.8079676959576603,0.7577791924445662,0.6724153663655443,0.7303158408613923,0.006712147416435214,0.253501296043396,0.09126709221415956,0.005165844664997398,0.004775897711291923,0.2529219686985016,11,enddA,2,1.0
student_enddA_s2,val,all,far,0.9612305871084121,200000,42820,0.93608,0.9035601570007624,0.866457581679122,0.6513078000934143,0.8424587865483419,0.7787773995796357,0.6154834189631013,0.7489992665810369,0.006712147416435214,0.253501296043396,0.09126709221415956,0.005165844664997398,0.004775897711291923,0.2529219686985016,11,enddA,2,1.0
student_enddA_s2,val,ge5,all,0.9612305871084121,191366,52270,0.9461398576549648,0.9151042342808984,0.8679316883237541,0.6244308398699062,0.8480249612224231,0.7798679259108341,0.5983164339008992,0.7543412326112139,0.007881358834931303,0.20995700359344482,0.0775457953033395,0.004027462801077334,0.004231168967495922,0.20874418318271637,11,enddA,2,1.0
student_enddA_s2,val,ge5,near,0.9612305871084121,191366,10483,0.9461398576549648,0.9151042342808984,0.8366454247991287,0.6542020414003625,0.8182106159956715,0.7625225993250637,0.6386530573309167,0.7384533131298374,0.007881358834931303,0.20995700359344482,0.0775457953033395,0.004027462801077334,0.004231168967495922,0.20874418318271637,11,enddA,2,1.0
student_enddA_s2,val,ge5,far,0.9612305871084121,191366,41787,0.9461398576549648,0.9151042342808984,0.8757803948719306,0.616962213128485,0.8555044113148451,0.7842193045357326,0.5881972862373466,0.758326995167111,0.007881358834931303,0.20995700359344482,0.0775457953033395,0.004027462801077334,0.004231168967495922,0.20874418318271637,11,enddA,2,1.0
student_enddA_s2,test_w16-19,all,all,0.9612305871084121,100000,100000,0.92577,0.8890546486565984,0.8722927095,0.59938,0.839753527,0.8194348561,0.57195,0.7800766101000002,0.006790558003783231,0.29353106021881104,0.1055149656187077,0.0074045785737327,0.005617952740117901,0.29361608624458313,11,enddA,2,3.5
student_enddA_s2,test_w16-19,all,near,0.9612305871084121,100000,11980,0.92577,0.8890546486565984,0.8465345964106845,0.6124373956594323,0.8158901577629383,0.7429540175292154,0.7136894824707847,0.7115348948247078,0.006790558003783231,0.29353106021881104,0.1055149656187077,0.0074045785737327,0.005617952740117901,0.29361608624458313,11,enddA,2,3.5
student_enddA_s2,test_w16-19,all,far,0.9612305871084121,100000,88020,0.92577,0.8890546486565984,0.8757985285730516,0.5976028175414678,0.8430014611451943,0.8298443135650988,0.5526584867075665,0.7894055097705068,0.006790558003783231,0.29353106021881104,0.1055149656187077,0.0074045785737327,0.005617952740117901,0.29361608624458313,11,enddA,2,3.5
student_enddA_s2,test_w16-19,ge5,all,0.9612305871084121,96085,89545,0.9341416454181194,0.8973733051504853,0.872578221909506,0.5967167346027137,0.8449844101934415,0.8166196338741698,0.5707968060751577,0.7817778687349064,0.007595340170851349,0.25835275650024414,0.09373703566305783,0.006207692869193809,0.004940503752320961,0.2578948736190796,11,enddA,2,3.5
student_enddA_s2,test_w16-19,ge5,near,0.9612305871084121,96085,11402,0.9341416454181194,0.8973733051504853,0.8505283566229351,0.594983336256797,0.8238753250080961,0.7453078224742121,0.6955797228556394,0.7170008225099836,0.007595340170851349,0.25835275650024414,0.09373703566305783,0.006207692869193809,0.004940503752320961,0.2578948736190796,11,enddA,2,3.5
student_enddA_s2,test_w16-19,ge5,far,0.9612305871084121,96085,78143,0.9341416454181194,0.8973733051504853,0.8757955614536428,0.5969696581907529,0.8480644786484959,0.8270248816069458,0.5525894833830286,0.7912296159298768,0.007595340170851349,0.25835275650024414,0.09373703566305783,0.006207692869193809,0.004940503752320961,0.2578948736190796,11,enddA,2,3.5
student_enddA_s2,test_w20-23,all,all,0.9612305871084121,100000,100000,0.90713,0.8575327834524562,0.86025789015,0.64971,0.8185184186000001,0.8056854069999999,0.75298,0.7597291549999999,0.005750882474184057,0.35414814949035645,0.13087528863868733,0.01028631670011126,0.007788485710397327,0.35446617007255554,11,enddA,2,7.5
student_enddA_s2,test_w20-23,all,near,0.9612305871084121,100000,13417,0.90713,0.8575327834524562,0.8278939543116941,0.6848773943504509,0.7895410591041216,0.7287124409331445,0.8396810017142431,0.6914433442647387,0.005750882474184057,0.35414814949035645,0.13087528863868733,0.01028631670011126,0.007788485710397327,0.35446617007255554,11,enddA,2,7.5
student_enddA_s2,test_w20-23,all,far,0.9612305871084121,100000,86583,0.90713,0.8575327834524562,0.8652730423986233,0.6442604206368455,0.8230087831329476,0.8176132252289711,0.7395447143203632,0.7703108017740202,0.005750882474184057,0.35414814949035645,0.13087528863868733,0.01028631670011126,0.007788485710397327,0.35446617007255554,11,enddA,2,7.5
student_enddA_s2,test_w20-23,ge5,all,0.9612305871084121,95941,89776,0.9153438050468518,0.8649525867092609,0.8602456780212477,0.6548075209410087,0.8237659307612142,0.8026263228253189,0.7324563357690251,0.7614189084141113,0.00508861341527235,0.321257084608078,0.11960972370807035,0.008804816179715631,0.005637405324442702,0.32110822200775146,11,enddA,2,7.5
student_enddA_s2,test_w20-23,ge5,near,0.9612305871084121,95941,12762,0.9153438050468518,0.8649525867092609,0.8320831428745924,0.6698793292587368,0.7976140976105077,0.7313436382123534,0.8208744710860366,0.6972682170719959,0.00508861341527235,0.321257084608078,0.11960972370807035,0.008804816179715631,0.005637405324442702,0.32110822200775146,11,enddA,2,7.5
student_enddA_s2,test_w20-23,ge5,far,0.9612305871084121,95941,77014,0.9153438050468518,0.8649525867092609,0.864912495399148,0.652309969615914,0.8280995544487166,0.8144385858038771,0.7178045550159711,0.7720493278561359,0.00508861341527235,0.321257084608078,0.11960972370807035,0.008804816179715631,0.005637405324442702,0.32110822200775146,11,enddA,2,7.5
student_enddA_s2,test_w24-27,all,all,0.9612305871084121,100000,100000,0.8989,0.8341687357936468,0.8430576343000001,0.67109,0.7969533869000001,0.7684882767,0.81531,0.7203659163,0.005369156522601854,0.39637553691864014,0.14498387681699626,0.012587198200198595,0.0080871093150228,0.3966432809829712,11,enddA,2,11.5
student_enddA_s2,test_w24-27,all,near,0.9612305871084121,100000,12494,0.8989,0.8341687357936468,0.826484453337602,0.6780854810308948,0.7817817600448215,0.714480173283176,0.8715383384024332,0.6733064751080517,0.005369156522601854,0.39637553691864014,0.14498387681699626,0.012587198200198595,0.0080871093150228,0.3966432809829712,11,enddA,2,11.5
student_enddA_s2,test_w24-27,all,far,0.9612305871084121,100000,87506,0.8989,0.8341687357936468,0.8454239328731744,0.6700911937467146,0.7991195732864032,0.7761994878636893,0.8072817863917903,0.7270850059424497,0.005369156522601854,0.39637553691864014,0.14498387681699626,0.012587198200198595,0.0080871093150228,0.3966432809829712,11,enddA,2,11.5
student_enddA_s2,test_w24-27,ge5,all,0.9612305871084121,96204,89771,0.905939461976633,0.8397218800418521,0.8400981826783249,0.6828040235710864,0.7994377805615871,0.7623893553014738,0.8165777366855667,0.7191318189437392,0.0054671959711051045,0.36090072989463806,0.13471881669110658,0.011041074682939711,0.00607176878758333,0.360376238822937,11,enddA,2,11.5
student_enddA_s2,test_w24-27,ge5,near,0.9612305871084121,96204,11977,0.905939461976633,0.8397218800418521,0.8293687880982726,0.6682808716707022,0.7885701850059954,0.7169063604150552,0.8683309676880688,0.6788602115983761,0.0054671959711051045,0.36090072989463806,0.13471881669110658,0.011041074682939711,0.00607176878758333,0.360376238822937,11,enddA,2,11.5
student_enddA_s2,test_w24-27,ge5,far,0.9612305871084121,96204,77794,0.905939461976633,0.8397218800418521,0.8417500576157917,0.6850399773761473,0.8011109326294757,0.7693918211697239,0.8086099185027122,0.7253319505885373,0.0054671959711051045,0.36090072989463806,0.13471881669110658,0.011041074682939711,0.00607176878758333,0.360376238822937,11,enddA,2,11.5
student_enddA_s2,test_w28-31,all,all,0.9612305871084121,100000,100000,0.87002,0.7676508471059911,0.8206042482,0.7002,0.7607225818000001,0.7384040150500001,0.8671,0.6761161164000001,0.013189512135982517,0.5246065855026245,0.18242749607144404,0.019249993161076624,0.017320980913490047,0.5270081162452698,11,enddA,2,15.5
student_enddA_s2,test_w28-31,all,near,0.9612305871084121,100000,15990,0.87002,0.7676508471059911,0.8141375703564728,0.7281425891181988,0.756226952470294,0.697874404315197,0.8976235146966854,0.6425275509693559,0.013189512135982517,0.5246065855026245,0.18242749607144404,0.019249993161076624,0.017320980913490047,0.5270081162452698,11,enddA,2,15.5
student_enddA_s2,test_w28-31,all,far,0.9612305871084121,100000,84010,0.87002,0.7676508471059911,0.8218350799904773,0.694881561718843,0.7615782550886799,0.7461181975955243,0.8612903225806452,0.682509178669206,0.013189512135982517,0.5246065855026245,0.18242749607144404,0.019249993161076624,0.017320980913490047,0.5270081162452698,11,enddA,2,15.5
student_enddA_s2,test_w28-31,ge5,all,0.9612305871084121,95576,94669,0.8767996149661003,0.7728587634388493,0.8225778885378614,0.6966166326886309,0.767219458514809,0.739615576410679,0.8790945293601918,0.6816212787726419,0.010375635840081042,0.4817008078098297,0.17155828819771074,0.017195329220010932,0.013618043031176492,0.4828844964504242,11,enddA,2,15.5
student_enddA_s2,test_w28-31,ge5,near,0.9612305871084121,95576,15420,0.8767996149661003,0.7728587634388493,0.8161915142777705,0.7269130998702983,0.7629101400565423,0.7007680647893957,0.9002594033722439,0.6489202371270778,0.010375635840081042,0.4817008078098297,0.17155828819771074,0.017195329220010932,0.013618043031176492,0.4828844964504242,11,enddA,2,15.5
student_enddA_s2,test_w28-31,ge5,far,0.9612305871084121,95576,79249,0.8767996149661003,0.7728587634388493,0.8238205274492747,0.6907216494845361,0.7680579509958052,0.7471743926632524,0.8749763403954623,0.6879841358708336,0.010375635840081042,0.4817008078098297,0.17155828819771074,0.017195329220010932,0.013618043031176492,0.4828844964504242,11,enddA,2,15.5
student_enddA_s2,test_w32-35,all,all,0.9612305871084121,100000,100000,0.84722,0.7327232600549505,0.8032184104499999,0.7258,0.7297772682999999,0.7175931309499999,0.88766,0.6388599492999999,0.021398100661039348,0.661127507686615,0.22213877705325755,0.028940276882273665,0.028682475610151872,0.6667307615280151,11,enddA,2,19.5
student_enddA_s2,test_w32-35,all,near,0.9612305871084121,100000,16559,0.84722,0.7327232600549505,0.7894086542061719,0.7545141614831814,0.7198704227308412,0.6736189664230932,0.9185941180022948,0.6041155269037985,0.021398100661039348,0.661127507686615,0.22213877705325755,0.028940276882273665,0.028682475610151872,0.6667307615280151,11,enddA,2,19.5
student_enddA_s2,test_w32-35,all,far,0.9612305871084121,100000,83441,0.84722,0.7327232600549505,0.805958978679546,0.7201016286957251,0.7317432976594241,0.7263198742824272,0.8815210747713954,0.64575503553409,0.021398100661039348,0.661127507686615,0.22213877705325755,0.028940276882273665,0.028682475610151872,0.6667307615280151,11,enddA,2,19.5
student_enddA_s2,test_w32-35,ge5,all,0.9612305871084121,95262,94615,0.8555772501102223,0.7375137822126482,0.8043879866193748,0.7224013105744332,0.7370712653866573,0.7180545448219591,0.895323151720129,0.6449288928632165,0.01624030648375594,0.6079204082489014,0.2084192738406331,0.02563852865686222,0.02291230358211068,0.6117513179779053,11,enddA,2,19.5
student_enddA_s2,test_w32-35,ge5,near,0.9612305871084121,95262,16006,0.8555772501102223,0.7375137822126482,0.791096578611074,0.7535299262776459,0.7276104665491051,0.6762876139855734,0.9214044733225041,0.6114362719048486,0.01624030648375594,0.6079204082489014,0.2084192738406331,0.02563852865686222,0.02291230358211068,0.6117513179779053,11,enddA,2,19.5
student_enddA_s2,test_w32-35,ge5,far,0.9612305871084121,95262,78609,0.8555772501102223,0.7375137822126482,0.807094321473919,0.7160630462160821,0.7389976293678029,0.7265589335683773,0.8900125939777888,0.6517485050076229,0.01624030648375594,0.6079204082489014,0.2084192738406331,0.02563852865686222,0.02291230358211068,0.6117513179779053,11,enddA,2,19.5
student_enddA_s2,test_w36-39,all,all,0.9612305871084121,100000,100000,0.82555,0.7147880329732544,0.80269305155,0.73735,0.7150009793000001,0.72173916935,0.87316,0.630731725,0.03354863737821577,0.7509418725967407,0.25399132203120706,0.0372172806476098,0.04192634698405861,0.7588258385658264,11,enddA,2,23.5
student_enddA_s2,test_w36-39,all,near,0.9612305871084121,100000,12548,0.82555,0.7147880329732544,0.7754489731431304,0.7502390819254064,0.693818061045585,0.6693886009722665,0.9114599936244819,0.5903897919987249,0.03354863737821577,0.7509418725967407,0.25399132203120706,0.0372172806476098,0.04192634698405861,0.7588258385658264,11,enddA,2,23.5
student_enddA_s2,test_w36-39,all,far,0.9612305871084121,100000,87452,0.82555,0.7147880329732544,0.806602152495083,0.7355006174815899,0.718040398161277,0.7292506605909528,0.8676645474088643,0.6365201640900151,0.03354863737821577,0.7509418725967407,0.25399132203120706,0.0372172806476098,0.04192634698405861,0.7588258385658264,11,enddA,2,23.5
student_enddA_s2,test_w36-39,ge5,all,0.9612305871084121,95184,91735,0.8360438729198184,0.7192486361681975,0.8012793910206926,0.7352373685071129,0.7220750286200716,0.7199315378437509,0.8794571319561781,0.6367644311094991,0.026275842659711404,0.6977541446685791,0.23685879499569923,0.03288962164839814,0.03381253026299344,0.7038405537605286,11,enddA,2,23.5
student_enddA_s2,test_w36-39,ge5,near,0.9612305871084121,95184,12085,0.8360438729198184,0.7192486361681975,0.7758610442241329,0.7505999172527927,0.7020833181198928,0.6702672816339242,0.9153496069507654,0.5978973773280302,0.026275842659711404,0.6977541446685791,0.23685879499569923,0.03288962164839814,0.03381253026299344,0.7038405537605286,11,enddA,2,23.5
student_enddA_s2,test_w36-39,ge5,far,0.9612305871084121,95184,79650,0.8360438729198184,0.7192486361681975,0.8051360227976723,0.7329064657878217,0.7251082969363887,0.7274669118085438,0.8740112994350282,0.6426615854716968,0.026275842659711404,0.6977541446685791,0.23685879499569923,0.03288962164839814,0.03381253026299344,0.7038405537605286,11,enddA,2,23.5
student_enddA_s2,test_w40-43,all,all,0.9612305871084121,100000,100000,0.8199,0.712757822054687,0.794450206,0.74974,0.7050763512999999,0.71330940985,0.90909,0.6240912586,0.03623397700481115,0.7821868062019348,0.2612808897668663,0.03924106847678631,0.0438730412851274,0.7910447716712952,11,enddA,2,27.5
student_enddA_s2,test_w40-43,all,near,0.9612305871084121,100000,10904,0.8199,0.712757822054687,0.7690100793286867,0.7604548789435069,0.6853791599413059,0.6682727700843727,0.9357116654438739,0.5902547771460015,0.03623397700481115,0.7821868062019348,0.2612808897668663,0.03924106847678631,0.0438730412851274,0.7910447716712952,11,enddA,2,27.5
student_enddA_s2,test_w40-43,all,far,0.9612305871084121,100000,89096,0.8199,0.712757822054687,0.7975636919165843,0.7484286612193589,0.7074869889781807,0.7188212119511538,0.9058319116458652,0.6282323310810811,0.03623397700481115,0.7821868062019348,0.2612808897668663,0.03924106847678631,0.0438730412851274,0.7910447716712952,11,enddA,2,27.5
student_enddA_s2,test_w40-43,ge5,all,0.9612305871084121,95288,93977,0.8296217781882294,0.7191558099508009,0.7964914695137408,0.7440118326824648,0.7138194266817529,0.7155326158987878,0.9128403758366409,0.6326460713181055,0.030096770382666387,0.7287363409996033,0.24563347493045748,0.0350944847983022,0.03743649467865921,0.7358619570732117,11,enddA,2,27.5
student_enddA_s2,test_w40-43,ge5,near,0.9612305871084121,95288,10557,0.8296217781882294,0.7191558099508009,0.7702437634671475,0.7594013450790944,0.6934748994879909,0.6706290728892501,0.9388083735909822,0.598338104677991,0.030096770382666387,0.7287363409996033,0.24563347493045748,0.0350944847983022,0.03743649467865921,0.7358619570732117,11,enddA,2,27.5
student_enddA_s2,test_w40-43,ge5,far,0.9612305871084121,95288,83420,0.8296217781882294,0.7191558099508009,0.7998131793283403,0.7420642531766962,0.7163940751303809,0.7212152663849024,0.9095540637736754,0.6369878263387203,0.030096770382666387,0.7287363409996033,0.24563347493045748,0.0350944847983022,0.03743649467865921,0.7358619570732117,11,enddA,2,27.5
student_enddA_s2,test_w44-47,all,all,0.9612305871084121,100000,100000,0.79708,0.6852522886826904,0.7788090515000001,0.78318,0.6786575046,0.70324372715,0.91145,0.6028866626000001,0.043134609968885795,0.9271116256713867,0.29448110798410554,0.049889859633588114,0.052765456076413364,0.9396666288375854,11,enddA,2,31.5
student_enddA_s2,test_w44-47,all,near,0.9612305871084121,100000,10628,0.79708,0.6852522886826904,0.7538423913248024,0.7876364320662401,0.6585377060594656,0.6508026731275875,0.939499435453519,0.564397191381257,0.043134609968885795,0.9271116256713867,0.29448110798410554,0.049889859633588114,0.052765456076413364,0.9396666288375854,11,enddA,2,31.5
student_enddA_s2,test_w44-47,all,far,0.9612305871084121,100000,89372,0.79708,0.6852522886826904,0.7817780536969072,0.7826500469945844,0.6810501244237569,0.7094799479143356,0.9081143982455355,0.607463779595399,0.043134609968885795,0.9271116256713867,0.29448110798410554,0.049889859633588114,0.052765456076413364,0.9396666288375854,11,enddA,2,31.5
student_enddA_s2,test_w44-47,ge5,all,0.9612305871084121,94936,92436,0.8063221538720823,0.6915816487286849,0.7797288220307385,0.7828659829503657,0.6865410538348633,0.7032847702519036,0.9171751265740621,0.6100698131336157,0.03559956333500392,0.8654975295066833,0.2789520734193662,0.04492212370746667,0.04494525299051952,0.875873863697052,11,enddA,2,31.5
student_enddA_s2,test_w44-47,ge5,near,0.9612305871084121,94936,10310,0.8063221538720823,0.6915816487286849,0.7539736811412161,0.7910766246362755,0.6659388984866788,0.6516399383295803,0.9413191076624636,0.5716867995485366,0.03559956333500392,0.8654975295066833,0.2789520734193662,0.04492212370746667,0.04494525299051952,0.875873863697052,11,enddA,2,31.5
student_enddA_s2,test_w44-47,ge5,far,0.9612305871084121,94936,82126,0.8063221538720823,0.6915816487286849,0.7829620916721549,0.7818352287947787,0.6891274238229278,0.7097682007991014,0.9141441200107152,0.6148883708383885,0.03559956333500392,0.8654975295066833,0.2789520734193662,0.04492212370746667,0.04494525299051952,0.875873863697052,11,enddA,2,31.5
student_enddA_s2,test_w48-51,all,all,0.9612305871084121,100000,100000,0.7861,0.6745701954853186,0.7795892966,0.78853,0.6720918739999999,0.7101213027000001,0.9141,0.6004678473,0.051646264517381774,1.0010180473327637,0.3116713267187733,0.05420298410324742,0.061297745465636266,1.0162067413330078,11,enddA,2,35.333333333333336
student_enddA_s2,test_w48-51,all,near,0.9612305871084121,100000,10972,0.7861,0.6745701954853186,0.7434880582391543,0.7943857090776522,0.6441912768866206,0.6468597037914692,0.9443127962085308,0.554711453700328,0.051646264517381774,1.0010180473327637,0.3116713267187733,0.05420298410324742,0.061297745465636266,1.0162067413330078,11,enddA,2,35.333333333333336
student_enddA_s2,test_w48-51,all,far,0.9612305871084121,100000,89028,0.7861,0.6745701954853186,0.7840384899694478,0.787808329963607,0.6755304029069505,0.7179177966482455,0.9103765107606596,0.6061069625286426,0.051646264517381774,1.0010180473327637,0.3116713267187733,0.05420298410324742,0.061297745465636266,1.0162067413330078,11,enddA,2,35.333333333333336
student_enddA_s2,test_w48-51,ge5,all,0.9612305871084121,94668,93780,0.7965415980056619,0.6813651697201952,0.7800027063972309,0.785487310727234,0.6809877511074316,0.7101233862259047,0.9200789080827468,0.6090544712259872,0.04267228195000579,0.923101007938385,0.29341633437032144,0.04781788443483624,0.052109996781317294,0.9354296326637268,11,enddA,2,35.333333333333336
student_enddA_s2,test_w48-51,ge5,near,0.9612305871084121,94668,10675,0.7965415980056619,0.6813651697201952,0.7437613505262171,0.7976580796252928,0.65296820571218,0.6483616991969667,0.9463231850117096,0.5636372199395416,0.04267228195000579,0.923101007938385,0.29341633437032144,0.04781788443483624,0.052109996781317294,0.9354296326637268,11,enddA,2,35.333333333333336
student_enddA_s2,test_w48-51,ge5,far,0.9612305871084121,94668,83105,0.7965415980056619,0.6813651697201952,0.7846579795326989,0.7839239516274592,0.6845869165859747,0.7180567958767551,0.916707779315324,0.6148884060973283,0.04267228195000579,0.923101007938385,0.29341633437032144,0.04781788443483624,0.052109996781317294,0.9354296326637268,11,enddA,2,35.333333333333336
student_kdA4_s2,val,all,all,1.7122547629065048,200000,53779,0.926945,0.8941816829682661,0.8406051874802433,0.7434128563193811,0.8169359293590435,0.801225612367281,0.7284999721080719,0.7743081876754867,0.0363132876293361,0.314170241355896,0.11023691648919759,0.005904031098486826,0.005466877126991737,0.2545388340950012,11,kdA4,2,1.0
student_kdA4_s2,val,all,near,1.7122547629065048,200000,10959,0.926945,0.8941816829682661,0.8474455531982845,0.7288073729354868,0.8225767747969706,0.7955509414636373,0.7624783283146273,0.7700335518751712,0.0363132876293361,0.314170241355896,0.11023691648919759,0.005904031098486826,0.005466877126991737,0.2545388340950012,11,kdA4,2,1.0
student_kdA4_s2,val,all,far,1.7122547629065048,200000,42820,0.926945,0.8941816829682661,0.8388545203176087,0.7471508640822045,0.8154922575899112,0.8026779411489957,0.7198038299859879,0.7754022029425502,0.0363132876293361,0.314170241355896,0.11023691648919759,0.005904031098486826,0.005466877126991737,0.2545388340950012,11,kdA4,2,1.0
student_kdA4_s2,val,ge5,all,1.7122547629065048,191366,52270,0.9386202355695369,0.9071629813186709,0.8518826895194492,0.7032906064664244,0.8319108092648122,0.8140465621763943,0.6653529749378229,0.7898233198381314,0.03058220943347235,0.2580292224884033,0.0927920474276764,0.004410410389183673,0.005053462941331653,0.20905154943466187,11,kdA4,2,1.0
student_kdA4_s2,val,ge5,near,1.7122547629065048,191366,10483,0.9386202355695369,0.9071629813186709,0.8568422681529659,0.6951254411904989,0.8361637192889381,0.8075519160538787,0.7092435371553945,0.7845942366393933,0.03058220943347235,0.2580292224884033,0.0927920474276764,0.004410410389183673,0.005053462941331653,0.20905154943466187,11,kdA4,2,1.0
student_kdA4_s2,val,ge5,far,1.7122547629065048,191366,41787,0.9386202355695369,0.9071629813186709,0.8506384924530133,0.7053389810228061,0.8308438923819798,0.8156758577779528,0.6543422595544068,0.7911351268396482,0.03058220943347235,0.2580292224884033,0.0927920474276764,0.004410410389183673,0.005053462941331653,0.20905154943466187,11,kdA4,2,1.0
student_kdA4_s2,test_w16-19,all,all,1.7122547629065048,100000,100000,0.91903,0.8839201976795349,0.85551539715,0.68974,0.8236500294000002,0.8342237826500001,0.61666,0.7965094818999998,0.04121824236929414,0.3627668023109436,0.12328134719973957,0.007417390728957969,0.0064981097112595775,0.2874380350112915,11,kdA4,2,3.5
student_kdA4_s2,test_w16-19,all,near,1.7122547629065048,100000,11980,0.91903,0.8839201976795349,0.8146597616861435,0.7050083472454091,0.78562316360601,0.810454506260434,0.6323038397328882,0.7751714407345576,0.04121824236929414,0.3627668023109436,0.12328134719973957,0.007417390728957969,0.0064981097112595775,0.2874380350112915,11,kdA4,2,3.5
student_kdA4_s2,test_w16-19,all,far,1.7122547629065048,100000,88020,0.91903,0.8839201976795349,0.8610760710065894,0.6876618950238582,0.8288256923426494,0.8374589102476709,0.6145307884571688,0.7994137051806408,0.04121824236929414,0.3627668023109436,0.12328134719973957,0.007417390728957969,0.0064981097112595775,0.2874380350112915,11,kdA4,2,3.5
student_kdA4_s2,test_w16-19,ge5,all,1.7122547629065048,96085,89545,0.9285528438361867,0.8922225097822558,0.856155867620201,0.6962644480428835,0.8299125507025127,0.8337122819259601,0.5896811658942431,0.8005101880563882,0.03677768165616589,0.3173051178455353,0.1087104018612663,0.005971186021651828,0.0065771731443960086,0.25004318356513977,11,kdA4,2,3.5
student_kdA4_s2,test_w16-19,ge5,near,1.7122547629065048,96085,11402,0.9285528438361867,0.8922225097822558,0.8192617880022163,0.6896158568672163,0.7944451919558266,0.8157188260880038,0.6073495877916155,0.7841211330993048,0.03677768165616589,0.3173051178455353,0.1087104018612663,0.005971186021651828,0.0065771731443960086,0.25004318356513977,11,kdA4,2,3.5
student_kdA4_s2,test_w16-19,ge5,far,1.7122547629065048,96085,78143,0.9285528438361867,0.8922225097822558,0.8615391558968766,0.6972345571580308,0.8350876633092685,0.8363377427281355,0.5871031314385166,0.8029015475463064,0.03677768165616589,0.3173051178455353,0.1087104018612663,0.005971186021651828,0.0065771731443960086,0.25004318356513977,11,kdA4,2,3.5
student_kdA4_s2,test_w20-23,all,all,1.7122547629065048,100000,100000,0.90746,0.8593338901573654,0.8468149822,0.71255,0.8089534006,0.8308394444,0.62046,0.7857606281999999,0.048860109939724214,0.44847390055656433,0.1424773020799827,0.01001904046821897,0.008730473995357762,0.3457005023956299,11,kdA4,2,7.5
student_kdA4_s2,test_w20-23,all,near,1.7122547629065048,100000,13417,0.90746,0.8593338901573654,0.7994641030036521,0.7271372139822613,0.7650959253186256,0.7996944041141835,0.6595364090333159,0.7586822888872327,0.048860109939724214,0.44847390055656433,0.1424773020799827,0.01001904046821897,0.008730473995357762,0.3457005023956299,11,kdA4,2,7.5
student_kdA4_s2,test_w20-23,all,far,1.7122547629065048,100000,86583,0.90746,0.8593338901573654,0.8541525282099258,0.7102895487566844,0.8157496047722993,0.8356657152096831,0.6144046752826767,0.7899567184089255,0.048860109939724214,0.44847390055656433,0.1424773020799827,0.01001904046821897,0.008730473995357762,0.3457005023956299,11,kdA4,2,7.5
student_kdA4_s2,test_w20-23,ge5,all,1.7122547629065048,95941,89776,0.9179078808851273,0.8684832308782859,0.846771446891842,0.725249509891285,0.8154967291308035,0.830202781994959,0.6020651399037604,0.7905610900478213,0.043245154724956006,0.4011278450489044,0.1264746761682181,0.008182333524196676,0.007194704049502674,0.3075200617313385,11,kdA4,2,7.5
student_kdA4_s2,test_w20-23,ge5,near,1.7122547629065048,95941,12762,0.9179078808851273,0.8684832308782859,0.8029478897615799,0.7156401817896881,0.7737348115305043,0.8045243549774028,0.6401034320639398,0.7679436039611014,0.043245154724956006,0.4011278450489044,0.1264746761682181,0.008182333524196676,0.007194704049502674,0.3075200617313385,11,kdA4,2,7.5
student_kdA4_s2,test_w20-23,ge5,far,1.7122547629065048,95941,77014,0.9179078808851273,0.8684832308782859,0.8540334542683764,0.7268418729062248,0.8224171019515245,0.8344579574902982,0.5957618095411223,0.7943090366216743,0.043245154724956006,0.4011278450489044,0.1264746761682181,0.008182333524196676,0.007194704049502674,0.3075200617313385,11,kdA4,2,7.5
student_kdA4_s2,test_w24-27,all,all,1.7122547629065048,100000,100000,0.90003,0.8330898851786992,0.83297871945,0.72129,0.7908569371,0.8146435365,0.63779,0.7653729117000001,0.05453436136811972,0.5128387212753296,0.15608059493975307,0.012652824196126799,0.01076097615599634,0.3882158696651459,11,kdA4,2,11.5
student_kdA4_s2,test_w24-27,all,near,1.7122547629065048,100000,12494,0.90003,0.8330898851786992,0.7915396970545863,0.7328317592444373,0.7528370489835121,0.7933313810629101,0.6581559148391227,0.7474770065631503,0.05453436136811972,0.5128387212753296,0.15608059493975307,0.012652824196126799,0.01076097615599634,0.3882158696651459,11,kdA4,2,11.5
student_kdA4_s2,test_w24-27,all,far,1.7122547629065048,100000,87506,0.90003,0.8330898851786992,0.8388953325486252,0.7196420816858272,0.7962853703746029,0.8176864600713094,0.6348821795076909,0.767928067218248,0.05453436136811972,0.5128387212753296,0.15608059493975307,0.012652824196126799,0.01076097615599634,0.3882158696651459,11,kdA4,2,11.5
student_kdA4_s2,test_w24-27,ge5,all,1.7122547629065048,96204,89771,0.9087875764001497,0.8398876116506949,0.8303416523598128,0.7393813146784597,0.7944171940862277,0.8116019906148821,0.6340577692127747,0.7675031298632916,0.04952068542728209,0.4670352339744568,0.14255661339085815,0.010932646877785465,0.009684104863189453,0.3524881899356842,11,kdA4,2,11.5
student_kdA4_s2,test_w24-27,ge5,near,1.7122547629065048,96204,11977,0.9087875764001497,0.8398876116506949,0.7952302070055989,0.722134090339818,0.7607171086619748,0.7983086133652832,0.6405610753945061,0.7561634224803673,0.04952068542728209,0.4670352339744568,0.14255661339085815,0.010932646877785465,0.009684104863189453,0.3524881899356842,11,kdA4,2,11.5
student_kdA4_s2,test_w24-27,ge5,far,1.7122547629065048,96204,77794,0.9087875764001497,0.8398876116506949,0.8357473363586743,0.7420366609250071,0.799605588089959,0.813648610911029,0.6330565339229246,0.7692489672713857,0.04952068542728209,0.4670352339744568,0.14255661339085815,0.010932646877785465,0.009684104863189453,0.3524881899356842,11,kdA4,2,11.5
student_kdA4_s2,test_w28-31,all,all,1.7122547629065048,100000,100000,0.87764,0.7750794486300241,0.8127825775,0.74684,0.7596977802000001,0.80421604545,0.68961,0.743577538,0.06979756859228016,0.6915222406387329,0.1929298395434965,0.018503731015972035,0.019231233426630464,0.5065025091171265,11,kdA4,2,15.5
student_kdA4_s2,test_w28-31,all,near,1.7122547629065048,100000,15990,0.87764,0.7750794486300241,0.7773797282676673,0.7520325203252033,0.7279471156973107,0.7789223727329581,0.7227642276422764,0.7238365278298937,0.06979756859228016,0.6915222406387329,0.1929298395434965,0.018503731015972035,0.019231233426630464,0.5065025091171265,11,kdA4,2,15.5
student_kdA4_s2,test_w28-31,all,far,1.7122547629065048,100000,84010,0.87764,0.7750794486300241,0.8195209605404119,0.7458516843232949,0.7657410265444592,0.8090303035948101,0.6832996071896202,0.7473349329841685,0.06979756859228016,0.6915222406387329,0.1929298395434965,0.018503731015972035,0.019231233426630464,0.5065025091171265,11,kdA4,2,15.5
student_kdA4_s2,test_w28-31,ge5,all,1.7122547629065048,95576,94669,0.8864254624591947,0.7814893533458304,0.8164565248442603,0.7458830240099716,0.768282602450506,0.8102277507350345,0.658990799522547,0.7531415238761394,0.06439967630951013,0.6380627155303955,0.17891160390681357,0.016308451806757034,0.018495133066974093,0.46592146158218384,11,kdA4,2,15.5
student_kdA4_s2,test_w28-31,ge5,near,1.7122547629065048,95576,15420,0.8864254624591947,0.7814893533458304,0.7818681782987269,0.7497405966277562,0.7369657934194226,0.7862982112713122,0.6976005188067445,0.7344873005362965,0.06439967630951013,0.6380627155303955,0.17891160390681357,0.016308451806757034,0.018495133066974093,0.46592146158218384,11,kdA4,2,15.5
student_kdA4_s2,test_w28-31,ge5,far,1.7122547629065048,95576,79249,0.8864254624591947,0.7814893533458304,0.8231866072898703,0.7451324306931317,0.7743761202899655,0.8148838788695295,0.651478252091509,0.7567711990001207,0.06439967630951013,0.6380627155303955,0.17891160390681357,0.016308451806757034,0.018495133066974093,0.46592146158218384,11,kdA4,2,15.5
student_kdA4_s2,test_w32-35,all,all,1.7122547629065048,100000,100000,0.84571,0.7316646395563767,0.79388597735,0.77473,0.7249225009000001,0.7851265414499999,0.73237,0.7070883950000001,0.0955062123797834,0.9076237678527832,0.24496608430779282,0.027120646448244357,0.03964465420093388,0.6441729068756104,11,kdA4,2,19.5
student_kdA4_s2,test_w32-35,all,near,1.7122547629065048,100000,16559,0.84571,0.7316646395563767,0.7486513488133342,0.799504801014554,0.6873130654025,0.7527174542544839,0.7694305211667372,0.682222684944743,0.0955062123797834,0.9076237678527832,0.24496608430779282,0.027120646448244357,0.03964465420093388,0.6441729068756104,11,kdA4,2,19.5
student_kdA4_s2,test_w32-35,all,far,1.7122547629065048,100000,83441,0.84571,0.7316646395563767,0.8028628617825768,0.7698134010857971,0.7323861535695881,0.791558176675735,0.7250152802579067,0.7120230349588332,0.0955062123797834,0.9076237678527832,0.24496608430779282,0.027120646448244357,0.03964465420093388,0.6441729068756104,11,kdA4,2,19.5
student_kdA4_s2,test_w32-35,ge5,all,1.7122547629065048,95262,94615,0.8556612290315131,0.7365370790765707,0.7965982633322838,0.7751202240659515,0.7333708093097309,0.7905871650471927,0.7239761137240396,0.7169297408004665,0.08860825723037241,0.8420751094818115,0.22910606262533428,0.02433453983445804,0.03725058101612694,0.5970751643180847,11,kdA4,2,19.5
student_kdA4_s2,test_w32-35,ge5,near,1.7122547629065048,95262,16006,0.8556612290315131,0.7365370790765707,0.7531257416477681,0.7983881044608272,0.6966301540157729,0.7600135609745535,0.7573409971260777,0.6932985325806301,0.08860825723037241,0.8420751094818115,0.22910606262533428,0.02433453983445804,0.03725058101612694,0.5970751643180847,11,kdA4,2,19.5
student_kdA4_s2,test_w32-35,ge5,far,1.7122547629065048,95262,78609,0.8556612290315131,0.7365370790765707,0.8054499365768532,0.7703825261738477,0.7408517711415196,0.7968124205114101,0.7171825109084201,0.7217414178192134,0.08860825723037241,0.8420751094818115,0.22910606262533428,0.02433453983445804,0.03725058101612694,0.5970751643180847,11,kdA4,2,19.5
student_kdA4_s2,test_w36-39,all,all,1.7122547629065048,100000,100000,0.82818,0.7204088785394462,0.7949125449,0.78352,0.7150180585,0.7870550364000001,0.77275,0.6985531145,0.1087132286374271,0.9878591895103455,0.2734834067039027,0.03337594351270259,0.050663707922846093,0.698626697063446,11,kdA4,2,23.5
student_kdA4_s2,test_w36-39,all,near,1.7122547629065048,100000,12548,0.82818,0.7204088785394462,0.7484635081287854,0.7955849537774944,0.676385592923175,0.7601161595473382,0.7879343321644884,0.6772928833280205,0.1087132286374271,0.9878591895103455,0.2734834067039027,0.03337594351270259,0.050663707922846093,0.698626697063446,11,kdA4,2,23.5
student_kdA4_s2,test_w36-39,all,far,1.7122547629065048,100000,87452,0.82818,0.7204088785394462,0.8015772582673923,0.781788867035631,0.720561215638293,0.790920345675342,0.7705712848191008,0.7016036265608562,0.1087132286374271,0.9878591895103455,0.2734834067039027,0.03337594351270259,0.050663707922846093,0.698626697063446,11,kdA4,2,23.5
student_kdA4_s2,test_w36-39,ge5,all,1.7122547629065048,95184,91735,0.84063498066902,0.7255826130279595,0.7954830808607415,0.7773913991388238,0.7225258313375946,0.7909799755196473,0.7373957595247179,0.7077922207543758,0.10094223425069697,0.9204282760620117,0.2557380814289517,0.030122624839179428,0.04752288747115153,0.6485332250595093,11,kdA4,2,23.5
student_kdA4_s2,test_w36-39,ge5,near,1.7122547629065048,95184,12085,0.84063498066902,0.7255826130279595,0.7530561685268098,0.78585022755482,0.6862193569141315,0.7671516229037705,0.7539925527513447,0.6890191767939498,0.10094223425069697,0.9204282760620117,0.2557380814289517,0.030122624839179428,0.04752288747115153,0.6485332250595093,11,kdA4,2,23.5
student_kdA4_s2,test_w36-39,ge5,far,1.7122547629065048,95184,79650,0.84063498066902,0.7255826130279595,0.8019203593987901,0.7761079723791589,0.7280344784613555,0.7945953633584779,0.7348775894538606,0.7106405853025459,0.10094223425069697,0.9204282760620117,0.2557380814289517,0.030122624839179428,0.04752288747115153,0.6485332250595093,11,kdA4,2,23.5
student_kdA4_s2,test_w40-43,all,all,1.7122547629065048,100000,100000,0.82065,0.7076224455857115,0.7888995327499999,0.78661,0.704775905,0.7819788254000001,0.76866,0.6893399554,0.1165829528521001,1.0731821060180664,0.2887922695153256,0.03616414001022212,0.05807913456276061,0.7483402490615845,11,kdA4,2,27.5
student_kdA4_s2,test_w40-43,all,near,1.7122547629065048,100000,10904,0.82065,0.7076224455857115,0.7393464811078503,0.8051173881144534,0.6639456291269259,0.7521153081438006,0.7909941305942774,0.6660783198826118,0.1165829528521001,1.0731821060180664,0.2887922695153256,0.03616414001022212,0.05807913456276061,0.7483402490615845,11,kdA4,2,27.5
student_kdA4_s2,test_w40-43,all,far,1.7122547629065048,100000,89096,0.82065,0.7076224455857115,0.7949640752110084,0.7843449762054413,0.7097729119152376,0.7856336672802371,0.765926640926641,0.692186827018048,0.1165829528521001,1.0731821060180664,0.2887922695153256,0.03616414001022212,0.05807913456276061,0.7483402490615845,11,kdA4,2,27.5
student_kdA4_s2,test_w40-43,ge5,all,1.7122547629065048,95288,93977,0.8316682058601292,0.7148617456669684,0.792340691732318,0.7785521989422944,0.7137893741306635,0.7896063163446105,0.7373719101482278,0.7009424297640667,0.10973205684695397,1.0047763586044312,0.272502855560468,0.03283749122296208,0.05568056581109505,0.6983111500740051,11,kdA4,2,27.5
student_kdA4_s2,test_w40-43,ge5,near,1.7122547629065048,95288,10557,0.8316682058601292,0.7148617456669684,0.7437042975272377,0.7969120015155821,0.6732880446065416,0.7595976788299335,0.7697262479871175,0.6778084914649936,0.10973205684695397,1.0047763586044312,0.272502855560468,0.03283749122296208,0.05568056581109505,0.6983111500740051,11,kdA4,2,27.5
student_kdA4_s2,test_w40-43,ge5,far,1.7122547629065048,95288,83420,0.8316682058601292,0.7148617456669684,0.7984957434420163,0.7762287221289859,0.7189149139986346,0.7934039810082695,0.7332773915128267,0.7038700848422653,0.10973205684695397,1.0047763586044312,0.272502855560468,0.03283749122296208,0.05568056581109505,0.6983111500740051,11,kdA4,2,27.5
student_kdA4_s2,test_w44-47,all,all,1.7122547629065048,100000,100000,0.80006,0.6825118167400358,0.7752973639499999,0.8008,0.6801688693000001,0.7671104571,0.79323,0.6663891397000001,0.13077470842942596,1.3162569999694824,0.32411528752216057,0.04638929488154468,0.06608046774253251,0.9047513008117676,11,kdA4,2,31.5
student_kdA4_s2,test_w44-47,all,near,1.7122547629065048,100000,10628,0.80006,0.6825118167400358,0.7179745474219044,0.8277192322167859,0.6352209616108393,0.7329632786036884,0.8321415129845691,0.6407355146782086,0.13077470842942596,1.3162569999694824,0.32411528752216057,0.04638929488154468,0.06608046774253251,0.9047513008117676,11,kdA4,2,31.5
student_kdA4_s2,test_w44-47,all,far,1.7122547629065048,100000,89372,0.80006,0.6825118167400358,0.7821141174528934,0.7975988005191783,0.6855140150158887,0.7711711943897417,0.7886026943561741,0.6694398348476033,0.13077470842942596,1.3162569999694824,0.32411528752216057,0.04638929488154468,0.06608046774253251,0.9047513008117676,11,kdA4,2,31.5
student_kdA4_s2,test_w44-47,ge5,all,1.7122547629065048,94936,92436,0.8111569899721918,0.6903176544005536,0.7772905234708012,0.8029555584404344,0.6887393839580063,0.7719900959408088,0.7761153663074992,0.6762970178209122,0.12329010316635747,1.2331987619400024,0.3072342066879316,0.04243566122070441,0.06292141708866761,0.8465136289596558,11,kdA4,2,31.5
student_kdA4_s2,test_w44-47,ge5,near,1.7122547629065048,94936,10310,0.8111569899721918,0.6903176544005536,0.7215745962341918,0.826188166828322,0.644374348838979,0.740315573360484,0.8190106692531522,0.6525726566356164,0.12329010316635747,1.2331987619400024,0.3072342066879316,0.04243566122070441,0.06292141708866761,0.8465136289596558,11,kdA4,2,31.5
student_kdA4_s2,test_w44-47,ge5,far,1.7122547629065048,94936,82126,0.8111569899721918,0.6903176544005536,0.7842850344637806,0.8000389645179359,0.6943089175049604,0.7759664776932762,0.7707303411830602,0.6792753458025551,0.12329010316635747,1.2331987619400024,0.3072342066879316,0.04243566122070441,0.06292141708866761,0.8465136289596558,11,kdA4,2,31.5
student_kdA4_s2,test_w48-51,all,all,1.7122547629065048,100000,100000,0.79048,0.6742581878646641,0.7772188119,0.80505,0.6760981565999999,0.765116847,0.78639,0.6579355451,0.13975159196078774,1.4575345516204834,0.3410680194920041,0.049274551625964794,0.07396635148599745,0.9889135360717773,11,kdA4,2,35.333333333333336
student_kdA4_s2,test_w48-51,all,near,1.7122547629065048,100000,10972,0.79048,0.6742581878646641,0.7098173423259205,0.8323915421071819,0.6235967016040831,0.7195099038461539,0.8298395916879329,0.6236543893547212,0.13975159196078774,1.4575345516204834,0.3410680194920041,0.049274551625964794,0.07396635148599745,0.9889135360717773,11,kdA4,2,35.333333333333336
student_kdA4_s2,test_w48-51,all,far,1.7122547629065048,100000,89028,0.79048,0.6742581878646641,0.7855255123107336,0.8016803702206048,0.6825685475356069,0.7707375436379567,0.7810351799433886,0.6621604276182774,0.13975159196078774,1.4575345516204834,0.3410680194920041,0.049274551625964794,0.07396635148599745,0.9889135360717773,11,kdA4,2,35.333333333333336
student_kdA4_s2,test_w48-51,ge5,all,1.7122547629065048,94668,93780,0.802488697342291,0.682655117527111,0.7785336569651552,0.8086798891021539,0.6851896947771716,0.7712533304253697,0.7743868628705481,0.6696731519231124,0.13147856720730333,1.3488126993179321,0.3225001249084836,0.044755143082129266,0.06988597378912623,0.9156988263130188,11,kdA4,2,35.333333333333336
student_kdA4_s2,test_w48-51,ge5,near,1.7122547629065048,94668,10675,0.802488697342291,0.682655117527111,0.714345066782877,0.8284777517564402,0.6340390680251329,0.7275510946229046,0.8142388758782202,0.6364867533118823,0.13147856720730333,1.3488126993179321,0.3225001249084836,0.044755143082129266,0.06988597378912623,0.9156988263130188,11,kdA4,2,35.333333333333336
student_kdA4_s2,test_w48-51,ge5,far,1.7122547629065048,94668,83105,0.802488697342291,0.682655117527111,0.7867788070788163,0.8061368148727514,0.6917600929551153,0.7768669681991657,0.7692677937548884,0.6739360098158369,0.13147856720730333,1.3488126993179321,0.3225001249084836,0.044755143082129266,0.06988597378912623,0.9156988263130188,11,kdA4,2,35.333333333333336
student_kdB4_s2,val,all,all,1.939991328145523,200000,53779,0.92751,0.893950097829175,0.8346713707023188,0.7703378642220942,0.8148776562412839,0.7957125748433403,0.7408096096989532,0.7707332211458002,0.04114441409207878,0.35414284467697144,0.11317080255599746,0.006019464500067147,0.005723441837653484,0.2607250511646271,11,kdB4,2,1.0
student_kdB4_s2,val,all,near,1.939991328145523,200000,10959,0.92751,0.893950097829175,0.8300720394196551,0.7380235422940049,0.8118785190254584,0.7918592688657724,0.7341910758280865,0.7667979418742586,0.04114441409207878,0.35414284467697144,0.11317080255599746,0.006019464500067147,0.005723441837653484,0.2607250511646271,11,kdB4,2,1.0
student_kdB4_s2,val,all,far,1.939991328145523,200000,42820,0.92751,0.893950097829175,0.8358484858710883,0.7786081270434376,0.8156452308500701,0.7966987584072864,0.7425035030359645,0.7717403842830453,0.04114441409207878,0.35414284467697144,0.11317080255599746,0.006019464500067147,0.005723441837653484,0.2607250511646271,11,kdB4,2,1.0
student_kdB4_s2,val,ge5,all,1.939991328145523,191366,52270,0.9388240335273769,0.906292036098758,0.8465911714132424,0.7314329443275301,0.8302017831420054,0.8090863614373303,0.6938970728907595,0.7865247414247863,0.035054381120388424,0.2959476113319397,0.09608595921848628,0.004594136573440967,0.00577568912641779,0.2160070389509201,11,kdB4,2,1.0
student_kdB4_s2,val,ge5,near,1.939991328145523,191366,10483,0.9388240335273769,0.906292036098758,0.8389171351931388,0.7051416579223505,0.824933964645325,0.8031798367999061,0.6853000095392541,0.7806616005796726,0.035054381120388424,0.2959476113319397,0.09608595921848628,0.004594136573440967,0.00577568912641779,0.2160070389509201,11,kdB4,2,1.0
student_kdB4_s2,val,ge5,far,1.939991328145523,191366,41787,0.9388240335273769,0.906292036098758,0.8485163376538278,0.7380285734797903,0.8315233075706723,0.8105681164753593,0.6960537966353172,0.7879956128795291,0.035054381120388424,0.2959476113319397,0.09608595921848628,0.004594136573440967,0.00577568912641779,0.2160070389509201,11,kdB4,2,1.0
student_kdB4_s2,test_w16-19,all,all,1.939991328145523,100000,100000,0.91918,0.8856353841092036,0.8540803291000001,0.70451,0.8245288591,0.8377650256,0.61699,0.8008008626,0.0468193072966486,0.4044472575187683,0.12716736437825998,0.007671324279498773,0.006370121197551523,0.29172372817993164,11,kdB4,2,3.5
student_kdB4_s2,test_w16-19,all,near,1.939991328145523,100000,11980,0.91918,0.8856353841092036,0.7935800701168614,0.7874791318864774,0.7745905317195325,0.7909812550083473,0.7026711185308848,0.7597591878130217,0.0468193072966486,0.4044472575187683,0.12716736437825998,0.007671324279498773,0.006370121197551523,0.29172372817993164,11,kdB4,2,3.5
student_kdB4_s2,test_w16-19,all,far,1.939991328145523,100000,88020,0.91918,0.8856353841092036,0.8623147428993411,0.6932174505794138,0.8313257366507614,0.844132550840718,0.6053283344694388,0.8063868574187685,0.0468193072966486,0.4044472575187683,0.12716736437825998,0.007671324279498773,0.006370121197551523,0.29172372817993164,11,kdB4,2,3.5
student_kdB4_s2,test_w16-19,ge5,all,1.939991328145523,96085,89545,0.9287505854191601,0.8944027988002742,0.8546752757234496,0.7166899324362053,0.8311827094923959,0.8377336698465571,0.5956223128036183,0.8054076320745157,0.041470516595841986,0.35237932205200195,0.11226709759104488,0.006211463611490971,0.006569851307055854,0.25258979201316833,11,kdB4,2,3.5
student_kdB4_s2,test_w16-19,ge5,near,1.939991328145523,96085,11402,0.9287505854191601,0.8944027988002742,0.7989722851349323,0.7802139975442904,0.784009760952006,0.7964651353059546,0.6789159796526925,0.7686936494837618,0.041470516595841986,0.35237932205200195,0.11226709759104488,0.006211463611490971,0.006569851307055854,0.25258979201316833,11,kdB4,2,3.5
student_kdB4_s2,test_w16-19,ge5,far,1.939991328145523,96085,78143,0.9287505854191601,0.8944027988002742,0.8628030094768284,0.7074210101992501,0.8380658079050181,0.8437552435106337,0.5834687687956694,0.8107646420370173,0.041470516595841986,0.35237932205200195,0.11226709759104488,0.006211463611490971,0.006569851307055854,0.25258979201316833,11,kdB4,2,3.5
student_kdB4_s2,test_w20-23,all,all,1.939991328145523,100000,100000,0.90391,0.8552784840588191,0.8420025292,0.72576,0.8042629172,0.8324880137499999,0.61396,0.7857561146,0.05707592597492038,0.517280101776123,0.15215605966835244,0.011164687911619248,0.010017490725666302,0.3611942231655121,11,kdB4,2,7.5
student_kdB4_s2,test_w20-23,all,near,1.939991328145523,100000,13417,0.90391,0.8552784840588191,0.7757968804501751,0.7876574495043601,0.7498638018931207,0.781612756950138,0.6919579637772975,0.7417166415741224,0.05707592597492038,0.517280101776123,0.15215605966835244,0.011164687911619248,0.010017490725666302,0.3611942231655121,11,kdB4,2,7.5
student_kdB4_s2,test_w20-23,all,far,1.939991328145523,100000,86583,0.90391,0.8552784840588191,0.852261831710613,0.7161683009366735,0.8126926658812933,0.8403717013155008,0.6018733469618748,0.7925805213494566,0.05707592597492038,0.517280101776123,0.15215605966835244,0.011164687911619248,0.010017490725666302,0.3611942231655121,11,kdB4,2,7.5
student_kdB4_s2,test_w20-23,ge5,all,1.939991328145523,95941,89776,0.9141243055627938,0.8638383945918087,0.8416688285269541,0.7433946711816075,0.8107728832078599,0.8320121451141879,0.6105306540723578,0.7909176493149395,0.05109376715210463,0.4669525921344757,0.13624927700415315,0.009319522846333674,0.00903528476896212,0.323024719953537,11,kdB4,2,7.5
student_kdB4_s2,test_w20-23,ge5,near,1.939991328145523,95941,12762,0.9141243055627938,0.8638383945918087,0.7800701419529532,0.7825575928537847,0.7588658265219388,0.7864372491888963,0.6849239931045291,0.7507774969330627,0.05109376715210463,0.4669525921344757,0.13624927700415315,0.009319522846333674,0.00903528476896212,0.323024719953537,11,kdB4,2,7.5
student_kdB4_s2,test_w20-23,ge5,far,1.939991328145523,95941,77014,0.9141243055627938,0.8638383945918087,0.8518763549254973,0.736904978315631,0.8193744083516746,0.839564367071216,0.5982029241436622,0.797569279209472,0.05109376715210463,0.4669525921344757,0.13624927700415315,0.009319522846333674,0.00903528476896212,0.323024719953537,11,kdB4,2,7.5
student_kdB4_s2,test_w24-27,all,all,1.939991328145523,100000,100000,0.89661,0.8320358153093411,0.8267960845,0.73308,0.7850606572000001,0.81474784445,0.63933,0.7638810576,0.06241530696272848,0.5960202217102051,0.16675030409708466,0.014059148080899454,0.012065130045115972,0.40876492857933044,11,kdB4,2,11.5
student_kdB4_s2,test_w24-27,all,near,1.939991328145523,100000,12494,0.89661,0.8320358153093411,0.75825327277093,0.8200736353449656,0.7295806058908276,0.7625655322554827,0.7452377141027693,0.7210998711381463,0.06241530696272848,0.5960202217102051,0.16675030409708466,0.014059148080899454,0.012065130045115972,0.40876492857933044,11,kdB4,2,11.5
student_kdB4_s2,test_w24-27,all,far,1.939991328145523,100000,87506,0.89661,0.8320358153093411,0.8365825435970105,0.7206591548008137,0.7929820312892829,0.8221983713688203,0.6242086256942381,0.7699893032477774,0.06241530696272848,0.5960202217102051,0.16675030409708466,0.014059148080899454,0.012065130045115972,0.40876492857933044,11,kdB4,2,11.5
student_kdB4_s2,test_w24-27,ge5,all,1.939991328145523,96204,89771,0.9050767119870275,0.8385431625597025,0.8239129184991367,0.7589533368236958,0.7888538488940738,0.8118241455880089,0.6447962036737922,0.7663745552479098,0.057307204581596646,0.5440941452980042,0.1531330929358409,0.012258747605418173,0.010381767310118136,0.3710814118385315,11,kdB4,2,11.5
student_kdB4_s2,test_w24-27,ge5,near,1.939991328145523,96204,11977,0.9050767119870275,0.8385431625597025,0.7625701351099371,0.8218251648993905,0.7379062801640861,0.7678648717471865,0.7408366034900226,0.7298124490384041,0.057307204581596646,0.5440941452980042,0.1531330929358409,0.012258747605418173,0.010381767310118136,0.3710814118385315,11,kdB4,2,11.5
student_kdB4_s2,test_w24-27,ge5,far,1.939991328145523,96204,77794,0.9050767119870275,0.8385431625597025,0.8333571239218229,0.7492737229092218,0.7966976290143793,0.8185920225809842,0.6300100264801912,0.7720035799293924,0.057307204581596646,0.5440941452980042,0.1531330929358409,0.012258747605418173,0.010381767310118136,0.3710814118385315,11,kdB4,2,11.5
student_kdB4_s2,test_w28-31,all,all,1.939991328145523,100000,100000,0.87233,0.7739805212743127,0.807279938,0.75549,0.7529152338,0.80276875025,0.66048,0.7390036052999999,0.0806380364349484,0.7903378009796143,0.20778480557697043,0.021054355967858526,0.023574194735288635,0.5246223211288452,11,kdB4,2,15.5
student_kdB4_s2,test_w28-31,all,near,1.939991328145523,100000,15990,0.87233,0.7739805212743127,0.7480658536585365,0.8295184490306442,0.7064122570356471,0.7508851019387117,0.7418386491557223,0.6982326085053159,0.0806380364349484,0.7903378009796143,0.20778480557697043,0.021054355967858526,0.023574194735288635,0.5246223211288452,11,kdB4,2,15.5
student_kdB4_s2,test_w28-31,all,far,1.939991328145523,100000,84010,0.87233,0.7739805212743127,0.8185504201880729,0.7413998333531723,0.7617663538864422,0.8126439976788478,0.644994643494822,0.7467637319366742,0.0806380364349484,0.7903378009796143,0.20778480557697043,0.021054355967858526,0.023574194735288635,0.5246223211288452,11,kdB4,2,15.5
student_kdB4_s2,test_w28-31,ge5,all,1.939991328145523,95576,94669,0.8806499539633381,0.7799566842057022,0.811091429355049,0.7623192386103159,0.7618690309370529,0.8090597756037008,0.6478678342435221,0.7488812906008429,0.07528006845734866,0.7256913781166077,0.19385297478970295,0.01870124213115155,0.02110518969374353,0.47941040992736816,11,kdB4,2,15.5
student_kdB4_s2,test_w28-31,ge5,near,1.939991328145523,95576,15420,0.8806499539633381,0.7799566842057022,0.753385795029973,0.8284695201037614,0.7159628780084368,0.7585274007161114,0.7391050583657588,0.7089376296596175,0.07528006845734866,0.7256913781166077,0.19385297478970295,0.01870124213115155,0.02110518969374353,0.47941040992736816,11,kdB4,2,15.5
student_kdB4_s2,test_w28-31,ge5,far,1.939991328145523,95576,79249,0.8806499539633381,0.7799566842057022,0.8223195947740785,0.7494479425607894,0.7708012935291267,0.8188921926785743,0.6301152065010284,0.7566533918477191,0.07528006845734866,0.7256913781166077,0.19385297478970295,0.01870124213115155,0.02110518969374353,0.47941040992736816,11,kdB4,2,15.5
student_kdB4_s2,test_w32-35,all,all,1.939991328145523,100000,100000,0.84286,0.7306812004591369,0.7895455359000001,0.78436,0.7204528617,0.7837126197,0.71304,0.7040201801,0.10580330157145862,1.0377197265625,0.25791212054546725,0.030347080901973657,0.039458445065170544,0.6638430953025818,11,kdB4,2,19.5
student_kdB4_s2,test_w32-35,all,near,1.939991328145523,100000,16559,0.84286,0.7306812004591369,0.7207704082372124,0.8575397065040159,0.6683667981158282,0.7244084630714415,0.7924391569539223,0.6587897536083096,0.10580330157145862,1.0377197265625,0.25791212054546725,0.030347080901973657,0.039458445065170544,0.6638430953025818,11,kdB4,2,19.5
student_kdB4_s2,test_w32-35,all,far,1.939991328145523,100000,83441,0.84286,0.7306812004591369,0.8031940700614805,0.7698373701178078,0.7307894243836963,0.7954816245011445,0.6972831102215937,0.712996230630026,0.10580330157145862,1.0377197265625,0.25791212054546725,0.030347080901973657,0.039458445065170544,0.6638430953025818,11,kdB4,2,19.5
student_kdB4_s2,test_w32-35,ge5,all,1.939991328145523,95262,94615,0.8525435115785938,0.7354398220719519,0.7933028776272955,0.7889023939121704,0.7299785872279061,0.7901590988274901,0.697426412302489,0.7148623496643811,0.09919755541979958,0.9644660949707031,0.24221207023646382,0.027248786589593656,0.03868347455879543,0.6140673160552979,11,kdB4,2,19.5
student_kdB4_s2,test_w32-35,ge5,near,1.939991328145523,95262,16006,0.8525435115785938,0.7354398220719519,0.7265917941932574,0.8559290266150194,0.6787033491642205,0.7327258415772278,0.7835186804948144,0.6706129899593378,0.09919755541979958,0.9644660949707031,0.24221207023646382,0.027248786589593656,0.03868347455879543,0.6140673160552979,11,kdB4,2,19.5
student_kdB4_s2,test_w32-35,ge5,far,1.939991328145523,95262,78609,0.8525435115785938,0.7354398220719519,0.8068862790373784,0.7752547418234553,0.7404190133934514,0.8018533922995823,0.6798967039397524,0.7238721990638,0.09919755541979958,0.9644660949707031,0.24221207023646382,0.027248786589593656,0.03868347455879543,0.6140673160552979,11,kdB4,2,19.5
student_kdB4_s2,test_w36-39,all,all,1.939991328145523,100000,100000,0.81835,0.7090367032861952,0.79013450525,0.79754,0.7067767804,0.7882461165500001,0.75632,0.6933640146,0.12625432498246433,1.1653145551681519,0.29755267647413863,0.03752176186414988,0.056470589619204405,0.7385006546974182,11,kdB4,2,23.5
student_kdB4_s2,test_w36-39,all,near,1.939991328145523,100000,12548,0.81835,0.7090367032861952,0.7191277570130699,0.8467484858144724,0.654096628147912,0.7344978522473701,0.7772553394963341,0.652303368664329,0.12625432498246433,1.1653145551681519,0.29755267647413863,0.03752176186414988,0.056470589619204405,0.7385006546974182,11,kdB4,2,23.5
student_kdB4_s2,test_w36-39,all,far,1.939991328145523,100000,87452,0.81835,0.7090367032861952,0.8003228677445913,0.7904793486712711,0.7143355617938983,0.7959581553880986,0.7533161048346522,0.6992555778026803,0.12625432498246433,1.1653145551681519,0.29755267647413863,0.03752176186414988,0.056470589619204405,0.7385006546974182,11,kdB4,2,23.5
student_kdB4_s2,test_w36-39,ge5,all,1.939991328145523,95184,91735,0.8302340729534375,0.7144593284538707,0.7915093047746198,0.7939499645718646,0.7152999080509396,0.7926953101883808,0.7230936937919006,0.7033609575168112,0.11878637521835962,1.0977214574813843,0.2802614732804542,0.03376110604878581,0.054625250439346344,0.690037190914154,11,kdB4,2,23.5
student_kdB4_s2,test_w36-39,ge5,near,1.939991328145523,95184,12085,0.8302340729534375,0.7144593284538707,0.7246096652778795,0.8330988829127017,0.6645297250807843,0.7417880820931859,0.7532478278858089,0.6642316920412946,0.11878637521835962,1.0977214574813843,0.2802614732804542,0.03376110604878581,0.054625250439346344,0.690037190914154,11,kdB4,2,23.5
student_kdB4_s2,test_w36-39,ge5,far,1.939991328145523,95184,79650,0.8302340729534375,0.7144593284538707,0.8016597397189776,0.7880100439422474,0.7230030801939947,0.8004192756815438,0.7185185185185186,0.7092978962898383,0.11878637521835962,1.0977214574813843,0.2802614732804542,0.03376110604878581,0.054625250439346344,0.690037190914154,11,kdB4,2,23.5
student_kdB4_s2,test_w40-43,all,all,1.939991328145523,100000,100000,0.8135,0.7019575959496298,0.78505105925,0.80262,0.6995348017999999,0.78488044695,0.75313,0.6864190875999999,0.12997598005920652,1.2650420665740967,0.3075076972944829,0.040223304310242236,0.06052114476524291,0.7902444005012512,11,kdB4,2,27.5
student_kdB4_s2,test_w40-43,all,near,1.939991328145523,100000,10904,0.8135,0.7019575959496298,0.7117475463132795,0.854090242112986,0.6453503989361702,0.7272431538884813,0.7754035216434336,0.6432512958547322,0.12997598005920652,1.2650420665740967,0.3075076972944829,0.040223304310242236,0.06052114476524291,0.7902444005012512,11,kdB4,2,27.5
student_kdB4_s2,test_w40-43,all,far,1.939991328145523,100000,89096,0.8135,0.7019575959496298,0.7940222981952052,0.7963208224836131,0.7061661514546107,0.7919343780304391,0.7504040585435934,0.6917021710290026,0.12997598005920652,1.2650420665740967,0.3075076972944829,0.040223304310242236,0.06052114476524291,0.7902444005012512,11,kdB4,2,27.5
student_kdB4_s2,test_w40-43,ge5,all,1.939991328145523,95288,93977,0.8241331542271849,0.7079352346233875,0.7897476117552551,0.793555870053311,0.7097780736451458,0.7938504133514066,0.7098971024825224,0.6991696228327149,0.12349591608901349,1.197251796722412,0.2915014470072754,0.0364560098267068,0.05974543005529544,0.7418560981750488,11,kdB4,2,27.5
student_kdB4_s2,test_w40-43,ge5,near,1.939991328145523,95288,10557,0.8241331542271849,0.7079352346233875,0.7172933492114126,0.8423794638628398,0.655606841526265,0.7353876262643433,0.7597802405986549,0.6555848246459464,0.12349591608901349,1.197251796722412,0.2915014470072754,0.0364560098267068,0.05974543005529544,0.7418560981750488,11,kdB4,2,27.5
student_kdB4_s2,test_w40-43,ge5,far,1.939991328145523,95288,83420,0.8241331542271849,0.7079352346233875,0.7989168715212025,0.7873771277871014,0.716633572296297,0.8012490185213675,0.703584272356749,0.7046853830156173,0.12349591608901349,1.197251796722412,0.2915014470072754,0.0364560098267068,0.05974543005529544,0.7418560981750488,11,kdB4,2,27.5
student_kdB4_s2,test_w44-47,all,all,1.939991328145523,100000,100000,0.79269,0.6756926319958054,0.77293194485,0.80792,0.6759483973000001,0.7687543971,0.77996,0.6622167854,0.14600161868825554,1.5451513528823853,0.3440934227712969,0.050462126428818754,0.06969782510966063,0.9491983652114868,11,kdB4,2,31.5
student_kdB4_s2,test_w44-47,all,near,1.939991328145523,100000,10628,0.79269,0.6756926319958054,0.6986531840421528,0.8689311253293188,0.6225263012796387,0.7073920253105006,0.8111592021076401,0.6181507310876929,0.14600161868825554,1.5451513528823853,0.3440934227712969,0.050462126428818754,0.06969782510966063,0.9491983652114868,11,kdB4,2,31.5
student_kdB4_s2,test_w44-47,all,far,1.939991328145523,100000,89372,0.79269,0.6756926319958054,0.7817650768137672,0.8006646376941324,0.6823012822808039,0.7760515291702099,0.7762498321621984,0.6674570622790135,0.14600161868825554,1.5451513528823853,0.3440934227712969,0.050462126428818754,0.06969782510966063,0.9491983652114868,11,kdB4,2,31.5
student_kdB4_s2,test_w44-47,ge5,all,1.939991328145523,94936,92436,0.803404398752844,0.682639792833089,0.776261612777897,0.8058224068544723,0.6856295205585419,0.775088200015809,0.7607425678307153,0.6733975760655835,0.1388457640751241,1.4617714881896973,0.32748398854283123,0.04581326739049737,0.06879404123045028,0.8929728269577026,11,kdB4,2,31.5
student_kdB4_s2,test_w44-47,ge5,near,1.939991328145523,94936,10310,0.803404398752844,0.682639792833089,0.7035963127173244,0.8636275460717749,0.6328626832537834,0.7158009746440442,0.8042677012609117,0.6311086596947398,0.1388457640751241,1.4617714881896973,0.32748398854283123,0.04581326739049737,0.06879404123045028,0.8929728269577026,11,kdB4,2,31.5
student_kdB4_s2,test_w44-47,ge5,far,1.939991328145523,94936,82126,0.803404398752844,0.682639792833089,0.7853839278014523,0.7985656186834863,0.6922538063220278,0.7825310475133482,0.7552784745391228,0.6787064761433105,0.1388457640751241,1.4617714881896973,0.32748398854283123,0.04581326739049737,0.06879404123045028,0.8929728269577026,11,kdB4,2,31.5
student_kdB4_s2,test_w48-51,all,all,1.939991328145523,100000,100000,0.7873,0.6715667900535235,0.77337770375,0.80166,0.6724710147000001,0.76582462475,0.77802,0.6554725618999999,0.14997468831039965,1.6550593376159668,0.3535355249793949,0.05251720677500353,0.0724809138404578,1.009498953819275,11,kdB4,2,35.333333333333336
student_kdB4_s2,test_w48-51,all,near,1.939991328145523,100000,10972,0.7873,0.6715667900535235,0.6834992672256652,0.8683922712358731,0.6077129657309516,0.6919288999270872,0.8155304411228582,0.6011991952242071,0.14997468831039965,1.6550593376159668,0.3535355249793949,0.05251720677500353,0.0724809138404578,1.009498953819275,11,kdB4,2,35.333333333333336
student_kdB4_s2,test_w48-51,all,far,1.939991328145523,100000,89028,0.7873,0.6715667900535235,0.7844545133553489,0.7934357730152312,0.6804519343352653,0.7749316909848588,0.7733971334860943,0.6621613269982478,0.14997468831039965,1.6550593376159668,0.3535355249793949,0.05251720677500353,0.0724809138404578,1.009498953819275,11,kdB4,2,35.333333333333336
student_kdB4_s2,test_w48-51,ge5,all,1.939991328145523,94668,93780,0.7991718426501035,0.6792284108751261,0.7771152288182472,0.8018447430155684,0.6834493094602231,0.7740790666596272,0.753785455320964,0.6691649259975009,0.1421032214136905,1.5425620079040527,0.33524121536998697,0.04682610878274377,0.0708011548534724,0.9378573894500732,11,kdB4,2,35.333333333333336
student_kdB4_s2,test_w48-51,ge5,near,1.939991328145523,94668,10675,0.7991718426501035,0.6792284108751261,0.6890660455783402,0.8635128805620609,0.6192500422281878,0.7008349479987204,0.7991569086651054,0.6152221934928713,0.1421032214136905,1.5425620079040527,0.33524121536998697,0.04682610878274377,0.0708011548534724,0.9378573894500732,11,kdB4,2,35.333333333333336
student_kdB4_s2,test_w48-51,ge5,far,1.939991328145523,94668,83105,0.7991718426501035,0.6792284108751261,0.7884253188379333,0.7939233499789423,0.691695831061835,0.7834874171404067,0.7479574032850009,0.6760939756273296,0.1421032214136905,1.5425620079040527,0.33524121536998697,0.04682610878274377,0.0708011548534724,0.9378573894500732,11,kdB4,2,35.333333333333336
