model,split,flows,unknown,temperature,n_known,n_unknown,accuracy,macro_f1,auroc_msp,fpr95_msp,oscr_msp,auroc_energy,fpr95_energy,oscr_energy,ece,nll,brier,aurc,ece_ts,nll_ts,start,condition,seed,weeks_since
teacherA_0,val,all,all,1.278234194612443,200000,53779,0.970445,0.9576838165203811,0.9000088018092564,0.5823090797523197,0.8923223302776175,0.8205658405697391,0.6071700849774075,0.8103776535450641,0.0068820833534002,0.10350945591926575,0.04266181026409247,0.001106491141971484,0.001563037175349874,0.0989047959446907,11,teacherA_member,0,1.0
teacherA_0,val,all,near,1.278234194612443,200000,10959,0.970445,0.9576838165203811,0.8748400570307511,0.5600875992335067,0.8673083214709372,0.8118126418925085,0.5950360434346199,0.8014266698603888,0.0068820833534002,0.10350945591926575,0.04266181026409247,0.001106491141971484,0.001563037175349874,0.0989047959446907,11,teacherA_member,0,1.0
teacherA_0,val,all,far,1.278234194612443,200000,42820,0.970445,0.9576838165203811,0.9064502841546007,0.5879962634283046,0.8987242107659972,0.822806062529192,0.6102755721625409,0.8126684949789817,0.0068820833534002,0.10350945591926575,0.04266181026409247,0.001106491141971484,0.001563037175349874,0.0989047959446907,11,teacherA_member,0,1.0
teacherA_0,val,ge5,all,1.278234194612443,191366,52270,0.9760824806914499,0.9658891509432183,0.9110917575659332,0.5256935144442318,0.9047905008719436,0.8310522308513871,0.5508896116319112,0.8221491192215823,0.005559083653236058,0.08270235359668732,0.0348820041875905,0.000783312430860486,0.0012830851167157072,0.07884235680103302,11,teacherA_member,0,1.0
teacherA_0,val,ge5,near,1.278234194612443,191366,10483,0.9760824806914499,0.9658891509432183,0.8829613190422227,0.5095869503004865,0.8770660567116455,0.8195802378990039,0.5322903748926834,0.8105033761853903,0.005559083653236058,0.08270235359668732,0.0348820041875905,0.000783312430860486,0.0012830851167157072,0.07884235680103302,11,teacherA_member,0,1.0
teacherA_0,val,ge5,far,1.278234194612443,191366,41787,0.9760824806914499,0.9658891509432183,0.918148770202496,0.5297341278388016,0.9117456627197048,0.8339301809822852,0.5555555555555556,0.8250706576007052,0.005559083653236058,0.08270235359668732,0.0348820041875905,0.000783312430860486,0.0012830851167157072,0.07884235680103302,11,teacherA_member,0,1.0
teacherA_1,val,all,all,1.295048967651576,200000,53779,0.97036,0.9575824560668281,0.903802389733911,0.5752059354022946,0.8956059600401644,0.8423255215325686,0.593596013313747,0.8317479765335912,0.007459077380448541,0.10536789894104004,0.04288762398096882,0.0011468686727328173,0.001911661410666969,0.09998607635498047,11,teacherA_member,1,1.0
teacherA_1,val,all,near,1.295048967651576,200000,10959,0.97036,0.9575824560668281,0.8717544529610366,0.5721324938406789,0.8639618049092069,0.8134708965234053,0.5923898165891048,0.8031191303951091,0.007459077380448541,0.10536789894104004,0.04288762398096882,0.0011468686727328173,0.001911661410666969,0.09998607635498047,11,teacherA_member,1,1.0
teacherA_1,val,all,far,1.295048967651576,200000,42820,0.97036,0.9575824560668281,0.9120044761209716,0.5759925268566091,0.9037047058617468,0.8497103378678188,0.5939047174217655,0.8390750088743577,0.007459077380448541,0.10536789894104004,0.04288762398096882,0.0011468686727328173,0.001911661410666969,0.09998607635498047,11,teacherA_member,1,1.0
teacherA_1,val,ge5,all,1.295048967651576,191366,52270,0.9759413897975607,0.9656069950403194,0.914808345232503,0.5103118423569926,0.9080096601349713,0.8534748759985405,0.5342835278362349,0.8441729086924744,0.006157048805172517,0.08461922407150269,0.035121029707316426,0.0008236366588640237,0.0014273678597962053,0.08004366606473923,11,teacherA_member,1,1.0
teacherA_1,val,ge5,near,1.295048967651576,191366,10483,0.9759413897975607,0.9656069950403194,0.8799690362112996,0.5230372984832586,0.8736939962614175,0.822007812703186,0.5202709148144615,0.8128418333429144,0.006157048805172517,0.08461922407150269,0.035121029707316426,0.0008236366588640237,0.0014273678597962053,0.08004366606473923,11,teacherA_member,1,1.0
teacherA_1,val,ge5,far,1.295048967651576,191366,41787,0.9759413897975607,0.9656069950403194,0.9235483954028734,0.5071194390599947,0.9166183447590522,0.8613689393322377,0.5377988369588628,0.8520328570709041,0.006157048805172517,0.08461922407150269,0.035121029707316426,0.0008236366588640237,0.0014273678597962053,0.08004366606473923,11,teacherA_member,1,1.0
teacherA_2,val,all,all,1.2952232464265883,200000,53779,0.97086,0.9583947734621043,0.9013277825452314,0.5951579612860038,0.8938595846891911,0.8388125509027686,0.6126740921177412,0.8286862021421,0.006963553896620874,0.10412248969078064,0.04216983232858513,0.001105600026103594,0.0018509811495244274,0.09891478717327118,11,teacherA_member,2,1.0
teacherA_2,val,all,near,1.2952232464265883,200000,10959,0.97086,0.9583947734621043,0.8855185778811935,0.5839948900447121,0.8779667319098458,0.8202150645588101,0.5939410530157861,0.8100664572497491,0.006963553896620874,0.10412248969078064,0.04216983232858513,0.001105600026103594,0.0018509811495244274,0.09891478717327118,11,teacherA_member,2,1.0
teacherA_2,val,all,far,1.2952232464265883,200000,42820,0.97086,0.9583947734621043,0.9053738608710883,0.5980149462867819,0.897927071228398,0.8435722391989725,0.6174684726763194,0.8334515871088277,0.006963553896620874,0.10412248969078064,0.04216983232858513,0.001105600026103594,0.0018509811495244274,0.09891478717327118,11,teacherA_member,2,1.0
teacherA_2,val,ge5,all,1.2952232464265883,191366,52270,0.9762444739399894,0.9657620323953592,0.91263084633576,0.5340730820738473,0.9063988476864191,0.850140168293067,0.5482494738855941,0.8411715091164748,0.005882629124579546,0.08401425182819366,0.034739518055810104,0.0007964546102068601,0.0010964296992633368,0.07942058145999908,11,teacherA_member,2,1.0
teacherA_2,val,ge5,near,1.2952232464265883,191366,10483,0.9762444739399894,0.9657620323953592,0.8947243947822958,0.5344844033196604,0.888540145385258,0.8286781652201809,0.5358198988839072,0.8196801010767126,0.005882629124579546,0.08401425182819366,0.034739518055810104,0.0007964546102068601,0.0010964296992633368,0.07942058145999908,11,teacherA_member,2,1.0
teacherA_2,val,ge5,far,1.2952232464265883,191366,41787,0.9762444739399894,0.9657620323953592,0.9171229929755036,0.5339698949434034,0.9108790155908647,0.8555242872346773,0.5513676502261469,0.8465630048084563,0.005882629124579546,0.08401425182819366,0.034739518055810104,0.0007964546102068601,0.0010964296992633368,0.07942058145999908,11,teacherA_member,2,1.0
teacherA_3,val,all,all,1.2918790117432906,200000,53779,0.97087,0.9584062929178994,0.8795594205451943,0.6057011100987374,0.8725251603785864,0.7977921709682219,0.6260808122129455,0.788187856133435,0.006951180295571658,0.10457327216863632,0.042354594689288955,0.0011142215046993976,0.0017565320152789366,0.09932351857423782,11,teacherA_member,3,1.0
teacherA_3,val,all,near,1.2918790117432906,200000,10959,0.97087,0.9584062929178994,0.8579418637649421,0.600875992335067,0.8513016155671136,0.7925315252304042,0.624692033944703,0.7830126617392098,0.006951180295571658,0.10457327216863632,0.042354594689288955,0.0011142215046993976,0.0017565320152789366,0.09932351857423782,11,teacherA_member,3,1.0
teacherA_3,val,all,far,1.2918790117432906,200000,42820,0.97087,0.9584062929178994,0.885092040927137,0.6069360112097151,0.8779569405651566,0.7991385375408687,0.626436244745446,0.7895123529892574,0.006951180295571658,0.10457327216863632,0.042354594689288955,0.0011142215046993976,0.0017565320152789366,0.09932351857423782,11,teacherA_member,3,1.0
teacherA_3,val,ge5,all,1.2918790117432906,191366,52270,0.9762862786492899,0.9661115605996295,0.890618821687401,0.5493017026975321,0.8848683100970722,0.8075904383092406,0.5666539123780371,0.7991139789983243,0.005857283624681747,0.0838763490319252,0.03465516829176933,0.0007973887630021796,0.0011170987444441593,0.07934704422950745,11,teacherA_member,3,1.0
teacherA_3,val,ge5,near,1.2918790117432906,191366,10483,0.9762862786492899,0.9661115605996295,0.8663569634618815,0.5490794619860727,0.8611414698111283,0.8004139887502083,0.568062577506439,0.7919618655272366,0.005857283624681747,0.0838763490319252,0.03465516829176933,0.0007973887630021796,0.0011170987444441593,0.07934704422950745,11,teacherA_member,3,1.0
teacherA_3,val,ge5,far,1.2918790117432906,191366,41787,0.9762862786492899,0.9661115605996295,0.8967053332766063,0.5493574556680307,0.8908206030761701,0.8093907762307792,0.5663005240864384,0.8009082117864499,0.005857283624681747,0.0838763490319252,0.03465516829176933,0.0007973887630021796,0.0011170987444441593,0.07934704422950745,11,teacherA_member,3,1.0
teacherA_4,val,all,all,1.2965102575076488,200000,53779,0.97056,0.9584688539008243,0.8921690613901336,0.5740158798043846,0.8844173442235816,0.8080562051172392,0.6181595046393573,0.798189774633221,0.007592096417546247,0.10420850664377213,0.04243264471879989,0.0011321200084428707,0.001499834051206727,0.0987263023853302,11,teacherA_member,4,1.0
teacherA_4,val,all,near,1.2965102575076488,200000,10959,0.97056,0.9584688539008243,0.8769461337713295,0.5735924810657906,0.869392730632357,0.8368511536180309,0.5966785290628707,0.8264860416096359,0.007592096417546247,0.10420850664377213,0.04243264471879989,0.0011321200084428707,0.001499834051206727,0.0987263023853302,11,teacherA_member,4,1.0
teacherA_4,val,all,far,1.2965102575076488,200000,42820,0.97056,0.9584688539008243,0.896065092772069,0.5741242410088744,0.8882626207379728,0.8006866618986456,0.6236571695469407,0.7909478598785614,0.007592096417546247,0.10420850664377213,0.04243264471879989,0.0011321200084428707,0.001499834051206727,0.0987263023853302,11,teacherA_member,4,1.0
teacherA_4,val,ge5,all,1.2965102575076488,191366,52270,0.9759675177408735,0.9662566625403883,0.9029885231037031,0.517696575473503,0.8965607511792002,0.8186289958435445,0.5694471015879089,0.8099648468742264,0.006428893095867023,0.08392461389303207,0.034964196063593946,0.0008208413385842342,0.0008456041469364857,0.07914431393146515,11,teacherA_member,4,1.0
teacherA_4,val,ge5,near,1.2965102575076488,191366,10483,0.9759675177408735,0.9662566625403883,0.8853195170909245,0.5299055613850997,0.8792457238671001,0.8463480974877885,0.5357245063436039,0.8371797017351633,0.006428893095867023,0.08392461389303207,0.034964196063593946,0.0008208413385842342,0.0008456041469364857,0.07914431393146515,11,teacherA_member,4,1.0
teacherA_4,val,ge5,far,1.2965102575076488,191366,41787,0.9759675177408735,0.9662566625403883,0.907421102375533,0.5146337377653337,0.9009045287012223,0.8116751742594008,0.5779070045707996,0.8031375244173091,0.006428893095867023,0.08392461389303207,0.034964196063593946,0.0008208413385842342,0.0008456041469364857,0.07914431393146515,11,teacherA_member,4,1.0
teacherA,val,all,all,1.065888886650108,200000,53779,0.97368,0.9638540619028597,0.9158339464753901,0.5021476784618532,0.908117000688001,0.837440381050224,0.6012012123691404,0.8284957951988694,0.0014406953948736035,0.08640236407518387,0.03725492530648836,0.0008575740635622637,0.0023125774230063237,0.08614907413721085,11,teacherA,,1.0
teacherA,val,all,near,1.065888886650108,200000,10959,0.97368,0.9638540619028597,0.8893272472397117,0.5146454968519025,0.8819479797426772,0.8279235794780546,0.5866411168902272,0.8188091080390547,0.0014406953948736035,0.08640236407518387,0.03725492530648836,0.0008575740635622637,0.0023125774230063237,0.08614907413721085,11,teacherA,,1.0
teacherA,val,all,far,1.065888886650108,200000,42820,0.97368,0.9638540619028597,0.9226178539234002,0.49894908921064923,0.9148144855207847,0.8398760332788416,0.6049276039234003,0.8309749265530125,0.0014406953948736035,0.08640236407518387,0.03725492530648836,0.0008575740635622637,0.0023125774230063237,0.08614907413721085,11,teacherA,,1.0
teacherA,val,ge5,all,1.065888886650108,191366,52270,0.9790035847538225,0.9715278430581625,0.9253723988717678,0.45169313181557297,0.9191431085909455,0.8492320345136544,0.5338243734455711,0.8413929320141357,0.0013521840418821555,0.0677017793059349,0.030004337820762218,0.0005895902141920957,0.0023652515390427675,0.06761553138494492,11,teacherA,,1.0
teacherA,val,ge5,near,1.065888886650108,191366,10483,0.9790035847538225,0.9715278430581625,0.8972682732048693,0.47667652389583137,0.8913606243399143,0.8371222798284952,0.5129256892111037,0.8290968630816681,0.0013521840418821555,0.0677017793059349,0.030004337820762218,0.0005895902141920957,0.0023652515390427675,0.06761553138494492,11,teacherA,,1.0
teacherA,val,ge5,far,1.065888886650108,191366,41787,0.9790035847538225,0.9715278430581625,0.9324228104678647,0.4454256108359059,0.9261128308108599,0.8522699783326537,0.5390671740014837,0.8444776160215797,0.0013521840418821555,0.0677017793059349,0.030004337820762218,0.0005895902141920957,0.0023652515390427675,0.06761553138494492,11,teacherA,,1.0
teacherB,val,all,all,1.4075419166759908,200000,53779,0.973785,0.9620001887686349,0.9018319085981518,0.5804124286431507,0.8967723521262947,0.8367802816619869,0.5902303873259079,0.828219536064263,0.007960511997714616,0.09651657938957214,0.038595786754934136,0.0009148578895352854,0.001558734053969345,0.08831613510847092,11,teacherB,,1.0
teacherB,val,all,near,1.4075419166759908,200000,10959,0.973785,0.9620001887686349,0.8592135064786933,0.5721324938406789,0.8589162829637741,0.8305916237795419,0.5655625513276759,0.8218254457523497,0.007960511997714616,0.09651657938957214,0.038595786754934136,0.0009148578895352854,0.001558734053969345,0.08831613510847092,11,teacherB,,1.0
teacherB,val,all,far,1.4075419166759908,200000,42820,0.973785,0.9620001887686349,0.912739313288183,0.5825315273236805,0.906460924334423,0.8383641560602522,0.5965436711816908,0.8298559871555348,0.007960511997714616,0.09651657938957214,0.038595786754934136,0.0009148578895352854,0.001558734053969345,0.08831613510847092,11,teacherB,,1.0
teacherB,val,ge5,all,1.4075419166759908,191366,52270,0.9790349382857979,0.9699780572118218,0.9131719158026362,0.5051846183279127,0.9094495741401171,0.8477536569468245,0.5432753013200688,0.8404238041581255,0.006496904037393147,0.07613786309957504,0.03113448354194149,0.0006301341996585101,0.0012202642118055345,0.06924304366111755,11,teacherB,,1.0
teacherB,val,ge5,near,1.4075419166759908,191366,10483,0.9790349382857979,0.9699780572118218,0.8672414328507685,0.5165506057426309,0.8688174154088133,0.8387115626387485,0.5156920728799008,0.8312190537466564,0.006496904037393147,0.07613786309957504,0.03113448354194149,0.0006301341996585101,0.0012202642118055345,0.06924304366111755,11,teacherB,,1.0
teacherB,val,ge5,far,1.4075419166759908,191366,41787,0.9790349382857979,0.9699780572118218,0.9246943809900013,0.5023332615406706,0.9196428620042916,0.85002202449251,0.5501950367339125,0.8427329768329628,0.006496904037393147,0.07613786309957504,0.03113448354194149,0.0006301341996585101,0.0012202642118055345,0.06924304366111755,11,teacherB,,1.0
teacherA_0,test_w16-19,all,all,1.278234194612443,100000,100000,0.96413,0.948924463628763,0.8847889663499999,0.53391,0.8728976043,0.8502515528,0.4826,0.8334805199,0.010617139528840806,0.14456945657730103,0.053466730799549576,0.0019782624704802365,0.0024010058350861134,0.13257738947868347,11,teacherA_member,0,3.5
teacherA_0,test_w16-19,all,near,1.278234194612443,100000,11980,0.96413,0.948924463628763,0.8510657554257095,0.6292153589315526,0.8412194348914858,0.8514930997495826,0.5641903171953255,0.8361516736227045,0.010617139528840806,0.14456945657730103,0.053466730799549576,0.0019782624704802365,0.0024010058350861134,0.13257738947868347,11,teacherA_member,0,3.5
teacherA_0,test_w16-19,all,far,1.278234194612443,100000,88020,0.96413,0.948924463628763,0.8893788784935241,0.5209384230856623,0.8772091751874573,0.8500825715178368,0.4714951147466485,0.8331169613724154,0.010617139528840806,0.14456945657730103,0.053466730799549576,0.0019782624704802365,0.0024010058350861134,0.13257738947868347,11,teacherA_member,0,3.5
teacherA_0,test_w16-19,ge5,all,1.278234194612443,96085,89545,0.9688713118592912,0.9536922598161102,0.885592029989849,0.5135741805795968,0.8760848986669475,0.8494075004137717,0.4596459880507008,0.8347691507172741,0.009116908291745131,0.12483024597167969,0.04667639638926006,0.0015417778761597902,0.0023495757550182953,0.11430895328521729,11,teacherA_member,0,3.5
teacherA_0,test_w16-19,ge5,near,1.278234194612443,96085,11402,0.9688713118592912,0.9536922598161102,0.8564198272927106,0.6017365374495702,0.8482541289775722,0.8568490447685363,0.533766005963866,0.8433865760320804,0.009116908291745131,0.12483024597167969,0.04667639638926006,0.0015417778761597902,0.0023495757550182953,0.11430895328521729,11,teacherA_member,0,3.5
teacherA_0,test_w16-19,ge5,far,1.278234194612443,96085,78143,0.9688713118592912,0.9536922598161102,0.8898486039011752,0.5007102363615423,0.8801457414295528,0.8483216899287246,0.44883098934005605,0.8335117651108931,0.009116908291745131,0.12483024597167969,0.04667639638926006,0.0015417778761597902,0.0023495757550182953,0.11430895328521729,11,teacherA_member,0,3.5
teacherA_1,test_w16-19,all,all,1.295048967651576,100000,100000,0.96547,0.951001398586607,0.8949770199,0.50835,0.8830260071,0.8735019906000001,0.47478,0.8568365821,0.010537518594563058,0.13756830990314484,0.051296578758756206,0.0018616827617428354,0.0020835542958230232,0.12588880956172943,11,teacherA_member,1,3.5
teacherA_1,test_w16-19,all,near,1.295048967651576,100000,11980,0.96547,0.951001398586607,0.8323950563439065,0.6354757929883138,0.8240109791318864,0.8398570283806344,0.5947412353923205,0.8257141886477462,0.010537518594563058,0.13756830990314484,0.051296578758756206,0.0018616827617428354,0.0020835542958230232,0.12588880956172943,11,teacherA_member,1,3.5
teacherA_1,test_w16-19,all,far,1.295048967651576,100000,88020,0.96547,0.951001398586607,0.9034947649965916,0.4910474892069984,0.8910582728925245,0.8780812526698477,0.4584526244035447,0.8610725088616225,0.010537518594563058,0.13756830990314484,0.051296578758756206,0.0018616827617428354,0.0020835542958230232,0.12588880956172943,11,teacherA_member,1,3.5
teacherA_1,test_w16-19,ge5,all,1.295048967651576,96085,89545,0.9700057240984545,0.9560983562506313,0.8962769628452375,0.48752024121949855,0.8866621709117372,0.8779789261044574,0.44239209336088,0.8632799827699694,0.009227502095579584,0.11753471940755844,0.04476146898943122,0.001420147938937863,0.0016644299137311617,0.107461117208004,11,teacherA_member,1,3.5
teacherA_1,test_w16-19,ge5,near,1.295048967651576,96085,11402,0.9700057240984545,0.9560983562506313,0.8367140084017399,0.6107700403437993,0.8299411697842485,0.8449501016908075,0.5479740396421681,0.8325142264762816,0.009227502095579584,0.11753471940755844,0.04476146898943122,0.001420147938937863,0.0016644299137311617,0.107461117208004,11,teacherA_member,1,3.5
teacherA_1,test_w16-19,ge5,far,1.295048967651576,96085,78143,0.9700057240984545,0.9560983562506313,0.9049679115746792,0.469536618763037,0.8949384446004314,0.8827982273337988,0.42698642232829553,0.8677690752447994,0.009227502095579584,0.11753471940755844,0.04476146898943122,0.001420147938937863,0.0016644299137311617,0.107461117208004,11,teacherA_member,1,3.5
teacherA_2,test_w16-19,all,all,1.2952232464265883,100000,100000,0.9661,0.9524126531112481,0.8863367392499999,0.51118,0.8754976937000001,0.8540716547499999,0.48524,0.8378200567,0.009835966872572864,0.134553000330925,0.0499042210449705,0.001786101455950319,0.0023945344351232398,0.12371151149272919,11,teacherA_member,2,3.5
teacherA_2,test_w16-19,all,near,1.2952232464265883,100000,11980,0.9661,0.9524126531112481,0.8418522333055092,0.6198664440734558,0.8333360425709515,0.8397412767111851,0.5791318864774624,0.825343743739566,0.009835966872572864,0.134553000330925,0.0499042210449705,0.001786101455950319,0.0023945344351232398,0.12371151149272919,11,teacherA_member,2,3.5
teacherA_2,test_w16-19,all,far,1.2952232464265883,100000,88020,0.9661,0.9524126531112481,0.8923913220858897,0.496387184730743,0.8812361233810497,0.8560220970234038,0.47246080436264487,0.8395181506475802,0.009835966872572864,0.134553000330925,0.0499042210449705,0.001786101455950319,0.0023945344351232398,0.12371151149272919,11,teacherA_member,2,3.5
teacherA_2,test_w16-19,ge5,all,1.2952232464265883,96085,89545,0.970817505333819,0.9574246866334968,0.8867549522775858,0.4941761125690993,0.878217780870072,0.851914877121593,0.46861354626165613,0.8378259628891216,0.008336258936097084,0.114907406270504,0.04323502489078029,0.0014020224255839337,0.0020539650941184167,0.10560191422700882,11,teacherA_member,2,3.5
teacherA_2,test_w16-19,ge5,near,1.2952232464265883,96085,11402,0.970817505333819,0.9574246866334968,0.8463678960983987,0.5963865988423084,0.8394765853192845,0.8442811454334403,0.542799508858095,0.8316336750051118,0.008336258936097084,0.114907406270504,0.04323502489078029,0.0014020224255839337,0.0020539650941184167,0.10560191422700882,11,teacherA_member,2,3.5
teacherA_2,test_w16-19,ge5,far,1.2952232464265883,96085,78143,0.970817505333819,0.9574246866334968,0.8926479076869647,0.47926237794812077,0.883870585493264,0.8530287300413468,0.45778892543158056,0.8387294918866449,0.008336258936097084,0.114907406270504,0.04323502489078029,0.0014020224255839337,0.0020539650941184167,0.10560191422700882,11,teacherA_member,2,3.5
teacherA_3,test_w16-19,all,all,1.2918790117432906,100000,100000,0.96564,0.9523839643356004,0.88699256495,0.5126,0.8760090725,0.8602727711,0.48704,0.8443003577,0.010011875084489585,0.13639967143535614,0.05081538813162785,0.0018699801762632007,0.0026892950558662734,0.1253359615802765,11,teacherA_member,3,3.5
teacherA_3,test_w16-19,all,near,1.2918790117432906,100000,11980,0.96564,0.9523839643356004,0.8376517929883139,0.646160267111853,0.8296770033388983,0.8323000955759599,0.5693656093489149,0.8184439916527546,0.010011875084489585,0.13639967143535614,0.05081538813162785,0.0018699801762632007,0.0026892950558662734,0.1253359615802765,11,teacherA_member,3,3.5
teacherA_3,test_w16-19,all,far,1.2918790117432906,100000,88020,0.96564,0.9523839643356004,0.8937081119631902,0.49442172233583276,0.8823151187230174,0.8640800041467849,0.4758350374914792,0.8478195495341967,0.010011875084489585,0.13639967143535614,0.05081538813162785,0.0018699801762632007,0.0026892950558662734,0.1253359615802765,11,teacherA_member,3,3.5
teacherA_3,test_w16-19,ge5,all,1.2918790117432906,96085,89545,0.9706197637508456,0.9576974608342677,0.887691269839372,0.4884359819085376,0.8791035828031786,0.8610849518838994,0.4503880730359037,0.8471476839687584,0.008385572804058244,0.11593849211931229,0.04385549146420946,0.0014504605722512106,0.0020298723417352844,0.10656087100505829,11,teacherA_member,3,3.5
teacherA_3,test_w16-19,ge5,near,1.2918790117432906,96085,11402,0.9706197637508456,0.9576974608342677,0.8422602263276637,0.6123487107524995,0.8359771631920835,0.8365511594391393,0.5465707770566567,0.8245013420838929,0.008385572804058244,0.11593849211931229,0.04385549146420946,0.0014504605722512106,0.0020298723417352844,0.10656087100505829,11,teacherA_member,3,3.5
teacherA_3,test_w16-19,ge5,far,1.2918790117432906,96085,78143,0.9706197637508456,0.9576974608342677,0.8943202034370135,0.47035563006283354,0.885396244159995,0.8646647261625316,0.4363538640697183,0.8504520565954969,0.008385572804058244,0.11593849211931229,0.04385549146420946,0.0014504605722512106,0.0020298723417352844,0.10656087100505829,11,teacherA_member,3,3.5
teacherA_4,test_w16-19,all,all,1.2965102575076488,100000,100000,0.96492,0.9493278056903164,0.8836829275,0.50916,0.8724372344,0.84971162675,0.49655,0.8335400915999999,0.011064667007327115,0.14233532547950745,0.051820159673767706,0.0018970168315272872,0.0029316763965785636,0.12978321313858032,11,teacherA_member,4,3.5
teacherA_4,test_w16-19,all,near,1.2965102575076488,100000,11980,0.96492,0.9493278056903164,0.8327898476627713,0.6210350584307178,0.8245586168614356,0.8350910133555925,0.5637729549248748,0.8205144891485809,0.011064667007327115,0.14233532547950745,0.051820159673767706,0.0018970168315272872,0.0029316763965785636,0.12978321313858032,11,teacherA_member,4,3.5
teacherA_4,test_w16-19,all,far,1.2965102575076488,100000,88020,0.96492,0.9493278056903164,0.8906097520449898,0.49393319700068167,0.8789537742558509,0.8517015716314473,0.4874005907748239,0.8353129468302658,0.011064667007327115,0.14233532547950745,0.051820159673767706,0.0018970168315272872,0.0029316763965785636,0.12978321313858032,11,teacherA_member,4,3.5
teacherA_4,test_w16-19,ge5,all,1.2965102575076488,96085,89545,0.969735130353333,0.9543371746334935,0.8840873223729504,0.49752638338265676,0.8751822490865826,0.8493530972017609,0.48794460885588253,0.8352591062783734,0.009485190437147403,0.12274728715419769,0.04514009722663256,0.0015004529845977156,0.002178267285048695,0.11177203059196472,11,teacherA_member,4,3.5
teacherA_4,test_w16-19,ge5,near,1.2965102575076488,96085,11402,0.969735130353333,0.9543371746334935,0.8368502974598854,0.6002455709524644,0.8303056752184819,0.8395128302146744,0.5469215927030345,0.8267741261768159,0.009485190437147403,0.12274728715419769,0.04514009722663256,0.0015004529845977156,0.002178267285048695,0.11177203059196472,11,teacherA_member,4,3.5
teacherA_4,test_w16-19,ge5,far,1.2965102575076488,96085,78143,0.969735130353333,0.9543371746334935,0.890979770296101,0.4825384231473069,0.8817302789196331,0.8507889100600687,0.4793391602574767,0.8364971665411987,0.009485190437147403,0.12274728715419769,0.04514009722663256,0.0015004529845977156,0.002178267285048695,0.11177203059196472,11,teacherA_member,4,3.5
teacherA,test_w16-19,all,all,1.065888886650108,100000,100000,0.96861,0.956461212426506,0.9063782962,0.42591,0.8941951924000001,0.86907145645,0.45676,0.8539834612,0.0034204543274640852,0.11548250168561935,0.045530894242042916,0.0014937682164756518,0.0031459153746068932,0.11383675038814545,11,teacherA,,3.5
teacherA,test_w16-19,all,near,1.065888886650108,100000,11980,0.96861,0.956461212426506,0.8692274649415692,0.5388146911519198,0.8591961260434058,0.8542479586811351,0.5506677796327212,0.8410283005008347,0.0034204543274640852,0.11548250168561935,0.045530894242042916,0.0014937682164756518,0.0031459153746068932,0.11383675038814545,11,teacherA,,3.5
teacherA,test_w16-19,all,far,1.065888886650108,100000,88020,0.96861,0.956461212426506,0.9114347260849807,0.4105430583958191,0.8989587553965007,0.8710890149965916,0.44397864121790503,0.8557467289252443,0.0034204543274640852,0.11548250168561935,0.045530894242042916,0.0014937682164756518,0.0031459153746068932,0.11383675038814545,11,teacherA,,3.5
teacherA,test_w16-19,ge5,all,1.065888886650108,96085,89545,0.9732528490399126,0.9613763550051416,0.9074545037701122,0.4025350382489251,0.897607873689066,0.8702494110156092,0.43072198336032164,0.8571570113037832,0.002677093435476503,0.0968228131532669,0.038936595742195275,0.0011120638355248422,0.0025007435969286018,0.09562238305807114,11,teacherA,,3.5
teacherA,test_w16-19,ge5,near,1.065888886650108,96085,11402,0.9732528490399126,0.9613763550051416,0.8737315685440001,0.5035958603753727,0.8654858742392267,0.8600015656816316,0.5048237151376952,0.8484782424335101,0.002677093435476503,0.0968228131532669,0.038936595742195275,0.0011120638355248422,0.0025007435969286018,0.09562238305807114,11,teacherA,,3.5
teacherA,test_w16-19,ge5,far,1.065888886650108,96085,78143,0.9732528490399126,0.9613763550051416,0.9123750840837441,0.3877890534020962,0.9022948582907205,0.8717446944382832,0.4199096528159912,0.8584233476699179,0.002677093435476503,0.0968228131532669,0.038936595742195275,0.0011120638355248422,0.0025007435969286018,0.09562238305807114,11,teacherA,,3.5
teacherB,test_w16-19,all,all,1.4075419166759908,100000,100000,0.96917,0.9571245383541097,0.8877153653499998,0.51814,0.8807406376000001,0.87999928695,0.43409,0.865086457,0.01070823440715669,0.12854158878326416,0.04664634152102274,0.0015647764293324317,0.0031665697544812697,0.11262419819831848,11,teacherB,,3.5
teacherB,test_w16-19,all,near,1.4075419166759908,100000,11980,0.96917,0.9571245383541097,0.810505590984975,0.6337228714524207,0.8143516502504174,0.8230843388981637,0.5513355592654424,0.8109632787979966,0.01070823440715669,0.12854158878326416,0.04664634152102274,0.0015647764293324317,0.0031665697544812697,0.11262419819831848,11,teacherB,,3.5
teacherB,test_w16-19,all,far,1.4075419166759908,100000,88020,0.96917,0.9571245383541097,0.8982240349352422,0.502408543512838,0.8897765393092479,0.8877457204612587,0.41813224267211996,0.872452915473756,0.01070823440715669,0.12854158878326416,0.04664634152102274,0.0015647764293324317,0.0031665697544812697,0.11262419819831848,11,teacherB,,3.5
teacherB,test_w16-19,ge5,all,1.4075419166759908,96085,89545,0.9736171098506531,0.9619989715062817,0.8886370150101123,0.49527053436819474,0.8842719747068646,0.8801591700872856,0.40958177452677424,0.8673166631766437,0.009071572593231552,0.10921918600797653,0.04021343903733237,0.0011946465505223612,0.002945945832157049,0.09548290073871613,11,teacherB,,3.5
teacherB,test_w16-19,ge5,near,1.4075419166759908,96085,11402,0.9736171098506531,0.9619989715062817,0.8141510564855088,0.5924399228205578,0.8203426879395516,0.8271150660624453,0.5229784248377478,0.8166136976176328,0.009071572593231552,0.10921918600797653,0.04021343903733237,0.0011946465505223612,0.002945945832157049,0.09548290073871613,11,teacherB,,3.5
teacherB,test_w16-19,ge5,far,1.4075419166759908,96085,78143,0.9736171098506531,0.9619989715062817,0.899505408840622,0.48109235632110364,0.8936000236392182,0.8878989404325658,0.39303584454141766,0.874714833368521,0.009071572593231552,0.10921918600797653,0.04021343903733237,0.0011946465505223612,0.002945945832157049,0.09548290073871613,11,teacherB,,3.5
teacherA_0,test_w20-23,all,all,1.278234194612443,100000,100000,0.95592,0.9306210308472647,0.8748929972499999,0.58292,0.8586577631,0.8410570161999998,0.54792,0.8190048103,0.015101499485373461,0.1958402544260025,0.06756281692388388,0.0030828861579239157,0.005826674119010546,0.17595010995864868,11,teacherA_member,0,7.5
teacherA_0,test_w20-23,all,near,1.278234194612443,100000,13417,0.95592,0.9306210308472647,0.8326413721398225,0.6768279048967728,0.8195473406871879,0.837707623909965,0.6189163002161437,0.8175505150182605,0.015101499485373461,0.1958402544260025,0.06756281692388388,0.0030828861579239157,0.005826674119010546,0.17595010995864868,11,teacherA_member,0,7.5
teacherA_0,test_w20-23,all,far,1.278234194612443,100000,86583,0.95592,0.9306210308472647,0.8814403570562351,0.5683679244193433,0.8647183585692342,0.8415760418326924,0.5369183326981047,0.8192301695482948,0.015101499485373461,0.1958402544260025,0.06756281692388388,0.0030828861579239157,0.005826674119010546,0.17595010995864868,11,teacherA_member,0,7.5
teacherA_0,test_w20-23,ge5,all,1.278234194612443,95941,89776,0.959725247808549,0.9346994393605109,0.8751901380031891,0.5831959543753341,0.860932390977917,0.8396628514136065,0.5318459276421316,0.8193647173387287,0.014368885818969952,0.1810808926820755,0.06233504193637856,0.002668440828893076,0.006268652169799074,0.16169828176498413,11,teacherA_member,0,7.5
teacherA_0,test_w20-23,ge5,near,1.278234194612443,95941,12762,0.959725247808549,0.9346994393605109,0.8374611432438545,0.6622002820874471,0.8256936956995756,0.8423136196802088,0.611189468735308,0.8237130187169812,0.014368885818969952,0.1810808926820755,0.06233504193637856,0.002668440828893076,0.006268652169799074,0.16169828176498413,11,teacherA_member,0,7.5
teacherA_0,test_w20-23,ge5,far,1.278234194612443,95941,77014,0.959725247808549,0.9346994393605109,0.881442214653131,0.5701041369101721,0.8667717997755667,0.8392235922578897,0.5186978990832836,0.818644159749339,0.014368885818969952,0.1810808926820755,0.06233504193637856,0.002668440828893076,0.006268652169799074,0.16169828176498413,11,teacherA_member,0,7.5
teacherA_1,test_w20-23,all,all,1.295048967651576,100000,100000,0.95683,0.9302072754260365,0.88949807015,0.54633,0.8732034086999999,0.86966180875,0.53952,0.8473808863000002,0.015858250655829947,0.18599668145179749,0.06455566375539504,0.0028191421082892,0.005592636514641373,0.16631180047988892,11,teacherA_member,1,7.5
teacherA_1,test_w20-23,all,near,1.295048967651576,100000,13417,0.95683,0.9302072754260365,0.8161575840351792,0.6689274800626072,0.8049648080793024,0.8257701136617723,0.6636356860699113,0.8071068182156964,0.015858250655829947,0.18599668145179749,0.06455566375539504,0.0028191421082892,0.005592636514641373,0.16631180047988892,11,teacherA_member,1,7.5
teacherA_1,test_w20-23,all,far,1.295048967651576,100000,86583,0.95683,0.9302072754260365,0.9008629951607128,0.5273321552729751,0.8837777397410577,0.876463315662428,0.5202868923460725,0.8536218016238755,0.015858250655829947,0.18599668145179749,0.06455566375539504,0.0028191421082892,0.005592636514641373,0.16631180047988892,11,teacherA_member,1,7.5
teacherA_1,test_w20-23,ge5,all,1.295048967651576,95941,89776,0.9605799397546408,0.934536927998581,0.890513948551402,0.5384735341293887,0.8762516503716731,0.8739775811194938,0.5183345214756728,0.8532353799907744,0.015178137014531273,0.1708647757768631,0.05934154260273307,0.002437599333137343,0.00584954589615741,0.15182892978191376,11,teacherA_member,1,7.5
teacherA_1,test_w20-23,ge5,near,1.295048967651576,95941,12762,0.9605799397546408,0.934536927998581,0.8199228201454277,0.6522488638144491,0.8100487708483523,0.8301633745479523,0.6444914590189625,0.8129001321123215,0.015178137014531273,0.1708647757768631,0.05934154260273307,0.002437599333137343,0.00584954589615741,0.15182892978191376,11,teacherA_member,1,7.5
teacherA_1,test_w20-23,ge5,far,1.295048967651576,95941,77014,0.9605799397546408,0.934536927998581,0.9022116136605646,0.5196198093853066,0.8872221381852734,0.881238039013721,0.4974290388760485,0.8599193391855289,0.015178137014531273,0.1708647757768631,0.05934154260273307,0.002437599333137343,0.00584954589615741,0.15182892978191376,11,teacherA_member,1,7.5
teacherA_2,test_w20-23,all,all,1.2952232464265883,100000,100000,0.95654,0.9302533565590752,0.87637205,0.56867,0.8612812445,0.8464781667500001,0.52476,0.8245135684999999,0.015586340923458309,0.182569220662117,0.06463897989786799,0.002778005309025113,0.004876831735894102,0.1640581637620926,11,teacherA_member,2,7.5
teacherA_2,test_w20-23,all,near,1.2952232464265883,100000,13417,0.95654,0.9302533565590752,0.8229478892449876,0.6579712305284341,0.8112699411194753,0.8284143657300441,0.6238354326600581,0.8089952023552209,0.015586340923458309,0.182569220662117,0.06463897989786799,0.002778005309025113,0.004876831735894102,0.1640581637620926,11,teacherA_member,2,7.5
teacherA_2,test_w20-23,all,far,1.2952232464265883,100000,86583,0.95654,0.9302533565590752,0.8846507186168184,0.5548317799106061,0.8690310528625712,0.8492773538685423,0.5094071584491182,0.8269183121397965,0.015586340923458309,0.182569220662117,0.06463897989786799,0.002778005309025113,0.004876831735894102,0.1640581637620926,11,teacherA_member,2,7.5
teacherA_2,test_w20-23,ge5,all,1.2952232464265883,95941,89776,0.9605695166821275,0.9349062452085393,0.8763136603736021,0.5702637675993584,0.8632819598770557,0.8436485046696266,0.5269225628230262,0.8236087881053835,0.014643448996575692,0.16711263358592987,0.059183036323747044,0.0023997187147979694,0.005175539912289915,0.14930644631385803,11,teacherA_member,2,7.5
teacherA_2,test_w20-23,ge5,near,1.2952232464265883,95941,12762,0.9605695166821275,0.9349062452085393,0.8267342469874295,0.651386929948284,0.8164375254387042,0.8320030815574585,0.6198871650211566,0.8141217436529161,0.014643448996575692,0.16711263358592987,0.059183036323747044,0.0023997187147979694,0.005175539912289915,0.14930644631385803,11,teacherA_member,2,7.5
teacherA_2,test_w20-23,ge5,far,1.2952232464265883,95941,77014,0.9605695166821275,0.9349062452085393,0.8845294714421654,0.5568208377697561,0.8710445572269174,0.8455782692547344,0.5115173864492171,0.8251808874808528,0.014643448996575692,0.16711263358592987,0.059183036323747044,0.0023997187147979694,0.005175539912289915,0.14930644631385803,11,teacherA_member,2,7.5
teacherA_3,test_w20-23,all,all,1.2918790117432906,100000,100000,0.95891,0.9371868875658866,0.8793487763500001,0.55573,0.8644351595,0.8569394758000001,0.52185,0.8359161656,0.013840591624677144,0.18136076629161835,0.06221912528490193,0.0029907861860460016,0.005303678960800162,0.16269929707050323,11,teacherA_member,3,7.5
teacherA_3,test_w20-23,all,near,1.2918790117432906,100000,13417,0.95891,0.9371868875658866,0.8204942543042408,0.6935976745919356,0.810081245434896,0.8242933737050012,0.6023701274502496,0.805980916002087,0.013840591624677144,0.18136076629161835,0.06221912528490193,0.0029907861860460016,0.005303678960800162,0.16269929707050323,11,teacherA_member,3,7.5
teacherA_3,test_w20-23,all,far,1.2918790117432906,100000,86583,0.95891,0.9371868875658866,0.8884689399189217,0.534365868588522,0.8728579037455388,0.8619983528521766,0.5093725096150514,0.8405549658708984,0.013840591624677144,0.18136076629161835,0.06221912528490193,0.0029907861860460016,0.005303678960800162,0.16269929707050323,11,teacherA_member,3,7.5
teacherA_3,test_w20-23,ge5,all,1.2918790117432906,95941,89776,0.9627479388374105,0.9413431678410277,0.8796724802237526,0.5460479415433969,0.8667184540597302,0.857491525597148,0.4996212796292996,0.8380756298531664,0.01304590602639183,0.16531337797641754,0.056925154908911535,0.002619670947766417,0.005530806730849981,0.14746123552322388,11,teacherA_member,3,7.5
teacherA_3,test_w20-23,ge5,near,1.2918790117432906,95941,12762,0.9627479388374105,0.9413431678410277,0.8245968972262557,0.6746591443347437,0.8154925197989497,0.8279792467364574,0.5861933866165178,0.8111173889663988,0.01304590602639183,0.16531337797641754,0.056925154908911535,0.002619670947766417,0.005530806730849981,0.14746123552322388,11,teacherA_member,3,7.5
teacherA_3,test_w20-23,ge5,far,1.2918790117432906,95941,77014,0.9627479388374105,0.9413431678410277,0.8887990622765487,0.5247357623289272,0.8752071103175026,0.8623820091822123,0.4852754044719142,0.8425428834719492,0.01304590602639183,0.16531337797641754,0.056925154908911535,0.002619670947766417,0.005530806730849981,0.14746123552322388,11,teacherA_member,3,7.5
teacherA_4,test_w20-23,all,all,1.2965102575076488,100000,100000,0.9572,0.9328476333459058,0.8744572546,0.56168,0.859467193,0.8432945282,0.52607,0.8223436109,0.015798306161239756,0.18385609984397888,0.06369227135850823,0.002878792855737576,0.005525014859810495,0.1642034500837326,11,teacherA_member,4,7.5
teacherA_4,test_w20-23,all,near,1.2965102575076488,100000,13417,0.9572,0.9328476333459058,0.8124788320787062,0.6766043079675039,0.8021050145338005,0.8220072270254155,0.5907430871282701,0.8030912193485875,0.015798306161239756,0.18385609984397888,0.06369227135850823,0.002878792855737576,0.005525014859810495,0.1642034500837326,11,teacherA_member,4,7.5
teacherA_4,test_w20-23,all,far,1.2965102575076488,100000,86583,0.9572,0.9328476333459058,0.8840615013339801,0.5438711987341626,0.8683561013131907,0.8465932325629743,0.5160481849785755,0.8253269833570099,0.015798306161239756,0.18385609984397888,0.06369227135850823,0.002878792855737576,0.005525014859810495,0.1642034500837326,11,teacherA_member,4,7.5
teacherA_4,test_w20-23,ge5,all,1.2965102575076488,95941,89776,0.9610385549452267,0.9372592874476722,0.8741129069688988,0.5639814649795045,0.861169541768091,0.8421191170785989,0.5163740866155766,0.8228941638588474,0.014906055849590698,0.1692773401737213,0.05853779138938571,0.0025125084078084373,0.005884233588999789,0.15018776059150696,11,teacherA_member,4,7.5
teacherA_4,test_w20-23,ge5,near,1.2965102575076488,95941,12762,0.9610385549452267,0.9372592874476722,0.8157338749371545,0.6647860836859426,0.8067718432599035,0.8256634588252153,0.5839993731390064,0.8082517635618992,0.014906055849590698,0.1692773401737213,0.05853779138938571,0.0025125084078084373,0.005884233588999789,0.15018776059150696,11,teacherA_member,4,7.5
teacherA_4,test_w20-23,ge5,far,1.2965102575076488,95941,77014,0.9610385549452267,0.9372592874476722,0.8837869039926752,0.5472771184459968,0.8701837914936147,0.8448459863572972,0.5051678915521853,0.8253205579247271,0.014906055849590698,0.1692773401737213,0.05853779138938571,0.0025125084078084373,0.005884233588999789,0.15018776059150696,11,teacherA_member,4,7.5
teacherA,test_w20-23,all,all,1.065888886650108,100000,100000,0.9606,0.9381175431806653,0.9002175668,0.47156,0.8839347784,0.86290808825,0.48911,0.8425490855000001,0.006354851837158239,0.153302863240242,0.057063855816848315,0.0022256319523311233,0.0037835688814521224,0.15019235014915466,11,teacherA,,7.5
teacherA,test_w20-23,all,near,1.065888886650108,100000,13417,0.9606,0.9381175431806653,0.8520128862636952,0.5995378996795111,0.839356546918089,0.8412501069538646,0.6028173213087874,0.8233955422225535,0.006354851837158239,0.153302863240242,0.057063855816848315,0.0022256319523311233,0.0037835688814521224,0.15019235014915466,11,teacherA,,7.5
teacherA,test_w20-23,all,far,1.065888886650108,100000,86583,0.9606,0.9381175431806653,0.9076874188351062,0.4517283993393622,0.8908426717715949,0.8662642336255385,0.471489784368756,0.8455171403162284,0.006354851837158239,0.153302863240242,0.057063855816848315,0.0022256319523311233,0.0037835688814521224,0.15019235014915466,11,teacherA,,7.5
teacherA,test_w20-23,ge5,all,1.065888886650108,95941,89776,0.9643739381494877,0.9425856638486683,0.9010364497413941,0.457182320441989,0.8866195895961729,0.8635079900606353,0.4837595793976118,0.8447963405378176,0.005721002582316357,0.13894113898277283,0.051882343114354044,0.001894139677683115,0.0035873510163956616,0.13605234026908875,11,teacherA,,7.5
teacherA,test_w20-23,ge5,near,1.065888886650108,95941,12762,0.9643739381494877,0.9425856638486683,0.8560394373454598,0.5673091991850807,0.8447512065269976,0.8461291523127474,0.5753016768531578,0.8296773193652989,0.005721002582316357,0.13894113898277283,0.051882343114354044,0.001894139677683115,0.0035873510163956616,0.13605234026908875,11,teacherA,,7.5
teacherA,test_w20-23,ge5,far,1.065888886650108,95941,77014,0.9643739381494877,0.9425856638486683,0.9084929105432864,0.43893318098008155,0.8935576048236489,0.866387839533959,0.46859012647051185,0.847301715511247,0.005721002582316357,0.13894113898277283,0.051882343114354044,0.001894139677683115,0.0035873510163956616,0.13605234026908875,11,teacherA,,7.5
teacherB,test_w20-23,all,all,1.4075419166759908,100000,100000,0.96243,0.9428935088911925,0.8787210427000001,0.55866,0.8678296272999999,0.87148673885,0.49312,0.8525569282,0.014809348573386689,0.1742764264345169,0.057685744851783564,0.0026235293260746372,0.004564432420730617,0.14853844046592712,11,teacherB,,7.5
teacherB,test_w20-23,all,near,1.4075419166759908,100000,13417,0.96243,0.9428935088911925,0.7925396459715286,0.6615487813967355,0.7940538697175226,0.806451790638742,0.5908921517477826,0.7908093269732429,0.014809348573386689,0.1742764264345169,0.057685744851783564,0.0026235293260746372,0.004564432420730617,0.14853844046592712,11,teacherB,,7.5
teacherB,test_w20-23,all,far,1.4075419166759908,100000,86583,0.96243,0.9428935088911925,0.8920758098010002,0.5427162375986048,0.8792620024716169,0.8815646282757585,0.47796911633923517,0.8621254066040678,0.014809348573386689,0.1742764264345169,0.057685744851783564,0.0026235293260746372,0.004564432420730617,0.14853844046592712,11,teacherB,,7.5
teacherB,test_w20-23,ge5,all,1.4075419166759908,95941,89776,0.9661979758393179,0.9471870518267005,0.8792335797170768,0.549712618071645,0.8705414344848006,0.8711954073418937,0.49049857422919263,0.8539706438388733,0.01370513592288868,0.1591757833957672,0.05242769278462562,0.0022791390395082906,0.0053591007779276445,0.13450917601585388,11,teacherB,,7.5
teacherB,test_w20-23,ge5,near,1.4075419166759908,95941,12762,0.9661979758393179,0.9471870518267005,0.7956346114161693,0.6346967559943583,0.7992783246558601,0.8095856166963582,0.5796113461839837,0.7953115263871628,0.01370513592288868,0.1591757833957672,0.05242769278462562,0.0022791390395082906,0.0053591007779276445,0.13450917601585388,11,teacherB,,7.5
teacherB,test_w20-23,ge5,far,1.4075419166759908,95941,77014,0.9661979758393179,0.9471870518267005,0.8930867756743855,0.5356298854753682,0.882350453723341,0.8814047737975814,0.4757316851481549,0.8636910538541788,0.01370513592288868,0.1591757833957672,0.05242769278462562,0.0022791390395082906,0.0053591007779276445,0.13450917601585388,11,teacherB,,7.5
teacherA_0,test_w24-27,all,all,1.278234194612443,100000,100000,0.93988,0.8900031937315867,0.8557641596000001,0.63778,0.8318459527999998,0.82430382535,0.62657,0.7949378762,0.025991107376962926,0.28973498940467834,0.09374676405257149,0.005519294035937402,0.013706374179646364,0.2530357241630554,11,teacherA_member,0,11.5
teacherA_0,test_w24-27,all,near,1.278234194612443,100000,12494,0.93988,0.8900031937315867,0.8179356555146471,0.7377941411877701,0.7986579878341604,0.8228849259644629,0.6904914358892268,0.7964370689931168,0.025991107376962926,0.28973498940467834,0.09374676405257149,0.005519294035937402,0.013706374179646364,0.2530357241630554,11,teacherA_member,0,11.5
teacherA_0,test_w24-27,all,far,1.278234194612443,100000,87506,0.93988,0.8900031937315867,0.8611652672959569,0.6235001028500903,0.8365844899778301,0.8245064140744636,0.6174433753114072,0.7947238232806894,0.025991107376962926,0.28973498940467834,0.09374676405257149,0.005519294035937402,0.013706374179646364,0.2530357241630554,11,teacherA_member,0,11.5
teacherA_0,test_w24-27,ge5,all,1.278234194612443,96204,89771,0.9437549374246393,0.8934951753428012,0.8538279429851346,0.6487952679595861,0.8326928028697429,0.8226000217084821,0.6025776698488376,0.7953228063831661,0.024578638780155967,0.27026161551475525,0.08759632985948908,0.004888708732877796,0.013386947957573562,0.23556393384933472,11,teacherA_member,0,11.5
teacherA_0,test_w24-27,ge5,near,1.278234194612443,96204,11977,0.9437549374246393,0.8934951753428012,0.8225262434849809,0.7298154796693663,0.8049199946926118,0.828169708803959,0.6754613008265843,0.8034940663352766,0.024578638780155967,0.27026161551475525,0.08759632985948908,0.004888708732877796,0.013386947957573562,0.23556393384933472,11,teacherA_member,0,11.5
teacherA_0,test_w24-27,ge5,far,1.278234194612443,96204,77794,0.9437549374246393,0.8934951753428012,0.8586470865555044,0.6363215672159807,0.8369686457822748,0.8217425244420794,0.5913566598966501,0.7940647764522405,0.024578638780155967,0.27026161551475525,0.08759632985948908,0.004888708732877796,0.013386947957573562,0.23556393384933472,11,teacherA_member,0,11.5
teacherA_1,test_w24-27,all,all,1.295048967651576,100000,100000,0.94122,0.897537427659518,0.86952989795,0.60586,0.8455050913000001,0.8447851770999999,0.63653,0.8147246484,0.025909182291924945,0.2828966975212097,0.0902692785672435,0.00508511565027158,0.01259560437336561,0.24619229137897491,11,teacherA_member,1,11.5
teacherA_1,test_w24-27,all,near,1.295048967651576,100000,12494,0.94122,0.897537427659518,0.8073713306387066,0.7154634224427725,0.7891633856251,0.8129622362734114,0.708740195293741,0.7865575556267008,0.025909182291924945,0.2828966975212097,0.0902692785672435,0.00508511565027158,0.01259560437336561,0.24619229137897491,11,teacherA_member,1,11.5
teacherA_1,test_w24-27,all,far,1.295048967651576,100000,87506,0.94122,0.897537427659518,0.8784048224121773,0.5902109569629511,0.8535494913491648,0.8493288177953511,0.6262199163485932,0.8187463115672068,0.025909182291924945,0.2828966975212097,0.0902692785672435,0.00508511565027158,0.01259560437336561,0.24619229137897491,11,teacherA_member,1,11.5
teacherA_1,test_w24-27,ge5,all,1.295048967651576,96204,89771,0.9449607084944492,0.9012189434699663,0.8682978943835278,0.6157445054639026,0.8469869911690134,0.8476145898074814,0.6117231622684386,0.8194662788172586,0.02452202482587891,0.26317286491394043,0.08442035713762489,0.004522254504155417,0.012329642956487169,0.22869287431240082,11,teacherA_member,1,11.5
teacherA_1,test_w24-27,ge5,near,1.295048967651576,96204,11977,0.9449607084944492,0.9012189434699663,0.8111448091469178,0.7047674709860566,0.794417464596563,0.8173366611501199,0.6947482675127328,0.7925860383372317,0.02452202482587891,0.26317286491394043,0.08442035713762489,0.004522254504155417,0.012329642956487169,0.22869287431240082,11,teacherA_member,1,11.5
teacherA_1,test_w24-27,ge5,far,1.295048967651576,96204,77794,0.9449607084944492,0.9012189434699663,0.8770970627240025,0.6020387176388925,0.85508048449444,0.8522761157802972,0.5989407923490243,0.8236047038915483,0.02452202482587891,0.26317286491394043,0.08442035713762489,0.004522254504155417,0.012329642956487169,0.22869287431240082,11,teacherA_member,1,11.5
teacherA_2,test_w24-27,all,all,1.2952232464265883,100000,100000,0.93745,0.8840943991323561,0.85504276865,0.63944,0.8317167266000001,0.8218066978499999,0.60712,0.7913695433,0.02756400457397106,0.2822546362876892,0.09414850702833409,0.005294390628651229,0.014196203788518862,0.2469422072172165,11,teacherA_member,2,11.5
teacherA_2,test_w24-27,all,near,1.2952232464265883,100000,12494,0.93745,0.8840943991323561,0.8060261641587962,0.7428365615495438,0.7878361341443894,0.8054311037297903,0.7158636145349768,0.7789088578517689,0.02756400457397106,0.2822546362876892,0.09414850702833409,0.005294390628651229,0.014196203788518862,0.2469422072172165,11,teacherA_member,2,11.5
teacherA_2,test_w24-27,all,far,1.2952232464265883,100000,87506,0.93745,0.8840943991323561,0.8620412996823075,0.6246771649944004,0.8379819440952619,0.8241447852147281,0.5915937192878202,0.7931486647772723,0.02756400457397106,0.2822546362876892,0.09414850702833409,0.005294390628651229,0.014196203788518862,0.2469422072172165,11,teacherA_member,2,11.5
teacherA_2,test_w24-27,ge5,all,1.2952232464265883,96204,89771,0.9412082657685751,0.8874630750197454,0.8523942741088286,0.6509117643782514,0.8319792363998518,0.8176250222512937,0.615243229996324,0.7896285342702318,0.02610900196862917,0.26300233602523804,0.08833243976403282,0.004690244741465772,0.013855312036469718,0.22982174158096313,11,teacherA_member,2,11.5
teacherA_2,test_w24-27,ge5,near,1.2952232464265883,96204,11977,0.9412082657685751,0.8874630750197454,0.8094231820745421,0.7379143358103031,0.7929416124089125,0.8088098906790313,0.7159555815312683,0.7841743901845438,0.02610900196862917,0.26300233602523804,0.08833243976403282,0.004690244741465772,0.013855312036469718,0.22982174158096313,11,teacherA_member,2,11.5
teacherA_2,test_w24-27,ge5,far,1.2952232464265883,96204,77794,0.9412082657685751,0.8874630750197454,0.8590100127171358,0.6375170321618634,0.8379893865726091,0.8189821812975053,0.5997377689796128,0.7904682427787837,0.02610900196862917,0.26300233602523804,0.08833243976403282,0.004690244741465772,0.013855312036469718,0.22982174158096313,11,teacherA_member,2,11.5
teacherA_3,test_w24-27,all,all,1.2918790117432906,100000,100000,0.93949,0.8944557824769088,0.8576484743499999,0.64456,0.834357025,0.8351174741,0.59848,0.8044529104999999,0.026007574443221066,0.2775917053222656,0.09136348866726791,0.005705865698074792,0.013478650485724221,0.24222978949546814,11,teacherA_member,3,11.5
teacherA_3,test_w24-27,all,near,1.2918790117432906,100000,12494,0.93949,0.8944557824769088,0.8062485144869538,0.7566832079398111,0.7884740123259165,0.8069197858972306,0.6748839442932608,0.7802070946054107,0.026007574443221066,0.2775917053222656,0.09136348866726791,0.005705865698074792,0.013478650485724221,0.24222978949546814,11,teacherA_member,3,11.5
teacherA_3,test_w24-27,all,far,1.2918790117432906,100000,87506,0.93949,0.8944557824769088,0.8649872979567115,0.6285511850615958,0.8409081456128723,0.8391435056453272,0.58757113797911,0.8079146985349576,0.026007574443221066,0.2775917053222656,0.09136348866726791,0.005705865698074792,0.013478650485724221,0.24222978949546814,11,teacherA_member,3,11.5
teacherA_3,test_w24-27,ge5,all,1.2918790117432906,96204,89771,0.9432040247806744,0.8978375742896787,0.8553124127845609,0.6577179712824854,0.8349537757157153,0.8342677967187152,0.575040937496519,0.8058074056871498,0.024651087101989294,0.25801417231559753,0.08538459839973159,0.00509348439088005,0.013279217199587088,0.22472326457500458,11,teacherA_member,3,11.5
teacherA_3,test_w24-27,ge5,near,1.2918790117432906,96204,11977,0.9432040247806744,0.8978375742896787,0.8099659501147659,0.7532771144693997,0.7939216821847296,0.8108836103293582,0.659180095182433,0.7860435448485668,0.024651087101989294,0.25801417231559753,0.08538459839973159,0.00509348439088005,0.013279217199587088,0.22472326457500458,11,teacherA_member,3,11.5
teacherA_3,test_w24-27,ge5,far,1.2918790117432906,96204,77794,0.9432040247806744,0.8978375742896787,0.8622938584409886,0.643005887343497,0.8412709902081006,0.8378679766861334,0.5620870504151991,0.8088502079760629,0.024651087101989294,0.25801417231559753,0.08538459839973159,0.00509348439088005,0.013279217199587088,0.22472326457500458,11,teacherA_member,3,11.5
teacherA_4,test_w24-27,all,all,1.2965102575076488,100000,100000,0.94009,0.8945175546238573,0.85399070925,0.61694,0.8309317122000002,0.82217732575,0.59525,0.7927784438000001,0.02663306464239959,0.2791495621204376,0.09172128977425327,0.005127958807164311,0.014037403922379028,0.24238166213035583,11,teacherA_member,4,11.5
teacherA_4,test_w24-27,all,near,1.2965102575076488,100000,12494,0.94009,0.8945175546238573,0.8000516912117817,0.7215463422442773,0.7826897846966543,0.8098095585881223,0.6808868256763246,0.7835306122939011,0.02663306464239959,0.2791495621204376,0.09172128977425327,0.005127958807164311,0.014037403922379028,0.24238166213035583,11,teacherA_member,4,11.5
teacherA_4,test_w24-27,all,far,1.2965102575076488,100000,87506,0.94009,0.8945175546238573,0.8616920564875552,0.6020044339816698,0.8378196357964025,0.823943180467625,0.5830228784311933,0.7940988379082577,0.02663306464239959,0.2791495621204376,0.09172128977425327,0.005127958807164311,0.014037403922379028,0.24238166213035583,11,teacherA_member,4,11.5
teacherA_4,test_w24-27,ge5,all,1.2965102575076488,96204,89771,0.9439420398320236,0.8980088784116442,0.8510888393425922,0.6369985852892359,0.8311035239586865,0.8198299138636687,0.5856679774091856,0.7927412747779152,0.02501624172367474,0.25910183787345886,0.0856655289414545,0.0045449003929957715,0.013597758139678097,0.22461983561515808,11,teacherA_member,4,11.5
teacherA_4,test_w24-27,ge5,near,1.2965102575076488,96204,11977,0.9439420398320236,0.8980088784116442,0.8035122527246839,0.7164565417049344,0.7878601989516536,0.8141579740585418,0.6637722301077065,0.7896709263139505,0.02501624172367474,0.25910183787345886,0.0856655289414545,0.0045449003929957715,0.013597758139678097,0.22461983561515808,11,teacherA_member,4,11.5
teacherA_4,test_w24-27,ge5,far,1.2965102575076488,96204,77794,0.9439420398320236,0.8980088784116442,0.8584136301737963,0.6247654060724478,0.8377611749807349,0.8207031537413714,0.573643211558732,0.7932139791452562,0.02501624172367474,0.25910183787345886,0.0856655289414545,0.0045449003929957715,0.013597758139678097,0.22461983561515808,11,teacherA_member,4,11.5
teacherA,test_w24-27,all,all,1.065888886650108,100000,100000,0.94599,0.9004448453955963,0.8798521238,0.54586,0.8563642305999999,0.8409539461,0.59042,0.8135831533,0.011462467350661715,0.2288418412208557,0.08043375564330302,0.0040978666248826685,0.008263685116767863,0.22269831597805023,11,teacherA,,11.5
teacherA,test_w24-27,all,near,1.065888886650108,100000,12494,0.94599,0.9004448453955963,0.8397470113654554,0.6614374899951977,0.821046800864415,0.8252759256443093,0.7040179286057308,0.801461146150152,0.011462467350661715,0.2288418412208557,0.08043375564330302,0.0040978666248826685,0.008263685116767863,0.22269831597805023,11,teacherA,,11.5
teacherA,test_w24-27,all,far,1.065888886650108,100000,87506,0.94599,0.9004448453955963,0.8855782828606039,0.5293579868808996,0.861406810161589,0.8431924347473316,0.5742006262427719,0.8153139187027176,0.011462467350661715,0.2288418412208557,0.08043375564330302,0.0040978666248826685,0.008263685116767863,0.22269831597805023,11,teacherA,,11.5
teacherA,test_w24-27,ge5,all,1.065888886650108,96204,89771,0.9498149765082533,0.904162951570579,0.8785072219925791,0.5498991879337425,0.8576359254529785,0.8403766483228038,0.5710418732107251,0.8151746922205474,0.00988343788033554,0.20912912487983704,0.0743123729966774,0.0035439573707588276,0.006921531172747813,0.2037028968334198,11,teacherA,,11.5
teacherA,test_w24-27,ge5,near,1.065888886650108,96204,11977,0.9498149765082533,0.904162951570579,0.8433796449848073,0.6515821992151624,0.8264736285967033,0.8303272299133537,0.684395090590298,0.8082406792554218,0.00988343788033554,0.20912912487983704,0.0743123729966774,0.0035439573707588276,0.006921531172747813,0.2037028968334198,11,teacherA,,11.5
teacherA,test_w24-27,ge5,far,1.065888886650108,96204,77794,0.9498149765082533,0.904162951570579,0.8839153895867649,0.5342442861917371,0.8624336068866059,0.8419238355646218,0.5535902511761832,0.8162422382174533,0.00988343788033554,0.20912912487983704,0.0743123729966774,0.0035439573707588276,0.006921531172747813,0.2037028968334198,11,teacherA,,11.5
teacherB,test_w24-27,all,all,1.4075419166759908,100000,100000,0.94377,0.8998329162599484,0.8549357997,0.64708,0.8349516485999999,0.8462048275999999,0.59724,0.8172997946,0.026844349504709285,0.2867642641067505,0.08987631965003197,0.005351939334504812,0.012849033995047224,0.23550108075141907,11,teacherB,,11.5
teacherB,test_w24-27,all,near,1.4075419166759908,100000,12494,0.94377,0.8998329162599484,0.7781161041299823,0.7555626700816391,0.7697548415239315,0.788134444533376,0.6590363374419721,0.7638773027052985,0.026844349504709285,0.2867642641067505,0.08987631965003197,0.005351939334504812,0.012849033995047224,0.23550108075141907,11,teacherB,,11.5
teacherB,test_w24-27,all,far,1.4075419166759908,100000,87506,0.94377,0.8998329162599484,0.8659040221813361,0.6315909766187462,0.8442603692318241,0.854496046099696,0.5884167942769639,0.8249273928644891,0.026844349504709285,0.2867642641067505,0.08987631965003197,0.005351939334504812,0.012849033995047224,0.23550108075141907,11,teacherB,,11.5
teacherB,test_w24-27,ge5,all,1.4075419166759908,96204,89771,0.947216331961249,0.9030644952713822,0.8527575096799657,0.6599904200688418,0.8358252199083241,0.8448649862758058,0.5807554778269152,0.8181149563263919,0.02544359799546809,0.2661692500114441,0.08431530819614114,0.004749542696587183,0.012892129283204278,0.21810299158096313,11,teacherB,,11.5
teacherB,test_w24-27,ge5,near,1.4075419166759908,96204,11977,0.947216331961249,0.9030644952713822,0.7817369384066818,0.7459296985889622,0.7754701056253347,0.7917908548416049,0.6454036904066127,0.7691392086728174,0.02544359799546809,0.2661692500114441,0.08431530819614114,0.004749542696587183,0.012892129283204278,0.21810299158096313,11,teacherB,,11.5
teacherB,test_w24-27,ge5,far,1.4075419166759908,96204,77794,0.947216331961249,0.9030644952713822,0.8636916868933768,0.6467593901843329,0.8451173658806017,0.8530361675004173,0.5708023755045376,0.8256551590367149,0.02544359799546809,0.2661692500114441,0.08431530819614114,0.004749542696587183,0.012892129283204278,0.21810299158096313,11,teacherB,,11.5
teacherA_0,test_w28-31,all,all,1.278234194612443,100000,100000,0.91605,0.8342619385074376,0.8332820811499999,0.70272,0.7976544457999999,0.81682015075,0.64547,0.7727598878999998,0.04135357076272364,0.44827520847320557,0.13237539825511882,0.010320840801502671,0.026147866571694642,0.38364434242248535,11,teacherA_member,0,15.5
teacherA_0,test_w28-31,all,near,1.278234194612443,100000,15990,0.91605,0.8342619385074376,0.8052099083802376,0.7596622889305816,0.7739939893683553,0.8129860519074421,0.7181988742964353,0.7725717510944341,0.04135357076272364,0.44827520847320557,0.13237539825511882,0.010320840801502671,0.026147866571694642,0.38364434242248535,11,teacherA_member,0,15.5
teacherA_0,test_w28-31,all,far,1.278234194612443,100000,84010,0.91605,0.8342619385074376,0.8386251836686109,0.6918819188191881,0.8021578465658851,0.8175499119747649,0.6316271872396143,0.7727956968218067,0.04135357076272364,0.44827520847320557,0.13237539825511882,0.010320840801502671,0.026147866571694642,0.38364434242248535,11,teacherA_member,0,15.5
teacherA_0,test_w28-31,ge5,all,1.278234194612443,95576,94669,0.9208169414915879,0.8381915517773447,0.8373504355122532,0.6930779875143922,0.8041331482309622,0.8226425386867503,0.6302696764516368,0.7805524438643541,0.03933746588600449,0.4270998537540436,0.12464402517493199,0.009284889295130308,0.025402058435882592,0.36446747183799744,11,teacherA_member,0,15.5
teacherA_0,test_w28-31,ge5,near,1.278234194612443,95576,15420,0.9208169414915879,0.8381915517773447,0.810667960630159,0.7525940337224384,0.7815223143733505,0.8207386771985912,0.7053177691309988,0.7822124619360237,0.03933746588600449,0.4270998537540436,0.12464402517493199,0.009284889295130308,0.025402058435882592,0.36446747183799744,11,teacherA_member,0,15.5
teacherA_0,test_w28-31,ge5,far,1.278234194612443,95576,79249,0.9208169414915879,0.8381915517773447,0.8425422204266608,0.6814975583288118,0.8085326871284166,0.8230129855586026,0.6156670746634026,0.7802294432124196,0.03933746588600449,0.4270998537540436,0.12464402517493199,0.009284889295130308,0.025402058435882592,0.36446747183799744,11,teacherA_member,0,15.5
teacherA_1,test_w28-31,all,all,1.295048967651576,100000,100000,0.91746,0.8332449371600712,0.8416360166000001,0.68217,0.8059662422,0.8269454302999999,0.65837,0.7814871133000002,0.042068244908451985,0.4532199203968048,0.1306281691836417,0.009811897832772667,0.025552050881832798,0.384501576423645,11,teacherA_member,1,15.5
teacherA_1,test_w28-31,all,near,1.295048967651576,100000,15990,0.91746,0.8332449371600712,0.8004703076923076,0.7534083802376486,0.770171306441526,0.8035422260787992,0.7359599749843653,0.7624521507191995,0.042068244908451985,0.4532199203968048,0.1306281691836417,0.009811897832772667,0.025552050881832798,0.384501576423645,11,teacherA_member,1,15.5
teacherA_1,test_w28-31,all,far,1.295048967651576,100000,84010,0.91746,0.8332449371600712,0.8494712705630282,0.6686108796571837,0.8127792528270444,0.8313998670991548,0.6436019521485538,0.7851101230805857,0.042068244908451985,0.4532199203968048,0.1306281691836417,0.009811897832772667,0.025552050881832798,0.384501576423645,11,teacherA_member,1,15.5
teacherA_1,test_w28-31,ge5,all,1.295048967651576,95576,94669,0.9225642420691387,0.8370082684905138,0.8467694466266351,0.6618428419017841,0.8132981199362701,0.8339235393515689,0.6481741647212921,0.7908211760586568,0.04024789974778187,0.43015605211257935,0.1222830897632925,0.008822062190669545,0.0251106340137223,0.3638267517089844,11,teacherA_member,1,15.5
teacherA_1,test_w28-31,ge5,near,1.295048967651576,95576,15420,0.9225642420691387,0.8370082684905138,0.8060940630890627,0.7294422827496757,0.7776738365741385,0.8105125780753235,0.7275616083009079,0.7716249789521097,0.04024789974778187,0.43015605211257935,0.1222830897632925,0.008822062190669545,0.0251106340137223,0.3638267517089844,11,teacherA_member,1,15.5
teacherA_1,test_w28-31,ge5,far,1.295048967651576,95576,79249,0.9225642420691387,0.8370082684905138,0.854683923959464,0.648689573370011,0.8202297714327441,0.8384787643118804,0.6327272268419791,0.7945563065887953,0.04024789974778187,0.43015605211257935,0.1222830897632925,0.008822062190669545,0.0251106340137223,0.3638267517089844,11,teacherA_member,1,15.5
teacherA_2,test_w28-31,all,all,1.2952232464265883,100000,100000,0.91581,0.8191245859874837,0.8317674253,0.69501,0.7978654204000001,0.80786509855,0.64351,0.7634106257000002,0.04234735788181426,0.42912527918815613,0.13124959721172033,0.00936235976167374,0.025423417884558427,0.36696022748947144,11,teacherA_member,2,15.5
teacherA_2,test_w28-31,all,near,1.2952232464265883,100000,15990,0.91581,0.8191245859874837,0.7918681397748593,0.7764227642276422,0.7638766485303313,0.7916037210756723,0.7217636022514071,0.7515552007504691,0.04234735788181426,0.42912527918815613,0.13124959721172033,0.00936235976167374,0.025423417884558427,0.36696022748947144,11,teacherA_member,2,15.5
teacherA_2,test_w28-31,all,far,1.2952232464265883,100000,84010,0.91581,0.8191245859874837,0.8393616352219975,0.6795143435305321,0.8043346557552672,0.8109601994405428,0.6286156409951196,0.7656671218902512,0.04234735788181426,0.42912527918815613,0.13124959721172033,0.00936235976167374,0.025423417884558427,0.36696022748947144,11,teacherA_member,2,15.5
teacherA_2,test_w28-31,ge5,all,1.2952232464265883,95576,94669,0.9203251862392232,0.8224041961696987,0.8352370072689941,0.688852739545152,0.8038631851197516,0.8118139111811975,0.6341991570630301,0.7694558918006479,0.040519565107966414,0.4066177010536194,0.12386875401279006,0.008317370251205367,0.024829028357786005,0.34694358706474304,11,teacherA_member,2,15.5
teacherA_2,test_w28-31,ge5,near,1.2952232464265883,95576,15420,0.9203251862392232,0.8224041961696987,0.7964371217825769,0.7688715953307393,0.7705862608220896,0.7972738812673181,0.7201037613488975,0.7592484198747669,0.040519565107966414,0.4066177010536194,0.12386875401279006,0.008317370251205367,0.024829028357786005,0.34694358706474304,11,teacherA_member,2,15.5
teacherA_2,test_w28-31,ge5,far,1.2952232464265883,95576,79249,0.9203251862392232,0.8224041961696987,0.8427865565907592,0.6732829436333582,0.8103380954993145,0.8146430605871462,0.6174841322918901,0.7714420268572049,0.040519565107966414,0.4066177010536194,0.12386875401279006,0.008317370251205367,0.024829028357786005,0.34694358706474304,11,teacherA_member,2,15.5
teacherA_3,test_w28-31,all,all,1.2918790117432906,100000,100000,0.91749,0.8320891717875266,0.8323598027000001,0.70379,0.7987191049,0.82146070275,0.63857,0.7773866973999999,0.04055261658400301,0.42118334770202637,0.12909362765915125,0.010149257412963675,0.024913740769624708,0.3597688376903534,11,teacherA_member,3,15.5
teacherA_3,test_w28-31,all,near,1.2918790117432906,100000,15990,0.91749,0.8320891717875266,0.7912139008755472,0.7641651031894935,0.762521153220763,0.7915087926829268,0.7191369606003752,0.752623267667292,0.04055261658400301,0.42118334770202637,0.12909362765915125,0.010149257412963675,0.024913740769624708,0.3597688376903534,11,teacherA_member,3,15.5
teacherA_3,test_w28-31,all,far,1.2918790117432906,100000,84010,0.91749,0.8320891717875266,0.8401912866920604,0.6922985358885847,0.8056088233543627,0.8271615840971314,0.6232353291274848,0.7821000320199977,0.04055261658400301,0.42118334770202637,0.12909362765915125,0.010149257412963675,0.024913740769624708,0.3597688376903534,11,teacherA_member,3,15.5
teacherA_3,test_w28-31,ge5,all,1.2918790117432906,95576,94669,0.9221248012053235,0.8360031343884475,0.8365648921055195,0.6916730925646198,0.805353766162903,0.8277593223328601,0.60380906104427,0.7858075242982063,0.03894185681481328,0.3993155360221863,0.12141823191222186,0.00912231033672233,0.024744128295750296,0.3398965001106262,11,teacherA_member,3,15.5
teacherA_3,test_w28-31,ge5,near,1.2918790117432906,95576,15420,0.9221248012053235,0.8360031343884475,0.7964713483525432,0.7553177691309987,0.7698187374967933,0.7980393316943392,0.6912451361867704,0.7612844049545675,0.03894185681481328,0.3993155360221863,0.12141823191222186,0.00912231033672233,0.024744128295750296,0.3398965001106262,11,teacherA_member,3,15.5
teacherA_3,test_w28-31,ge5,far,1.2918790117432906,95576,79249,0.9221248012053235,0.8360031343884475,0.8443661570384636,0.6792893285719693,0.8122680507851875,0.8335421366982902,0.586796047899658,0.790579149180273,0.03894185681481328,0.3993155360221863,0.12141823191222186,0.00912231033672233,0.024744128295750296,0.3398965001106262,11,teacherA_member,3,15.5
teacherA_4,test_w28-31,all,all,1.2965102575076488,100000,100000,0.91638,0.8267686424319084,0.8308557502,0.70133,0.7967923815,0.8139875135000001,0.64352,0.7707160752000001,0.04205851304635409,0.432593435049057,0.1312549975667147,0.009444845095107977,0.026613771473169352,0.3671390116214752,11,teacherA_member,4,15.5
teacherA_4,test_w28-31,all,near,1.2965102575076488,100000,15990,0.91638,0.8267686424319084,0.7943754562226393,0.7488430268918074,0.7651649318323953,0.804575751094434,0.7196998123827392,0.7653266635397123,0.04205851304635409,0.432593435049057,0.1312549975667147,0.009444845095107977,0.026613771473169352,0.3671390116214752,11,teacherA_member,4,15.5
teacherA_4,test_w28-31,all,far,1.2965102575076488,100000,84010,0.91638,0.8267686424319084,0.8377992081299845,0.6922866325437448,0.8028121758124034,0.8157788964408998,0.6290203547196762,0.7717418660873706,0.04205851304635409,0.432593435049057,0.1312549975667147,0.009444845095107977,0.026613771473169352,0.3671390116214752,11,teacherA_member,4,15.5
teacherA_4,test_w28-31,ge5,all,1.2965102575076488,95576,94669,0.9211099020674647,0.8304748498140925,0.8348515625861854,0.6900780614562317,0.8033070000966385,0.8204845835597132,0.6057843644698898,0.779257491081584,0.04016125971200234,0.4079606831073761,0.12349119730453706,0.008461837120418403,0.026144882225200512,0.3452737331390381,11,teacherA_member,4,15.5
teacherA_4,test_w28-31,ge5,near,1.2965102575076488,95576,15420,0.9211099020674647,0.8304748498140925,0.7994543531243754,0.7367055771725033,0.7722833307657893,0.812304815423438,0.6891699092088197,0.7749732036338186,0.04016125971200234,0.4079606831073761,0.12349119730453706,0.008461837120418403,0.026144882225200512,0.3452737331390381,11,teacherA_member,4,15.5
teacherA_4,test_w28-31,ge5,far,1.2965102575076488,95576,79249,0.9211099020674647,0.8304748498140925,0.841739030817975,0.6810054385544297,0.8093434798135015,0.8220761749319875,0.5895594897096493,0.78009111311397,0.04016125971200234,0.4079606831073761,0.12349119730453706,0.008461837120418403,0.026144882225200512,0.3452737331390381,11,teacherA_member,4,15.5
teacherA,test_w28-31,all,all,1.065888886650108,100000,100000,0.92379,0.8393949660604288,0.8586035607,0.5996,0.8231775009000001,0.8294300773000001,0.6342,0.7878964958,0.02302295309856532,0.35354530811309814,0.11540104697661481,0.007778629250099554,0.019013510111868394,0.34167829155921936,11,teacherA,,15.5
teacherA,test_w28-31,all,near,1.065888886650108,100000,15990,0.92379,0.8393949660604288,0.8327366285178237,0.6746091307066917,0.801973239524703,0.8151162217010631,0.7311444652908068,0.7780508305190744,0.02302295309856532,0.35354530811309814,0.11540104697661481,0.007778629250099554,0.019013510111868394,0.34167829155921936,11,teacherA,,15.5
teacherA,test_w28-31,all,far,1.065888886650108,100000,84010,0.92379,0.8393949660604288,0.8635269298892989,0.5853231758124033,0.8272134030472562,0.8321544976193311,0.6157481252231877,0.7897704654207831,0.02302295309856532,0.35354530811309814,0.11540104697661481,0.007778629250099554,0.019013510111868394,0.34167829155921936,11,teacherA,,15.5
teacherA,test_w28-31,ge5,all,1.065888886650108,95576,94669,0.9287582656733908,0.8436392003143606,0.8622785437089423,0.585302474938998,0.8294619873848513,0.8358689903808438,0.5984958117229505,0.7964997875797873,0.0207823404829163,0.32970690727233887,0.10731596807809224,0.00681980852822065,0.017149016890037748,0.3187106251716614,11,teacherA,,15.5
teacherA,test_w28-31,ge5,near,1.065888886650108,95576,15420,0.9287582656733908,0.8436392003143606,0.8373527346569702,0.6626459143968871,0.8089423963078608,0.8229807802907502,0.7063553826199741,0.787935594297425,0.0207823404829163,0.32970690727233887,0.10731596807809224,0.00681980852822065,0.017149016890037748,0.3187106251716614,11,teacherA,,15.5
teacherA,test_w28-31,ge5,far,1.065888886650108,95576,79249,0.9287582656733908,0.8436392003143606,0.8671285225803653,0.5702532524069704,0.8334546193979646,0.8383767343219567,0.5775088644651668,0.79816617908522,0.0207823404829163,0.32970690727233887,0.10731596807809224,0.00681980852822065,0.017149016890037748,0.3187106251716614,11,teacherA,,15.5
teacherB,test_w28-31,all,all,1.4075419166759908,100000,100000,0.91909,0.8323682831411687,0.8318780665000001,0.70428,0.8002040824000002,0.8311403549499999,0.64456,0.7862318879000002,0.04479732109069828,0.44868093729019165,0.1306690802114149,0.009759761845219263,0.02578496616169814,0.3584868311882019,11,teacherB,,15.5
teacherB,test_w28-31,all,near,1.4075419166759908,100000,15990,0.91909,0.8323682831411687,0.7681119981238274,0.7882426516572858,0.7467792282676673,0.7743387736085053,0.7255784865540963,0.7368547748592871,0.04479732109069828,0.44868093729019165,0.1306690802114149,0.009759761845219263,0.02578496616169814,0.3584868311882019,11,teacherB,,15.5
teacherB,test_w28-31,all,far,1.4075419166759908,100000,84010,0.91909,0.8323682831411687,0.84401494822045,0.6882990120223783,0.8103726744435186,0.8419516546244494,0.6291393881680752,0.7956300552315201,0.04479732109069828,0.44868093729019165,0.1306690802114149,0.009759761845219263,0.02578496616169814,0.3584868311882019,11,teacherB,,15.5
teacherB,test_w28-31,ge5,all,1.4075419166759908,95576,94669,0.9240395078262326,0.8364509674849765,0.8368375708191784,0.6836768107828328,0.8078527947020208,0.8370582546594351,0.6083406394912801,0.794621581944882,0.04278643949438618,0.4242159128189087,0.12260185853684341,0.008630054160573629,0.025422780990857534,0.3375798165798187,11,teacherB,,15.5
teacherB,test_w28-31,ge5,near,1.4075419166759908,95576,15420,0.9240395078262326,0.8364509674849765,0.7742022523929456,0.7686121919584955,0.7551544837787126,0.7808116094951144,0.6946822308690013,0.7454812927817706,0.04278643949438618,0.4242159128189087,0.12260185853684341,0.008630054160573629,0.025422780990857534,0.3375798165798187,11,teacherB,,15.5
teacherB,test_w28-31,ge5,far,1.4075419166759908,95576,79249,0.9240395078262326,0.8364509674849765,0.8490249373491348,0.6671503741372131,0.8181066522199377,0.8480025349460485,0.5915405872629308,0.8041831317296765,0.04278643949438618,0.4242159128189087,0.12260185853684341,0.008630054160573629,0.025422780990857534,0.3375798165798187,11,teacherB,,15.5
teacherA_0,test_w32-35,all,all,1.278234194612443,100000,100000,0.88728,0.7926346363584943,0.81482070235,0.75118,0.7666729455,0.7979642612000001,0.69587,0.7392305915,0.062358114698827294,0.66715008020401,0.17883990022112445,0.01674779644820093,0.044694282007068396,0.561046302318573,11,teacherA_member,0,19.5
teacherA_0,test_w32-35,all,near,1.278234194612443,100000,16559,0.88728,0.7926346363584943,0.7815773947702156,0.7966060752460897,0.7395716226825291,0.7922291838275257,0.729874992451235,0.7365137351289328,0.062358114698827294,0.66715008020401,0.17883990022112445,0.01674779644820093,0.044694282007068396,0.561046302318573,11,teacherA_member,0,19.5
teacherA_0,test_w32-35,all,far,1.278234194612443,100000,83441,0.88728,0.7926346363584943,0.8214178899461896,0.7421651226615213,0.7720512463896646,0.799102396483743,0.68912165482197,0.7397697559952541,0.062358114698827294,0.66715008020401,0.17883990022112445,0.01674779644820093,0.044694282007068396,0.561046302318573,11,teacherA_member,0,19.5
teacherA_0,test_w32-35,ge5,all,1.278234194612443,95262,94615,0.8943125275555835,0.7952677579384596,0.8189102081723205,0.7446387993447128,0.7739214278491794,0.8049968652525511,0.6852401839031866,0.7490676990051716,0.058284201051891485,0.6232435703277588,0.16779724712467786,0.015239555364169245,0.04187853649843326,0.5240218639373779,11,teacherA_member,0,19.5
teacherA_0,test_w32-35,ge5,near,1.278234194612443,95262,16006,0.8943125275555835,0.7952677579384596,0.7871531898717212,0.790890915906535,0.7478098296278028,0.8004960040454061,0.7219167812070474,0.747520890405952,0.058284201051891485,0.6232435703277588,0.16779724712467786,0.015239555364169245,0.04187853649843326,0.5240218639373779,11,teacherA_member,0,19.5
teacherA_0,test_w32-35,ge5,far,1.278234194612443,95262,78609,0.8943125275555835,0.7952677579384596,0.8253764249530884,0.7352211578826852,0.7792381503762611,0.8059133097370448,0.6777722652622473,0.7493826529982145,0.058284201051891485,0.6232435703277588,0.16779724712467786,0.015239555364169245,0.04187853649843326,0.5240218639373779,11,teacherA_member,0,19.5
teacherA_1,test_w32-35,all,all,1.295048967651576,100000,100000,0.88668,0.7940759251341042,0.82611930115,0.73328,0.7749779708000001,0.81273449685,0.65516,0.7502663065,0.06631372360244396,0.6892358064651489,0.18046224575495792,0.0170987515556294,0.04814470040693879,0.5711538791656494,11,teacherA_member,1,19.5
teacherA_1,test_w32-35,all,near,1.295048967651576,100000,16559,0.88668,0.7940759251341042,0.7808438414155444,0.7964852950057371,0.7375462153511685,0.7878705658554261,0.7148378525273266,0.7306122857660486,0.06631372360244396,0.6892358064651489,0.18046224575495792,0.0170987515556294,0.04814470040693879,0.5711538791656494,11,teacherA_member,1,19.5
teacherA_1,test_w32-35,all,far,1.295048967651576,100000,83441,0.88668,0.7940759251341042,0.83510428859913,0.7207368080440072,0.7824063625795473,0.8176687837513932,0.6433168346496326,0.7541666783715439,0.06631372360244396,0.6892358064651489,0.18046224575495792,0.0170987515556294,0.04814470040693879,0.5711538791656494,11,teacherA_member,1,19.5
teacherA_1,test_w32-35,ge5,all,1.295048967651576,95262,94615,0.8940920828871953,0.7977296775315207,0.8307890563230189,0.7274005178882841,0.7827726979787174,0.8207740172705739,0.6390635734291603,0.7615195372042048,0.06201961891888063,0.6411370038986206,0.16917373198416835,0.015609290903760079,0.04527198995508193,0.5309666395187378,11,teacherA_member,1,19.5
teacherA_1,test_w32-35,ge5,near,1.295048967651576,95262,16006,0.8940920828871953,0.7977296775315207,0.7866088330184741,0.791453205048107,0.7458368483372975,0.7958601246672491,0.6992377858303136,0.7416123461795296,0.06201961891888063,0.6411370038986206,0.16917373198416835,0.015609290903760079,0.04527198995508193,0.5309666395187378,11,teacherA_member,1,19.5
teacherA_1,test_w32-35,ge5,far,1.295048967651576,95262,78609,0.8940920828871953,0.7977296775315207,0.8397848284892155,0.7143584067982037,0.7902934043782466,0.8258468685345361,0.6268111793814958,0.7655729471132606,0.06201961891888063,0.6411370038986206,0.16917373198416835,0.015609290903760079,0.04527198995508193,0.5309666395187378,11,teacherA_member,1,19.5
teacherA_2,test_w32-35,all,all,1.2952232464265883,100000,100000,0.88625,0.7810905637637336,0.8174462519500001,0.73868,0.7692664663,0.79657621795,0.65122,0.7360263197000001,0.06483889990523456,0.6596443057060242,0.17935616821580824,0.016215866439259825,0.046386394082233336,0.5498209595680237,11,teacherA_member,2,19.5
teacherA_2,test_w32-35,all,near,1.2952232464265883,100000,16559,0.88625,0.7810905637637336,0.7723210296515489,0.8042756205084848,0.7322359369527145,0.778121084908509,0.7092819614711033,0.7221734851138354,0.06483889990523456,0.6596443057060242,0.17935616821580824,0.016215866439259825,0.046386394082233336,0.5498209595680237,11,teacherA_member,2,19.5
teacherA_2,test_w32-35,all,far,1.2952232464265883,100000,83441,0.88625,0.7810905637637336,0.8264014245394949,0.7256624441221942,0.7766152341175202,0.8002386686401168,0.6396975108160257,0.738775436895531,0.06483889990523456,0.6596443057060242,0.17935616821580824,0.016215866439259825,0.046386394082233336,0.5498209595680237,11,teacherA_member,2,19.5
teacherA_2,test_w32-35,ge5,all,1.2952232464265883,95262,94615,0.893168314752997,0.784425724016961,0.821290917616311,0.7378745442054643,0.7763578389543933,0.8013887463805324,0.6379855202663426,0.7439348291617698,0.06103985787325843,0.615470290184021,0.16864756430621533,0.014675377324994698,0.04392205131771654,0.512823224067688,11,teacherA_member,2,19.5
teacherA_2,test_w32-35,ge5,near,1.2952232464265883,95262,16006,0.893168314752997,0.784425724016961,0.7775019329357378,0.7979507684618268,0.7400311325118673,0.7845249856874204,0.7013619892540297,0.7314499529504761,0.06103985787325843,0.615470290184021,0.16864756430621533,0.014675377324994698,0.04392205131771654,0.512823224067688,11,teacherA_member,2,19.5
teacherA_2,test_w32-35,ge5,far,1.2952232464265883,95262,78609,0.893168314752997,0.784425724016961,0.8302070275884166,0.7256421020493836,0.7837545144409032,0.804822467120574,0.6250810975842461,0.7464769417524143,0.06103985787325843,0.615470290184021,0.16864756430621533,0.014675377324994698,0.04392205131771654,0.512823224067688,11,teacherA_member,2,19.5
teacherA_3,test_w32-35,all,all,1.2918790117432906,100000,100000,0.89145,0.7936076316154463,0.8163369231,0.73665,0.7700961067000001,0.8039353056499999,0.69185,0.7464295463,0.06144535087734465,0.6256409287452698,0.1728436900554983,0.016243567140801173,0.043841812174916305,0.5227400660514832,11,teacherA_member,3,19.5
teacherA_3,test_w32-35,all,near,1.2918790117432906,100000,16559,0.89145,0.7936076316154463,0.7680449649737302,0.7943716407995652,0.7292657014312458,0.7711511117821124,0.7474485174225497,0.7195703569056102,0.06144535087734465,0.6256409287452698,0.1728436900554983,0.016243567140801173,0.043841812174916305,0.5227400660514832,11,teacherA_member,3,19.5
teacherA_3,test_w32-35,all,far,1.2918790117432906,100000,83441,0.89145,0.7936076316154463,0.8259205394829879,0.7251950479979866,0.7781989659759592,0.8104413813952374,0.6808163852302824,0.7517597954243118,0.06144535087734465,0.6256409287452698,0.1728436900554983,0.016243567140801173,0.043841812174916305,0.5227400660514832,11,teacherA_member,3,19.5
teacherA_3,test_w32-35,ge5,all,1.2918790117432906,95262,94615,0.8987004261930256,0.7976553746723597,0.8207265523492007,0.727527347672145,0.7777837913188467,0.8111521840100786,0.6331237118850077,0.7568865449777127,0.05761904772419156,0.5831006169319153,0.16149100845665648,0.014688388250668512,0.04149053341779606,0.48656797409057617,11,teacherA_member,3,19.5
teacherA_3,test_w32-35,ge5,near,1.2918790117432906,95262,16006,0.8987004261930256,0.7976553746723597,0.7739506220312562,0.7864550793452455,0.7377820303802483,0.7786515380497299,0.709608896663751,0.7302057449730311,0.05761904772419156,0.5831006169319153,0.16149100845665648,0.014688388250668512,0.04149053341779606,0.48656797409057617,11,teacherA_member,3,19.5
teacherA_3,test_w32-35,ge5,far,1.2918790117432906,95262,78609,0.8987004261930256,0.7976553746723597,0.8302508503388586,0.7155287562492845,0.7859287643573436,0.8177698148060604,0.6175501532903357,0.7623191657320146,0.05761904772419156,0.5831006169319153,0.16149100845665648,0.014688388250668512,0.04149053341779606,0.48656797409057617,11,teacherA_member,3,19.5
teacherA_4,test_w32-35,all,all,1.2965102575076488,100000,100000,0.88785,0.7912463560282137,0.81486369705,0.74887,0.7666083857999998,0.7986148840999999,0.70606,0.7405362332000001,0.06442281555041666,0.6834999322891235,0.1790474244993939,0.01606367913470873,0.04639876177415252,0.5665193796157837,11,teacherA_member,4,19.5
teacherA_4,test_w32-35,all,near,1.2965102575076488,100000,16559,0.88785,0.7912463560282137,0.7747779639470982,0.7834410290476478,0.7328335992511625,0.7899167766773355,0.7418926263663265,0.7353980663083519,0.06442281555041666,0.6834999322891235,0.1790474244993939,0.01606367913470873,0.04639876177415252,0.5665193796157837,11,teacherA_member,4,19.5
teacherA_4,test_w32-35,all,far,1.2965102575076488,100000,83441,0.88785,0.7912463560282137,0.822818774942774,0.7420093239534521,0.7733110462482472,0.8003410374396279,0.6989489579463334,0.7415559106434486,0.06442281555041666,0.6834999322891235,0.1790474244993939,0.01606367913470873,0.04639876177415252,0.5665193796157837,11,teacherA_member,4,19.5
teacherA_4,test_w32-35,ge5,all,1.2965102575076488,95262,94615,0.8948059037181667,0.7951992176463706,0.8187934968654739,0.7423135866405961,0.774000222271431,0.8061228330653231,0.6594408920361465,0.7511533260333182,0.06022831055951757,0.6370643377304077,0.16780429209965028,0.014535091101262472,0.04366319369801508,0.5277648568153381,11,teacherA_member,4,19.5
teacherA_4,test_w32-35,ge5,near,1.2965102575076488,95262,16006,0.8948059037181667,0.7951992176463706,0.7800260970557867,0.7739597650880919,0.7408805448560388,0.7985472051925437,0.7081094589528927,0.7469284274060555,0.06022831055951757,0.6370643377304077,0.16780429209965028,0.014535091101262472,0.04366319369801508,0.5277648568153381,11,teacherA_member,4,19.5
teacherA_4,test_w32-35,ge5,far,1.2965102575076488,95262,78609,0.8948059037181667,0.7951992176463706,0.8266871350157348,0.7358699385566538,0.7807438973812879,0.8076653472778392,0.6495312241600835,0.7520135802971805,0.06022831055951757,0.6370643377304077,0.16780429209965028,0.014535091101262472,0.04366319369801508,0.5277648568153381,11,teacherA_member,4,19.5
teacherA,test_w32-35,all,all,1.065888886650108,100000,100000,0.8957,0.8023677412744686,0.84243163305,0.6604,0.7930389636000001,0.81459429545,0.67219,0.7578337524000001,0.041769362795054915,0.5346688628196716,0.15922960495725805,0.01336511929697741,0.037202088113427116,0.5133283734321594,11,teacherA,,19.5
teacherA,test_w32-35,all,near,1.065888886650108,100000,16559,0.8957,0.8023677412744686,0.8112042967570506,0.7382692191557462,0.7686528636994987,0.7980446032369104,0.7370614167522194,0.7460682154719487,0.041769362795054915,0.5346688628196716,0.15922960495725805,0.01336511929697741,0.037202088113427116,0.5133283734321594,11,teacherA,,19.5
teacherA,test_w32-35,all,far,1.065888886650108,100000,83441,0.8957,0.8023677412744686,0.8486287479176903,0.6449467288263564,0.7978784241559903,0.8178786083580014,0.6593161635167364,0.7601686420344915,0.041769362795054915,0.5346688628196716,0.15922960495725805,0.01336511929697741,0.037202088113427116,0.5133283734321594,11,teacherA,,19.5
teacherA,test_w32-35,ge5,all,1.065888886650108,95262,94615,0.9031198169259516,0.8066270711165648,0.8459721802925813,0.6484912540294879,0.8004154400357066,0.8221928817639219,0.6254822174073879,0.7685786126996187,0.03708157149580507,0.4885100722312927,0.147601369105146,0.011904402460679815,0.032781861096934026,0.4694109559059143,11,teacherA,,19.5
teacherA,test_w32-35,ge5,near,1.065888886650108,95262,16006,0.9031198169259516,0.8066270711165648,0.8158649339767936,0.7278520554791953,0.7766567340316811,0.8068061265959993,0.7022991378233162,0.7577517788443073,0.03708157149580507,0.4885100722312927,0.147601369105146,0.011904402460679815,0.032781861096934026,0.4694109559059143,11,teacherA,,19.5
teacherA,test_w32-35,ge5,far,1.065888886650108,95262,78609,0.9031198169259516,0.8066270711165648,0.852102478153265,0.6323321757050719,0.8052530775619497,0.8253258614891158,0.6098411123408262,0.7707831223955581,0.03708157149580507,0.4885100722312927,0.147601369105146,0.011904402460679815,0.032781861096934026,0.4694109559059143,11,teacherA,,19.5
teacherB,test_w32-35,all,all,1.4075419166759908,100000,100000,0.88955,0.7917887612934135,0.81555407805,0.72344,0.768544905,0.81194126535,0.65508,0.751281711,0.07100903372943398,0.7119684219360352,0.1817460302279481,0.016407548930482973,0.04991288597434758,0.5499966740608215,11,teacherB,,19.5
teacherB,test_w32-35,all,near,1.4075419166759908,100000,16559,0.88955,0.7917887612934135,0.7438947976930974,0.8097107313243553,0.7100209324234555,0.7537133872818406,0.7232320792318376,0.7023713545503957,0.07100903372943398,0.7119684219360352,0.1817460302279481,0.016407548930482973,0.04991288597434758,0.5499966740608215,11,teacherB,,19.5
teacherB,test_w32-35,all,far,1.4075419166759908,100000,83441,0.88955,0.7917887612934135,0.8297749769298067,0.7063194352896058,0.7801590810273127,0.8234966809482149,0.6415551107968505,0.7609880495200201,0.07100903372943398,0.7119684219360352,0.1817460302279481,0.016407548930482973,0.04991288597434758,0.5499966740608215,11,teacherB,,19.5
teacherB,test_w32-35,ge5,all,1.4075419166759908,95262,94615,0.8967269215426927,0.7961874597692542,0.8203232525443174,0.7204248797759341,0.7769306188668125,0.8182836412319874,0.6303440257887227,0.7613518907932568,0.06679916685828258,0.662010133266449,0.17031955012920963,0.014765982715669947,0.04752412151841469,0.5106800198554993,11,teacherB,,19.5
teacherB,test_w32-35,ge5,near,1.4075419166759908,95262,16006,0.8967269215426927,0.7961874597692542,0.7503793329081448,0.8016368861676871,0.7192240470183531,0.7610896094388069,0.7034861926777458,0.7128964850427315,0.06679916685828258,0.662010133266449,0.17031955012920963,0.014765982715669947,0.04752412151841469,0.5106800198554993,11,teacherB,,19.5
teacherB,test_w32-35,ge5,far,1.4075419166759908,95262,78609,0.8967269215426927,0.7961874597692542,0.834564909068336,0.7038888676869061,0.7886805633897863,0.8299292247260104,0.6154511569922019,0.7712181557812723,0.06679916685828258,0.662010133266449,0.17031955012920963,0.014765982715669947,0.04752412151841469,0.5106800198554993,11,teacherB,,19.5
teacherA_0,test_w36-39,all,all,1.278234194612443,100000,100000,0.86855,0.7767710692371917,0.81373162265,0.78051,0.7556531609999999,0.7939350222999999,0.74341,0.7274809804,0.07468662014648317,0.7883113026618958,0.2079055439382486,0.022169510759250992,0.05598043773725625,0.6603186130523682,11,teacherA_member,0,23.5
teacherA_0,test_w36-39,all,near,1.278234194612443,100000,12548,0.86855,0.7767710692371917,0.7632451275103602,0.8133567102327064,0.7134594046860057,0.778444724657316,0.7547816385081287,0.7154236061523749,0.07468662014648317,0.7883113026618958,0.2079055439382486,0.022169510759250992,0.05598043773725625,0.6603186130523682,11,teacherA_member,0,23.5
teacherA_0,test_w36-39,all,far,1.278234194612443,100000,87452,0.86855,0.7767710692371917,0.8209756484128435,0.7757970086447422,0.7617073078946166,0.7961576387618351,0.7417783469789141,0.7292110258198783,0.07468662014648317,0.7883113026618958,0.2079055439382486,0.022169510759250992,0.05598043773725625,0.6603186130523682,11,teacherA_member,0,23.5
teacherA_0,test_w36-39,ge5,all,1.278234194612443,95184,91735,0.878456463271138,0.7810112094403006,0.8168673865320935,0.7578459693682891,0.7624304708470061,0.8017198075641647,0.7205428680438218,0.7382783228580815,0.0693039583506595,0.7239930629730225,0.19379473481774076,0.020311775021650567,0.05198255395936312,0.6064355373382568,11,teacherA_member,0,23.5
teacherA_0,test_w36-39,ge5,near,1.278234194612443,95184,12085,0.878456463271138,0.7810112094403006,0.7688958929830605,0.7947041787339677,0.7220218473004539,0.7868648549388879,0.7397600330988829,0.7270618697767043,0.0693039583506595,0.7239930629730225,0.19379473481774076,0.020311775021650567,0.05198255395936312,0.6064355373382568,11,teacherA_member,0,23.5
teacherA_0,test_w36-39,ge5,far,1.278234194612443,95184,79650,0.878456463271138,0.7810112094403006,0.8241459238772293,0.7522536095417451,0.7685615218898196,0.8039736946009062,0.7176271186440678,0.7399801538121111,0.0693039583506595,0.7239930629730225,0.19379473481774076,0.020311775021650567,0.05198255395936312,0.6064355373382568,11,teacherA_member,0,23.5
teacherA_1,test_w36-39,all,all,1.295048967651576,100000,100000,0.86242,0.774572716552348,0.8280526365,0.70852,0.7610562795,0.8073135403,0.69506,0.7325553022,0.08437472654193642,0.8510292768478394,0.21952986886997955,0.023865135930443784,0.06446365930274132,0.7010965347290039,11,teacherA_member,1,23.5
teacherA_1,test_w36-39,all,near,1.295048967651576,100000,12548,0.86242,0.774572716552348,0.7634489751354797,0.7908830092445012,0.7096715293273829,0.7782402223461906,0.7442620337902455,0.7095985312400384,0.08437472654193642,0.8510292768478394,0.21952986886997955,0.023865135930443784,0.06446365930274132,0.7010965347290039,11,teacherA_member,1,23.5
teacherA_1,test_w36-39,all,far,1.295048967651576,100000,87452,0.86242,0.774572716552348,0.8373222557517266,0.6967021909161597,0.7684291908704202,0.8114851086310204,0.6880002744362622,0.7358492412980835,0.08437472654193642,0.8510292768478394,0.21952986886997955,0.023865135930443784,0.06446365930274132,0.7010965347290039,11,teacherA_member,1,23.5
teacherA_1,test_w36-39,ge5,all,1.295048967651576,95184,91735,0.8720583291309464,0.7790754074398412,0.8309729477277852,0.7073854036082193,0.7681883220772032,0.8179897771022074,0.6713577151577914,0.7458322684782095,0.07864997801110263,0.7858396172523499,0.2057778201374933,0.02192957552266582,0.06054613369220054,0.6466709971427917,11,teacherA_member,1,23.5
teacherA_1,test_w36-39,ge5,near,1.295048967651576,95184,12085,0.8720583291309464,0.7790754074398412,0.7689442217370612,0.7879189077368639,0.7182067102157053,0.7870844800790167,0.7208109226313612,0.7212630608691322,0.07864997801110263,0.7858396172523499,0.2057778201374933,0.02192957552266582,0.06054613369220054,0.6466709971427917,11,teacherA_member,1,23.5
teacherA_1,test_w36-39,ge5,far,1.295048967651576,95184,79650,0.8720583291309464,0.7790754074398412,0.8403843369757186,0.6951663527934714,0.775771847241625,0.82267892354948,0.6638543628374137,0.7495600635059019,0.07864997801110263,0.7858396172523499,0.2057778201374933,0.02192957552266582,0.06054613369220054,0.6466709971427917,11,teacherA_member,1,23.5
teacherA_2,test_w36-39,all,all,1.2952232464265883,100000,100000,0.86431,0.7682357256185898,0.81985043365,0.73388,0.7576277007000002,0.7996822243499999,0.6818,0.726866783,0.08095885761827228,0.8145325779914856,0.21417167791464825,0.02268789579726169,0.060817428490668526,0.6740556359291077,11,teacherA_member,2,23.5
teacherA_2,test_w36-39,all,near,1.2952232464265883,100000,12548,0.86431,0.7682357256185898,0.7594052243385401,0.8054670066942939,0.7090473661141218,0.7752594867708001,0.7168473063436405,0.7071281112527892,0.08095885761827228,0.8145325779914856,0.21417167791464825,0.02268789579726169,0.060817428490668526,0.6740556359291077,11,teacherA_member,2,23.5
teacherA_2,test_w36-39,all,far,1.2952232464265883,100000,87452,0.86431,0.7682357256185898,0.828523379796917,0.7236083794538718,0.7645982221104148,0.803186506826602,0.6767712573754745,0.7296989749805607,0.08095885761827228,0.8145325779914856,0.21417167791464825,0.02268789579726169,0.060817428490668526,0.6740556359291077,11,teacherA_member,2,23.5
teacherA_2,test_w36-39,ge5,all,1.2952232464265883,95184,91735,0.8739073793914943,0.7729530355498415,0.8225678481065913,0.720346650678585,0.7641361221827183,0.8045038813637141,0.648051452553551,0.7349425359143864,0.07601412148448924,0.752357542514801,0.20073825354764005,0.020894444224723304,0.05740033937682322,0.6221879124641418,11,teacherA_member,2,23.5
teacherA_2,test_w36-39,ge5,near,1.2952232464265883,95184,12085,0.8739073793914943,0.7729530355498415,0.7651591672750304,0.7906495655771618,0.7173323642284755,0.7823409775569239,0.689201489449731,0.7173583001019632,0.07601412148448924,0.752357542514801,0.20073825354764005,0.020894444224723304,0.05740033937682322,0.6221879124641418,11,teacherA_member,2,23.5
teacherA_2,test_w36-39,ge5,far,1.2952232464265883,95184,79650,0.8739073793914943,0.7729530355498415,0.8312782549848012,0.7096798493408663,0.7712374833236728,0.8078665768126163,0.6418079096045197,0.7376105269977905,0.07601412148448924,0.752357542514801,0.20073825354764005,0.020894444224723304,0.05740033937682322,0.6221879124641418,11,teacherA_member,2,23.5
teacherA_3,test_w36-39,all,all,1.2918790117432906,100000,100000,0.87113,0.7751615037382645,0.81783917785,0.73491,0.7592575402000001,0.8028900118,0.71274,0.7343953258000001,0.0742894779472053,0.7574632167816162,0.2042234148117479,0.02252152636450702,0.05488025656148794,0.6304500102996826,11,teacherA_member,3,23.5
teacherA_3,test_w36-39,all,near,1.2918790117432906,100000,12548,0.87113,0.7751615037382645,0.7529455004781638,0.8045903729678037,0.7059376546063117,0.7634681180267773,0.7547019445329933,0.7020231032833918,0.0742894779472053,0.7574632167816162,0.2042234148117479,0.02252152636450702,0.05488025656148794,0.6304500102996826,11,teacherA_member,3,23.5
teacherA_3,test_w36-39,all,far,1.2918790117432906,100000,87452,0.87113,0.7751615037382645,0.8271504098819923,0.7249119516992178,0.7669081133650459,0.8085464395897178,0.7067191144856607,0.7390402355577916,0.0742894779472053,0.7574632167816162,0.2042234148117479,0.02252152636450702,0.05488025656148794,0.6304500102996826,11,teacherA_member,3,23.5
teacherA_3,test_w36-39,ge5,all,1.2918790117432906,95184,91735,0.8811985207597915,0.77996748656291,0.8208415592189137,0.7152231972529569,0.7660758295450465,0.8108503789061,0.6616340546138333,0.7454773815151577,0.06922067287660591,0.6972851753234863,0.1899426161877538,0.020589987667891333,0.05140009226979131,0.5795704126358032,11,teacherA_member,3,23.5
teacherA_3,test_w36-39,ge5,near,1.2918790117432906,95184,12085,0.8811985207597915,0.77996748656291,0.7590608252827284,0.7898220935043442,0.7147875459541533,0.7713746901413358,0.7251137774100124,0.7133029879962303,0.06922067287660591,0.6972851753234863,0.1899426161877538,0.020589987667891333,0.05140009226979131,0.5795704126358032,11,teacherA_member,3,23.5
teacherA_3,test_w36-39,ge5,far,1.2918790117432906,95184,79650,0.8811985207597915,0.77996748656291,0.8302153215493444,0.7039045825486503,0.7738576111796472,0.8168398792039302,0.6520025109855618,0.7503590832813377,0.06922067287660591,0.6972851753234863,0.1899426161877538,0.020589987667891333,0.05140009226979131,0.5795704126358032,11,teacherA_member,3,23.5
teacherA_4,test_w36-39,all,all,1.2965102575076488,100000,100000,0.86365,0.7707057222752765,0.81445219775,0.7522,0.7518391866000002,0.7954486579,0.7562,0.7256162454,0.08308012682616708,0.8328548669815063,0.21671881581147048,0.022573489138373617,0.0633584914055467,0.6862764358520508,11,teacherA_member,4,23.5
teacherA_4,test_w36-39,all,near,1.2965102575076488,100000,12548,0.86365,0.7707057222752765,0.7579082264105834,0.8013229199872489,0.7054447011475933,0.7793894955371374,0.7594038890659867,0.7128883224418235,0.08308012682616708,0.8328548669815063,0.21671881581147048,0.022573489138373617,0.0633584914055467,0.6862764358520508,11,teacherA_member,4,23.5
teacherA_4,test_w36-39,all,far,1.2965102575076488,100000,87452,0.86365,0.7707057222752765,0.8225653770068152,0.7451516260348534,0.7584960727027399,0.7977528975895348,0.7557402918172255,0.7274425041165438,0.08308012682616708,0.8328548669815063,0.21671881581147048,0.022573489138373617,0.0633584914055467,0.6862764358520508,11,teacherA_member,4,23.5
teacherA_4,test_w36-39,ge5,all,1.2965102575076488,95184,91735,0.8734451168263574,0.7764235570664919,0.8166334288253447,0.7583365127813811,0.7586535024461616,0.8027236179039431,0.6840355371450373,0.7365261772769345,0.07703812853952159,0.7683104276657104,0.20205856516551965,0.020528780381978855,0.05901804791018557,0.6327879428863525,11,teacherA_member,4,23.5
teacherA_4,test_w36-39,ge5,near,1.2965102575076488,95184,12085,0.8734451168263574,0.7764235570664919,0.7628298247835884,0.8010757136946628,0.7138262286391993,0.7876698611066775,0.7110467521721142,0.7248756766329829,0.07703812853952159,0.7683104276657104,0.20205856516551965,0.020528780381978855,0.05901804791018557,0.6327879428863525,11,teacherA_member,4,23.5
teacherA_4,test_w36-39,ge5,far,1.2965102575076488,95184,79650,0.8734451168263574,0.7764235570664919,0.8247968507317429,0.7518518518518519,0.7654549789553537,0.805007668762637,0.6799372253609541,0.7382938646627745,0.07703812853952159,0.7683104276657104,0.20205856516551965,0.020528780381978855,0.05901804791018557,0.6327879428863525,11,teacherA_member,4,23.5
teacherA,test_w36-39,all,all,1.065888886650108,100000,100000,0.87369,0.780993170966899,0.8406530297499999,0.68889,0.7785994054,0.8124336511,0.68179,0.7445593947000001,0.054880109355524134,0.6521565318107605,0.19086927355626135,0.01880347684980081,0.04994142104946073,0.6250990033149719,11,teacherA,,23.5
teacherA,test_w36-39,all,near,1.065888886650108,100000,12548,0.87369,0.780993170966899,0.7928296457602806,0.7475294867708001,0.7401219429391138,0.7881020365795345,0.7329454893210073,0.7254823414089895,0.054880109355524134,0.6521565318107605,0.19086927355626135,0.01880347684980081,0.04994142104946073,0.6250990033149719,11,teacherA,,23.5
teacherA,test_w36-39,all,far,1.065888886650108,100000,87452,0.87369,0.780993170966899,0.8475149405388098,0.680476146914879,0.7841203220052144,0.8159248588368477,0.674449983991218,0.7472966547363126,0.054880109355524134,0.6521565318107605,0.19086927355626135,0.01880347684980081,0.04994142104946073,0.6250990033149719,11,teacherA,,23.5
teacherA,test_w36-39,ge5,all,1.065888886650108,95184,91735,0.8837514708354345,0.7859644849392532,0.8438236107158847,0.6570665503897095,0.7862678312613116,0.8210019327796196,0.6416089823949419,0.756124719932108,0.04889812911881776,0.5888287425041199,0.1763266656110727,0.016961565670839087,0.044274766761233444,0.5648356080055237,11,teacherA,,23.5
teacherA,test_w36-39,ge5,near,1.065888886650108,95184,12085,0.8837514708354345,0.7859644849392532,0.7976935819901516,0.7250310302027306,0.7487967359502399,0.7972361507790707,0.7024410426148118,0.7377407957293595,0.04889812911881776,0.5888287425041199,0.1763266656110727,0.016961565670839087,0.044274766761233444,0.5648356080055237,11,teacherA,,23.5
teacherA,test_w36-39,ge5,far,1.065888886650108,95184,79650,0.8837514708354345,0.7859644849392532,0.8508227494120615,0.6467545511613308,0.7919531820062494,0.824607827010337,0.6323791588198368,0.7589140447781871,0.04889812911881776,0.5888287425041199,0.1763266656110727,0.016961565670839087,0.044274766761233444,0.5648356080055237,11,teacherA,,23.5
teacherB,test_w36-39,all,all,1.4075419166759908,100000,100000,0.86663,0.7701675773358468,0.8221707823000001,0.69964,0.7600933784,0.81389402985,0.65944,0.7402618425000002,0.09083878754705195,0.8940309882164001,0.219665866033441,0.02207153302935654,0.06773330570563676,0.6835542917251587,11,teacherB,,23.5
teacherB,test_w36-39,all,near,1.4075419166759908,100000,12548,0.86663,0.7701675773358468,0.7318319959356073,0.8125597704813516,0.6891017341408989,0.7514728135957921,0.7315906917437042,0.6891840875039847,0.09083878754705195,0.8940309882164001,0.219665866033441,0.02207153302935654,0.06773330570563676,0.6835542917251587,11,teacherB,,23.5
teacherB,test_w36-39,all,far,1.4075419166759908,100000,87452,0.86663,0.7701675773358468,0.8351329911837351,0.6834377715775511,0.7702795737090061,0.8228505022183598,0.6490874994282578,0.7475907048438,0.09083878754705195,0.8940309882164001,0.219665866033441,0.02207153302935654,0.06773330570563676,0.6835542917251587,11,teacherB,,23.5
teacherB,test_w36-39,ge5,all,1.4075419166759908,95184,91735,0.8761556564128425,0.7751071555885837,0.8244465519711649,0.7140785959557421,0.7674106464009138,0.8199200241120398,0.6334768627023492,0.7501065352163141,0.08478291342396566,0.8316133618354797,0.20541008478928077,0.02004417195144245,0.06417190374414827,0.6342954635620117,11,teacherB,,23.5
teacherB,test_w36-39,ge5,near,1.4075419166759908,95184,12085,0.8761556564128425,0.7751071555885837,0.7382479735871025,0.8153082333471245,0.6986211493738704,0.7597204309482622,0.7036822507240381,0.7006535581055715,0.08478291342396566,0.8316133618354797,0.20541008478928077,0.02004417195144245,0.06417190374414827,0.6342954635620117,11,teacherB,,23.5
teacherB,test_w36-39,ge5,far,1.4075419166759908,95184,79650,0.8761556564128425,0.7751071555885837,0.837525143556493,0.6987193973634651,0.7778478224407358,0.8290538857992242,0.6228248587570622,0.757609852584592,0.08478291342396566,0.8316133618354797,0.20541008478928077,0.02004417195144245,0.06417190374414827,0.6342954635620117,11,teacherB,,23.5
teacherA_0,test_w40-43,all,all,1.278234194612443,100000,100000,0.86217,0.7709184002525512,0.8050688935,0.77447,0.7438666405000001,0.7860586634000001,0.74508,0.7165131359,0.08047404083639388,0.8412264585494995,0.21973144137935469,0.02421257510934643,0.061099855206757744,0.7025724053382874,11,teacherA_member,0,27.5
teacherA_0,test_w40-43,all,near,1.278234194612443,100000,10904,0.86217,0.7709184002525512,0.7454121955245782,0.8360234776228906,0.6953541498532648,0.7629220859317682,0.7870506236243581,0.6992870882245048,0.08047404083639388,0.8412264585494995,0.21973144137935469,0.02421257510934643,0.061099855206757744,0.7025724053382874,11,teacherA_member,0,27.5
teacherA_0,test_w40-43,all,far,1.278234194612443,100000,89096,0.86217,0.7709184002525512,0.8123699691344168,0.7669367872856245,0.7498038340666245,0.7888902298082967,0.7399434318038969,0.7186213430457035,0.08047404083639388,0.8412264585494995,0.21973144137935469,0.02421257510934643,0.061099855206757744,0.7025724053382874,11,teacherA_member,0,27.5
teacherA_0,test_w40-43,ge5,all,1.278234194612443,95288,93977,0.8706342876332802,0.7765498261429237,0.8106223447668756,0.7568766825925493,0.7522504136463967,0.7958700707606192,0.7244964193366462,0.7286724246465801,0.0761301647507367,0.7795937657356262,0.20734981368552374,0.022394832702545914,0.05818547336765442,0.650951087474823,11,teacherA_member,0,27.5
teacherA_0,test_w40-43,ge5,near,1.278234194612443,95288,10557,0.8706342876332802,0.7765498261429237,0.7515749559819458,0.8193615610495406,0.7038616977832346,0.7720996821990369,0.767737046509425,0.7110706912283278,0.0761301647507367,0.7795937657356262,0.20734981368552374,0.022394832702545914,0.05818547336765442,0.650951087474823,11,teacherA_member,0,27.5
teacherA_0,test_w40-43,ge5,far,1.278234194612443,95288,83420,0.8706342876332802,0.7765498261429237,0.8180949326762799,0.7489690721649485,0.7583741210710838,0.7988782701378023,0.7190242148165907,0.7308999659999307,0.0761301647507367,0.7795937657356262,0.20734981368552374,0.022394832702545914,0.05818547336765442,0.650951087474823,11,teacherA_member,0,27.5
teacherA_1,test_w40-43,all,all,1.295048967651576,100000,100000,0.85664,0.7663143880659834,0.81844734695,0.71667,0.7495104432,0.7995701977999999,0.70071,0.7227298174,0.0884057546325773,0.9053040742874146,0.22949515821821645,0.026128496368751215,0.06791261546880006,0.7442866563796997,11,teacherA_member,1,27.5
teacherA_1,test_w40-43,all,near,1.295048967651576,100000,10904,0.85664,0.7663143880659834,0.7435873225421863,0.8126375641966251,0.6901359436903889,0.7590182685253118,0.7680667644900954,0.6916279860601614,0.0884057546325773,0.9053040742874146,0.22949515821821645,0.026128496368751215,0.06791261546880006,0.7442866563796997,11,teacherA_member,1,27.5
teacherA_1,test_w40-43,all,far,1.295048967651576,100000,89096,0.85664,0.7663143880659834,0.827609079307713,0.7049250246924665,0.7567769820193947,0.8045331393104067,0.6924665529316693,0.7265362101553381,0.0884057546325773,0.9053040742874146,0.22949515821821645,0.026128496368751215,0.06791261546880006,0.7442866563796997,11,teacherA_member,1,27.5
teacherA_1,test_w40-43,ge5,all,1.295048967651576,95288,93977,0.8648833011501973,0.7726381431612068,0.8239705810895358,0.7107270927993019,0.7578566955722333,0.8113263254718435,0.6812624365536248,0.7366309681454979,0.08384313951910666,0.843017578125,0.21760825986724674,0.02428180008471144,0.06501091143688548,0.6925005316734314,11,teacherA_member,1,27.5
teacherA_1,test_w40-43,ge5,near,1.295048967651576,95288,10557,0.8648833011501973,0.7726381431612068,0.749219557360582,0.8106469640996495,0.698183050490182,0.7683206270445688,0.7531495690063466,0.7033560252733904,0.08384313951910666,0.843017578125,0.21760825986724674,0.02428180008471144,0.06501091143688548,0.6925005316734314,11,teacherA_member,1,27.5
teacherA_1,test_w40-43,ge5,far,1.295048967651576,95288,83420,0.8648833011501973,0.7726381431612068,0.8334305014624268,0.6980819947254855,0.765408537709985,0.8167687991987282,0.6721649484536083,0.7408419915439735,0.08384313951910666,0.843017578125,0.21760825986724674,0.02428180008471144,0.06501091143688548,0.6925005316734314,11,teacherA_member,1,27.5
teacherA_2,test_w40-43,all,all,1.2952232464265883,100000,100000,0.85747,0.7625708139675279,0.80935202895,0.74313,0.7446433379999999,0.7912306447499999,0.69463,0.7158625031000001,0.0858577631263435,0.863623857498169,0.22575433804632103,0.024886986205100787,0.06493127928584813,0.7132866978645325,11,teacherA_member,2,27.5
teacherA_2,test_w40-43,all,near,1.2952232464265883,100000,10904,0.85747,0.7625708139675279,0.739895098129127,0.8298789435069699,0.6897112481658106,0.7588104296588407,0.7493580337490829,0.6907856337123991,0.0858577631263435,0.863623857498169,0.22575433804632103,0.024886986205100787,0.06493127928584813,0.7132866978645325,11,teacherA_member,2,27.5
teacherA_2,test_w40-43,all,far,1.2952232464265883,100000,89096,0.85747,0.7625708139675279,0.8178525045456587,0.7325132441411512,0.751366193207327,0.7951983876941725,0.6879321181646763,0.718931531830834,0.0858577631263435,0.863623857498169,0.22575433804632103,0.024886986205100787,0.06493127928584813,0.7132866978645325,11,teacherA_member,2,27.5
teacherA_2,test_w40-43,ge5,all,1.2952232464265883,95288,93977,0.8656703887163126,0.7687877671552696,0.8148480292440704,0.7284973982995839,0.7525604691561766,0.7987375487638786,0.669280781467806,0.7258667026329911,0.08197922233828978,0.8078457713127136,0.21424298567468017,0.023157575026418898,0.06257372255625589,0.6665498614311218,11,teacherA_member,2,27.5
teacherA_2,test_w40-43,ge5,near,1.2952232464265883,95288,10557,0.8656703887163126,0.7687877671552696,0.7458589412276697,0.8214454864071232,0.6976701878008479,0.7665488213843465,0.7289949796343658,0.7011119973929342,0.08197922233828978,0.8078457713127136,0.21424298567468017,0.023157575026418898,0.06257372255625589,0.6665498614311218,11,teacherA_member,2,27.5
teacherA_2,test_w40-43,ge5,far,1.2952232464265883,95288,83420,0.8656703887163126,0.7687877671552696,0.8235787629073303,0.716734596020139,0.7595069652035058,0.8028111090005812,0.6617238072404699,0.7289994696339416,0.08197922233828978,0.8078457713127136,0.21424298567468017,0.023157575026418898,0.06257372255625589,0.6665498614311218,11,teacherA_member,2,27.5
teacherA_3,test_w40-43,all,all,1.2918790117432906,100000,100000,0.86387,0.7706232044307528,0.8090769017,0.74891,0.7472426303,0.79364597635,0.71535,0.7217612756999999,0.08119238614708182,0.8287570476531982,0.21704281674826034,0.024848573653055595,0.06116951719515029,0.6861760020256042,11,teacherA_member,3,27.5
teacherA_3,test_w40-43,all,near,1.2918790117432906,100000,10904,0.86387,0.7706232044307528,0.7310099821166545,0.8302457813646368,0.683545448459281,0.7382667149669846,0.7886096845194424,0.6772605649303008,0.08119238614708182,0.8287570476531982,0.21704281674826034,0.024848573653055595,0.06116951719515029,0.6861760020256042,11,teacherA_member,3,27.5
teacherA_3,test_w40-43,all,far,1.2918790117432906,100000,89096,0.86387,0.7706232044307528,0.8186311094212984,0.7389557331417796,0.7550381999191884,0.800423558577265,0.7063841249887761,0.7272074882149592,0.08119238614708182,0.8287570476531982,0.21704281674826034,0.024848573653055595,0.06116951719515029,0.6861760020256042,11,teacherA_member,3,27.5
teacherA_3,test_w40-43,ge5,all,1.2918790117432906,95288,93977,0.872502308790194,0.7763103021861752,0.8142861596502025,0.7269544675824936,0.7553757059814018,0.803079263992616,0.6678336188641901,0.7339445056814682,0.07685572800005469,0.7717512249946594,0.20458023320480434,0.022957504264368923,0.05844986189801684,0.6381421089172363,11,teacherA_member,3,27.5
teacherA_3,test_w40-43,ge5,near,1.2918790117432906,95288,10557,0.872502308790194,0.7763103021861752,0.7368634973381365,0.8150989864544852,0.6918537848997475,0.7462324746805677,0.7655583972719523,0.688292391479107,0.07685572800005469,0.7717512249946594,0.20458023320480434,0.022957504264368923,0.05844986189801684,0.6381421089172363,11,teacherA_member,3,27.5
teacherA_3,test_w40-43,ge5,far,1.2918790117432906,95288,83420,0.872502308790194,0.7763103021861752,0.8240841822590308,0.7157995684488132,0.7634145566270385,0.810273360789155,0.6554663150323663,0.7397218896377655,0.07685572800005469,0.7717512249946594,0.20458023320480434,0.022957504264368923,0.05844986189801684,0.6381421089172363,11,teacherA_member,3,27.5
teacherA_4,test_w40-43,all,all,1.2965102575076488,100000,100000,0.85655,0.766860405349558,0.8013986178500001,0.76998,0.7376264108,0.7830998092499999,0.77008,0.7120453869,0.08825912533938882,0.8809099793434143,0.22862400918753736,0.025011346873970147,0.06779967829637232,0.7249860167503357,11,teacherA_member,4,27.5
teacherA_4,test_w40-43,all,near,1.2965102575076488,100000,10904,0.85655,0.766860405349558,0.7399267470652972,0.8163059427732942,0.6869250907923697,0.7617495850146735,0.7946625091709465,0.6956126659941306,0.08825912533938882,0.8809099793434143,0.22862400918753736,0.025011346873970147,0.06779967829637232,0.7249860167503357,11,teacherA_member,4,27.5
teacherA_4,test_w40-43,all,far,1.2965102575076488,100000,89096,0.85655,0.766860405349558,0.8089218431242705,0.7643104067522672,0.7438314839050013,0.7857127530977821,0.7670714734668223,0.7140565028733054,0.08825912533938882,0.8809099793434143,0.22862400918753736,0.025011346873970147,0.06779967829637232,0.7249860167503357,11,teacherA_member,4,27.5
teacherA_4,test_w40-43,ge5,all,1.2965102575076488,95288,93977,0.8648937956510788,0.7730565748671726,0.806620614928469,0.7701671685625207,0.7461194185136036,0.7933366420549937,0.7083754535684263,0.7249119241612524,0.08333674379474376,0.8226760029792786,0.21591069047629305,0.023026132139600718,0.06455596153985671,0.6765377521514893,11,teacherA_member,4,27.5
teacherA_4,test_w40-43,ge5,near,1.2965102575076488,95288,10557,0.8648937956510788,0.7730565748671726,0.7450827368476537,0.8151937103343753,0.6949968725055305,0.7708396213853677,0.7524865018471156,0.7076950963003712,0.08333674379474376,0.8226760029792786,0.21591069047629305,0.023026132139600718,0.06455596153985671,0.6765377521514893,11,teacherA_member,4,27.5
teacherA_4,test_w40-43,ge5,far,1.2965102575076488,95288,83420,0.8648937956510788,0.7730565748671726,0.8144083801993773,0.7644689522896188,0.7525890986647331,0.7961836936878066,0.7027930951810117,0.727090754798118,0.08333674379474376,0.8226760029792786,0.21591069047629305,0.023026132139600718,0.06455596153985671,0.6765377521514893,11,teacherA_member,4,27.5
teacherA,test_w40-43,all,all,1.065888886650108,100000,100000,0.86743,0.7764996370043135,0.83020606235,0.70033,0.7660295719999999,0.8031469847,0.69474,0.7330374421000001,0.05855704986006025,0.6976408362388611,0.2011064384708018,0.020848791861963756,0.053439498540013994,0.6682316660881042,11,teacherA,,27.5
teacherA,test_w40-43,all,near,1.065888886650108,100000,10904,0.86743,0.7764996370043135,0.7716978604181951,0.7808143800440206,0.7192875596111519,0.7687268644534115,0.7673330887747616,0.706663515223771,0.05855704986006025,0.6976408362388611,0.2011064384708018,0.020848791861963756,0.053439498540013994,0.6682316660881042,11,teacherA,,27.5
teacherA,test_w40-43,all,far,1.065888886650108,100000,89096,0.86743,0.7764996370043135,0.8373665794760707,0.6904799317590016,0.7717500858624405,0.8073594857232649,0.6858557062045434,0.7362652110083506,0.05855704986006025,0.6976408362388611,0.2011064384708018,0.020848791861963756,0.053439498540013994,0.6682316660881042,11,teacherA,,27.5
teacherA,test_w40-43,ge5,all,1.065888886650108,95288,93977,0.8760179665855092,0.7822549439380652,0.8352081922328072,0.6790916926482011,0.7745109403793111,0.813658010667322,0.6565116996711962,0.7459110309169361,0.053581806902762166,0.6391506791114807,0.18839147964512623,0.01908858262249468,0.04878092144879684,0.612575352191925,11,teacherA,,27.5
teacherA,test_w40-43,ge5,near,1.065888886650108,95288,10557,0.8760179665855092,0.7822549439380652,0.776448379895198,0.7675475987496447,0.7272255642391214,0.7783447899842113,0.7414985317798617,0.7189077661867272,0.053581806902762166,0.6391506791114807,0.18839147964512623,0.01908858262249468,0.04878092144879684,0.612575352191925,11,teacherA,,27.5
teacherA,test_w40-43,ge5,far,1.065888886650108,95288,83420,0.8760179665855092,0.7822549439380652,0.8426443866567839,0.6678973867178135,0.7804950175300185,0.8181269829851306,0.6457564133301367,0.7493283584853466,0.053581806902762166,0.6391506791114807,0.18839147964512623,0.01908858262249468,0.04878092144879684,0.612575352191925,11,teacherA,,27.5
teacherB,test_w40-43,all,all,1.4075419166759908,100000,100000,0.85817,0.7647540008897303,0.8137326279499999,0.71855,0.7487968467999999,0.80806982215,0.67499,0.7299494765999999,0.09795725972741842,0.9653909206390381,0.23483796665437642,0.02449220430408064,0.07435542106732726,0.7350709438323975,11,teacherB,,27.5
teacherB,test_w40-43,all,near,1.4075419166759908,100000,10904,0.85817,0.7647540008897303,0.7154058405172413,0.8243763756419662,0.6727171386647103,0.7350633854548789,0.7665994130594277,0.6717557153338225,0.09795725972741842,0.9653909206390381,0.23483796665437642,0.02449220430408064,0.07435542106732726,0.7350709438323975,11,teacherB,,27.5
teacherB,test_w40-43,all,far,1.4075419166759908,100000,89096,0.85817,0.7647540008897303,0.825766336423633,0.7055984555984556,0.7581078499595941,0.8170047034659244,0.6637783963365359,0.737071510954476,0.09795725972741842,0.9653909206390381,0.23483796665437642,0.02449220430408064,0.07435542106732726,0.7350709438323975,11,teacherB,,27.5
teacherB,test_w40-43,ge5,all,1.4075419166759908,95288,93977,0.8659747292418772,0.7702991318473493,0.8193739972412113,0.7116528512295561,0.7576127939333178,0.8166016618824345,0.6458388754695298,0.7412364444074178,0.09365470528736461,0.9054931402206421,0.22311326590876343,0.02253837501276417,0.07242011848373317,0.6877807378768921,11,teacherB,,27.5
teacherB,test_w40-43,ge5,near,1.4075419166759908,95288,10557,0.8659747292418772,0.7702991318473493,0.7222485424741726,0.8201193520886616,0.682044155324673,0.7439339891182614,0.7431088377379937,0.6831250839450722,0.09365470528736461,0.9054931402206421,0.22311326590876343,0.02253837501276417,0.07242011848373317,0.6877807378768921,11,teacherB,,27.5
teacherB,test_w40-43,ge5,far,1.4075419166759908,95288,83420,0.8659747292418772,0.7702991318473493,0.8316654552366035,0.6979261567969312,0.7671761854196696,0.825797929220859,0.6335291297051067,0.7485905756996857,0.09365470528736461,0.9054931402206421,0.22311326590876343,0.02253837501276417,0.07242011848373317,0.6877807378768921,11,teacherB,,27.5
teacherA_0,test_w44-47,all,all,1.278234194612443,100000,100000,0.83662,0.7458925228234101,0.789529069,0.79483,0.7168088543,0.7687992801499999,0.79946,0.6907523371,0.09786335240095854,1.031337857246399,0.25968247064581357,0.03135776131077447,0.07553259970098732,0.8585374355316162,11,teacherA_member,0,31.5
teacherA_0,test_w44-47,all,near,1.278234194612443,100000,10628,0.83662,0.7458925228234101,0.7226610401768913,0.8505833646970267,0.6641032094467445,0.7397338031614602,0.8270605946556266,0.6691196480993602,0.09786335240095854,1.031337857246399,0.25968247064581357,0.03135776131077447,0.07553259970098732,0.8585374355316162,11,teacherA_member,0,31.5
teacherA_0,test_w44-47,all,far,1.278234194612443,100000,89372,0.83662,0.7458925228234101,0.7974809265206104,0.7881998836324576,0.7230765398558833,0.7722557082195767,0.7961777737994002,0.6933248678557042,0.09786335240095854,1.031337857246399,0.25968247064581357,0.03135776131077447,0.07553259970098732,0.8585374355316162,11,teacherA_member,0,31.5
teacherA_0,test_w44-47,ge5,all,1.278234194612443,94936,92436,0.8451799106766664,0.7529363129740986,0.7928525019629824,0.7839478125405686,0.7238830533844242,0.7761512691452797,0.7720909602319442,0.7011607401339647,0.09320445050201095,0.9455648064613342,0.24709911845523486,0.02866854927707939,0.0722171552607974,0.7880304455757141,11,teacherA_member,0,31.5
teacherA_0,test_w44-47,ge5,near,1.278234194612443,94936,10310,0.8451799106766664,0.7529363129740986,0.7281652892791648,0.8402521823472356,0.6726082616114571,0.7486542258455071,0.8065955383123181,0.6810472563393976,0.09320445050201095,0.9455648064613342,0.24709911845523486,0.02866854927707939,0.0722171552607974,0.7880304455757141,11,teacherA_member,0,31.5
teacherA_0,test_w44-47,ge5,far,1.278234194612443,94936,82126,0.8451799106766664,0.7529363129740986,0.8009732574213044,0.7768794291698122,0.7303200295330162,0.7796032151358387,0.7677592966904513,0.7036857628785522,0.09320445050201095,0.9455648064613342,0.24709911845523486,0.02866854927707939,0.0722171552607974,0.7880304455757141,11,teacherA_member,0,31.5
teacherA_1,test_w44-47,all,all,1.295048967651576,100000,100000,0.83398,0.7410655305204196,0.80197896755,0.76686,0.7230998442000001,0.78235958415,0.76727,0.6979132416,0.10205168952070179,1.1197057962417603,0.26657181950315995,0.0335481315996799,0.07880470190718769,0.917881190776825,11,teacherA_member,1,31.5
teacherA_1,test_w44-47,all,near,1.295048967651576,100000,10628,0.83398,0.7410655305204196,0.7199885147722995,0.8402333458788107,0.6596429845690629,0.7367171556266466,0.8025969138125706,0.6626393103123824,0.10205168952070179,1.1197057962417603,0.26657181950315995,0.0335481315996799,0.07880470190718769,0.917881190776825,11,teacherA_member,1,31.5
teacherA_1,test_w44-47,all,far,1.295048967651576,100000,89372,0.83398,0.7410655305204196,0.8117291637201809,0.7581345387817213,0.7306460499932864,0.7877873213646333,0.7630689701472497,0.7021079708409792,0.10205168952070179,1.1197057962417603,0.26657181950315995,0.0335481315996799,0.07880470190718769,0.917881190776825,11,teacherA_member,1,31.5
teacherA_1,test_w44-47,ge5,all,1.295048967651576,94936,92436,0.8422094884975141,0.7482995640591503,0.8060412417474871,0.7590440953740967,0.7307866839151892,0.7915588689276819,0.7383595136094162,0.7100264392606351,0.0969718223347572,1.0320395231246948,0.25398512226483044,0.03048797628846956,0.07527078391097755,0.846721887588501,11,teacherA_member,1,31.5
teacherA_1,test_w44-47,ge5,near,1.295048967651576,94936,10310,0.8422094884975141,0.7482995640591503,0.7245311201330427,0.8406401551891367,0.6677651234254337,0.7453619793235355,0.7805043646944714,0.674367386366042,0.0969718223347572,1.0320395231246948,0.25398512226483044,0.03048797628846956,0.07527078391097755,0.846721887588501,11,teacherA_member,1,31.5
teacherA_1,test_w44-47,ge5,far,1.295048967651576,94936,82126,0.8422094884975141,0.7482995640591503,0.816273925110185,0.7488006234322869,0.7386983353854835,0.7973583712998753,0.7330686993156856,0.7145030341921218,0.0969718223347572,1.0320395231246948,0.25398512226483044,0.03048797628846956,0.07527078391097755,0.846721887588501,11,teacherA_member,1,31.5
teacherA_2,test_w44-47,all,all,1.2952232464265883,100000,100000,0.83241,0.7368573764969182,0.79752739545,0.78787,0.7194718525,0.7761567888,0.76228,0.6907250147999999,0.10370481617435816,1.0985137224197388,0.2679646248457489,0.03340212062419021,0.08050954856261608,0.9013563990592957,11,teacherA_member,2,31.5
teacherA_2,test_w44-47,all,near,1.2952232464265883,100000,10628,0.83241,0.7368573764969182,0.7228585307677832,0.8572638313887844,0.6622848908543469,0.7406906459352653,0.8021264584117426,0.663639539894618,0.10370481617435816,1.0985137224197388,0.2679646248457489,0.03340212062419021,0.08050954856261608,0.9013563990592957,11,teacherA_member,2,31.5
teacherA_2,test_w44-47,all,far,1.2952232464265883,100000,89372,0.83241,0.7368573764969182,0.806406918050396,0.77961777737994,0.7262724503200109,0.7803743755874323,0.7575415118829163,0.693945983641409,0.10370481617435816,1.0985137224197388,0.2679646248457489,0.03340212062419021,0.08050954856261608,0.9013563990592957,11,teacherA_member,2,31.5
teacherA_2,test_w44-47,ge5,all,1.2952232464265883,94936,92436,0.8405241425802646,0.7436234995176543,0.8007213800062934,0.7694188411441429,0.726129771952875,0.781181622104732,0.7392141589856766,0.6989826853133064,0.09969982288051418,1.0204943418502808,0.25604088176884815,0.030634601579917983,0.07791482358342164,0.8374782800674438,11,teacherA_member,2,31.5
teacherA_2,test_w44-47,ge5,near,1.2952232464265883,94936,10310,0.8405241425802646,0.7436234995176543,0.7282737343824544,0.8481086323957323,0.670561465391111,0.7484560112455564,0.7902036857419981,0.6744214694598074,0.09969982288051418,1.0204943418502808,0.25604088176884815,0.030634601579917983,0.07791482358342164,0.8374782800674438,11,teacherA_member,2,31.5
teacherA_2,test_w44-47,ge5,far,1.2952232464265883,94936,82126,0.8405241425802646,0.7436234995176543,0.8098163709516917,0.7595402186883569,0.7331057508225604,0.7852899562249631,0.7328129946667316,0.702066071030979,0.09969982288051418,1.0204943418502808,0.25604088176884815,0.030634601579917983,0.07791482358342164,0.8374782800674438,11,teacherA_member,2,31.5
teacherA_3,test_w44-47,all,all,1.2918790117432906,100000,100000,0.83628,0.7393367159614237,0.7935356401,0.78947,0.7185295926999999,0.7785375875,0.76493,0.6953908274,0.10066294690996411,1.0448743104934692,0.2624515279325006,0.033093382577333075,0.07810164145611226,0.8605983853340149,11,teacherA_member,3,31.5
teacherA_3,test_w44-47,all,near,1.2918790117432906,100000,10628,0.83628,0.7393367159614237,0.7126957339104254,0.8516183665788484,0.6549936065111027,0.7251341781144147,0.8155814828754234,0.6533806576966503,0.10066294690996411,1.0448743104934692,0.2624515279325006,0.033093382577333075,0.07810164145611226,0.8605983853340149,11,teacherA_member,3,31.5
teacherA_3,test_w44-47,all,far,1.2918790117432906,100000,89372,0.83628,0.7393367159614237,0.8031490147921049,0.7820793984693193,0.7260852081188741,0.7848882502909188,0.7589065926688449,0.7003866212012712,0.10066294690996411,1.0448743104934692,0.2624515279325006,0.033093382577333075,0.07810164145611226,0.8605983853340149,11,teacherA_member,3,31.5
teacherA_3,test_w44-47,ge5,all,1.2918790117432906,94936,92436,0.8446848403134743,0.7460069316557257,0.7969687104001096,0.7737894326885629,0.7255743563383781,0.7853435498527515,0.7333181877190705,0.7056059399279894,0.09643716861830487,0.9653809666633606,0.24991510776879233,0.03003070120482898,0.07544854771949523,0.7949062585830688,11,teacherA_member,3,31.5
teacherA_3,test_w44-47,ge5,near,1.2918790117432906,94936,10310,0.8446848403134743,0.7460069316557257,0.7182945550862505,0.8421920465567411,0.6637991936903003,0.733094871938639,0.7974781765276431,0.6647815022987154,0.09643716861830487,0.9653809666633606,0.24991510776879233,0.03003070120482898,0.07544854771949523,0.7949062585830688,11,teacherA_member,3,31.5
teacherA_3,test_w44-47,ge5,far,1.2918790117432906,94936,82126,0.8446848403134743,0.7460069316557257,0.8068453699389389,0.7652022502009108,0.7333295365115471,0.7919027865049019,0.7252636193166597,0.7107309910927582,0.09643716861830487,0.9653809666633606,0.24991510776879233,0.03003070120482898,0.07544854771949523,0.7949062585830688,11,teacherA_member,3,31.5
teacherA_4,test_w44-47,all,all,1.2965102575076488,100000,100000,0.8281,0.7328329654022568,0.7874928486999999,0.7877,0.7104070965,0.7663989936,0.80329,0.6841801962999999,0.10901923481911419,1.0976518392562866,0.2741769630851629,0.033429552980709716,0.08575494651973249,0.8992806077003479,11,teacherA_member,4,31.5
teacherA_4,test_w44-47,all,near,1.2965102575076488,100000,10628,0.8281,0.7328329654022568,0.7222774237862251,0.8201919458035378,0.6585907602559278,0.7418559870154311,0.8066428302596914,0.6652545286036884,0.10901923481911419,1.0976518392562866,0.2741769630851629,0.033429552980709716,0.08575494651973249,0.8992806077003479,11,teacherA_member,4,31.5
teacherA_4,test_w44-47,all,far,1.2965102575076488,100000,89372,0.8281,0.7328329654022568,0.795248180750123,0.7838361007921945,0.7165690266526428,0.7693176154724074,0.8028912858613436,0.6864308116636083,0.10901923481911419,1.0976518392562866,0.2741769630851629,0.033429552980709716,0.08575494651973249,0.8992806077003479,11,teacherA_member,4,31.5
teacherA_4,test_w44-47,ge5,all,1.2965102575076488,94936,92436,0.8362686441392095,0.7399530987136447,0.7903501370549644,0.7886754078497555,0.7175677217073229,0.7739585950504922,0.7823683413388723,0.6951612882023092,0.10410911413908677,1.0196319818496704,0.26154227871048036,0.030280704511948343,0.08251904319780935,0.8355320692062378,11,teacherA_member,4,31.5
teacherA_4,test_w44-47,ge5,near,1.2965102575076488,94936,10310,0.8362686441392095,0.7399530987136447,0.7266225045621628,0.8196896217264792,0.6667373076165783,0.7508184236343365,0.7929194956353055,0.6775723062029966,0.10410911413908677,1.0196319818496704,0.26154227871048036,0.030280704511948343,0.08251904319780935,0.8355320692062378,11,teacherA_member,4,31.5
teacherA_4,test_w44-47,ge5,far,1.2965102575076488,94936,82126,0.8362686441392095,0.7399530987136447,0.7983504279616295,0.7847819204636778,0.7239489112121761,0.7768635845459086,0.7810437620242067,0.6973693880052085,0.10410911413908677,1.0196319818496704,0.26154227871048036,0.030280704511948343,0.08251904319780935,0.8355320692062378,11,teacherA_member,4,31.5
teacherA,test_w44-47,all,all,1.065888886650108,100000,100000,0.84131,0.7489484335815538,0.8129583623000001,0.73639,0.7377271168,0.7861732558000001,0.77653,0.7062464209,0.0728101278489828,0.8691450953483582,0.23791668810894917,0.02812076253220022,0.0668217405588925,0.8316522836685181,11,teacherA,,31.5
teacherA,test_w44-47,all,near,1.065888886650108,100000,10628,0.84131,0.7489484335815538,0.7480545502446369,0.818027850959729,0.6877413916070757,0.7481405160895747,0.821791494166353,0.6772543385397065,0.0728101278489828,0.8691450953483582,0.23791668810894917,0.02812076253220022,0.0668217405588925,0.8316522836685181,11,teacherA,,31.5
teacherA,test_w44-47,all,far,1.065888886650108,100000,89372,0.84131,0.7489484335815538,0.8206766377612675,0.7266817347715168,0.7436713531083561,0.7906960588886899,0.7711475629951215,0.7096941209774874,0.0728101278489828,0.8691450953483582,0.23791668810894917,0.02812076253220022,0.0668217405588925,0.8316522836685181,11,teacherA,,31.5
teacherA,test_w44-47,ge5,all,1.065888886650108,94936,92436,0.8499410128928963,0.7559247454898228,0.8167021462922921,0.7228352589900039,0.7453879052921362,0.7941267336626857,0.7244363667835043,0.7173367102488559,0.06739686162637068,0.7881378531455994,0.22462301289715964,0.02521419858793562,0.061701789754723464,0.7549204230308533,11,teacherA,,31.5
teacherA,test_w44-47,ge5,near,1.065888886650108,94936,10310,0.8499410128928963,0.7559247454898228,0.7520202256630777,0.8134820562560621,0.6956559085146503,0.7575437318454448,0.796023278370514,0.6897648582817791,0.06739686162637068,0.7881378531455994,0.22462301289715964,0.02521419858793562,0.061701789754723464,0.7549204230308533,11,teacherA,,31.5
teacherA,test_w44-47,ge5,far,1.065888886650108,94936,82126,0.8499410128928963,0.7559247454898228,0.8248222373923967,0.7114555682731413,0.7516312007987463,0.7987193200389339,0.7154494313615664,0.7207980476302035,0.06739686162637068,0.7881378531455994,0.22462301289715964,0.02521419858793562,0.061701789754723464,0.7549204230308533,11,teacherA,,31.5
teacherB,test_w44-47,all,all,1.4075419166759908,100000,100000,0.83291,0.7332861176295334,0.8000199072,0.76319,0.7228934350999998,0.790854901,0.75233,0.7054254103,0.11631730883270497,1.1763989925384521,0.27455369096075993,0.03215823612344453,0.08989953555844726,0.8930138349533081,11,teacherB,,31.5
teacherB,test_w44-47,all,near,1.4075419166759908,100000,10628,0.83291,0.7332861176295334,0.695328695897629,0.8630974783590516,0.6445290270982311,0.7130711671998494,0.8066428302596914,0.6435201496048174,0.11631730883270497,1.1763989925384521,0.27455369096075993,0.03215823612344453,0.08989953555844726,0.8930138349533081,11,teacherB,,31.5
teacherB,test_w44-47,all,far,1.4075419166759908,100000,89372,0.83291,0.7332861176295334,0.8124696475406168,0.751309134852079,0.7322124268227185,0.8001048397148994,0.7458711900819048,0.7127871020006266,0.11631730883270497,1.1763989925384521,0.27455369096075993,0.03215823612344453,0.08989953555844726,0.8930138349533081,11,teacherB,,31.5
teacherB,test_w44-47,ge5,all,1.4075419166759908,94936,92436,0.840829611527766,0.7398008966870998,0.8040496306891587,0.7541542256263793,0.730835740128404,0.7979093709490305,0.7167770132848673,0.7155086410206377,0.11189886277789982,1.0998224020004272,0.26249476919307396,0.029022248049946846,0.08777529948466439,0.8337376713752747,11,teacherB,,31.5
teacherB,test_w44-47,ge5,near,1.4075419166759908,94936,10310,0.840829611527766,0.7398008966870998,0.7021478577185534,0.8602327837051407,0.6545067310443743,0.7220433269374101,0.7826382153249273,0.6551532782062296,0.11189886277789982,1.0998224020004272,0.26249476919307396,0.029022248049946846,0.08777529948466439,0.8337376713752747,11,teacherB,,31.5
teacherB,test_w44-47,ge5,far,1.4075419166759908,94936,82126,0.840829611527766,0.7398008966870998,0.8168422576200569,0.7408372500791467,0.7404179928091182,0.8074335035472309,0.7085088766042422,0.7230855812176101,0.11189886277789982,1.0998224020004272,0.26249476919307396,0.029022248049946846,0.08777529948466439,0.8337376713752747,11,teacherB,,31.5
teacherA_0,test_w48-51,all,all,1.278234194612443,100000,100000,0.82528,0.7315202452193275,0.7875069832499999,0.79991,0.7073069960999999,0.7673367971,0.79832,0.680357929,0.10809017840906977,1.2182905673980713,0.282070885908288,0.035921443604390056,0.08547542790383097,1.0053571462631226,11,teacherA_member,0,35.333333333333336
teacherA_0,test_w48-51,all,near,1.278234194612443,100000,10972,0.82528,0.7315202452193275,0.7054886852898286,0.8602807145461174,0.6434777551950419,0.721454748906307,0.8576376230404666,0.6468318200874954,0.10809017840906977,1.2182905673980713,0.282070885908288,0.035921443604390056,0.08547542790383097,1.0053571462631226,11,teacherA_member,0,35.333333333333336
teacherA_0,test_w48-51,all,far,1.278234194612443,100000,89028,0.82528,0.7315202452193275,0.7976150926674754,0.7924697847868086,0.7151734474547333,0.7729913982679606,0.7910095700229142,0.6844897579413218,0.10809017840906977,1.2182905673980713,0.282070885908288,0.035921443604390056,0.08547542790383097,1.0053571462631226,11,teacherA_member,0,35.333333333333336
teacherA_0,test_w48-51,ge5,all,1.278234194612443,94668,93780,0.8350340136054422,0.7392563272591736,0.793148881953696,0.7798357858818511,0.7169361057767806,0.7765298145395715,0.7691405416933248,0.693192652964085,0.10250738204512784,1.096932291984558,0.26697192540723474,0.03216668315376732,0.08106164249279511,0.9070159196853638,11,teacherA_member,0,35.333333333333336
teacherA_0,test_w48-51,ge5,near,1.278234194612443,94668,10675,0.8350340136054422,0.7392563272591736,0.711665333275149,0.8468384074941452,0.6533218904097633,0.7309613530198324,0.8370023419203747,0.659945066248531,0.10250738204512784,1.096932291984558,0.26697192540723474,0.03216668315376732,0.08106164249279511,0.9070159196853638,11,teacherA_member,0,35.333333333333336
teacherA_0,test_w48-51,ge5,far,1.278234194612443,94668,83105,0.8350340136054422,0.7392563272591736,0.8036156033560603,0.7712291679201011,0.7251074763205855,0.7823831726615041,0.7604235605559232,0.6974633705886388,0.10250738204512784,1.096932291984558,0.26697192540723474,0.03216668315376732,0.08106164249279511,0.9070159196853638,11,teacherA_member,0,35.333333333333336
teacherA_1,test_w48-51,all,all,1.295048967651576,100000,100000,0.82048,0.7239548129493687,0.80296395805,0.77009,0.7142377812,0.7836117920500001,0.76351,0.6882104811,0.11552993331372738,1.3023872375488281,0.29176838026438445,0.03907905263567069,0.09210885339349506,1.058793544769287,11,teacherA_member,1,35.333333333333336
teacherA_1,test_w48-51,all,near,1.295048967651576,100000,10972,0.82048,0.7239548129493687,0.7109766168428727,0.8496172074371127,0.6442603645643455,0.7267571554866934,0.8280167699598979,0.6454036310608822,0.11552993331372738,1.3023872375488281,0.29176838026438445,0.03907905263567069,0.09210885339349506,1.058793544769287,11,teacherA_member,1,35.333333333333336
teacherA_1,test_w48-51,all,far,1.295048967651576,100000,89028,0.82048,0.7239548129493687,0.814300673552141,0.7602888978748259,0.722861946803253,0.7906186783371524,0.7555600485240599,0.6934860883092959,0.11552993331372738,1.3023872375488281,0.29176838026438445,0.03907905263567069,0.09210885339349506,1.058793544769287,11,teacherA_member,1,35.333333333333336
teacherA_1,test_w48-51,ge5,all,1.295048967651576,94668,93780,0.8300376051041535,0.7320436022226438,0.8085774623077362,0.7618148859031777,0.7244067062692557,0.7947605164257326,0.7308274685433994,0.7028117411915377,0.10900505919362186,1.1730252504348755,0.2764438101708956,0.03455154873022202,0.08712631670172823,0.9554555416107178,11,teacherA_member,1,35.333333333333336
teacherA_1,test_w48-51,ge5,near,1.295048967651576,94668,10675,0.8300376051041535,0.7320436022226438,0.7160313830392006,0.849367681498829,0.6540535141718984,0.7360190604235644,0.8052459016393443,0.6584704114237663,0.10900505919362186,1.1730252504348755,0.2764438101708956,0.03455154873022202,0.08712631670172823,0.9554555416107178,11,teacherA_member,1,35.333333333333336
teacherA_1,test_w48-51,ge5,far,1.295048967651576,94668,83105,0.8300376051041535,0.7320436022226438,0.8204651874288675,0.750568557848505,0.7334437115714552,0.8023059714864769,0.721268275073702,0.7085074718367572,0.10900505919362186,1.1730252504348755,0.2764438101708956,0.03455154873022202,0.08712631670172823,0.9554555416107178,11,teacherA_member,1,35.333333333333336
teacherA_2,test_w48-51,all,all,1.2952232464265883,100000,100000,0.82017,0.7190787510085633,0.7951302625,0.80477,0.7095994946,0.7720539930999999,0.771,0.6773665443000001,0.11411080606207247,1.2796635627746582,0.29087279136748945,0.03838938419363664,0.09072713316589595,1.042736291885376,11,teacherA_member,2,35.333333333333336
teacherA_2,test_w48-51,all,near,1.2952232464265883,100000,10972,0.82017,0.7190787510085633,0.711053739518775,0.8566350710900474,0.6445697147283995,0.7229839760298943,0.8245534086766314,0.6402213288370397,0.11411080606207247,1.2796635627746582,0.29087279136748945,0.03838938419363664,0.09072713316589595,1.042736291885376,11,teacherA_member,2,35.333333333333336
teacherA_2,test_w48-51,all,far,1.2952232464265883,100000,89028,0.82017,0.7190787510085633,0.8054920319450061,0.798378038369951,0.7176139029294155,0.7781014863301432,0.764399964056252,0.6819443996270836,0.11411080606207247,1.2796635627746582,0.29087279136748945,0.03838938419363664,0.09072713316589595,1.042736291885376,11,teacherA_member,2,35.333333333333336
teacherA_2,test_w48-51,ge5,all,1.2952232464265883,94668,93780,0.8295939493809946,0.7271669988924396,0.8002267740401013,0.7864043506078054,0.7189035612602502,0.7794802648828634,0.7451695457453615,0.6883494520947111,0.10859929024181544,1.1606061458587646,0.27607297270039266,0.03442578086535859,0.08663273674689374,0.9471943378448486,11,teacherA_member,2,35.333333333333336
teacherA_2,test_w48-51,ge5,near,1.2952232464265883,94668,10675,0.8295939493809946,0.7271669988924396,0.7168948126765506,0.8441217798594848,0.6543603614515177,0.7312926134859663,0.8084309133489461,0.6520313247558904,0.10859929024181544,1.1606061458587646,0.27607297270039266,0.03442578086535859,0.08663273674689374,0.9471943378448486,11,teacherA_member,2,35.333333333333336
teacherA_2,test_w48-51,ge5,far,1.2952232464265883,94668,83105,0.8295939493809946,0.7271669988924396,0.8109309276717229,0.7789904337885807,0.727194261674885,0.7856700630738491,0.7370434991877745,0.6930145866755655,0.10859929024181544,1.1606061458587646,0.27607297270039266,0.03442578086535859,0.08663273674689374,0.9471943378448486,11,teacherA_member,2,35.333333333333336
teacherA_3,test_w48-51,all,all,1.2918790117432906,100000,100000,0.82295,0.7227469229710572,0.7907146763999999,0.80655,0.7090773449000001,0.7749690926,0.77316,0.6833095581,0.11122126332670448,1.2129372358322144,0.2840848141012514,0.03724152837302415,0.08840362924739718,0.9928602576255798,11,teacherA_member,3,35.333333333333336
teacherA_3,test_w48-51,all,near,1.2918790117432906,100000,10972,0.82295,0.7227469229710572,0.699902191943128,0.8672985781990521,0.6383100920524972,0.7083318647466278,0.8411410864017499,0.6318448869850528,0.11122126332670448,1.2129372358322144,0.2840848141012514,0.03724152837302415,0.08840362924739718,0.9928602576255798,11,teacherA_member,3,35.333333333333336
teacherA_3,test_w48-51,all,far,1.2918790117432906,100000,89028,0.82295,0.7227469229710572,0.8019066000584085,0.7990632160668554,0.7177988515972502,0.7831816062362403,0.7647818663791167,0.6896521735858383,0.11122126332670448,1.2129372358322144,0.2840848141012514,0.03724152837302415,0.08840362924739718,0.9928602576255798,11,teacherA_member,3,35.333333333333336
teacherA_3,test_w48-51,ge5,all,1.2918790117432906,94668,93780,0.8325410909705497,0.7306194007414485,0.7953918609370869,0.7920238856899126,0.7184199689076496,0.7835424114826206,0.74234378332267,0.6959284203263769,0.10558553628562722,1.0925774574279785,0.26871094430493886,0.03276365118629374,0.08428402598937054,0.895691454410553,11,teacherA_member,3,35.333333333333336
teacherA_3,test_w48-51,ge5,near,1.2918790117432906,94668,10675,0.8325410909705497,0.7306194007414485,0.7059225664169984,0.8594847775175644,0.6485609257012477,0.7166630801156048,0.8260421545667447,0.6442346456379692,0.10558553628562722,1.0925774574279785,0.26871094430493886,0.03276365118629374,0.08428402598937054,0.895691454410553,11,teacherA_member,3,35.333333333333336
teacherA_3,test_w48-51,ge5,far,1.2918790117432906,94668,83105,0.8325410909705497,0.7306194007414485,0.80688436703181,0.7833584020215391,0.7273934998170815,0.7921331925709172,0.7315925636243307,0.7025685869204298,0.10558553628562722,1.0925774574279785,0.26871094430493886,0.03276365118629374,0.08428402598937054,0.895691454410553,11,teacherA_member,3,35.333333333333336
teacherA_4,test_w48-51,all,all,1.2965102575076488,100000,100000,0.81463,0.7244053131683172,0.786963821,0.80455,0.702397066,0.7636297991000001,0.81414,0.6744129414000001,0.12016038089454179,1.262692928314209,0.2975432513718616,0.03835716351479239,0.09661487920179965,1.0280907154083252,11,teacherA_member,4,35.333333333333336
teacherA_4,test_w48-51,all,near,1.2965102575076488,100000,10972,0.81463,0.7244053131683172,0.706659922985782,0.8456069996354356,0.6400563981042654,0.727144038005833,0.8484323733138899,0.6479508813343056,0.12016038089454179,1.262692928314209,0.2975432513718616,0.03835716351479239,0.09661487920179965,1.0280907154083252,11,teacherA_member,4,35.333333333333336
teacherA_4,test_w48-51,all,far,1.2965102575076488,100000,89028,0.81463,0.7244053131683172,0.7968606441231971,0.799490048074763,0.7100800624522622,0.7681263818686257,0.8099137350047176,0.6776741819427596,0.12016038089454179,1.262692928314209,0.2975432513718616,0.03835716351479239,0.09661487920179965,1.0280907154083252,11,teacherA_member,4,35.333333333333336
teacherA_4,test_w48-51,ge5,all,1.2965102575076488,94668,93780,0.823868677905945,0.7326644285097156,0.791749935636151,0.8026124973341864,0.7120327833595523,0.7734388692186155,0.8019193857965451,0.687928886685501,0.11417346091342623,1.1542119979858398,0.282648583983488,0.03392525592420281,0.0922338843322661,0.9408977031707764,11,teacherA_member,4,35.333333333333336
teacherA_4,test_w48-51,ge5,near,1.2965102575076488,94668,10675,0.823868677905945,0.7326644285097156,0.7117609837074895,0.8433723653395785,0.6497715304138441,0.7368977471274194,0.8442154566744731,0.6616005220363852,0.11417346091342623,1.1542119979858398,0.282648583983488,0.03392525592420281,0.0922338843322661,0.9408977031707764,11,teacherA_member,4,35.333333333333336
teacherA_4,test_w48-51,ge5,far,1.2965102575076488,94668,83105,0.823868677905945,0.7326644285097156,0.8020246731590253,0.7973768124661573,0.7200303632307447,0.7781326479121178,0.7964863726610913,0.691310816685252,0.11417346091342623,1.1542119979858398,0.282648583983488,0.03392525592420281,0.0922338843322661,0.9408977031707764,11,teacherA_member,4,35.333333333333336
teacherA,test_w48-51,all,all,1.065888886650108,100000,100000,0.82901,0.7343697699040268,0.811908501,0.73156,0.7286125636999999,0.78440690595,0.78546,0.6953854156,0.08269221680045132,1.0186494588851929,0.2598662439603706,0.032531352097603244,0.07660093223705888,0.9722362756729126,11,teacherA,,35.333333333333336
teacherA,test_w48-51,all,near,1.065888886650108,100000,10972,0.82901,0.7343697699040268,0.7364269048487058,0.8179001093693037,0.6707252378782356,0.7329505741888444,0.8642909223477944,0.6571794121399926,0.08269221680045132,1.0186494588851929,0.2598662439603706,0.032531352097603244,0.07660093223705888,0.9722362756729126,11,teacherA,,35.333333333333336
teacherA,test_w48-51,all,far,1.065888886650108,100000,89028,0.82901,0.7343697699040268,0.8212110133890462,0.720919261355978,0.7357467208069371,0.7907484936761467,0.7757447095295862,0.700094004695152,0.08269221680045132,1.0186494588851929,0.2598662439603706,0.032531352097603244,0.07660093223705888,0.9722362756729126,11,teacherA,,35.333333333333336
teacherA,test_w48-51,ge5,all,1.065888886650108,94668,93780,0.8388579034098111,0.7428045901614398,0.8171514967466014,0.7127532522925997,0.7385255822093213,0.7944309207372143,0.7358072083599915,0.7089721992192031,0.07591230391155268,0.900041401386261,0.2438682423413864,0.02830600701385672,0.07007623015534098,0.8602522611618042,11,teacherA,,35.333333333333336
teacherA,test_w48-51,ge5,near,1.065888886650108,94668,10675,0.8388579034098111,0.7428045901614398,0.7411084357521501,0.8090866510538641,0.6801887775634786,0.7429476640613335,0.8434660421545668,0.6708548904892225,0.07591230391155268,0.900041401386261,0.2438682423413864,0.02830600701385672,0.07007623015534098,0.8602522611618042,11,teacherA,,35.333333333333336
teacherA,test_w48-51,ge5,far,1.065888886650108,94668,83105,0.8388579034098111,0.7428045901614398,0.8269193768514778,0.70037903856567,0.74601905901089,0.8010440458802869,0.7219782203236869,0.7138684421732074,0.07591230391155268,0.900041401386261,0.2438682423413864,0.02830600701385672,0.07007623015534098,0.8602522611618042,11,teacherA,,35.333333333333336
teacherB,test_w48-51,all,all,1.4075419166759908,100000,100000,0.82077,0.7228658805897423,0.79540342835,0.77544,0.7105916635,0.7844548206999999,0.7628,0.6905990734999999,0.12658002883970734,1.35249924659729,0.29858622314757644,0.0372919242864951,0.09925110354870562,1.021196722984314,11,teacherB,,35.333333333333336
teacherB,test_w48-51,all,near,1.4075419166759908,100000,10972,0.82077,0.7228658805897423,0.682903274243529,0.8636529347429821,0.6272989090411958,0.6970326777251185,0.8310244258111557,0.6223944467736054,0.12658002883970734,1.35249924659729,0.29858622314757644,0.0372919242864951,0.09925110354870562,1.021196722984314,11,teacherB,,35.333333333333336
teacherB,test_w48-51,all,far,1.4075419166759908,100000,89028,0.82077,0.7228658805897423,0.8092681865255875,0.7645684503751629,0.7208568396459542,0.7952289114660556,0.7543918767129443,0.6990047567057555,0.12658002883970734,1.35249924659729,0.29858622314757644,0.0372919242864951,0.09925110354870562,1.021196722984314,11,teacherB,,35.333333333333336
teacherB,test_w48-51,ge5,all,1.4075419166759908,94668,93780,0.8299847889466345,0.730231291281617,0.801391570302917,0.7648005971422478,0.7210304217417824,0.7938431032051012,0.7272232885476647,0.7031958103993617,0.12094318911967766,1.2447364330291748,0.28400837535201356,0.03285562953194627,0.09587757772877298,0.9397487044334412,11,teacherB,,35.333333333333336
teacherB,test_w48-51,ge5,near,1.4075419166759908,94668,10675,0.8299847889466345,0.730231291281617,0.6904256215410365,0.8601405152224825,0.6387388322894287,0.7070141930250214,0.8069320843091334,0.635310458568928,0.12094318911967766,1.2447364330291748,0.28400837535201356,0.03285562953194627,0.09587757772877298,0.9397487044334412,11,teacherB,,35.333333333333336
teacherB,test_w48-51,ge5,far,1.4075419166759908,94668,83105,0.8299847889466345,0.730231291281617,0.8156453637333132,0.752553997954395,0.7316009375639817,0.8049964467605111,0.7169845376331148,0.7119158167863404,0.12094318911967766,1.2447364330291748,0.28400837535201356,0.03285562953194627,0.09587757772877298,0.9397487044334412,11,teacherB,,35.333333333333336
student_kdF_s0,val,all,all,1.06006922810512,200000,53779,0.94075,0.9117570285071975,0.8532847552483311,0.7260640770561,0.8350367516130832,0.824363980224623,0.7439706948809015,0.8019657327209505,0.002851173987612102,0.21348483860492706,0.08463258702373382,0.004137797483675413,0.005859952011238822,0.21292644739151,11,kdF,0,1.0
student_kdF_s0,val,all,near,1.06006922810512,200000,10959,0.94075,0.9117570285071975,0.8232224760470845,0.6961401587736107,0.8037645172917238,0.7796595430696232,0.7283511269276394,0.7582810771968246,0.002851173987612102,0.21348483860492706,0.08463258702373382,0.004137797483675413,0.005859952011238822,0.21292644739151,11,kdF,0,1.0
student_kdF_s0,val,all,far,1.06006922810512,200000,42820,0.94075,0.9117570285071975,0.8609786487038767,0.7337225595516114,0.8430403110695938,0.8358052676319477,0.7479682391405885,0.8131460255721625,0.002851173987612102,0.21348483860492706,0.08463258702373382,0.004137797483675413,0.005859952011238822,0.21292644739151,11,kdF,0,1.0
student_kdF_s0,val,ge5,all,1.06006922810512,191366,52270,0.9495939717609189,0.9222852740831256,0.8654815238690704,0.6832982590396021,0.8495915634113707,0.8402977865432149,0.6884063516357375,0.8198719351480114,0.0025379392607461845,0.178511843085289,0.07234481220743066,0.0031553662013855018,0.005156753138893674,0.1780516505241394,11,kdF,0,1.0
student_kdF_s0,val,ge5,near,1.06006922810512,191366,10483,0.9495939717609189,0.9222852740831256,0.8310525113497688,0.6543928264809692,0.8141956645770815,0.7923655600721574,0.6822474482495469,0.7728900186838995,0.0025379392607461845,0.178511843085289,0.07234481220743066,0.0031553662013855018,0.005156753138893674,0.1780516505241394,11,kdF,0,1.0
student_kdF_s0,val,ge5,far,1.06006922810512,191366,41787,0.9495939717609189,0.9222852740831256,0.8741186439839348,0.6905496924880944,0.858471243873712,0.8523224241122218,0.6899514202981789,0.8316581708264109,0.0025379392607461845,0.178511843085289,0.07234481220743066,0.0031553662013855018,0.005156753138893674,0.1780516505241394,11,kdF,0,1.0
student_kdF_s0,test_w16-19,all,all,1.06006922810512,100000,100000,0.9316,0.9035618645826636,0.87387156935,0.60067,0.8444423793,0.8655893226000001,0.61594,0.8309474109,0.003757441555410601,0.2730361819267273,0.09768495929640342,0.00575971718650717,0.004179806696623536,0.26982200145721436,11,kdF,0,3.5
student_kdF_s0,test_w16-19,all,near,1.06006922810512,100000,11980,0.9316,0.9035618645826636,0.8647251794657763,0.6110183639398998,0.8364676569282137,0.8838022024207012,0.6424874791318865,0.849307560100167,0.003757441555410601,0.2730361819267273,0.09768495929640342,0.00575971718650717,0.004179806696623536,0.26982200145721436,11,kdF,0,3.5
student_kdF_s0,test_w16-19,all,far,1.06006922810512,100000,88020,0.9316,0.9035618645826636,0.875116442683481,0.5992615314701204,0.8455277823221996,0.8631104507498295,0.612326743921836,0.8284484948875256,0.003757441555410601,0.2730361819267273,0.09768495929640342,0.00575971718650717,0.004179806696623536,0.26982200145721436,11,kdF,0,3.5
student_kdF_s0,test_w16-19,ge5,all,1.06006922810512,96085,89545,0.9397616693552584,0.9117988899252805,0.875624544457879,0.5967167346027137,0.8504126290199092,0.8716081650035719,0.58016639678374,0.8404306090855508,0.0031847657206906478,0.24169187247753143,0.08686385971393429,0.00472521306303003,0.0036581879796201036,0.23870863020420074,11,kdF,0,3.5
student_kdF_s0,test_w16-19,ge5,near,1.06006922810512,96085,11402,0.9397616693552584,0.9117988899252805,0.8711031415982002,0.5973513418698474,0.8462889114626069,0.8950630474608734,0.5943694088756358,0.8636063945201709,0.0031847657206906478,0.24169187247753143,0.08686385971393429,0.00472521306303003,0.0036581879796201036,0.23870863020420074,11,kdF,0,3.5
student_kdF_s0,test_w16-19,ge5,far,1.06006922810512,96085,78143,0.9397616693552584,0.9117988899252805,0.8762842713100097,0.5966241377986512,0.8510143288214057,0.8681858166194791,0.5780940071407548,0.8370489843011742,0.0031847657206906478,0.24169187247753143,0.08686385971393429,0.00472521306303003,0.0036581879796201036,0.23870863020420074,11,kdF,0,3.5
student_kdF_s0,test_w20-23,all,all,1.06006922810512,100000,100000,0.91814,0.8796766124748555,0.8664337147000001,0.61988,0.8287846815,0.87120925635,0.60111,0.8250721701,0.011262149395793706,0.32443714141845703,0.11789549136866295,0.008406389648326516,0.005906768951267043,0.3193438947200775,11,kdF,0,7.5
student_kdF_s0,test_w20-23,all,near,1.06006922810512,100000,13417,0.91814,0.8796766124748555,0.8507113907729,0.6201088171722442,0.8146923939777893,0.8844626488782888,0.6303942759186107,0.8386270805694268,0.011262149395793706,0.32443714141845703,0.11789549136866295,0.008406389648326516,0.005906768951267043,0.3193438947200775,11,kdF,0,7.5
student_kdF_s0,test_w20-23,all,far,1.06006922810512,100000,86583,0.91814,0.8796766124748555,0.8688700638693508,0.6198445422311539,0.8309684383770487,0.8691554955938233,0.5965720753496645,0.8229716857812736,0.011262149395793706,0.32443714141845703,0.11789549136866295,0.008406389648326516,0.005906768951267043,0.3193438947200775,11,kdF,0,7.5
student_kdF_s0,test_w20-23,ge5,all,1.06006922810512,95941,89776,0.9256418006900075,0.8862572743452684,0.8678751022168393,0.6156656567456781,0.8346199476782192,0.8780596601610057,0.5539787916592408,0.8355373416455296,0.01142677758055026,0.2978648543357849,0.10783663874696242,0.007150708837907064,0.0065094851372630505,0.2926698923110962,11,kdF,0,7.5
student_kdF_s0,test_w20-23,ge5,near,1.06006922810512,95941,12762,0.9256418006900075,0.8862572743452684,0.8568753535499745,0.605469362168939,0.8241840955311692,0.895926905666429,0.5729509481272528,0.853262717596932,0.01142677758055026,0.2978648543357849,0.10783663874696242,0.007150708837907064,0.0065094851372630505,0.2926698923110962,11,kdF,0,7.5
student_kdF_s0,test_w20-23,ge5,far,1.06006922810512,95941,77014,0.9256418006900075,0.8862572743452684,0.8696978720052743,0.6173552860518867,0.8363492741006967,0.8750988765743822,0.5508349131326772,0.8326000672812349,0.01142677758055026,0.2978648543357849,0.10783663874696242,0.007150708837907064,0.0065094851372630505,0.2926698923110962,11,kdF,0,7.5
student_kdF_s0,test_w24-27,all,all,1.06006922810512,100000,100000,0.9067,0.8398384640409735,0.8527509781999999,0.63839,0.8093647333,0.8553220736,0.60559,0.8032795162,0.01566816685423258,0.4055129587650299,0.13579775854760673,0.010851038001197496,0.009760719502642751,0.39704862236976624,11,kdF,0,11.5
student_kdF_s0,test_w24-27,all,near,1.06006922810512,100000,12494,0.9067,0.8398384640409735,0.8438335264927165,0.6476708820233712,0.8024161445493838,0.8750623283175925,0.6613574515767568,0.8234376404674244,0.01566816685423258,0.4055129587650299,0.13579775854760673,0.010851038001197496,0.009760719502642751,0.39704862236976624,11,kdF,0,11.5
student_kdF_s0,test_w24-27,all,far,1.06006922810512,100000,87506,0.9067,0.8398384640409735,0.8540242010833542,0.6370648869791786,0.8103568443306746,0.8525035840970905,0.5976275912508856,0.8004013637921972,0.01566816685423258,0.4055129587650299,0.13579775854760673,0.010851038001197496,0.009760719502642751,0.39704862236976624,11,kdF,0,11.5
student_kdF_s0,test_w24-27,ge5,all,1.06006922810512,96204,89771,0.9130701426136127,0.844276405293015,0.8515511172234735,0.6437602343741298,0.8124490902632886,0.8596148803929742,0.569771975359526,0.8108634520193453,0.015694563969700863,0.3780166208744049,0.1270319076270046,0.00967189562769205,0.010305239151292632,0.3697226047515869,11,kdF,0,11.5
student_kdF_s0,test_w24-27,ge5,near,1.06006922810512,96204,11977,0.9130701426136127,0.844276405293015,0.8491568468755863,0.6390581948735076,0.8105702971566985,0.8861017076209923,0.5960591133004927,0.8368448139934972,0.015694563969700863,0.3780166208744049,0.1270319076270046,0.00967189562769205,0.010305239151292632,0.3697226047515869,11,kdF,0,11.5
student_kdF_s0,test_w24-27,ge5,far,1.06006922810512,96204,77794,0.9130701426136127,0.844276405293015,0.8519197340314103,0.6444841504486207,0.8127383452834399,0.8555370243923832,0.565724863099982,0.806863416382093,0.015694563969700863,0.3780166208744049,0.1270319076270046,0.00967189562769205,0.010305239151292632,0.3697226047515869,11,kdF,0,11.5
student_kdF_s0,test_w28-31,all,all,1.06006922810512,100000,100000,0.88397,0.7765619598672661,0.83422684175,0.67319,0.7791585525000001,0.8435442328,0.64418,0.7771190386,0.026047997849807165,0.6212396025657654,0.1706272307177828,0.016917026093164696,0.019282093274220858,0.6030437350273132,11,kdF,0,15.5
student_kdF_s0,test_w28-31,all,near,1.06006922810512,100000,15990,0.88397,0.7765619598672661,0.824150867729831,0.7015634771732333,0.7730414890556598,0.854540418699187,0.7350844277673546,0.7909398186366479,0.026047997849807165,0.6212396025657654,0.1706272307177828,0.016917026093164696,0.019282093274220858,0.6030437350273132,11,kdF,0,15.5
student_kdF_s0,test_w28-31,all,far,1.06006922810512,100000,84010,0.88397,0.7765619598672661,0.8361446470658255,0.6677895488632306,0.7803228406142125,0.8414512794310202,0.6268777526484942,0.7744884675633853,0.026047997849807165,0.6212396025657654,0.1706272307177828,0.016917026093164696,0.019282093274220858,0.6030437350273132,11,kdF,0,15.5
student_kdF_s0,test_w28-31,ge5,all,1.06006922810512,95576,94669,0.8904432074997908,0.7812531194851875,0.8388029533602677,0.6611034235071671,0.7862713111994393,0.8538153779615121,0.5978620245275644,0.7890977931405543,0.02594250645477583,0.5929339528083801,0.16207227123859977,0.015506902459800336,0.019734606751661523,0.5748476386070251,11,kdF,0,15.5
student_kdF_s0,test_w28-31,ge5,near,1.06006922810512,95576,15420,0.8904432074997908,0.7812531194851875,0.8299402611072878,0.6912451361867704,0.7813028212478004,0.867886448220236,0.688715953307393,0.8056054012387395,0.02594250645477583,0.5929339528083801,0.16207227123859977,0.015506902459800336,0.019734606751661523,0.5748476386070251,11,kdF,0,15.5
student_kdF_s0,test_w28-31,ge5,far,1.06006922810512,95576,79249,0.8904432074997908,0.7812531194851875,0.84052742577684,0.6552385519060178,0.7872380630203366,0.8510774771250407,0.5801839770848843,0.7858857990854365,0.02594250645477583,0.5929339528083801,0.16207227123859977,0.015506902459800336,0.019734606751661523,0.5748476386070251,11,kdF,0,15.5
student_kdF_s0,test_w32-35,all,all,1.06006922810512,100000,100000,0.85558,0.738525080315117,0.81841264785,0.69944,0.7491558947999999,0.8257123302,0.6881,0.7440970292,0.04444526421517136,0.7566523551940918,0.21001652181367142,0.02399478285373774,0.03701876425936815,0.732574999332428,11,kdF,0,19.5
student_kdF_s0,test_w32-35,all,near,1.06006922810512,100000,16559,0.85558,0.738525080315117,0.8059090295307687,0.7252853433178332,0.7412739519294643,0.8408164810676975,0.7491998309076635,0.7607760812851019,0.04444526421517136,0.7566523551940918,0.21001652181367142,0.02399478285373774,0.03701876425936815,0.732574999332428,11,kdF,0,19.5
student_kdF_s0,test_w32-35,all,far,1.06006922810512,100000,83441,0.85558,0.738525080315117,0.820894010917894,0.6943109502522741,0.7507200789779604,0.8227148872856269,0.6759746407641327,0.7407870446183531,0.04444526421517136,0.7566523551940918,0.21001652181367142,0.02399478285373774,0.03701876425936815,0.732574999332428,11,kdF,0,19.5
student_kdF_s0,test_w32-35,ge5,all,1.06006922810512,95262,94615,0.8634292792509081,0.7434366124457645,0.8218661818256392,0.6914654124610262,0.7567294711548144,0.8354199172898159,0.6597262590498335,0.7568763672543526,0.04234622288705299,0.7138496041297913,0.19904425280869023,0.021990985836753643,0.03548070132095435,0.6907859444618225,11,kdF,0,19.5
student_kdF_s0,test_w32-35,ge5,near,1.06006922810512,95262,16006,0.8634292792509081,0.7434366124457645,0.8111715224004578,0.7162314132200425,0.7502396850283619,0.8535884417758113,0.7242284143446208,0.7761205663168873,0.04234622288705299,0.7138496041297913,0.19904425280869023,0.021990985836753643,0.03548070132095435,0.6907859444618225,11,kdF,0,19.5
student_kdF_s0,test_w32-35,ge5,far,1.06006922810512,95262,78609,0.8634292792509081,0.7434366124457645,0.8240437787771263,0.6864226742484957,0.7580508913069597,0.8317205265976199,0.6465926293426961,0.7529579526937432,0.04234622288705299,0.7138496041297913,0.19904425280869023,0.021990985836753643,0.03548070132095435,0.6907859444618225,11,kdF,0,19.5
student_kdF_s0,test_w36-39,all,all,1.06006922810512,100000,100000,0.8361,0.7233696142499835,0.81732527775,0.68575,0.7329379874999999,0.8194883979500001,0.69821,0.725002793,0.057939323871508276,0.813198447227478,0.23761289320366358,0.030489552712867858,0.050024096534252195,0.7870299816131592,11,kdF,0,23.5
student_kdF_s0,test_w36-39,all,near,1.06006922810512,100000,12548,0.8361,0.7233696142499835,0.804245038253108,0.7067261715014345,0.7247755108383807,0.8393930184093081,0.7303155881415365,0.7437789161619381,0.057939323871508276,0.813198447227478,0.23761289320366358,0.030489552712867858,0.050024096534252195,0.7870299816131592,11,kdF,0,23.5
student_kdF_s0,test_w36-39,all,far,1.06006922810512,100000,87452,0.8361,0.7233696142499835,0.819202088402781,0.6827402460778484,0.7341091757764259,0.8166323949137813,0.6936033481223985,0.7223087117504459,0.057939323871508276,0.813198447227478,0.23761289320366358,0.030489552712867858,0.050024096534252195,0.7870299816131592,11,kdF,0,23.5
student_kdF_s0,test_w36-39,ge5,all,1.06006922810512,95184,91735,0.8464132627332325,0.7292533585921976,0.8164237619665414,0.6901727802910558,0.7395007389760146,0.8279557530569771,0.6754891807925001,0.7378901498386068,0.053204473729482823,0.7625421285629272,0.22310473122628655,0.02765698288702421,0.045889632785303024,0.7378545999526978,11,kdF,0,23.5
student_kdF_s0,test_w36-39,ge5,near,1.06006922810512,95184,12085,0.8464132627332325,0.7292533585921976,0.8078384509782608,0.7057509309060819,0.7344246925302806,0.8515673464588291,0.7071576334298717,0.7598151267917695,0.053204473729482823,0.7625421285629272,0.22310473122628655,0.02765698288702421,0.045889632785303024,0.7378545999526978,11,kdF,0,23.5
student_kdF_s0,test_w36-39,ge5,far,1.06006922810512,95184,79650,0.8464132627332325,0.7292533585921976,0.8177263794592391,0.6878091650973007,0.7402709087349184,0.8243732532922391,0.6706842435655995,0.7345635541514887,0.053204473729482823,0.7625421285629272,0.22310473122628655,0.02765698288702421,0.045889632785303024,0.7378545999526978,11,kdF,0,23.5
student_kdF_s0,test_w40-43,all,all,1.06006922810512,100000,100000,0.82893,0.7204496243145092,0.8076524333999999,0.7036,0.7212611698,0.80828396,0.71924,0.7117050678,0.06320219108432529,0.8672043085098267,0.24854685538750332,0.03330361779190065,0.05518111556947231,0.8383346199989319,11,kdF,0,27.5
student_kdF_s0,test_w40-43,all,near,1.06006922810512,100000,10904,0.82893,0.7204496243145092,0.7951161958914159,0.716984592809978,0.713246463683052,0.8320263687637564,0.7377109317681585,0.7332742608217168,0.06320219108432529,0.8672043085098267,0.24854685538750332,0.03330361779190065,0.05518111556947231,0.8383346199989319,11,kdF,0,27.5
student_kdF_s0,test_w40-43,all,far,1.06006922810512,100000,89096,0.82893,0.7204496243145092,0.8091866788632486,0.7019619287061147,0.7222420483523391,0.8053782490235252,0.7169794379096704,0.7090653254916046,0.06320219108432529,0.8672043085098267,0.24854685538750332,0.03330361779190065,0.05518111556947231,0.8383346199989319,11,kdF,0,27.5
student_kdF_s0,test_w40-43,ge5,all,1.06006922810512,95288,93977,0.8383112249181429,0.7271498654957262,0.8110487017185811,0.6960426487332007,0.7295477352784239,0.8197932283020818,0.6886259403896698,0.7260346555186635,0.05986785946907881,0.8173044323921204,0.23566988867652444,0.03062231914944143,0.05242362670990117,0.7897912859916687,11,kdF,0,27.5
student_kdF_s0,test_w40-43,ge5,near,1.06006922810512,95288,10557,0.8383112249181429,0.7271498654957262,0.7996555724095828,0.7123235767737046,0.7225802529999997,0.8451637284092122,0.7064506962205171,0.7493609696913247,0.05986785946907881,0.8173044323921204,0.23566988867652444,0.03062231914944143,0.05242362670990117,0.7897912859916687,11,kdF,0,27.5
student_kdF_s0,test_w40-43,ge5,far,1.06006922810512,95288,83420,0.8383112249181429,0.7271498654957262,0.8124905294111621,0.6939822584512108,0.7304294867818202,0.816582530991713,0.6863701750179813,0.7230826548147461,0.05986785946907881,0.8173044323921204,0.23566988867652444,0.03062231914944143,0.05242362670990117,0.7897912859916687,11,kdF,0,27.5
student_kdF_s0,test_w44-47,all,all,1.06006922810512,100000,100000,0.80606,0.6889751170868967,0.79224107645,0.75615,0.6949063520000001,0.7929941065999999,0.73889,0.6870347182000001,0.07391747530780736,1.093315601348877,0.2857693123520856,0.0438162313642655,0.06509609147489068,1.0541099309921265,11,kdF,0,31.5
student_kdF_s0,test_w44-47,all,near,1.06006922810512,100000,10628,0.80606,0.6889751170868967,0.7787020667105758,0.7725818592397441,0.6863087993978172,0.8188238727888596,0.7882009785472337,0.7108254252916824,0.07391747530780736,1.093315601348877,0.2857693123520856,0.0438162313642655,0.06509609147489068,1.0541099309921265,11,kdF,0,31.5
student_kdF_s0,test_w44-47,all,far,1.06006922810512,100000,89372,0.80606,0.6889751170868967,0.7938511175759746,0.7541959450387146,0.6959287615808084,0.7899224649778455,0.7330260036700532,0.6842055587879873,0.07391747530780736,1.093315601348877,0.2857693123520856,0.0438162313642655,0.06509609147489068,1.0541099309921265,11,kdF,0,31.5
student_kdF_s0,test_w44-47,ge5,all,1.06006922810512,94936,92436,0.8149490182860032,0.695485900209311,0.7932568067711379,0.7495780864598208,0.7015573514239746,0.8015890809858269,0.725810290363062,0.6994263408523398,0.07059822180283677,1.0315158367156982,0.2731700598520488,0.04051464897431872,0.06234139780045178,0.9943535327911377,11,kdF,0,31.5
student_kdF_s0,test_w44-47,ge5,near,1.06006922810512,94936,10310,0.8149490182860032,0.695485900209311,0.782920824929421,0.7638215324927256,0.6954367134218024,0.8324605342374917,0.7637245392822503,0.727132206764318,0.07059822180283677,1.0315158367156982,0.2731700598520488,0.04051464897431872,0.06234139780045178,0.9943535327911377,11,kdF,0,31.5
student_kdF_s0,test_w44-47,ge5,far,1.06006922810512,94936,82126,0.8149490182860032,0.695485900209311,0.7945543735927059,0.7477899812483257,0.7023257290121,0.7977135155981949,0.7210505808148455,0.6959481795203317,0.07059822180283677,1.0315158367156982,0.2731700598520488,0.04051464897431872,0.06234139780045178,0.9943535327911377,11,kdF,0,31.5
student_kdF_s0,test_w48-51,all,all,1.06006922810512,100000,100000,0.79728,0.6777070187146077,0.79680707345,0.76265,0.6936068723999999,0.79489402,0.757,0.6851547482,0.08410408532053233,1.199837327003479,0.3006782383640132,0.045422795216286886,0.07541010972023013,1.154966950416565,11,kdF,0,35.333333333333336
student_kdF_s0,test_w48-51,all,near,1.06006922810512,100000,10972,0.79728,0.6777070187146077,0.7743482359642727,0.7687750637987605,0.677242680459351,0.8081139227123587,0.8249179730222385,0.6994111948596426,0.08410408532053233,1.199837327003479,0.3006782383640132,0.045422795216286886,0.07541010972023013,1.154966950416565,11,kdF,0,35.333333333333336
student_kdF_s0,test_w48-51,all,far,1.06006922810512,100000,89028,0.79728,0.6777070187146077,0.7995749483308622,0.7618951341151099,0.6956236302062272,0.7932647710832547,0.7486296446061913,0.6833977534034235,0.08410408532053233,1.199837327003479,0.3006782383640132,0.045422795216286886,0.07541010972023013,1.154966950416565,11,kdF,0,35.333333333333336
student_kdF_s0,test_w48-51,ge5,all,1.06006922810512,94668,93780,0.807516795538091,0.6845541277811836,0.7991231593653583,0.7573683088078481,0.703241070433411,0.8062252689947516,0.7357538920878652,0.700976873975165,0.07925354323126813,1.1098237037658691,0.2845800869763539,0.04094748954996071,0.07115430309320227,1.068619966506958,11,kdF,0,35.333333333333336
student_kdF_s0,test_w48-51,ge5,near,1.06006922810512,94668,10675,0.807516795538091,0.6845541277811836,0.77901069721385,0.7636533957845433,0.6884715246448849,0.8228302954271153,0.7947540983606557,0.7179422696391748,0.07925354323126813,1.1098237037658691,0.2845800869763539,0.04094748954996071,0.07115430309320227,1.068619966506958,11,kdF,0,35.333333333333336
student_kdF_s0,test_w48-51,ge5,far,1.06006922810512,94668,83105,0.807516795538091,0.6845541277811836,0.8017066445162802,0.7565609770771915,0.7051382475141222,0.8040923208307965,0.7281752000481319,0.6987976356776701,0.07925354323126813,1.1098237037658691,0.2845800869763539,0.04094748954996071,0.07115430309320227,1.068619966506958,11,kdF,0,35.333333333333336
student_kdF_s1,val,all,all,1.0677336332263387,200000,53779,0.94134,0.9131410219282512,0.843490057550345,0.7261570501496867,0.8259520487550903,0.8246515212257574,0.7483218356607598,0.8027437050707525,0.002427346099875862,0.20965583622455597,0.08349599077681029,0.0040287917097086515,0.005475098809972387,0.20907853543758392,11,kdF,1,1.0
student_kdF_s1,val,all,near,1.0677336332263387,200000,10959,0.94134,0.9131410219282512,0.8325671696778905,0.7013413632630714,0.8138164581622412,0.7872395045168354,0.7215074368099279,0.7660474641846884,0.002427346099875862,0.20965583622455597,0.08349599077681029,0.0040287917097086515,0.005475098809972387,0.20907853543758392,11,kdF,1,1.0
student_kdF_s1,val,all,far,1.0677336332263387,200000,42820,0.94134,0.9131410219282512,0.8462855719873892,0.7325081737505839,0.8290579323914058,0.8342264462867819,0.7551844932274638,0.8121354403316209,0.002427346099875862,0.20965583622455597,0.08349599077681029,0.0040287917097086515,0.005475098809972387,0.20907853543758392,11,kdF,1,1.0
student_kdF_s1,val,ge5,all,1.0677336332263387,191366,52270,0.9501635609251382,0.9236568857983783,0.8554940340103064,0.6923282953893246,0.8402143416301838,0.8411624577110965,0.6900325234360054,0.8212313871844865,0.002499938233714323,0.17454494535923004,0.0712445619794239,0.0030657241324286936,0.004907109275334555,0.17408481240272522,11,kdF,1,1.0
student_kdF_s1,val,ge5,near,1.0677336332263387,191366,10483,0.9501635609251382,0.9236568857983783,0.8411861448107135,0.6692740627682915,0.8249261599098783,0.800507375398231,0.6719450538967853,0.7812522486219458,0.002499938233714323,0.17454494535923004,0.0712445619794239,0.0030657241324286936,0.004907109275334555,0.17408481240272522,11,kdF,1,1.0
student_kdF_s1,val,ge5,far,1.0677336332263387,191366,41787,0.9501635609251382,0.9236568857983783,0.8590834183279012,0.6981118529686267,0.8440496494764989,0.8513614963567462,0.6945700816043267,0.8312608535149506,0.002499938233714323,0.17454494535923004,0.0712445619794239,0.0030657241324286936,0.004907109275334555,0.17408481240272522,11,kdF,1,1.0
student_kdF_s1,test_w16-19,all,all,1.0677336332263387,100000,100000,0.93284,0.9028181423793499,0.87558799195,0.61603,0.8475711775000001,0.8607266202499999,0.66532,0.8285241755,0.0037896357716619704,0.2954614758491516,0.09583800740462142,0.005425550664976439,0.004564859531670811,0.29115086793899536,11,kdF,1,3.5
student_kdF_s1,test_w16-19,all,near,1.0677336332263387,100000,11980,0.93284,0.9028181423793499,0.8467710826377295,0.6756260434056761,0.8221419916527545,0.8656373242904842,0.6808848080133556,0.8340124207011687,0.0037896357716619704,0.2954614758491516,0.09583800740462142,0.005425550664976439,0.004564859531670811,0.29115086793899536,11,kdF,1,3.5
student_kdF_s1,test_w16-19,all,far,1.0677336332263387,100000,88020,0.93284,0.9028181423793499,0.8795101298000454,0.6079186548511701,0.8510322277891389,0.8600582467620995,0.6632015451033856,0.8277771955237445,0.0037896357716619704,0.2954614758491516,0.09583800740462142,0.005425550664976439,0.004564859531670811,0.29115086793899536,11,kdF,1,3.5
student_kdF_s1,test_w16-19,ge5,all,1.0677336332263387,96085,89545,0.9406983400114481,0.91087742699848,0.8773806144948512,0.6163716567089174,0.8535363585087659,0.866804789088667,0.615109721369144,0.8376965327532993,0.003586902142985406,0.2656695246696472,0.08519789386870058,0.004437114201178529,0.004266444011447239,0.2613523602485657,11,kdF,1,3.5
student_kdF_s1,test_w16-19,ge5,near,1.0677336332263387,96085,11402,0.9406983400114481,0.91087742699848,0.8528565086876893,0.6616383090685845,0.8312513704734533,0.8765269145126784,0.6128749342220663,0.847586704811745,0.003586902142985406,0.2656695246696472,0.08519789386870058,0.004437114201178529,0.004266444011447239,0.2613523602485657,11,kdF,1,3.5
student_kdF_s1,test_w16-19,ge5,far,1.0677336332263387,96085,78143,0.9406983400114481,0.91087742699848,0.8809589753769937,0.6097667097500736,0.8567880052791564,0.8653862144999696,0.6154358035908527,0.8362534381471233,0.003586902142985406,0.2656695246696472,0.08519789386870058,0.004437114201178529,0.004266444011447239,0.2613523602485657,11,kdF,1,3.5
student_kdF_s1,test_w20-23,all,all,1.0677336332263387,100000,100000,0.91581,0.8784745466688614,0.86833457085,0.64012,0.8297018068,0.8653011008499999,0.65404,0.8192549736999999,0.013912179956212616,0.3713485896587372,0.12197075636113328,0.009038184054215493,0.008124929823577404,0.36325234174728394,11,kdF,1,7.5
student_kdF_s1,test_w20-23,all,near,1.0677336332263387,100000,13417,0.91581,0.8784745466688614,0.8320000920474026,0.7061191026309905,0.7980415167325035,0.8687458560035775,0.6598345382723411,0.8228663993441157,0.013912179956212616,0.3713485896587372,0.12197075636113328,0.009038184054215493,0.008124929823577404,0.36325234174728394,11,kdF,1,7.5
student_kdF_s1,test_w20-23,all,far,1.0677336332263387,100000,86583,0.91581,0.8784745466688614,0.8739650029451509,0.6298927041105067,0.8346079213009484,0.8647672976796831,0.653142071769285,0.8186953430812053,0.013912179956212616,0.3713485896587372,0.12197075636113328,0.009038184054215493,0.008124929823577404,0.36325234174728394,11,kdF,1,7.5
student_kdF_s1,test_w20-23,ge5,all,1.0677336332263387,95941,89776,0.9228067249663856,0.8855349810490963,0.8698368527901469,0.6454063446800927,0.835488821694984,0.8724768006109009,0.5899906433790768,0.8295394332372308,0.014444619241372957,0.3473049998283386,0.1122804781530371,0.00778188072622194,0.009174298550540853,0.33895665407180786,11,kdF,1,7.5
student_kdF_s1,test_w20-23,ge5,near,1.0677336332263387,95941,12762,0.9228067249663856,0.8855349810490963,0.8380490716685811,0.692524682651622,0.806877089176945,0.8801005669195877,0.5776524055790628,0.836887248234224,0.014444619241372957,0.3473049998283386,0.1122804781530371,0.00778188072622194,0.009174298550540853,0.33895665407180786,11,kdF,1,7.5
student_kdF_s1,test_w20-23,ge5,far,1.0677336332263387,95941,77014,0.9228067249663856,0.8855349810490963,0.8751044101520995,0.6375983587399694,0.840230075627973,0.8712134653000294,0.5920352143766069,0.8283218258542663,0.014444619241372957,0.3473049998283386,0.1122804781530371,0.00778188072622194,0.009174298550540853,0.33895665407180786,11,kdF,1,7.5
student_kdF_s1,test_w24-27,all,all,1.0677336332263387,100000,100000,0.90252,0.8487760384862154,0.8556028164,0.64848,0.8089808891,0.8512981793000001,0.65093,0.7962077789,0.022399881436228737,0.46893131732940674,0.1426378275091042,0.01233159563726189,0.015882892081886566,0.4558517038822174,11,kdF,1,11.5
student_kdF_s1,test_w24-27,all,near,1.0677336332263387,100000,12494,0.90252,0.8487760384862154,0.8265502161037298,0.7089803105490635,0.7851472234672643,0.8616996766447894,0.6900112053785817,0.8068892308307987,0.022399881436228737,0.46893131732940674,0.1426378275091042,0.01233159563726189,0.015882892081886566,0.4558517038822174,11,kdF,1,11.5
student_kdF_s1,test_w24-27,all,far,1.0677336332263387,100000,87506,0.90252,0.8487760384862154,0.8597509112517998,0.6398418394167257,0.8123838308230292,0.849813066189747,0.6453500331405847,0.7946826942152538,0.022399881436228737,0.46893131732940674,0.1426378275091042,0.01233159563726189,0.015882892081886566,0.4558517038822174,11,kdF,1,11.5
student_kdF_s1,test_w24-27,ge5,all,1.0677336332263387,96204,89771,0.9086316577273295,0.8538470646767373,0.8544791721491752,0.6655824263960521,0.812262076782574,0.8564119440423132,0.6032126187744372,0.8043639482192768,0.022505439212977485,0.440401554107666,0.13430787068284222,0.01109881037002546,0.016581649480060023,0.4276183843612671,11,kdF,1,11.5
student_kdF_s1,test_w24-27,ge5,near,1.0677336332263387,96204,11977,0.9086316577273295,0.8538470646767373,0.831794865463366,0.7000918426985054,0.7928426690774519,0.8734395236046699,0.6086666110044251,0.8206532402147149,0.022505439212977485,0.440401554107666,0.13430787068284222,0.01109881037002546,0.016581649480060023,0.4276183843612671,11,kdF,1,11.5
student_kdF_s1,test_w24-27,ge5,far,1.0677336332263387,96204,77794,0.9086316577273295,0.8538470646767373,0.857971600115033,0.660269429518986,0.8152518477942748,0.8537904138418051,0.6023729336452682,0.8018560832138862,0.022505439212977485,0.440401554107666,0.13430787068284222,0.01109881037002546,0.016581649480060023,0.4276183843612671,11,kdF,1,11.5
student_kdF_s1,test_w28-31,all,all,1.0677336332263387,100000,100000,0.87477,0.7849071912244703,0.83925057325,0.6787,0.7772974321999999,0.8390151242500001,0.6605,0.7665113957,0.038274981238991,0.6936782002449036,0.1825666828252478,0.018934907269876247,0.030780436151921713,0.6699733734130859,11,kdF,1,15.5
student_kdF_s1,test_w28-31,all,near,1.0677336332263387,100000,15990,0.87477,0.7849071912244703,0.8161715606629143,0.7159474671669793,0.7596913026891807,0.8472601585365853,0.7199499687304566,0.7765150744215134,0.038274981238991,0.6936782002449036,0.1825666828252478,0.018934907269876247,0.030780436151921713,0.6699733734130859,11,kdF,1,15.5
student_kdF_s1,test_w28-31,all,far,1.0677336332263387,100000,84010,0.87477,0.7849071912244703,0.8436433052017617,0.6716105225568385,0.7806484857755028,0.8374458099035829,0.6491846208784668,0.764607350672539,0.038274981238991,0.6936782002449036,0.1825666828252478,0.018934907269876247,0.030780436151921713,0.6699733734130859,11,kdF,1,15.5
student_kdF_s1,test_w28-31,ge5,all,1.0677336332263387,95576,94669,0.8810684690717335,0.790061823273151,0.8438594020250436,0.6723742724651153,0.7847034051697607,0.850382393992856,0.6117419641065185,0.7794307778172497,0.038267030655144064,0.6607927083969116,0.174157607995301,0.01740380216909735,0.03134137179017771,0.6376451849937439,11,kdF,1,15.5
student_kdF_s1,test_w28-31,ge5,near,1.0677336332263387,95576,15420,0.8810684690717335,0.790061823273151,0.8215772656513523,0.7099221789883269,0.7676585481520903,0.8616243724851775,0.677496757457847,0.7919275763676079,0.038267030655144064,0.6607927083969116,0.174157607995301,0.01740380216909735,0.03134137179017771,0.6376451849937439,11,kdF,1,15.5
student_kdF_s1,test_w28-31,ge5,far,1.0677336332263387,95576,79249,0.8810684690717335,0.790061823273151,0.8481949840876857,0.6650683289379046,0.7880199352863866,0.84819496817863,0.5989476207901677,0.7769991933979319,0.038267030655144064,0.6607927083969116,0.174157607995301,0.01740380216909735,0.03134137179017771,0.6376451849937439,11,kdF,1,15.5
student_kdF_s1,test_w32-35,all,all,1.0677336332263387,100000,100000,0.85167,0.741701107611414,0.82046449435,0.70965,0.7483166073,0.82120004695,0.69774,0.7386031734999999,0.04942951588258149,0.8614853024482727,0.21705821405837034,0.024870356945475795,0.04117609351381659,0.8292950987815857,11,kdF,1,19.5
student_kdF_s1,test_w32-35,all,near,1.0677336332263387,100000,16559,0.85167,0.741701107611414,0.7905440310405218,0.761217464822755,0.7269659490307385,0.8276971329790447,0.7496225617488979,0.747470098435896,0.04942951588258149,0.8614853024482727,0.21705821405837034,0.024870356945475795,0.04117609351381659,0.8292950987815857,11,kdF,1,19.5
student_kdF_s1,test_w32-35,all,far,1.0677336332263387,100000,83441,0.85167,0.741701107611414,0.8264022581824283,0.6994163540705408,0.7525536796059491,0.8199106898287413,0.687443822581225,0.7368435180546733,0.04942951588258149,0.8614853024482727,0.21705821405837034,0.024870356945475795,0.04117609351381659,0.8292950987815857,11,kdF,1,19.5
student_kdF_s1,test_w32-35,ge5,all,1.0677336332263387,95262,94615,0.8594507778547584,0.7465547776566075,0.8237541585512071,0.7071394599165037,0.7561458138796046,0.8319209369543736,0.6803995138191619,0.7527438006179933,0.04675534846113831,0.8112983703613281,0.20550744726022102,0.022687093193674852,0.0391373834932016,0.7809213995933533,11,kdF,1,19.5
student_kdF_s1,test_w32-35,ge5,near,1.0677336332263387,95262,16006,0.8594507778547584,0.7465547776566075,0.7952297626769378,0.7596526302636512,0.7356803648769227,0.8418266891150519,0.7239785080594777,0.7642964643176825,0.04675534846113831,0.8112983703613281,0.20550744726022102,0.022687093193674852,0.0391373834932016,0.7809213995933533,11,kdF,1,19.5
student_kdF_s1,test_w32-35,ge5,far,1.0677336332263387,95262,78609,0.8594507778547584,0.7465547776566075,0.8295621637460774,0.6964469717207953,0.7603128936890018,0.8299039736412185,0.6715261611265886,0.7503915008154616,0.04675534846113831,0.8112983703613281,0.20550744726022102,0.022687093193674852,0.0391373834932016,0.7809213995933533,11,kdF,1,19.5
student_kdF_s1,test_w36-39,all,all,1.0677336332263387,100000,100000,0.83253,0.7246766381622677,0.8194182814000001,0.71125,0.7335561954000003,0.8181721119,0.69694,0.7233056753,0.06112479790091513,0.9003543257713318,0.24582498904489716,0.03142226697320606,0.05284356534607707,0.8670395016670227,11,kdF,1,23.5
student_kdF_s1,test_w36-39,all,near,1.0677336332263387,100000,12548,0.83253,0.7246766381622677,0.7881733057060887,0.7294389544150462,0.7104607770162575,0.8282592301562002,0.7127032196365954,0.7333040341090213,0.06112479790091513,0.9003543257713318,0.24582498904489716,0.03142226697320606,0.05284356534607707,0.8670395016670227,11,kdF,1,23.5
student_kdF_s1,test_w36-39,all,far,1.0677336332263387,100000,87452,0.83253,0.7246766381622677,0.8239014487947675,0.7086401683209075,0.7368700282440653,0.8167247675296162,0.6946782234825961,0.721871066527924,0.06112479790091513,0.9003543257713318,0.24582498904489716,0.03142226697320606,0.05284356534607707,0.8670395016670227,11,kdF,1,23.5
student_kdF_s1,test_w36-39,ge5,all,1.0677336332263387,95184,91735,0.8428307278534207,0.7306958766346214,0.8186147228573559,0.7152340982176922,0.7407877290859773,0.8269072342628957,0.704758271106993,0.7373288935402602,0.055521326379562135,0.8395516872406006,0.22965791256209445,0.02830790842079173,0.04817470223128614,0.8087401986122131,11,kdF,1,23.5
student_kdF_s1,test_w36-39,ge5,near,1.0677336332263387,95184,12085,0.8428307278534207,0.7306958766346214,0.790764471389795,0.7328920148944973,0.7197405858012665,0.8408362323196349,0.7131154323541581,0.7503959389189576,0.055521326379562135,0.8395516872406006,0.22965791256209445,0.02830790842079173,0.04817470223128614,0.8087401986122131,11,kdF,1,23.5
student_kdF_s1,test_w36-39,ge5,far,1.0677336332263387,95184,79650,0.8428307278534207,0.7306958766346214,0.8228403385382785,0.7125549278091651,0.7439811343163069,0.8247938388891896,0.7034902699309479,0.7353462790593871,0.055521326379562135,0.8395516872406006,0.22965791256209445,0.02830790842079173,0.04817470223128614,0.8087401986122131,11,kdF,1,23.5
student_kdF_s1,test_w40-43,all,all,1.0677336332263387,100000,100000,0.82632,0.7233125692789396,0.8116638373,0.72442,0.7228877701,0.8094511631,0.7148,0.7118551178000002,0.06501863367781044,0.944661557674408,0.25557647261517585,0.03443402244406256,0.056200341237857956,0.9093440771102905,11,kdF,1,27.5
student_kdF_s1,test_w40-43,all,near,1.0677336332263387,100000,10904,0.82632,0.7233125692789396,0.7749035285216433,0.7532098312545855,0.6956067993396918,0.818232511463683,0.737527512839325,0.7207194497432134,0.06501863367781044,0.944661557674408,0.25557647261517585,0.03443402244406256,0.056200341237857956,0.9093440771102905,11,kdF,1,27.5
student_kdF_s1,test_w40-43,all,far,1.0677336332263387,100000,89096,0.82632,0.7233125692789396,0.8161627419300529,0.72089656101284,0.7262265474319837,0.8083764591564155,0.7120184969022179,0.7107702579240369,0.06501863367781044,0.944661557674408,0.25557647261517585,0.03443402244406256,0.056200341237857956,0.9093440771102905,11,kdF,1,27.5
student_kdF_s1,test_w40-43,ge5,all,1.0677336332263387,95288,93977,0.8357505667030476,0.7309366343259472,0.8148164318370565,0.7164731796077763,0.7315258052532583,0.821383461605272,0.7116954148355449,0.7272427922603889,0.060928717595562995,0.8870532512664795,0.24149836826367432,0.03150115350105416,0.05268500491155115,0.8539634346961975,11,kdF,1,27.5
student_kdF_s1,test_w40-43,ge5,near,1.0677336332263387,95288,10557,0.8357505667030476,0.7309366343259472,0.7783824447345089,0.7520128824476651,0.704413992637622,0.8317733889510666,0.7292791512740362,0.7375880463473741,0.060928717595562995,0.8870532512664795,0.24149836826367432,0.03150115350105416,0.05268500491155115,0.8539634346961975,11,kdF,1,27.5
student_kdF_s1,test_w40-43,ge5,far,1.0677336332263387,95288,83420,0.8357505667030476,0.7309366343259472,0.8194272398188547,0.71197554543275,0.7349568698155128,0.820068591514292,0.7094701510429153,0.7259335756768799,0.060928717595562995,0.8870532512664795,0.24149836826367432,0.03150115350105416,0.05268500491155115,0.8539634346961975,11,kdF,1,27.5
student_kdF_s1,test_w44-47,all,all,1.0677336332263387,100000,100000,0.80069,0.6911129746079044,0.8002432960499999,0.76692,0.6973521598999999,0.7952461065,0.74513,0.6859062871,0.080225252879858,1.1680476665496826,0.29475638817898775,0.045480911987944836,0.07064038279026749,1.1219061613082886,11,kdF,1,31.5
student_kdF_s1,test_w44-47,all,near,1.0677336332263387,100000,10628,0.80069,0.6911129746079044,0.7576106544034625,0.7904591644712081,0.6663788483251789,0.7991105099736545,0.7770041400075273,0.6918931134738426,0.080225252879858,1.1680476665496826,0.29475638817898775,0.045480911987944836,0.07064038279026749,1.1219061613082886,11,kdF,1,31.5
student_kdF_s1,test_w44-47,all,far,1.0677336332263387,100000,89372,0.80069,0.6911129746079044,0.8053131133912187,0.7641207537036209,0.7010354651344941,0.7947865567515553,0.741339569440093,0.6851943416282505,0.080225252879858,1.1680476665496826,0.29475638817898775,0.045480911987944836,0.07064038279026749,1.1219061613082886,11,kdF,1,31.5
student_kdF_s1,test_w44-47,ge5,all,1.0677336332263387,94936,92436,0.8096823122945984,0.6981757922902944,0.8011500491128026,0.7549223246354234,0.7044879584544839,0.8041839152826258,0.7315115323034316,0.6994701403874771,0.07635416489826242,1.107721209526062,0.2811639782132709,0.04174010867511006,0.06748659749504131,1.0639692544937134,11,kdF,1,31.5
student_kdF_s1,test_w44-47,ge5,near,1.0677336332263387,94936,10310,0.8096823122945984,0.6981757922902944,0.7610771679600865,0.7838991270611058,0.6751370344793821,0.813158414874134,0.7475266731328807,0.7090769098046511,0.07635416489826242,1.107721209526062,0.2811639782132709,0.04174010867511006,0.06748659749504131,1.0639692544937134,11,kdF,1,31.5
student_kdF_s1,test_w44-47,ge5,far,1.0677336332263387,94936,82126,0.8096823122945984,0.6981757922902944,0.8061807507746941,0.7512846114506977,0.7081726384119066,0.803057267317445,0.729501010642184,0.6982641180231702,0.07635416489826242,1.107721209526062,0.2811639782132709,0.04174010867511006,0.06748659749504131,1.0639692544937134,11,kdF,1,31.5
student_kdF_s1,test_w48-51,all,all,1.0677336332263387,100000,100000,0.79156,0.6811651855206472,0.8006624100000002,0.76853,0.6928319112,0.7959234745,0.76062,0.6813736519,0.08838469190537927,1.2492960691452026,0.30818299696940715,0.047369523652947026,0.07874176075577738,1.1984165906906128,11,kdF,1,35.333333333333336
student_kdF_s1,test_w48-51,all,near,1.0677336332263387,100000,10972,0.79156,0.6811651855206472,0.7475349088589136,0.8001275975209624,0.6544133977397011,0.7917722967553773,0.8080568720379147,0.6816461246810062,0.08838469190537927,1.2492960691452026,0.30818299696940715,0.047369523652947026,0.07874176075577738,1.1984165906906128,11,kdF,1,35.333333333333336
student_kdF_s1,test_w48-51,all,far,1.0677336332263387,100000,89028,0.79156,0.6811651855206472,0.8072099561935571,0.7646358449027272,0.6975666904793997,0.796435074470953,0.754773779035809,0.6813400717751718,0.08838469190537927,1.2492960691452026,0.30818299696940715,0.047369523652947026,0.07874176075577738,1.1984165906906128,11,kdF,1,35.333333333333336
student_kdF_s1,test_w48-51,ge5,all,1.0677336332263387,94668,93780,0.8017492711370262,0.688677143381161,0.8031220896202133,0.7572510130091704,0.7029186463207789,0.8076077041524371,0.7462785242055875,0.6981895916544407,0.08326614536850273,1.1701384782791138,0.29109037654765624,0.04219696097760978,0.07424592490073414,1.1228773593902588,11,kdF,1,35.333333333333336
student_kdF_s1,test_w48-51,ge5,near,1.0677336332263387,94668,10675,0.8017492711370262,0.688677143381161,0.7515553861150551,0.7950351288056207,0.6652561442631659,0.8070714610774852,0.7832318501170961,0.701041660296568,0.08326614536850273,1.1701384782791138,0.29109037654765624,0.04219696097760978,0.07424592490073414,1.1228773593902588,11,kdF,1,35.333333333333336
student_kdF_s1,test_w48-51,ge5,far,1.0677336332263387,94668,83105,0.8017492711370262,0.688677143381161,0.8097459336719256,0.7523975693399916,0.70775646846704,0.807676585625575,0.7415317971241201,0.6978232378519653,0.08326614536850273,1.1701384782791138,0.29109037654765624,0.04219696097760978,0.07424592490073414,1.1228773593902588,11,kdF,1,35.333333333333336
student_kdF_s2,val,all,all,1.0676168110827415,200000,53779,0.939965,0.9114737145646433,0.8542074834972759,0.7051079417616541,0.8348794789787835,0.8301907265847264,0.7318470034771937,0.8069151254207032,0.003234820538535684,0.21490442752838135,0.08523506802328942,0.004206998925557931,0.006134185373876256,0.21428468823432922,11,kdF,2,1.0
student_kdF_s2,val,all,near,1.0676168110827415,200000,10959,0.939965,0.9114737145646433,0.8309595807099188,0.7160324847157588,0.8122593439182406,0.7796882076375582,0.7379322930924355,0.7585787503421846,0.003234820538535684,0.21490442752838135,0.08523506802328942,0.004206998925557931,0.006134185373876256,0.21428468823432922,11,kdF,2,1.0
student_kdF_s2,val,all,far,1.0676168110827415,200000,42820,0.939965,0.9114737145646433,0.8601573612797758,0.7023120037365717,0.8406686910322279,0.8431159275455394,0.7302895843063989,0.8192859412657637,0.003234820538535684,0.21490442752838135,0.08523506802328942,0.004206998925557931,0.006134185373876256,0.21428468823432922,11,kdF,2,1.0
student_kdF_s2,val,ge5,all,1.0676168110827415,191366,52270,0.9492647596751774,0.9226161758618724,0.8659211735775978,0.6614884254830686,0.8490745633437831,0.8466485927547716,0.6777310120528027,0.8254966278197652,0.002494042790956579,0.17863336205482483,0.07286408884924338,0.0032184081463117287,0.005238441880932391,0.17816109955310822,11,kdF,2,1.0
student_kdF_s2,val,ge5,near,1.0676168110827415,191366,10483,0.9492647596751774,0.9226161758618724,0.8395884860044384,0.6848230468377373,0.8235086176686556,0.7932673350175458,0.6921682724410951,0.7740892611237862,0.002494042790956579,0.17863336205482483,0.07286408884924338,0.0032184081463117287,0.005238441880932391,0.17816109955310822,11,kdF,2,1.0
student_kdF_s2,val,ge5,far,1.0676168110827415,191366,41787,0.9492647596751774,0.9226161758618724,0.8725271889371458,0.6556345274846244,0.8554882280843091,0.86004021514593,0.6741091727092158,0.8383930651106439,0.002494042790956579,0.17863336205482483,0.07286408884924338,0.0032184081463117287,0.005238441880932391,0.17816109955310822,11,kdF,2,1.0
student_kdF_s2,test_w16-19,all,all,1.0676168110827415,100000,100000,0.93186,0.9016660249537842,0.8760396505,0.6052,0.8465719008,0.8630429414,0.63746,0.8291477818999998,0.004082317752540119,0.298906534910202,0.09837338582635383,0.005809437418644651,0.004805841252505764,0.2940136790275574,11,kdF,2,3.5
student_kdF_s2,test_w16-19,all,near,1.0676168110827415,100000,11980,0.93186,0.9016660249537842,0.8516974482470785,0.66110183639399,0.8257796569282139,0.8666695859766277,0.6767111853088481,0.8338089540901503,0.004082317752540119,0.298906534910202,0.09837338582635383,0.005809437418644651,0.004805841252505764,0.2940136790275574,11,kdF,2,3.5
student_kdF_s2,test_w16-19,all,far,1.0676168110827415,100000,88020,0.93186,0.9016660249537842,0.8793527564189957,0.597591456487162,0.849401838104976,0.8625493353783231,0.6321177005226085,0.8285133710520336,0.004082317752540119,0.298906534910202,0.09837338582635383,0.005809437418644651,0.004805841252505764,0.2940136790275574,11,kdF,2,3.5
student_kdF_s2,test_w16-19,ge5,all,1.0676168110827415,96085,89545,0.9396784097413748,0.909467958669446,0.8777190511222497,0.6050589089284717,0.8526314076548026,0.8689885851105396,0.5987045619520911,0.8382732270355493,0.0036513870623566527,0.2690618932247162,0.08772215214435691,0.0047767740029136556,0.0034695789428861746,0.26408708095550537,11,kdF,2,3.5
student_kdF_s2,test_w16-19,ge5,near,1.0676168110827415,96085,11402,0.9396784097413748,0.909467958669446,0.8583359425745255,0.6517277670584108,0.8355144642448399,0.8776632047848135,0.6241887388177513,0.8475010281717085,0.0036513870623566527,0.2690618932247162,0.08772215214435691,0.0047767740029136556,0.0034695789428861746,0.26408708095550537,11,kdF,2,3.5
student_kdF_s2,test_w16-19,ge5,far,1.0676168110827415,96085,78143,0.9396784097413748,0.909467958669446,0.8805472789054312,0.5982493633466849,0.8551289747914672,0.8677228541618164,0.5949861151990581,0.8369267802833836,0.0036513870623566527,0.2690618932247162,0.08772215214435691,0.0047767740029136556,0.0034695789428861746,0.26408708095550537,11,kdF,2,3.5
student_kdF_s2,test_w20-23,all,all,1.0676168110827415,100000,100000,0.91812,0.8759565073995024,0.8699997823000001,0.62549,0.8321885144000002,0.8703905125,0.618,0.8250008165000001,0.012116203176230205,0.375514417886734,0.11871000410371185,0.008498242676043533,0.0062347661440819106,0.3669843375682831,11,kdF,2,7.5
student_kdF_s2,test_w20-23,all,near,1.0676168110827415,100000,13417,0.91812,0.8759565073995024,0.8411310550048448,0.6499962733845122,0.8065429432809121,0.8702060874263995,0.6596109413430722,0.826165744950436,0.012116203176230205,0.375514417886734,0.11871000410371185,0.008498242676043533,0.0062347661440819106,0.3669843375682831,11,kdF,2,7.5
student_kdF_s2,test_w20-23,all,far,1.0676168110827415,100000,86583,0.91812,0.8759565073995024,0.8744733130637654,0.6216924800480463,0.8361625812226418,0.8704190912188304,0.611551921277849,0.8248202978644769,0.012116203176230205,0.375514417886734,0.11871000410371185,0.008498242676043533,0.0062347661440819106,0.3669843375682831,11,kdF,2,7.5
student_kdF_s2,test_w20-23,ge5,all,1.0676168110827415,95941,89776,0.9252769931520414,0.8824126126310149,0.8711980624528957,0.6314716628052041,0.838032712466638,0.8775203693140725,0.5709209588308679,0.8354023894668036,0.012560130601777738,0.35133492946624756,0.10882121994821294,0.007252334256060225,0.007192297229294993,0.34253278374671936,11,kdF,2,7.5
student_kdF_s2,test_w20-23,ge5,near,1.0676168110827415,95941,12762,0.9252769931520414,0.8824126126310149,0.8473402570662907,0.6358721203573108,0.8157982379407971,0.8816633482795554,0.6012380504623099,0.8403915910610457,0.012560130601777738,0.35133492946624756,0.10882121994821294,0.007252334256060225,0.007192297229294993,0.34253278374671936,11,kdF,2,7.5
student_kdF_s2,test_w20-23,ge5,far,1.0676168110827415,95941,77014,0.9252769931520414,0.8824126126310149,0.8751515424999503,0.6307424624094321,0.8417171901447067,0.8768338357285232,0.5658971096164334,0.8345756282189045,0.012560130601777738,0.35133492946624756,0.10882121994821294,0.007252334256060225,0.007192297229294993,0.34253278374671936,11,kdF,2,7.5
student_kdF_s2,test_w24-27,all,all,1.0676168110827415,100000,100000,0.9065,0.8459582969673598,0.8552481216500001,0.63893,0.8115146544000001,0.85422353805,0.63157,0.8024694402999999,0.018283089360482955,0.45902082324028015,0.13548835420266153,0.011173961712370702,0.011795430120788552,0.44712209701538086,11,kdF,2,11.5
student_kdF_s2,test_w24-27,all,near,1.0676168110827415,100000,12494,0.9065,0.8459582969673598,0.8366378581719224,0.673683368016648,0.7964949495757963,0.8635664246838483,0.6965743556907316,0.813072608452057,0.018283089360482955,0.45902082324028015,0.13548835420266153,0.011173961712370702,0.011795430120788552,0.44712209701538086,11,kdF,2,11.5
student_kdF_s2,test_w24-27,all,far,1.0676168110827415,100000,87506,0.9065,0.8459582969673598,0.8579052723813225,0.633967956482984,0.8136591495440312,0.8528895720864854,0.6222887573423537,0.8009555328777455,0.018283089360482955,0.45902082324028015,0.13548835420266153,0.011173961712370702,0.011795430120788552,0.44712209701538086,11,kdF,2,11.5
student_kdF_s2,test_w24-27,ge5,all,1.0676168110827415,96204,89771,0.9129973805662966,0.851042007216653,0.85391259411132,0.6633322565193659,0.8152713191522631,0.859086022026207,0.5996925510465518,0.8107094573120726,0.01839357613111574,0.43181461095809937,0.12622860578817707,0.009877190196829533,0.012528385648133798,0.4200281500816345,11,kdF,2,11.5
student_kdF_s2,test_w24-27,ge5,near,1.0676168110827415,96204,11977,0.9129973805662966,0.851042007216653,0.8425677274940788,0.6667779911497036,0.80532608275184,0.8753779722743923,0.643900809885614,0.8272615978541079,0.01839357613111574,0.43181461095809937,0.12622860578817707,0.009877190196829533,0.012528385648133798,0.4200281500816345,11,kdF,2,11.5
student_kdF_s2,test_w24-27,ge5,far,1.0676168110827415,96204,77794,0.9129973805662966,0.851042007216653,0.8556592258242375,0.662801758490372,0.8168024667519221,0.8565777477618354,0.5928863408489087,0.8081611246993782,0.01839357613111574,0.43181461095809937,0.12622860578817707,0.009877190196829533,0.012528385648133798,0.4200281500816345,11,kdF,2,11.5
student_kdF_s2,test_w28-31,all,all,1.0676168110827415,100000,100000,0.88155,0.7787251624401207,0.83905683425,0.66936,0.7820770685999998,0.83702854715,0.65679,0.7706442406,0.030523577228337487,0.6722524166107178,0.17142537983181638,0.017283565600699647,0.02300502995669844,0.6518028974533081,11,kdF,2,15.5
student_kdF_s2,test_w28-31,all,near,1.0676168110827415,100000,15990,0.88155,0.7787251624401207,0.8211400672295185,0.7091932457786116,0.7693584790494059,0.8456860662914322,0.7213258286429018,0.7818292801751096,0.030523577228337487,0.6722524166107178,0.17142537983181638,0.017283565600699647,0.02300502995669844,0.6518028974533081,11,kdF,2,15.5
student_kdF_s2,test_w28-31,all,far,1.0676168110827415,100000,84010,0.88155,0.7787251624401207,0.8424670128556124,0.661778359719081,0.7844978547791929,0.8353807227115819,0.6445066063563861,0.7685153418640638,0.030523577228337487,0.6722524166107178,0.17142537983181638,0.017283565600699647,0.02300502995669844,0.6518028974533081,11,kdF,2,15.5
student_kdF_s2,test_w28-31,ge5,all,1.0676168110827415,95576,94669,0.8883297062023939,0.7840830251378715,0.8439922826939554,0.6648110786001753,0.7906145875777216,0.8480176695178694,0.6136750150524459,0.7836122557479998,0.03055841954740073,0.6426025629043579,0.16135173350666476,0.015518869398404706,0.023820172813461,0.6223576068878174,11,kdF,2,15.5
student_kdF_s2,test_w28-31,ge5,near,1.0676168110827415,95576,15420,0.8883297062023939,0.7840830251378715,0.8274668978840507,0.7068093385214008,0.7789945604706563,0.8597781166293585,0.6814526588845655,0.7975405234988906,0.03055841954740073,0.6426025629043579,0.16135173350666476,0.015518869398404706,0.023820172813461,0.6223576068878174,11,kdF,2,15.5
student_kdF_s2,test_w28-31,ge5,far,1.0676168110827415,95576,79249,0.8883297062023939,0.7840830251378715,0.8472077356809803,0.6566392004946434,0.7928755728013958,0.8457293618488873,0.6004870723920807,0.78090214093622,0.03055841954740073,0.6426025629043579,0.16135173350666476,0.015518869398404706,0.023820172813461,0.6223576068878174,11,kdF,2,15.5
student_kdF_s2,test_w32-35,all,all,1.0676168110827415,100000,100000,0.85036,0.7388368664541696,0.8176739008,0.70858,0.7446302575,0.8198689946,0.68723,0.7349052008000002,0.04816335798680785,0.8568940758705139,0.21735531206842149,0.026437021081603538,0.03980306014955046,0.8265970945358276,11,kdF,2,19.5
student_kdF_s2,test_w32-35,all,near,1.0676168110827415,100000,16559,0.85036,0.7388368664541696,0.7953900066429131,0.7440666706926746,0.7290532501962678,0.8305283459146083,0.730599673893351,0.7471276073434386,0.04816335798680785,0.8568940758705139,0.21735531206842149,0.026437021081603538,0.03980306014955046,0.8265970945358276,11,kdF,2,19.5
student_kdF_s2,test_w32-35,all,far,1.0676168110827415,100000,83441,0.85036,0.7388368664541696,0.8220961752615621,0.7015376134034828,0.747721539530926,0.8177536292709818,0.6786232188013087,0.7324796446591004,0.04816335798680785,0.8568940758705139,0.21735531206842149,0.026437021081603538,0.03980306014955046,0.8265970945358276,11,kdF,2,19.5
student_kdF_s2,test_w32-35,ge5,all,1.0676168110827415,95262,94615,0.858159601939913,0.7433556733673241,0.8217798573481799,0.7058605929292395,0.7534604893493193,0.8307725897775824,0.6588384505628072,0.7489017824987589,0.0467001509740024,0.811021089553833,0.20516220445594005,0.02398791790837861,0.0391308267905018,0.7820033431053162,11,kdF,2,19.5
student_kdF_s2,test_w32-35,ge5,near,1.0676168110827415,95262,16006,0.858159601939913,0.7433556733673241,0.8010964204094981,0.7432837685867799,0.7390529828318853,0.8443708415798905,0.707234786954892,0.7637060022837427,0.0467001509740024,0.811021089553833,0.20516220445594005,0.02398791790837861,0.0391308267905018,0.7820033431053162,11,kdF,2,19.5
student_kdF_s2,test_w32-35,ge5,far,1.0676168110827415,95262,78609,0.858159601939913,0.7433556733673241,0.8259913228501012,0.6982406594664733,0.7563940790059498,0.8280037768128108,0.6489842130036001,0.7458874159265031,0.0467001509740024,0.811021089553833,0.20516220445594005,0.02398791790837861,0.0391308267905018,0.7820033431053162,11,kdF,2,19.5
student_kdF_s2,test_w36-39,all,all,1.0676168110827415,100000,100000,0.8301,0.7272276387692227,0.8130763806500001,0.71437,0.7284448173,0.81398076025,0.69618,0.7182105314000001,0.06169054085545243,0.8975080251693726,0.24476704927266618,0.03225163864576514,0.05282497682794931,0.8659009337425232,11,kdF,2,23.5
student_kdF_s2,test_w36-39,all,near,1.0676168110827415,100000,12548,0.8301,0.7272276387692227,0.7901385427956646,0.7238603761555626,0.7120080761874403,0.8293384463659547,0.6939751354797578,0.7328305140261396,0.06169054085545243,0.8975080251693726,0.24476704927266618,0.03225163864576514,0.05282497682794931,0.8659009337425232,11,kdF,2,23.5
student_kdF_s2,test_w36-39,all,far,1.0676168110827415,100000,87452,0.8301,0.7272276387692227,0.8163676031422953,0.7130082788272424,0.7308032336596075,0.8117771714769245,0.6964963637195262,0.7161127915885286,0.06169054085545243,0.8975080251693726,0.24476704927266618,0.03225163864576514,0.05282497682794931,0.8659009337425232,11,kdF,2,23.5
student_kdF_s2,test_w36-39,ge5,all,1.0676168110827415,95184,91735,0.8404038493864515,0.731674251631391,0.8139177185987694,0.7178394287894478,0.7365152772284005,0.8231265999110386,0.6734943042459257,0.7320835422616193,0.057932153727704584,0.8372058272361755,0.22895950148602467,0.029120526774583964,0.049857921873003704,0.8077852129936218,11,kdF,2,23.5
student_kdF_s2,test_w36-39,ge5,near,1.0676168110827415,95184,12085,0.8404038493864515,0.731674251631391,0.7949140072877074,0.726934215970211,0.7227454411317047,0.8417633041798606,0.6828299544890359,0.7497669831201399,0.057932153727704584,0.8372058272361755,0.22895950148602467,0.029120526774583964,0.049857921873003704,0.8077852129936218,11,kdF,2,23.5
student_kdF_s2,test_w36-39,ge5,far,1.0676168110827415,95184,79650,0.8404038493864515,0.731674251631391,0.8168010814511758,0.7164595103578154,0.7386045235463989,0.8202989216801697,0.6720778405524168,0.729400499163374,0.057932153727704584,0.8372058272361755,0.22895950148602467,0.029120526774583964,0.049857921873003704,0.8077852129936218,11,kdF,2,23.5
student_kdF_s2,test_w40-43,all,all,1.0676168110827415,100000,100000,0.82363,0.7218636916174611,0.80452933365,0.72139,0.7163644366999998,0.80356028705,0.71964,0.7042846721,0.06635455009594561,0.9486181735992432,0.25594536255382655,0.0356355156114874,0.057363174193874,0.9139876365661621,11,kdF,2,27.5
student_kdF_s2,test_w40-43,all,near,1.0676168110827415,100000,10904,0.82363,0.7218636916174611,0.7804750770359501,0.7393617021276596,0.6996284363536317,0.8233385968451945,0.7127659574468085,0.7224486656272927,0.06635455009594561,0.9486181735992432,0.25594536255382655,0.0356355156114874,0.057363174193874,0.9139876365661621,11,kdF,2,27.5
student_kdF_s2,test_w40-43,all,far,1.0676168110827415,100000,89096,0.82363,0.7218636916174611,0.8074732100767712,0.7191905360510011,0.7184126694801113,0.8011397217046782,0.7204812786208135,0.7020616745981862,0.06635455009594561,0.9486181735992432,0.25594536255382655,0.0356355156114874,0.057363174193874,0.9139876365661621,11,kdF,2,27.5
student_kdF_s2,test_w40-43,ge5,all,1.0676168110827415,95288,93977,0.8329905129712031,0.7293180236970125,0.8093965391124058,0.712131691796929,0.7260386648407865,0.8157843764813236,0.6836247166859977,0.719550216691806,0.06409114364313495,0.8920870423316956,0.24207511315473887,0.032592149965465035,0.05587311163163086,0.8592866063117981,11,kdF,2,27.5
student_kdF_s2,test_w40-43,ge5,near,1.0676168110827415,95288,10557,0.8329905129712031,0.7293180236970125,0.7862835329672305,0.7337311736288719,0.7101695807162889,0.8368282218185303,0.6911054276783177,0.739383707438581,0.06409114364313495,0.8920870423316956,0.24207511315473887,0.032592149965465035,0.05587311163163086,0.8592866063117981,11,kdF,2,27.5
student_kdF_s2,test_w40-43,ge5,far,1.0676168110827415,95288,83420,0.8329905129712031,0.7293180236970125,0.8123215451765946,0.709398225845121,0.7280469352927443,0.8131212276534058,0.6826780148645408,0.7170402411246312,0.06409114364313495,0.8920870423316956,0.24207511315473887,0.032592149965465035,0.05587311163163086,0.8592866063117981,11,kdF,2,27.5
student_kdF_s2,test_w44-47,all,all,1.0676168110827415,100000,100000,0.80002,0.6870510119561037,0.7947958551500001,0.75625,0.6928976869999999,0.78958893445,0.75918,0.6808583190999999,0.07841878241777422,1.1821539402008057,0.294387683998933,0.0474035486031783,0.06867203893616794,1.1363178491592407,11,kdF,2,31.5
student_kdF_s2,test_w44-47,all,near,1.0676168110827415,100000,10628,0.80002,0.6870510119561037,0.767735183007151,0.7773805043281897,0.6743524284907791,0.8069476110274747,0.762231840421528,0.6976395784719609,0.07841878241777422,1.1821539402008057,0.294387683998933,0.0474035486031783,0.06867203893616794,1.1363178491592407,11,kdF,2,31.5
student_kdF_s2,test_w44-47,all,far,1.0676168110827415,100000,89372,0.80002,0.6870510119561037,0.7980138744797028,0.7537371883811484,0.6951030646063645,0.7875246635970998,0.7588170791746855,0.6788627139372512,0.07841878241777422,1.1821539402008057,0.294387683998933,0.0474035486031783,0.06867203893616794,1.1363178491592407,11,kdF,2,31.5
student_kdF_s2,test_w44-47,ge5,all,1.0676168110827415,94936,92436,0.8085973708603691,0.6940622774410707,0.7980411007604866,0.7502380025098446,0.7014823941345921,0.7994979276117017,0.7371911376519971,0.694388898727488,0.07645706357557605,1.1288007497787476,0.2807446308438145,0.043565419901440944,0.06751349591706969,1.0845879316329956,11,kdF,2,31.5
student_kdF_s2,test_w44-47,ge5,near,1.0676168110827415,94936,10310,0.8085973708603691,0.6940622774410707,0.7734743430604164,0.76905916585839,0.6849310244393958,0.8212517486894229,0.7398642095053346,0.714942417279716,0.07645706357557605,1.1288007497787476,0.2807446308438145,0.043565419901440944,0.06751349591706969,1.0845879316329956,11,kdF,2,31.5
student_kdF_s2,test_w44-47,ge5,far,1.0676168110827415,94936,82126,0.8085973708603691,0.6940622774410707,0.8011251821949621,0.7478752161313105,0.7035602333275087,0.7967669788827814,0.7368555634025765,0.6918086345447265,0.07645706357557605,1.1288007497787476,0.2807446308438145,0.043565419901440944,0.06751349591706969,1.0845879316329956,11,kdF,2,31.5
student_kdF_s2,test_w48-51,all,all,1.0676168110827415,100000,100000,0.7918,0.6768390249800788,0.79936183445,0.75429,0.6920540025999999,0.7946331200000001,0.75435,0.6804339135999999,0.08738466798782346,1.271315097808838,0.3067174082786685,0.04801231250715508,0.07762190153412521,1.2212400436401367,11,kdF,2,35.333333333333336
student_kdF_s2,test_w48-51,all,near,1.0676168110827415,100000,10972,0.7918,0.6768390249800788,0.7587545802952971,0.7874589865111192,0.6638461438206344,0.8008094741159314,0.775884068538097,0.6889886584032081,0.08738466798782346,1.271315097808838,0.3067174082786685,0.04801231250715508,0.07762190153412521,1.2212400436401367,11,kdF,2,35.333333333333336
student_kdF_s2,test_w48-51,all,far,1.0676168110827415,100000,89028,0.7918,0.6768390249800788,0.8043663587859998,0.7502021835826931,0.6955303990879274,0.7938719329873748,0.7516960956103698,0.6793796086624433,0.08738466798782346,1.271315097808838,0.3067174082786685,0.04801231250715508,0.07762190153412521,1.2212400436401367,11,kdF,2,35.333333333333336
student_kdF_s2,test_w48-51,ge5,all,1.0676168110827415,94668,93780,0.8018443402205603,0.6843174002296281,0.8031856891610377,0.7507890808274685,0.7033061194618087,0.807256300651078,0.7301983365323097,0.6975303196282918,0.08350216256490867,1.2042346000671387,0.28936592641207387,0.0428613761747329,0.07458643921712217,1.15679931640625,11,kdF,2,35.333333333333336
student_kdF_s2,test_w48-51,ge5,near,1.0676168110827415,94668,10675,0.8018443402205603,0.6843174002296281,0.7644061375986821,0.7831381733021078,0.6763180325296075,0.8161446861898933,0.7545667447306792,0.7085437860541397,0.08350216256490867,1.2042346000671387,0.28936592641207387,0.0428613761747329,0.07458643921712217,1.15679931640625,11,kdF,2,35.333333333333336
student_kdF_s2,test_w48-51,ge5,far,1.0676168110827415,94668,83105,0.8018443402205603,0.6843174002296281,0.8081669985037746,0.7466337765477408,0.7067727920807996,0.8061145701219059,0.727068166776969,0.6961156182974944,0.08350216256490867,1.2042346000671387,0.28936592641207387,0.0428613761747329,0.07458643921712217,1.15679931640625,11,kdF,2,35.333333333333336
