start,split,weeks_since,flows,unknown,condition,macro_f1_mean,macro_f1_std,auroc_energy_mean,auroc_energy_std,auroc_msp_mean,auroc_msp_std,fpr95_energy_mean,fpr95_energy_std,oscr_energy_mean,oscr_energy_std,ece_mean,ece_std,ece_ts_mean,ece_ts_std,nll_mean,nll_std,nll_ts_mean,nll_ts_std,aurc_mean,aurc_std
11,test_w16-19,3.5,all,all,direct,0.9011444295313299,0.001983426456420563,0.8552953803333333,0.0031137216161954105,0.8770607903999998,0.0013989143589028447,0.6345833333333334,0.005155737903863402,0.8222568714999999,0.003187845003426652,0.0044395930675168,0.0007437561046470415,0.0038879220056284667,0.0006835247486511965,0.28751396139462787,0.0076603713722174175,0.2829861044883728,0.007355729142215954,0.005540014001751667,8.591493684535064e-05
11,test_w16-19,3.5,all,all,directTS,0.9011444295313299,0.001983426456420563,0.85470715325,0.00311031732691261,0.8776418970666667,0.0014333581023009774,0.6383066666666667,0.0036253735439721537,0.8216494762000001,0.0031783034038497977,0.0038879220056284667,0.0006835247486511965,,,0.2829861044883728,0.007355729142215954,,,0.0055266833219272,8.62724304798566e-05
11,test_w16-19,3.5,all,all,enddA,0.8908448324500057,0.001696347462659849,0.81051165145,0.008159745397455707,0.8737582707666666,0.0016328741425267787,0.5935833333333332,0.019019969330504597,0.7720263152000001,0.007186204980570467,0.0067333708745986,7.072321112736122e-05,0.005592505673592266,0.0003739782510261117,0.29116826256116224,0.0028627635500090244,0.291145771741867,0.002984033021227909,0.007392053300206533,8.990602544959557e-05
11,test_w16-19,3.5,all,all,kdA,0.9015943798755844,0.003695782939342823,0.8538116295833333,0.004576373391046104,0.8772557843666666,0.002118735233800483,0.6157866666666666,0.010877556404511709,0.8202477246666667,0.005323999354228549,0.0052450972087432325,0.00026673358942725647,0.004639658710310833,0.0005885409039438478,0.27945653597513836,0.005601147218981672,0.2747548619906108,0.005076239507181255,0.005454985475148034,0.00010803726484071248
11,test_w16-19,3.5,all,all,kdA4,0.8856009801686118,0.0019620815881123002,0.8370064151333333,0.002641465802912423,0.8577502176499999,0.0019666401457376966,0.6059766666666667,0.009311994057844563,0.7986284294999999,0.002286547066925353,0.0412767815207441,0.0005983570646943476,0.006658757029076367,0.0007962153088882645,0.3608883122603099,0.0016549143441089043,0.2862929304440816,0.001077627791040171,0.007462017641690133,4.980316279778105e-05
11,test_w16-19,3.5,all,all,kdB,0.9017527986979316,0.004558505492284318,0.8504705836666666,0.0036419458728186526,0.8738315516166667,0.0007481092037712518,0.6284766666666667,0.0160206408527665,0.8170722107666665,0.004523252379942906,0.004674164808665666,0.000743095862978176,0.004533771027078166,0.00011233502990159197,0.2768612603346507,0.006851605491498851,0.27242800593376154,0.006211518907811364,0.0055223613764756,0.0002196242953913286
11,test_w16-19,3.5,all,all,kdB4,0.8849236217205302,0.0006333391596058975,0.8385353153333334,0.0010038711606578097,0.8555439892500001,0.0015200650989749375,0.60932,0.017384070294381566,0.8011847188000001,0.0005431436603670194,0.0467050453305989,0.00021488257443243847,0.006264477163801567,0.00027444534396143605,0.4137224654356639,0.009285272577814667,0.2964857717355092,0.004775355827556019,0.0077207123337163334,0.00010646389766532941
11,test_w16-19,3.5,all,all,ls,0.8928362112884445,0.0032526296593082984,0.8564594465166667,0.006960945265971566,0.8741953059833333,0.004664283767031773,0.5914066666666667,0.014111067760213323,0.8188564517,0.006281150121858505,0.06131576159858453,0.0006567349301617319,0.006239484215105566,0.0005360983179158065,0.31804941097895306,0.005042388862612673,0.2753318150838216,0.004747146850129141,0.0072831224880394,0.00034816607465412713
11,test_w16-19,3.5,all,all,teacherA,0.956461212426506,,0.86907145645,,0.9063782962,,0.45676,,0.8539834612,,0.003420454327464,,0.0031459153746068,,0.1154825016856193,,0.1138367503881454,,0.0014937682164756,
11,test_w16-19,3.5,all,all,teacherA_member,0.9508100570705069,0.0016458008313827602,0.8575619191999999,0.00985754899359553,0.88735564359,0.004453426898007984,0.48524199999999995,0.007866658757058168,0.8411955215999999,0.009795450522813618,0.01041343341755864,0.000493891487273208,0.0025000132036954,0.0003226945084967974,0.13908515274524685,0.004203993307108926,0.12745937705039972,0.003626855977096314,0.00187860873919274,6.926085165277216e-05
11,test_w16-19,3.5,all,all,teacherB,0.9571245383541096,,0.87999928695,,0.8877153653499998,,0.43409,,0.865086457,,0.0107082344071566,,0.0031665697544812,,0.1285415887832641,,0.1126241981983184,,0.0015647764293324,
11,test_w16-19,3.5,all,far,direct,0.9011444295313299,0.001983426456420563,0.8530270785048852,0.0025562921804928194,0.8789016721199726,0.0016230926339913996,0.6334469438763918,0.0028661172790138707,0.8200382423312883,0.002811361146443207,0.0044395930675168,0.0007437561046470415,0.0038879220056284667,0.0006835247486511965,0.28751396139462787,0.0076603713722174175,0.2829861044883728,0.007355729142215954,0.005540014001751667,8.591493684535064e-05
11,test_w16-19,3.5,all,far,directTS,0.9011444295313299,0.001983426456420563,0.8524171214496704,0.002542240574327441,0.8794063605998637,0.0016615141493627208,0.6375444974626979,0.0011365787092675057,0.8194167291145953,0.002794700968875469,0.0038879220056284667,0.0006835247486511965,,,0.2829861044883728,0.007355729142215954,,,0.0055266833219272,8.62724304798566e-05
11,test_w16-19,3.5,all,far,enddA,0.8908448324500057,0.001696347462659849,0.8209436007157466,0.008131882505002954,0.878012395819132,0.0022001966768839002,0.5809361508748011,0.02482930022241073,0.7816019443308341,0.006959153649296582,0.0067333708745986,7.072321112736122e-05,0.005592505673592266,0.0003739782510261117,0.29116826256116224,0.0028627635500090244,0.291145771741867,0.002984033021227909,0.007392053300206533,8.990602544959557e-05
11,test_w16-19,3.5,all,far,kdA,0.9015943798755844,0.003695782939342823,0.8524262748239037,0.004932210894200833,0.8794581129288798,0.002327743085118163,0.6112322956903734,0.008992174603802413,0.8187495314322503,0.0056700127491284,0.0052450972087432325,0.00026673358942725647,0.004639658710310833,0.0005885409039438478,0.27945653597513836,0.005601147218981672,0.2747548619906108,0.005076239507181255,0.005454985475148034,0.00010803726484071248
11,test_w16-19,3.5,all,far,kdA4,0.8856009801686118,0.0019620815881123002,0.8395141221123987,0.002712050936599585,0.8627058408694994,0.0015746064357240546,0.6049799288040597,0.008410222044485426,0.8009178502991744,0.0026290285725348293,0.0412767815207441,0.0005983570646943476,0.006658757029076367,0.0007962153088882645,0.3608883122603099,0.0016549143441089043,0.2862929304440816,0.001077627791040171,0.007462017641690133,4.980316279778105e-05
11,test_w16-19,3.5,all,far,kdB,0.9017527986979316,0.004558505492284318,0.8484427534083162,0.0033796930786681996,0.876491524464137,0.0012763103506252646,0.6252026054684542,0.020411936582490384,0.8150055444217225,0.004289778410355137,0.004674164808665666,0.000743095862978176,0.004533771027078166,0.00011233502990159197,0.2768612603346507,0.006851605491498851,0.27242800593376154,0.006211518907811364,0.0055223613764756,0.0002196242953913286
11,test_w16-19,3.5,all,far,kdB4,0.8849236217205302,0.0006333391596058975,0.8432161387942134,0.001958246661203077,0.8621897076232674,0.001543260437483803,0.6030031053548436,0.01903433470553208,0.805384124252064,0.00159384880133517,0.0467050453305989,0.00021488257443243847,0.006264477163801567,0.00027444534396143605,0.4137224654356639,0.009285272577814667,0.2964857717355092,0.004775355827556019,0.0077207123337163334,0.00010646389766532941
11,test_w16-19,3.5,all,far,ls,0.8928362112884445,0.0032526296593082984,0.861571162122245,0.007517858599024714,0.8797627862228281,0.004511642742505981,0.5856396273574188,0.011806907020680487,0.8236041259940922,0.00683961638642655,0.06131576159858453,0.0006567349301617319,0.006239484215105566,0.0005360983179158065,0.31804941097895306,0.005042388862612673,0.2753318150838216,0.004747146850129141,0.0072831224880394,0.00034816607465412713
11,test_w16-19,3.5,all,far,teacherA,0.956461212426506,,0.8710890149965916,,0.9114347260849808,,0.443978641217905,,0.8557467289252443,,0.003420454327464,,0.0031459153746068,,0.1154825016856193,,0.1138367503881454,,0.0014937682164756,
11,test_w16-19,3.5,all,far,teacherA_member,0.9508100570705069,0.0016458008313827602,0.8599934993978641,0.0114741114453097,0.8939165659168371,0.005604403280920714,0.47312883435582825,0.01036234781663004,0.8433680234492161,0.011380410162113332,0.01041343341755864,0.000493891487273208,0.0025000132036954,0.0003226945084967974,0.13908515274524685,0.004203993307108926,0.12745937705039972,0.003626855977096314,0.00187860873919274,6.926085165277216e-05
11,test_w16-19,3.5,all,far,teacherB,0.9571245383541096,,0.8877457204612587,,0.8982240349352422,,0.4181322426721199,,0.872452915473756,,0.0107082344071566,,0.0031665697544812,,0.1285415887832641,,0.1126241981983184,,0.0015647764293324,
11,test_w16-19,3.5,all,near,direct,0.9011444295313299,0.001983426456420563,0.871961150528659,0.007510173198257822,0.8635353806343907,0.0026086079022195163,0.6429326655537007,0.022020965763093887,0.8385576844741235,0.0067073254740316855,0.0044395930675168,0.0007437561046470415,0.0038879220056284667,0.0006835247486511965,0.28751396139462787,0.0076603713722174175,0.2829861044883728,0.007355729142215954,0.005540014001751667,8.591493684535064e-05
11,test_w16-19,3.5,all,near,directTS,0.9011444295313299,0.001983426456420563,0.8715325788814692,0.007595785585078743,0.8646779504730105,0.0025463670142961913,0.6439065108514189,0.022795011359635037,0.8380540169727323,0.0067627085250529665,0.0038879220056284667,0.0006835247486511965,,,0.2829861044883728,0.007355729142215954,,,0.0055266833219272,8.62724304798566e-05
11,test_w16-19,3.5,all,near,enddA,0.8908448324500057,0.001696347462659849,0.7338655601001669,0.008366177621430796,0.8425021700055648,0.0035512721437052273,0.686505286588759,0.023697994857200033,0.7016718180300501,0.008857099930441892,0.0067333708745986,7.072321112736122e-05,0.005592505673592266,0.0003739782510261117,0.29116826256116224,0.0028627635500090244,0.291145771741867,0.002984033021227909,0.007392053300206533,8.990602544959557e-05
11,test_w16-19,3.5,all,near,kdA,0.9015943798755844,0.003695782939342823,0.8639901709794101,0.002518659536572324,0.8610747359488036,0.003233199467295509,0.6492487479131887,0.029057407507684534,0.83125531803005,0.0033621948529863254,0.0052450972087432325,0.00026673358942725647,0.004639658710310833,0.0005885409039438478,0.27945653597513836,0.005601147218981672,0.2747548619906108,0.005076239507181255,0.005454985475148034,0.00010803726484071248
11,test_w16-19,3.5,all,near,kdA4,0.8856009801686118,0.0019620815881123002,0.8185816765442405,0.009252210589952629,0.821340037701725,0.006194779974642936,0.6132999443516973,0.016628905674687472,0.7818074930439621,0.007880222784161967,0.0412767815207441,0.0005983570646943476,0.006658757029076367,0.0007962153088882645,0.3608883122603099,0.0016549143441089043,0.2862929304440816,0.001077627791040171,0.007462017641690133,4.980316279778105e-05
11,test_w16-19,3.5,all,near,kdB,0.9017527986979316,0.004558505492284318,0.8653695502225931,0.006495694193081488,0.854288078324986,0.007144658914850956,0.6525319977740679,0.019647141403718302,0.8322565155815247,0.0065894839542315975,0.004674164808665666,0.000743095862978176,0.004533771027078166,0.00011233502990159197,0.2768612603346507,0.006851605491498851,0.27242800593376154,0.006211518907811364,0.0055223613764756,0.0002196242953913286
11,test_w16-19,3.5,all,near,kdB4,0.8849236217205302,0.0006333391596058975,0.8041441566499722,0.013320550595515967,0.8067162654424039,0.012164528547553672,0.655731775180857,0.0409529448343655,0.7703306563717307,0.011076227140092675,0.0467050453305989,0.00021488257443243847,0.006264477163801567,0.00027444534396143605,0.4137224654356639,0.009285272577814667,0.2964857717355092,0.004775355827556019,0.0077207123337163334,0.00010646389766532941
11,test_w16-19,3.5,all,near,ls,0.8928362112884445,0.0032526296593082984,0.8189024175013913,0.003961084034752532,0.8332896623539233,0.0077411668885856875,0.6337785197551474,0.03756671590680064,0.783974123539232,0.0023922245872206667,0.06131576159858453,0.0006567349301617319,0.006239484215105566,0.0005360983179158065,0.31804941097895306,0.005042388862612673,0.2753318150838216,0.004747146850129141,0.0072831224880394,0.00034816607465412713
11,test_w16-19,3.5,all,near,teacherA,0.956461212426506,,0.8542479586811351,,0.8692274649415692,,0.5506677796327212,,0.8410283005008347,,0.003420454327464,,0.0031459153746068,,0.1154825016856193,,0.1138367503881454,,0.0014937682164756,
11,test_w16-19,3.5,all,near,teacherA_member,0.9508100570705069,0.0016458008313827602,0.8396965027545908,0.0073332265341124565,0.8391509371452421,0.0077073457430418746,0.5742404006677797,0.01302445820769236,0.8252336173622705,0.006852302851194667,0.01041343341755864,0.000493891487273208,0.0025000132036954,0.0003226945084967974,0.13908515274524685,0.004203993307108926,0.12745937705039972,0.003626855977096314,0.00187860873919274,6.926085165277216e-05
11,test_w16-19,3.5,all,near,teacherB,0.9571245383541096,,0.8230843388981637,,0.810505590984975,,0.5513355592654424,,0.8109632787979966,,0.0107082344071566,,0.0031665697544812,,0.1285415887832641,,0.1126241981983184,,0.0015647764293324,
11,test_w16-19,3.5,ge5,all,direct,0.909194816539591,0.001537592272074851,0.8601065327153418,0.0030577373387449132,0.8790321952815757,0.0015927846932899494,0.6046308187689616,0.012027645038516218,0.8304975700163437,0.0031580734660874655,0.0038679434429145,0.0008224396889408401,0.0031306096134825333,0.0006580285904155193,0.2572762717803319,0.007123683325877823,0.2528590460618337,0.006821120494621164,0.0045207014611849,6.096089247479462e-05
11,test_w16-19,3.5,ge5,all,directTS,0.909194816539591,0.001537592272074851,0.8596106823876818,0.0030637881862499348,0.8797431691688526,0.0015959907327512718,0.607385485882331,0.01181455654161788,0.8299732125070164,0.0031556694672618584,0.0031306096134825333,0.0006580285904155193,,,0.2528590460618337,0.006821120494621164,,,0.0045072826961557,6.084674838252987e-05
11,test_w16-19,3.5,ge5,all,enddA,0.8994020599110021,0.0018441211552619604,0.8078534500622597,0.008053669854610252,0.8743136935138193,0.00168110244543914,0.5822882349656596,0.013726087644202361,0.7736233508349161,0.007327859722057,0.007312612151697766,0.0003511678399038744,0.0044122630479068335,0.00048780703887691025,0.25518605113029474,0.0035216075766464007,0.2545335392157237,0.003750963505321503,0.006215842458707467,9.056788635000125e-05
11,test_w16-19,3.5,ge5,all,kdA,0.9096528625655659,0.0038761372780463555,0.8586260433879819,0.0048158019222159796,0.8794902209426922,0.0022644244851091518,0.5888249855752229,0.008417875963562286,0.828557017993942,0.0053383972281830505,0.0044058700290400335,0.0005909276215631275,0.0040217748002243335,0.0007315850030290747,0.24887667099634803,0.005704187187293493,0.24429942667484283,0.005055779064852806,0.004436831610504833,7.516430886675045e-05
11,test_w16-19,3.5,ge5,all,kdA4,0.8943980280990481,0.0022747539423564594,0.8366309295632753,0.0028381890578022084,0.8585755016472078,0.002490649043649116,0.5831183576227967,0.005742523729610304,0.8028817991911775,0.0025237540526108844,0.0366271815749356,0.0005204807193724589,0.0062446767039642664,0.0004552820463836,0.314652681350708,0.002310038604313428,0.24868845442930854,0.0012873194738345787,0.006026094227446133,4.828890474975549e-05
11,test_w16-19,3.5,ge5,all,kdB,0.9101060442752349,0.0047149487106791475,0.8551566359501752,0.004729024545041906,0.8761450936499658,0.001379028713143636,0.6008859605040296,0.016107051296833604,0.8251649706963073,0.005426190786946962,0.003974082997207234,0.0008840357156903346,0.0038597851347541,0.00021873402958886743,0.2461419403553009,0.007070962561433266,0.24180326859156287,0.006342935356758717,0.004496180004005067,0.00017709656719398805
11,test_w16-19,3.5,ge5,all,kdB4,0.89379068900779,0.0005709305827134742,0.8385424951463492,0.001168756451831313,0.856349335362305,0.001556194104718964,0.5865356338526254,0.014144934953431847,0.8057491576580741,0.0006426544219853919,0.04137785686402113,0.000339901058528775,0.0061502611004273,0.000567401111835103,0.36294950048128766,0.009915043540214509,0.25806962450345355,0.005145993388180851,0.006281167516677833,9.81667836209827e-05
11,test_w16-19,3.5,ge5,all,ls,0.9008813561207756,0.0033693676828293003,0.8584178980143902,0.007724677782831124,0.8744269928258639,0.004667778947461242,0.5758929402348912,0.01471799780657164,0.8252884294533037,0.007104598330492656,0.06228919790222223,0.00046763867241260166,0.004674778401394634,0.0006635154510814302,0.28742505113283795,0.004891370735059379,0.24225155015786484,0.004592320031170381,0.006113949894790867,0.0003101136013686799
11,test_w16-19,3.5,ge5,all,teacherA,0.9613763550051416,,0.8702494110156092,,0.9074545037701122,,0.4307219833603216,,0.8571570113037832,,0.0026770934354765,,0.0025007435969286,,0.0968228131532669,,0.0956223830580711,,0.0011120638355248,
11,test_w16-19,3.5,ge5,all,teacherA_member,0.9558499876335999,0.0017957528814572551,0.8579478705450965,0.012189027100222592,0.888080507464999,0.0047756813809133715,0.4617968619130046,0.017617488614110527,0.8436563773246993,0.01204954151661246,0.00891028651292544,0.0005192939780797851,0.0020552220779303,0.0002525603467207947,0.11919163018465036,0.00436232505725916,0.10914097726345058,0.0037294189582771776,0.00146297235950606,5.770718537309917e-05
11,test_w16-19,3.5,ge5,all,teacherB,0.9619989715062816,,0.8801591700872856,,0.8886370150101123,,0.4095817745267742,,0.8673166631766437,,0.0090715725932315,,0.002945945832157,,0.1092191860079765,,0.0954829007387161,,0.0011946465505223,
11,test_w16-19,3.5,ge5,far,direct,0.909194816539591,0.001537592272074851,0.8568279207992777,0.0024848843875212023,0.880198341282585,0.0017726807176649346,0.6045071215591927,0.011238194066455797,0.8273284910614089,0.0027782341049034133,0.0038679434429145,0.0008224396889408401,0.0031306096134825333,0.0006580285904155193,0.2572762717803319,0.007123683325877823,0.2528590460618337,0.006821120494621164,0.0045207014611849,6.096089247479462e-05
11,test_w16-19,3.5,ge5,far,directTS,0.909194816539591,0.001537592272074851,0.8563209303444365,0.002483051696272508,0.8808248046032391,0.0017758029794428273,0.6072414249090343,0.010783141712562514,0.8267981622082581,0.0027703378904826216,0.0031306096134825333,0.0006580285904155193,,,0.2528590460618337,0.006821120494621164,,,0.0045072826961557,6.084674838252987e-05
11,test_w16-19,3.5,ge5,far,enddA,0.8994020599110021,0.0018441211552619604,0.8185439911004672,0.007837277297978198,0.878478684255367,0.002446687756276864,0.5694901228090381,0.01838959166110947,0.7835415353200578,0.006936979174934666,0.007312612151697766,0.0003511678399038744,0.0044122630479068335,0.00048780703887691025,0.25518605113029474,0.0035216075766464007,0.2545335392157237,0.003750963505321503,0.006215842458707467,9.056788635000125e-05
11,test_w16-19,3.5,ge5,far,kdA,0.9096528625655659,0.0038761372780463555,0.8563495591274561,0.005222796242943579,0.8811396925595498,0.002484654513333993,0.585887411540381,0.005708159239738484,0.8262235287555114,0.005711920377435172,0.0044058700290400335,0.0005909276215631275,0.0040217748002243335,0.0007315850030290747,0.24887667099634803,0.005704187187293493,0.24429942667484283,0.005055779064852806,0.004436831610504833,7.516430886675045e-05
11,test_w16-19,3.5,ge5,far,kdA4,0.8943980280990481,0.0022747539423564594,0.8385045887498603,0.003051163942115185,0.863250228637669,0.0023345044270803045,0.5827606652760537,0.004024552338584834,0.8046306427292365,0.0029396200545984,0.0366271815749356,0.0005204807193724589,0.0062446767039642664,0.0004552820463836,0.314652681350708,0.002310038604313428,0.24868845442930854,0.0012873194738345787,0.006026094227446133,4.828890474975549e-05
11,test_w16-19,3.5,ge5,far,kdB,0.9101060442752349,0.0047149487106791475,0.8521283556555468,0.004599850942111341,0.8782477087399269,0.0016709040530937058,0.5986247435257583,0.019326489822496382,0.8221497185008367,0.0053321115776079255,0.003974082997207234,0.0008840357156903346,0.0038597851347541,0.00021873402958886743,0.2461419403553009,0.007070962561433266,0.24180326859156287,0.006342935356758717,0.004496180004005067,0.00017709656719398805
11,test_w16-19,3.5,ge5,far,kdB4,0.89379068900779,0.0005709305827134742,0.8427884605936825,0.0022533594251713898,0.8628237110179251,0.0013282712524793966,0.5807728566005059,0.015242004710025405,0.8096160335522686,0.0018719348809974835,0.04137785686402113,0.000339901058528775,0.0061502611004273,0.000567401111835103,0.36294950048128766,0.009915043540214509,0.25806962450345355,0.005145993388180851,0.006281167516677833,9.81667836209827e-05
11,test_w16-19,3.5,ge5,far,ls,0.9008813561207756,0.0033693676828293003,0.8639315713340276,0.008440439035663863,0.8801358327545055,0.0044923304463225676,0.5693962777642697,0.013113340068071317,0.8304321602358011,0.007802023452803328,0.06228919790222223,0.00046763867241260166,0.004674778401394634,0.0006635154510814302,0.28742505113283795,0.004891370735059379,0.24225155015786484,0.004592320031170381,0.006113949894790867,0.0003101136013686799
11,test_w16-19,3.5,ge5,far,teacherA,0.9613763550051416,,0.8717446944382832,,0.912375084083744,,0.4199096528159912,,0.8584233476699179,,0.0026770934354765,,0.0025007435969286,,0.0968228131532669,,0.0956223830580711,,0.0011120638355248,
11,test_w16-19,3.5,ge5,far,teacherA_member,0.9558499876335999,0.0017957528814572551,0.8599204567052942,0.014241777565450593,0.8945528793791867,0.006063276077501925,0.4498598722854254,0.02023958913931448,0.8453919110758067,0.01406222534720408,0.00891028651292544,0.0005192939780797851,0.0020552220779303,0.0002525603467207947,0.11919163018465036,0.00436232505725916,0.10914097726345058,0.0037294189582771776,0.00146297235950606,5.770718537309917e-05
11,test_w16-19,3.5,ge5,far,teacherB,0.9619989715062816,,0.8878989404325658,,0.899505408840622,,0.3930358445414176,,0.874714833368521,,0.0090715725932315,,0.002945945832157,,0.1092191860079765,,0.0954829007387161,,0.0011946465505223,
11,test_w16-19,3.5,ge5,near,direct,0.909194816539591,0.001537592272074851,0.8825763249410041,0.007787413761784431,0.8710400757449263,0.0027511686307610654,0.6054785710109337,0.01789467880148699,0.8522166839240325,0.007019840530528375,0.0038679434429145,0.0008224396889408401,0.0031306096134825333,0.0006580285904155193,0.2572762717803319,0.007123683325877823,0.2528590460618337,0.006821120494621164,0.0045207014611849,6.096089247479462e-05
11,test_w16-19,3.5,ge5,near,directTS,0.909194816539591,0.001537592272074851,0.8821568228819209,0.007873191100881506,0.8723302383015272,0.0026831836097739228,0.6083728000935508,0.01894695461011062,0.8517332507017081,0.007079727254807265,0.0031306096134825333,0.0006580285904155193,,,0.2528590460618337,0.006821120494621164,,,0.0045072826961557,6.084674838252987e-05
11,test_w16-19,3.5,ge5,near,enddA,0.8994020599110021,0.0018441211552619604,0.7345863961814808,0.009582793893072185,0.845769151195212,0.004174770556914108,0.669999415307256,0.022248865016188654,0.7056496014731883,0.010034828797936792,0.007312612151697766,0.0003511678399038744,0.0044122630479068335,0.00048780703887691025,0.25518605113029474,0.0035216075766464007,0.2545335392157237,0.003750963505321503,0.006215842458707467,9.056788635000125e-05
11,test_w16-19,3.5,ge5,near,kdA,0.9096528625655659,0.0038761372780463555,0.8742278070759543,0.0024613331519183733,0.8681856550282809,0.0032948424288389904,0.608957492837514,0.02755987563237753,0.8445494622632527,0.0033306984985532473,0.0044058700290400335,0.0005909276215631275,0.0040217748002243335,0.0007315850030290747,0.24887667099634803,0.005704187187293493,0.24429942667484283,0.005055779064852806,0.004436831610504833,7.516430886675045e-05
11,test_w16-19,3.5,ge5,near,kdA4,0.8943980280990481,0.0022747539423564594,0.8237899060746497,0.009443746797344388,0.8265375090831304,0.006550381362727785,0.585569783078992,0.01916171577853954,0.7908961931050064,0.008263440888579169,0.0366271815749356,0.0005204807193724589,0.0062446767039642664,0.0004552820463836,0.314652681350708,0.002310038604313428,0.24868845442930854,0.0012873194738345787,0.006026094227446133,4.828890474975549e-05
11,test_w16-19,3.5,ge5,near,kdB,0.9101060442752349,0.0047149487106791475,0.87591079373505,0.006237431785457878,0.8617349330663115,0.007115959518479767,0.6163830906858446,0.016358366570501496,0.8458298410971734,0.006406066157310947,0.003974082997207234,0.0008840357156903346,0.0038597851347541,0.00021873402958886743,0.2461419403553009,0.007070962561433266,0.24180326859156287,0.006342935356758717,0.004496180004005067,0.00017709656719398805
11,test_w16-19,3.5,ge5,near,kdB4,0.89379068900779,0.0005709305827134742,0.8094429969924303,0.013235517707035063,0.8119775464781518,0.012189099662678234,0.6260305209612348,0.04708376958610509,0.7792477295752763,0.011150695161739941,0.04137785686402113,0.000339901058528775,0.0061502611004273,0.000567401111835103,0.36294950048128766,0.009915043540214509,0.25806962450345355,0.005145993388180851,0.006281167516677833,9.81667836209827e-05
11,test_w16-19,3.5,ge5,near,ls,0.9008813561207756,0.0033693676828293003,0.82063023144568,0.0035144269553609134,0.835301762292287,0.008064737303799254,0.6204174706191896,0.036534443177102804,0.7900361443685219,0.002385745436065827,0.06228919790222223,0.00046763867241260166,0.004674778401394634,0.0006635154510814302,0.28742505113283795,0.004891370735059379,0.24225155015786484,0.004592320031170381,0.006113949894790867,0.0003101136013686799
11,test_w16-19,3.5,ge5,near,teacherA,0.9613763550051416,,0.8600015656816316,,0.8737315685440001,,0.5048237151376952,,0.8484782424335101,,0.0026770934354765,,0.0025007435969286,,0.0968228131532669,,0.0956223830580711,,0.0011120638355248,
11,test_w16-19,3.5,ge5,near,teacherA_member,0.9558499876335999,0.0017957528814572551,0.8444288563093195,0.007758543954162986,0.8437224511160796,0.00816554663528007,0.5436063848447641,0.005838209017674923,0.8317619891548365,0.00730255295344882,0.00891028651292544,0.0005192939780797851,0.0020552220779303,0.0002525603467207947,0.11919163018465036,0.00436232505725916,0.10914097726345058,0.0037294189582771776,0.00146297235950606,5.770718537309917e-05
11,test_w16-19,3.5,ge5,near,teacherB,0.9619989715062816,,0.8271150660624453,,0.8141510564855088,,0.5229784248377478,,0.8166136976176328,,0.0090715725932315,,0.002945945832157,,0.1092191860079765,,0.0954829007387161,,0.0011946465505223,
11,test_w20-23,7.5,all,all,direct,0.8768337359871775,0.0024157838906744187,0.8595616664166666,0.002470184746714233,0.8698721166,0.0008747363106888745,0.6149366666666666,0.0029419438018652875,0.8166489762666668,0.002133477252260785,0.010585001297518567,0.00029981099211079127,0.005031600652312201,0.00022928874662504,0.36102386315663654,0.012993100597587166,0.3530787527561188,0.01224008545449721,0.007868238855017867,5.523589337938797e-05
11,test_w20-23,7.5,all,all,directTS,0.8768337359871775,0.0024157838906744187,0.8590703099833333,0.002465547847444811,0.870729533,0.0009100203571726432,0.6176133333333333,0.0031408013839358175,0.8161254843,0.0021221328728211093,0.005031600652312201,0.00022928874662504,,,0.3530787527561188,0.01224008545449721,,,0.0078543955948554,5.711361268738917e-05
11,test_w20-23,7.5,all,all,enddA,0.8615801681956716,0.004110658360728629,0.7962145988500001,0.009060666044801395,0.8619415013833334,0.002963293806701324,0.7545966666666667,0.005874285772188219,0.7510554463333333,0.008101843810671272,0.006330081473961434,0.0006668676223076832,0.0076847333956261005,0.0003893600465313134,0.3488100469112396,0.007247123579311741,0.34899354974428815,0.007492638286004756,0.010175977378964368,0.00010205751753507614
11,test_w20-23,7.5,all,all,kdA,0.8803168716211872,0.004847430837165943,0.8575084906166667,0.004322235249634249,0.87002917355,0.001213228220354557,0.60209,0.008396683869242616,0.8152817310333335,0.006164244131834528,0.009846012988438168,0.0017136157470134595,0.0041103424039979335,0.0008186436955536714,0.34176089366277057,0.011663305451053317,0.33380442857742304,0.010622315555441552,0.0075359346639811,0.00023667584626185223
11,test_w20-23,7.5,all,all,kdA4,0.8577083435863445,0.002797141489092891,0.8327654110333333,0.001715978665339629,0.8459539966666666,0.002120683760623988,0.6133333333333333,0.0062103247365443,0.7850623995,0.0010483414796789254,0.05054911900262037,0.0016522650771182425,0.009676458574558233,0.0011763801386785392,0.4481604794661204,0.0009379287705454395,0.3481861452261607,0.0022750274281469435,0.010660306830017867,0.0005576573942935696
11,test_w20-23,7.5,all,all,kdB,0.8789292493802132,0.006167905679203991,0.8528280866333334,0.0042285794914838975,0.86510999785,0.0005533454942557214,0.6090166666666667,0.02125049019042462,0.8100735657000001,0.004377204199081192,0.009773230038707401,0.0016210577335827397,0.004106130332897066,0.0005680573930034675,0.34769371151924133,0.019835185350487842,0.3395893673102061,0.01820723207159597,0.007834997692378467,0.0005176969654331592
11,test_w20-23,7.5,all,all,kdB4,0.8571677623329542,0.0020995559635994527,0.8321627962166666,0.002319195523172309,0.8426328380333333,0.0016937458790826647,0.6215633333333334,0.02983080678314512,0.7857950032333334,0.0011377271286590487,0.05612137495788433,0.0009504721987433363,0.0092757544445743,0.0010171762093708586,0.5139529506365458,0.006359217623763146,0.3609095315138499,0.003245552793726471,0.011035788526099535,0.00014417619183678933
11,test_w20-23,7.5,all,all,ls,0.8640521918077707,0.0025873942672641494,0.8501296950166667,0.008726117156630292,0.8612066870833334,0.005967395017139511,0.6031533333333333,0.028288579556657367,0.8022714044666667,0.008390640489562552,0.06290677032418547,0.0012966307284968167,0.008553859152967667,0.0015655318092031032,0.3793030679225921,0.004175172529325739,0.33708928028742474,0.0028257640172191316,0.010539424759893399,0.00012412006613538983
11,test_w20-23,7.5,all,all,teacherA,0.9381175431806652,,0.86290808825,,0.9002175668,,0.48911,,0.8425490855000001,,0.0063548518371582,,0.0037835688814521,,0.153302863240242,,0.1501923501491546,,0.0022256319523311,
11,test_w20-23,7.5,all,all,teacherA_member,0.9322232367488338,0.0029807420348004665,0.85148619914,0.011843170279006228,0.8789138296699999,0.0062190056228469915,0.532024,0.01118703401264159,0.82983180832,0.011689420462193888,0.015236997770115678,0.0008353700983588926,0.00542496723803128,0.00035869705395553665,0.1859246045351028,0.005802827757779096,0.16664456427097318,0.005359980215370673,0.00290992252340434,0.00012556635917826842
11,test_w20-23,7.5,all,all,teacherB,0.9428935088911924,,0.87148673885,,0.8787210427000001,,0.49312,,0.8525569282,,0.0148093485733866,,0.0045644324207306,,0.1742764264345169,,0.1485384404659271,,0.0026235293260746,
11,test_w20-23,7.5,all,far,direct,0.8768337359871775,0.0024157838906744187,0.856905729242461,0.0018772972926598293,0.8727129908681074,0.0013200657370481524,0.6118368116912866,0.007773037172874643,0.8140551676041102,0.001812463059749122,0.010585001297518567,0.00029981099211079127,0.005031600652312201,0.00022928874662504,0.36102386315663654,0.012993100597587166,0.3530787527561188,0.01224008545449721,0.007868238855017867,5.523589337938797e-05
11,test_w20-23,7.5,all,far,directTS,0.8768337359871775,0.0024157838906744187,0.856386673076701,0.001863121622018368,0.8734865613727097,0.0013664656226358364,0.6147319142710848,0.007384758038434186,0.8135129944292374,0.0017952224114892448,0.005031600652312201,0.00022928874662504,,,0.3530787527561188,0.01224008545449721,,,0.0078543955948554,5.711361268738917e-05
11,test_w20-23,7.5,all,far,enddA,0.8615801681956716,0.004110658360728629,0.8086544595166872,0.008922692295216113,0.8674418478415702,0.00339304715701536,0.7470789107946518,0.012889906140305291,0.7623954320517115,0.007667898000548325,0.006330081473961434,0.0006668676223076832,0.0076847333956261005,0.0003893600465313134,0.3488100469112396,0.007247123579311741,0.34899354974428815,0.007492638286004756,0.010175977378964368,0.00010205751753507614
11,test_w20-23,7.5,all,far,kdA,0.8803168716211872,0.004847430837165943,0.8560461760776751,0.004947665215204266,0.8735284514858574,0.0009604265519257509,0.594916631055365,0.009169782883869056,0.8136432406669516,0.00673957679992132,0.009846012988438168,0.0017136157470134595,0.0041103424039979335,0.0008186436955536714,0.34176089366277057,0.011663305451053317,0.33380442857742304,0.010622315555441552,0.0075359346639811,0.00023667584626185223
11,test_w20-23,7.5,all,far,kdA4,0.8577083435863445,0.002797141489092891,0.8361972528286922,0.0015995967768630873,0.8523153175950631,0.002863940365936382,0.6125297883726213,0.0018430347583682592,0.7881941239427294,0.0024461897562129994,0.05054911900262037,0.0016522650771182425,0.009676458574558233,0.0011763801386785392,0.4481604794661204,0.0009379287705454395,0.3481861452261607,0.0022750274281469435,0.010660306830017867,0.0005576573942935696
11,test_w20-23,7.5,all,far,kdB,0.8789292493802132,0.006167905679203991,0.8504205354207331,0.003986527681866742,0.8690359196763029,0.0013834233664055816,0.6039676764876861,0.02350127205340946,0.8075917390634805,0.004260602979294623,0.009773230038707401,0.0016210577335827397,0.004106130332897066,0.0005680573930034675,0.34769371151924133,0.019835185350487842,0.3395893673102061,0.01820723207159597,0.007834997692378467,0.0005176969654331592
11,test_w20-23,7.5,all,far,kdB4,0.8571677623329542,0.0020995559635994527,0.8380828192216333,0.004255605703958319,0.8512229810701871,0.0028361300933970384,0.6160832187996874,0.03712323637842068,0.791084704811183,0.0026598956021673284,0.05612137495788433,0.0009504721987433363,0.0092757544445743,0.0010171762093708586,0.5139529506365458,0.006359217623763146,0.3609095315138499,0.003245552793726471,0.011035788526099535,0.00014417619183678933
11,test_w20-23,7.5,all,far,ls,0.8640521918077707,0.0025873942672641494,0.8568837204378074,0.009341427131244352,0.8685506159600229,0.005929710896118631,0.5967145205563833,0.030908543162702223,0.8084230961813135,0.008901268859161704,0.06290677032418547,0.0012966307284968167,0.008553859152967667,0.0015655318092031032,0.3793030679225921,0.004175172529325739,0.33708928028742474,0.0028257640172191316,0.010539424759893399,0.00012412006613538983
11,test_w20-23,7.5,all,far,teacherA,0.9381175431806652,,0.8662642336255385,,0.9076874188351062,,0.471489784368756,,0.8455171403162284,,0.0063548518371582,,0.0037835688814521,,0.153302863240242,,0.1501923501491546,,0.0022256319523311,
11,test_w20-23,7.5,all,far,teacherA_member,0.9322232367488338,0.0029807420348004665,0.8551816593557626,0.014081112630263487,0.8878969024173337,0.007671078422718207,0.5184066156173845,0.01134004635700399,0.833130446507975,0.013853893607655536,0.015236997770115678,0.0008353700983588926,0.00542496723803128,0.00035869705395553665,0.1859246045351028,0.005802827757779096,0.16664456427097318,0.005359980215370673,0.00290992252340434,0.00012556635917826842
11,test_w20-23,7.5,all,far,teacherB,0.9428935088911924,,0.8815646282757585,,0.8920758098010002,,0.4779691163392351,,0.8621254066040678,,0.0148093485733866,,0.0045644324207306,,0.1742764264345169,,0.1485384404659271,,0.0026235293260746,
11,test_w20-23,7.5,all,near,direct,0.8768337359871775,0.0024157838906744187,0.8767010424585724,0.007803052266586066,0.8515392987751857,0.0036021767034339204,0.6349407468137437,0.03217077310076288,0.8333874226727286,0.006392100924392314,0.010585001297518567,0.00029981099211079127,0.005031600652312201,0.00022928874662504,0.36102386315663654,0.012993100597587166,0.3530787527561188,0.01224008545449721,0.007868238855017867,5.523589337938797e-05
11,test_w20-23,7.5,all,near,directTS,0.8768337359871775,0.0024157838906744187,0.8763884387965518,0.007907669116358077,0.852937792104544,0.0034570085174507824,0.6362077960796005,0.03356710501705521,0.8329844848575191,0.00646542537353704,0.005031600652312201,0.00022928874662504,,,0.3530787527561188,0.01224008545449721,,,0.0078543955948554,5.711361268738917e-05
11,test_w20-23,7.5,all,near,enddA,0.8615801681956716,0.004110658360728629,0.7159373046632381,0.011066597280399184,0.8264464952423541,0.0015987226179595847,0.803110481727162,0.043089044287603344,0.6778758992323173,0.011758409275928408,0.006330081473961434,0.0006668676223076832,0.0076847333956261005,0.0003893600465313134,0.3488100469112396,0.007247123579311741,0.34899354974428815,0.007492638286004756,0.010175977378964368,0.00010205751753507614
11,test_w20-23,7.5,all,near,kdA,0.8803168716211872,0.004847430837165943,0.8669451440957988,0.0013484710813458404,0.8474475247819929,0.0062366948790903865,0.648381406673126,0.012958623289023802,0.8258552878189361,0.003086324544556917,0.009846012988438168,0.0017136157470134595,0.0041103424039979335,0.0008186436955536714,0.34176089366277057,0.011663305451053317,0.33380442857742304,0.010622315555441552,0.0075359346639811,0.00023667584626185223
11,test_w20-23,7.5,all,near,kdA4,0.8577083435863445,0.002797141489092891,0.8106189432560682,0.011698450685317266,0.8049029234056296,0.00474457150222303,0.6185187945641102,0.03552559955951335,0.764852658319048,0.007999225863680758,0.05054911900262037,0.0016522650771182425,0.009676458574558233,0.0011763801386785392,0.4481604794661204,0.0009379287705454395,0.3481861452261607,0.0022750274281469435,0.010660306830017867,0.0005576573942935696
11,test_w20-23,7.5,all,near,kdB,0.8789292493802132,0.006167905679203991,0.8683645706938957,0.005981918276202661,0.8397751175126084,0.007555110451464514,0.6415989664853047,0.034061700463558664,0.8260893662269261,0.005143039578503623,0.009773230038707401,0.0016210577335827397,0.004106130332897066,0.0005680573930034675,0.34769371151924133,0.019835185350487842,0.3395893673102061,0.01820723207159597,0.007834997692378467,0.0005176969654331592
11,test_w20-23,7.5,all,near,kdB4,0.8571677623329542,0.0020995559635994527,0.7939595203845867,0.012859437214820081,0.7871986609028347,0.011257533389983964,0.6569277781918461,0.031691923387323025,0.7516593371593253,0.010798010128552473,0.05612137495788433,0.0009504721987433363,0.0092757544445743,0.0010171762093708586,0.5139529506365458,0.006359217623763146,0.3609095315138499,0.003245552793726471,0.011035788526099535,0.00014417619183678933
11,test_w20-23,7.5,all,near,ls,0.8640521918077707,0.0025873942672641494,0.8065444089587835,0.006168308294920628,0.8138146177734716,0.009248456491523534,0.6447044793918164,0.04441581642343877,0.7625731169411939,0.005503623906522711,0.06290677032418547,0.0012966307284968167,0.008553859152967667,0.0015655318092031032,0.3793030679225921,0.004175172529325739,0.33708928028742474,0.0028257640172191316,0.010539424759893399,0.00012412006613538983
11,test_w20-23,7.5,all,near,teacherA,0.9381175431806652,,0.8412501069538646,,0.8520128862636952,,0.6028173213087874,,0.8233955422225535,,0.0063548518371582,,0.0037835688814521,,0.153302863240242,,0.1501923501491546,,0.0022256319523311,
11,test_w20-23,7.5,all,near,teacherA_member,0.9322232367488338,0.0029807420348004665,0.8276385408064396,0.006090591036377598,0.8209439863605873,0.0076748811716792825,0.6199001267049266,0.027778982753298927,0.8085449341879706,0.00547011425543111,0.015236997770115678,0.0008353700983588926,0.00542496723803128,0.00035869705395553665,0.1859246045351028,0.005802827757779096,0.16664456427097318,0.005359980215370673,0.00290992252340434,0.00012556635917826842
11,test_w20-23,7.5,all,near,teacherB,0.9428935088911924,,0.806451790638742,,0.7925396459715286,,0.5908921517477826,,0.7908093269732429,,0.0148093485733866,,0.0045644324207306,,0.1742764264345169,,0.1485384404659271,,0.0026235293260746,
11,test_w20-23,7.5,ge5,all,direct,0.8836457969355997,0.0028025844957088103,0.8650843229066366,0.0026314784676216203,0.8714889992585847,0.000864421294787156,0.5797206380324363,0.006230612358439566,0.825785467083369,0.002165243337624616,0.010873542236468635,0.00030112838365533353,0.005906102349620734,7.128773370438797e-05,0.3363581895828247,0.012975358977913173,0.32814114292462665,0.012232474966593,0.006645962682330967,7.85395145125501e-05
11,test_w20-23,7.5,ge5,all,directTS,0.8836457969355997,0.0028025844957088103,0.8646925565897651,0.0026332868592384403,0.872488729802067,0.0008666093501075063,0.5815028515416146,0.006461320924425126,0.8253517592852574,0.0021580687295577133,0.005906102349620734,7.128773370438797e-05,,,0.32814114292462665,0.012232474966593,,,0.006626335860468767,8.028681144381013e-05
11,test_w20-23,7.5,ge5,all,enddA,0.8693969724574991,0.004476222691773861,0.7930354551819452,0.009153606061241179,0.8620818569024493,0.00275609642785594,0.7365145844472168,0.004845768525758947,0.7525155684653253,0.008312810654707148,0.0056146210321612,0.0007080724731130907,0.005662875100393233,0.0001885095090282893,0.31610074639320374,0.006734811769887039,0.31578085819880164,0.007029959134972464,0.008701162550018566,0.00010281056309223906
11,test_w20-23,7.5,ge5,all,kdA,0.8870592197835651,0.004892547906680235,0.8630140331432764,0.004510176203030468,0.8720009028369682,0.0015855346120013465,0.5699481672904414,0.00676963827216853,0.8244345541366767,0.006125634750201249,0.009705864924484801,0.001980488054620808,0.004540811471113533,0.0010224805099774818,0.31586928168932593,0.011998370240912147,0.3077427049477895,0.0109083665796719,0.0063142543201167335,0.00025240979886284777
11,test_w20-23,7.5,ge5,all,kdA4,0.8667670131915427,0.0025674270702267755,0.832203298051911,0.0018310640815903069,0.8460666414901445,0.003300960784759941,0.5999636131408542,0.007023451000110858,0.7901673930894327,0.000899051618092535,0.04487568608892317,0.0014955523147357126,0.0079309512549266,0.0008165615054379362,0.4014197587966919,0.0012310993198341312,0.3105281988779704,0.0028124837388426513,0.008799783007303533,0.0005348074479681922
11,test_w20-23,7.5,ge5,all,kdB,0.8857244211082204,0.006293027362006936,0.8582252294170861,0.005487761497691477,0.866896641992945,0.00018649925020198664,0.5799062852729757,0.012597732845666397,0.8190398487740417,0.005222132161949871,0.009965152441788434,0.0015540591131168032,0.00451444363232,0.0007935641887847776,0.32201717297236127,0.020318454339449152,0.31367741028467816,0.018612981956270064,0.006594452737007067,0.00046880038190510537
11,test_w20-23,7.5,ge5,all,kdB4,0.8660101477857728,0.002248618827464576,0.8317838317487721,0.0022772147584199454,0.8426055439638477,0.001246749410389738,0.6136977959959603,0.03038270250794481,0.7909443562323383,0.0010957481048414672,0.04999200260785227,0.0010344895725610938,0.008328827208163267,0.0007995097379610959,0.4639054536819458,0.005650235641303829,0.3230198919773102,0.002736035203898308,0.0091934520975912,0.00014942152359957793
11,test_w20-23,7.5,ge5,all,ls,0.8714560903486719,0.0026090106033595487,0.8512336782148954,0.009875446894706439,0.8604032061126464,0.006297128034091288,0.5976504485237332,0.02976506726149688,0.8081522768453907,0.009641753609404467,0.06388058584211447,0.0014410994842261448,0.006532793941456733,0.0017338162008644336,0.3508669237295787,0.003451186210021271,0.3067435026168823,0.0019448870117278665,0.009082357303666433,6.785022444826429e-05
11,test_w20-23,7.5,ge5,all,teacherA,0.9425856638486684,,0.8635079900606353,,0.901036449741394,,0.4837595793976118,,0.8447963405378176,,0.0057210025823163,,0.0035873510163956,,0.1389411389827728,,0.1360523402690887,,0.0018941396776831,
11,test_w20-23,7.5,ge5,all,teacherA_member,0.9365490135712662,0.0029007113415614036,0.8513799159756947,0.014412086603477155,0.879160626824169,0.006680370186789694,0.5186196756371413,0.012348428154439253,0.8314357358293801,0.014135431794025046,0.014428486741211822,0.0008293579232938175,0.00574175565961918,0.00041068185708823364,0.17072980403900145,0.006158216018555121,0.1520965307950973,0.00559417485760855,0.0025275876464806,0.00011510288553982082
11,test_w20-23,7.5,ge5,all,teacherB,0.9471870518267004,,0.8711954073418937,,0.8792335797170768,,0.4904985742291926,,0.8539706438388733,,0.0137051359228886,,0.0053591007779276,,0.1591757833957672,,0.1345091760158538,,0.0022791390395082,
11,test_w20-23,7.5,ge5,far,direct,0.8836457969355997,0.0028025844957088103,0.8613264411400858,0.002209185682829874,0.8735669071882702,0.0012650177693260386,0.5774750911089758,0.006223785462246756,0.8221650952716644,0.0019691003029296507,0.010873542236468635,0.00030112838365533353,0.005906102349620734,7.128773370438797e-05,0.3363581895828247,0.012975358977913173,0.32814114292462665,0.012232474966593,0.006645962682330967,7.85395145125501e-05
11,test_w20-23,7.5,ge5,far,directTS,0.8836457969355997,0.0028025844957088103,0.8609198800707297,0.002207397440666944,0.8744763730702023,0.0012772849930555304,0.5792020498437513,0.006546342580628147,0.8217223994000338,0.0019600936736112193,0.005906102349620734,7.128773370438797e-05,,,0.32814114292462665,0.012232474966593,,,0.006626335860468767,8.028681144381013e-05
11,test_w20-23,7.5,ge5,far,enddA,0.8693969724574991,0.004476222691773861,0.805678153982424,0.00883525907800795,0.8674580650528227,0.003311243372567949,0.7268808268626484,0.012328877635150611,0.764173042221636,0.0077250650058575685,0.0056146210321612,0.0007080724731130907,0.005662875100393233,0.0001885095090282893,0.31610074639320374,0.006734811769887039,0.31578085819880164,0.007029959134972464,0.008701162550018566,0.00010281056309223906
11,test_w20-23,7.5,ge5,far,kdA,0.8870592197835651,0.004892547906680235,0.8605910543106444,0.005222725461415898,0.8749100985860099,0.001205628887105185,0.5641701508816578,0.005210826809975712,0.8218977597160282,0.006753029832357277,0.009705864924484801,0.001980488054620808,0.004540811471113533,0.0010224805099774818,0.31586928168932593,0.011998370240912147,0.3077427049477895,0.0109083665796719,0.0063142543201167335,0.00025240979886284777
11,test_w20-23,7.5,ge5,far,kdA4,0.8667670131915427,0.0025674270702267755,0.8350077235873199,0.0019521927493463703,0.8522021682208418,0.0041334597109126915,0.6006483669635824,0.007571202837601527,0.7927987519019349,0.002424445904643587,0.04487568608892317,0.0014955523147357126,0.0079309512549266,0.0008165615054379362,0.4014197587966919,0.0012310993198341312,0.3105281988779704,0.0028124837388426513,0.008799783007303533,0.0005348074479681922
11,test_w20-23,7.5,ge5,far,kdB,0.8857244211082204,0.006293027362006936,0.8547187000296321,0.0054557782423794625,0.8701951727731215,0.001076219004022577,0.5757914145480042,0.01338482732737688,0.8155217611925094,0.005314282387546233,0.009965152441788434,0.0015540591131168032,0.00451444363232,0.0007935641887847776,0.32201717297236127,0.020318454339449152,0.31367741028467816,0.018612981956270064,0.006594452737007067,0.00046880038190510537
11,test_w20-23,7.5,ge5,far,kdB4,0.8660101477857728,0.002248618827464576,0.8372753235727174,0.0043369131366611455,0.8510641383916432,0.0021831515818,0.6096597155495537,0.03751748084186771,0.7959495997777858,0.0027814509528911865,0.04999200260785227,0.0010344895725610938,0.008328827208163267,0.0007995097379610959,0.4639054536819458,0.005650235641303829,0.3230198919773102,0.002736035203898308,0.0091934520975912,0.00014942152359957793
11,test_w20-23,7.5,ge5,far,ls,0.8714560903486719,0.0026090106033595487,0.8584479056766184,0.010659522079007232,0.8678921999043719,0.00634489158251167,0.5910873347703015,0.03365258375353034,0.8147489899893996,0.010300035953362988,0.06388058584211447,0.0014410994842261448,0.006532793941456733,0.0017338162008644336,0.3508669237295787,0.003451186210021271,0.3067435026168823,0.0019448870117278665,0.009082357303666433,6.785022444826429e-05
11,test_w20-23,7.5,ge5,far,teacherA,0.9425856638486684,,0.866387839533959,,0.9084929105432864,,0.4685901264705118,,0.847301715511247,,0.0057210025823163,,0.0035873510163956,,0.1389411389827728,,0.1360523402690887,,0.0018941396776831,
11,test_w20-23,7.5,ge5,far,teacherA_member,0.9365490135712662,0.0029007113415614036,0.854653579213171,0.017198086801893612,0.888153853205017,0.008295923764246668,0.5036175240865297,0.012912783160766444,0.8343215655624794,0.016831423513343623,0.014428486741211822,0.0008293579232938175,0.00574175565961918,0.00041068185708823364,0.17072980403900145,0.006158216018555121,0.1520965307950973,0.00559417485760855,0.0025275876464806,0.00011510288553982082
11,test_w20-23,7.5,ge5,far,teacherB,0.9471870518267004,,0.8814047737975814,,0.8930867756743855,,0.4757316851481549,,0.8636910538541788,,0.0137051359228886,,0.0053591007779276,,0.1591757833957672,,0.1345091760158538,,0.0022791390395082,
11,test_w20-23,7.5,ge5,near,direct,0.8836457969355997,0.0028025844957088103,0.8877617642457015,0.007991069660746912,0.8589495852719994,0.003509974967161628,0.5932716920022985,0.018630723274576832,0.8476330861639686,0.00661838643119397,0.010873542236468635,0.00030112838365533353,0.005906102349620734,7.128773370438797e-05,0.3363581895828247,0.012975358977913173,0.32814114292462665,0.012232474966593,0.006645962682330967,7.85395145125501e-05
11,test_w20-23,7.5,ge5,near,directTS,0.8836457969355997,0.0028025844957088103,0.8874592788462289,0.008092958992474532,0.8604940300173806,0.0033522908543507416,0.595387347855613,0.01979213905697321,0.8472536181005386,0.006693693771425476,0.005906102349620734,7.128773370438797e-05,,,0.32814114292462665,0.012232474966593,,,0.006626335860468767,8.028681144381013e-05
11,test_w20-23,7.5,ge5,near,enddA,0.8693969724574991,0.004476222691773861,0.716741394265155,0.012648631935673215,0.8296384080313581,0.002310761293103836,0.7946507861881628,0.04076293853209344,0.6821669801665852,0.013078088278161393,0.0056146210321612,0.0007080724731130907,0.005662875100393233,0.0001885095090282893,0.31610074639320374,0.006734811769887039,0.31578085819880164,0.007029959134972464,0.008701162550018566,0.00010281056309223906
11,test_w20-23,7.5,ge5,near,kdA,0.8870592197835651,0.004892547906680235,0.8776358237573119,0.0010478045322227603,0.8544449710538077,0.006233494523403124,0.6048163819672987,0.01677152159471227,0.8397431801758412,0.0029597169748092015,0.009705864924484801,0.001980488054620808,0.004540811471113533,0.0010224805099774818,0.31586928168932593,0.011998370240912147,0.3077427049477895,0.0109083665796719,0.0063142543201167335,0.00025240979886284777
11,test_w20-23,7.5,ge5,near,kdA4,0.8667670131915427,0.0025674270702267755,0.8152796161694482,0.011806971048004235,0.8090409828443278,0.005281119488697186,0.5958313743927284,0.039581770422892015,0.774288105549389,0.008485887859527929,0.04487568608892317,0.0014955523147357126,0.0079309512549266,0.0008165615054379362,0.4014197587966919,0.0012310993198341312,0.3105281988779704,0.0028124837388426513,0.008799783007303533,0.0005348074479681922
11,test_w20-23,7.5,ge5,near,kdB,0.8857244211082204,0.006293027362006936,0.8793858511257041,0.0057262295074353925,0.8469912157662948,0.007584024497721616,0.604738024343102,0.032563823464580886,0.84027021995443,0.00469555555172187,0.009965152441788434,0.0015540591131168032,0.00451444363232,0.0007935641887847776,0.32201717297236127,0.020318454339449152,0.31367741028467816,0.018612981956270064,0.006594452737007067,0.00046880038190510537
11,test_w20-23,7.5,ge5,near,kdB4,0.8660101477857728,0.002248618827464576,0.7986446880934427,0.012858068497090976,0.7915610218464492,0.0115243210788584,0.6380661338348221,0.040949112641504595,0.7607395430048586,0.010977582943957079,0.04999200260785227,0.0010344895725610938,0.008328827208163267,0.0007995097379610959,0.4639054536819458,0.005650235641303829,0.3230198919773102,0.002736035203898308,0.0091934520975912,0.00014942152359957793
11,test_w20-23,7.5,ge5,near,ls,0.8714560903486719,0.0026090106033595487,0.8076984553864098,0.006054770463454432,0.8152098690278676,0.009336732145589588,0.6372564383847882,0.0372264144673615,0.7683435269572297,0.005862210107529098,0.06388058584211447,0.0014410994842261448,0.006532793941456733,0.0017338162008644336,0.3508669237295787,0.003451186210021271,0.3067435026168823,0.0019448870117278665,0.009082357303666433,6.785022444826429e-05
11,test_w20-23,7.5,ge5,near,teacherA,0.9425856638486684,,0.8461291523127474,,0.8560394373454598,,0.5753016768531578,,0.8296773193652989,,0.0057210025823163,,0.0035873510163956,,0.1389411389827728,,0.1360523402690887,,0.0018941396776831,
11,test_w20-23,7.5,ge5,near,teacherA_member,0.9365490135712662,0.0029007113415614036,0.8316245562694584,0.006429567916025017,0.8248897965080244,0.008216268926818588,0.6091521705061902,0.02513973437104586,0.8140208094021034,0.0058505719132207305,0.014428486741211822,0.0008293579232938175,0.00574175565961918,0.00041068185708823364,0.17072980403900145,0.006158216018555121,0.1520965307950973,0.00559417485760855,0.0025275876464806,0.00011510288553982082
11,test_w20-23,7.5,ge5,near,teacherB,0.9471870518267004,,0.8095856166963582,,0.7956346114161693,,0.5796113461839837,,0.7953115263871628,,0.0137051359228886,,0.0053591007779276,,0.1591757833957672,,0.1345091760158538,,0.0022791390395082,
11,test_w24-27,11.5,all,all,direct,0.8451130926522747,0.00320603015059533,0.8479048689,0.00400608955109167,0.8570193137,0.000913643903788003,0.6162833333333334,0.008108818245178142,0.7985624862999999,0.002872127109926776,0.016825964007154064,0.0013314345302199832,0.010837969994346266,0.0010728389391117216,0.4379584590593973,0.012165742969368143,0.4263066351413726,0.011545732931153794,0.0100776115463566,0.00018341284476515584
11,test_w24-27,11.5,all,all,directTS,0.8451130926522747,0.00320603015059533,0.8474052818166667,0.004004029313982874,0.8579693761833332,0.0009951130833390448,0.61964,0.0073983173762687815,0.7980334867000001,0.002862017368309435,0.010837969994346266,0.0010728389391117216,,,0.4263066351413726,0.011545732931153794,,,0.010058095795961,0.00017952949389819054
11,test_w24-27,11.5,all,all,enddA,0.8378046524698002,0.0035198581661060476,0.7617434111666667,0.006227606291752427,0.8448330221166667,0.0020404375096899604,0.8253966666666667,0.008740808505700942,0.7149178522333334,0.0051174029259137555,0.008254497932419133,0.0027833479589023644,0.008283125262632899,0.0003420801766334299,0.39459030826886493,0.005825176914656992,0.3949473003546397,0.00585766186350165,0.012298420162233899,0.0002752744028097749
11,test_w24-27,11.5,all,all,kdA,0.8483295550218283,0.005769629328665489,0.8456583749500001,0.0041053157594201735,0.8573058753666666,0.002141189016342067,0.6009,0.006916986337994365,0.7962965190999999,0.005947282724055376,0.0163416645910094,0.0016021873861681091,0.009538809886549865,0.001048960271553458,0.42038068175315857,0.017889517196705586,0.40808022022247314,0.01638247885242939,0.0101185124216033,0.0002716651106798581
11,test_w24-27,11.5,all,all,kdA4,0.8287093307280443,0.0041939782077637325,0.8156734471166667,0.0009031988441145155,0.8311968293333334,0.0015838153324610456,0.6319466666666667,0.008977228599814856,0.7637045307000001,0.0014639174680709979,0.05683051378707086,0.0019894913597605455,0.012183614252954666,0.0014065746878579662,0.5188048680623373,0.008750330147032269,0.39433536926905316,0.00753884989712881,0.013348820035081532,0.0006286008367816893
11,test_w24-27,11.5,all,all,kdB,0.8440790998401345,0.008071794866191492,0.8394125968166666,0.0035820319111836245,0.84978384465,0.002660050668928297,0.6154966666666667,0.010941523355243284,0.7888389696666667,0.005181807348498166,0.016596081364850166,0.0034361730566269343,0.0096545445486158,0.002968321833428318,0.43154457211494446,0.031389592312309034,0.4189712901910146,0.028901532746021124,0.0105789241879171,0.0010484664564257497
11,test_w24-27,11.5,all,all,kdB4,0.8337385706176131,0.0019437174615242877,0.8145688484666667,0.0016402393550079269,0.8282568563166667,0.003360722432983363,0.6408066666666666,0.013157295821457131,0.7644292855333333,0.0012687650840828703,0.0607022175697485,0.0015166388725980893,0.011444285645882233,0.0007663801861220418,0.5876731872558594,0.01769556438371997,0.40427324175834656,0.009418136415188965,0.0135843117988758,0.00042164783078307307
11,test_w24-27,11.5,all,all,ls,0.8353349610191142,0.00047693321689707313,0.8278864986333333,0.009272618519178502,0.8449949859833333,0.0028931673288944467,0.6454066666666667,0.02442951561806611,0.7767740327666667,0.008699344148829943,0.06746176904654747,0.0027588554433254225,0.010432721564819366,0.0013534011218514464,0.4297111928462982,0.003456464256153625,0.3876102368036905,0.0007950754372407248,0.012638728023219832,0.00035599630150273003
11,test_w24-27,11.5,all,all,teacherA,0.9004448453955963,,0.8409539461,,0.8798521238,,0.59042,,0.8135831533,,0.0114624673506617,,0.0082636851167678,,0.2288418412208557,,0.2226983159780502,,0.0040978666248826,
11,test_w24-27,11.5,all,all,teacherA_member,0.8921216715248453,0.005230769410293992,0.82963810003,0.010061137898955729,0.85839520196,0.00636592110271195,0.6127900000000001,0.018014248527207604,0.79965268444,0.00985268105771726,0.02642098666569586,0.0007016260742775714,0.01360284734992678,0.0006288068775986355,0.2823255181312561,0.0046831403720190975,0.24615633487701416,0.004404849547139323,0.00534652496401982,0.00026353315660635986
11,test_w24-27,11.5,all,all,teacherB,0.8998329162599484,,0.8462048275999999,,0.8549357997,,0.59724,,0.8172997946,,0.0268443495047092,,0.0128490339950472,,0.2867642641067505,,0.235501080751419,,0.0053519393345048,
11,test_w24-27,11.5,all,far,direct,0.8451130926522747,0.00320603015059533,0.8448647745868855,0.0036447042470424593,0.8591674138916189,0.001933925448624715,0.6104838525358262,0.010882332578986369,0.7955295133667025,0.0026480827207787873,0.016825964007154064,0.0013314345302199832,0.010837969994346266,0.0010728389391117216,0.4379584590593973,0.012165742969368143,0.4263066351413726,0.011545732931153794,0.0100776115463566,0.00018341284476515584
11,test_w24-27,11.5,all,far,directTS,0.8451130926522747,0.00320603015059533,0.8443431330994446,0.003625292925371342,0.8600405591807038,0.0020287965794947007,0.6141331261094477,0.01046436815953601,0.7949884180513336,0.002626839937007262,0.010837969994346266,0.0010728389391117216,,,0.4263066351413726,0.011545732931153794,,,0.010058095795961,0.00017952949389819054
11,test_w24-27,11.5,all,far,enddA,0.8378046524698002,0.0035198581661060476,0.7699690686352936,0.005869683277664076,0.8481025028950396,0.002651325717624142,0.8220083956147769,0.01352127688971552,0.722341572120769,0.004570784735801602,0.008254497932419133,0.0027833479589023644,0.008283125262632899,0.0003420801766334299,0.39459030826886493,0.005825176914656992,0.3949473003546397,0.00585766186350165,0.012298420162233899,0.0002752744028097749
11,test_w24-27,11.5,all,far,kdA,0.8483295550218283,0.005769629328665489,0.8433139666041948,0.00478906164412554,0.8599757251121828,0.0016790770142342919,0.5915784822374085,0.007698753437223934,0.7937904047722442,0.006577870246531756,0.0163416645910094,0.0016021873861681091,0.009538809886549865,0.001048960271553458,0.42038068175315857,0.017889517196705586,0.40808022022247314,0.01638247885242939,0.0101185124216033,0.0002716651106798581
11,test_w24-27,11.5,all,far,kdA4,0.8287093307280443,0.0041939782077637325,0.8173940910908967,0.0007014567700746379,0.8360826763688586,0.00252850995701344,0.6309281649258337,0.008450097629747327,0.7652161361887567,0.002399640183035594,0.05683051378707086,0.0019894913597605455,0.012183614252954666,0.0014065746878579662,0.5188048680623373,0.008750330147032269,0.39433536926905316,0.00753884989712881,0.013348820035081532,0.0006286008367816893
11,test_w24-27,11.5,all,far,kdB,0.8440790998401345,0.008071794866191492,0.8364261580920166,0.0032171812326853497,0.8527550300360357,0.002932207261309876,0.6091353735743835,0.015539623350225133,0.7857892229485216,0.0049387441935130234,0.016596081364850166,0.0034361730566269343,0.0096545445486158,0.002968321833428318,0.43154457211494446,0.031389592312309034,0.4189712901910146,0.028901532746021124,0.0105789241879171,0.0010484664564257497
11,test_w24-27,11.5,all,far,kdB4,0.8337385706176131,0.0019437174615242877,0.81930376490374,0.003973281025559703,0.8358633884724095,0.004204283762824944,0.6336936895755719,0.018987602164448173,0.7684393031334995,0.002705657319751964,0.0607022175697485,0.0015166388725980893,0.011444285645882233,0.0007663801861220418,0.5876731872558594,0.01769556438371997,0.40427324175834656,0.009418136415188965,0.0135843117988758,0.00042164783078307307
11,test_w24-27,11.5,all,far,ls,0.8353349610191142,0.00047693321689707313,0.8322756010254535,0.010040973317288858,0.8501611283797682,0.0037683069248283315,0.6372210667458993,0.02690924064252192,0.7806120157855841,0.009309583238700816,0.06746176904654747,0.0027588554433254225,0.010432721564819366,0.0013534011218514464,0.4297111928462982,0.003456464256153625,0.3876102368036905,0.0007950754372407248,0.012638728023219832,0.00035599630150273003
11,test_w24-27,11.5,all,far,teacherA,0.9004448453955963,,0.8431924347473316,,0.8855782828606039,,0.5742006262427719,,0.8153139187027176,,0.0114624673506617,,0.0082636851167678,,0.2288418412208557,,0.2226983159780502,,0.0040978666248826,
11,test_w24-27,11.5,all,far,teacherA_member,0.8921216715248453,0.005230769410293992,0.8322133406394989,0.011552711784148339,0.8656581487669417,0.007278825437693878,0.6011702054716248,0.019353767557384438,0.8017264672136768,0.011277918183502952,0.02642098666569586,0.0007016260742775714,0.01360284734992678,0.0006288068775986355,0.2823255181312561,0.0046831403720190975,0.24615633487701416,0.004404849547139323,0.00534652496401982,0.00026353315660635986
11,test_w24-27,11.5,all,far,teacherB,0.8998329162599484,,0.854496046099696,,0.8659040221813361,,0.5884167942769639,,0.8249273928644891,,0.0268443495047092,,0.0128490339950472,,0.2867642641067505,,0.235501080751419,,0.0053519393345048,
11,test_w24-27,11.5,all,near,direct,0.8451130926522747,0.00320603015059533,0.8691972086601569,0.006937281663980625,0.8419743596926524,0.00692150274017538,0.6569019796168828,0.03101737426147658,0.8198049490422069,0.005454189944210361,0.016825964007154064,0.0013314345302199832,0.010837969994346266,0.0010728389391117216,0.4379584590593973,0.012165742969368143,0.4263066351413726,0.011545732931153794,0.0100776115463566,0.00018341284476515584
11,test_w24-27,11.5,all,near,directTS,0.8451130926522747,0.00320603015059533,0.8688520871351582,0.007066131834702041,0.8434631380395924,0.006801624934068369,0.6582092737847499,0.031030796080216128,0.8193606659196414,0.005539229618588057,0.010837969994346266,0.0010728389391117216,,,0.4263066351413726,0.011545732931153794,,,0.010058095795961,0.00017952949389819054
11,test_w24-27,11.5,all,near,enddA,0.8378046524698002,0.0035198581661060476,0.704132207192786,0.009028815040968445,0.8219340958326663,0.004309392295305625,0.8491275812389948,0.034873612400824094,0.6629232922469451,0.009175056408012958,0.008254497932419133,0.0027833479589023644,0.008283125262632899,0.0003420801766334299,0.39459030826886493,0.005825176914656992,0.3949473003546397,0.00585766186350165,0.012298420162233899,0.0002752744028097749
11,test_w24-27,11.5,all,near,kdA,0.8483295550218283,0.005769629328665489,0.8620782402219732,0.0011866325384047368,0.8386066700016007,0.006584503498086318,0.6661864361560216,0.03878654930863765,0.8138489474947974,0.0018257055344049363,0.0163416645910094,0.0016021873861681091,0.009538809886549865,0.001048960271553458,0.42038068175315857,0.017889517196705586,0.40808022022247314,0.01638247885242939,0.0101185124216033,0.0002716651106798581
11,test_w24-27,11.5,all,near,kdA4,0.8287093307280443,0.0041939782077637325,0.8036223288511818,0.010589963835787449,0.7969771294221225,0.005076691578492112,0.6390800917773864,0.017332029523366523,0.7531174849260979,0.007231531301411546,0.05683051378707086,0.0019894913597605455,0.012183614252954666,0.0014065746878579662,0.5188048680623373,0.008750330147032269,0.39433536926905316,0.00753884989712881,0.013348820035081532,0.0006286008367816893
11,test_w24-27,11.5,all,near,kdB,0.8440790998401345,0.008071794866191492,0.8603291413211674,0.006593828072192883,0.8289741321167493,0.008634912958933452,0.6600501574088896,0.026362343360047755,0.8101989133450723,0.0068841837097474885,0.016596081364850166,0.0034361730566269343,0.0096545445486158,0.002968321833428318,0.43154457211494446,0.031389592312309034,0.4189712901910146,0.028901532746021124,0.0105789241879171,0.0010484664564257497
11,test_w24-27,11.5,all,near,kdB4,0.8337385706176131,0.0019437174615242877,0.7814062425964462,0.018407578617770384,0.7749819081158957,0.015084241995923899,0.6906248332532949,0.049644233637323114,0.7363437564697722,0.014959609165722624,0.0607022175697485,0.0015166388725980893,0.011444285645882233,0.0007663801861220418,0.5876731872558594,0.01769556438371997,0.40427324175834656,0.009418136415188965,0.0135843117988758,0.00042164783078307307
11,test_w24-27,11.5,all,near,ls,0.8353349610191142,0.00047693321689707313,0.7971459196414279,0.0039831511468529,0.8088121416946801,0.0046115956151196735,0.7027373139106771,0.03681662848861911,0.7498934067018835,0.004547705211338922,0.06746176904654747,0.0027588554433254225,0.010432721564819366,0.0013534011218514464,0.4297111928462982,0.003456464256153625,0.3876102368036905,0.0007950754372407248,0.012638728023219832,0.00035599630150273003
11,test_w24-27,11.5,all,near,teacherA,0.9004448453955963,,0.8252759256443093,,0.8397470113654554,,0.7040179286057308,,0.801461146150152,,0.0114624673506617,,0.0082636851167678,,0.2288418412208557,,0.2226983159780502,,0.0040978666248826,
11,test_w24-27,11.5,all,near,teacherA_member,0.8921216715248453,0.005230769410293992,0.8116015220906035,0.006934886368822943,0.807526671202177,0.006483278818249028,0.694173203137506,0.01764107387563978,0.7851282378741796,0.00698897984229432,0.02642098666569586,0.0007016260742775714,0.01360284734992678,0.0006288068775986355,0.2823255181312561,0.0046831403720190975,0.24615633487701416,0.004404849547139323,0.00534652496401982,0.00026353315660635986
11,test_w24-27,11.5,all,near,teacherB,0.8998329162599484,,0.788134444533376,,0.7781161041299823,,0.6590363374419721,,0.7638773027052985,,0.0268443495047092,,0.0128490339950472,,0.2867642641067505,,0.235501080751419,,0.0053519393345048,
11,test_w24-27,11.5,ge5,all,direct,0.8500667325730594,0.003523966142108925,0.8514161494076724,0.004223263781299413,0.8561373581518633,0.0011984490158762227,0.5977691385116946,0.008125896991829194,0.805564686209418,0.0029893683731810573,0.0170275302928828,0.0016595579951822989,0.011664426302185935,0.0014329765863148947,0.4089321494102478,0.013028531008029117,0.3974715769290924,0.012346900036959107,0.0088569321372366,0.00017947732567476297
11,test_w24-27,11.5,ge5,all,directTS,0.8500667325730594,0.003523966142108925,0.8510232783870771,0.004220969686403264,0.8572367549003087,0.0012563996343130897,0.5987716894468518,0.008110367205943523,0.8051218620024075,0.0029780041768753054,0.011664426302185935,0.0014329765863148947,,,0.3974715769290924,0.012346900036959107,,,0.008829546843165899,0.000175044535635017
11,test_w24-27,11.5,ge5,all,enddA,0.8433616230091517,0.003510724426270208,0.7561072085256231,0.005746490413393864,0.8423669502131966,0.002133279038497549,0.8248432121731962,0.007474001428441746,0.7136903117800729,0.0050991779237701635,0.0079143664904711,0.0022180412999896573,0.006843595539531734,0.0009799364212198275,0.36026860276858014,0.005442712937435066,0.35983574390411377,0.005567236121699442,0.010837042263645432,0.00023261123633423213
11,test_w24-27,11.5,ge5,all,kdA,0.8532408194904102,0.006026996398535202,0.8488663914481038,0.004423696175609003,0.856846266797964,0.0022461962661526023,0.5848696498126715,0.003748990654807073,0.80303464086861,0.006220730171077044,0.0161943323184054,0.0018149363738395286,0.0099955866096241,0.001492712390952249,0.39194774627685547,0.019594460059054207,0.3799005051453908,0.017945897685278572,0.008923912140687534,0.0002979504936154608
11,test_w24-27,11.5,ge5,all,kdA4,0.835597625992632,0.004274456936886457,0.812810009341001,0.0010541224848874902,0.8292922113065645,0.0015807283206220324,0.6325799348713207,0.011389820661245739,0.7660764112970876,0.0012545041759873701,0.05208432061275964,0.0022204701818243962,0.011540844083692867,0.0017536559534110832,0.47247379024823505,0.009563949299172253,0.3582061032454173,0.007983613049485989,0.011586626181464067,0.000596636488893809
11,test_w24-27,11.5,ge5,all,kdB,0.8491025837070199,0.008245584387728416,0.8423515770538023,0.0047545774868430505,0.8488579816251788,0.0019461672417983556,0.6013151983008619,0.004613904280787983,0.7952825933881256,0.006099175733820556,0.016543980273160966,0.003560150030361821,0.0101910096287174,0.0032253372453027516,0.4031286835670471,0.03402686679188639,0.3907438814640045,0.03134494425931594,0.009344422355851667,0.0010099373516849746
11,test_w24-27,11.5,ge5,all,kdB4,0.8402737639882171,0.0018076895238189096,0.8116823611222866,0.0018054650912250508,0.8257068447715755,0.0033649071453601244,0.6429916119905092,0.021111494685889954,0.7668581021958479,0.0012846262759027875,0.055558908004976336,0.0015275133911431954,0.010269178364850166,0.0003662855836414175,0.5360512932141622,0.016115070194165918,0.36701127886772156,0.008634488327707312,0.011829743921334101,0.0003970003615728808
11,test_w24-27,11.5,ge5,all,ls,0.8407585074849541,0.0005351395685376032,0.8275108166120422,0.010109230676122969,0.842300718332206,0.002600721891802877,0.6473174336181321,0.01880807581545663,0.7808792479880005,0.00962386089387238,0.06854889426110262,0.0028658381481211853,0.008289924185563633,0.001336686478113098,0.4004143377145131,0.003292073888263841,0.35428176323572796,0.0007128264730375042,0.011219545140517298,0.00038509271566331736
11,test_w24-27,11.5,ge5,all,teacherA,0.904162951570579,,0.8403766483228038,,0.8785072219925791,,0.5710418732107251,,0.8151746922205474,,0.0098834378803355,,0.0069215311727478,,0.209129124879837,,0.2037028968334198,,0.0035439573707588,
11,test_w24-27,11.5,ge5,all,teacherA_member,0.8956047293067672,0.0053155828175922085,0.8283874688699282,0.012518156660498785,0.8561842727209289,0.006953053109063097,0.598050595403861,0.017217678105232594,0.8005932599871443,0.012176152082118318,0.02497539888006556,0.0006623573128538513,0.01328977565795906,0.0005801063147725778,0.262710565328598,0.004806147915376869,0.22868432998657223,0.0044953554125083195,0.0047479185524749,0.00024223156680595168
11,test_w24-27,11.5,ge5,all,teacherB,0.9030644952713822,,0.8448649862758058,,0.8527575096799657,,0.5807554778269152,,0.8181149563263919,,0.025443597995468,,0.0128921292832042,,0.2661692500114441,,0.2181029915809631,,0.0047495426965871,
11,test_w24-27,11.5,ge5,far,direct,0.8500667325730594,0.003523966142108925,0.8469358176589524,0.0038194369566167626,0.8572874007517228,0.0022202731024917846,0.5928306381811793,0.010128674229649288,0.8012362695555405,0.002769151796452375,0.0170275302928828,0.0016595579951822989,0.011664426302185935,0.0014329765863148947,0.4089321494102478,0.013028531008029117,0.3974715769290924,0.012346900036959107,0.0088569321372366,0.00017947732567476297
11,test_w24-27,11.5,ge5,far,directTS,0.8500667325730594,0.003523966142108925,0.8465309916136913,0.003799924519465504,0.8583014253427649,0.0022847801366552936,0.5939918245623056,0.009969387207640458,0.800788213271896,0.0027469039845749426,0.011664426302185935,0.0014329765863148947,,,0.3974715769290924,0.012346900036959107,,,0.008829546843165899,0.000175044535635017
11,test_w24-27,11.5,ge5,far,enddA,0.8433616230091517,0.003510724426270208,0.7639418260025334,0.005149558662854051,0.8451500121168442,0.0030257790331062228,0.8213272660273714,0.013423494958294964,0.7208583000561725,0.004368597881014316,0.0079143664904711,0.0022180412999896573,0.006843595539531734,0.0009799364212198275,0.36026860276858014,0.005442712937435066,0.35983574390411377,0.005567236121699442,0.010837042263645432,0.00023261123633423213
11,test_w24-27,11.5,ge5,far,kdA,0.8532408194904102,0.006026996398535202,0.8452159317416176,0.0051996147332485105,0.8586814640411636,0.0017608913442143086,0.5785150525747487,0.002286035112790899,0.7993501917779767,0.006920246227096273,0.0161943323184054,0.0018149363738395286,0.0099955866096241,0.001492712390952249,0.39194774627685547,0.019594460059054207,0.3799005051453908,0.017945897685278572,0.008923912140687534,0.0002979504936154608
11,test_w24-27,11.5,ge5,far,kdA4,0.835597625992632,0.004274456936886457,0.8134695361063882,0.0007760228991176246,0.8336092506774975,0.002546068332424909,0.6342905622541584,0.011797483000107658,0.7667239604065245,0.0022679027001888527,0.05208432061275964,0.0022204701818243962,0.011540844083692867,0.0017536559534110832,0.47247379024823505,0.009563949299172253,0.3582061032454173,0.007983613049485989,0.011586626181464067,0.000596636488893809
11,test_w24-27,11.5,ge5,far,kdB,0.8491025837070199,0.008245584387728416,0.8379321895133472,0.004516396897345268,0.8509478497449946,0.001998770531206334,0.5967126856398522,0.007925235260682569,0.7909325012908327,0.005995629285259983,0.016543980273160966,0.003560150030361821,0.0101910096287174,0.0032253372453027516,0.4031286835670471,0.03402686679188639,0.3907438814640045,0.03134494425931594,0.009344422355851667,0.0010099373516849746
11,test_w24-27,11.5,ge5,far,kdB4,0.8402737639882171,0.0018076895238189096,0.815573185911404,0.004283791102187798,0.8328640141775437,0.0041633245175756025,0.6380740588391564,0.026442150727803714,0.7702281937513714,0.0029495173541268555,0.055558908004976336,0.0015275133911431954,0.010269178364850166,0.0003662855836414175,0.5360512932141622,0.016115070194165918,0.36701127886772156,0.008634488327707312,0.011829743921334101,0.0003970003615728808
11,test_w24-27,11.5,ge5,far,ls,0.8407585074849541,0.0005351395685376032,0.8319430781200726,0.010984185031375004,0.8472920092712636,0.003605835219026862,0.6394109228646596,0.022382483763287362,0.7847889762165292,0.010350978592636657,0.06854889426110262,0.0028658381481211853,0.008289924185563633,0.001336686478113098,0.4004143377145131,0.003292073888263841,0.35428176323572796,0.0007128264730375042,0.011219545140517298,0.00038509271566331736
11,test_w24-27,11.5,ge5,far,teacherA,0.904162951570579,,0.8419238355646218,,0.8839153895867649,,0.5535902511761832,,0.8162422382174533,,0.0098834378803355,,0.0069215311727478,,0.209129124879837,,0.2037028968334198,,0.0035439573707588,
11,test_w24-27,11.5,ge5,far,teacherA_member,0.8956047293067672,0.0053155828175922085,0.8303143903894773,0.014436462228616123,0.8630923301222856,0.007985703338526547,0.5851530966398437,0.016626916132632837,0.8020403820487783,0.014025189711992006,0.02497539888006556,0.0006623573128538513,0.01328977565795906,0.0005801063147725778,0.262710565328598,0.004806147915376869,0.22868432998657223,0.0044953554125083195,0.0047479185524749,0.00024223156680595168
11,test_w24-27,11.5,ge5,far,teacherB,0.9030644952713822,,0.8530361675004173,,0.8636916868933768,,0.5708023755045376,,0.8256551590367149,,0.025443597995468,,0.0128921292832042,,0.2661692500114441,,0.2181029915809631,,0.0047495426965871,
11,test_w24-27,11.5,ge5,near,direct,0.8500667325730594,0.003523966142108925,0.8805171703695093,0.007752064958095729,0.8486675064349501,0.006893399152141266,0.6298460939022014,0.02249868559579354,0.8336789756952435,0.006137640067783088,0.0170275302928828,0.0016595579951822989,0.011664426302185935,0.0014329765863148947,0.4089321494102478,0.013028531008029117,0.3974715769290924,0.012346900036959107,0.0088569321372366,0.00017947732567476297
11,test_w24-27,11.5,ge5,near,directTS,0.8500667325730594,0.003523966142108925,0.8802019506129096,0.007877831409295266,0.850321419474039,0.0067403639834422175,0.6298182627814423,0.02308622921466576,0.833270135304689,0.006222596130512812,0.011664426302185935,0.0014329765863148947,,,0.3974715769290924,0.012346900036959107,,,0.008829546843165899,0.000175044535635017
11,test_w24-27,11.5,ge5,near,enddA,0.8433616230091517,0.003510724426270208,0.7052191537540814,0.01013332859094011,0.8242901765860484,0.004715949333347716,0.8476802760847179,0.038179053630086765,0.6671322020738956,0.010265278411273908,0.0079143664904711,0.0022180412999896573,0.006843595539531734,0.0009799364212198275,0.36026860276858014,0.005442712937435066,0.35983574390411377,0.005567236121699442,0.010837042263645432,0.00023261123633423213
11,test_w24-27,11.5,ge5,near,kdA,0.8532408194904102,0.006026996398535202,0.8725771589530217,0.0013602838004156286,0.844926142030704,0.006449515844275328,0.6261445548412234,0.03514111867117008,0.8269661790298132,0.0018965356027778356,0.0161943323184054,0.0018149363738395286,0.0099955866096241,0.001492712390952249,0.39194774627685547,0.019594460059054207,0.3799005051453908,0.017945897685278572,0.008923912140687534,0.0002979504936154608
11,test_w24-27,11.5,ge5,near,kdA4,0.835597625992632,0.004274456936886457,0.808526196601039,0.010639274072117353,0.8012518204889679,0.0054717622028430495,0.6214689265536723,0.0185986657357112,0.7618703968177075,0.007419217021042412,0.05208432061275964,0.0022204701818243962,0.011540844083692867,0.0017536559534110832,0.47247379024823505,0.009563949299172253,0.3582061032454173,0.007983613049485989,0.011586626181464067,0.000596636488893809
11,test_w24-27,11.5,ge5,near,kdB,0.8491025837070199,0.008245584387728416,0.8710567481585976,0.006473383733110581,0.8352836975379336,0.008583005600188615,0.6312098188194039,0.02443989199959423,0.8235376710049577,0.006782364557224884,0.016543980273160966,0.003560150030361821,0.0101910096287174,0.0032253372453027516,0.4031286835670471,0.03402686679188639,0.3907438814640045,0.03134494425931594,0.009344422355851667,0.0010099373516849746
11,test_w24-27,11.5,ge5,near,kdB4,0.8402737639882171,0.0018076895238189096,0.7864103544724911,0.018190463800541158,0.7792190066845848,0.015112473803481944,0.6749325095321589,0.057611710675797685,0.7449684050704916,0.014992924122340726,0.055558908004976336,0.0015275133911431954,0.010269178364850166,0.0003662855836414175,0.5360512932141622,0.016115070194165918,0.36701127886772156,0.008634488327707312,0.011829743921334101,0.0003970003615728808
11,test_w24-27,11.5,ge5,near,ls,0.8407585074849541,0.0005351395685376032,0.7987220254493365,0.0046755555243143876,0.8098808730192694,0.004842444060197928,0.6986724555397846,0.03433069994384834,0.7554844581566437,0.005173331268657248,0.06854889426110262,0.0028658381481211853,0.008289924185563633,0.001336686478113098,0.4004143377145131,0.003292073888263841,0.35428176323572796,0.0007128264730375042,0.011219545140517298,0.00038509271566331736
11,test_w24-27,11.5,ge5,near,teacherA,0.904162951570579,,0.8303272299133537,,0.8433796449848073,,0.684395090590298,,0.8082406792554218,,0.0098834378803355,,0.0069215311727478,,0.209129124879837,,0.2037028968334198,,0.0035439573707588,
11,test_w24-27,11.5,ge5,near,teacherA_member,0.8956047293067672,0.0053155828175922085,0.8158715690042021,0.007600562112079747,0.811314487509178,0.00692825230110657,0.6818234950321449,0.023511158572548384,0.7911937932039139,0.0076051177842952605,0.02497539888006556,0.0006623573128538513,0.01328977565795906,0.0005801063147725778,0.262710565328598,0.004806147915376869,0.22868432998657223,0.0044953554125083195,0.0047479185524749,0.00024223156680595168
11,test_w24-27,11.5,ge5,near,teacherB,0.9030644952713822,,0.7917908548416049,,0.7817369384066818,,0.6454036904066127,,0.7691392086728174,,0.025443597995468,,0.0128921292832042,,0.2661692500114441,,0.2181029915809631,,0.0047495426965871,
11,test_w28-31,15.5,all,all,direct,0.7801927992022687,0.00937442486426223,0.8351394955,0.003690686077621892,0.8385177895666667,0.0006856869895732195,0.6467133333333334,0.007456046763086499,0.7708419472333333,0.0007794114980943853,0.028915587552587163,0.0034430657660935813,0.022325709109231765,0.0024766150742063092,0.6103055278460184,0.024847750208308733,0.5909666419029236,0.023010911198381195,0.0159226283051831,0.0011481528637801843
11,test_w28-31,15.5,all,all,directTS,0.7801927992022687,0.00937442486426223,0.8346641578333333,0.003681627860785673,0.83966678525,0.0006898994344871359,0.6488999999999999,0.007053942160239191,0.7703279497333334,0.0007512789094903477,0.022325709109231765,0.0024766150742063092,,,0.5909666419029236,0.023010911198381195,,,0.0158998157236932,0.0011404488521989898
11,test_w28-31,15.5,all,all,enddA,0.7747950227865865,0.00623046896964715,0.7332654318,0.004746928705849298,0.8242292046833334,0.0033099889745792665,0.8844533333333334,0.015344824317447667,0.6742520031666667,0.0025010739103928153,0.011754083404739666,0.001380735587415618,0.014533661800275198,0.0028123468315329435,0.5156359672546387,0.007942351017327055,0.5183074076970419,0.007634559558072125,0.0182290326903928,0.0008896216071397582
11,test_w28-31,15.5,all,all,kdA,0.7880333418657105,0.009060453311695353,0.8325802560166666,0.004134501017963495,0.83830251815,0.003929969153034219,0.6355633333333334,0.015393226865518882,0.7692651159,0.005437462791004903,0.027207355724126067,0.001436077475299423,0.01963472552826,0.0010290797668150804,0.6249459385871887,0.028364415361097028,0.6015338102976481,0.025711471380331433,0.015622555549040634,0.0007358224611805864
11,test_w28-31,15.5,all,all,kdA4,0.766417354300014,0.0076213763772758234,0.8055230967833333,0.0018917912479200487,0.8118556105833333,0.0008030870801529484,0.6734866666666667,0.013965193637516594,0.740753466,0.0024474169618883402,0.07409058870474497,0.004091489307684416,0.022329787423635467,0.003719125590106257,0.6989263892173767,0.009491145611932282,0.5137630502382914,0.006951009305260714,0.019682168659710633,0.0010407638395221919
11,test_w28-31,15.5,all,all,kdB,0.7802243127600317,0.009423902683416602,0.8270130981666667,0.003419839945455075,0.8319868331666666,0.006004838339503811,0.6495666666666667,0.007453062010565372,0.7622917250333333,0.0059955216140587415,0.029215732599049735,0.005104051753797013,0.021021788719147366,0.004667366660081516,0.6171480814615885,0.041815796966838084,0.594688872496287,0.038082166628341386,0.0163722908667071,0.0014035442333284562
11,test_w28-31,15.5,all,all,kdB4,0.7733704155696989,0.004471774373384975,0.8016282535833333,0.0010098708270686427,0.80602928885,0.0019369641800664505,0.6633433333333333,0.013200008838380886,0.7391905713,0.0005167053035097565,0.07753695828234151,0.003063802634713447,0.019506977208728567,0.0035438148138008823,0.7840222716331482,0.029446963649752786,0.5215984185536703,0.015339676779745811,0.019742246824107034,0.001136468934373669
11,test_w28-31,15.5,all,all,ls,0.7746945774644258,0.0025356017376738952,0.8084265764999999,0.01109552511695822,0.82415086045,0.0024631317677799316,0.6834866666666667,0.033290662855121014,0.7453156115666668,0.009579414612754904,0.06721121704778317,0.004842399132636619,0.018247177364552933,0.0019409052638381069,0.5407106479008993,0.00851964703202656,0.5072008967399597,0.004485183426617169,0.018737202756249967,0.0001702780611143155
11,test_w28-31,15.5,all,all,teacherA,0.8393949660604288,,0.8294300773000001,,0.8586035607,,0.6342,,0.7878964958,,0.0230229530985653,,0.0190135101118683,,0.3535453081130981,,0.3416782915592193,,0.0077786292500995,
11,test_w28-31,15.5,all,all,teacherA_member,0.8290978551748855,0.00627903955674912,0.8174157791700001,0.007254290738101215,0.8339802151900001,0.004369872526056531,0.645888,0.007429510078060317,0.7731520799,0.006862736891073486,0.04167606063666934,0.000727469002486569,0.02573016951617594,0.0006609844851029039,0.43687943816185,0.013432600273729606,0.3724027991294861,0.01106456883766498,0.00981784018080408,0.0004211502296865652
11,test_w28-31,15.5,all,all,teacherB,0.8323682831411687,,0.8311403549499999,,0.8318780665000001,,0.64456,,0.7862318879000002,,0.0447973210906982,,0.0257849661616981,,0.4486809372901916,,0.3584868311882019,,0.0097597618452192,
11,test_w28-31,15.5,all,far,direct,0.7801927992022687,0.00937442486426223,0.8320251755346586,0.0029102297812417834,0.8409217985160496,0.0011707807397735935,0.6358806491290719,0.003548122013505224,0.7673953702337023,0.0013297662202017041,0.028915587552587163,0.0034430657660935813,0.022325709109231765,0.0024766150742063092,0.6103055278460184,0.024847750208308733,0.5909666419029236,0.023010911198381195,0.0159226283051831,0.0011481528637801843
11,test_w28-31,15.5,all,far,directTS,0.7801927992022687,0.00937442486426223,0.8315340327937152,0.00288741931859317,0.8419887996468676,0.0012156775447139012,0.638221640280919,0.004114788491194287,0.7668784597071777,0.001327192517531297,0.022325709109231765,0.0024766150742063092,,,0.5909666419029236,0.023010911198381195,,,0.0158998157236932,0.0011404488521989898
11,test_w28-31,15.5,all,far,enddA,0.7747950227865865,0.00623046896964715,0.7417644439154069,0.003887329522300847,0.8272148537475698,0.004705841657433948,0.880716581359362,0.016839295551573347,0.6815607246756338,0.001512263331216188,0.011754083404739666,0.001380735587415618,0.014533661800275198,0.0028123468315329435,0.5156359672546387,0.007942351017327055,0.5183074076970419,0.007634559558072125,0.0182290326903928,0.0008896216071397582
11,test_w28-31,15.5,all,far,kdA,0.7880333418657105,0.009060453311695353,0.83042898383129,0.004713956467029571,0.8417694039201682,0.003551772948902783,0.6177677260643574,0.018664430791356695,0.7664411754156251,0.006100554346394132,0.027207355724126067,0.001436077475299423,0.01963472552826,0.0010290797668150804,0.6249459385871887,0.028364415361097028,0.6015338102976481,0.025711471380331433,0.015622555549040634,0.0007358224611805864
11,test_w28-31,15.5,all,far,kdA4,0.766417354300014,0.0076213763772758234,0.8079711722413997,0.001397954907735951,0.8174070719953974,0.0019317074438559804,0.6706304804983533,0.01097214875858704,0.7426314671269294,0.004103608203558992,0.07409058870474497,0.004091489307684416,0.022329787423635467,0.003719125590106257,0.6989263892173767,0.009491145611932282,0.5137630502382914,0.006951009305260714,0.019682168659710633,0.0010407638395221919
11,test_w28-31,15.5,all,far,kdB,0.7802243127600317,0.009423902683416602,0.8240903181168907,0.0024136281797000575,0.8350904312581835,0.0066712145134916676,0.6357854223703527,0.0034028232723614963,0.7588488154187992,0.005645845432982375,0.029215732599049735,0.005104051753797013,0.021021788719147366,0.004667366660081516,0.6171480814615885,0.041815796966838084,0.594688872496287,0.038082166628341386,0.0163722908667071,0.0014035442333284562
11,test_w28-31,15.5,all,far,kdB4,0.7733704155696989,0.004471774373384975,0.8078138278577948,0.004573194195811462,0.8145098433519818,0.004739738123578495,0.6546799984128874,0.017889885143920398,0.7441270150378924,0.002900426317864149,0.07753695828234151,0.003063802634713447,0.019506977208728567,0.0035438148138008823,0.7840222716331482,0.029446963649752786,0.5215984185536703,0.015339676779745811,0.019742246824107034,0.001136468934373669
11,test_w28-31,15.5,all,far,ls,0.7746945774644258,0.0025356017376738952,0.8119137675078364,0.01171884504659771,0.8291884783954292,0.0033186357048299807,0.673495218823156,0.03821963903814359,0.7479724863706702,0.010046429028046734,0.06721121704778317,0.004842399132636619,0.018247177364552933,0.0019409052638381069,0.5407106479008993,0.00851964703202656,0.5072008967399597,0.004485183426617169,0.018737202756249967,0.0001702780611143155
11,test_w28-31,15.5,all,far,teacherA,0.8393949660604288,,0.8321544976193311,,0.8635269298892989,,0.6157481252231877,,0.7897704654207831,,0.0230229530985653,,0.0190135101118683,,0.3535453081130981,,0.3416782915592193,,0.0077786292500995,
11,test_w28-31,15.5,all,far,teacherA_member,0.8290978551748855,0.00627903955674912,0.8205700918104988,0.008443323901750724,0.8410897168551363,0.0047682611333896355,0.6312200928460897,0.007563971089018384,0.7754829679800024,0.007969249587421847,0.04167606063666934,0.000727469002486569,0.02573016951617594,0.0006609844851029039,0.43687943816185,0.013432600273729606,0.3724027991294861,0.01106456883766498,0.00981784018080408,0.0004211502296865652
11,test_w28-31,15.5,all,far,teacherB,0.8323682831411687,,0.8419516546244494,,0.84401494822045,,0.6291393881680752,,0.7956300552315201,,0.0447973210906982,,0.0257849661616981,,0.4486809372901916,,0.3584868311882019,,0.0097597618452192,
11,test_w28-31,15.5,all,near,direct,0.7801927992022687,0.00937442486426223,0.8515018482384824,0.00967250901904849,0.8258873460496142,0.009351516266952598,0.7036272670419011,0.03875047184904362,0.7889499480925579,0.005476359584028919,0.028915587552587163,0.0034430657660935813,0.022325709109231765,0.0024766150742063092,0.6103055278460184,0.024847750208308733,0.5909666419029236,0.023010911198381195,0.0159226283051831,0.0011481528637801843
11,test_w28-31,15.5,all,near,directTS,0.7801927992022687,0.00937442486426223,0.8511095489889513,0.009818233442831293,0.8274671336251824,0.00932124289983702,0.7050031269543465,0.037822603646826575,0.7884512553679383,0.005593312175229165,0.022325709109231765,0.0024766150742063092,,,0.5909666419029236,0.023010911198381195,,,0.0158998157236932,0.0011404488521989898
11,test_w28-31,15.5,all,near,enddA,0.7747950227865865,0.00623046896964715,0.6886123981655201,0.009648301131008898,0.8085428771106943,0.005742600606647459,0.9040858870127163,0.016547390172647097,0.6358526476964771,0.007826079997930674,0.011754083404739666,0.001380735587415618,0.014533661800275198,0.0028123468315329435,0.5156359672546387,0.007942351017327055,0.5183074076970419,0.007634559558072125,0.0182290326903928,0.0008896216071397582
11,test_w28-31,15.5,all,near,kdA,0.7880333418657105,0.009060453311695353,0.8438828436522826,0.004177120403495597,0.8200878168647071,0.008086400796473702,0.7290598290598291,0.00647704897310648,0.7841018413591828,0.0027917860282327006,0.027207355724126067,0.001436077475299423,0.01963472552826,0.0010290797668150804,0.6249459385871887,0.028364415361097028,0.6015338102976481,0.025711471380331433,0.015622555549040634,0.0007358224611805864
11,test_w28-31,15.5,all,near,kdA4,0.766417354300014,0.0076213763772758234,0.7926611318532416,0.012532510188785873,0.7826887392120074,0.0055449589864395256,0.6884928080050031,0.02969678272369609,0.7308866195538878,0.0064387492206618244,0.07409058870474497,0.004091489307684416,0.022329787423635467,0.003719125590106257,0.6989263892173767,0.009491145611932282,0.5137630502382914,0.006951009305260714,0.019682168659710633,0.0010407638395221919
11,test_w28-31,15.5,all,near,kdB,0.7802243127600317,0.009423902683416602,0.8423691176777153,0.00878406426278989,0.8156808121742755,0.004465989147039098,0.7219720658745049,0.032310160203211626,0.7803804577861163,0.008446063233786449,0.029215732599049735,0.005104051753797013,0.021021788719147366,0.004667366660081516,0.6171480814615885,0.041815796966838084,0.594688872496287,0.038082166628341386,0.0163722908667071,0.0014035442333284562
11,test_w28-31,15.5,all,near,kdB4,0.7733704155696989,0.004471774373384975,0.7691298111319576,0.01789195453574677,0.7614732298311444,0.013432412007116042,0.7088597039816552,0.02862632916793878,0.7132549466333126,0.014466762291651974,0.07753695828234151,0.003063802634713447,0.019506977208728567,0.0035438148138008823,0.7840222716331482,0.029446963649752786,0.5215984185536703,0.015339676779745811,0.019742246824107034,0.001136468934373669
11,test_w28-31,15.5,all,near,ls,0.7746945774644258,0.0025356017376738952,0.7901051933500104,0.007938657483252688,0.7976836757348343,0.002032744977984636,0.7359808213466751,0.027881516675655187,0.7313566339378778,0.00714878412776461,0.06721121704778317,0.004842399132636619,0.018247177364552933,0.0019409052638381069,0.5407106479008993,0.00851964703202656,0.5072008967399597,0.004485183426617169,0.018737202756249967,0.0001702780611143155
11,test_w28-31,15.5,all,near,teacherA,0.8393949660604288,,0.8151162217010631,,0.8327366285178237,,0.7311444652908068,,0.7780508305190744,,0.0230229530985653,,0.0190135101118683,,0.3535453081130981,,0.3416782915592193,,0.0077786292500995,
11,test_w28-31,15.5,all,near,teacherA_member,0.8290978551748855,0.00627903955674912,0.8008433085678549,0.009235321632025863,0.7966275425891183,0.006030239857672268,0.7229518449030644,0.007388219612242528,0.7609058067542215,0.008860921200539848,0.04167606063666934,0.000727469002486569,0.02573016951617594,0.0006609844851029039,0.43687943816185,0.013432600273729606,0.3724027991294861,0.01106456883766498,0.00981784018080408,0.0004211502296865652
11,test_w28-31,15.5,all,near,teacherB,0.8323682831411687,,0.7743387736085053,,0.7681119981238274,,0.7255784865540963,,0.7368547748592871,,0.0447973210906982,,0.0257849661616981,,0.4486809372901916,,0.3584868311882019,,0.0097597618452192,
11,test_w28-31,15.5,ge5,all,direct,0.7854948278414046,0.00944652776257982,0.8451868220670513,0.0037973641519086798,0.8438068677188567,0.000981182390784702,0.6053935290327351,0.013865586733743274,0.7829215638738155,0.0005848240971249786,0.028944181362798634,0.003959221070680525,0.022708499930997068,0.003638440897013932,0.5756536523501078,0.02663110973300854,0.5567074616750082,0.024681241672564476,0.014284904975871699,0.0011483675151411096
11,test_w28-31,15.5,ge5,all,directTS,0.7854948278414046,0.00944652776257982,0.8447944888174517,0.0037828994657659945,0.8451574970199017,0.0010175977069993459,0.6068019450224819,0.013308962415056616,0.7824804128137409,0.0005493960211616367,0.022708499930997068,0.003638440897013932,,,0.5567074616750082,0.024681241672564476,,,0.014253347347981768,0.0011374880953419822
11,test_w28-31,15.5,ge5,all,enddA,0.7800830704831411,0.006311064948035932,0.7353392360610972,0.0038190722599517695,0.8262209776987022,0.003365997486626103,0.8916294316689378,0.012114081104528501,0.6799906949084323,0.002262318498307783,0.009973493607186234,0.0012854844088180945,0.0115205857190832,0.0021305860519934207,0.47363115350405377,0.006988610693134911,0.47509456674257916,0.0067541695873111545,0.0163205281026445,0.0007789974668668844
11,test_w28-31,15.5,ge5,all,kdA,0.7933215923557051,0.009305719657624417,0.841744701247228,0.00437617944170937,0.8434805786517177,0.0037333517725487383,0.5968620491748443,0.008038987680909208,0.7807176470841558,0.005691264193443677,0.026634882083794834,0.002020250900205506,0.019875358198016665,0.001320058969478701,0.5917811791102091,0.03134520864466864,0.5688624183336893,0.028393525891603346,0.014105765739277633,0.0006830082383048984
11,test_w28-31,15.5,ge5,all,kdA4,0.7728980624553657,0.007527758695159727,0.8115059030923346,0.001957938964646961,0.8157102010468762,0.0006524497405084436,0.6511952170192988,0.009599075038413514,0.750256578841635,0.00249866933686853,0.06900195732639153,0.004352644977207574,0.021994379666093865,0.0040410241494593605,0.644484798113505,0.008169542665408097,0.4724610944588979,0.006086642477248317,0.01743879726881087,0.0009933466115634546
11,test_w28-31,15.5,ge5,all,kdB,0.785376628865143,0.009520516632222727,0.8363765760006713,0.0042557724782471265,0.836755464728531,0.005845192223504363,0.6105694577950543,0.007081285863769577,0.7738932225630014,0.006646063017479152,0.028824108248420435,0.005366822259969691,0.02145881214190293,0.004921444897508503,0.584158738454183,0.04564741418014962,0.5620810786883036,0.04163741109385503,0.014773009195579466,0.0013742035207825402
11,test_w28-31,15.5,ge5,all,kdB4,0.7794741456828324,0.004677662952605011,0.8076859011796733,0.0012214418062260256,0.8097679785141785,0.002016921798531842,0.6521775871721471,0.013416609454885944,0.7489222334847265,0.0004753713051426146,0.0721701898645524,0.003014081357310352,0.018636422859171265,0.002173151957192023,0.7196328242619833,0.028058013548943654,0.47710628310839337,0.014900801834015064,0.017471005918791468,0.001065972047380191
11,test_w28-31,15.5,ge5,all,ls,0.779863058097724,0.003068961799720355,0.8124215395244994,0.011647145332443971,0.826410887050561,0.0025088018075397657,0.6749446316464031,0.03191134671198415,0.7530008710095641,0.010190954480648868,0.06905593667733077,0.005432181773614513,0.014910441972664501,0.0021533576876806896,0.5063598155975342,0.008189046126861959,0.46617060899734497,0.003709947304218899,0.016982702954039867,0.00024074742145936516
11,test_w28-31,15.5,ge5,all,teacherA,0.8436392003143606,,0.8358689903808438,,0.8622785437089423,,0.5984958117229505,,0.7964997875797873,,0.0207823404829163,,0.0171490168900377,,0.3297069072723388,,0.3187106251716614,,0.0068198085282206,
11,test_w28-31,15.5,ge5,all,teacherA_member,0.8328164001280195,0.0065290914377620956,0.823324779022418,0.008261826908847025,0.8381546688199174,0.004919650332873518,0.6244472847500238,0.019145527957061766,0.7811789054206898,0.007998606616918952,0.03984160945371362,0.0006690641800085769,0.0252461462656683,0.0005648911159244389,0.4142299652099609,0.013591954760369463,0.35208160877227784,0.011320129165422986,0.00880169383882916,0.0004143547948454911
11,test_w28-31,15.5,ge5,all,teacherB,0.8364509674849765,,0.8370582546594351,,0.8368375708191784,,0.6083406394912801,,0.794621581944882,,0.0427864394943861,,0.0254227809908575,,0.4242159128189087,,0.3375798165798187,,0.0086300541605736,
11,test_w28-31,15.5,ge5,far,direct,0.7854948278414046,0.00944652776257982,0.8413026089560499,0.0029873695601818915,0.8459112988893599,0.0013225663456280352,0.5931473372955285,0.007229145495101073,0.7787593811908594,0.0013393654958868332,0.028944181362798634,0.003959221070680525,0.022708499930997068,0.003638440897013932,0.5756536523501078,0.02663110973300854,0.5567074616750082,0.024681241672564476,0.014284904975871699,0.0011483675151411096
11,test_w28-31,15.5,ge5,far,directTS,0.7854948278414046,0.00944652776257982,0.8408992774241164,0.0029548470929915255,0.8471710593221841,0.0013647935906247529,0.5947498811762083,0.006582436926355565,0.7783189949374538,0.0013299779098268588,0.022708499930997068,0.003638440897013932,,,0.5567074616750082,0.024681241672564476,,,0.014253347347981768,0.0011374880953419822
11,test_w28-31,15.5,ge5,far,enddA,0.7800830704831411,0.006311064948035932,0.7440303918914836,0.002729557273423395,0.8292825569340728,0.004798019772212755,0.8886421279763782,0.01218108494276377,0.6875492713140355,0.0011638936925355786,0.009973493607186234,0.0012854844088180945,0.0115205857190832,0.0021305860519934207,0.47363115350405377,0.006988610693134911,0.47509456674257916,0.0067541695873111545,0.0163205281026445,0.0007789974668668844
11,test_w28-31,15.5,ge5,far,kdA,0.7933215923557051,0.009305719657624417,0.8388579746566155,0.004922358875547065,0.8467843807429501,0.003399334970188798,0.5782701779622875,0.01133205709688556,0.7772214537337043,0.006365694872032812,0.026634882083794834,0.002020250900205506,0.019875358198016665,0.001320058969478701,0.5917811791102091,0.03134520864466864,0.5688624183336893,0.028393525891603346,0.014105765739277633,0.0006830082383048984
11,test_w28-31,15.5,ge5,far,kdA4,0.7728980624553657,0.007527758695159727,0.8137624218000198,0.0015181264912365656,0.8211624066693503,0.0018719302595121572,0.6478104876191918,0.008315230438195712,0.7519670936674144,0.004176772840733144,0.06900195732639153,0.004352644977207574,0.021994379666093865,0.0040410241494593605,0.644484798113505,0.008169542665408097,0.4724610944588979,0.006086642477248317,0.01743879726881087,0.0009933466115634546
11,test_w28-31,15.5,ge5,far,kdB,0.785376628865143,0.009520516632222727,0.8326798384120079,0.003324292403094232,0.8396208674190818,0.006544858851264851,0.5958308622190817,0.002346456049412972,0.7697266263790262,0.006319549299948019,0.028824108248420435,0.005366822259969691,0.02145881214190293,0.004921444897508503,0.584158738454183,0.04564741418014962,0.5620810786883036,0.04163741109385503,0.014773009195579466,0.0013742035207825402
11,test_w28-31,15.5,ge5,far,kdB4,0.7794741456828324,0.004677662952605011,0.8137573193279367,0.0048612266167717254,0.818160469871234,0.004888688134770908,0.6427420745582489,0.019925178274397222,0.7537954730425834,0.003068945703712387,0.0721701898645524,0.003014081357310352,0.018636422859171265,0.002173151957192023,0.7196328242619833,0.028058013548943654,0.47710628310839337,0.014900801834015064,0.017471005918791468,0.001065972047380191
11,test_w28-31,15.5,ge5,far,ls,0.779863058097724,0.003068961799720355,0.81623221465391,0.012223452599641032,0.8318336116387424,0.00334593854979048,0.6634699912091425,0.03621161392704568,0.75592915071946,0.010653788454654015,0.06905593667733077,0.005432181773614513,0.014910441972664501,0.0021533576876806896,0.5063598155975342,0.008189046126861959,0.46617060899734497,0.003709947304218899,0.016982702954039867,0.00024074742145936516
11,test_w28-31,15.5,ge5,far,teacherA,0.8436392003143606,,0.8383767343219567,,0.8671285225803653,,0.5775088644651668,,0.79816617908522,,0.0207823404829163,,0.0171490168900377,,0.3297069072723388,,0.3187106251716614,,0.0068198085282206,
11,test_w28-31,15.5,ge5,far,teacherA_member,0.8328164001280195,0.0065290914377620956,0.8263506244175813,0.009556247021985773,0.8452235777666646,0.005373642554799066,0.6084467942813159,0.019677591476804288,0.7833796077905325,0.009219484325280903,0.03984160945371362,0.0006690641800085769,0.0252461462656683,0.0005648911159244389,0.4142299652099609,0.013591954760369463,0.35208160877227784,0.011320129165422986,0.00880169383882916,0.0004143547948454911
11,test_w28-31,15.5,ge5,far,teacherB,0.8364509674849765,,0.8480025349460485,,0.8490249373491348,,0.5915405872629308,,0.8041831317296765,,0.0427864394943861,,0.0254227809908575,,0.4242159128189087,,0.3375798165798187,,0.0086300541605736,
11,test_w28-31,15.5,ge5,near,direct,0.7854948278414046,0.00944652776257982,0.8651492088915479,0.010365547104891735,0.8329914289489994,0.009391203681800546,0.6683311716385646,0.04840246986586753,0.8043125376378617,0.006126678507619974,0.028944181362798634,0.003959221070680525,0.022708499930997068,0.003638440897013932,0.5756536523501078,0.02663110973300854,0.5567074616750082,0.024681241672564476,0.014284904975871699,0.0011483675151411096
11,test_w28-31,15.5,ge5,near,directTS,0.7854948278414046,0.00944652776257982,0.8648133998233153,0.010515677255284926,0.8348090664820568,0.00933404482846192,0.6687418936446173,0.04835903494720568,0.8038674559575725,0.006251359525145519,0.022708499930997068,0.003638440897013932,,,0.5567074616750082,0.024681241672564476,,,0.014253347347981768,0.0011374880953419822
11,test_w28-31,15.5,ge5,near,enddA,0.7800830704831411,0.006311064948035932,0.6906722186549826,0.009944891569525134,0.8104864061796424,0.0058177489276342274,0.9069822741028967,0.019099683457450216,0.6411444159481433,0.008502783340721364,0.009973493607186234,0.0012854844088180945,0.0115205857190832,0.0021305860519934207,0.47363115350405377,0.006988610693134911,0.47509456674257916,0.0067541695873111545,0.0163205281026445,0.0007789974668668844
11,test_w28-31,15.5,ge5,near,kdA,0.7933215923557051,0.009305719657624417,0.8565806412977753,0.004680889670802103,0.826501135595421,0.007733965053557774,0.6924124513618676,0.020163607004229773,0.7986858589408308,0.0031534405541971183,0.026634882083794834,0.002020250900205506,0.019875358198016665,0.001320058969478701,0.5917811791102091,0.03134520864466864,0.5688624183336893,0.028393525891603346,0.014105765739277633,0.0006830082383048984
11,test_w28-31,15.5,ge5,near,kdA4,0.7728980624553657,0.007527758695159727,0.7999088310388102,0.012421397790537459,0.7876893292326453,0.005779934558963532,0.6685905750108084,0.025237673016332375,0.7414656197347479,0.006399217537081348,0.06900195732639153,0.004352644977207574,0.021994379666093865,0.0040410241494593605,0.644484798113505,0.008169542665408097,0.4724610944588979,0.006086642477248317,0.01743879726881087,0.0009933466115634546
11,test_w28-31,15.5,ge5,near,kdB,0.785376628865143,0.009520516632222727,0.8553754577882188,0.009102518492273084,0.822029115972147,0.004402190696299297,0.6863164721141374,0.03248625939889718,0.7953068789173366,0.008758877532372379,0.028824108248420435,0.005366822259969691,0.02145881214190293,0.004921444897508503,0.584158738454183,0.04564741418014962,0.5620810786883036,0.04163741109385503,0.014773009195579466,0.0013742035207825402
11,test_w28-31,15.5,ge5,near,kdB4,0.7794741456828324,0.004677662952605011,0.7764826705161371,0.01767206902327826,0.766635906688284,0.013337704345296266,0.7006701253782966,0.033911493240053624,0.7238768792875407,0.014441014122730097,0.0721701898645524,0.003014081357310352,0.018636422859171265,0.002173151957192023,0.7196328242619833,0.028058013548943654,0.47710628310839337,0.014900801834015064,0.017471005918791468,0.001065972047380191
11,test_w28-31,15.5,ge5,near,ls,0.779863058097724,0.003068961799720355,0.7928370911891768,0.00870012139832811,0.7985415290162695,0.0019517167068354,0.733916990920882,0.02976088493878997,0.7379513743344969,0.007814772595657316,0.06905593667733077,0.005432181773614513,0.014910441972664501,0.0021533576876806896,0.5063598155975342,0.008189046126861959,0.46617060899734497,0.003709947304218899,0.016982702954039867,0.00024074742145936516
11,test_w28-31,15.5,ge5,near,teacherA,0.8436392003143606,,0.8229807802907502,,0.8373527346569702,,0.7063553826199741,,0.787935594297425,,0.0207823404829163,,0.0171490168900377,,0.3297069072723388,,0.3187106251716614,,0.0068198085282206,
11,test_w28-31,15.5,ge5,near,teacherA_member,0.8328164001280195,0.0065290914377620956,0.807773856731802,0.010014080255552697,0.8018249693957434,0.006319288658885258,0.7066796368352788,0.017050901051806913,0.7698686938702572,0.009591524946584187,0.03984160945371362,0.0006690641800085769,0.0252461462656683,0.0005648911159244389,0.4142299652099609,0.013591954760369463,0.35208160877227784,0.011320129165422986,0.00880169383882916,0.0004143547948454911
11,test_w28-31,15.5,ge5,near,teacherB,0.8364509674849765,,0.7808116094951144,,0.7742022523929456,,0.6946822308690013,,0.7454812927817706,,0.0427864394943861,,0.0254227809908575,,0.4242159128189087,,0.3375798165798187,,0.0086300541605736,
11,test_w32-35,19.5,all,all,direct,0.7396067804741215,0.006917788082864129,0.8191650997666667,0.004954356520467632,0.8184870624166667,0.0010544119638036286,0.6908500000000001,0.00359309059167734,0.7363706554666667,0.0032948453371238343,0.04875826744303103,0.0026421602419578055,0.041054034024824666,0.0021938957133130627,0.8024631341298422,0.03234614820447521,0.7737423777580261,0.029786494254775805,0.024361627912913967,0.0012062251148382646
11,test_w32-35,19.5,all,all,directTS,0.7396067804741215,0.006917788082864129,0.8187409094333332,0.004945944538356329,0.8197355388833333,0.001112218483691409,0.6925333333333333,0.0033709543653590935,0.7358821451333334,0.0032908284913188146,0.041054034024824666,0.0021938957133130627,,,0.7737423777580261,0.029786494254775805,,,0.0243302293811014,0.0011975373879625354
11,test_w32-35,19.5,all,all,enddA,0.7372946834139382,0.004272617454131327,0.7149707164666667,0.003264346031585889,0.8080397106166667,0.0043722558895101325,0.8916466666666668,0.005329515300037488,0.6379882474999999,0.0023141453386711,0.0196568885009487,0.002279230840450042,0.027968893332108797,0.0006188467509952796,0.6475416819254557,0.012191983697453054,0.6538683374722799,0.011862477036025037,0.027117069014813835,0.0016544329230259623
11,test_w32-35,19.5,all,all,kdA,0.7468906872836656,0.012882879621012578,0.8179999617333333,0.006476099962327098,0.8200499751166667,0.003191822146287437,0.6680999999999999,0.02766739778150446,0.7364397091666667,0.007426720145937776,0.04670290763194357,0.0022000261999644884,0.0381538685828695,0.0018618086210053755,0.8054028153419495,0.03710740693985654,0.7722188035647074,0.03414940573368105,0.0243571051973052,0.0009720358724942764
11,test_w32-35,19.5,all,all,kdA4,0.727077940592209,0.004601752129359699,0.78637924315,0.0026012204533600526,0.7935220974833334,0.002156968620125715,0.71121,0.020092456295834008,0.7070444886000001,0.0009021644673752433,0.09412260252272087,0.003357932944080582,0.036417460889530635,0.0044393854077005145,0.8980591893196106,0.02867479747415728,0.6424253582954407,0.014466838231894106,0.027968162824364966,0.0009684527364785552
11,test_w32-35,19.5,all,all,kdB,0.7405495668054631,0.012428393265293613,0.8107900142666665,0.00442774810817891,0.8120873730666668,0.003083648223997664,0.6938633333333334,0.01311538536732083,0.7304365606666666,0.005784278990279503,0.0470314842690527,0.004756134365225886,0.038144986025542005,0.004394646761580456,0.7830257614453634,0.04673993840172191,0.7516097029050192,0.04218596591033647,0.024602424732364365,0.0010370572304410459
11,test_w32-35,19.5,all,all,kdB4,0.7317270370154453,0.0019283801487359285,0.7833603204499999,0.0008914059639301857,0.7885051370166667,0.0012659722062352743,0.7064933333333333,0.006842005066742765,0.7050052889666666,0.0011370788010858332,0.10218372645258904,0.004562397266697686,0.036280251014927996,0.0035425234677977867,1.0389543374379475,0.04865700688509045,0.6655875444412231,0.024462336407168668,0.02884364907143173,0.001394369827627751
11,test_w32-35,19.5,all,all,ls,0.7333070422296215,0.006846156192176255,0.7913527102333333,0.007761962372092797,0.8074284009166667,0.000884511549742044,0.7099766666666666,0.028707766080510913,0.7121398192,0.006376157013147596,0.05917612349957224,0.003585783577513883,0.032622613759413305,0.0010413069049994203,0.6625374754269918,0.007633993272106861,0.650585949420929,0.005926606595642785,0.028037131770787,0.00013424244781510885
11,test_w32-35,19.5,all,all,teacherA,0.8023677412744686,,0.81459429545,,0.84243163305,,0.67219,,0.7578337524000001,,0.0417693627950549,,0.0372020881134271,,0.5346688628196716,,0.5133283734321594,,0.0133651192969774,
11,test_w32-35,19.5,all,all,teacherA_member,0.7905310225799984,0.005387276974685589,0.8019650331499999,0.006635742728262366,0.8179173751200001,0.004714491176948012,0.680032,0.025083420221333474,0.74249779944,0.005749147223169847,0.06387578092685335,0.0019609124496396315,0.04589319008906182,0.0016743419270615826,0.6650342106819153,0.025060221238816197,0.5542561173439026,0.019332360704832578,0.01647393214371998,0.0004339857222763223
11,test_w32-35,19.5,all,all,teacherB,0.7917887612934135,,0.81194126535,,0.81555407805,,0.65508,,0.751281711,,0.0710090337294339,,0.0499128859743475,,0.7119684219360352,,0.5499966740608215,,0.0164075489304829,
11,test_w32-35,19.5,all,far,direct,0.7396067804741215,0.006917788082864129,0.8160543420700455,0.004229164226518129,0.8222544553237218,0.002552997071665247,0.6822425426349157,0.0034696570965876156,0.7329929101600733,0.0028467986528441214,0.04875826744303103,0.0026421602419578055,0.041054034024824666,0.0021938957133130627,0.8024631341298422,0.03234614820447521,0.7737423777580261,0.029786494254775805,0.024361627912913967,0.0012062251148382646
11,test_w32-35,19.5,all,far,directTS,0.7396067804741215,0.006917788082864129,0.8155896382274102,0.0042001672734976,0.8234017104500985,0.002589699936794153,0.6842199877757936,0.0034707745984996533,0.7324830260902914,0.002827367602161038,0.041054034024824666,0.0021938957133130627,,,0.7737423777580261,0.029786494254775805,,,0.0243302293811014,0.0011975373879625354
11,test_w32-35,19.5,all,far,enddA,0.7372946834139382,0.004272617454131327,0.7256360808834986,0.0020913166944969436,0.812558478545719,0.006043520670631527,0.8858834385973323,0.004163442248794378,0.646715217259301,0.002146215630318434,0.0196568885009487,0.002279230840450042,0.027968893332108797,0.0006188467509952796,0.6475416819254557,0.012191983697453054,0.6538683374722799,0.011862477036025037,0.027117069014813835,0.0016544329230259623
11,test_w32-35,19.5,all,far,kdA,0.7468906872836656,0.012882879621012578,0.8156537871669802,0.007043585243086362,0.8245802157412623,0.0036638211566616,0.6547660422733829,0.03092472010248455,0.7335272553061444,0.007944638721600464,0.04670290763194357,0.0022000261999644884,0.0381538685828695,0.0018618086210053755,0.8054028153419495,0.03710740693985654,0.7722188035647074,0.03414940573368105,0.0243571051973052,0.0009720358724942764
11,test_w32-35,19.5,all,far,kdA4,0.727077940592209,0.004601752129359699,0.7903796614374228,0.002278351499862312,0.8012763310402958,0.00217982986411772,0.7072342533446786,0.01791839585420019,0.710113800769406,0.001784783254813797,0.09412260252272087,0.003357932944080582,0.036417460889530635,0.0044393854077005145,0.8980591893196106,0.02867479747415728,0.6424253582954407,0.014466838231894106,0.027968162824364966,0.0009684527364785552
11,test_w32-35,19.5,all,far,kdB,0.7405495668054631,0.012428393265293613,0.8077304962788078,0.0035532099449542853,0.8163621644834874,0.0044630559419873645,0.6845755284172849,0.013944026002914441,0.7270228511962545,0.005339515676868705,0.0470314842690527,0.004756134365225886,0.038144986025542005,0.004394646761580456,0.7830257614453634,0.04673993840172191,0.7516097029050192,0.04218596591033647,0.024602424732364365,0.0010370572304410459
11,test_w32-35,19.5,all,far,kdB4,0.7317270370154453,0.0019283801487359285,0.7912037282231358,0.0038565672512984248,0.798836036620686,0.0046619053293822,0.6972112031255618,0.0007337029932533683,0.7110769335618382,0.0028050426122488356,0.10218372645258904,0.004562397266697686,0.036280251014927996,0.0035425234677977867,1.0389543374379475,0.04865700688509045,0.6655875444412231,0.024462336407168668,0.02884364907143173,0.001394369827627751
11,test_w32-35,19.5,all,far,ls,0.7333070422296215,0.006846156192176255,0.7952159241060549,0.007535641791511372,0.8140175431542448,0.0008969668028230075,0.702784003068036,0.027648122578374856,0.7150709972715251,0.006348890637671285,0.05917612349957224,0.003585783577513883,0.032622613759413305,0.0010413069049994203,0.6625374754269918,0.007633993272106861,0.650585949420929,0.005926606595642785,0.028037131770787,0.00013424244781510885
11,test_w32-35,19.5,all,far,teacherA,0.8023677412744686,,0.8178786083580014,,0.8486287479176903,,0.6593161635167364,,0.7601686420344915,,0.0417693627950549,,0.0372020881134271,,0.5346688628196716,,0.5133283734321594,,0.0133651192969774,
11,test_w32-35,19.5,all,far,teacherA_member,0.7905310225799984,0.005387276974685589,0.8055584535420237,0.008180851073200261,0.8263325835021152,0.005329596443715921,0.6703802686928488,0.027157794374843554,0.745205515466018,0.00720197947092713,0.06387578092685335,0.0019609124496396315,0.04589319008906182,0.0016743419270615826,0.6650342106819153,0.025060221238816197,0.5542561173439026,0.019332360704832578,0.01647393214371998,0.0004339857222763223
11,test_w32-35,19.5,all,far,teacherB,0.7917887612934135,,0.8234966809482149,,0.8297749769298067,,0.6415551107968505,,0.7609880495200201,,0.0710090337294339,,0.0499128859743475,,0.7119684219360352,,0.5499966740608215,,0.0164075489304829,
11,test_w32-35,19.5,all,near,direct,0.7396067804741215,0.006917788082864129,0.834840245183888,0.009830426370236657,0.7995031242828673,0.009174367971899012,0.7342230811039313,0.025038314800922744,0.7533911546590978,0.0069845256047579045,0.04875826744303103,0.0026421602419578055,0.041054034024824666,0.0021938957133130627,0.8024631341298422,0.03234614820447521,0.7737423777580261,0.029786494254775805,0.024361627912913967,0.0012062251148382646
11,test_w32-35,19.5,all,near,directTS,0.7396067804741215,0.006917788082864129,0.8346202029108039,0.009977949184618822,0.801261656299696,0.009102239672960524,0.7344243815045193,0.023650604077933336,0.7530103468405902,0.007089870292174089,0.041054034024824666,0.0021938957133130627,,,0.7737423777580261,0.029786494254775805,,,0.0243302293811014,0.0011975373879625354
11,test_w32-35,19.5,all,near,enddA,0.7372946834139382,0.004272617454131327,0.6612278169978058,0.01147111015190434,0.7852695847172736,0.0041366397735576755,0.9206876421684079,0.015805760840392168,0.5940129420053546,0.009329940956659736,0.0196568885009487,0.002279230840450042,0.027968893332108797,0.0006188467509952796,0.6475416819254557,0.012191983697453054,0.6538683374722799,0.011862477036025037,0.027117069014813835,0.0016544329230259623
11,test_w32-35,19.5,all,near,kdA,0.7468906872836656,0.012882879621012578,0.8298223635686535,0.007033113511546806,0.7972220381665559,0.001960358004966812,0.7352899732270467,0.02258859596746459,0.7511155991706424,0.006187791466095741,0.04670290763194357,0.0022000261999644884,0.0381538685828695,0.0018618086210053755,0.8054028153419495,0.03710740693985654,0.7722188035647074,0.03414940573368105,0.0243571051973052,0.0009720358724942764
11,test_w32-35,19.5,all,near,kdA4,0.727077940592209,0.004601752129359699,0.7662210873241136,0.012363903720053589,0.7544484214022585,0.006648530751494317,0.7312438351752321,0.03326527339161373,0.6915781876924935,0.008359189775570132,0.09412260252272087,0.003357932944080582,0.036417460889530635,0.0044393854077005145,0.8980591893196106,0.02867479747415728,0.6424253582954407,0.014466838231894106,0.027968162824364966,0.0009684527364785552
11,test_w32-35,19.5,all,near,kdB,0.7405495668054631,0.012428393265293613,0.8262069621756547,0.010876156013123705,0.7905466477444291,0.004381381902281725,0.7406646939227409,0.02533510094474008,0.7476382837127846,0.009334009450244901,0.0470314842690527,0.004756134365225886,0.038144986025542005,0.004394646761580456,0.7830257614453634,0.04673993840172191,0.7516097029050192,0.04218596591033647,0.024602424732364365,0.0010370572304410459
11,test_w32-35,19.5,all,near,kdB4,0.7317270370154453,0.0019283801487359285,0.7438372944219659,0.0198103935986678,0.7364476097590433,0.015975454992553848,0.753266098999537,0.039102793233013806,0.6744101988847957,0.015161357727653077,0.10218372645258904,0.004562397266697686,0.036280251014927996,0.0035425234677977867,1.0389543374379475,0.04865700688509045,0.6655875444412231,0.024462336407168668,0.02884364907143173,0.001394369827627751
11,test_w32-35,19.5,all,near,ls,0.7333070422296215,0.006846156192176255,0.7718859291019989,0.008918710908604958,0.7742256339956116,0.0011528930284095146,0.746220584978964,0.043337320832470785,0.6973695776717596,0.006718190042678907,0.05917612349957224,0.003585783577513883,0.032622613759413305,0.0010413069049994203,0.6625374754269918,0.007633993272106861,0.650585949420929,0.005926606595642785,0.028037131770787,0.00013424244781510885
11,test_w32-35,19.5,all,near,teacherA,0.8023677412744686,,0.7980446032369104,,0.8112042967570506,,0.7370614167522194,,0.7460682154719487,,0.0417693627950549,,0.0372020881134271,,0.5346688628196716,,0.5133283734321594,,0.0133651192969774,
11,test_w32-35,19.5,all,near,teacherA_member,0.7905310225799984,0.005387276974685589,0.7838577446101818,0.008905944375344673,0.7755130389516275,0.0057379276306250655,0.7286671900477082,0.0165540544402619,0.7288535858445557,0.007671427870990783,0.06387578092685335,0.0019609124496396315,0.04589319008906182,0.0016743419270615826,0.6650342106819153,0.025060221238816197,0.5542561173439026,0.019332360704832578,0.01647393214371998,0.0004339857222763223
11,test_w32-35,19.5,all,near,teacherB,0.7917887612934135,,0.7537133872818406,,0.7438947976930974,,0.7232320792318376,,0.7023713545503957,,0.0710090337294339,,0.0499128859743475,,0.7119684219360352,,0.5499966740608215,,0.0164075489304829,
11,test_w32-35,19.5,ge5,all,direct,0.7440175281578251,0.007347826149444356,0.8288306071972427,0.004836727611857665,0.8228134921350932,0.001213177657395348,0.6588102661663936,0.009221679614873489,0.7493930637002036,0.0034183432652164607,0.047125661957868166,0.002768546035652758,0.0401019404224954,0.002344936700183304,0.7503210703531901,0.0376358946726606,0.72316841284434,0.034932900986736404,0.021952666915284334,0.0011841242410013872
11,test_w32-35,19.5,ge5,all,directTS,0.7440175281578251,0.007347826149444356,0.828495256682276,0.004823918105361433,0.8242436534309506,0.0012801444809799336,0.6598495657841427,0.009077670260798528,0.7489803717777646,0.003423141924125167,0.0401019404224954,0.002344936700183304,,,0.72316841284434,0.034932900986736404,,,0.02189600747541193,0.0011722356983391482
11,test_w32-35,19.5,ge5,all,enddA,0.742348782805796,0.004477397014762176,0.7164347811480062,0.0020531352956288744,0.8095606791972814,0.004703927097697268,0.8965844034596347,0.005261794514224565,0.6444319483102453,0.0019132388770961087,0.015041812599752432,0.0018420370771912416,0.022564404958136636,0.0006254641518015566,0.5966617266337076,0.010017377728397947,0.6012712717056274,0.009535543370585058,0.024237438375258564,0.0013054258626465625
11,test_w32-35,19.5,ge5,all,kdA,0.7518861723407008,0.013266588781778322,0.8268035212169832,0.006774220367682734,0.8240142061841818,0.0028884117284344287,0.6483996547411439,0.029066616026333907,0.7488365168796894,0.0077391829030687455,0.044228568939417734,0.0029268092057726553,0.036339402174128795,0.0025121785656261474,0.7614347736040751,0.03740870588795818,0.7296502987543741,0.03419286022750564,0.0221444957402421,0.0009687234051697022
11,test_w32-35,19.5,ge5,all,kdA4,0.7327957735884185,0.004111047026640662,0.7919286122075078,0.0029508661192337348,0.796661544901445,0.0024510415047595806,0.7012066444714545,0.020399810404077224,0.7171016671866569,0.0011440167590089083,0.08733527434587969,0.003562445181034432,0.03415219163953443,0.004634012698780152,0.8270771106084188,0.02746415305558698,0.592008908589681,0.01294995652136634,0.025023925611557668,0.0008278444330691737
11,test_w32-35,19.5,ge5,all,kdB,0.7452520267971096,0.012530475471900433,0.8198464668563243,0.005326642585024249,0.8159649023376008,0.0026369687486793537,0.6697775194208107,0.015730987500614038,0.7430903742066836,0.006539403322899025,0.044785094528923736,0.0047952351389452235,0.036751701993268965,0.004370163525583809,0.737196664015452,0.05393858767152574,0.7071553071339926,0.04895666249617768,0.022314020588050067,0.0010311382203654614
11,test_w32-35,19.5,ge5,all,kdB4,0.7368729827909627,0.0022997384159201034,0.7894476141590717,0.0010041420090805564,0.7918894372811267,0.0016636169392617603,0.6940407616833131,0.0034980582359874536,0.7155406489456905,0.000938937764085424,0.09546233743378496,0.004451148355955241,0.0350415116492257,0.003837975201101774,0.9632992347081503,0.04521635014516946,0.6154473026593527,0.02325838659921906,0.025864489553995337,0.0012791903701522308
11,test_w32-35,19.5,ge5,all,ls,0.7376801250109004,0.0065231412008334,0.7945319934388378,0.008105321361941212,0.808910044261129,0.0011514323636146852,0.7071782134615723,0.026337292757349758,0.7204492969257794,0.006754809269958865,0.06328185825805739,0.004197534432376976,0.026672221785733766,0.0007565661225831639,0.6207037965456644,0.00970182064445712,0.5980247656504313,0.008044189933827658,0.025382419275020666,0.00014458167393618276
11,test_w32-35,19.5,ge5,all,teacherA,0.8066270711165648,,0.8221928817639219,,0.8459721802925813,,0.6254822174073879,,0.7685786126996187,,0.037081571495805,,0.032781861096934,,0.4885100722312927,,0.4694109559059143,,0.0119044024606798,
11,test_w32-35,19.5,ge5,all,teacherA_member,0.7940555503611343,0.005521977069506897,0.8088869291958118,0.007507160127226879,0.822102046265265,0.004978664140214485,0.6509707763039687,0.021650930815769333,0.7525123872764354,0.0068474344351762894,0.059838207225547876,0.0018502909194467788,0.04324526097740852,0.0015562252313308308,0.6200031638145447,0.023079038087799812,0.5164289116859436,0.01804285650669314,0.014949540588970939,0.0004567585425239534
11,test_w32-35,19.5,ge5,all,teacherB,0.7961874597692542,,0.8182836412319874,,0.8203232525443174,,0.6303440257887227,,0.7613518907932568,,0.0667991668582825,,0.0475241215184146,,0.662010133266449,,0.5106800198554993,,0.0147659827156699,
11,test_w32-35,19.5,ge5,far,direct,0.7440175281578251,0.007347826149444356,0.8249419676099925,0.004054573856426339,0.826238277252619,0.002628645973832654,0.6497941287469204,0.008981424188194179,0.7452878637719028,0.002825300494792688,0.047125661957868166,0.002768546035652758,0.0401019404224954,0.002344936700183304,0.7503210703531901,0.0376358946726606,0.72316841284434,0.034932900986736404,0.021952666915284334,0.0011841242410013872
11,test_w32-35,19.5,ge5,far,directTS,0.7440175281578251,0.007347826149444356,0.8245703064795031,0.004018116416586949,0.8275569994533619,0.0026487836334111964,0.6511383344570384,0.008743088980699415,0.7448571513512645,0.0028101684943799493,0.0401019404224954,0.002344936700183304,,,0.72316841284434,0.034932900986736404,,,0.02189600747541193,0.0011722356983391482
11,test_w32-35,19.5,ge5,far,enddA,0.742348782805796,0.004477397014762176,0.727328107550194,0.001353310717664736,0.8141287055464771,0.006458005290392105,0.8911023758941936,0.002588827216867571,0.6534540086897374,0.002228065490014556,0.015041812599752432,0.0018420370771912416,0.022564404958136636,0.0006254641518015566,0.5966617266337076,0.010017377728397947,0.6012712717056274,0.009535543370585058,0.024237438375258564,0.0013054258626465625
11,test_w32-35,19.5,ge5,far,kdA,0.7518861723407008,0.013266588781778322,0.8237147170020304,0.007344302426518403,0.828287996912841,0.003424554071314267,0.6353598188502588,0.033608682561930496,0.7452525871819121,0.008257036051314016,0.044228568939417734,0.0029268092057726553,0.036339402174128795,0.0025121785656261474,0.7614347736040751,0.03740870588795818,0.7296502987543741,0.03419286022750564,0.0221444957402421,0.0009687234051697022
11,test_w32-35,19.5,ge5,far,kdA4,0.7327957735884185,0.004111047026640662,0.7956669698470531,0.002651965741425648,0.8042058201523439,0.002397924604761127,0.6985926123811099,0.016802112149966228,0.7199859535125656,0.00178983240594591,0.08733527434587969,0.003562445181034432,0.03415219163953443,0.004634012698780152,0.8270771106084188,0.02746415305558698,0.592008908589681,0.01294995652136634,0.025023925611557668,0.0008278444330691737
11,test_w32-35,19.5,ge5,far,kdB,0.7452520267971096,0.012530475471900433,0.816006474526556,0.00433308282029849,0.8199454580013801,0.004065042493200598,0.6601364559613615,0.015542994720199843,0.7389602379210901,0.00601906554453834,0.044785094528923736,0.0047952351389452235,0.036751701993268965,0.004370163525583809,0.737196664015452,0.05393858767152574,0.7071553071339926,0.04895666249617768,0.022314020588050067,0.0010311382203654614
11,test_w32-35,19.5,ge5,far,kdB4,0.7368729827909627,0.0022997384159201034,0.797116146137388,0.004261255958741751,0.8020638317384391,0.005166906659579125,0.6846289865028178,0.006835056270744543,0.7215440206422473,0.003046861591711846,0.09546233743378496,0.004451148355955241,0.0350415116492257,0.003837975201101774,0.9632992347081503,0.04521635014516946,0.6154473026593527,0.02325838659921906,0.025864489553995337,0.0012791903701522308
11,test_w32-35,19.5,ge5,far,ls,0.7376801250109004,0.0065231412008334,0.798715249704575,0.007817886227393654,0.8159018124213674,0.0012816313499713558,0.6988173533988898,0.02422208163853577,0.7236657000484575,0.006686590981033983,0.06328185825805739,0.004197534432376976,0.026672221785733766,0.0007565661225831639,0.6207037965456644,0.00970182064445712,0.5980247656504313,0.008044189933827658,0.025382419275020666,0.00014458167393618276
11,test_w32-35,19.5,ge5,far,teacherA,0.8066270711165648,,0.8253258614891158,,0.852102478153265,,0.6098411123408262,,0.7707831223955581,,0.037081571495805,,0.032781861096934,,0.4885100722312927,,0.4694109559059143,,0.0119044024606798,
11,test_w32-35,19.5,ge5,far,teacherA_member,0.7940555503611343,0.005521977069506897,0.812403561495211,0.009104479838532884,0.8304612532770628,0.005637761137380324,0.6393491839356817,0.02457633366253377,0.7551530575786168,0.008342003303047758,0.059838207225547876,0.0018502909194467788,0.04324526097740852,0.0015562252313308308,0.6200031638145447,0.023079038087799812,0.5164289116859436,0.01804285650669314,0.014949540588970939,0.0004567585425239534
11,test_w32-35,19.5,ge5,far,teacherB,0.7961874597692542,,0.8299292247260104,,0.834564909068336,,0.6154511569922019,,0.7712181557812723,,0.0667991668582825,,0.0475241215184146,,0.662010133266449,,0.5106800198554993,,0.0147659827156699,
11,test_w32-35,19.5,ge5,near,direct,0.7440175281578251,0.007347826149444356,0.8479285747915283,0.01045417211713997,0.8059936162570739,0.009355048456963198,0.7030905077262694,0.026026147891092106,0.7695546069442255,0.007952059997090786,0.047125661957868166,0.002768546035652758,0.0401019404224954,0.002344936700183304,0.7503210703531901,0.0376358946726606,0.72316841284434,0.034932900986736404,0.021952666915284334,0.0011841242410013872
11,test_w32-35,19.5,ge5,near,directTS,0.7440175281578251,0.007347826149444356,0.8477715537264947,0.010604139852452751,0.8079710795539214,0.009264183236503371,0.702632346203507,0.029302599813325208,0.7692304176672272,0.0080636438364286,0.0401019404224954,0.002344936700183304,,,0.72316841284434,0.034932900986736404,,,0.02189600747541193,0.0011722356983391482
11,test_w32-35,19.5,ge5,near,enddA,0.742348782805796,0.004477397014762176,0.6629352500253287,0.011965788534258644,0.7871260932117808,0.003999945277521675,0.9235078512224583,0.01867582764248015,0.6001226177859746,0.010197624217483455,0.015041812599752432,0.0018420370771912416,0.022564404958136636,0.0006254641518015566,0.5966617266337076,0.010017377728397947,0.6012712717056274,0.009535543370585058,0.024237438375258564,0.0013054258626465625
11,test_w32-35,19.5,ge5,near,kdA,0.7518861723407008,0.013266588781778322,0.8419733207005026,0.007490410964147859,0.803024676296066,0.001640810376263702,0.7124411678953725,0.0192399777149138,0.7664379869292067,0.006569260993222322,0.044228568939417734,0.0029268092057726553,0.036339402174128795,0.0025121785656261474,0.7614347736040751,0.03740870588795818,0.7296502987543741,0.03419286022750564,0.0221444957402421,0.0009687234051697022
11,test_w32-35,19.5,ge5,near,kdA4,0.7327957735884185,0.004111047026640662,0.7735687124394829,0.012387653470363741,0.7596099434271286,0.006873661088163142,0.7140447332250406,0.03819557189397373,0.7029363002121878,0.008598423340464114,0.08733527434587969,0.003562445181034432,0.03415219163953443,0.004634012698780152,0.8270771106084188,0.02746415305558698,0.592008908589681,0.01294995652136634,0.025023925611557668,0.0008278444330691737
11,test_w32-35,19.5,ge5,near,kdB,0.7452520267971096,0.012530475471900433,0.8387055170281835,0.011632688638893586,0.7964155145971269,0.0049837683315551535,0.7171269107418051,0.02792285728969337,0.7633743854071211,0.010063750365675214,0.044785094528923736,0.0047952351389452235,0.036751701993268965,0.004370163525583809,0.737196664015452,0.05393858767152574,0.7071553071339926,0.04895666249617768,0.022314020588050067,0.0010311382203654614
11,test_w32-35,19.5,ge5,near,kdB4,0.7368729827909627,0.0022997384159201034,0.7517857604614914,0.019480078382188685,0.7419207396742994,0.01564642890963787,0.7402640676413013,0.040573438573131455,0.6860567650462381,0.015044559756212602,0.09546233743378496,0.004451148355955241,0.0350415116492257,0.003837975201101774,0.9632992347081503,0.04521635014516946,0.6154473026593527,0.02325838659921906,0.025864489553995337,0.0012791903701522308
11,test_w32-35,19.5,ge5,near,ls,0.7376801250109004,0.0065231412008334,0.7739870982874364,0.009614939182844166,0.7745719270983038,0.0006648899513778222,0.7482402432421176,0.04497498838742306,0.7046528310335752,0.007468054015189798,0.06328185825805739,0.004197534432376976,0.026672221785733766,0.0007565661225831639,0.6207037965456644,0.00970182064445712,0.5980247656504313,0.008044189933827658,0.025382419275020666,0.00014458167393618276
11,test_w32-35,19.5,ge5,near,teacherA,0.8066270711165648,,0.8068061265959993,,0.8158649339767936,,0.7022991378233162,,0.7577517788443073,,0.037081571495805,,0.032781861096934,,0.4885100722312927,,0.4694109559059143,,0.0119044024606798,
11,test_w32-35,19.5,ge5,near,teacherA_member,0.7940555503611343,0.005521977069506897,0.7916159715284699,0.009529801009148709,0.7810481349825953,0.005748648937377915,0.7080469823816069,0.008903733430421057,0.7395434723830089,0.00829390149114042,0.059838207225547876,0.0018502909194467788,0.04324526097740852,0.0015562252313308308,0.6200031638145447,0.023079038087799812,0.5164289116859436,0.01804285650669314,0.014949540588970939,0.0004567585425239534
11,test_w32-35,19.5,ge5,near,teacherB,0.7961874597692542,,0.7610896094388069,,0.7503793329081448,,0.7034861926777458,,0.7128964850427315,,0.0667991668582825,,0.0475241215184146,,0.662010133266449,,0.5106800198554993,,0.0147659827156699,
11,test_w36-39,23.5,all,all,direct,0.7223008974059985,0.005558601045998561,0.8157356480166666,0.006900714117543308,0.8151134610166667,0.0019604014293465354,0.7150866666666666,0.014410920627542663,0.7207611422999999,0.005490547385508685,0.0622062578157583,0.0012228590062584245,0.054077664607043,0.0009167008464772947,0.8606992562611898,0.0411450911843277,0.829775075117747,0.03782452987238215,0.0310844157812266,0.0010126170592756145
11,test_w36-39,23.5,all,all,directTS,0.7223008974059985,0.005558601045998561,0.8152453974166667,0.006919486367176604,0.8164608345333333,0.0020547677174330113,0.7165033333333334,0.013256871174350846,0.7202292179666667,0.005509686489032474,0.054077664607043,0.0009167008464772947,,,0.829775075117747,0.03782452987238215,,,0.031036534113637066,0.0010078683752465397
11,test_w36-39,23.5,all,all,enddA,0.7198945056399841,0.006401130474052262,0.7228830744833333,0.0011642245585306308,0.80694318785,0.00409835187584208,0.8726033333333333,0.0017526075811011472,0.6310450961666666,0.0009968641359630282,0.03164554019632434,0.0016565300331676564,0.040574145593444466,0.0020023917115547926,0.7208837866783142,0.026142468079707645,0.7288462122281393,0.02617301554692608,0.034894018543319,0.002045145399666008
11,test_w36-39,23.5,all,all,kdA,0.7274908895853001,0.014772657464133058,0.8134699860833333,0.007785458289212493,0.81747075865,0.0025631565891835162,0.6811966666666667,0.01906216234673636,0.7194628169666667,0.008754252733575735,0.0607538823735465,0.004657926049947816,0.051497560262456464,0.004487026768048806,0.8494265874226888,0.048235880841070194,0.814722498257955,0.04417043813525954,0.031470202089563894,0.0011109647055589087
11,test_w36-39,23.5,all,all,kdA4,0.715005091537542,0.00627076831663876,0.78932575805,0.003204163000983243,0.7944915218166666,0.0037558087520905706,0.7319566666666667,0.03967663838247055,0.6968645469333333,0.0014645872043801478,0.10934323685646052,0.0066130717029642275,0.04996921005624033,0.005733761550209989,0.9803386330604553,0.0425788518792014,0.6976819833119711,0.02271805652888059,0.034650607644328264,0.00217700138650697
11,test_w36-39,23.5,all,all,kdB,0.7257111971976671,0.013520339269125351,0.8051266023333333,0.004600035910865889,0.8093778248833333,0.0008624088591129758,0.7142666666666666,0.003328608317800882,0.7136473671000001,0.00663227649669992,0.05938379192039367,0.004985543995964144,0.049853833762456896,0.004934197732612518,0.8384747505187988,0.04639978535097567,0.8048922022183737,0.04199765010255621,0.0315627595213159,0.0009424853175699144
11,test_w36-39,23.5,all,all,kdB4,0.7144598705774036,0.004940984240518548,0.7888874825166668,0.0005580153089328075,0.7922340031166666,0.0022388094784700566,0.7354666666666666,0.0210784969419865,0.6956152378666666,0.0026343628121038073,0.12060521527757244,0.0059277213887095215,0.0511480295482774,0.005182032191157511,1.1713019212086995,0.028810138906969613,0.7421671748161316,0.014732841638973107,0.03616373592033017,0.0011997422465772909
11,test_w36-39,23.5,all,all,ls,0.7089032502370257,0.007122054389619381,0.7849486444166667,0.008063463670079055,0.8093434860833334,0.004014488544949712,0.7253599999999999,0.02908752481735083,0.6926041404333333,0.005948901013541833,0.04780145556349303,0.0033525619379550916,0.0477775039070844,0.0009194563989266968,0.7287623484929403,0.015690700754533257,0.7271579504013062,0.019274160821058237,0.0357976614571321,4.082313279086781e-05
11,test_w36-39,23.5,all,all,teacherA,0.780993170966899,,0.8124336511,,0.8406530297499999,,0.68179,,0.7445593947000001,,0.0548801093555241,,0.0499414210494607,,0.6521565318107605,,0.6250990033149719,,0.0188034768498008,
11,test_w36-39,23.5,all,all,teacherA_member,0.7730893474843341,0.0035102921798261816,0.79985389133,0.005461981142018932,0.81878521368,0.005749535034437999,0.717842,0.03150053364627336,0.72938292736,0.0038511160042766527,0.0794779618160128,0.004717633669797434,0.059900054699540115,0.004306698752358881,0.8088382482528687,0.036912245983539885,0.6704394459724426,0.026950558406548107,0.022763511597967363,0.0006455223280373609
11,test_w36-39,23.5,all,all,teacherB,0.7701675773358468,,0.81389402985,,0.8221707823000001,,0.65944,,0.7402618425000002,,0.0908387875470519,,0.0677333057056367,,0.8940309882164001,,0.6835542917251587,,0.0220715330293565,
11,test_w36-39,23.5,all,far,direct,0.7223008974059985,0.005558601045998561,0.8133581835178155,0.00679570705029003,0.8184756590663068,0.0036559711616087273,0.7131836131058562,0.017320835111206502,0.7184938875802344,0.005456655966607285,0.0622062578157583,0.0012228590062584245,0.054077664607043,0.0009167008464772947,0.8606992562611898,0.0411450911843277,0.829775075117747,0.03782452987238215,0.0310844157812266,0.0010126170592756145
11,test_w36-39,23.5,all,far,directTS,0.7223008974059985,0.005558601045998561,0.8128248362339722,0.006789862377145555,0.8197402071612618,0.0037711610219685744,0.7146777660888258,0.0161854191914562,0.7179363204958148,0.0054613203498943145,0.054077664607043,0.0009167008464772947,,,0.829775075117747,0.03782452987238215,,,0.031036534113637066,0.0010078683752465397
11,test_w36-39,23.5,all,far,enddA,0.7198945056399841,0.006401130474052262,0.730198935778103,0.001037625760427397,0.8108331702915123,0.003971456637990497,0.8680914482611414,0.0007793610464639877,0.6368583453399198,0.00029313735517587586,0.03164554019632434,0.0016565300331676564,0.040574145593444466,0.0020023917115547926,0.7208837866783142,0.026142468079707645,0.7288462122281393,0.02617301554692608,0.034894018543319,0.002045145399666008
11,test_w36-39,23.5,all,far,kdA,0.7274908895853001,0.014772657464133058,0.8114480328828004,0.008074291136275209,0.8211223554063943,0.0033673831618008516,0.6744385491469607,0.017234768574166934,0.7172948395310189,0.009111942967437305,0.0607538823735465,0.004657926049947816,0.051497560262456464,0.004487026768048806,0.8494265874226888,0.048235880841070194,0.814722498257955,0.04417043813525954,0.031470202089563894,0.0011109647055589087
11,test_w36-39,23.5,all,far,kdA4,0.715005091537542,0.00627076831663876,0.7915261755019897,0.0024404563482938848,0.8002624261118481,0.0037337803690670125,0.7336329262528777,0.03721777852355969,0.6986871952614006,0.002525703936555941,0.10934323685646052,0.0066130717029642275,0.04996921005624033,0.005733761550209989,0.9803386330604553,0.0425788518792014,0.6976819833119711,0.02271805652888059,0.034650607644328264,0.00217700138650697
11,test_w36-39,23.5,all,far,kdB,0.7257111971976671,0.013520339269125351,0.8029939018356737,0.0034432101629182535,0.8134401176836055,0.0005348667334416579,0.7086744728536797,0.006851933863506642,0.7113797853679733,0.005951179324264671,0.05938379192039367,0.004985543995964144,0.049853833762456896,0.004934197732612518,0.8384747505187988,0.04639978535097567,0.8048922022183737,0.04199765010255621,0.0315627595213159,0.0009424853175699144
11,test_w36-39,23.5,all,far,kdB4,0.7144598705774036,0.004940984240518548,0.793945199214045,0.001853944795656748,0.8003098255423927,0.002020511547631297,0.7350127307932732,0.018955237959769434,0.6995994420939486,0.002181920187937903,0.12060521527757244,0.0059277213887095215,0.0511480295482774,0.005182032191157511,1.1713019212086995,0.028810138906969613,0.7421671748161316,0.014732841638973107,0.03616373592033017,0.0011997422465772909
11,test_w36-39,23.5,all,far,ls,0.7089032502370257,0.007122054389619381,0.7857473076468615,0.00716920041495371,0.8134043178162497,0.0032441841234345497,0.7228269984296146,0.02736925215458315,0.693238589054567,0.005472503068984642,0.04780145556349303,0.0033525619379550916,0.0477775039070844,0.0009194563989266968,0.7287623484929403,0.015690700754533257,0.7271579504013062,0.019274160821058237,0.0357976614571321,4.082313279086781e-05
11,test_w36-39,23.5,all,far,teacherA,0.780993170966899,,0.8159248588368477,,0.8475149405388098,,0.674449983991218,,0.7472966547363126,,0.0548801093555241,,0.0499414210494607,,0.6521565318107605,,0.6250990033149719,,0.0188034768498008,
11,test_w36-39,23.5,all,far,teacherA_member,0.7730893474843341,0.0035102921798261816,0.803425718279742,0.006637745403182755,0.827307414170059,0.006410507950231056,0.7138018570187075,0.034017159343957076,0.7322483963545716,0.004947649274666579,0.0794779618160128,0.004717633669797434,0.059900054699540115,0.004306698752358881,0.8088382482528687,0.036912245983539885,0.6704394459724426,0.026950558406548107,0.022763511597967363,0.0006455223280373609
11,test_w36-39,23.5,all,far,teacherB,0.7701675773358468,,0.8228505022183598,,0.8351329911837351,,0.6490874994282578,,0.7475907048438,,0.0908387875470519,,0.0677333057056367,,0.8940309882164001,,0.6835542917251587,,0.0220715330293565,
11,test_w36-39,23.5,all,near,direct,0.7223008974059985,0.005558601045998561,0.8323051431835086,0.007682189935123426,0.7916809662894485,0.01089264245367303,0.728349803421528,0.02374884916190562,0.7365625417065137,0.005793944280645093,0.0622062578157583,0.0012228590062584245,0.054077664607043,0.0009167008464772947,0.8606992562611898,0.0411450911843277,0.829775075117747,0.03782452987238215,0.0310844157812266,0.0010126170592756145
11,test_w36-39,23.5,all,near,directTS,0.7223008974059985,0.005558601045998561,0.8321152505047286,0.007869622734559241,0.7936055830942514,0.010864832594111222,0.7292264371480183,0.022566954820362164,0.7362093318988417,0.005912198252278526,0.054077664607043,0.0009167008464772947,,,0.829775075117747,0.03782452987238215,,,0.031036534113637066,0.0010078683752465397
11,test_w36-39,23.5,all,near,enddA,0.7198945056399841,0.006401130474052262,0.6718959289661036,0.00954440874484835,0.779832353894379,0.005293119678347679,0.9040484539368824,0.0107687175047626,0.5905302518329614,0.007558664144124156,0.03164554019632434,0.0016565300331676564,0.040574145593444466,0.0020023917115547926,0.7208837866783142,0.026142468079707645,0.7288462122281393,0.02617301554692608,0.034894018543319,0.002045145399666008
11,test_w36-39,23.5,all,near,kdA,0.7274908895853001,0.014772657464133058,0.8275617816916374,0.005775843757267511,0.7920213292955053,0.007093356447185741,0.7282966741047711,0.031894454151483086,0.7345723135160981,0.006269933670306352,0.0607538823735465,0.004657926049947816,0.051497560262456464,0.004487026768048806,0.8494265874226888,0.048235880841070194,0.814722498257955,0.04417043813525954,0.031470202089563894,0.0011109647055589087
11,test_w36-39,23.5,all,near,kdA4,0.715005091537542,0.00627076831663876,0.7739901741313356,0.01252860552871684,0.7542717957709063,0.007097739684106478,0.7202741472744661,0.05968578634343538,0.6841617862076294,0.005984613232851651,0.10934323685646052,0.0066130717029642275,0.04996921005624033,0.005733761550209989,0.9803386330604553,0.0425788518792014,0.6976819833119711,0.02271805652888059,0.034650607644328264,0.00217700138650697
11,test_w36-39,23.5,all,near,kdB,0.7257111971976671,0.013520339269125351,0.8199902398788653,0.012800814451239878,0.7810660915418127,0.008395940675347146,0.7532408883221762,0.02586880836369202,0.7294510455849538,0.011542529628750397,0.05938379192039367,0.004985543995964144,0.049853833762456896,0.004934197732612518,0.8384747505187988,0.04639978535097567,0.8048922022183737,0.04199765010255621,0.0315627595213159,0.0009424853175699144
11,test_w36-39,23.5,all,near,kdB4,0.7144598705774036,0.004940984240518548,0.7536382443417278,0.01704499486935291,0.7359503863829562,0.015024287802961219,0.7386303262140048,0.036333840023469455,0.6678477348315801,0.013494952467841503,0.12060521527757244,0.0059277213887095215,0.0511480295482774,0.005182032191157511,1.1713019212086995,0.028810138906969613,0.7421671748161316,0.014732841638973107,0.03616373592033017,0.0011997422465772909
11,test_w36-39,23.5,all,near,ls,0.7089032502370257,0.007122054389619381,0.7793824428859845,0.014791076901968202,0.7810419355010095,0.009743057517798031,0.7430134948464563,0.04908801704284595,0.6881824157900329,0.009687366092430937,0.04780145556349303,0.0033525619379550916,0.0477775039070844,0.0009194563989266968,0.7287623484929403,0.015690700754533257,0.7271579504013062,0.019274160821058237,0.0357976614571321,4.082313279086781e-05
11,test_w36-39,23.5,all,near,teacherA,0.780993170966899,,0.7881020365795345,,0.7928296457602806,,0.7329454893210073,,0.7254823414089895,,0.0548801093555241,,0.0499414210494607,,0.6521565318107605,,0.6250990033149719,,0.0188034768498008,
11,test_w36-39,23.5,all,near,teacherA_member,0.7730893474843341,0.0035102921798261816,0.7749604094676442,0.006608264485954701,0.7593906107746254,0.004331995621075589,0.745999362448199,0.017214857881866528,0.7094123348740835,0.005197859225006586,0.0794779618160128,0.004717633669797434,0.059900054699540115,0.004306698752358881,0.8088382482528687,0.036912245983539885,0.6704394459724426,0.026950558406548107,0.022763511597967363,0.0006455223280373609
11,test_w36-39,23.5,all,near,teacherB,0.7701675773358468,,0.7514728135957921,,0.7318319959356073,,0.7315906917437042,,0.6891840875039847,,0.0908387875470519,,0.0677333057056367,,0.8940309882164001,,0.6835542917251587,,0.0220715330293565,
11,test_w36-39,23.5,ge5,all,direct,0.727430754985619,0.005691331412106149,0.8236688530271764,0.00586651302075883,0.8156346535087556,0.0018322899566845907,0.6986500972002689,0.0017806095527817523,0.7339970171733623,0.005524527780306467,0.05821259172018877,0.0013291095412526009,0.050808713673401805,0.0011172549438629394,0.800461212793986,0.047167420722159334,0.7715847690900167,0.04382182400097939,0.027872882855349366,0.0009509493249239339
11,test_w36-39,23.5,ge5,all,directTS,0.727430754985619,0.005691331412106149,0.823312442612005,0.005861419945866246,0.8171299562554432,0.001912059661729728,0.7011827546737885,0.00585592885614295,0.7335689551100355,0.0055457103647332815,0.050808713673401805,0.0011172549438629394,,,0.7715847690900167,0.04382182400097939,,,0.027800772725051534,0.0009437762339623837
11,test_w36-39,23.5,ge5,all,enddA,0.7252045289444441,0.006995662103548872,0.7220343402095503,0.0018210806688528634,0.8063073000588332,0.004746521670881905,0.8747079449864646,0.00416545723065829,0.6374489339093786,0.0009429394550739822,0.024774717241590333,0.0014592408787689926,0.0330157161385489,0.0012083274473732,0.6684436599413554,0.02538486085388708,0.674608588218689,0.025328836441182435,0.0311085395830301,0.0015704086943636505
11,test_w36-39,23.5,ge5,all,kdA,0.7330104291112708,0.015324204692618235,0.8212811167471853,0.007472195605860982,0.8177233375921125,0.002199415430828412,0.6682800094475027,0.02481855545397357,0.7324399721078964,0.008693074969056224,0.055780814469811126,0.005230607122458335,0.04728659653659186,0.005051396867452298,0.798791229724884,0.04988881496912643,0.765921413898468,0.045511969454973406,0.028439729673576566,0.0011088381772721245
11,test_w36-39,23.5,ge5,all,kdA4,0.7211679536484303,0.006245743100633265,0.793177656652588,0.0036456838802210083,0.7951246458694375,0.004077919859090796,0.7086172126233171,0.02500617871008616,0.7063253143733751,0.0013168828341895869,0.10120545596117263,0.006992398022616713,0.046465328930692766,0.006324204204672766,0.9033804933230082,0.04149734834188435,0.6425840258598328,0.02099364439686944,0.031079279287590033,0.001993404401185587
11,test_w36-39,23.5,ge5,all,kdB,0.7306149358132235,0.013756271554549615,0.8130033072062307,0.0058775374257500745,0.809539191706139,0.0013058865064304443,0.7027924637997129,0.0035956057327575022,0.7265854142505098,0.007703774482509047,0.05500695669867317,0.004893593901107771,0.04634679672817837,0.004835853076392313,0.7849833170572916,0.05257835693037901,0.7532557845115662,0.04788750065999978,0.028512463225124934,0.0009159470708840033
11,test_w36-39,23.5,ge5,all,kdB4,0.719982282439628,0.005086260563180141,0.7931077671652028,0.0003837367596379871,0.7926062362636017,0.001961619294755144,0.7104994458676259,0.011522981464638291,0.705386204385075,0.002428567528586628,0.11224228300942389,0.0062728520334745345,0.04863905448493877,0.005433568035787193,1.0965195894241333,0.02199217475442299,0.6914084156354269,0.012124421076152296,0.03247398400319057,0.001129651314722178
11,test_w36-39,23.5,ge5,all,ls,0.7138773401265076,0.006916414741293607,0.7884205127024169,0.00870186509313402,0.8088362227517073,0.0038093240387937133,0.72134953943424,0.02837417260122377,0.7025990540956144,0.006718564804627633,0.05384216956361546,0.0036057286239496544,0.0397657698278178,0.000777649980929025,0.6841296752293905,0.018097563729095805,0.6708928346633911,0.021929651313683567,0.03217751747768716,8.436527038644514e-05
11,test_w36-39,23.5,ge5,all,teacherA,0.7859644849392532,,0.8210019327796196,,0.8438236107158847,,0.6416089823949419,,0.756124719932108,,0.0488981291188177,,0.0442747667612334,,0.5888287425041199,,0.5648356080055237,,0.016961565670839,
11,test_w36-39,23.5,ge5,all,teacherA_member,0.777886139211877,0.0032398722165644053,0.8075574925680259,0.006827245288128022,0.8215766340821457,0.005840073653700417,0.677124325502807,0.027619598618364397,0.7402113372085539,0.005108896804973483,0.07404537185247574,0.004466365630477411,0.05606943344167272,0.004153667473076278,0.745557165145874,0.035291031223601305,0.6175305604934692,0.025824968814914067,0.02085091256378194,0.0006379516081876268
11,test_w36-39,23.5,ge5,all,teacherB,0.7751071555885837,,0.8199200241120398,,0.8244465519711649,,0.6334768627023492,,0.7501065352163141,,0.0847829134239656,,0.0641719037441482,,0.8316133618354797,,0.6342954635620117,,0.0200441719514424,
11,test_w36-39,23.5,ge5,far,direct,0.727430754985619,0.005691331412106149,0.8206030571472569,0.005581967016834009,0.818521272119601,0.003554884661927379,0.6964134756225152,0.005924999306900442,0.73109165412106,0.005354894552203671,0.05821259172018877,0.0013291095412526009,0.050808713673401805,0.0011172549438629394,0.800461212793986,0.047167420722159334,0.7715847690900167,0.04382182400097939,0.027872882855349366,0.0009509493249239339
11,test_w36-39,23.5,ge5,far,directTS,0.727430754985619,0.005691331412106149,0.8202104450129933,0.005550197227383854,0.8199225502678114,0.003650565570518457,0.6993136639464322,0.01017491762995367,0.7306424159657148,0.005360308302135216,0.050808713673401805,0.0011172549438629394,,,0.7715847690900167,0.04382182400097939,,,0.027800772725051534,0.0009437762339623837
11,test_w36-39,23.5,ge5,far,enddA,0.7252045289444441,0.006995662103548872,0.7295966815836895,0.002282544137119108,0.8102042874257162,0.004648534287537438,0.8697719188114669,0.003767949771869595,0.6435389526800501,0.0008179804933804225,0.024774717241590333,0.0014592408787689926,0.0330157161385489,0.0012083274473732,0.6684436599413554,0.02538486085388708,0.674608588218689,0.025328836441182435,0.0311085395830301,0.0015704086943636505
11,test_w36-39,23.5,ge5,far,kdA,0.7330104291112708,0.015324204692618235,0.8186524204253981,0.007776533090737834,0.8209963446619978,0.002978813893906117,0.6615191462649089,0.02382506212498573,0.7297123262120856,0.009043054220991116,0.055780814469811126,0.005230607122458335,0.04728659653659186,0.005051396867452298,0.798791229724884,0.04988881496912643,0.765921413898468,0.045511969454973406,0.028439729673576566,0.0011088381772721245
11,test_w36-39,23.5,ge5,far,kdA4,0.7211679536484303,0.006245743100633265,0.7950605940407672,0.003070724585103981,0.800608983708773,0.004170007638422559,0.7109688219292739,0.020834766835306034,0.7078792814707957,0.0024107191547313505,0.10120545596117263,0.006992398022616713,0.046465328930692766,0.006324204204672766,0.9033804933230082,0.04149734834188435,0.6425840258598328,0.02099364439686944,0.031079279287590033,0.001993404401185587
11,test_w36-39,23.5,ge5,far,kdB,0.7306149358132235,0.013756271554549615,0.8101439153094953,0.0047706460378792,0.8131177524433376,0.00033678279758627924,0.6973550952082025,0.0005727763000100201,0.7236599757086383,0.007057651294338816,0.05500695669867317,0.004893593901107771,0.04634679672817837,0.004835853076392313,0.7849833170572916,0.05257835693037901,0.7532557845115662,0.04788750065999978,0.028512463225124934,0.0009159470708840033
11,test_w36-39,23.5,ge5,far,kdB4,0.719982282439628,0.005086260563180141,0.7980314236848112,0.002191620994049597,0.800477756239995,0.0026723554692671034,0.7101736765013601,0.008836398060856942,0.709280831512299,0.0020740529538781794,0.11224228300942389,0.0062728520334745345,0.04863905448493877,0.005433568035787193,1.0965195894241333,0.02199217475442299,0.6914084156354269,0.012124421076152296,0.03247398400319057,0.001129651314722178
11,test_w36-39,23.5,ge5,far,ls,0.7138773401265076,0.006916414741293607,0.789678397169517,0.007846511177330028,0.8131765099293284,0.0030922627482383967,0.7173383553044571,0.025288915854176294,0.7035701155469113,0.006253322267111325,0.05384216956361546,0.0036057286239496544,0.0397657698278178,0.000777649980929025,0.6841296752293905,0.018097563729095805,0.6708928346633911,0.021929651313683567,0.03217751747768716,8.436527038644514e-05
11,test_w36-39,23.5,ge5,far,teacherA,0.7859644849392532,,0.824607827010337,,0.8508227494120615,,0.6323791588198368,,0.7589140447781871,,0.0488981291188177,,0.0442747667612334,,0.5888287425041199,,0.5648356080055237,,0.016961565670839,
11,test_w36-39,23.5,ge5,far,teacherA_member,0.777886139211877,0.0032398722165644053,0.811273348585914,0.008142837178079199,0.8301641376237672,0.006533050921321811,0.6710458254865035,0.029656763778669947,0.7431607384519832,0.0062724587632310294,0.07404537185247574,0.004466365630477411,0.05606943344167272,0.004153667473076278,0.745557165145874,0.035291031223601305,0.6175305604934692,0.025824968814914067,0.02085091256378194,0.0006379516081876268
11,test_w36-39,23.5,ge5,far,teacherB,0.7751071555885837,,0.8290538857992242,,0.837525143556493,,0.6228248587570622,,0.757609852584592,,0.0847829134239656,,0.0641719037441482,,0.8316133618354797,,0.6342954635620117,,0.0200441719514424,
11,test_w36-39,23.5,ge5,near,direct,0.727430754985619,0.005691331412106149,0.8438749466834109,0.007745402478258015,0.7966094840959445,0.011138004438418454,0.7133912563784306,0.02554093231227474,0.75314572773322,0.006846340311665477,0.05821259172018877,0.0013291095412526009,0.050808713673401805,0.0011172549438629394,0.800461212793986,0.047167420722159334,0.7715847690900167,0.04382182400097939,0.027872882855349366,0.0009509493249239339
11,test_w36-39,23.5,ge5,near,directTS,0.727430754985619,0.005691331412106149,0.8437571351036285,0.007916441048650611,0.7987244855822833,0.011073566803399803,0.7135015859881396,0.024201872479955384,0.7528572333760793,0.006968365399330636,0.050808713673401805,0.0011172549438629394,,,0.7715847690900167,0.04382182400097939,,,0.027800772725051534,0.0009437762339623837
11,test_w36-39,23.5,ge5,near,enddA,0.7252045289444441,0.006995662103548872,0.672192346792076,0.00902676407985419,0.7806229770325847,0.00592355833497014,0.9072403806371535,0.012708365555061418,0.5973107464800039,0.007579885851950091,0.024774717241590333,0.0014592408787689926,0.0330157161385489,0.0012083274473732,0.6684436599413554,0.02538486085388708,0.674608588218689,0.025328836441182435,0.0311085395830301,0.0015704086943636505
11,test_w36-39,23.5,ge5,near,kdA,0.7330104291112708,0.015324204692618235,0.8386063680529664,0.005495786126685357,0.7961515533044531,0.006887986422283181,0.7128396083298855,0.032888276312392294,0.7504173817563297,0.006388801899136453,0.055780814469811126,0.005230607122458335,0.04728659653659186,0.005051396867452298,0.798791229724884,0.04988881496912643,0.765921413898468,0.045511969454973406,0.028439729673576566,0.0011088381772721245
11,test_w36-39,23.5,ge5,near,kdA4,0.7211679536484303,0.006245743100633265,0.780767564557554,0.012311552190233041,0.7589783894438636,0.0067706429276560435,0.6931181905944008,0.05271914993992252,0.6960834046249648,0.00614948643578751,0.10120545596117263,0.006992398022616713,0.046465328930692766,0.006324204204672766,0.9033804933230082,0.04149734834188435,0.6425840258598328,0.02099364439686944,0.031079279287590033,0.001993404401185587
11,test_w36-39,23.5,ge5,near,kdB,0.7306149358132235,0.013756271554549615,0.8318490303816524,0.01329018681354128,0.7859535597063153,0.008657333210378246,0.7386291545993656,0.030790672059824113,0.7458664386493581,0.012085436226837025,0.05500695669867317,0.004893593901107771,0.04634679672817837,0.004835853076392313,0.7849833170572916,0.05257835693037901,0.7532557845115662,0.04788750065999978,0.028512463225124934,0.0009159470708840033
11,test_w36-39,23.5,ge5,near,kdB4,0.719982282439628,0.005086260563180141,0.7606568576255409,0.01675877877650075,0.7407265038581633,0.014329151181602459,0.7126465315128948,0.03555832776232124,0.6797174372619154,0.013442452634151447,0.11224228300942389,0.0062728520334745345,0.04863905448493877,0.005433568035787193,1.0965195894241333,0.02199217475442299,0.6914084156354269,0.012124421076152296,0.03247398400319057,0.001129651314722178
11,test_w36-39,23.5,ge5,near,ls,0.7138773401265076,0.006916414741293607,0.7801300288129234,0.014603864109545114,0.7802301926567523,0.009333531545694052,0.747786512205213,0.05251475741102068,0.6961989676582306,0.00995898785783576,0.05384216956361546,0.0036057286239496544,0.0397657698278178,0.000777649980929025,0.6841296752293905,0.018097563729095805,0.6708928346633911,0.021929651313683567,0.03217751747768716,8.436527038644514e-05
11,test_w36-39,23.5,ge5,near,teacherA,0.7859644849392532,,0.7972361507790707,,0.7976935819901516,,0.7024410426148118,,0.7377407957293595,,0.0488981291188177,,0.0442747667612334,,0.5888287425041199,,0.5648356080055237,,0.016961565670839,
11,test_w36-39,23.5,ge5,near,teacherA_member,0.777886139211877,0.0032398722165644053,0.7830669727645684,0.006873634357176974,0.7649779864122939,0.004205390447687153,0.7171865949524203,0.018750999186416633,0.7207723790754026,0.005569633091169492,0.07404537185247574,0.004466365630477411,0.05606943344167272,0.004153667473076278,0.745557165145874,0.035291031223601305,0.6175305604934692,0.025824968814914067,0.02085091256378194,0.0006379516081876268
11,test_w36-39,23.5,ge5,near,teacherB,0.7751071555885837,,0.7597204309482622,,0.7382479735871025,,0.7036822507240381,,0.7006535581055715,,0.0847829134239656,,0.0641719037441482,,0.8316133618354797,,0.6342954635620117,,0.0200441719514424,
11,test_w40-43,27.5,all,all,direct,0.7193751184515963,0.003121107338980173,0.8094617338166668,0.0071212810545797115,0.8074159048833334,0.0023196571725777903,0.7312033333333333,0.01589126279857375,0.7109289767666667,0.0067661533184415435,0.0668071426585316,0.0018389485868116808,0.05868205670498306,0.0021760187624552388,0.9138543407122294,0.04233481823027557,0.8799231847127279,0.03856789794025246,0.033816247678023666,0.000691770286588208
11,test_w40-43,27.5,all,all,directTS,0.7193751184515963,0.003121107338980173,0.8089718900333333,0.007131328729368365,0.8087803179999998,0.002403891656784851,0.7341099999999999,0.01428294437432285,0.7103858047333333,0.0067753083922257205,0.05868205670498306,0.0021760187624552388,,,0.8799231847127279,0.03856789794025246,,,0.033785779613153134,0.0006805995738162326
11,test_w40-43,27.5,all,all,enddA,0.7149794768343775,0.0038420423489803966,0.7098791334166666,0.003382071553944478,0.7966567419166667,0.002258987976986488,0.9015933333333334,0.007052661436176593,0.6209279918333334,0.002952251604517377,0.0336971861218412,0.0024992648640728313,0.04266405556055403,0.0011196907191035421,0.7602282365163168,0.01904255860697298,0.7694625655810038,0.018796241064954262,0.037395526348217335,0.0016179314116957012
11,test_w40-43,27.5,all,all,kdA,0.7236651422944984,0.013453017293885549,0.8063078079,0.007269820271621505,0.80894198465,0.0016111508403009555,0.7028166666666666,0.02078754514927954,0.7085080443999999,0.008521884256040587,0.06541162153969206,0.004294812204324827,0.056045928283780765,0.004025706705758918,0.9053541421890259,0.039318699170610164,0.8672621448834738,0.03576275030299803,0.03448965606499633,0.0008848077248015989
11,test_w40-43,27.5,all,all,kdA4,0.7075422542182371,0.0017423592311151606,0.7825080676999999,0.004155058762492628,0.7873992201666665,0.0049527745918233725,0.73771,0.028630946543905973,0.6867373651666667,0.0026251493425366364,0.11620914151176807,0.005242283890825392,0.05628219344034787,0.0050471877158182,1.063719391822815,0.03538658659233661,0.7468271454175314,0.01865854517210977,0.03755861452345613,0.001777166985291408
11,test_w40-43,27.5,all,all,kdB,0.7234988986265951,0.009927912456956865,0.7976458826666667,0.004642949197077409,0.8008231835166667,0.0018270492964642933,0.7347033333333334,0.0020033555184573114,0.7031384369666668,0.005355117021031546,0.0631676558320224,0.0032418692492146004,0.05353395245393113,0.0033867512782415703,0.8910638093948364,0.0397799948836269,0.8543667793273926,0.035568158622376105,0.03452162852381666,0.0009670193780952901
11,test_w40-43,27.5,all,all,kdB4,0.7057621046191122,0.003471757012791001,0.7838815013166668,0.0008761661848308771,0.7857407547499999,0.002112850783403565,0.7403,0.01343632018076376,0.6871818025,0.0018527364249085868,0.1263658246684322,0.004374969892984362,0.05672434904387837,0.003975959429049266,1.2653179566065471,0.023414102375392803,0.7912656863530477,0.011974291144281127,0.0392592227907037,0.0008539232540685184
11,test_w40-43,27.5,all,all,ls,0.7053635198689362,0.007005072383663397,0.7706109078000001,0.010809485568632541,0.7990727540666667,0.005123355541418364,0.7416733333333333,0.023931168657909965,0.6770054463333333,0.008117693720915553,0.044330653582327,0.0025583732153041517,0.05157559922046953,0.0009120382498408401,0.7658261060714722,0.012384317385334256,0.7729049523671468,0.016508387305445953,0.03893807166374127,0.0008032978526899315
11,test_w40-43,27.5,all,all,teacherA,0.7764996370043135,,0.8031469847,,0.83020606235,,0.69474,,0.7330374421000001,,0.0585570498600602,,0.0534394985400139,,0.6976408362388611,,0.6682316660881042,,0.0208487918619637,
11,test_w40-43,27.5,all,all,teacherA_member,0.7674574424132746,0.0034475513911924314,0.79072105831,0.00646033004430445,0.8086687577900001,0.006365300553450466,0.72517,0.03178337537141076,0.7177824237999999,0.004430540190958387,0.08483781401635704,0.0038015631098666826,0.06458258909058566,0.003366705309306085,0.8639642834663391,0.030630087084757705,0.7142615556716919,0.022039201691654655,0.025017595642044782,0.0006942306510710304
11,test_w40-43,27.5,all,all,teacherB,0.7647540008897303,,0.80806982215,,0.8137326279499999,,0.67499,,0.7299494765999999,,0.0979572597274184,,0.0743554210673272,,0.965390920639038,,0.7350709438323975,,0.0244922043040806,
11,test_w40-43,27.5,all,far,direct,0.7193751184515963,0.003121107338980173,0.8074794562606628,0.006939308963241407,0.8105222569475622,0.0038072952297968717,0.7297185058812966,0.01647379565181157,0.7090206817739667,0.006712516707474181,0.0668071426585316,0.0018389485868116808,0.05868205670498306,0.0021760187624552388,0.9138543407122294,0.04233481823027557,0.8799231847127279,0.03856789794025246,0.033816247678023666,0.000691770286588208
11,test_w40-43,27.5,all,far,directTS,0.7193751184515963,0.003121107338980173,0.8069522611377989,0.006924962842799591,0.8118070851852682,0.003903793620968048,0.7327863577863578,0.014725870218987263,0.7084564676678339,0.0067071250952604865,0.05868205670498306,0.0021760187624552388,,,0.8799231847127279,0.03856789794025246,,,0.033785779613153134,0.0006805995738162326
11,test_w40-43,27.5,all,far,enddA,0.7149794768343775,0.0038420423489803966,0.715360086423633,0.004141898172474649,0.8000799615396126,0.002314548675120581,0.8987721109814134,0.006386665635135278,0.6252864609335248,0.0032918877139335484,0.0336971861218412,0.0024992648640728313,0.04266405556055403,0.0011196907191035421,0.7602282365163168,0.01904255860697298,0.7694625655810038,0.018796241064954262,0.037395526348217335,0.0016179314116957012
11,test_w40-43,27.5,all,far,kdA,0.7236651422944984,0.013453017293885549,0.8044065666247643,0.007645060331390774,0.8118144415387148,0.00236855780123055,0.697659453473407,0.02114975234176185,0.7065494804854687,0.00888583767106179,0.06541162153969206,0.004294812204324827,0.056045928283780765,0.004025706705758918,0.9053541421890259,0.039318699170610164,0.8672621448834738,0.03576275030299803,0.03448965606499633,0.0008848077248015989
11,test_w40-43,27.5,all,far,kdA4,0.7075422542182371,0.0017423592311151606,0.7845684005828919,0.0042714570268188165,0.7927074225741522,0.005187210352886655,0.7385180030528868,0.02595748577707231,0.6884183202014308,0.0035409993441131095,0.11620914151176807,0.005242283890825392,0.05628219344034787,0.0050471877158182,1.063719391822815,0.03538658659233661,0.7468271454175314,0.01865854517210977,0.03755861452345613,0.001777166985291408
11,test_w40-43,27.5,all,far,kdB,0.7234988986265951,0.009927912456956865,0.7957988412873006,0.0036015757147969296,0.8042678583774805,0.0011828384591560926,0.7314731675196792,0.004718721774361811,0.7011910574735866,0.004707702630937152,0.0631676558320224,0.0032418692492146004,0.05353395245393113,0.0033867512782415703,0.8910638093948364,0.0397799948836269,0.8543667793273926,0.035568158622376105,0.03452162852381666,0.0009670193780952901
11,test_w40-43,27.5,all,far,kdB4,0.7057621046191122,0.003471757012791001,0.7884643415155188,0.003006483276712107,0.7928382515863039,0.002846103562561651,0.7394383586244051,0.011638741176857953,0.6907026859043429,0.0020106195138412325,0.1263658246684322,0.004374969892984362,0.05672434904387837,0.003975959429049266,1.2653179566065471,0.023414102375392803,0.7912656863530477,0.011974291144281127,0.0392592227907037,0.0008539232540685184
11,test_w40-43,27.5,all,far,ls,0.7053635198689362,0.007005072383663397,0.7715435153654484,0.010406599655990658,0.8029059424665529,0.004165721935058884,0.739498219149382,0.02403889557125843,0.6777355948265541,0.00804206134397582,0.044330653582327,0.0025583732153041517,0.05157559922046953,0.0009120382498408401,0.7658261060714722,0.012384317385334256,0.7729049523671468,0.016508387305445953,0.03893807166374127,0.0008032978526899315
11,test_w40-43,27.5,all,far,teacherA,0.7764996370043135,,0.8073594857232649,,0.8373665794760707,,0.6858557062045434,,0.7362652110083506,,0.0585570498600602,,0.0534394985400139,,0.6976408362388611,,0.6682316660881042,,0.0208487918619637,
11,test_w40-43,27.5,all,far,teacherA_member,0.7674574424132746,0.0034475513911924314,0.7949516136975846,0.007808739192032222,0.8170769011066715,0.007116953019482289,0.7187595402711682,0.03382898974973351,0.721070615224028,0.005641505164738738,0.08483781401635704,0.0038015631098666826,0.06458258909058566,0.003366705309306085,0.8639642834663391,0.030630087084757705,0.7142615556716919,0.022039201691654655,0.025017595642044782,0.0006942306510710304
11,test_w40-43,27.5,all,far,teacherB,0.7647540008897303,,0.8170047034659244,,0.825766336423633,,0.6637783963365359,,0.737071510954476,,0.0979572597274184,,0.0743554210673272,,0.965390920639038,,0.7350709438323975,,0.0244922043040806,
11,test_w40-43,27.5,all,near,direct,0.7193751184515963,0.003121107338980173,0.8256588175593054,0.00875852976904247,0.7820340685375397,0.011020274868313492,0.7433357789190511,0.020393828784637892,0.7265215529469308,0.007624293877871922,0.0668071426585316,0.0018389485868116808,0.05868205670498306,0.0021760187624552388,0.9138543407122294,0.04233481823027557,0.8799231847127279,0.03856789794025246,0.033816247678023666,0.000691770286588208
11,test_w40-43,27.5,all,near,directTS,0.7193751184515963,0.003121107338980173,0.8254741695707998,0.008965973469830437,0.7840487654377598,0.01092840545131168,0.7449254096356078,0.020475323204753385,0.7261503145634629,0.007752085568448808,0.05868205670498306,0.0021760187624552388,,,0.8799231847127279,0.03856789794025246,,,0.033785779613153134,0.0006805995738162326
11,test_w40-43,27.5,all,near,enddA,0.7149794768343775,0.0038420423489803966,0.6650945599474198,0.008963824189174331,0.7686857977194913,0.004683664225003366,0.9246453900709221,0.013981207359808307,0.5853151742479824,0.0081235179270701,0.0336971861218412,0.0024992648640728313,0.04266405556055403,0.0011196907191035421,0.7602282365163168,0.01904255860697298,0.7694625655810038,0.018796241064954262,0.037395526348217335,0.0016179314116957012
11,test_w40-43,27.5,all,near,kdA,0.7236651422944984,0.013453017293885549,0.8218427485326485,0.004255110015465875,0.7854712932562974,0.009987413712534908,0.7449559794570799,0.017837667645910663,0.7245113652482269,0.005666070572173864,0.06541162153969206,0.004294812204324827,0.056045928283780765,0.004025706705758918,0.9053541421890259,0.039318699170610164,0.8672621448834738,0.03576275030299803,0.03448965606499633,0.0008848077248015989
11,test_w40-43,27.5,all,near,kdA4,0.7075422542182371,0.0017423592311151606,0.7656731980618735,0.012339600821890818,0.7440261825935437,0.006107835504514021,0.7311078503301541,0.05226449881232395,0.6730023716067498,0.006099570260205481,0.11620914151176807,0.005242283890825392,0.05628219344034787,0.0050471877158182,1.063719391822815,0.03538658659233661,0.7468271454175314,0.01865854517210977,0.03755861452345613,0.001777166985291408
11,test_w40-43,27.5,all,near,kdB,0.7234988986265951,0.009927912456956865,0.8127379588530204,0.013279027540546832,0.7726769297199804,0.008358764309321772,0.761096845194424,0.022788833125017595,0.7190503705062362,0.010745245978525815,0.0631676558320224,0.0032418692492146004,0.05353395245393113,0.0033867512782415703,0.8910638093948364,0.0397799948836269,0.8543667793273926,0.035568158622376105,0.03452162852381666,0.0009670193780952901
11,test_w40-43,27.5,all,near,kdB4,0.7057621046191122,0.003471757012791001,0.7464353595011005,0.016741633651928683,0.7277474882306189,0.014200448685842174,0.7473404255319149,0.028201666857473117,0.6584128527757398,0.013171931367028008,0.1263658246684322,0.004374969892984362,0.05672434904387837,0.003975959429049266,1.2653179566065471,0.023414102375392803,0.7912656863530477,0.011974291144281127,0.0392592227907037,0.0008539232540685184
11,test_w40-43,27.5,all,near,ls,0.7053635198689362,0.007005072383663397,0.7629906213316214,0.016611484154709356,0.7677519769503546,0.013155631700008306,0.7594460748349229,0.04091136490921077,0.6710394421007582,0.010448556471018314,0.044330653582327,0.0025583732153041517,0.05157559922046953,0.0009120382498408401,0.7658261060714722,0.012384317385334256,0.7729049523671468,0.016508387305445953,0.03893807166374127,0.0008032978526899315
11,test_w40-43,27.5,all,near,teacherA,0.7764996370043135,,0.7687268644534115,,0.7716978604181951,,0.7673330887747616,,0.706663515223771,,0.0585570498600602,,0.0534394985400139,,0.6976408362388611,,0.6682316660881042,,0.0208487918619637,
11,test_w40-43,27.5,all,near,teacherA_member,0.7674574424132746,0.0034475513911924314,0.7561534168195158,0.01015299433302238,0.7399662690755686,0.005545084455611442,0.7775495231107851,0.01864225815679979,0.6909147877842994,0.008353571221895265,0.08483781401635704,0.0038015631098666826,0.06458258909058566,0.003366705309306085,0.8639642834663391,0.030630087084757705,0.7142615556716919,0.022039201691654655,0.025017595642044782,0.0006942306510710304
11,test_w40-43,27.5,all,near,teacherB,0.7647540008897303,,0.7350633854548789,,0.7154058405172413,,0.7665994130594277,,0.6717557153338225,,0.0979572597274184,,0.0743554210673272,,0.965390920639038,,0.7350709438323975,,0.0244922043040806,
11,test_w40-43,27.5,ge5,all,direct,0.7262300468223538,0.003393985455556705,0.8207429172772086,0.006097867854761748,0.8119171272221583,0.002130085974629384,0.7025194107778144,0.008142517206861323,0.7256485530224278,0.0065979027340720585,0.06431816569583816,0.0020615263615661786,0.0569002921914174,0.0023491189934341963,0.855461597442627,0.04701664381993475,0.8233758807182312,0.04327681905152124,0.0307114385245848,0.0007493072039702216
11,test_w40-43,27.5,ge5,all,directTS,0.7262300468223538,0.003393985455556705,0.8203580977685189,0.006096522277311509,0.813459142498023,0.002210915914910455,0.7041190929695563,0.010881199814933008,0.7251997077933942,0.006609746193184592,0.0569002921914174,0.0023491189934341963,,,0.8233758807182312,0.04327681905152124,,,0.030647010568663435,0.0007417575947037657
11,test_w40-43,27.5,ge5,all,enddA,0.7219525912921182,0.004390077258899495,0.7134023879635873,0.002705972103168058,0.7993323964457762,0.0028646324801493614,0.9023981045007465,0.009772063841805161,0.6299400897398059,0.002615952739010254,0.028010498002188966,0.0025652274501876786,0.03628347595956103,0.000998582762326889,0.7069679299990336,0.01886597505618187,0.7144284645716349,0.01856203473096175,0.033772887366123695,0.0011518176144684473
11,test_w40-43,27.5,ge5,all,kdA,0.7313904396259071,0.014394724287391424,0.8171837587891266,0.007123776979629043,0.8130382622061134,0.0015383889655789693,0.6747537518045195,0.0248276617080925,0.7228292282959545,0.008577698284611343,0.061697992545686774,0.004920878410757543,0.05307311234299356,0.004653319511299223,0.8565477331479391,0.04147068080293591,0.8200730085372925,0.03759300558957265,0.03160603815278263,0.0009240396857910249
11,test_w40-43,27.5,ge5,all,kdA4,0.7147785286900561,0.002415060889997097,0.7902108707260599,0.004578743687857643,0.790518640703727,0.005609246629729109,0.7127807867882567,0.021424236327853247,0.6985552794316114,0.0026160064749900028,0.1091904928334097,0.005640218268727588,0.05372123688383703,0.005494847744067137,0.9873823126157125,0.0356211015765219,0.6923722823460897,0.01769788795156683,0.03396938004830777,0.001595042486421682
11,test_w40-43,27.5,ge5,all,kdB,0.7306185117638954,0.01040279811799115,0.8086755461384922,0.005692330634116737,0.8049828000851454,0.002129084981626347,0.7069495727678049,0.005351632981277509,0.7175764250544132,0.006311402178160447,0.059984742374783934,0.00302793288078649,0.051158590201451394,0.0031347620030133397,0.8396021525065104,0.047112136688393404,0.8045404156049093,0.04253549055443728,0.0315772323521262,0.0009716532324851226
11,test_w40-43,27.5,ge5,all,kdB4,0.7125487789627698,0.004168654199631248,0.7925115140961134,0.0011759369778360038,0.7893898976709979,0.0023539297648581666,0.7085457079923811,0.0029892979874169864,0.6997257656424702,0.0017539852364952956,0.11895469059989965,0.00468759454456905,0.05520937536686657,0.004299625728696886,1.190761685371399,0.020365201726496317,0.7407000660896301,0.010503519581391129,0.0355841158129516,0.0007794463772369133
11,test_w40-43,27.5,ge5,all,ls,0.7113688584254699,0.006784682348985673,0.7772102635958205,0.011325358577558328,0.802160229251658,0.0050867433789566355,0.7316754808800735,0.027084533744142963,0.68838941644097,0.008670548761231274,0.049378609313337006,0.0031160634707105344,0.0450228127467873,0.0008681842829033562,0.7213119864463806,0.014937027006367678,0.7172006964683533,0.019603776387791164,0.035545739820773865,0.0007323932257629463
11,test_w40-43,27.5,ge5,all,teacherA,0.7822549439380652,,0.813658010667322,,0.8352081922328072,,0.6565116996711962,,0.7459110309169361,,0.0535818069027621,,0.0487809214487968,,0.6391506791114807,,0.612575352191925,,0.0190885826224946,
11,test_w40-43,27.5,ge5,all,teacherA_member,0.7734685227025496,0.0031756434474119427,0.8004699702087901,0.007066002993095816,0.8140695459358307,0.006443082025107319,0.6902497419581387,0.025121344857954413,0.730005305053558,0.0051054833777947365,0.08042899968058626,0.0036661549754419278,0.06175518615973381,0.0032704017159841375,0.8049768686294556,0.029651436920192804,0.6649362683296204,0.021274979350230296,0.023163568843529138,0.00068970713846976
11,test_w40-43,27.5,ge5,all,teacherB,0.7702991318473493,,0.8166016618824345,,0.8193739972412113,,0.6458388754695298,,0.7412364444074178,,0.0936547052873646,,0.0724201184837331,,0.905493140220642,,0.6877807378768921,,0.0225383750127641,
11,test_w40-43,27.5,ge5,far,direct,0.7262300468223538,0.003393985455556705,0.8184698669827003,0.005745618208749414,0.8149454147486798,0.00364743273271972,0.7000039958443219,0.01027555588450945,0.7234142820490282,0.006432320077560876,0.06431816569583816,0.0020615263615661786,0.0569002921914174,0.0023491189934341963,0.855461597442627,0.04701664381993475,0.8233758807182312,0.04327681905152124,0.0307114385245848,0.0007493072039702216
11,test_w40-43,27.5,ge5,far,directTS,0.7262300468223538,0.003393985455556705,0.8180516331942661,0.005719005595698244,0.8163993324241084,0.003737236613496225,0.7019220011188364,0.01306631378559502,0.7229478767151427,0.006429478128294399,0.0569002921914174,0.0023491189934341963,,,0.8233758807182312,0.04327681905152124,,,0.030647010568663435,0.0007417575947037657
11,test_w40-43,27.5,ge5,far,enddA,0.7219525912921182,0.004390077258899495,0.7193152326810576,0.003664503104171515,0.8030428384913743,0.002974846848355382,0.8992367937345161,0.009309338837002051,0.6346916425455014,0.002953340604308974,0.028010498002188966,0.0025652274501876786,0.03628347595956103,0.000998582762326889,0.7069679299990336,0.01886597505618187,0.7144284645716349,0.01856203473096175,0.033772887366123695,0.0011518176144684473
11,test_w40-43,27.5,ge5,far,kdA,0.7313904396259071,0.014394724287391424,0.8150446442047344,0.007489770159113118,0.8158767602497701,0.0021196891125154866,0.669144090146248,0.02515400631421732,0.7206012489937171,0.008928857915065026,0.061697992545686774,0.004920878410757543,0.05307311234299356,0.004653319511299223,0.8565477331479391,0.04147068080293591,0.8200730085372925,0.03759300558957265,0.03160603815278263,0.0009240396857910249
11,test_w40-43,27.5,ge5,far,kdA4,0.7147785286900561,0.002415060889997097,0.7923846285120799,0.004733189742322655,0.7958304671805583,0.005986508609933261,0.7129425397586511,0.01776893024204612,0.7002850173675141,0.003521684842981647,0.1091904928334097,0.005640218268727588,0.05372123688383703,0.005494847744067137,0.9873823126157125,0.0356211015765219,0.6923722823460897,0.01769788795156683,0.03396938004830777,0.001595042486421682
11,test_w40-43,27.5,ge5,far,kdB,0.7306185117638954,0.01040279811799115,0.8065231232853405,0.00466984942976279,0.808354359866377,0.0013786587390601105,0.7028170702469433,0.004306728721551164,0.7152952286770612,0.005684397324767916,0.059984742374783934,0.00302793288078649,0.051158590201451394,0.0031347620030133397,0.8396021525065104,0.047112136688393404,0.8045404156049093,0.04253549055443728,0.0315772323521262,0.0009716532324851226
11,test_w40-43,27.5,ge5,far,kdB4,0.7125487789627698,0.004168654199631248,0.7973279607485438,0.0033957686360456775,0.7965953996752789,0.0035856021181598467,0.7068089187245264,0.005025093177257058,0.7034029095510127,0.0020767598901064205,0.11895469059989965,0.00468759454456905,0.05520937536686657,0.004299625728696886,1.190761685371399,0.020365201726496317,0.7407000660896301,0.010503519581391129,0.0355841158129516,0.0007794463772369133
11,test_w40-43,27.5,ge5,far,ls,0.7113688584254699,0.006784682348985673,0.7787134272850569,0.010979014522425997,0.8065161111211866,0.004100313642927155,0.7281307440262127,0.026468462834881693,0.6895423395299818,0.008619170505443802,0.049378609313337006,0.0031160634707105344,0.0450228127467873,0.0008681842829033562,0.7213119864463806,0.014937027006367678,0.7172006964683533,0.019603776387791164,0.035545739820773865,0.0007323932257629463
11,test_w40-43,27.5,ge5,far,teacherA,0.7822549439380652,,0.8181269829851306,,0.8426443866567839,,0.6457564133301367,,0.7493283584853466,,0.0535818069027621,,0.0487809214487968,,0.6391506791114807,,0.612575352191925,,0.0190885826224946,
11,test_w40-43,27.5,ge5,far,teacherA_member,0.7734685227025496,0.0031756434474119427,0.8049830465628147,0.00846028381321959,0.8227193519008891,0.007207419404724416,0.6822344761448094,0.027453410828086004,0.7335108143227458,0.0063385633266460194,0.08042899968058626,0.0036661549754419278,0.06175518615973381,0.0032704017159841375,0.8049768686294556,0.029651436920192804,0.6649362683296204,0.021274979350230296,0.023163568843529138,0.00068970713846976
11,test_w40-43,27.5,ge5,far,teacherB,0.7702991318473493,,0.825797929220859,,0.8316654552366035,,0.6335291297051067,,0.7485905756996857,,0.0936547052873646,,0.0724201184837331,,0.905493140220642,,0.6877807378768921,,0.0225383750127641,
11,test_w40-43,27.5,ge5,near,direct,0.7262300468223538,0.003393985455556705,0.8387042562530426,0.009193153315982368,0.7879880047951019,0.01129483008817634,0.7223958826686875,0.014966772696120473,0.743303462996946,0.008563996512260393,0.06431816569583816,0.0020615263615661786,0.0569002921914174,0.0023491189934341963,0.855461597442627,0.04701664381993475,0.8233758807182312,0.04327681905152124,0.0307114385245848,0.0007493072039702216
11,test_w40-43,27.5,ge5,near,directTS,0.7262300468223538,0.003393985455556705,0.8385834719074005,0.009385354757202685,0.7902261555098581,0.011172861330536209,0.7214802184964163,0.015490274981007756,0.7429933753644603,0.008688986840836316,0.0569002921914174,0.0023491189934341963,,,0.8233758807182312,0.04327681905152124,,,0.030647010568663435,0.0007417575947037657
11,test_w40-43,27.5,ge5,near,enddA,0.7219525912921182,0.004390077258899495,0.6666798809699932,0.00893150033735553,0.7700129803764583,0.00505903708962108,0.9273783587509078,0.015799401768913396,0.592393955890122,0.008613091563740143,0.028010498002188966,0.0025652274501876786,0.03628347595956103,0.000998582762326889,0.7069679299990336,0.01886597505618187,0.7144284645716349,0.01856203473096175,0.033772887366123695,0.0011518176144684473
11,test_w40-43,27.5,ge5,near,kdA,0.7313904396259071,0.014394724287391424,0.8340867557229129,0.0042748947860034876,0.7906088308523341,0.010100924900963081,0.7190805468725333,0.023065669968199087,0.7404344223276524,0.0059257089608631556,0.061697992545686774,0.004920878410757543,0.05307311234299356,0.004653319511299223,0.8565477331479391,0.04147068080293591,0.8200730085372925,0.03759300558957265,0.03160603815278263,0.0009240396857910249
11,test_w40-43,27.5,ge5,near,kdA4,0.7147785286900561,0.002415060889997097,0.7730341278531042,0.012224794393182742,0.7485452993475409,0.005983600709873401,0.7115026364813236,0.05046617131781634,0.6848871219424565,0.006234581728190068,0.1091904928334097,0.005640218268727588,0.05372123688383703,0.005494847744067137,0.9873823126157125,0.0356211015765219,0.6923722823460897,0.01769788795156683,0.03396938004830777,0.001595042486421682
11,test_w40-43,27.5,ge5,near,kdB,0.7306185117638954,0.01040279811799115,0.8256837032295143,0.013847385589428064,0.7783411862791078,0.008623719517802369,0.7396040541820593,0.028273451769155255,0.7356021332857957,0.011318915779927316,0.059984742374783934,0.00302793288078649,0.051158590201451394,0.0031347620030133397,0.8396021525065104,0.047112136688393404,0.8045404156049093,0.04253549055443728,0.0315772323521262,0.0009716532324851226
11,test_w40-43,27.5,ge5,near,kdB4,0.7125487789627698,0.004168654199631248,0.7544525977613836,0.016615334320002555,0.7324529859349816,0.013400995603535313,0.7222695841621674,0.0335851928449995,0.6706694669922296,0.013113961061604531,0.11895469059989965,0.00468759454456905,0.05520937536686657,0.004299625728696886,1.190761685371399,0.020365201726496317,0.7407000660896301,0.010503519581391129,0.0355841158129516,0.0007794463772369133
11,test_w40-43,27.5,ge5,near,ls,0.7113688584254699,0.006784682348985673,0.7653324654565671,0.01594866144726731,0.7677406341435713,0.012923458043637414,0.7596855167187648,0.0462334051326778,0.6792791726136168,0.01024038128775754,0.049378609313337006,0.0031160634707105344,0.0450228127467873,0.0008681842829033562,0.7213119864463806,0.014937027006367678,0.7172006964683533,0.019603776387791164,0.035545739820773865,0.0007323932257629463
11,test_w40-43,27.5,ge5,near,teacherA,0.7822549439380652,,0.7783447899842113,,0.776448379895198,,0.7414985317798617,,0.7189077661867272,,0.0535818069027621,,0.0487809214487968,,0.6391506791114807,,0.612575352191925,,0.0190885826224946,
11,test_w40-43,27.5,ge5,near,teacherA_member,0.7734685227025496,0.0031756434474119427,0.7648082453387776,0.010606227348432178,0.7457199377511976,0.0055988940792095964,0.7535852988538411,0.015408666896545489,0.7023052403348261,0.008728854269811502,0.08042899968058626,0.0036661549754419278,0.06175518615973381,0.0032704017159841375,0.8049768686294556,0.029651436920192804,0.6649362683296204,0.021274979350230296,0.023163568843529138,0.00068970713846976
11,test_w40-43,27.5,ge5,near,teacherB,0.7702991318473493,,0.7439339891182614,,0.7222485424741726,,0.7431088377379937,,0.6831250839450722,,0.0936547052873646,,0.0724201184837331,,0.905493140220642,,0.6877807378768921,,0.0225383750127641,
11,test_w44-47,31.5,all,all,direct,0.6895323677783217,0.0032193895215934577,0.7925168122333334,0.0067835593270675655,0.7949137251166666,0.0023446373413700014,0.76802,0.027055023563101896,0.6851332995666667,0.004129706876965896,0.07789333995672557,0.0008604560585345716,0.0689739461066822,0.0011370108947577275,1.1416080792744954,0.03420830012425736,1.096591830253601,0.03179674193606339,0.044260761619209534,0.00023073153747791482
11,test_w44-47,31.5,all,all,directTS,0.6895323677783217,0.0032193895215934577,0.7919474218666668,0.00680982925546621,0.79630954665,0.002372015906444518,0.7703133333333333,0.026972924078292562,0.6845917826333333,0.004122943598389583,0.0689739461066822,0.0011370108947577275,,,1.096591830253601,0.03179674193606339,,,0.04418734896175223,0.00021600207327890757
11,test_w44-47,31.5,all,all,enddA,0.6840074500643786,0.004927431968506795,0.7018120022666666,0.001739438666356555,0.7828872543666666,0.0041697345999260884,0.9022533333333334,0.009185022228243819,0.6005717854333333,0.0020125464095188325,0.043297210633878834,0.0010774996881467943,0.053712286243202734,0.002375045084744104,0.9166520635286969,0.010986641432375861,0.9305024147033691,0.01136907635602121,0.04871236506270734,0.0010367951877132075
11,test_w44-47,31.5,all,all,kdA,0.6952698286766325,0.015340944524575576,0.7903353412833334,0.005415314782069792,0.7974415634666667,0.0011441658043780973,0.7318666666666666,0.006577464050326184,0.6837901792333332,0.0071907494813966055,0.07722085115052757,0.005182958270274451,0.06692649185066417,0.004567261104245255,1.1108514467875164,0.046972616315003705,1.061090111732483,0.042529991316203164,0.0453030216644588,0.0006727614974272985
11,test_w44-47,31.5,all,all,kdA4,0.6802699004734297,0.004272624715181135,0.7681609976,0.0028667738022236035,0.7748319586666667,0.0032449876713376833,0.7628633333333333,0.02645444638115364,0.6637337142666667,0.002317036254178185,0.1316831911607583,0.005076824307538603,0.06557706830735006,0.004790013902161713,1.3099006414413452,0.030373095303157665,0.9042912721633911,0.017493910701273173,0.04801010746708626,0.0016685574209432462
11,test_w44-47,31.5,all,all,kdB,0.6909877039250305,0.01125602388697945,0.7824168559500001,0.004452253154702103,0.7906453357166666,0.003077904157819403,0.7655966666666667,0.00890326531859705,0.6771792045333332,0.004417010789253359,0.0774103006341308,0.0021378057340512807,0.06689772530185677,0.0017174871424646798,1.105475902557373,0.04217126015256174,1.0565852324167888,0.03707604150758323,0.0457897344772511,0.0015378167342919627
11,test_w44-47,31.5,all,all,kdB4,0.6765345622368706,0.000793387095768549,0.7671694546833333,0.0014078416497682643,0.7710197539666668,0.003415910552216327,0.7736133333333334,0.008436239288529723,0.6622290049666666,0.00249978524969589,0.14280093068887786,0.00425790085881173,0.06591998053416608,0.003994608577587412,1.5488537549972534,0.017615733562371123,0.9538649519284567,0.00977027193987818,0.04916643829681574,0.0013831647133210714
11,test_w44-47,31.5,all,all,ls,0.6780429841204921,0.007812161788687531,0.7569809548833333,0.010847143828132564,0.7843709171833333,0.0036884965431872546,0.77779,0.013261779669410913,0.6539098430666667,0.00824592166148571,0.03933168121067183,0.004259153250945057,0.06226203188034394,0.0005189070177946917,0.9032935698827108,0.021589587295675703,0.936028261979421,0.02880169886124148,0.04922405157815027,0.0008132116507679586
11,test_w44-47,31.5,all,all,teacherA,0.7489484335815538,,0.7861732558000001,,0.8129583623000001,,0.77653,,0.7062464209,,0.0728101278489828,,0.0668217405588925,,0.8691450953483582,,0.8316522836685181,,0.0281207625322002,
11,test_w44-47,31.5,all,all,teacherA_member,0.7391970222408857,0.004855814227021929,0.77445044684,0.006688280027062071,0.79401278416,0.005887560972412096,0.779446,0.020141606936885634,0.69179232344,0.005257852907496681,0.1026604079650193,0.004150228860065818,0.0797406876293271,0.0038089697681320486,1.0784167051315308,0.03814505108672546,0.8875308036804199,0.026534513061231096,0.03296618981853744,0.0009146881417304875
11,test_w44-47,31.5,all,all,teacherB,0.7332861176295334,,0.790854901,,0.8000199072,,0.75233,,0.7054254103,,0.1163173088327049,,0.0898995355584472,,1.176398992538452,,0.8930138349533081,,0.0321582361234445,
11,test_w44-47,31.5,all,far,direct,0.6895323677783217,0.0032193895215934577,0.7905382014128213,0.00696202111074006,0.7988789890942726,0.0040623957113735225,0.7655380506944756,0.02930808647238798,0.6831222336600576,0.0042348251151745776,0.07789333995672557,0.0008604560585345716,0.0689739461066822,0.0011370108947577275,1.1416080792744954,0.03420830012425736,1.096591830253601,0.03179674193606339,0.044260761619209534,0.00023073153747791482
11,test_w44-47,31.5,all,far,directTS,0.6895323677783217,0.0032193895215934577,0.7899208083255008,0.0069624308531472615,0.8001883317668472,0.004127841553491845,0.7679138880186188,0.029117882390204453,0.6825555271971832,0.00421444089113637,0.0689739461066822,0.0011370108947577275,,,1.096591830253601,0.03179674193606339,,,0.04418734896175223,0.00021600207327890757
11,test_w44-47,31.5,all,far,enddA,0.6840074500643786,0.004927431968506795,0.7082208029546911,0.0034470198343096803,0.7863533536417072,0.004285744283047577,0.898853481328977,0.008927711352092155,0.605455900617643,0.0021861965981440964,0.043297210633878834,0.0010774996881467943,0.053712286243202734,0.002375045084744104,0.9166520635286969,0.010986641432375861,0.9305024147033691,0.01136907635602121,0.04871236506270734,0.0010367951877132075
11,test_w44-47,31.5,all,far,kdA,0.6952698286766325,0.015340944524575576,0.788713722605141,0.005925782062684438,0.8008934639297917,0.0020023504515501254,0.7243320055498366,0.006874778764408831,0.6819202818183175,0.007646866102833626,0.07722085115052757,0.005182958270274451,0.06692649185066417,0.004567261104245255,1.1108514467875164,0.046972616315003705,1.061090111732483,0.042529991316203164,0.0453030216644588,0.0006727614974272985
11,test_w44-47,31.5,all,far,kdA4,0.6802699004734297,0.004272624715181135,0.7704747345924897,0.0027661246265220127,0.7806627672350773,0.003595767503866349,0.7616181055960852,0.023639508870588233,0.6655071316892688,0.0034144418845905955,0.1316831911607583,0.005076824307538603,0.06557706830735006,0.004790013902161713,1.3099006414413452,0.030373095303157665,0.9042912721633911,0.017493910701273173,0.04801010746708626,0.0016685574209432462
11,test_w44-47,31.5,all,far,kdB,0.6909877039250305,0.01125602388697945,0.7807475465656656,0.0032997234536629155,0.7947783965149413,0.0021102617527994265,0.7606558355338734,0.009148358295606396,0.6752293314833878,0.0038326703011741514,0.0774103006341308,0.0021378057340512807,0.06689772530185677,0.0017174871424646798,1.105475902557373,0.04217126015256174,1.0565852324167888,0.03707604150758323,0.0457897344772511,0.0015378167342919627
11,test_w44-47,31.5,all,far,kdB4,0.6765345622368706,0.000793387095768549,0.7723039373629325,0.003304095460881474,0.7782635057587015,0.004903463737747353,0.7711214548926583,0.008564826094643214,0.6659699111578571,0.0028994599282603016,0.14280093068887786,0.00425790085881173,0.06591998053416608,0.003994608577587412,1.5488537549972534,0.017615733562371123,0.9538649519284567,0.00977027193987818,0.04916643829681574,0.0013831647133210714
11,test_w44-47,31.5,all,far,ls,0.6780429841204921,0.007812161788687531,0.7578503191902013,0.010859670792434856,0.7884668173104178,0.0026857432125834487,0.7744297244476271,0.01407206655431551,0.6544732632890241,0.008409079255477375,0.03933168121067183,0.004259153250945057,0.06226203188034394,0.0005189070177946917,0.9032935698827108,0.021589587295675703,0.936028261979421,0.02880169886124148,0.04922405157815027,0.0008132116507679586
11,test_w44-47,31.5,all,far,teacherA,0.7489484335815538,,0.7906960588886899,,0.8206766377612675,,0.7711475629951215,,0.7096941209774874,,0.0728101278489828,,0.0668217405588925,,0.8691450953483582,,0.8316522836685181,,0.0281207625322002,
11,test_w44-47,31.5,all,far,teacherA_member,0.7391970222408857,0.004855814227021929,0.7789246541869936,0.007952720812890664,0.8028028407666831,0.006674281051194882,0.775717226871951,0.021965859295600968,0.6952392510405944,0.006257010849232409,0.1026604079650193,0.004150228860065818,0.0797406876293271,0.0038089697681320486,1.0784167051315308,0.03814505108672546,0.8875308036804199,0.026534513061231096,0.03296618981853744,0.0009146881417304875
11,test_w44-47,31.5,all,far,teacherB,0.7332861176295334,,0.8001048397148994,,0.8124696475406168,,0.7458711900819048,,0.7127871020006266,,0.1163173088327049,,0.0898995355584472,,1.176398992538452,,0.8930138349533081,,0.0321582361234445,
11,test_w44-47,31.5,all,near,direct,0.6895323677783217,0.0032193895215934577,0.8091551643457532,0.005384998229342426,0.7615693920148036,0.016255422981942252,0.7888909798017815,0.00981633500035893,0.7020445700037636,0.003245907184474791,0.07789333995672557,0.0008604560585345716,0.0689739461066822,0.0011370108947577275,1.1416080792744954,0.03420830012425736,1.096591830253601,0.03179674193606339,0.044260761619209534,0.00023073153747791482
11,test_w44-47,31.5,all,near,directTS,0.6895323677783217,0.0032193895215934577,0.8089894340421528,0.005627543119815211,0.7636924236294066,0.016168041924537375,0.7904905281645966,0.01066028823564952,0.7017148745452264,0.003354402945070114,0.0689739461066822,0.0011370108947577275,,,1.096591830253601,0.03179674193606339,,,0.04418734896175223,0.00021600207327890757
11,test_w44-47,31.5,all,near,enddA,0.6840074500643786,0.004927431968506795,0.6479197050244637,0.016212524645769225,0.7537404511667294,0.00712149801696754,0.9308430560782837,0.012552257921732049,0.5595007332831514,0.013492214067589473,0.043297210633878834,0.0010774996881467943,0.053712286243202734,0.002375045084744104,0.9166520635286969,0.010986641432375861,0.9305024147033691,0.01136907635602121,0.04871236506270734,0.0010367951877132075
11,test_w44-47,31.5,all,near,kdA,0.6952698286766325,0.015340944524575576,0.8039717079099234,0.00127623581888628,0.7684141596098356,0.008174540179422395,0.7952264458662652,0.005229748926632674,0.6995143485760883,0.0035494943383839847,0.07722085115052757,0.005182958270274451,0.06692649185066417,0.004567261104245255,1.1108514467875164,0.046972616315003705,1.061090111732483,0.042529991316203164,0.0453030216644588,0.0006727614974272985
11,test_w44-47,31.5,all,near,kdA4,0.6802699004734297,0.004272624715181135,0.7487045333082424,0.013932904655729448,0.7258000595910173,0.007056567150176719,0.7733345878810689,0.05101446216216678,0.6488208556015557,0.007029989387330725,0.1316831911607583,0.005076824307538603,0.06557706830735006,0.004790013902161713,1.3099006414413452,0.030373095303157665,0.9042912721633911,0.017493910701273173,0.04801010746708626,0.0016685574209432462
11,test_w44-47,31.5,all,near,kdB,0.6909877039250305,0.01125602388697945,0.7964542588759252,0.014164215712733812,0.7558899810249655,0.011353342152278867,0.807144649353908,0.017926099973557177,0.6935758976289047,0.009964674842882862,0.0774103006341308,0.0021378057340512807,0.06689772530185677,0.0017174871424646798,1.105475902557373,0.04217126015256174,1.0565852324167888,0.03707604150758323,0.0457897344772511,0.0015378167342919627
11,test_w44-47,31.5,all,near,kdB4,0.6765345622368706,0.000793387095768549,0.7239930352214277,0.014554016356885205,0.7101062627022957,0.010807431566693828,0.7945678083051059,0.014433195491745118,0.6307713207251285,0.011057509413204656,0.14280093068887786,0.00425790085881173,0.06591998053416608,0.003994608577587412,1.5488537549972534,0.017615733562371123,0.9538649519284567,0.00977027193987818,0.04916643829681574,0.0013831647133210714
11,test_w44-47,31.5,all,near,ls,0.6780429841204921,0.007812161788687531,0.7496703765211391,0.013833575584401738,0.7499280505896374,0.01278691178735071,0.8060469200853092,0.034354241274440714,0.6491719815581484,0.008323799427867411,0.03933168121067183,0.004259153250945057,0.06226203188034394,0.0005189070177946917,0.9032935698827108,0.021589587295675703,0.936028261979421,0.02880169886124148,0.04922405157815027,0.0008132116507679586
11,test_w44-47,31.5,all,near,teacherA,0.7489484335815538,,0.7481405160895747,,0.7480545502446369,,0.821791494166353,,0.6772543385397065,,0.0728101278489828,,0.0668217405588925,,0.8691450953483582,,0.8316522836685181,,0.0281207625322002,
11,test_w44-47,31.5,all,near,teacherA_member,0.7391970222408857,0.004855814227021929,0.7368263539706436,0.006808122396842474,0.7200962486827249,0.0042937485967563796,0.8108016560030109,0.010572044625593892,0.66280673692134,0.005818442525142787,0.1026604079650193,0.004150228860065818,0.0797406876293271,0.0038089697681320486,1.0784167051315308,0.03814505108672546,0.8875308036804199,0.026534513061231096,0.03296618981853744,0.0009146881417304875
11,test_w44-47,31.5,all,near,teacherB,0.7332861176295334,,0.7130711671998494,,0.695328695897629,,0.8066428302596914,,0.6435201496048174,,0.1163173088327049,,0.0898995355584472,,1.176398992538452,,0.8930138349533081,,0.0321582361234445,
11,test_w44-47,31.5,ge5,all,direct,0.6963146085322283,0.0026962258476966074,0.801129549777604,0.005826057488362394,0.7974994066179435,0.002709562443972001,0.7542696207826677,0.022511837493115517,0.6980642361189929,0.003933094820813508,0.07551751263683566,0.0010294767179797302,0.0673368752894981,0.0012155277821008332,1.0830846230189006,0.0408246731646694,1.0398704409599304,0.03821048636963849,0.04030492942754247,0.00012980185632193518
11,test_w44-47,31.5,ge5,all,directTS,0.6963146085322283,0.0026962258476966074,0.8006610452956936,0.005841655263889996,0.7990447834819555,0.0026958605429446957,0.7571761362816796,0.023019417859902913,0.6976128269892915,0.003929864579148189,0.0673368752894981,0.0012155277821008332,,,1.0398704409599304,0.03821048636963849,,,0.0401962785612771,0.00011918886172758265
11,test_w44-47,31.5,ge5,all,enddA,0.6905011995138263,0.005073475306727905,0.7038230918816343,0.001097505641263158,0.7841028551438329,0.00446296915480373,0.9039479567845139,0.01181628008794015,0.6085204960591094,0.0014304382210197598,0.0365992209515099,0.001136609678553355,0.046732437475030995,0.002425110370659354,0.8563063542048136,0.010846459211587509,0.8679815332094828,0.01135398959805072,0.044027842694208265,0.0007759219807418883
11,test_w44-47,31.5,ge5,all,kdA,0.7027834920107243,0.01593418613153376,0.7982176671225307,0.005395368405805161,0.7997108699657316,0.0021151966712438983,0.7173612012635769,0.017089908266116973,0.6960506939368725,0.007222416565200044,0.07355207119380124,0.005613648687691239,0.06400768385725997,0.005058190346464294,1.0581837097803752,0.046288763087495605,1.0102783838907878,0.04187224090316523,0.041527165142159005,0.0006284842568538997
11,test_w44-47,31.5,ge5,all,kdA4,0.6877612269533789,0.004429147680955628,0.7732540823981098,0.0033048771382423008,0.777259433594898,0.003286000860688519,0.7488280179439468,0.02413324037508796,0.67382970364388,0.0022156363692530426,0.12409370788848502,0.005352420404396953,0.06256970779161466,0.005137646541785975,1.2214116255442302,0.03157195154093168,0.842833677927653,0.017400569143224364,0.04383113226409863,0.0014878576348918086
11,test_w44-47,31.5,ge5,all,kdB,0.6980805562419435,0.011641255083624636,0.7905328637658697,0.005300273422586461,0.792836573742206,0.003132816875951885,0.7468843307802154,0.008515833801058656,0.6895708374282016,0.005194597462558949,0.07441015550230773,0.0018019871263946893,0.0647762420215952,0.001334660542014816,1.0508029063542683,0.04677023086405177,1.003702521324158,0.04151821761422294,0.0419239800181812,0.0014139456912758562
11,test_w44-47,31.5,ge5,all,kdB4,0.6835821104314203,0.0009578407204530436,0.772864254365147,0.001928191916073319,0.7733615100728833,0.003917422423608915,0.7587015160038657,0.0074816970330396785,0.6730139364140598,0.002486231808458995,0.13513383989688701,0.0043839924501858155,0.06417314330011424,0.0044408133789936135,1.45797860622406,0.014995858639626946,0.8950444459915161,0.008071397131240882,0.0446434589587661,0.0013242391937965388
11,test_w44-47,31.5,ge5,all,ls,0.6842313515874338,0.0074873542899276556,0.7608973804756799,0.011556873271920256,0.7865644503711482,0.0048284402170276205,0.7705944292988303,0.009383101214168143,0.6631525827277103,0.008948664774736232,0.0440279004285919,0.00371194587753606,0.0552884971089417,0.0007882569814474088,0.8542271653811137,0.024654883557846785,0.8733662366867065,0.03276409005917486,0.044865956544399364,0.0007738230575179308
11,test_w44-47,31.5,ge5,all,teacherA,0.7559247454898228,,0.7941267336626857,,0.8167021462922921,,0.7244363667835043,,0.7173367102488559,,0.0673968616263706,,0.0617017897547234,,0.7881378531455994,,0.7549204230308533,,0.0252141985879356,
11,test_w44-47,31.5,ge5,all,teacherA_member,0.7461638813840548,0.004885666913379217,0.7816387810161874,0.007096486693700856,0.7973867942343673,0.006250361365211825,0.753070232376996,0.022465009245085564,0.702187418567641,0.005784190208330828,0.09808447569493474,0.004082642492948466,0.0766740707345002,0.003841822055941001,0.9966223239898682,0.03852462877786125,0.8205337882041931,0.026977390271245443,0.030020506572448778,0.0007891824947923814
11,test_w44-47,31.5,ge5,all,teacherB,0.7398008966870998,,0.7979093709490305,,0.8040496306891587,,0.7167770132848673,,0.7155086410206377,,0.1118988627778998,,0.0877752994846643,,1.0998224020004272,,0.8337376713752747,,0.0290222480499468,
11,test_w44-47,31.5,ge5,far,direct,0.6963146085322283,0.0026962258476966074,0.7983658574106238,0.005814346074395537,0.8012517864722816,0.004385251519301582,0.75156061011941,0.024715075774440043,0.6953828110797061,0.003936866815473659,0.07551751263683566,0.0010294767179797302,0.0673368752894981,0.0012155277821008332,1.0830846230189006,0.0408246731646694,1.0398704409599304,0.03821048636963849,0.04030492942754247,0.00012980185632193518
11,test_w44-47,31.5,ge5,far,directTS,0.6963146085322283,0.0026962258476966074,0.797849772125674,0.005802474893377177,0.8026916162636716,0.0043959937714773255,0.7547467712214564,0.025305977337478233,0.6949070232417635,0.003918453740203776,0.0673368752894981,0.0012155277821008332,,,1.0398704409599304,0.03821048636963849,,,0.0401962785612771,0.00011918886172758265
11,test_w44-47,31.5,ge5,far,enddA,0.6905011995138263,0.005073475306727905,0.710711582852153,0.003178443956334459,0.7878377220311378,0.004567023525418618,0.9002427164763088,0.012170409433850836,0.6138094777642401,0.0014007063867576787,0.0365992209515099,0.001136609678553355,0.046732437475030995,0.002425110370659354,0.8563063542048136,0.010846459211587509,0.8679815332094828,0.01135398959805072,0.044027842694208265,0.0007759219807418883
11,test_w44-47,31.5,ge5,far,kdA,0.7027834920107243,0.01593418613153376,0.7958816424590015,0.00592798534358201,0.8030351822012348,0.0029666237106075245,0.7096696945344146,0.01784373011129343,0.6935749653065977,0.007675322071491155,0.07355207119380124,0.005613648687691239,0.06400768385725997,0.005058190346464294,1.0581837097803752,0.046288763087495605,1.0102783838907878,0.04187224090316523,0.041527165142159005,0.0006284842568538997
11,test_w44-47,31.5,ge5,far,kdA4,0.6877612269533789,0.004429147680955628,0.775405840904169,0.0031925051564315613,0.7832246347790077,0.0035691726437231406,0.7474449829124353,0.02098379935748572,0.675452988343849,0.0033607855015114416,0.12409370788848502,0.005352420404396953,0.06256970779161466,0.005137646541785975,1.2214116255442302,0.03157195154093168,0.842833677927653,0.017400569143224364,0.04383113226409863,0.0014878576348918086
11,test_w44-47,31.5,ge5,far,kdB,0.6980805562419435,0.011641255083624636,0.7880587185536229,0.004126366818540522,0.7967792121989515,0.002069008982882281,0.7417098929287517,0.008011341843438722,0.6869365358231607,0.004598380893216216,0.07441015550230773,0.0018019871263946893,0.0647762420215952,0.001334660542014816,1.0508029063542683,0.04677023086405177,1.003702521324158,0.04151821761422294,0.0419239800181812,0.0014139456912758562
11,test_w44-47,31.5,ge5,far,kdB4,0.6835821104314203,0.0009578407204530436,0.7779752147024692,0.003962241084324334,0.7807675654088536,0.0055571325570809614,0.7551972984600898,0.008718594319570514,0.6767205748015703,0.0030592611419520423,0.13513383989688701,0.0043839924501858155,0.06417314330011424,0.0044408133789936135,1.45797860622406,0.014995858639626946,0.8950444459915161,0.008071397131240882,0.0446434589587661,0.0013242391937965388
11,test_w44-47,31.5,ge5,far,ls,0.6842313515874338,0.0074873542899276556,0.76208396908493,0.011633320495629594,0.7912289552973197,0.0038911484092069427,0.7660951870702742,0.009410675481247265,0.6639233407164985,0.009173336716668026,0.0440279004285919,0.00371194587753606,0.0552884971089417,0.0007882569814474088,0.8542271653811137,0.024654883557846785,0.8733662366867065,0.03276409005917486,0.044865956544399364,0.0007738230575179308
11,test_w44-47,31.5,ge5,far,teacherA,0.7559247454898228,,0.7987193200389339,,0.8248222373923967,,0.7154494313615664,,0.7207980476302035,,0.0673968616263706,,0.0617017897547234,,0.7881378531455994,,0.7549204230308533,,0.0252141985879356,
11,test_w44-47,31.5,ge5,far,teacherA_member,0.7461638813840548,0.004885666913379217,0.7862035827422975,0.008493311538411647,0.8064518702767499,0.007134354111128567,0.747989674402747,0.024763134691612575,0.705671049439924,0.006882255786250362,0.09808447569493474,0.004082642492948466,0.0766740707345002,0.003841822055941001,0.9966223239898682,0.03852462877786125,0.8205337882041931,0.026977390271245443,0.030020506572448778,0.0007891824947923814
11,test_w44-47,31.5,ge5,far,teacherB,0.7398008966870998,,0.8074335035472309,,0.8168422576200569,,0.7085088766042422,,0.7230855812176101,,0.1118988627778998,,0.0877752994846643,,1.0998224020004272,,0.8337376713752747,,0.0290222480499468,
11,test_w44-47,31.5,ge5,near,direct,0.6963146085322283,0.0026962258476966074,0.8231441956874597,0.005955510638094705,0.7676092079838644,0.015920916406457184,0.7758486905916585,0.0066721177582617685,0.719423568105071,0.003993269574425815,0.07551751263683566,0.0010294767179797302,0.0673368752894981,0.0012155277821008332,1.0830846230189006,0.0408246731646694,1.0398704409599304,0.03821048636963849,0.04030492942754247,0.00012980185632193518
11,test_w44-47,31.5,ge5,near,directTS,0.6963146085322283,0.0026962258476966074,0.8230547039146096,0.006192967743105962,0.7699953374071518,0.015835592999071436,0.7765276430649855,0.007846265146908537,0.7191663515838097,0.004116678119393056,0.0673368752894981,0.0012155277821008332,,,1.0398704409599304,0.03821048636963849,,,0.0401962785612771,0.00011918886172758265
11,test_w44-47,31.5,ge5,near,enddA,0.6905011995138263,0.005073475306727905,0.6489516845639995,0.015732939969176508,0.7543521589278473,0.007301955434280879,0.933462657613967,0.013607770651123003,0.5663902427598305,0.013557611426870578,0.0365992209515099,0.001136609678553355,0.046732437475030995,0.002425110370659354,0.8563063542048136,0.010846459211587509,0.8679815332094828,0.01135398959805072,0.044027842694208265,0.0007759219807418883
11,test_w44-47,31.5,ge5,near,kdA,0.7027834920107243,0.01593418613153376,0.8168256556304844,0.00128189213105885,0.7732305143252906,0.008128748635557884,0.7786291626252829,0.012198543190904186,0.7157715173597575,0.003817250980537954,0.07355207119380124,0.005613648687691239,0.06400768385725997,0.005058190346464294,1.0581837097803752,0.046288763087495605,1.0102783838907878,0.04187224090316523,0.041527165142159005,0.0006284842568538997
11,test_w44-47,31.5,ge5,near,kdA4,0.6877612269533789,0.004429147680955628,0.7561138962614825,0.013970006859517967,0.7297426428629673,0.007347388639852187,0.7598448108632395,0.051291986943374536,0.660899162492602,0.0072383120187041955,0.12409370788848502,0.005352420404396953,0.06256970779161466,0.005137646541785975,1.2214116255442302,0.03157195154093168,0.842833677927653,0.017400569143224364,0.04383113226409863,0.0014878576348918086
11,test_w44-47,31.5,ge5,near,kdB,0.6980805562419435,0.011641255083624636,0.8102410742121341,0.014667738498801727,0.7614308389314689,0.011887751236059684,0.7881021661817007,0.0230334540209042,0.7105547999515375,0.010372486934599755,0.07441015550230773,0.0018019871263946893,0.0647762420215952,0.001334660542014816,1.0508029063542683,0.04677023086405177,1.003702521324158,0.04151821761422294,0.0419239800181812,0.0014139456912758562
11,test_w44-47,31.5,ge5,near,kdB4,0.6835821104314203,0.0009578407204530436,0.7321520595384817,0.014311798211526264,0.7143673587128556,0.010069438527594688,0.7866149369544132,0.015872250621697653,0.6434880989540529,0.010894514031610392,0.13513383989688701,0.0043839924501858155,0.06417314330011424,0.0044408133789936135,1.45797860622406,0.014995858639626946,0.8950444459915161,0.008071397131240882,0.0446434589587661,0.0013242391937965388
11,test_w44-47,31.5,ge5,near,ls,0.6842313515874338,0.0074873542899276556,0.7514454138293885,0.013210227251058613,0.7494085695208325,0.01279817694684673,0.806433882961526,0.03513368467259128,0.6570129832527128,0.008104700529103186,0.0440279004285919,0.00371194587753606,0.0552884971089417,0.0007882569814474088,0.8542271653811137,0.024654883557846785,0.8733662366867065,0.03276409005917486,0.044865956544399364,0.0007738230575179308
11,test_w44-47,31.5,ge5,near,teacherA,0.7559247454898228,,0.7575437318454448,,0.7520202256630777,,0.796023278370514,,0.6897648582817791,,0.0673968616263706,,0.0617017897547234,,0.7881378531455994,,0.7549204230308533,,0.0252141985879356,
11,test_w44-47,31.5,ge5,near,teacherA_member,0.7461638813840548,0.004885666913379217,0.7452771023975149,0.007082206724293646,0.7251774406886151,0.004135043165221638,0.7935402521823472,0.009583842144239477,0.6744379841333917,0.0060572137186112075,0.09808447569493474,0.004082642492948466,0.0766740707345002,0.003841822055941001,0.9966223239898682,0.03852462877786125,0.8205337882041931,0.026977390271245443,0.030020506572448778,0.0007891824947923814
11,test_w44-47,31.5,ge5,near,teacherB,0.7398008966870998,,0.7220433269374101,,0.7021478577185534,,0.7826382153249273,,0.6551532782062296,,0.1118988627778998,,0.0877752994846643,,1.0998224020004272,,0.8337376713752747,,0.0290222480499468,
11,test_w48-51,35.333333333333336,all,all,direct,0.6776280687672616,0.006884846140691179,0.7944172702166666,0.005502444187565006,0.798199909,0.0008526440216112947,0.7684933333333334,0.028967106057273508,0.6819932420333333,0.0011915160781261936,0.08633676578842098,0.0017484674081906099,0.07749029022338483,0.0017403897592145625,1.246695876121521,0.0392594100901288,1.1977460781733196,0.037140005240117395,0.04703655003913587,0.0004020760791925184
11,test_w48-51,35.333333333333336,all,all,directTS,0.6776280687672616,0.006884846140691179,0.7938419601166666,0.00556380790833517,0.7995576988,0.0007521580581204804,0.7709033333333334,0.029015224164795485,0.6814764017666667,0.0012176026605520054,0.07749029022338483,0.0017403897592145625,,,1.1977460781733196,0.037140005240117395,,,0.04694563438199143,0.00037788427801826156
11,test_w48-51,35.333333333333336,all,all,enddA,0.6734250813883665,0.007163069501034728,0.7078244531666668,0.00316812450572681,0.7843788519166667,0.005215278889441073,0.9040900000000001,0.009596004376822655,0.5976983339666667,0.0024360373288023337,0.04914614385428523,0.00218803702055413,0.05967457153973473,0.002046605625949597,0.9842577377955118,0.014548105981008209,1.0004458626111348,0.013932733315223218,0.05229184663246084,0.0017871523442402114
11,test_w48-51,35.333333333333336,all,all,kdA,0.6867015411026894,0.013907056924970107,0.7928464613499999,0.005552746396036842,0.8012507256166668,0.00212417972363518,0.7414166666666667,0.0040543351283944895,0.6812659448666666,0.0061219593391672175,0.08737127523851888,0.0017527950622672173,0.07721553594465057,0.0019532951023936117,1.212101936340332,0.02893415991711622,1.1568015416463215,0.02565229019254233,0.04789483217935223,0.0011944877164606692
11,test_w48-51,35.333333333333336,all,all,kdA4,0.6739447922044688,0.004844382076078457,0.76734287305,0.003495589213567939,0.7761189166500001,0.00427468720818208,0.7538300000000001,0.0285103367219681,0.6561659326666667,0.001577685137713152,0.139931249955818,0.004287409383531083,0.07289980990953737,0.004675119522975132,1.4427436987559001,0.03075703813725029,0.9840309818585714,0.016169171838187828,0.05115893336405,0.001966916576974785
11,test_w48-51,35.333333333333336,all,all,kdB,0.681194739934698,0.013993897346022851,0.78488086695,0.004785037224759233,0.7940027074833332,0.0027374717458424325,0.7610100000000001,0.004156958022400537,0.6738780483333334,0.004475309226525094,0.08681452105122305,0.002688757334955338,0.07635485511558747,0.0021928515420389662,1.2065921227137248,0.03123694199681647,1.1515630880991619,0.026325775766558056,0.04858906378300587,0.001276235203691224
11,test_w48-51,35.333333333333336,all,all,kdB4,0.6704405494119676,0.0016229123574930686,0.7644602508833334,0.0012509824084490078,0.7718353288500001,0.0022089267020608395,0.7659833333333333,0.010784536769529509,0.6539767370333333,0.003031449664431247,0.15006052541546516,0.0041533917240992825,0.07216442537934827,0.0030367372741487535,1.6849035422007244,0.027412018493815124,1.02632737159729,0.015153217555584589,0.05246202676655246,0.000516428152265531
11,test_w48-51,35.333333333333336,all,all,ls,0.6719775709828953,0.008601579479258438,0.7570931052000001,0.010214261145039353,0.78431542385,0.0066078927096828236,0.77751,0.012935791433074422,0.6479077471333333,0.007200060211772956,0.03505234842824437,0.0031231088138100717,0.06862856435164803,0.0010158955600630027,0.9589838981628418,0.020002276590462102,1.0060035983721416,0.025797975562608388,0.05389417676190947,0.0009290445256865845
11,test_w48-51,35.333333333333336,all,all,teacherA,0.7343697699040268,,0.78440690595,,0.811908501,,0.78546,,0.6953854156,,0.0826922168004513,,0.0766009322370588,,1.0186494588851929,,0.9722362756729126,,0.0325313520976032,
11,test_w48-51,35.333333333333336,all,all,teacherA_member,0.7243412090633268,0.004525681836598564,0.77232029479,0.007663956572246006,0.79265594024,0.006615474031415835,0.784026,0.021329699482177413,0.6807314907800001,0.0053377946475427545,0.1138225124012231,0.004549536410207771,0.0906659845824837,0.004169385057873349,1.2551943063735962,0.03882554749727394,1.0255675911903381,0.026848306202058796,0.037797714464302724,0.0012384081643381452
11,test_w48-51,35.333333333333336,all,all,teacherB,0.7228658805897423,,0.7844548206999999,,0.79540342835,,0.7628,,0.6905990734999999,,0.1265800288397073,,0.0992511035487056,,1.35249924659729,,1.021196722984314,,0.0372919242864951,
11,test_w48-51,35.333333333333336,all,far,direct,0.6776280687672616,0.006884846140691179,0.7936500786643902,0.006001174610445873,0.8034731971589463,0.0013561287918063747,0.7641228976651541,0.03197002105796512,0.6808529472375732,0.0014281770297674232,0.08633676578842098,0.0017484674081906099,0.07749029022338483,0.0017403897592145625,1.246695876121521,0.0392594100901288,1.1977460781733196,0.037140005240117395,0.04703655003913587,0.0004020760791925184
11,test_w48-51,35.333333333333336,all,far,directTS,0.6776280687672616,0.006884846140691179,0.7930202905078553,0.006037997571109373,0.8047603045109404,0.0015071354392094114,0.7664030791810816,0.03178244576199932,0.6803068160953109,0.0014405326681252836,0.07749029022338483,0.0017403897592145625,,,1.1977460781733196,0.037140005240117395,,,0.04694563438199143,0.00037788427801826156
11,test_w48-51,35.333333333333336,all,far,enddA,0.6734250813883665,0.007163069501034728,0.7157534981129533,0.004409655196697073,0.7894617148163124,0.0054063446064346755,0.9008401851103024,0.008572192116502867,0.6036946153270132,0.002597174232004446,0.04914614385428523,0.00218803702055413,0.05967457153973473,0.002046605625949597,0.9842577377955118,0.014548105981008209,1.0004458626111348,0.013932733315223218,0.05229184663246084,0.0017871523442402114
11,test_w48-51,35.333333333333336,all,far,kdA,0.6867015411026894,0.013907056924970107,0.7924322997072082,0.0059866807539936066,0.8061880275119438,0.0031766352696120936,0.7318334306809842,0.0043318329307891175,0.680234725816597,0.006594821534173439,0.08737127523851888,0.0017527950622672173,0.07721553594465057,0.0019532951023936117,1.212101936340332,0.02893415991711622,1.1568015416463215,0.02565229019254233,0.04789483217935223,0.0011944877164606692
11,test_w48-51,35.333333333333336,all,far,kdA4,0.6739447922044688,0.004844382076078457,0.7716698483810337,0.0032678130816950466,0.7839791811939314,0.0045724084723165435,0.7516287010828053,0.025836978874174524,0.659450133291399,0.002408332571132714,0.139931249955818,0.004287409383531083,0.07289980990953737,0.004675119522975132,1.4427436987559001,0.03075703813725029,0.9840309818585714,0.016169171838187828,0.05115893336405,0.001966916576974785
11,test_w48-51,35.333333333333336,all,far,kdB,0.681194739934698,0.013993897346022851,0.7841202845359513,0.003552126836350498,0.7995182247907026,0.0019165948379573736,0.7548861032484163,0.0059578863114528235,0.6726070398825837,0.003869529449952682,0.08681452105122305,0.002688757334955338,0.07635485511558747,0.0021928515420389662,1.2065921227137248,0.03123694199681647,1.1515630880991619,0.026325775766558056,0.04858906378300587,0.001276235203691224
11,test_w48-51,35.333333333333336,all,far,kdB4,0.6704405494119676,0.0016229123574930686,0.7714277541148103,0.003212425220462384,0.7812420974674633,0.003843232038611618,0.7625878000928547,0.009531054172408375,0.6591429167977115,0.004078642423766611,0.15006052541546516,0.0041533917240992825,0.07216442537934827,0.0030367372741487535,1.6849035422007244,0.027412018493815124,1.02632737159729,0.015153217555584589,0.05246202676655246,0.000516428152265531
11,test_w48-51,35.333333333333336,all,far,ls,0.6719775709828953,0.008601579479258438,0.7596322041754654,0.009683017074530845,0.7903642433653832,0.005204266786391585,0.7732922975543275,0.014222114306011334,0.649809116495185,0.006993956228562953,0.03505234842824437,0.0031231088138100717,0.06862856435164803,0.0010158955600630027,0.9589838981628418,0.020002276590462102,1.0060035983721416,0.025797975562608388,0.05389417676190947,0.0009290445256865845
11,test_w48-51,35.333333333333336,all,far,teacherA,0.7343697699040268,,0.7907484936761467,,0.8212110133890462,,0.7757447095295862,,0.700094004695152,,0.0826922168004513,,0.0766009322370588,,1.0186494588851929,,0.9722362756729126,,0.0325313520976032,
11,test_w48-51,35.333333333333336,all,far,teacherA_member,0.7243412090633268,0.004525681836598564,0.7786039102080244,0.008758442701998733,0.8032350084692457,0.007097952909784756,0.7771330367974121,0.022623045354751348,0.6854493202812598,0.006243228753925774,0.1138225124012231,0.004549536410207771,0.0906659845824837,0.004169385057873349,1.2551943063735962,0.03882554749727394,1.0255675911903381,0.026848306202058796,0.037797714464302724,0.0012384081643381452
11,test_w48-51,35.333333333333336,all,far,teacherB,0.7228658805897423,,0.7952289114660556,,0.8092681865255875,,0.7543918767129443,,0.6990047567057555,,0.1265800288397073,,0.0992511035487056,,1.35249924659729,,1.021196722984314,,0.0372919242864951,
11,test_w48-51,35.333333333333336,all,near,direct,0.6776280687672616,0.006884846140691179,0.8006423458196622,0.001465271381238157,0.7554118759873617,0.018187088490990815,0.803955523149836,0.005073702391438841,0.6912457178879573,0.0009255166886343758,0.08633676578842098,0.0017484674081906099,0.07749029022338483,0.0017403897592145625,1.246695876121521,0.0392594100901288,1.1977460781733196,0.037140005240117395,0.04703655003913587,0.0004020760791925184
11,test_w48-51,35.333333333333336,all,near,directTS,0.6776280687672616,0.006884846140691179,0.8005090765888929,0.0017321592062250184,0.7573431908494349,0.01811873304472735,0.8074188844331024,0.006570381083747178,0.6909665469680398,0.0008444924956632193,0.07749029022338483,0.0017403897592145625,,,1.1977460781733196,0.037140005240117395,,,0.04694563438199143,0.00037788427801826156
11,test_w48-51,35.333333333333336,all,near,enddA,0.6734250813883665,0.007163069501034728,0.643487321059667,0.010334622818199664,0.7431359501458258,0.007092532014644036,0.9304593510754647,0.02235782062970519,0.5490438555717584,0.009933023691825991,0.04914614385428523,0.00218803702055413,0.05967457153973473,0.002046605625949597,0.9842577377955118,0.014548105981008209,1.0004458626111348,0.013932733315223218,0.05229184663246084,0.0017871523442402114
11,test_w48-51,35.333333333333336,all,near,kdA,0.6867015411026894,0.013907056924970107,0.7962070139142058,0.0034087559535930893,0.7611889216490461,0.009913082166339222,0.8191760845789281,0.009579357427512399,0.6896333682707497,0.003392764425137047,0.08737127523851888,0.0017527950622672173,0.07721553594465057,0.0019532951023936117,1.212101936340332,0.02893415991711622,1.1568015416463215,0.02565229019254233,0.04789483217935223,0.0011944877164606692
11,test_w48-51,35.333333333333336,all,near,kdA4,0.6739447922044688,0.004844382076078457,0.7322333251306357,0.011054125802712323,0.7123398762000243,0.003324717799110236,0.7716915785636166,0.050447394050127686,0.6295175720014583,0.005167612607975481,0.139931249955818,0.004287409383531083,0.07289980990953737,0.004675119522975132,1.4427436987559001,0.03075703813725029,0.9840309818585714,0.016169171838187828,0.05115893336405,0.001966916576974785
11,test_w48-51,35.333333333333336,all,near,kdB,0.681194739934698,0.013993897346022851,0.7910523152873982,0.014807203443049229,0.749249200844574,0.01101411540107247,0.8106999635435654,0.026365306328817804,0.6841911489852959,0.009826388948494257,0.08681452105122305,0.002688757334955338,0.07635485511558747,0.0021928515420389662,1.2065921227137248,0.03123694199681647,1.1515630880991619,0.026325775766558056,0.04858906378300587,0.001276235203691224
11,test_w48-51,35.333333333333336,all,near,kdB4,0.6704405494119676,0.0016229123574930686,0.7079251727123589,0.014664378409307219,0.6955077863349132,0.011755365405495832,0.7935350589379025,0.021830208701716394,0.6120577931704947,0.00941341171468833,0.15006052541546516,0.0041533917240992825,0.07216442537934827,0.0030367372741487535,1.6849035422007244,0.027412018493815124,1.02632737159729,0.015153217555584589,0.05246202676655246,0.000516428152265531
11,test_w48-51,35.333333333333336,all,near,ls,0.6719775709828953,0.008601579479258438,0.7364905802649168,0.019514614248871735,0.7352346451573704,0.01815758652518011,0.8117328958561186,0.040735307792643505,0.6324798295661684,0.01180094209646083,0.03505234842824437,0.0031231088138100717,0.06862856435164803,0.0010158955600630027,0.9589838981628418,0.020002276590462102,1.0060035983721416,0.025797975562608388,0.05389417676190947,0.0009290445256865845
11,test_w48-51,35.333333333333336,all,near,teacherA,0.7343697699040268,,0.7329505741888444,,0.7364269048487058,,0.8642909223477944,,0.6571794121399926,,0.0826922168004513,,0.0766009322370588,,1.0186494588851929,,0.9722362756729126,,0.0325313520976032,
11,test_w48-51,35.333333333333336,all,near,teacherA_member,0.7243412090633268,0.004525681836598564,0.7213343566350712,0.007664197263424242,0.7068162313160773,0.004605866766856203,0.8399562522785271,0.013835445066821706,0.6424505096609552,0.006626073028022319,0.1138225124012231,0.004549536410207771,0.0906659845824837,0.004169385057873349,1.2551943063735962,0.03882554749727394,1.0255675911903381,0.026848306202058796,0.037797714464302724,0.0012384081643381452
11,test_w48-51,35.333333333333336,all,near,teacherB,0.7228658805897423,,0.6970326777251185,,0.682903274243529,,0.8310244258111557,,0.6223944467736054,,0.1265800288397073,,0.0992511035487056,,1.35249924659729,,1.021196722984314,,0.0372919242864951,
11,test_w48-51,35.333333333333336,ge5,all,direct,0.6845570125944627,0.0073897389678702526,0.8055516037865962,0.0047553954531787835,0.8021668147576606,0.0005502698276664546,0.7533624795620956,0.027086904451521548,0.6981958342636893,0.0008935840328566095,0.08278428160911376,0.0021252274278249998,0.07467616878253573,0.0020775313405907293,1.169435938199361,0.04426647628142818,1.1235696077346802,0.04226425538418535,0.04179762243545317,0.00027044207705287837
11,test_w48-51,35.333333333333336,ge5,all,directTS,0.6845570125944627,0.0073897389678702526,0.8050912679271676,0.004807993819952792,0.8037179546233792,0.0005309458381554895,0.7565543470533873,0.028255371440786516,0.6977738074460059,0.0009326329506355657,0.07467616878253573,0.0020775313405907293,,,1.1235696077346802,0.04226425538418535,,,0.04167781316868157,0.0002532198729146787
11,test_w48-51,35.333333333333336,ge5,all,enddA,0.6803477350276669,0.007769112885475122,0.7099360194334204,0.0020656847716978457,0.7852014094174296,0.005683139989926432,0.9056799601905169,0.013382406961315828,0.6073688456425822,0.001462574532216931,0.04119484775273407,0.001287489007884407,0.0514593430221967,0.0013797127349622473,0.9080477356910706,0.014196875215645553,0.9213652610778809,0.01419193162879355,0.04600134870827083,0.001574176150172719
11,test_w48-51,35.333333333333336,ge5,all,kdA,0.6945572317496183,0.014712465804371428,0.8032544965769919,0.005723790717437482,0.8046343028852476,0.003321177563263239,0.7202068671358499,0.013321951608472627,0.696843715174921,0.0063914145489509,0.08233359215259793,0.0021613264125887144,0.07295262750543384,0.0023555918575033762,1.1393076181411743,0.02457278559761472,1.0873517195383708,0.022293779467686334,0.042739260485988834,0.001172557040184629
11,test_w48-51,35.333333333333336,ge5,all,kdA4,0.6819751196412929,0.004884349267044104,0.7736864315623994,0.0037186125107046522,0.7780624832805154,0.003959118167001536,0.7419847870903533,0.028868912376142725,0.6682335674827874,0.001295801328393049,0.13147672951025546,0.004635896468918832,0.06884760442244503,0.005033739270208258,1.3270126183827717,0.03743947099032835,0.9067721168200175,0.01932687275586919,0.04624467814434236,0.001678601587717248
11,test_w48-51,35.333333333333336,ge5,all,kdB,0.6885614240625135,0.014572892423194688,0.7959097913200764,0.005484121130347794,0.7974749434621938,0.0026227708544210504,0.7388675623800385,0.006248011978378837,0.6897649824116301,0.005114189737540247,0.08236173467003313,0.00216383112711656,0.07274267835521384,0.0017306068738205662,1.1330664157867432,0.03445842866623146,1.0811885595321655,0.029533778279063217,0.0433459868669424,0.0010399611254304619
11,test_w48-51,35.333333333333336,ge5,all,kdB4,0.6783204105213051,0.001212652576741948,0.7717600967634959,0.0020319527059867453,0.7741338975055632,0.0033746370959602764,0.7500604251084098,0.0032262527556362157,0.667013363045788,0.0032717260936962786,0.14143896152183347,0.0038429954005621872,0.06942058249089621,0.0029130716079501006,1.5624302228291829,0.017779021692187563,0.9511501987775167,0.011721571799334082,0.046884141589929464,0.00040749148890067917
11,test_w48-51,35.333333333333336,ge5,all,ls,0.6783001490881947,0.008656840807611399,0.7622322661230033,0.009954158709698917,0.7859860250136782,0.007614318975911958,0.7693929053813889,0.006051942551032965,0.6594547314189468,0.007470050773871161,0.04168096290493176,0.0036175053399525527,0.06034506950652036,0.001158892152225432,0.8953149120012919,0.02212225475211622,0.9229858120282491,0.028448867208445583,0.047793916735710734,0.0007033198221625094
11,test_w48-51,35.333333333333336,ge5,all,teacherA,0.7428045901614398,,0.7944309207372143,,0.8171514967466014,,0.7358072083599915,,0.7089721992192031,,0.0759123039115526,,0.0700762301553409,,0.900041401386261,,0.8602522611618042,,0.0283060070138567,
11,test_w48-51,35.333333333333336,ge5,all,teacherA_member,0.7323501515250842,0.004408757627052309,0.7815503753098807,0.008272906912193446,0.7978189829749543,0.006820491842664129,0.7578801450202601,0.028288851314048888,0.6936422306524423,0.006127081503363127,0.10797414573592368,0.004343847869043433,0.08626772125261072,0.004108035640673047,1.1354706287384033,0.037810085617994,0.9292509913444519,0.02629129592449995,0.033566583971968864,0.001053736661249368
11,test_w48-51,35.333333333333336,ge5,all,teacherB,0.730231291281617,,0.7938431032051012,,0.801391570302917,,0.7272232885476647,,0.7031958103993617,,0.1209431891196776,,0.0958775777287729,,1.2447364330291748,,0.9397487044334412,,0.0328556295319462,
11,test_w48-51,35.333333333333336,ge5,far,direct,0.6845570125944627,0.0073897389678702526,0.8042920781841133,0.005058862878931012,0.8073396928558604,0.001750174182198823,0.7485389968513728,0.030095347284061134,0.6966107084397857,0.0009596471411832033,0.08278428160911376,0.0021252274278249998,0.07467616878253573,0.0020775313405907293,1.169435938199361,0.04426647628142818,1.1235696077346802,0.04226425538418535,0.04179762243545317,0.00027044207705287837
11,test_w48-51,35.333333333333336,ge5,far,directTS,0.6845570125944627,0.0073897389678702526,0.8037796865477577,0.005088040198154993,0.8088057817059043,0.0018342953085508245,0.752024547259491,0.031398045719360446,0.696161458226868,0.000983619047515792,0.07467616878253573,0.0020775313405907293,,,1.1235696077346802,0.04226425538418535,,,0.04167781316868157,0.0002532198729146787
11,test_w48-51,35.333333333333336,ge5,far,enddA,0.6803477350276669,0.007769112885475122,0.7182927584237676,0.00350545238937443,0.7905155274393403,0.005893902654669149,0.9021799731263661,0.012874543518051987,0.6137667373813188,0.0013818937226698041,0.04119484775273407,0.001287489007884407,0.0514593430221967,0.0013797127349622473,0.9080477356910706,0.014196875215645553,0.9213652610778809,0.01419193162879355,0.04600134870827083,0.001574176150172719
11,test_w48-51,35.333333333333336,ge5,far,kdA,0.6945572317496183,0.014712465804371428,0.8023996377530386,0.006175518859144928,0.8095264488805466,0.00436067364184639,0.7101177225598138,0.013985300471827583,0.6954144454677663,0.006881103521026376,0.08233359215259793,0.0021613264125887144,0.07295262750543384,0.0023555918575033762,1.1393076181411743,0.02457278559761472,1.0873517195383708,0.022293779467686334,0.042739260485988834,0.001172557040184629
11,test_w48-51,35.333333333333336,ge5,far,kdA4,0.6819751196412929,0.004884349267044104,0.7779872871653967,0.003502051593339327,0.7859016783902287,0.004200838607632813,0.7400517417724566,0.026325004182737193,0.6715172842274187,0.002166183809372115,0.13147672951025546,0.004635896468918832,0.06884760442244503,0.005033739270208258,1.3270126183827717,0.03743947099032835,0.9067721168200175,0.01932687275586919,0.04624467814434236,0.001678601587717248
11,test_w48-51,35.333333333333336,ge5,far,kdB,0.6885614240625135,0.014572892423194688,0.7946452029988204,0.00427360907972246,0.8029180342018992,0.0017933935438916556,0.7327196518460583,0.006728489413986429,0.6880413683897394,0.0045195558668598545,0.08236173467003313,0.00216383112711656,0.07274267835521384,0.0017306068738205662,1.1330664157867432,0.03445842866623146,1.0811885595321655,0.029533778279063217,0.0433459868669424,0.0010399611254304619
11,test_w48-51,35.333333333333336,ge5,far,kdB4,0.6783204105213051,0.001212652576741948,0.7788456697035432,0.004130295861966435,0.7836466866821462,0.005164050561381286,0.7461444357539658,0.002392272328316038,0.6723012249320947,0.004498751924117417,0.14143896152183347,0.0038429954005621872,0.06942058249089621,0.0029130716079501006,1.5624302228291829,0.017779021692187563,0.9511501987775167,0.011721571799334082,0.046884141589929464,0.00040749148890067917
11,test_w48-51,35.333333333333336,ge5,far,ls,0.6783001490881947,0.008656840807611399,0.7652555505147441,0.009354181600831388,0.7925806134591515,0.006293415083416516,0.7640454846278804,0.006096204896753733,0.6617135227787839,0.00724337469635622,0.04168096290493176,0.0036175053399525527,0.06034506950652036,0.001158892152225432,0.8953149120012919,0.02212225475211622,0.9229858120282491,0.028448867208445583,0.047793916735710734,0.0007033198221625094
11,test_w48-51,35.333333333333336,ge5,far,teacherA,0.7428045901614398,,0.8010440458802869,,0.8269193768514778,,0.7219782203236869,,0.7138684421732074,,0.0759123039115526,,0.0700762301553409,,0.900041401386261,,0.8602522611618042,,0.0283060070138567,
11,test_w48-51,35.333333333333336,ge5,far,teacherA_member,0.7323501515250842,0.004408757627052309,0.7881250095409731,0.009434086557929882,0.8087841517294972,0.007366628582446597,0.7493628542205644,0.029999251359782188,0.6985729665413286,0.007062665717015947,0.10797414573592368,0.004343847869043433,0.08626772125261072,0.004108035640673047,1.1354706287384033,0.037810085617994,0.9292509913444519,0.02629129592449995,0.033566583971968864,0.001053736661249368
11,test_w48-51,35.333333333333336,ge5,far,teacherB,0.730231291281617,,0.8049964467605111,,0.8156453637333132,,0.7169845376331148,,0.7119158167863404,,0.1209431891196776,,0.0958775777287729,,1.2447364330291748,,0.9397487044334412,,0.0328556295319462,
11,test_w48-51,35.333333333333336,ge5,near,direct,0.6845570125944627,0.0073897389678702526,0.8153570253504693,0.002396449320561575,0.7618958981908325,0.017738682233831994,0.7909133489461357,0.0037715826021915626,0.7105360573639709,0.0012022898007945251,0.08278428160911376,0.0021252274278249998,0.07467616878253573,0.0020775313405907293,1.169435938199361,0.04426647628142818,1.1235696077346802,0.04226425538418535,0.04179762243545317,0.00027044207705287837
11,test_w48-51,35.333333333333336,ge5,near,directTS,0.6845570125944627,0.0073897389678702526,0.8153019443239691,0.002628051860147499,0.7641091612094918,0.01767013502604495,0.7918188914910226,0.004006623558431374,0.7103259649969637,0.0012372064865729107,0.07467616878253573,0.0020775313405907293,,,1.1235696077346802,0.04226425538418535,,,0.04167781316868157,0.0002532198729146787
11,test_w48-51,35.333333333333336,ge5,near,enddA,0.6803477350276669,0.007769112885475122,0.6448787085394813,0.009636819832232036,0.7438309383906491,0.0071067185030062275,0.9329274004683841,0.024346782629668058,0.5575611835397508,0.00994889012558341,0.04119484775273407,0.001287489007884407,0.0514593430221967,0.0013797127349622473,0.9080477356910706,0.014196875215645553,0.9213652610778809,0.01419193162879355,0.04600134870827083,0.001574176150172719
11,test_w48-51,35.333333333333336,ge5,near,kdA,0.6945572317496183,0.014712465804371428,0.8099095825315256,0.003696400353765642,0.7665488890267634,0.00980202298124035,0.7987509758001562,0.011648113343484616,0.7079705965812996,0.0037341997480211868,0.08233359215259793,0.0021613264125887144,0.07295262750543384,0.0023555918575033762,1.1393076181411743,0.02457278559761472,1.0873517195383708,0.022293779467686334,0.042739260485988834,0.001172557040184629
11,test_w48-51,35.333333333333336,ge5,near,kdA4,0.6819751196412929,0.004884349267044104,0.7402042203317585,0.010981618184148799,0.7170342575575427,0.0033666860289699087,0.7570335675253709,0.04963185904004375,0.6426697941748157,0.005486104696550018,0.13147672951025546,0.004635896468918832,0.06884760442244503,0.005033739270208258,1.3270126183827717,0.03743947099032835,0.9067721168200175,0.01932687275586919,0.04624467814434236,0.001678601587717248
11,test_w48-51,35.333333333333336,ge5,near,kdB,0.6885614240625135,0.014572892423194688,0.8057546262088797,0.01496114707407768,0.7551004183171613,0.011249158682136186,0.7867291178766589,0.03306782723294372,0.7031833377548827,0.010039757700806624,0.08236173467003313,0.00216383112711656,0.07274267835521384,0.0017306068738205662,1.1330664157867432,0.03445842866623146,1.0811885595321655,0.029533778279063217,0.0433459868669424,0.0010399611254304619
11,test_w48-51,35.333333333333336,ge5,near,kdB4,0.6783204105213051,0.001212652576741948,0.71659882845599,0.014428235187682017,0.7000767223748902,0.01074692420043062,0.7805464480874317,0.02113805100781015,0.6258472963421337,0.009206709564960917,0.14143896152183347,0.0038429954005621872,0.06942058249089621,0.0029130716079501006,1.5624302228291829,0.017779021692187563,0.9511501987775167,0.011721571799334082,0.046884141589929464,0.00040749148890067917
11,test_w48-51,35.333333333333336,ge5,near,ls,0.6783001490881947,0.008656840807611399,0.7386959617318448,0.018606195453118694,0.7346470767456618,0.018199495687184236,0.8110226385636222,0.04186728372635422,0.6418700142330681,0.01146796642929956,0.04168096290493176,0.0036175053399525527,0.06034506950652036,0.001158892152225432,0.8953149120012919,0.02212225475211622,0.9229858120282491,0.028448867208445583,0.047793916735710734,0.0007033198221625094
11,test_w48-51,35.333333333333336,ge5,near,teacherA,0.7428045901614398,,0.7429476640613335,,0.7411084357521501,,0.8434660421545668,,0.6708548904892225,,0.0759123039115526,,0.0700762301553409,,0.900041401386261,,0.8602522611618042,,0.0283060070138567,
11,test_w48-51,35.333333333333336,ge5,near,teacherA_member,0.7323501515250842,0.004408757627052309,0.7303667708344774,0.008117941254512191,0.7124550158230776,0.004366931786495659,0.8241873536299765,0.01714521169891287,0.6552563940205085,0.007149152477421635,0.10797414573592368,0.004343847869043433,0.08626772125261072,0.004108035640673047,1.1354706287384033,0.037810085617994,0.9292509913444519,0.02629129592449995,0.033566583971968864,0.001053736661249368
11,test_w48-51,35.333333333333336,ge5,near,teacherB,0.730231291281617,,0.7070141930250214,,0.6904256215410365,,0.8069320843091334,,0.635310458568928,,0.1209431891196776,,0.0958775777287729,,1.2447364330291748,,0.9397487044334412,,0.0328556295319462,
24,test_w29-32,3.5,all,all,direct,0.8869850000867534,0.002573051881306523,0.8686604233166667,0.0031540562951357584,0.8806639318666667,0.000936175637680921,0.5393966666666666,0.008338131285445955,0.8316060274,0.003378684441052205,0.011721144186730167,0.0014575973077790968,0.0059424586144089,0.0008751646704891172,0.25338159004847205,0.01819332543639779,0.2465129643678665,0.015716436680211523,0.0058386301620196,0.0002563634168313035
24,test_w29-32,3.5,all,all,directTS,0.8869850000867534,0.002573051881306523,0.8680273989499999,0.0032689338353483538,0.8817108778000001,0.0009678249040778474,0.5421833333333334,0.009225032971937486,0.8308965105666667,0.003506721267772802,0.0059424586144089,0.0008751646704891172,,,0.2465129643678665,0.015716436680211523,,,0.005830307220958134,0.00025247177759323014
24,test_w29-32,3.5,all,all,enddA,0.8884554497326024,0.005395612590441815,0.7603091727,0.005521574071501006,0.8751256199666666,0.00019631548993572463,0.6441733333333333,0.006063368150898747,0.7288013281333333,0.0045138107027845415,0.006168104856287367,0.0007263844564318134,0.007978330932333999,0.0008846445636309229,0.25753386815388996,0.004937299279697497,0.25809043645858765,0.004813058581394108,0.006516111348080234,0.0005779108504334122
24,test_w29-32,3.5,all,all,kdA,0.8862518835491072,0.0022719394237816805,0.8718753277500001,0.004354591417616193,0.8802399426666666,0.0020182869695718007,0.55138,0.010055968377038559,0.8354009743,0.0028172274150503125,0.011563614586417801,0.0011796728273155267,0.005204695172433966,0.0009638088014255552,0.25214173893133796,0.0037756885528308242,0.24526479343573246,0.0036641632334868377,0.005538902422401834,0.0003527408879044572
24,test_w29-32,3.5,all,all,kdA4,0.8642062903146775,0.005966527577914937,0.83929796325,0.0031302430105192114,0.8617303201333333,0.001904759483972667,0.55512,0.005795524135054553,0.8001806632,0.002503038856377254,0.0401236239174753,0.002555992184252944,0.011497630738181266,0.0012044005252718891,0.3388983905315399,0.015908285768622656,0.2699129780133565,0.009836956679954838,0.0075638690888983,0.00046207415740930725
24,test_w29-32,3.5,all,all,kdB,0.8889602973738727,0.0033322356949896017,0.8720496430666667,0.00552820936964067,0.8812516449166666,0.0024983318488746797,0.5430233333333333,0.011196023103465475,0.8357142564333334,0.005226462469561244,0.011523188022871765,0.0011995556864349709,0.0051112378312647,0.001700330503181258,0.25265295306841523,0.012496795413675231,0.2450827409823735,0.010808933589793155,0.005673751411961733,0.00025808977531942165
24,test_w29-32,3.5,all,all,kdB4,0.8668848860000195,0.005012676535335981,0.8408949953500001,0.0033087623644891193,0.8618883644666667,0.0028279772786784447,0.54456,0.002956839528956552,0.8020737259,0.0036055898920145145,0.04562200845303633,0.0008427462030486973,0.013365413995956301,0.0005465261189452038,0.3814310034116109,0.008198674394671007,0.27886895338694256,0.003980052839122237,0.007592426827351967,8.141781766549996e-05
24,test_w29-32,3.5,all,all,ls,0.8760191109923806,0.0031494374455957146,0.85919839035,0.0023349933585860277,0.8790176020833335,0.0014252801374988959,0.5329566666666666,0.010464900063227266,0.8211337845666665,0.0016452552187947948,0.0528329163057605,0.0010196390478566164,0.0117769513887415,0.0004291436066888423,0.2946350773175557,0.00666254218061695,0.2574327339728673,0.009278826101144232,0.007656968715355699,0.0007736154777073116
24,test_w29-32,3.5,all,all,teacherA,0.9361671102535628,,0.8735891820999999,,0.90808230285,,0.43593,,0.8523436038,,0.0091469526326656,,0.0080957803872227,,0.1528013199567794,,0.1452851444482803,,0.0025726955828335,
24,test_w29-32,3.5,all,all,teacherA_member,0.9264157939034294,0.004118459001699311,0.8593158428400001,0.0046458187960515184,0.88899886157,0.0016373455229448134,0.468298,0.011160453395807896,0.83655322358,0.004638604145488144,0.01695441310104722,0.0009694027707262842,0.00827554768444594,0.0013044484258010443,0.19172201454639434,0.014606027997981197,0.1655641287565231,0.010725598235560707,0.00365631711536112,0.00086197832963953
24,test_w29-32,3.5,all,all,teacherB,0.934228723273395,,0.8786581995,,0.89635599095,,0.4543,,0.8575623351999999,,0.0172654548501968,,0.0096760933705419,,0.1967012733221054,,0.1611234843730926,,0.0029438002132696,
24,test_w29-32,3.5,all,far,direct,0.8869850000867534,0.002573051881306523,0.8662889154319,0.005186194346641304,0.8824142075242284,0.0011952479174546227,0.5312575744932788,0.016462321923613226,0.8290368780571152,0.0051251527243013455,0.011721144186730167,0.0014575973077790968,0.0059424586144089,0.0008751646704891172,0.25338159004847205,0.01819332543639779,0.2465129643678665,0.015716436680211523,0.0058386301620196,0.0002563634168313035
24,test_w29-32,3.5,all,far,directTS,0.8869850000867534,0.002573051881306523,0.8656346007621183,0.005321849370683043,0.8834015925210695,0.0011769317708331159,0.5343131995851661,0.01741011782335686,0.8283145980998702,0.005267404280035516,0.0059424586144089,0.0008751646704891172,,,0.2465129643678665,0.015716436680211523,,,0.005830307220958134,0.00025247177759323014
24,test_w29-32,3.5,all,far,enddA,0.8884554497326024,0.005395612590441815,0.7651986725911621,0.004645065344307434,0.8740905570853549,0.0006521837282835734,0.6398931921944474,0.001935533239856954,0.7333752330659165,0.003589234695879268,0.006168104856287367,0.0007263844564318134,0.007978330932333999,0.0008846445636309229,0.25753386815388996,0.004937299279697497,0.25809043645858765,0.004813058581394108,0.006516111348080234,0.0005779108504334122
24,test_w29-32,3.5,all,far,kdA,0.8862518835491072,0.0022719394237816805,0.8689351569931695,0.004580720993701147,0.8814472729241419,0.002710196874549122,0.5451648408412705,0.01035449039956286,0.8323749989470213,0.00310901819812095,0.011563614586417801,0.0011796728273155267,0.005204695172433966,0.0009638088014255552,0.25214173893133796,0.0037756885528308242,0.24526479343573246,0.0036641632334868377,0.005538902422401834,0.0003527408879044572
24,test_w29-32,3.5,all,far,kdA4,0.8642062903146775,0.005966527577914937,0.8388151240130807,0.0036905557163215428,0.8619966977394732,0.002170433221220804,0.5470244410272304,0.004151101140996953,0.799437150997151,0.003194010221585038,0.0401236239174753,0.002555992184252944,0.011497630738181266,0.0012044005252718891,0.3388983905315399,0.015908285768622656,0.2699129780133565,0.009836956679954838,0.0075638690888983,0.00046207415740930725
24,test_w29-32,3.5,all,far,kdB,0.8889602973738727,0.0033322356949896017,0.8696835463529187,0.007235727690336718,0.8821765621436263,0.003730648393564522,0.5384655119662093,0.015194855909000347,0.8332704708603034,0.006790576675080332,0.011523188022871765,0.0011995556864349709,0.0051112378312647,0.001700330503181258,0.25265295306841523,0.012496795413675231,0.2450827409823735,0.010808933589793155,0.005673751411961733,0.00025808977531942165
24,test_w29-32,3.5,all,far,kdB4,0.8668848860000195,0.005012676535335981,0.8450056482971545,0.0030586199970585675,0.8634092352791586,0.001474586652378078,0.5360694886496838,0.004070752269401261,0.80565882614725,0.0036145266749331487,0.04562200845303633,0.0008427462030486973,0.013365413995956301,0.0005465261189452038,0.3814310034116109,0.008198674394671007,0.27886895338694256,0.003980052839122237,0.007592426827351967,8.141781766549996e-05
24,test_w29-32,3.5,all,far,ls,0.8760191109923806,0.0031494374455957146,0.8605724477980824,0.0031718071539124115,0.8798243138552134,0.0006947470402429956,0.5268112227665923,0.013975552537225187,0.8222605870455801,0.002277042910022054,0.0528329163057605,0.0010196390478566164,0.0117769513887415,0.0004291436066888423,0.2946350773175557,0.00666254218061695,0.2574327339728673,0.009278826101144232,0.007656968715355699,0.0007736154777073116
24,test_w29-32,3.5,all,far,teacherA,0.9361671102535628,,0.8745770899045167,,0.9066889652397812,,0.4244418219313617,,0.8530223746855965,,0.0091469526326656,,0.0080957803872227,,0.1528013199567794,,0.1452851444482803,,0.0025726955828335,
24,test_w29-32,3.5,all,far,teacherA_member,0.9264157939034294,0.004118459001699311,0.8610688914160379,0.0049435449702622935,0.8888529454636483,0.0021695241033069237,0.45666058720452024,0.011889854957352636,0.8379881184422272,0.004988164085562303,0.01695441310104722,0.0009694027707262842,0.00827554768444594,0.0013044484258010443,0.19172201454639434,0.014606027997981197,0.1655641287565231,0.010725598235560707,0.00365631711536112,0.00086197832963953
24,test_w29-32,3.5,all,far,teacherB,0.934228723273395,,0.8821440963058327,,0.8966354708603035,,0.4492841731335455,,0.8607941564448259,,0.0172654548501968,,0.0096760933705419,,0.1967012733221054,,0.1611234843730926,,0.0029438002132696,
24,test_w29-32,3.5,all,near,direct,0.8869850000867534,0.002573051881306523,0.8810087210601453,0.007536416062621392,0.8715503526576045,0.0008404467659529408,0.5817764260443176,0.03435735772187562,0.844983432230567,0.005723619823393707,0.011721144186730167,0.0014575973077790968,0.0059424586144089,0.0008751646704891172,0.25338159004847205,0.01819332543639779,0.2465129643678665,0.015716436680211523,0.0058386301620196,0.0002563634168313035
24,test_w29-32,3.5,all,near,directTS,0.8869850000867534,0.002573051881306523,0.8804865540107173,0.00749950054202548,0.8729074287753709,0.0010396672431322777,0.5831626425009828,0.034821003559857906,0.8443403722094635,0.005681781317752764,0.0059424586144089,0.0008751646704891172,,,0.2465129643678665,0.015716436680211523,,,0.005830307220958134,0.00025247177759323014
24,test_w29-32,3.5,all,near,enddA,0.8884554497326024,0.005395612590441815,0.7348498432747812,0.013917622599424587,0.8805151296215836,0.0023475931321134988,0.6664597686880599,0.0314511401142205,0.7049852825191897,0.01273942881838819,0.006168104856287367,0.0007263844564318134,0.007978330932333999,0.0008846445636309229,0.25753386815388996,0.004937299279697497,0.25809043645858765,0.004813058581394108,0.006516111348080234,0.0005779108504334122
24,test_w29-32,3.5,all,near,kdA,0.8862518835491072,0.0022719394237816805,0.8871846185835764,0.0031820639124354004,0.8739534472306706,0.0015845042049753924,0.5837419568410817,0.03405253497114449,0.8511570444623756,0.0015905448507161607,0.011563614586417801,0.0011796728273155267,0.005204695172433966,0.0009638088014255552,0.25214173893133796,0.0037756885528308242,0.24526479343573246,0.0036641632334868377,0.005538902422401834,0.0003527408879044572
24,test_w29-32,3.5,all,near,kdA4,0.8642062903146775,0.005966527577914937,0.8418120778763992,0.004260994292586757,0.86034330809178,0.0032898002016286503,0.597273084641963,0.014455951549162542,0.8040520861523183,0.003374172972436936,0.0401236239174753,0.002555992184252944,0.011497630738181266,0.0012044005252718891,0.3388983905315399,0.015908285768622656,0.2699129780133565,0.009836956679954838,0.0075638690888983,0.00046207415740930725
24,test_w29-32,3.5,all,near,kdB,0.8889602973738727,0.0033322356949896017,0.8843697651707942,0.0042932682608198,0.8764356570045311,0.005111314363641861,0.5667556327974675,0.009979669898214149,0.8484388997165498,0.0033554999395690845,0.011523188022871765,0.0011995556864349709,0.0051112378312647,0.001700330503181258,0.25265295306841523,0.012496795413675231,0.2450827409823735,0.010808933589793155,0.005673751411961733,0.00025808977531942165
24,test_w29-32,3.5,all,near,kdB4,0.8668848860000195,0.005012676535335981,0.8194910747315499,0.0075401733932938305,0.8539692823743611,0.011516483520549627,0.5887695777212256,0.015035192258339066,0.7834063263194918,0.006592675098674807,0.04562200845303633,0.0008427462030486973,0.013365413995956301,0.0005465261189452038,0.3814310034116109,0.008198674394671007,0.27886895338694256,0.003980052839122237,0.007592426827351967,8.141781766549996e-05
24,test_w29-32,3.5,all,near,ls,0.8760191109923806,0.0031494374455957146,0.8520437565431486,0.0022224622454724502,0.8748171028076054,0.007031380201217736,0.5649556203835888,0.007941244667172272,0.8152665923902923,0.002826430899205754,0.0528329163057605,0.0010196390478566164,0.0117769513887415,0.0004291436066888423,0.2946350773175557,0.00666254218061695,0.2574327339728673,0.009278826101144232,0.007656968715355699,0.0007736154777073116
24,test_w29-32,3.5,all,near,teacherA,0.9361671102535628,,0.8684452060703867,,0.9153373272919124,,0.4957482465396313,,0.8488092849605859,,0.0091469526326656,,0.0080957803872227,,0.1528013199567794,,0.1452851444482803,,0.0025726955828335,
24,test_w29-32,3.5,all,near,teacherA_member,0.9264157939034294,0.004118459001699311,0.8501878252125877,0.00931775122692938,0.889758637887158,0.00317107247280696,0.5288933027124325,0.028164701212317633,0.8290818130469866,0.008538371919317668,0.01695441310104722,0.0009694027707262842,0.00827554768444594,0.0013044484258010443,0.19172201454639434,0.014606027997981197,0.1655641287565231,0.010725598235560707,0.00365631711536112,0.00086197832963953
24,test_w29-32,3.5,all,near,teacherB,0.934228723273395,,0.8605073462230775,,0.8949007560052138,,0.4804171063248712,,0.8407344379616412,,0.0172654548501968,,0.0096760933705419,,0.1967012733221054,,0.1611234843730926,,0.0029438002132696,
24,test_w29-32,3.5,ge5,all,direct,0.8913946981936515,0.00263085066173699,0.8787668445638909,0.0033147997691802653,0.8874146058114715,0.0008758346880887052,0.4914645862145413,0.009010920747618889,0.8438332974677802,0.0034783046229277296,0.012854741688938432,0.0017098087864722072,0.007097855739121667,0.0008508234409938685,0.23561652998129523,0.018676801964042512,0.22821684181690208,0.016101610214042203,0.005106197004107933,0.00024224518860287042
24,test_w29-32,3.5,ge5,all,directTS,0.8913946981936515,0.00263085066173699,0.878223198392357,0.0034337629410896332,0.888713593318719,0.0009246284053209264,0.493621753252466,0.008925321434911981,0.8432293264483154,0.0036040678183686713,0.007097855739121667,0.0008508234409938685,,,0.22821684181690208,0.016101610214042203,,,0.0050879144547935325,0.00023610852472950815
24,test_w29-32,3.5,ge5,all,enddA,0.8937471888100493,0.0055965766883230095,0.7645622220140266,0.005804410542801733,0.87866972981366,0.0005377969989907661,0.6271655247405593,0.011391637143868202,0.7346422038644324,0.004640689138470904,0.005529997721015534,0.0009317378544541852,0.006617929162741333,0.0008858383997915869,0.23507328331470487,0.0049485686031794625,0.2351158907016118,0.0048205101093941405,0.0058242670658482,0.0005672857028245819
24,test_w29-32,3.5,ge5,all,kdA,0.8904819360942176,0.0025784944822434407,0.8818773847455555,0.003951891060992429,0.8869610530868374,0.0020541250519689274,0.5073706139656331,0.007466043145555647,0.8475380144838994,0.0025121490204833897,0.012761541644062768,0.0010504431986688662,0.006741335852910334,0.0010907515043717694,0.2344359060128529,0.0038877627098805045,0.22708772122859947,0.003760114841578652,0.004834292296019667,0.0003277370642412824
24,test_w29-32,3.5,ge5,all,kdA4,0.8705736712799929,0.005655392404370449,0.8448058951454683,0.003367663359916123,0.8679206296804809,0.0017999748417284033,0.5179945736515946,0.009655076556405484,0.808555928531706,0.0027880970779677943,0.037120567614227766,0.002305798922534758,0.011451090031154,0.0014215283954712944,0.3097691237926483,0.0151362323419832,0.2440566519896189,0.00945665528058555,0.006487369382762634,0.0004011830096587673
24,test_w29-32,3.5,ge5,all,kdB,0.8935398603503285,0.0034033057759344882,0.8816979953411442,0.005150836062053034,0.888152017112042,0.002476828962123643,0.49910440618082896,0.007410822167876112,0.8476010024848772,0.00484417935269531,0.0127998071172968,0.0012248632656490007,0.0063207631640170995,0.0013468651126683662,0.23464025060335789,0.013374858006114649,0.22655710081259406,0.011548228844803405,0.004954277741851701,0.00024209118919230247
24,test_w29-32,3.5,ge5,all,kdB4,0.873329348877169,0.005368237105777846,0.8467825017433487,0.002962373818948197,0.8684991910450588,0.002472522802176123,0.5178326981479331,0.010191216483247308,0.8107460954959147,0.003613956172279468,0.04190257355702163,0.0012563522976310492,0.013465807118779169,0.0011852606575346333,0.3506660958131154,0.011454772345151359,0.25277791420618695,0.0059545399017313545,0.006499161585923,0.00010475232152674033
24,test_w29-32,3.5,ge5,all,ls,0.8810424605260261,0.0031282353072690054,0.8622000350676243,0.0022294645955291672,0.8821582995149457,0.0015067578908192466,0.5171605629044688,0.011825914986281182,0.8271535324791145,0.0015484738292346656,0.0522044911010335,0.0010440949822314053,0.010678069579787333,0.00045996626673304203,0.2761851449807485,0.006893532743597193,0.23868459959824873,0.009676754603888114,0.007010618679226067,0.0007709955751373192
24,test_w29-32,3.5,ge5,all,teacherA,0.9384577701401164,,0.8787620370504888,,0.9117867638882792,,0.4128669911214805,,0.8583252043717001,,0.0091856156208296,,0.0075708207812714,,0.1439318209886551,,0.1364832669496536,,0.0023111200820107,
24,test_w29-32,3.5,ge5,all,teacherA_member,0.9284694618200611,0.004206857099064738,0.864016749344424,0.0045354266503327715,0.8936937208436572,0.0015062970082107144,0.4444221572374185,0.013766496356219616,0.8420617365601757,0.004515319612085535,0.01740486466743154,0.000988583388198135,0.00881799900754578,0.0008926541393326975,0.1834613561630249,0.014970656092071526,0.15686402320861811,0.010986798342729778,0.0033368881046119403,0.0008535744642769993
24,test_w29-32,3.5,ge5,all,teacherB,0.9368912935086492,,0.8846418300578958,,0.9031185196611116,,0.4155062656377015,,0.8643714264364134,,0.0174171481530371,,0.0095575443603215,,0.1873227655887603,,0.1513213813304901,,0.0025878536768923,
24,test_w29-32,3.5,ge5,far,direct,0.8913946981936515,0.00263085066173699,0.8757329411993345,0.005248779369494467,0.8889077220543551,0.001190963982851977,0.4825870646766169,0.016049861268593594,0.8406209434278779,0.005163426401016701,0.012854741688938432,0.0017098087864722072,0.007097855739121667,0.0008508234409938685,0.23561652998129523,0.018676801964042512,0.22821684181690208,0.016101610214042203,0.005106197004107933,0.00024224518860287042
24,test_w29-32,3.5,ge5,far,directTS,0.8913946981936515,0.00263085066173699,0.8751776292275494,0.0053950840211219545,0.8901415711795848,0.0011827419451390872,0.48471264658096996,0.01592156821478325,0.8400127508051408,0.005309039391625589,0.007097855739121667,0.0008508234409938685,,,0.22821684181690208,0.016101610214042203,,,0.0050879144547935325,0.00023610852472950815
24,test_w29-32,3.5,ge5,far,enddA,0.8937471888100493,0.0055965766883230095,0.769850617901047,0.005177116399422835,0.8775109303875483,0.0010936851087436346,0.6217137661944087,0.006561380634645877,0.7395967187144331,0.003984258969868014,0.005529997721015534,0.0009317378544541852,0.006617929162741333,0.0008858383997915869,0.23507328331470487,0.0049485686031794625,0.2351158907016118,0.0048205101093941405,0.0058242670658482,0.0005672857028245819
24,test_w29-32,3.5,ge5,far,kdA,0.8904819360942176,0.0025784944822434407,0.8782951333236596,0.004285218881221596,0.8878767605143897,0.002815174030094269,0.5014731755772743,0.01008713561923287,0.8439047557898904,0.002953069022346154,0.012761541644062768,0.0010504431986688662,0.006741335852910334,0.0010907515043717694,0.2344359060128529,0.0038877627098805045,0.22708772122859947,0.003760114841578652,0.004834292296019667,0.0003277370642412824
24,test_w29-32,3.5,ge5,far,kdA4,0.8705736712799929,0.005655392404370449,0.8439303970967255,0.0039113137348263894,0.86790985087857,0.0020107618048726674,0.5089232349252047,0.009277890327069667,0.8074155672409296,0.003447190634766339,0.037120567614227766,0.002305798922534758,0.011451090031154,0.0014215283954712944,0.3097691237926483,0.0151362323419832,0.2440566519896189,0.00945665528058555,0.006487369382762634,0.0004011830096587673
24,test_w29-32,3.5,ge5,far,kdB,0.8935398603503285,0.0034033057759344882,0.8787701994870112,0.006842710328550982,0.8888643883811561,0.0037439967651437273,0.4932191832714599,0.012438272439140875,0.8446213592583139,0.006409352536251494,0.0127998071172968,0.0012248632656490007,0.0063207631640170995,0.0013468651126683662,0.23464025060335789,0.013374858006114649,0.22655710081259406,0.011548228844803405,0.004954277741851701,0.00024209118919230247
24,test_w29-32,3.5,ge5,far,kdB4,0.873329348877169,0.005368237105777846,0.8506760308399417,0.0027994552400955187,0.8698138202255034,0.0012140588930483122,0.5084181461558536,0.013353463945533895,0.8141349319353051,0.0037180053252146464,0.04190257355702163,0.0012563522976310492,0.013465807118779169,0.0011852606575346333,0.3506660958131154,0.011454772345151359,0.25277791420618695,0.0059545399017313545,0.006499161585923,0.00010475232152674033
24,test_w29-32,3.5,ge5,far,ls,0.8810424605260261,0.0031282353072690054,0.8637727564036298,0.0030276909739693695,0.8828895883915875,0.0009105567191206618,0.5104553375255702,0.014456743322740979,0.8284682021170419,0.002092557364771276,0.0522044911010335,0.0010440949822314053,0.010678069579787333,0.00045996626673304203,0.2761851449807485,0.006893532743597193,0.23868459959824873,0.009676754603888114,0.007010618679226067,0.0007709955751373192
24,test_w29-32,3.5,ge5,far,teacherA,0.9384577701401164,,0.8794805507731219,,0.91011295381392,,0.4001692047377326,,0.8587392863758732,,0.0091856156208296,,0.0075708207812714,,0.1439318209886551,,0.1364832669496536,,0.0023111200820107,
24,test_w29-32,3.5,ge5,far,teacherA_member,0.9284694618200611,0.004206857099064738,0.8656011288541366,0.004740563479025065,0.8932064821539868,0.002069598660702202,0.4318382705760537,0.01425179589010181,0.8433285844215611,0.004800006694385309,0.01740486466743154,0.000988583388198135,0.00881799900754578,0.0008926541393326975,0.1834613561630249,0.014970656092071526,0.15686402320861811,0.010986798342729778,0.0033368881046119403,0.0008535744642769993
24,test_w29-32,3.5,ge5,far,teacherB,0.9368912935086492,,0.8881056116017528,,0.9031568080807408,,0.4094123292168599,,0.8675882583398541,,0.0174171481530371,,0.0095575443603215,,0.1873227655887603,,0.1513213813304901,,0.0025878536768923,
24,test_w29-32,3.5,ge5,near,direct,0.8913946981936515,0.00263085066173699,0.8942389897794673,0.007023815630939223,0.8798000879584915,0.0009421405855242307,0.5367377165303625,0.02940195509680423,0.8602154963109795,0.00517937710297321,0.012854741688938432,0.0017098087864722072,0.007097855739121667,0.0008508234409938685,0.23561652998129523,0.018676801964042512,0.22821684181690208,0.016101610214042203,0.005106197004107933,0.00024224518860287042
24,test_w29-32,3.5,ge5,near,directTS,0.8913946981936515,0.00263085066173699,0.89375483625943,0.006986594533329974,0.8814312648549786,0.0010378296358660073,0.5390559598171163,0.02926433230421666,0.8596330544079757,0.005134324800414215,0.007097855739121667,0.0008508234409938685,,,0.22821684181690208,0.016101610214042203,,,0.0050879144547935325,0.00023610852472950815
24,test_w29-32,3.5,ge5,near,enddA,0.8937471888100493,0.0055965766883230095,0.7375927311339506,0.014060002036659624,0.8845793158624397,0.0023299744839181532,0.6549681241548071,0.03680136567592675,0.7093754224212633,0.012810637580954132,0.005529997721015534,0.0009317378544541852,0.006617929162741333,0.0008858383997915869,0.23507328331470487,0.0049485686031794625,0.2351158907016118,0.0048205101093941405,0.0058242670658482,0.0005672857028245819
24,test_w29-32,3.5,ge5,near,kdA,0.8904819360942176,0.0025784944822434407,0.9001459673397744,0.00241941873586712,0.882291175179851,0.001850108533611433,0.5374460686457595,0.023899115042965147,0.8660667213557742,0.0012816350516013041,0.012761541644062768,0.0010504431986688662,0.006741335852910334,0.0010907515043717694,0.2344359060128529,0.0038877627098805045,0.22708772122859947,0.003760114841578652,0.004834292296019667,0.0003277370642412824
24,test_w29-32,3.5,ge5,near,kdA4,0.8705736712799929,0.005655392404370449,0.8492707153188305,0.004227694699114159,0.8679755988632051,0.0034240391088209325,0.5642561229527551,0.012304512421984047,0.8143714847208855,0.0033807479190161214,0.037120567614227766,0.002305798922534758,0.011451090031154,0.0014215283954712944,0.3097691237926483,0.0151362323419832,0.2440566519896189,0.00945665528058555,0.006487369382762634,0.0004011830096587673
24,test_w29-32,3.5,ge5,near,kdB,0.8935398603503285,0.0034033057759344882,0.8966290189017223,0.004403266027393498,0.884519102546634,0.004795794251489779,0.5291175649859402,0.018307664657693602,0.8627964346237448,0.00352127997762199,0.0127998071172968,0.0012248632656490007,0.0063207631640170995,0.0013468651126683662,0.23464025060335789,0.013374858006114649,0.22655710081259406,0.011548228844803405,0.004954277741851701,0.00024209118919230247
24,test_w29-32,3.5,ge5,near,kdB4,0.873329348877169,0.005368237105777846,0.8269264811833903,0.007301562588782462,0.8617949123847374,0.011434015129227102,0.5658445489084937,0.01162140729438081,0.7934638807376505,0.0064900712606610865,0.04190257355702163,0.0012563522976310492,0.013465807118779169,0.0011852606575346333,0.3506660958131154,0.011454772345151359,0.25277791420618695,0.0059545399017313545,0.006499161585923,0.00010475232152674033
24,test_w29-32,3.5,ge5,near,ls,0.8810424605260261,0.0031282353072690054,0.8541795512319869,0.002013493493061227,0.8784289099021713,0.007144994560673214,0.5513555283662824,0.008477754776653868,0.8204490474957912,0.0027057373776241678,0.0522044911010335,0.0010440949822314053,0.010678069579787333,0.00045996626673304203,0.2761851449807485,0.006893532743597193,0.23868459959824873,0.009676754603888114,0.007010618679226067,0.0007709955751373192
24,test_w29-32,3.5,ge5,near,teacherA,0.9384577701401164,,0.875097797514768,,0.9203227749017872,,0.4776225127181402,,0.8562134901442227,,0.0091856156208296,,0.0075708207812714,,0.1439318209886551,,0.1364832669496536,,0.0023111200820107,
24,test_w29-32,3.5,ge5,near,teacherA_member,0.9284694618200611,0.004206857099064738,0.8559368117507489,0.009552878211476618,0.8961785157943785,0.002978698738360901,0.5085968188550454,0.02921788821335305,0.8356011306271117,0.008705645143259798,0.01740486466743154,0.000988583388198135,0.00881799900754578,0.0008926541393326975,0.1834613561630249,0.014970656092071526,0.15686402320861811,0.010986798342729778,0.0033368881046119403,0.0008535744642769993
24,test_w29-32,3.5,ge5,near,teacherB,0.9368912935086492,,0.8669774140887918,,0.9029232583368724,,0.4465838109343808,,0.8479663916137543,,0.0174171481530371,,0.0095575443603215,,0.1873227655887603,,0.1513213813304901,,0.0025878536768923,
24,test_w33-36,7.5,all,all,direct,0.8502306430320231,0.006676452432042997,0.8521720316333333,0.0015999483717318564,0.8609967557,0.001572879398711625,0.5981633333333333,0.006588037138126468,0.8013656927666667,0.0051070356243710395,0.024097148317371767,0.005201213668570889,0.0175255405825873,0.0031212537310169714,0.3648565908273061,0.0292492931124553,0.3512740731239319,0.02487450773565794,0.010261415726786,0.0005844856916717274
24,test_w33-36,7.5,all,all,directTS,0.8502306430320231,0.006676452432042997,0.8515193262333334,0.0016816503737735844,0.8621769812166665,0.001573081913595195,0.5975866666666666,0.004048386509874501,0.8006166132,0.005234267185789003,0.0175255405825873,0.0031212537310169714,,,0.3512740731239319,0.02487450773565794,,,0.010233333369058165,0.0005696557345241489
24,test_w33-36,7.5,all,all,enddA,0.8492543123994474,0.006908420663456563,0.7484599368166668,0.0038088538574978232,0.8560806805666666,0.002058249271918263,0.6725933333333334,0.010712162869063102,0.7031826079333333,0.0031159898970955827,0.011809288501391768,0.0017050117346338433,0.020570930435384233,0.0027108515284275723,0.3599134087562561,0.009305837014071418,0.36435092488924664,0.009760160071929853,0.011771724012723967,0.0007163223999940373
24,test_w33-36,7.5,all,all,kdA,0.8470235356278789,0.003910866718883079,0.8539995787166667,0.0034406641333027126,0.8593796402666666,0.0009509385735314402,0.6015333333333334,0.014854973353504655,0.8033283451666667,0.001891097582095302,0.025388664039000836,0.003646635918859543,0.0181650013603518,0.003339334414681077,0.3639275332291921,0.00794720234119722,0.35033466418584186,0.007375650550241047,0.009969892850612066,0.0004201531625700623
24,test_w33-36,7.5,all,all,kdA4,0.8333334452286865,0.005957536921490974,0.8240445758833334,0.003282961852065443,0.8455419098333333,0.0031307300904577203,0.6006233333333334,0.007497775225580842,0.7693838406333332,0.0025134900176033144,0.05956150116975106,0.00337751160585022,0.027557736580048967,0.0006593853473323897,0.5087502499421438,0.021162111864970967,0.38496139645576477,0.013211669662695262,0.013202214810724101,0.0005610163871321446
24,test_w33-36,7.5,all,all,kdB,0.8522296961409639,0.004296740423226267,0.8546599616,0.00393357179747925,0.8608196134166667,0.002965768293417037,0.5920633333333334,0.008992331918547761,0.802377775,0.005111307353621085,0.026976311767200566,0.0007106039798063372,0.018541908187617834,0.00023779175109087995,0.3642400801181793,0.02010404899006857,0.34934599200884503,0.016901930926191383,0.0101948381947534,0.0003793140397382585
24,test_w33-36,7.5,all,all,kdB4,0.8310969325144871,0.00460839230245137,0.82576769675,0.004171041165425506,0.8466735157666667,0.001896553638388612,0.59106,0.013713777743568658,0.7714400615333332,0.004506163901052345,0.06760241304069757,0.0010188846055190707,0.029276127877135998,0.0007453877826387686,0.5640143950780233,0.02185928088287356,0.39146048823992413,0.012623804514876675,0.013425562794759366,0.00024224964072121525
24,test_w33-36,7.5,all,all,ls,0.840938263357752,0.0013675848083456032,0.8393861940666666,0.0014339942055185228,0.8609791279833333,0.0019497352238328804,0.6039599999999999,0.01392495601429316,0.7877918833,0.0016182081252302718,0.04837437777472033,0.0018409944730884238,0.023840935878902597,0.0018317988123720613,0.38883939385414124,0.004265988416912295,0.3635008732477824,0.006456332771814212,0.013242745916369267,0.0005348018118560893
24,test_w33-36,7.5,all,all,teacherA,0.90144352499202,,0.8572747408999999,,0.89044463035,,0.53431,,0.8245540648,,0.0198753833284228,,0.0150636425928771,,0.2639703750610351,,0.2472031116485595,,0.0054814344157683,
24,test_w33-36,7.5,all,all,teacherA_member,0.8903947402371639,0.004825955844499246,0.84294099321,0.004558828387760648,0.8719152756399999,0.0024290464742941736,0.566352,0.013650665551539985,0.80818587394,0.004706864251738881,0.03317379551407692,0.0013394089720654989,0.02008762809061998,0.0008923163969264737,0.32811759114265443,0.018814248000060214,0.27596386075019835,0.013772418721412457,0.007773235800745601,0.0014433026388110512
24,test_w33-36,7.5,all,all,teacherB,0.8961767018097629,,0.8604993004500001,,0.87677103305,,0.55116,,0.8287477504999998,,0.0320728900596499,,0.0176498950611054,,0.3498841524124145,,0.2773241996765136,,0.0065781548007599,
24,test_w33-36,7.5,all,far,direct,0.8502306430320231,0.006676452432042997,0.8488232219031344,0.002805580732792564,0.8621288595710511,0.0021575907751775424,0.5965649277701303,0.004095548124310303,0.7980816362478441,0.0060673691480613,0.024097148317371767,0.005201213668570889,0.0175255405825873,0.0031212537310169714,0.3648565908273061,0.0292492931124553,0.3512740731239319,0.02487450773565794,0.010261415726786,0.0005844856916717274
24,test_w33-36,7.5,all,far,directTS,0.8502306430320231,0.006676452432042997,0.8481291218295596,0.002905226012559291,0.8632556814567808,0.002158006345539781,0.5962524327146722,0.0013668588781398311,0.7973047603677156,0.006204573985077163,0.0175255405825873,0.0031212537310169714,,,0.3512740731239319,0.02487450773565794,,,0.010233333369058165,0.0005696557345241489
24,test_w33-36,7.5,all,far,enddA,0.8492543123994474,0.006908420663456563,0.7539812165946742,0.00467533605293078,0.854519607779149,0.002359909092067122,0.666104966693565,0.012806757700662611,0.7081041431306466,0.0035444645184249998,0.011809288501391768,0.0017050117346338433,0.020570930435384233,0.0027108515284275723,0.3599134087562561,0.009305837014071418,0.36435092488924664,0.009760160071929853,0.011771724012723967,0.0007163223999940373
24,test_w33-36,7.5,all,far,kdA,0.8470235356278789,0.003910866718883079,0.8499591605156563,0.0033142707904370255,0.8598365908569484,0.0011200375548201967,0.5996384550877359,0.007074109658633188,0.7994771374661793,0.0020754896534259234,0.025388664039000836,0.003646635918859543,0.0181650013603518,0.003339334414681077,0.3639275332291921,0.00794720234119722,0.35033466418584186,0.007375650550241047,0.009969892850612066,0.0004201531625700623
24,test_w33-36,7.5,all,far,kdA4,0.8333334452286865,0.005957536921490974,0.8233124698580719,0.00403740619765219,0.8458646864369235,0.003474889308348519,0.5972176073163399,0.00905071445656061,0.7684273187133116,0.0035459927312496437,0.05956150116975106,0.00337751160585022,0.027557736580048967,0.0006593853473323897,0.5087502499421438,0.021162111864970967,0.38496139645576477,0.013211669662695262,0.013202214810724101,0.0005610163871321446
24,test_w33-36,7.5,all,far,kdB,0.8522296961409639,0.004296740423226267,0.8512352892952643,0.005116262151023374,0.8609753814615274,0.0038147427334197562,0.5936812708659673,0.011832438765761807,0.7991559076201327,0.00617105698152723,0.026976311767200566,0.0007106039798063372,0.018541908187617834,0.00023779175109087995,0.3642400801181793,0.02010404899006857,0.34934599200884503,0.016901930926191383,0.0101948381947534,0.0003793140397382585
24,test_w33-36,7.5,all,far,kdB4,0.8310969325144871,0.00460839230245137,0.8294729826268572,0.004411208742845436,0.8480884226119841,0.0013093381026562862,0.5856276008291008,0.013667215019362132,0.7745276487318239,0.004806429744677119,0.06760241304069757,0.0010188846055190707,0.029276127877135998,0.0007453877826387686,0.5640143950780233,0.02185928088287356,0.39146048823992413,0.012623804514876675,0.013425562794759366,0.00024224964072121525
24,test_w33-36,7.5,all,far,ls,0.840938263357752,0.0013675848083456032,0.8401788576723469,0.003164220241026586,0.8611814739284188,0.0008571868089595297,0.6012602648692268,0.020005789361372598,0.7884248676840556,0.0031177416672151063,0.04837437777472033,0.0018409944730884238,0.023840935878902597,0.0018317988123720613,0.38883939385414124,0.004265988416912295,0.3635008732477824,0.006456332771814212,0.013242745916369267,0.0005348018118560893
24,test_w33-36,7.5,all,far,teacherA,0.90144352499202,,0.8585625194617175,,0.8893160318270279,,0.5245170171358048,,0.8254458354298192,,0.0198753833284228,,0.0150636425928771,,0.2639703750610351,,0.2472031116485595,,0.0054814344157683,
24,test_w33-36,7.5,all,far,teacherA_member,0.8903947402371639,0.004825955844499246,0.8448121755114635,0.004462224610174979,0.8720207635520009,0.002858584166531582,0.5590283381592064,0.014437052774880565,0.8096910128637205,0.004487262326207804,0.03317379551407692,0.0013394089720654989,0.02008762809061998,0.0008923163969264737,0.32811759114265443,0.018814248000060214,0.27596386075019835,0.013772418721412457,0.007773235800745601,0.0014433026388110512
24,test_w33-36,7.5,all,far,teacherB,0.8961767018097629,,0.8640564644942326,,0.8769511583875255,,0.5466725210044144,,0.8319688476052595,,0.0320728900596499,,0.0176498950611054,,0.3498841524124145,,0.2773241996765136,,0.0065781548007599,
24,test_w33-36,7.5,all,near,direct,0.8502306430320231,0.006676452432042997,0.8701098334604628,0.004945885952345524,0.8549326742732436,0.0024439278431350802,0.6067251461988304,0.03408325227083342,0.8189566459021952,0.00010168696731395736,0.024097148317371767,0.005201213668570889,0.0175255405825873,0.0031212537310169714,0.3648565908273061,0.0292492931124553,0.3512740731239319,0.02487450773565794,0.010261415726786,0.0005844856916717274
24,test_w33-36,7.5,all,near,directTS,0.8502306430320231,0.006676452432042997,0.869678857424358,0.004931969266855608,0.8563989547843037,0.002083589628680977,0.6047334519874566,0.03172237751294078,0.8183564564793627,0.0001447410086607546,0.0175255405825873,0.0031212537310169714,,,0.3512740731239319,0.02487450773565794,,,0.010233333369058165,0.0005696557345241489
24,test_w33-36,7.5,all,near,enddA,0.8492543123994474,0.006908420663456563,0.7188853624247816,0.013855066456262334,0.8644425215060597,0.001001587126407227,0.707348080345792,0.026863817705311696,0.6768205479277905,0.01298033932537679,0.011809288501391768,0.0017050117346338433,0.020570930435384233,0.0027108515284275723,0.3599134087562561,0.009305837014071418,0.36435092488924664,0.009760160071929853,0.011771724012723967,0.0007163223999940373
24,test_w33-36,7.5,all,near,kdA,0.8470235356278789,0.003910866718883079,0.8756419611831512,0.005012286879402603,0.8569319977328588,0.000517182906955934,0.6116831934909738,0.05675474265118294,0.8239572270955167,0.0010790057317540877,0.025388664039000836,0.003646635918859543,0.0181650013603518,0.003339334414681077,0.3639275332291921,0.00794720234119722,0.35033466418584186,0.007375650550241047,0.009969892850612066,0.0004201531625700623
24,test_w33-36,7.5,all,near,kdA4,0.8333334452286865,0.005957536921490974,0.8279660804941097,0.006710653308253656,0.8438129663530808,0.003688191525837939,0.6188660055936944,0.018185173337496356,0.7745074224510553,0.004761881088428269,0.05956150116975106,0.00337751160585022,0.027557736580048967,0.0006593853473323897,0.5087502499421438,0.021162111864970967,0.38496139645576477,0.013211669662695262,0.013202214810724101,0.0005610163871321446
24,test_w33-36,7.5,all,near,kdB,0.8522296961409639,0.004296740423226267,0.8730041190990762,0.0033335896436771538,0.8599852464191882,0.004324447747521501,0.583396898042207,0.006513754579442354,0.8196356138232054,0.0015883950366128246,0.026976311767200566,0.0007106039798063372,0.018541908187617834,0.00023779175109087995,0.3642400801181793,0.02010404899006857,0.34934599200884503,0.016901930926191383,0.0101948381947534,0.0003793140397382585
24,test_w33-36,7.5,all,near,kdB4,0.8310969325144871,0.00460839230245137,0.805920440821256,0.009234476035527345,0.8390946084413934,0.013827767825454605,0.6201584880074583,0.0251559159048219,0.754901490592423,0.007709399682576103,0.06760241304069757,0.0010188846055190707,0.029276127877135998,0.0007453877826387686,0.5640143950780233,0.02185928088287356,0.39146048823992413,0.012623804514876675,0.013425562794759366,0.00024224964072121525
24,test_w33-36,7.5,all,near,ls,0.840938263357752,0.0013675848083456032,0.8351403145393678,0.00802716722424476,0.8598952678193067,0.007852296836588913,0.6184210526315789,0.01896456045369023,0.7844013208746503,0.006425179467635175,0.04837437777472033,0.0018409944730884238,0.023840935878902597,0.0018317988123720613,0.38883939385414124,0.004265988416912295,0.3635008732477824,0.006456332771814212,0.013242745916369267,0.0005348018118560893
24,test_w33-36,7.5,all,near,teacherA,0.90144352499202,,0.8503767925247901,,0.8964899354818205,,0.5867658276125095,,0.8197773213831681,,0.0198753833284228,,0.0150636425928771,,0.2639703750610351,,0.2472031116485595,,0.0054814344157683,
24,test_w33-36,7.5,all,near,teacherA_member,0.8903947402371639,0.004825955844499246,0.8329180596872616,0.01062347305991325,0.8713502327103992,0.002444345249952237,0.6055809814391051,0.02141196819874608,0.8001236411136536,0.010189412997414566,0.03317379551407692,0.0013394089720654989,0.02008762809061998,0.0008923163969264737,0.32811759114265443,0.018814248000060214,0.27596386075019835,0.013772418721412457,0.007773235800745601,0.0014433026388110512
24,test_w33-36,7.5,all,near,teacherB,0.8961767018097629,,0.8414454548054919,,0.8758061969234681,,0.5751970505975083,,0.8114940376303077,,0.0320728900596499,,0.0176498950611054,,0.3498841524124145,,0.2773241996765136,,0.0065781548007599,
24,test_w33-36,7.5,ge5,all,direct,0.8553094270820183,0.0072112685534897105,0.8618166595371352,0.002127323734842748,0.8677109911676819,0.0018604868549618727,0.5548541653337883,0.00705825003345223,0.8139294053106942,0.005084901180302574,0.024523070495630562,0.004966217859975731,0.018041218138156335,0.0035327983155781784,0.3451535403728485,0.029457235278026357,0.33102726936340326,0.024988232767114326,0.009057465590464067,0.0005089098512268543
24,test_w33-36,7.5,ge5,all,directTS,0.8553094270820183,0.0072112685534897105,0.8612564029487862,0.002220138861735201,0.8691068959255762,0.0018063356212170416,0.5565922387380663,0.007204406429221271,0.8132938546277084,0.005205927308354417,0.018041218138156335,0.0035327983155781784,,,0.33102726936340326,0.024988232767114326,,,0.009016884452882101,0.0004945212035855607
24,test_w33-36,7.5,ge5,all,enddA,0.8539782729305211,0.006066067377044862,0.7514190864341482,0.004344771847923185,0.8604811848765997,0.002108004093099749,0.6609903819496279,0.009472297662494954,0.7082473771178148,0.004030122954711714,0.009706762065753967,0.001045798793880652,0.0178555093099478,0.0020834583392203925,0.335106760263443,0.009507381643678585,0.3389691114425659,0.009991277736895596,0.010595667952985333,0.0006705013913756389
24,test_w33-36,7.5,ge5,all,kdA,0.8516031015473079,0.0037850328219676327,0.8635253019734573,0.0030621811769020674,0.8664162166620814,0.0012151217012603777,0.5692314800992372,0.011149806495821042,0.8153915072985426,0.0010423268556437788,0.025725773207095168,0.003575823430009661,0.018556116891836602,0.0036954868512226037,0.34452075759569806,0.0066979913872012645,0.33039108912150067,0.006176337262541291,0.008822393868512333,0.0003406151846017972
24,test_w33-36,7.5,ge5,all,kdA4,0.8411913314744259,0.005677868078955682,0.8281864603429877,0.003133286320112379,0.8506504959487451,0.0026290928158095588,0.5791445408856,0.006110187410219728,0.7783183040500377,0.003189525228707944,0.05364266650409024,0.0033483426081107833,0.024992710030582264,0.0007405866662596061,0.4627162019411723,0.018406978511218124,0.34918873508771253,0.011930414731499228,0.011200218445150801,0.0004236328852440707
24,test_w33-36,7.5,ge5,all,kdB,0.8573176509568765,0.0030307876872220094,0.8637895723204766,0.0036506216129328327,0.8680331854944915,0.0031596657434658027,0.5622045452929845,0.010432976858624241,0.8144600236215417,0.004026393473385018,0.026626041500012503,0.0011306787281230868,0.019060641478430135,0.0006346614601173619,0.3436936636765798,0.02178111518742471,0.3283364176750183,0.01848427566640757,0.008978975922289432,0.0003653466652836596
24,test_w33-36,7.5,ge5,all,kdB4,0.8380431719608911,0.004814048019688246,0.8302046051135213,0.0038598054021405496,0.8520591141476292,0.0010374219646184849,0.5654923119575185,0.00977143529169786,0.7802008442949093,0.00482478629746074,0.061986279335268235,0.0016927673936787768,0.027823550784745868,0.0016178755395583786,0.5149703721205393,0.02438195827159052,0.35558364788691205,0.01331256407892668,0.011438547893034867,0.00047082565746307543
24,test_w33-36,7.5,ge5,all,ls,0.8470607986477902,0.001548402819268555,0.8420578055961748,0.0015555406992406743,0.8641273838605286,0.0020710195437364377,0.5957859717216524,0.016346183927673258,0.7949665588377602,0.0014240645092214298,0.048806814038155434,0.0017430296657442233,0.02153193996059467,0.0006666735147389876,0.3665024936199188,0.004345400281247696,0.3397214412689209,0.006352583040848312,0.012106539539562802,0.0005113827655210243
24,test_w33-36,7.5,ge5,all,teacherA,0.9065764803389617,,0.863799407454509,,0.896095698337291,,0.4875988995756115,,0.8325690894206351,,0.0185533003978053,,0.0141012943637485,,0.2461166679859161,,0.2298838645219802,,0.004896939460479,
24,test_w33-36,7.5,ge5,all,teacherA_member,0.8952296935927698,0.004904872519844214,0.8487122593936929,0.004396540843761779,0.8778369293790824,0.002308875573429549,0.5264848265125505,0.014601366515321706,0.8155577065542635,0.0046427679124705044,0.031810855819359295,0.0015659178375912563,0.02014904948157882,0.0010590548311476512,0.3107629358768463,0.017672209154567724,0.25909227132797236,0.012894043038489221,0.007114496149048061,0.00144823650419069
24,test_w33-36,7.5,ge5,all,teacherB,0.9000226297021204,,0.867520573407729,,0.884467823358468,,0.509362137723657,,0.8371604422740444,,0.0306380225314337,,0.0178237224769609,,0.3311957716941833,,0.259743332862854,,0.0059242650038642,
24,test_w33-36,7.5,ge5,far,direct,0.8553094270820183,0.0072112685534897105,0.8576219263999771,0.003327247895250643,0.8683794388927463,0.0025538857803545896,0.5535868094007629,0.011095365003459456,0.8098477983965079,0.006040723735002785,0.024523070495630562,0.004966217859975731,0.018041218138156335,0.0035327983155781784,0.3451535403728485,0.029457235278026357,0.33102726936340326,0.024988232767114326,0.009057465590464067,0.0005089098512268543
24,test_w33-36,7.5,ge5,far,directTS,0.8553094270820183,0.0072112685534897105,0.8570321292493702,0.003440859894413142,0.8697162647575167,0.0024936749113885367,0.5555470695807504,0.011691185111237968,0.809193874509358,0.006173419410830307,0.018041218138156335,0.0035327983155781784,,,0.33102726936340326,0.024988232767114326,,,0.009016884452882101,0.0004945212035855607
24,test_w33-36,7.5,ge5,far,enddA,0.8539782729305211,0.006066067377044862,0.7569521636858755,0.00532662051682434,0.858605907745628,0.0024292445004607485,0.6543195733251869,0.013052177545066351,0.7132010860279738,0.004989492206206428,0.009706762065753967,0.001045798793880652,0.0178555093099478,0.0020834583392203925,0.335106760263443,0.009507381643678585,0.3389691114425659,0.009991277736895596,0.010595667952985333,0.0006705013913756389
24,test_w33-36,7.5,ge5,far,kdA,0.8516031015473079,0.0037850328219676327,0.8586047435681254,0.003058523379175069,0.8663881695007704,0.00140320245779782,0.5689591527602754,0.013967117335276691,0.8107313417209553,0.0010580100218622593,0.025725773207095168,0.003575823430009661,0.018556116891836602,0.0036954868512226037,0.34452075759569806,0.0066979913872012645,0.33039108912150067,0.006176337262541291,0.008822393868512333,0.0003406151846017972
24,test_w33-36,7.5,ge5,far,kdA4,0.8411913314744259,0.005677868078955682,0.8266827231906632,0.0038293843821755793,0.8505200484234162,0.002826626967957446,0.5756715588311417,0.009094772978626268,0.7766567171741202,0.004134780078539748,0.05364266650409024,0.0033483426081107833,0.024992710030582264,0.0007405866662596061,0.4627162019411723,0.018406978511218124,0.34918873508771253,0.011930414731499228,0.011200218445150801,0.0004236328852440707
24,test_w33-36,7.5,ge5,far,kdB,0.8573176509568765,0.0030307876872220094,0.8596008822473892,0.004837440770219145,0.8677809602137048,0.00404606975020044,0.5638421099527755,0.012890718759471452,0.8105399464610731,0.005103793581588887,0.026626041500012503,0.0011306787281230868,0.019060641478430135,0.0006346614601173619,0.3436936636765798,0.02178111518742471,0.3283364176750183,0.01848427566640757,0.008978975922289432,0.0003653466652836596
24,test_w33-36,7.5,ge5,far,kdB4,0.8380431719608911,0.004814048019688246,0.833315617887397,0.004426075680481148,0.853066529540251,0.002162544315404013,0.5596882252856591,0.014229433137017425,0.7828025930063139,0.00522013717096013,0.061986279335268235,0.0016927673936787768,0.027823550784745868,0.0016178755395583786,0.5149703721205393,0.02438195827159052,0.35558364788691205,0.01331256407892668,0.011438547893034867,0.00047082565746307543
24,test_w33-36,7.5,ge5,far,ls,0.8470607986477902,0.001548402819268555,0.8428329419759008,0.0033127991818877062,0.8640611332337019,0.0009160402673016909,0.5923422563358409,0.023405820355781388,0.7955852852241058,0.00295580051081151,0.048806814038155434,0.0017430296657442233,0.02153193996059467,0.0006666735147389876,0.3665024936199188,0.004345400281247696,0.3397214412689209,0.006352583040848312,0.012106539539562802,0.0005113827655210243
24,test_w33-36,7.5,ge5,far,teacherA,0.9065764803389617,,0.8646946272754568,,0.8946474669221149,,0.4778452412774786,,0.833088637197424,,0.0185533003978053,,0.0141012943637485,,0.2461166679859161,,0.2298838645219802,,0.004896939460479,
24,test_w33-36,7.5,ge5,far,teacherA_member,0.8952296935927698,0.004904872519844214,0.8502735036544593,0.00430665843251486,0.8775096671279818,0.0027521005830187196,0.5177556293835364,0.015883522721140318,0.8167668418836864,0.0043973360203916545,0.031810855819359295,0.0015659178375912563,0.02014904948157882,0.0010590548311476512,0.3107629358768463,0.017672209154567724,0.25909227132797236,0.012894043038489221,0.007114496149048061,0.00144823650419069
24,test_w33-36,7.5,ge5,far,teacherB,0.9000226297021204,,0.8709917527106662,,0.8843456309404105,,0.5058998739832742,,0.8403196848140397,,0.0306380225314337,,0.0178237224769609,,0.3311957716941833,,0.259743332862854,,0.0059242650038642,
24,test_w33-36,7.5,ge5,near,direct,0.8553094270820183,0.0072112685534897105,0.8834671706722951,0.004389020813503601,0.864260894477006,0.002613103449539977,0.5613954405098219,0.017752879561277322,0.8349960317337556,0.000233068662319331,0.024523070495630562,0.004966217859975731,0.018041218138156335,0.0035327983155781784,0.3451535403728485,0.029457235278026357,0.33102726936340326,0.024988232767114326,0.009057465590464067,0.0005089098512268543
24,test_w33-36,7.5,ge5,near,directTS,0.8553094270820183,0.0072112685534897105,0.883059383442828,0.004374034074489208,0.8659617264356557,0.002263619779287241,0.5619867288614414,0.0182198751341902,0.8344553116987102,0.00031301318810032867,0.018041218138156335,0.0035327983155781784,,,0.33102726936340326,0.024988232767114326,,,0.009016884452882101,0.0004945212035855607
24,test_w33-36,7.5,ge5,near,enddA,0.8539782729305211,0.006066067377044862,0.7228609048447036,0.014062949794681624,0.8701601577881218,0.001006676568347653,0.6954208002102359,0.02576118216183606,0.6826795218066648,0.012556232396186376,0.009706762065753967,0.001045798793880652,0.0178555093099478,0.0020834583392203925,0.335106760263443,0.009507381643678585,0.3389691114425659,0.009991277736895596,0.010595667952985333,0.0006705013913756389
24,test_w33-36,7.5,ge5,near,kdA,0.8516031015473079,0.0037850328219676327,0.8889220557269079,0.0036391063855344187,0.8665609780469947,0.000778704243046006,0.5706370584499485,0.03912060496668966,0.8394442809626144,0.0012044509076774067,0.025725773207095168,0.003575823430009661,0.018556116891836602,0.0036954868512226037,0.34452075759569806,0.0066979913872012645,0.33039108912150067,0.006176337262541291,0.008822393868512333,0.0003406151846017972
24,test_w33-36,7.5,ge5,near,kdA4,0.8411913314744259,0.005677868078955682,0.8359477831485699,0.006720021192818581,0.8513237820690631,0.003866408958606215,0.5970698377241969,0.01098347967960256,0.786894345476944,0.004778798324297224,0.05364266650409024,0.0033483426081107833,0.024992710030582264,0.0007405866662596061,0.4627162019411723,0.018406978511218124,0.34918873508771253,0.011930414731499228,0.011200218445150801,0.0004236328852440707
24,test_w33-36,7.5,ge5,near,kdB,0.8573176509568765,0.0030307876872220094,0.8854088930505091,0.0036252871334189283,0.8693350099662008,0.004037440228404018,0.5537524910759258,0.012056443460454204,0.8346929374776333,0.0024023212311690117,0.026626041500012503,0.0011306787281230868,0.019060641478430135,0.0006346614601173619,0.3436936636765798,0.02178111518742471,0.3283364176750183,0.01848427566640757,0.008978975922289432,0.0003653466652836596
24,test_w33-36,7.5,ge5,near,kdB4,0.8380431719608911,0.004814048019688246,0.8141475606007801,0.008627336086219527,0.8468594846449841,0.01325630799440422,0.5954492696493879,0.016928139864709504,0.7667722929174282,0.007757700639098989,0.061986279335268235,0.0016927673936787768,0.027823550784745868,0.0016178755395583786,0.5149703721205393,0.02438195827159052,0.35558364788691205,0.01331256407892668,0.011438547893034867,0.00047082565746307543
24,test_w33-36,7.5,ge5,near,ls,0.8470607986477902,0.001548402819268555,0.8380570507753585,0.007898938013947386,0.8644693269322139,0.00811177902705152,0.6135602128638066,0.02009166964965529,0.791773091678067,0.006484924586381648,0.048806814038155434,0.0017430296657442233,0.02153193996059467,0.0006666735147389876,0.3665024936199188,0.004345400281247696,0.3397214412689209,0.006352583040848312,0.012106539539562802,0.0005113827655210243
24,test_w33-36,7.5,ge5,near,teacherA,0.9065764803389617,,0.859178859241285,,0.9035705362722246,,0.5379410025622495,,0.8298875183745597,,0.0185533003978053,,0.0141012943637485,,0.2461166679859161,,0.2298838645219802,,0.004896939460479,
24,test_w33-36,7.5,ge5,near,teacherA_member,0.8952296935927698,0.004904872519844214,0.8406541219276876,0.010597819596685489,0.87952604636934,0.0024708930076084387,0.5715393206753827,0.02477205397742206,0.809316928641197,0.010258393464973864,0.031810855819359295,0.0015659178375912563,0.02014904948157882,0.0010590548311476512,0.3107629358768463,0.017672209154567724,0.25909227132797236,0.012894043038489221,0.007114496149048061,0.00144823650419069
24,test_w33-36,7.5,ge5,near,teacherB,0.9000226297021204,,0.8496045812115496,,0.8850985019311648,,0.5272321135273635,,0.8208544667675346,,0.0306380225314337,,0.0178237224769609,,0.3311957716941833,,0.259743332862854,,0.0059242650038642,
24,test_w37-40,11.5,all,all,direct,0.8322497333181772,0.006642435829894604,0.8534651280833333,0.0013098335116922234,0.8585653956833333,0.0009446947592261667,0.6081933333333334,0.0070285441830676065,0.7909599087,0.005424279337573494,0.03499965847822523,0.005841284381513813,0.026709155810077934,0.004400677209630815,0.45120008786519367,0.036229372273028526,0.4324967960516612,0.030323595724189124,0.014156881168022198,0.0010480079353385036
24,test_w37-40,11.5,all,all,directTS,0.8322497333181772,0.006642435829894604,0.85272773275,0.0012742447509525299,0.8599521772833333,0.0011461399843530405,0.6113466666666667,0.007965439933445827,0.7901492819666668,0.005536387772672524,0.026709155810077934,0.004400677209630815,,,0.4324967960516612,0.030323595724189124,,,0.014112396670312567,0.0010337044169120876
24,test_w37-40,11.5,all,all,enddA,0.8333416179261327,0.008889683645682434,0.7675833101,0.006240422870476523,0.8534936456,0.003484205570195754,0.6811933333333333,0.024090384665532684,0.7114548300666667,0.004145112308065419,0.018912282376065768,0.003118108200247135,0.026865349436650632,0.006026897064557317,0.43360478679339093,0.021926344351216757,0.4402732749780019,0.0231424181923816,0.0155465653950791,0.0012832559386980779
24,test_w37-40,11.5,all,all,kdA,0.8272477173822267,0.004664318035727342,0.8544422808999999,0.0008520584621577717,0.8528523628333332,0.0023509013159351056,0.6239899999999999,0.007368100162185659,0.7920829090333332,0.006334970626182383,0.03610744717508554,0.005667821579713437,0.027892439371123835,0.0059438845529805745,0.44469547271728516,0.01197967771689976,0.4265625774860382,0.011114637849256651,0.013952030808989766,0.0006324711673444869
24,test_w37-40,11.5,all,all,kdA4,0.8183216147451504,0.0065813175051947625,0.8336661676833333,0.0028739602876840446,0.8440132656833333,0.0028838988876940413,0.61861,0.015524686792331746,0.7669053218333333,0.0037962139355245555,0.07123559729836877,0.0044989248916582165,0.03676399583523467,0.0012666820861744123,0.6244685053825378,0.01917793388064076,0.4649346172809601,0.012183715351885945,0.017217108345876433,0.000380488655078163
24,test_w37-40,11.5,all,all,kdB,0.8358504126164877,0.004569103735467988,0.8548829576500001,0.001572150934089941,0.8543419290666666,0.002281523698532864,0.61785,0.004069545429160352,0.7899187677000001,0.0036030472172087864,0.036374995958854704,0.0012101115232306522,0.02690168656920387,0.0010334533185071505,0.44484148422876985,0.024258627648311284,0.42508959770202637,0.020071845631614807,0.014028185954687867,0.00015420966160803915
24,test_w37-40,11.5,all,all,kdB4,0.8123093193843341,0.0028702785116169463,0.8328975205,0.0026514394326636235,0.8425538384166668,0.002085193361076948,0.6048366666666667,0.009165622364756983,0.7655618431333333,0.0029824962950219538,0.08262761582016943,0.0013753186696185788,0.04020528519178427,0.0014547633721897955,0.6927868127822876,0.034033138834350225,0.4725144108136495,0.0193014290762044,0.0175480422931991,0.00034974451074322536
24,test_w37-40,11.5,all,all,ls,0.8210921791322529,0.0044332306077127575,0.8329797568,0.0027134180672472802,0.8571669124333333,0.0019156646390594257,0.6434366666666667,0.019805457160422594,0.7691764947666667,0.003521826136223662,0.046011977911541796,0.0020049396538584477,0.0339504495489597,0.004236588607452622,0.464399129152298,0.0021880711155047704,0.44674737254778546,0.004064174309639387,0.0171831508968724,0.0006385965641896792
24,test_w37-40,11.5,all,all,teacherA,0.8854861561915444,,0.8629438984,,0.8875684884499999,,0.56539,,0.8179598673000003,,0.0305172751051932,,0.0228998167668282,,0.3614605963230133,,0.3357671797275543,,0.008567270634968,
24,test_w37-40,11.5,all,all,teacherA_member,0.8735103724151119,0.005690290320418291,0.8494146622700001,0.003136158800387266,0.8701005604899998,0.0026500687946198935,0.5917,0.012528659146133716,0.8019078739000001,0.0030039334934185923,0.04706258539880808,0.0009141542599764154,0.031883983229502984,0.0007324226745895321,0.45084015727043153,0.02367998694331584,0.37334839105606077,0.017833883492069425,0.012165964242224662,0.0025576020083430983
24,test_w37-40,11.5,all,all,teacherB,0.8793995897761437,,0.86336538135,,0.87128597975,,0.56729,,0.8192692683,,0.0457548821306228,,0.0288592695359886,,0.4822725057601928,,0.3763310015201568,,0.0102225202459488,
24,test_w37-40,11.5,all,far,direct,0.8322497333181772,0.006642435829894604,0.8527228569964471,0.0016787705713583922,0.8606825887271872,0.001423613841930324,0.6058614982842914,0.009796178380294356,0.7900172678099664,0.0059833077384311255,0.03499965847822523,0.005841284381513813,0.026709155810077934,0.004400677209630815,0.45120008786519367,0.036229372273028526,0.4324967960516612,0.030323595724189124,0.014156881168022198,0.0010480079353385036
24,test_w37-40,11.5,all,far,directTS,0.8322497333181772,0.006642435829894604,0.851949081260818,0.0016871312406995978,0.8620463145668215,0.0016057833308684292,0.6089209255716498,0.010416824997340837,0.7891831867009809,0.006100487856781083,0.026709155810077934,0.004400677209630815,,,0.4324967960516612,0.030323595724189124,,,0.014112396670312567,0.0010337044169120876
24,test_w37-40,11.5,all,far,enddA,0.8333416179261327,0.008889683645682434,0.7730694888175277,0.007077221697629642,0.8540728097005861,0.0034729304130435186,0.6756020163371899,0.02506057556204287,0.7162575353770005,0.005100401929200647,0.018912282376065768,0.003118108200247135,0.026865349436650632,0.006026897064557317,0.43360478679339093,0.021926344351216757,0.4402732749780019,0.0231424181923816,0.0155465653950791,0.0012832559386980779
24,test_w37-40,11.5,all,far,kdA,0.8272477173822267,0.004664318035727342,0.8533682617632321,0.0005443360484431576,0.8543681442637636,0.002584578467829321,0.6196820624943062,0.005567133798927265,0.7908841742582977,0.0068511857246508516,0.03610744717508554,0.005667821579713437,0.027892439371123835,0.0059438845529805745,0.44469547271728516,0.01197967771689976,0.4265625774860382,0.011114637849256651,0.013952030808989766,0.0006324711673444869
24,test_w37-40,11.5,all,far,kdA4,0.8183216147451504,0.0065813175051947625,0.8352635046764446,0.0038807104909804103,0.845556728215815,0.003439490072549351,0.6150701466703107,0.01842357929283086,0.7680509181698095,0.004941685645429226,0.07123559729836877,0.0044989248916582165,0.03676399583523467,0.0012666820861744123,0.6244685053825378,0.01917793388064076,0.4649346172809601,0.012183715351885945,0.017217108345876433,0.000380488655078163
24,test_w37-40,11.5,all,far,kdB,0.8358504126164877,0.004569103735467988,0.8541147622490967,0.0023262794161933685,0.855650401559321,0.0024509967698632135,0.617655097021044,0.003949720667895078,0.789105085254016,0.004311747527402564,0.036374995958854704,0.0012101115232306522,0.02690168656920387,0.0010334533185071505,0.44484148422876985,0.024258627648311284,0.42508959770202637,0.020071845631614807,0.014028185954687867,0.00015420966160803915
24,test_w37-40,11.5,all,far,kdB4,0.8123093193843341,0.0028702785116169463,0.8370523860496188,0.0034016464362877545,0.8445007729419087,0.004009947415564451,0.5996439525067565,0.012640713599438006,0.7689074359645925,0.0031813210307176645,0.08262761582016943,0.0013753186696185788,0.04020528519178427,0.0014547633721897955,0.6927868127822876,0.034033138834350225,0.4725144108136495,0.0193014290762044,0.0175480422931991,0.00034974451074322536
24,test_w37-40,11.5,all,far,ls,0.8210921791322529,0.0044332306077127575,0.834145926615499,0.00425495612891157,0.8583426565204518,0.0015393957405222599,0.6408551213142631,0.025824409682065768,0.7701703967006771,0.004998693400076253,0.046011977911541796,0.0020049396538584477,0.0339504495489597,0.004236588607452622,0.464399129152298,0.0021880711155047704,0.44674737254778546,0.004064174309639387,0.0171831508968724,0.0006385965641896792
24,test_w37-40,11.5,all,far,teacherA,0.8854861561915444,,0.8666986926072697,,0.8885696837706113,,0.5552860526555525,,0.8210335775940603,,0.0305172751051932,,0.0228998167668282,,0.3614605963230133,,0.3357671797275543,,0.008567270634968,
24,test_w37-40,11.5,all,far,teacherA_member,0.8735103724151119,0.005690290320418291,0.8534683681333697,0.0030613628455454195,0.8721238217864627,0.0029778306099452747,0.5832809510795299,0.014766224399761807,0.8053261815158969,0.0027952254458927105,0.04706258539880808,0.0009141542599764154,0.031883983229502984,0.0007324226745895321,0.45084015727043153,0.02367998694331584,0.37334839105606077,0.017833883492069425,0.012165964242224662,0.0025576020083430983
24,test_w37-40,11.5,all,far,teacherB,0.8793995897761437,,0.8676482703038171,,0.8728541568165256,,0.5596474446570101,,0.8229680573016306,,0.0457548821306228,,0.0288592695359886,,0.4822725057601928,,0.3763310015201568,,0.0102225202459488,
24,test_w37-40,11.5,all,near,direct,0.8322497333181772,0.006642435829894604,0.8588150359761436,0.005136569083119371,0.843305758098052,0.002976955824719796,0.625,0.01712298592007973,0.7977539789888378,0.0015097838334184792,0.03499965847822523,0.005841284381513813,0.026709155810077934,0.004400677209630815,0.45120008786519367,0.036229372273028526,0.4324967960516612,0.030323595724189124,0.014156881168022198,0.0010480079353385036
24,test_w37-40,11.5,all,near,directTS,0.8322497333181772,0.006642435829894604,0.8583398518548916,0.00511831053571319,0.8448587137502735,0.0027063461849259145,0.6288301597723791,0.010933323301505133,0.7971123993215145,0.0016033323396297825,0.026709155810077934,0.004400677209630815,,,0.4324967960516612,0.030323595724189124,,,0.014112396670312567,0.0010337044169120876
24,test_w37-40,11.5,all,near,enddA,0.8333416179261327,0.008889683645682434,0.7280417580433355,0.01139188841944599,0.8493193289012914,0.004677075399261134,0.7214926679798642,0.02944444142568644,0.6768394024950756,0.00897191973710908,0.018912282376065768,0.003118108200247135,0.026865349436650632,0.006026897064557317,0.43360478679339093,0.021926344351216757,0.4402732749780019,0.0231424181923816,0.0155465653950791,0.0012832559386980779
24,test_w37-40,11.5,all,near,kdA,0.8272477173822267,0.004664318035727342,0.8621832579612607,0.0076033120061736945,0.8419273905668637,0.0035978861789192447,0.6550393959290873,0.05314421153114763,0.8007227722149267,0.0030122845507576704,0.03610744717508554,0.005667821579713437,0.027892439371123835,0.0059438845529805745,0.44469547271728516,0.01197967771689976,0.4265625774860382,0.011114637849256651,0.013952030808989766,0.0006324711673444869
24,test_w37-40,11.5,all,near,kdA4,0.8183216147451504,0.0065813175051947625,0.8221533849036988,0.007860197025033482,0.8328887822827751,0.003965679154523058,0.644123440577807,0.015566334742555468,0.7586484531626176,0.004680466157747232,0.07123559729836877,0.0044989248916582165,0.03676399583523467,0.0012666820861744123,0.6244685053825378,0.01917793388064076,0.4649346172809601,0.012183715351885945,0.017217108345876433,0.000380488655078163
24,test_w37-40,11.5,all,near,kdB,0.8358504126164877,0.004569103735467988,0.860419714653097,0.003880367288459432,0.8449111329065442,0.006162474826523714,0.6192547603414313,0.011338218279270574,0.7957833719085139,0.0015246805322747458,0.036374995958854704,0.0012101115232306522,0.02690168656920387,0.0010334533185071505,0.44484148422876985,0.024258627648311284,0.42508959770202637,0.020071845631614807,0.014028185954687867,0.00015420966160803915
24,test_w37-40,11.5,all,near,kdB4,0.8123093193843341,0.0028702785116169463,0.8029513884329175,0.008749002538874383,0.8285213365889691,0.014334201800370377,0.6422630772597943,0.016461141020930655,0.7414485322280586,0.007731452668869225,0.08262761582016943,0.0013753186696185788,0.04020528519178427,0.0014547633721897955,0.6927868127822876,0.034033138834350225,0.4725144108136495,0.0193014290762044,0.0175480422931991,0.00034974451074322536
24,test_w37-40,11.5,all,near,ls,0.8210921791322529,0.0044332306077127575,0.8245746050831692,0.013221095734424673,0.8486927542952506,0.0058858507098016365,0.6620431166557234,0.025712144447130002,0.7620129612606698,0.008560268136386476,0.046011977911541796,0.0020049396538584477,0.0339504495489597,0.004236588607452622,0.464399129152298,0.0021880711155047704,0.44674737254778546,0.004064174309639387,0.0171831508968724,0.0006385965641896792
24,test_w37-40,11.5,all,near,teacherA,0.8854861561915444,,0.8358812746224558,,0.8803523879678268,,0.6382140512147079,,0.7958061457649376,,0.0305172751051932,,0.0228998167668282,,0.3614605963230133,,0.3357671797275543,,0.008567270634968,
24,test_w37-40,11.5,all,near,teacherA_member,0.8735103724151119,0.005690290320418291,0.8201976371470782,0.008977423407506176,0.8555179345863427,0.0041600731840590105,0.6523801707156928,0.017904417860620424,0.7772704722586999,0.008505150876924612,0.04706258539880808,0.0009141542599764154,0.031883983229502984,0.0007324226745895321,0.45084015727043153,0.02367998694331584,0.37334839105606077,0.017833883492069425,0.012165964242224662,0.0025576020083430983
24,test_w37-40,11.5,all,near,teacherB,0.8793995897761437,,0.8324965224885094,,0.85998336671044,,0.6223736047275115,,0.7926103012147077,,0.0457548821306228,,0.0288592695359886,,0.4822725057601928,,0.3763310015201568,,0.0102225202459488,
24,test_w37-40,11.5,ge5,all,direct,0.8378096116299077,0.006884288357473169,0.8619171557826806,0.0017726755139489364,0.8634150149782068,0.0013454950834393415,0.5776715170703851,0.004568263085767033,0.802468527418626,0.00522583072909128,0.034970794117932066,0.005593721157447993,0.0268771275466702,0.004526648036236319,0.42725369334220886,0.03777616353249532,0.40826871991157526,0.03170974319515225,0.012696508498516232,0.0009830787304099446
24,test_w37-40,11.5,ge5,all,directTS,0.8378096116299077,0.006884288357473169,0.8612955805400754,0.0017813916075270573,0.8650177906514488,0.001492639242150911,0.5794931291971173,0.004527573306139571,0.801790955899773,0.005329740220804919,0.0268771275466702,0.004526648036236319,,,0.40826871991157526,0.03170974319515225,,,0.012636538145135233,0.0009665888477050647
24,test_w37-40,11.5,ge5,all,enddA,0.8380011203937839,0.00824371733857763,0.7703171234841509,0.006675440052842743,0.8577552096930198,0.0035790830771110604,0.6783408872407636,0.02161279065100955,0.7166280585599621,0.005669032153843422,0.0161862950928741,0.0028025948552943825,0.023807586641803602,0.005124914704428533,0.4041059712568919,0.022397912014628308,0.40987975398699444,0.023616538390298987,0.014114076741349133,0.0012628588558664822
24,test_w37-40,11.5,ge5,all,kdA,0.8318924513285947,0.004565278235677797,0.8627401045349868,0.0004539306658427968,0.8583081395043894,0.0023952027927016317,0.5923673006166013,0.012639034573235156,0.8029067937406933,0.005532468034959528,0.0363656028628782,0.005061119717841441,0.028176525937349966,0.005710317531672567,0.42109206318855286,0.011724863499717826,0.4026997983455658,0.010783759598468324,0.012547670799210034,0.0005122042663211841
24,test_w37-40,11.5,ge5,all,kdA4,0.8260837565451222,0.0060143157806997775,0.837222228721115,0.0022756427556792935,0.8471394465540928,0.0022847432596952303,0.5886373329285307,0.013951721221375444,0.776077088709951,0.003850044341570992,0.06418443971216303,0.004674527369701787,0.032997883796824265,0.0022686630964822286,0.570901095867157,0.017976623067217826,0.4244987865289052,0.011653167891161694,0.014705241661702333,0.0004344418336385808
24,test_w37-40,11.5,ge5,all,kdB,0.840959652655378,0.0034238055726846205,0.8628274867840068,0.0012490261365601912,0.8598273207760792,0.002439843879971552,0.5919010546555924,0.0144404711780267,0.8009334169759598,0.0022288181093057346,0.03538808934706533,0.000842948343147896,0.026856340715227,0.0004909257116409134,0.42055880029996234,0.027016320510497217,0.4006037910779317,0.02264445569512254,0.012539519245007067,0.00012535607982528218
24,test_w37-40,11.5,ge5,all,kdB4,0.8189235889167046,0.0031213209385847376,0.8357545345523181,0.003050376257533972,0.8456773529630067,0.0032618652228539194,0.5824171058053044,0.018582076261365797,0.7737906840833486,0.0032840221030016044,0.07581716381370564,0.002105137907483388,0.0374717346500743,0.002509045729548425,0.6330816149711609,0.03741411220194852,0.4307927191257477,0.0200936315138458,0.015035462453609934,0.0006714558477287475
24,test_w37-40,11.5,ge5,all,ls,0.8270926637861266,0.004708274202447718,0.8368558910132258,0.0023675045847443735,0.8598340361405058,0.0019492709512326902,0.6346077389600908,0.022146192313019165,0.7777247434757054,0.0030548471107998024,0.046762692625479996,0.002296707029663536,0.031176119890367365,0.00291412655487113,0.4383086959520975,0.000590420994471707,0.4179734985033671,0.0015430667929754182,0.0156957925342807,0.0006174861519730928
24,test_w37-40,11.5,ge5,all,teacherA,0.8906895577293994,,0.8696826558189903,,0.8928895163803995,,0.5136729338798169,,0.8259721670930464,,0.0291909346367249,,0.0220551722227442,,0.3420104682445526,,0.3169073760509491,,0.0078162903105432,
24,test_w37-40,11.5,ge5,all,teacherA_member,0.8787628267281653,0.005659917984655064,0.855427546443121,0.002763253791214148,0.8749812899192706,0.0026389954180186105,0.5482250124693687,0.018269934688985048,0.8093944178060198,0.0028106033505912627,0.04564917800813834,0.0011870771702773,0.0319253818802189,0.0008219263060484473,0.4325697958469391,0.021829241278611976,0.3554718017578125,0.01640257137415687,0.0113405359370055,0.002585453677239039
24,test_w37-40,11.5,ge5,all,teacherB,0.8837037823505047,,0.8699136628950535,,0.8776545093335423,,0.5208726389521393,,0.8271407220855242,,0.0442512304589971,,0.0290123283772373,,0.4624005854129791,,0.3576810956001282,,0.0093910072975374,
24,test_w37-40,11.5,ge5,far,direct,0.8378096116299077,0.006884288357473169,0.8606720597014549,0.002256605593424662,0.865172172552163,0.0019486386666225312,0.5748011609468092,0.008025046730572848,0.801030304091724,0.005790510372885768,0.034970794117932066,0.005593721157447993,0.0268771275466702,0.004526648036236319,0.42725369334220886,0.03777616353249532,0.40826871991157526,0.03170974319515225,0.012696508498516232,0.0009830787304099446
24,test_w37-40,11.5,ge5,far,directTS,0.8378096116299077,0.006884288357473169,0.8600263281323599,0.002303201963031188,0.866751905136003,0.002062452744197942,0.5767553938069035,0.008214883536971234,0.8003393219045801,0.005901313450221351,0.0268771275466702,0.004526648036236319,,,0.40826871991157526,0.03170974319515225,,,0.012636538145135233,0.0009665888477050647
24,test_w37-40,11.5,ge5,far,enddA,0.8380011203937839,0.00824371733857763,0.7759414430888363,0.0075905169092350235,0.8582545508006661,0.003630650122033985,0.6728067669453105,0.022366052080875568,0.721592228662999,0.006837238386796589,0.0161862950928741,0.0028025948552943825,0.023807586641803602,0.005124914704428533,0.4041059712568919,0.022397912014628308,0.40987975398699444,0.023616538390298987,0.014114076741349133,0.0012628588558664822
24,test_w37-40,11.5,ge5,far,kdA,0.8318924513285947,0.004565278235677797,0.8610825541402528,0.00039601873132690674,0.8594443883331611,0.002532955734180342,0.5878804440083303,0.01919221522641915,0.8011623663674876,0.0059215259461458045,0.0363656028628782,0.005061119717841441,0.028176525937349966,0.005710317531672567,0.42109206318855286,0.011724863499717826,0.4026997983455658,0.010783759598468324,0.012547670799210034,0.0005122042663211841
24,test_w37-40,11.5,ge5,far,kdA4,0.8260837565451222,0.0060143157806997775,0.8384673829460828,0.003288173888493882,0.8483573104996976,0.0027218147979669875,0.5832846845280238,0.01647668135763647,0.7768864423235345,0.004998176518301797,0.06418443971216303,0.004674527369701787,0.032997883796824265,0.0022686630964822286,0.570901095867157,0.017976623067217826,0.4244987865289052,0.011653167891161694,0.014705241661702333,0.0004344418336385808
24,test_w37-40,11.5,ge5,far,kdB,0.840959652655378,0.0034238055726846205,0.8616146892258456,0.002051006113125147,0.8608290422995383,0.0026999486275723445,0.5919172597680591,0.015737004977422864,0.799708653193853,0.0029842809429075105,0.03538808934706533,0.000842948343147896,0.026856340715227,0.0004909257116409134,0.42055880029996234,0.027016320510497217,0.4006037910779317,0.02264445569512254,0.012539519245007067,0.00012535607982528218
24,test_w37-40,11.5,ge5,far,kdB4,0.8189235889167046,0.0031213209385847376,0.8395699520796431,0.0042056632048473,0.847259243998201,0.005619838129952794,0.5772108294310782,0.023631610305346894,0.7768727344822217,0.00359372102555381,0.07581716381370564,0.002105137907483388,0.0374717346500743,0.002509045729548425,0.6330816149711609,0.03741411220194852,0.4307927191257477,0.0200936315138458,0.015035462453609934,0.0006714558477287475
24,test_w37-40,11.5,ge5,far,ls,0.8270926637861266,0.004708274202447718,0.8383073958705841,0.0039987006125173285,0.8609027152774124,0.0015393507659149667,0.6314946155088251,0.02941874273767036,0.7789641166616673,0.0046054695283650506,0.046762692625479996,0.002296707029663536,0.031176119890367365,0.00291412655487113,0.4383086959520975,0.000590420994471707,0.4179734985033671,0.0015430667929754182,0.0156957925342807,0.0006174861519730928
24,test_w37-40,11.5,ge5,far,teacherA,0.8906895577293994,,0.8734426527812627,,0.8937186413603061,,0.5021798805102535,,0.8290406915049642,,0.0291909346367249,,0.0220551722227442,,0.3420104682445526,,0.3169073760509491,,0.0078162903105432,
24,test_w37-40,11.5,ge5,far,teacherA_member,0.8787628267281653,0.005659917984655064,0.859543813486743,0.0027853364041076165,0.876727471900768,0.0029711642562912565,0.5379497944329206,0.02091674721298575,0.8128599859890737,0.0026147865506019655,0.04564917800813834,0.0011870771702773,0.0319253818802189,0.0008219263060484473,0.4325697958469391,0.021829241278611976,0.3554718017578125,0.01640257137415687,0.0113405359370055,0.002585453677239039
24,test_w37-40,11.5,ge5,far,teacherB,0.8837037823505047,,0.8742869217099514,,0.8790034016419839,,0.5139673825286614,,0.8309437750400593,,0.0442512304589971,,0.0290123283772373,,0.4624005854129791,,0.3576810956001282,,0.0093910072975374,
24,test_w37-40,11.5,ge5,near,direct,0.8378096116299077,0.006884288357473169,0.8704723696090348,0.0048280115786845795,0.8513413613875566,0.003017945920232532,0.5973940997411169,0.02592362837089534,0.8123507431586233,0.0016037776061093253,0.034970794117932066,0.005593721157447993,0.0268771275466702,0.004526648036236319,0.42725369334220886,0.03777616353249532,0.40826871991157526,0.03170974319515225,0.012696508498516232,0.0009830787304099446
24,test_w37-40,11.5,ge5,near,directTS,0.8378096116299077,0.006884288357473169,0.8700167755637817,0.0048160289050631555,0.8531024690642708,0.0027851058975595882,0.598304457910159,0.026773152291041918,0.8117653180504072,0.0016939466979382387,0.0268771275466702,0.004526648036236319,,,0.40826871991157526,0.03170974319515225,,,0.012636538145135233,0.0009665888477050647
24,test_w37-40,11.5,ge5,near,enddA,0.8380011203937839,0.00824371733857763,0.731671706820021,0.012450341690185112,0.8543241733154906,0.004531633210152241,0.7163665329578106,0.029531387495628475,0.6825186132390275,0.00909896921422859,0.0161862950928741,0.0028025948552943825,0.023807586641803602,0.005124914704428533,0.4041059712568919,0.022397912014628308,0.40987975398699444,0.023616538390298987,0.014114076741349133,0.0012628588558664822
24,test_w37-40,11.5,ge5,near,kdA,0.8318924513285947,0.004565278235677797,0.8741293445050853,0.006054624475985961,0.8505008290191487,0.003995578044399816,0.6231970640949048,0.043270461722283826,0.8148929764998826,0.0031469051507681603,0.0363656028628782,0.005061119717841441,0.028176525937349966,0.005710317531672567,0.42109206318855286,0.011724863499717826,0.4026997983455658,0.010783759598468324,0.012547670799210034,0.0005122042663211841
24,test_w37-40,11.5,ge5,near,kdA4,0.8260837565451222,0.0060143157806997775,0.8286666153816995,0.00802862622606619,0.8387713482015525,0.004427564369632279,0.625416062131945,0.01285386743067286,0.7705159169018088,0.004823784602138799,0.06418443971216303,0.004674527369701787,0.032997883796824265,0.0022686630964822286,0.570901095867157,0.017976623067217826,0.4244987865289052,0.011653167891161694,0.014705241661702333,0.0004344418336385808
24,test_w37-40,11.5,ge5,near,kdB,0.840959652655378,0.0034238055726846205,0.8711607733428521,0.004269041606836661,0.8529443645473379,0.0059241747107399035,0.5917897072629513,0.02054111853346153,0.809348924984293,0.0029942363230336484,0.03538808934706533,0.000842948343147896,0.026856340715227,0.0004909257116409134,0.42055880029996234,0.027016320510497217,0.4006037910779317,0.02264445569512254,0.012539519245007067,0.00012535607982528218
24,test_w37-40,11.5,ge5,near,kdB4,0.8189235889167046,0.0031213209385847376,0.8095383145550988,0.008131339820771325,0.8348079780929512,0.013676047676547698,0.6181900941651731,0.01651492559660206,0.7526135230726055,0.007911869507119052,0.07581716381370564,0.002105137907483388,0.0374717346500743,0.002509045729548425,0.6330816149711609,0.03741411220194852,0.4307927191257477,0.0200936315138458,0.015035462453609934,0.0006714558477287475
24,test_w37-40,11.5,ge5,near,ls,0.8270926637861266,0.004708274202447718,0.826882416185108,0.013210641846568331,0.852491005617913,0.005897026320594553,0.6559984068732042,0.029023230334458725,0.7692088523919282,0.00873420908325668,0.046762692625479996,0.002296707029663536,0.031176119890367365,0.00291412655487113,0.4383086959520975,0.000590420994471707,0.4179734985033671,0.0015430667929754182,0.0156957925342807,0.0006174861519730928
24,test_w37-40,11.5,ge5,near,teacherA,0.8906895577293994,,0.8438472375860313,,0.8871924929949516,,0.5926431680464282,,0.8048879448621794,,0.0291909346367249,,0.0220551722227442,,0.3420104682445526,,0.3169073760509491,,0.0078162903105432,
24,test_w37-40,11.5,ge5,near,teacherA_member,0.8787628267281653,0.005659917984655064,0.827144151084671,0.009146033707905387,0.8629830510229344,0.004531973405706861,0.6188273448835026,0.024293323073861197,0.7855820572316856,0.008768722703853208,0.04564917800813834,0.0011870771702773,0.0319253818802189,0.0008219263060484473,0.4325697958469391,0.021829241278611976,0.3554718017578125,0.01640257137415687,0.0113405359370055,0.002585453677239039
24,test_w37-40,11.5,ge5,near,teacherB,0.8837037823505047,,0.8398644443298376,,0.8683860984040955,,0.5683195357173337,,0.8010094606434591,,0.0442512304589971,,0.0290123283772373,,0.4624005854129791,,0.3576810956001282,,0.0093910072975374,
24,test_w41-44,15.5,all,all,direct,0.821041517507268,0.00806221763584252,0.8414347708666666,0.0014467359376700568,0.851160037,0.0009373013566197285,0.6506333333333333,0.0087409000299359,0.7766164442,0.005531285486000399,0.04004612402401863,0.006613411457369012,0.03142651547767216,0.005144537997353231,0.524411012729009,0.03124190717049331,0.49991153677304584,0.0250436165407924,0.0167938940088176,0.0008567022850798656
24,test_w41-44,15.5,all,all,directTS,0.821041517507268,0.00806221763584252,0.8406589636333334,0.0014566184241774037,0.8523904647833334,0.0008895557704586724,0.6527833333333334,0.010326443401933358,0.7757917889666667,0.0056394081697489894,0.03142651547767216,0.005144537997353231,,,0.49991153677304584,0.0250436165407924,,,0.016734253136661166,0.0008468152141219841
24,test_w41-44,15.5,all,all,enddA,0.8224934439443187,0.00893599907676648,0.7533789440833334,0.006530400908136997,0.8436371286833334,0.001568028041267385,0.7211833333333333,0.004220430467776147,0.6976065323333334,0.004845590545494743,0.02120648894498743,0.0036624718204063644,0.030650843417719,0.006173007108624028,0.48160504301389057,0.022109306027039713,0.491305410861969,0.023700746164437486,0.0180802353441645,0.0011617016148415002
24,test_w41-44,15.5,all,all,kdA,0.8167901844988964,0.005598230727263367,0.8434090248333334,0.002479925036919218,0.8457886386666668,0.0015793472521431159,0.6670766666666667,0.012480690418936513,0.7790134074666666,0.003774227597767657,0.040488456009899504,0.006426965243025707,0.03260262184152996,0.006205922071690484,0.5169151226679484,0.015692493130585405,0.4928072690963745,0.014467072659687965,0.016688501688287033,0.0004799310740843701
24,test_w41-44,15.5,all,all,kdA4,0.8072678732645664,0.007322613847079679,0.8204145885999999,0.0024714868346816113,0.8355593551166667,0.002154248683998635,0.65511,0.020277566422033953,0.7517504388666666,0.0028903781142745268,0.07831147761210797,0.004847920205575102,0.0412162950911621,0.001891037519782401,0.7003427346547445,0.02380164839261015,0.513367642958959,0.014702782384764638,0.0195481868240291,0.0007719322758477744
24,test_w41-44,15.5,all,all,kdB,0.8236798066086989,0.00492159858196371,0.8435530003833334,0.0023300140786490222,0.8466724573666666,0.0031350276205681215,0.6603466666666667,0.002386887792363397,0.7779100745333333,0.0034820178637365094,0.0424240507301936,0.0013780640531459126,0.0327634468189378,0.0013086482426644052,0.5154193441073099,0.022886223270298763,0.48936188220977783,0.01837966599809477,0.016754896140192668,0.00014453529330773904
24,test_w41-44,15.5,all,all,kdB4,0.8030456796994958,0.00466383135608367,0.8223594133666667,0.003153183876726744,0.8338862743333334,0.002259519028665425,0.6358866666666666,0.013048713857439465,0.7536442664333333,0.0030493149640970175,0.08765712427417434,0.0012662645887557258,0.044589598098397194,0.0013856444899171586,0.7712348302205404,0.03257951779008003,0.5185351967811584,0.01864605589761354,0.019786550911580766,0.00035130729667668585
24,test_w41-44,15.5,all,all,ls,0.8123666413345116,0.0023897763609050183,0.8200916085666666,0.0032608005375169796,0.8476385909666666,0.0030154984376398264,0.6801133333333333,0.01577039737398316,0.7559004393333333,0.003637413226067187,0.0404646570533265,0.0021039509902496052,0.037388835187802665,0.0020375603690497186,0.5043109953403473,0.004462731142845801,0.49784887830416363,0.006466681039069265,0.019893894169769,0.000656521451446206
24,test_w41-44,15.5,all,all,teacherA,0.8704504993232623,,0.8474080511000001,,0.8755184981999999,,0.61512,,0.8013533546,,0.0341661642833054,,0.0261213550565391,,0.4085672795772552,,0.3780379295349121,,0.0099113294419008,
24,test_w41-44,15.5,all,all,teacherA_member,0.8577596181238736,0.004425510754409254,0.83405118016,0.003906029814068098,0.8584785187700001,0.0022799542658637575,0.632858,0.012702817404024968,0.78549653142,0.0038091206057984475,0.051749168767794916,0.0008441640897470957,0.035569753508239946,0.0004988277106626387,0.5081487834453583,0.022358325272941165,0.41794453263282777,0.016890514591497024,0.01367918067602962,0.0023695958577721974
24,test_w41-44,15.5,all,all,teacherB,0.8646212917662498,,0.8490278681000001,,0.8605186500500001,,0.61402,,0.8038867271,,0.0517385189500451,,0.0337030372755229,,0.5367831587791443,,0.4160544872283935,,0.0116932325287121,
24,test_w41-44,15.5,all,far,direct,0.821041517507268,0.00806221763584252,0.8405256265240305,0.0021450777992677835,0.8536326292546438,0.0012113306915532114,0.6482940222419495,0.012047086130846433,0.7754949371284736,0.005852718183862479,0.04004612402401863,0.006613411457369012,0.03142651547767216,0.005144537997353231,0.524411012729009,0.03124190717049331,0.49991153677304584,0.0250436165407924,0.0167938940088176,0.0008567022850798656
24,test_w41-44,15.5,all,far,directTS,0.821041517507268,0.00806221763584252,0.8397155667427043,0.0021605642718059673,0.8548393127394904,0.0013332312988572472,0.6505601690058546,0.013545086671635214,0.7746491650466526,0.005966286887428306,0.03142651547767216,0.005144537997353231,,,0.49991153677304584,0.0250436165407924,,,0.016734253136661166,0.0008468152141219841
24,test_w41-44,15.5,all,far,enddA,0.8224934439443187,0.00893599907676648,0.759607998280725,0.006489422769539684,0.8454958162435903,0.0012004226737966702,0.7169863619167481,0.002555106369793368,0.7031265472912991,0.0049312548706568525,0.02120648894498743,0.0036624718204063644,0.030650843417719,0.006173007108624028,0.48160504301389057,0.022109306027039713,0.491305410861969,0.023700746164437486,0.0180802353441645,0.0011617016148415002
24,test_w41-44,15.5,all,far,kdA,0.8167901844988964,0.005598230727263367,0.8424342778295931,0.0020731492648274293,0.8477589345364512,0.0017964401052310876,0.6628385641993759,0.008926313768031605,0.7778337425507448,0.003955655945926323,0.040488456009899504,0.006426965243025707,0.03260262184152996,0.006205922071690484,0.5169151226679484,0.015692493130585405,0.4928072690963745,0.014467072659687965,0.016688501688287033,0.0004799310740843701
24,test_w41-44,15.5,all,far,kdA4,0.8072678732645664,0.007322613847079679,0.8229268726050948,0.00368658866315161,0.8380342075977719,0.002945385604546364,0.6508710618676795,0.023894655169556925,0.7536032106242952,0.004232587448840144,0.07831147761210797,0.004847920205575102,0.0412162950911621,0.001891037519782401,0.7003427346547445,0.02380164839261015,0.513367642958959,0.014702782384764638,0.0195481868240291,0.0007719322758477744
24,test_w41-44,15.5,all,far,kdB,0.8236798066086989,0.00492159858196371,0.8433667942638395,0.0037342531451073735,0.8490270977776779,0.0027413600067868046,0.6590329359148678,0.004454029232163877,0.7775121088649414,0.004690956979215388,0.0424240507301936,0.0013780640531459126,0.0327634468189378,0.0013086482426644052,0.5154193441073099,0.022886223270298763,0.48936188220977783,0.01837966599809477,0.016754896140192668,0.00014453529330773904
24,test_w41-44,15.5,all,far,kdB4,0.8030456796994958,0.00466383135608367,0.8273452019867177,0.0037362864488080447,0.8365154988332154,0.003815992241051499,0.6287115176441063,0.015665417614020332,0.7575777034756322,0.0032851235369226795,0.08765712427417434,0.0012662645887557258,0.044589598098397194,0.0013856444899171586,0.7712348302205404,0.03257951779008003,0.5185351967811584,0.01864605589761354,0.019786550911580766,0.00035130729667668585
24,test_w41-44,15.5,all,far,ls,0.8123666413345116,0.0023897763609050183,0.8220807357860158,0.004804978237474128,0.8498568445685519,0.002476061939471934,0.6769148940154998,0.019758623371321837,0.7575472057099407,0.004867854892740079,0.0404646570533265,0.0021039509902496052,0.037388835187802665,0.0020375603690497186,0.5043109953403473,0.004462731142845801,0.49784887830416363,0.006466681039069265,0.019893894169769,0.000656521451446206
24,test_w41-44,15.5,all,far,teacherA,0.8704504993232623,,0.8522037382431931,,0.8774406374801946,,0.6026676854962861,,0.805254695193896,,0.0341661642833054,,0.0261213550565391,,0.4085672795772552,,0.3780379295349121,,0.0099113294419008,
24,test_w41-44,15.5,all,far,teacherA_member,0.8577596181238736,0.004425510754409254,0.8391865082086953,0.0038832460811366095,0.8614849276218944,0.0024515066952501587,0.6225438527491545,0.015516363212417379,0.7897775028486026,0.003636940661658537,0.051749168767794916,0.0008441640897470957,0.035569753508239946,0.0004988277106626387,0.5081487834453583,0.022358325272941165,0.41794453263282777,0.016890514591497024,0.01367918067602962,0.0023695958577721974
24,test_w41-44,15.5,all,far,teacherB,0.8646212917662498,,0.8543770997628973,,0.8631292055938241,,0.6050387117798429,,0.8084686798665033,,0.0517385189500451,,0.0337030372755229,,0.5367831587791443,,0.4160544872283935,,0.0116932325287121,
24,test_w41-44,15.5,all,near,direct,0.821041517507268,0.00806221763584252,0.8487838183910134,0.004200788060024258,0.8311728939958215,0.007967016215436867,0.6695431010991006,0.01869453747873652,0.7856821209919157,0.00449756936050568,0.04004612402401863,0.006613411457369012,0.03142651547767216,0.005144537997353231,0.524411012729009,0.03124190717049331,0.49991153677304584,0.0250436165407924,0.0167938940088176,0.0008567022850798656
24,test_w41-44,15.5,all,near,directTS,0.821041517507268,0.00806221763584252,0.8482848908468829,0.00425112251373453,0.8325952582735338,0.00765922123705325,0.6707542313864415,0.016352865965614527,0.7850281633209192,0.00456048276419425,0.03142651547767216,0.005144537997353231,,,0.49991153677304584,0.0250436165407924,,,0.016734253136661166,0.0008468152141219841
24,test_w41-44,15.5,all,near,enddA,0.8224934439443187,0.00893599907676648,0.7030265267811185,0.009219968373748687,0.8286124702516124,0.005334422216593943,0.7551094558997185,0.024457842074388208,0.6529856175250552,0.006953287430280003,0.02120648894498743,0.0036624718204063644,0.030650843417719,0.006173007108624028,0.48160504301389057,0.022109306027039713,0.491305410861969,0.023700746164437486,0.0180802353441645,0.0011617016148415002
24,test_w41-44,15.5,all,near,kdA,0.8167901844988964,0.005598230727263367,0.8512883699700245,0.005951679703773243,0.8298617970145638,0.0018024720407449951,0.7013352711417932,0.043691525115814284,0.7885492018651407,0.0024280791977200136,0.040488456009899504,0.006426965243025707,0.03260262184152996,0.006205922071690484,0.5169151226679484,0.015692493130585405,0.4928072690963745,0.014467072659687965,0.016688501688287033,0.0004799310740843701
24,test_w41-44,15.5,all,near,kdA4,0.8072678732645664,0.007322613847079679,0.8001065982378055,0.010678374809241246,0.8155539416235201,0.008298734346382942,0.6893753595543041,0.02246032464593545,0.7367736006903444,0.008150125846458293,0.07831147761210797,0.004847920205575102,0.0412162950911621,0.001891037519782401,0.7003427346547445,0.02380164839261015,0.513367642958959,0.014702782384764638,0.0195481868240291,0.0007719322758477744
24,test_w41-44,15.5,all,near,kdB,0.8236798066086989,0.00492159858196371,0.8450581932963939,0.009246342241854283,0.8276387753958883,0.011965689304850112,0.670966179186726,0.014649577081419535,0.7811270209222757,0.0066937473644863915,0.0424240507301936,0.0013780640531459126,0.0327634468189378,0.0013086482426644052,0.5154193441073099,0.022886223270298763,0.48936188220977783,0.01837966599809477,0.016754896140192668,0.00014453529330773904
24,test_w41-44,15.5,all,near,kdB4,0.8030456796994958,0.00466383135608367,0.7820569049565508,0.006257768223329831,0.8126329981530264,0.012639157039345055,0.6938868198746481,0.00820384335720629,0.7218484179610621,0.0062758756750737965,0.08765712427417434,0.0012662645887557258,0.044589598098397194,0.0013856444899171586,0.7712348302205404,0.03257951779008003,0.5185351967811584,0.01864605589761354,0.019786550911580766,0.00035130729667668585
24,test_w41-44,15.5,all,near,ls,0.8123666413345116,0.0023897763609050183,0.8040125441305598,0.012211971122857415,0.8297073886517091,0.008400769267005824,0.7059678444908711,0.01902679513965966,0.742588840948315,0.009058894126637625,0.0404646570533265,0.0021039509902496052,0.037388835187802665,0.0020375603690497186,0.5043109953403473,0.004462731142845801,0.49784887830416363,0.006466681039069265,0.019893894169769,0.000656521451446206
24,test_w41-44,15.5,all,near,teacherA,0.8704504993232623,,0.8086422236352077,,0.8599809292397129,,0.7157779998183305,,0.7698169570351532,,0.0341661642833054,,0.0261213550565391,,0.4085672795772552,,0.3780379295349121,,0.0099113294419008,
24,test_w41-44,15.5,all,near,teacherA_member,0.8577596181238736,0.004425510754409254,0.7925398731946589,0.010596911004362353,0.834176281496957,0.006190200989886128,0.7162321736760833,0.0182100497114347,0.7508913966754474,0.009962297074348977,0.051749168767794916,0.0008441640897470957,0.035569753508239946,0.0004988277106626387,0.5081487834453583,0.022358325272941165,0.41794453263282777,0.016890514591497024,0.01367918067602962,0.0023695958577721974
24,test_w41-44,15.5,all,near,teacherB,0.8646212917662498,,0.8057874761558725,,0.839416283949496,,0.686620038150604,,0.7668486165864293,,0.0517385189500451,,0.0337030372755229,,0.5367831587791443,,0.4160544872283935,,0.0116932325287121,
24,test_w41-44,15.5,ge5,all,direct,0.8271856473059693,0.008125186541636586,0.8517240623697512,0.001975662793973048,0.8576626470431673,0.0005035173513166239,0.6103496374104201,0.00889351652557954,0.7890613851495926,0.005525231634592845,0.0405669265058105,0.00656076863841952,0.03248353013602153,0.005182521142084869,0.49958060185114544,0.03344952566381478,0.47480739156405133,0.02703333056319969,0.015178524210962335,0.0008158151484370839
24,test_w41-44,15.5,ge5,all,directTS,0.8271856473059693,0.008125186541636586,0.8510498291129039,0.0020050428954365403,0.8591596920017747,0.0005513109479382366,0.6116662040891849,0.009001274603660172,0.7883513301193886,0.005622467000964753,0.03248353013602153,0.005182521142084869,,,0.47480739156405133,0.02703333056319969,,,0.015109925342953334,0.0008020083504669658
24,test_w41-44,15.5,ge5,all,enddA,0.8282539636707275,0.008419936803492184,0.7597467882107599,0.006472649497103188,0.8484501532808735,0.0012520094519893918,0.708263057138994,0.004311539943976349,0.7059887743781109,0.005341214743508562,0.01895957919899027,0.0037663290324832467,0.0276698379229766,0.005040964344342894,0.4483094612757365,0.02263362074209191,0.4567927618821462,0.024233149306569533,0.0164143980189903,0.0011221864267515426
24,test_w41-44,15.5,ge5,all,kdA,0.822380419083193,0.005334140157412422,0.8535103801160334,0.0022249261170446824,0.8527685801098999,0.0018715468343124821,0.6235722368112043,0.009083218697998255,0.7910069946780678,0.003455063804039374,0.04111274476441643,0.005782481621094876,0.0334256146494026,0.005864630447527175,0.4921133716901143,0.015712563924986173,0.46777767936388653,0.014440587450690316,0.015115329601175032,0.0004051802243224322
24,test_w41-44,15.5,ge5,all,kdA4,0.815910023853314,0.007166987702876255,0.8262305130527334,0.0018119256227620898,0.8403824089254713,0.001585875540449972,0.6173238825195528,0.009686840515694482,0.7622825202183002,0.00272616330600863,0.07132202904306317,0.005033114958093378,0.037893834612980265,0.002757636308674727,0.6497024893760681,0.0224369947409177,0.4743223190307617,0.014246893351257764,0.016993756241373434,0.0006540359463094933
24,test_w41-44,15.5,ge5,all,kdB,0.8290701761084888,0.004152361421645399,0.8533644933532639,0.0020045563022710513,0.8536482819243553,0.0030612278838063264,0.6247429136688087,0.013170777709554497,0.7896521572755865,0.0029986690713361378,0.0422894918182509,0.001131193429473122,0.033591669883401835,0.00042708403066818375,0.4901304046312968,0.023605717247072652,0.46388797958691913,0.019133665033295184,0.0151192450108168,0.00013061578540879166
24,test_w41-44,15.5,ge5,all,kdB4,0.8106032784940758,0.004787452310457978,0.8277830159207261,0.0034269976783462977,0.8390837659077603,0.0030156462554447854,0.6043112221297067,0.021838541408998696,0.763574920165574,0.0032100731901528335,0.08113034094695394,0.0017537718736919344,0.04223255796263494,0.0020375358271714373,0.7131291826566061,0.03276056908924504,0.4771387775739034,0.018188324305133,0.0172230631580185,0.0005720322785497004
24,test_w41-44,15.5,ge5,all,ls,0.8193327004559657,0.0026598192626850555,0.8256507634412045,0.002962675153008497,0.8514974665055409,0.0030687965769697,0.6692072845278507,0.01823522851975312,0.7657711614503069,0.003093250049283435,0.042242310723435934,0.0015914325801933851,0.0334702218328066,0.00227152254496086,0.4762933949629466,0.0025067338259940645,0.466370423634847,0.0035515492406136702,0.018269159534133068,0.0005829440501055495
24,test_w41-44,15.5,ge5,all,teacherA,0.8763840143690932,,0.8557293210371859,,0.8815479333615955,,0.5670061273724888,,0.8110048369073838,,0.0327017584963867,,0.025251924750838,,0.3883608877658844,,0.3584893941879272,,0.009093019694823,
24,test_w41-44,15.5,ge5,all,teacherA_member,0.8635054988178782,0.004204357147711759,0.8417976499832218,0.0035934879722461007,0.8645211200269234,0.0025327801435916144,0.5942377078929952,0.014476653878513707,0.7946736929291822,0.0034168256560446805,0.05031872852905293,0.0012529709644299588,0.035653551234051416,0.0008558739174856507,0.4894888401031494,0.021335224588429316,0.3997587740421295,0.016017793197999657,0.01275505156537976,0.0023767198011102326
24,test_w41-44,15.5,ge5,all,teacherB,0.86969120110592,,0.8570625150296449,,0.8678733781392383,,0.5662695616900446,,0.8131179971595445,,0.0498644035846189,,0.0337015446811795,,0.515902042388916,,0.3966403007507324,,0.0107481275703119,
24,test_w41-44,15.5,ge5,far,direct,0.8271856473059693,0.008125186541636586,0.8503853681008401,0.0026852886360284635,0.8599322780287579,0.0010952455264875618,0.6073743824557175,0.01280751383807643,0.7875095409964835,0.005817394786876793,0.0405669265058105,0.00656076863841952,0.03248353013602153,0.005182521142084869,0.49958060185114544,0.03344952566381478,0.47480739156405133,0.02703333056319969,0.015178524210962335,0.0008158151484370839
24,test_w41-44,15.5,ge5,far,directTS,0.8271856473059693,0.008125186541636586,0.84968619331711,0.002725215058178625,0.8614014210945139,0.0012952637526812707,0.6088605052817608,0.012868322714195763,0.7867863136766856,0.005922238171214267,0.03248353013602153,0.005182521142084869,,,0.47480739156405133,0.02703333056319969,,,0.015109925342953334,0.0008020083504669658
24,test_w41-44,15.5,ge5,far,enddA,0.8282539636707275,0.008419936803492184,0.7664322614024975,0.0063114551433410245,0.8503754214362745,0.0008669753563827518,0.7031931558019039,0.0015579496093184508,0.7119348185284249,0.0054044099986295425,0.01895957919899027,0.0037663290324832467,0.0276698379229766,0.005040964344342894,0.4483094612757365,0.02263362074209191,0.4567927618821462,0.024233149306569533,0.0164143980189903,0.0011221864267515426
24,test_w41-44,15.5,ge5,far,kdA,0.822380419083193,0.005334140157412422,0.8520235797931089,0.0018836569979840188,0.8545132133924592,0.0020595906925892503,0.6185403863919348,0.013565996568669976,0.7893514284101908,0.003589500935790028,0.04111274476441643,0.005782481621094876,0.0334256146494026,0.005864630447527175,0.4921133716901143,0.015712563924986173,0.46777767936388653,0.014440587450690316,0.015115329601175032,0.0004051802243224322
24,test_w41-44,15.5,ge5,far,kdA4,0.815910023853314,0.007166987702876255,0.8285123426271447,0.0029445660953829507,0.8426088543718603,0.002040916320428459,0.6107844318592601,0.012471242387422091,0.7639147433943153,0.004127081955126239,0.07132202904306317,0.005033114958093378,0.037893834612980265,0.002757636308674727,0.6497024893760681,0.0224369947409177,0.4743223190307617,0.014246893351257764,0.016993756241373434,0.0006540359463094933
24,test_w41-44,15.5,ge5,far,kdB,0.8290701761084888,0.004152361421645399,0.8527642050399686,0.0034421962189688277,0.855822784017085,0.002776247841411917,0.6234004096879142,0.015430824849932943,0.7888676962851715,0.004226810759669315,0.0422894918182509,0.001131193429473122,0.033591669883401835,0.00042708403066818375,0.4901304046312968,0.023605717247072652,0.46388797958691913,0.019133665033295184,0.0151192450108168,0.00013061578540879166
24,test_w41-44,15.5,ge5,far,kdB4,0.8106032784940758,0.004787452310457978,0.8325387364702467,0.00423628040289737,0.84146092999244,0.0049037881572617905,0.5960959151705024,0.024514237032504303,0.7673238194260156,0.0035286839944462063,0.08113034094695394,0.0017537718736919344,0.04223255796263494,0.0020375358271714373,0.7131291826566061,0.03276056908924504,0.4771387775739034,0.018188324305133,0.0172230631580185,0.0005720322785497004
24,test_w41-44,15.5,ge5,far,ls,0.8193327004559657,0.0026598192626850555,0.827988338694623,0.004509412341031752,0.8537633116845963,0.002514179989592295,0.6649997991725911,0.023157248553804487,0.7677299335667697,0.004344760169417051,0.042242310723435934,0.0015914325801933851,0.0334702218328066,0.00227152254496086,0.4762933949629466,0.0025067338259940645,0.466370423634847,0.0035515492406136702,0.018269159534133068,0.0005829440501055495
24,test_w41-44,15.5,ge5,far,teacherA,0.8763840143690932,,0.8605281005944233,,0.8833046816574106,,0.5532112302687071,,0.8149123430387224,,0.0327017584963867,,0.025251924750838,,0.3883608877658844,,0.3584893941879272,,0.009093019694823,
24,test_w41-44,15.5,ge5,far,teacherA_member,0.8635054988178782,0.004204357147711759,0.8470138604205516,0.00357203226140771,0.8672921633570674,0.0026574956724234626,0.5824026991203759,0.018138226696914124,0.799031366886994,0.003227997152915145,0.05031872852905293,0.0012529709644299588,0.035653551234051416,0.0008558739174856507,0.4894888401031494,0.021335224588429316,0.3997587740421295,0.016017793197999657,0.01275505156537976,0.0023767198011102326
24,test_w41-44,15.5,ge5,far,teacherB,0.86969120110592,,0.8624784329354617,,0.8702785340702276,,0.5567658754066755,,0.8177756985679525,,0.0498644035846189,,0.0337015446811795,,0.515902042388916,,0.3966403007507324,,0.0107481275703119,
24,test_w41-44,15.5,ge5,near,direct,0.8271856473059693,0.008125186541636586,0.862118732783011,0.0035393564567438173,0.8400394550994758,0.00816938010180424,0.6334518463073852,0.023061746007627074,0.8011111181460858,0.004656040788313457,0.0405669265058105,0.00656076863841952,0.03248353013602153,0.005182521142084869,0.49958060185114544,0.03344952566381478,0.47480739156405133,0.02703333056319969,0.015178524210962335,0.0008158151484370839
24,test_w41-44,15.5,ge5,near,directTS,0.8271856473059693,0.008125186541636586,0.8616381650684564,0.0036004208273500912,0.8417531521995264,0.007850276123732238,0.6334518463073852,0.02160762282271806,0.800503343085325,0.004717390160393501,0.03248353013602153,0.005182521142084869,,,0.47480739156405133,0.02703333056319969,,,0.015109925342953334,0.0008020083504669658
24,test_w41-44,15.5,ge5,near,enddA,0.8282539636707275,0.008419936803492184,0.7078355400649597,0.009713304811350968,0.8335008639641881,0.005497954402361522,0.7476297405189621,0.025739371741717712,0.6598190322341596,0.0073550907463647945,0.01895957919899027,0.0037663290324832467,0.0276698379229766,0.005040964344342894,0.4483094612757365,0.02263362074209191,0.4567927618821462,0.024233149306569533,0.0164143980189903,0.0011221864267515426
24,test_w41-44,15.5,ge5,near,kdA,0.822380419083193,0.005334140157412422,0.8650550618899407,0.004882385298555731,0.8392218813711633,0.0021868876069556366,0.6626434630738522,0.03485381372635703,0.8038621073812041,0.002423783871980983,0.04111274476441643,0.005782481621094876,0.0334256146494026,0.005864630447527175,0.4921133716901143,0.015712563924986173,0.46777767936388653,0.014440587450690316,0.015115329601175032,0.0004051802243224322
24,test_w41-44,15.5,ge5,near,kdA4,0.815910023853314,0.007166987702876255,0.8085126017147491,0.01102430888460782,0.8230945433195745,0.008941319577413318,0.6681012974051895,0.02168829671995222,0.749608661556482,0.008152483736472085,0.07132202904306317,0.005033114958093378,0.037893834612980265,0.002757636308674727,0.6497024893760681,0.0224369947409177,0.4743223190307617,0.014246893351257764,0.016993756241373434,0.0006540359463094933
24,test_w41-44,15.5,ge5,near,kdB,0.8290701761084888,0.004152361421645399,0.8580256018038973,0.009408498156482568,0.8367637451844945,0.011692445989226604,0.6351671656686627,0.01877080510739977,0.7957433265864527,0.007090789339500712,0.0422894918182509,0.001131193429473122,0.033591669883401835,0.00042708403066818375,0.4901304046312968,0.023605717247072652,0.46388797958691913,0.019133665033295184,0.0151192450108168,0.00013061578540879166
24,test_w41-44,15.5,ge5,near,kdB4,0.8106032784940758,0.004787452310457978,0.7908558781583087,0.006106451574572437,0.820625602791409,0.012325857391176732,0.6681012974051895,0.00936859843750495,0.7344655311663185,0.006516280336750458,0.08113034094695394,0.0017537718736919344,0.04223255796263494,0.0020375358271714373,0.7131291826566061,0.03276056908924504,0.4771387775739034,0.018188324305133,0.0172230631580185,0.0005720322785497004
24,test_w41-44,15.5,ge5,near,ls,0.8193327004559657,0.0026598192626850555,0.8074999990062116,0.011968606937831541,0.8339036705278269,0.008594921818037643,0.7018774950099801,0.02231142708203882,0.7505617211485438,0.008986097766728224,0.042242310723435934,0.0015914325801933851,0.0334702218328066,0.00227152254496086,0.4762933949629466,0.0025067338259940645,0.466370423634847,0.0035515492406136702,0.018269159534133068,0.0005829440501055495
24,test_w41-44,15.5,ge5,near,teacherA,0.8763840143690932,,0.8184678394264895,,0.867907164174685,,0.6741205089820359,,0.7806638999837501,,0.0327017584963867,,0.025251924750838,,0.3883608877658844,,0.3584893941879272,,0.009093019694823,
24,test_w41-44,15.5,ge5,near,teacherA_member,0.8635054988178782,0.004204357147711759,0.8012949081986024,0.01084950261950518,0.8430045700672804,0.006424074786080346,0.6861339820359282,0.018550783537375663,0.7608373005490544,0.010182788776317118,0.05031872852905293,0.0012529709644299588,0.035653551234051416,0.0008558739174856507,0.4894888401031494,0.021335224588429316,0.3997587740421295,0.016017793197999657,0.01275505156537976,0.0023767198011102326
24,test_w41-44,15.5,ge5,near,teacherB,0.86969120110592,,0.8150090881019008,,0.8491978644123658,,0.640063622754491,,0.7769519567512564,,0.0498644035846189,,0.0337015446811795,,0.515902042388916,,0.3966403007507324,,0.0107481275703119,
24,test_w45-48,19.5,all,all,direct,0.7874697007790438,0.007340506780237024,0.8218918786833335,0.0015698170047530556,0.8335272029166667,0.0009411776948277698,0.7201666666666666,0.002563792763335911,0.7452747337000001,0.00492922493860932,0.05629556349317227,0.005503180666704325,0.04642269675182794,0.0038660274665214983,0.7186999519666036,0.028285437662294775,0.6803350647290548,0.020304660479904108,0.0241032332167499,0.0002641617181384946
24,test_w45-48,19.5,all,all,directTS,0.7874697007790438,0.007340506780237024,0.8211216174166666,0.0016431783693078652,0.83490115155,0.000805536845298592,0.7212033333333334,0.0022222586108131687,0.7444838847,0.005039837826956097,0.04642269675182794,0.0038660274665214983,,,0.6803350647290548,0.020304660479904108,,,0.02401062721341447,0.00024206722283677166
24,test_w45-48,19.5,all,all,enddA,0.7905028736532116,0.005432752329232361,0.7342136153333333,0.007135810597052372,0.8209838061833333,0.003282427251082257,0.7957466666666667,0.013101650023311354,0.6665120718,0.00528523469904939,0.030959641742408266,0.002726674117126432,0.042694127752110296,0.005837541392630985,0.6375397245089213,0.022578513892545036,0.6544265747070312,0.024023185576635468,0.026160738427913135,0.001619950703664024
24,test_w45-48,19.5,all,all,kdA,0.779771601885859,0.008860235485692291,0.8228358651666667,0.0013164440278344747,0.8262470192833332,0.0014200838743995304,0.73955,0.02131377723445567,0.7453693960666667,0.003657366861038339,0.05672711627786353,0.006531559212733844,0.0473442910775542,0.006162023377233435,0.7207918365796407,0.028501276822186148,0.6817449927330017,0.025673911953267976,0.024148739152339966,0.0005553989383767079
24,test_w45-48,19.5,all,all,kdA4,0.7726616552761406,0.005381963676015088,0.8021127464833334,0.004267118417640005,0.8161507283499999,0.0028122435287230973,0.7406566666666666,0.015694350363533116,0.7216766785000001,0.0033721158664626488,0.09831040191878875,0.004589541630944473,0.05480007526879504,0.003139395803889548,0.9800347685813904,0.039829948923503916,0.7007516225179037,0.02421935577179219,0.0273264264788407,0.000980843174219977
24,test_w45-48,19.5,all,all,kdB,0.7860691084827649,0.0037376471383980003,0.82413875205,0.0010130602070228226,0.82782342515,0.00455482576399749,0.7235866666666667,0.00738088296434329,0.7433198080666669,0.0020094512403472002,0.06202621232407784,0.0012542098035492732,0.051092951061079896,0.002075798772839806,0.7236346205075582,0.022927976403989695,0.6809084415435791,0.01708068129176175,0.024514302720119036,0.0009567920136044111
24,test_w45-48,19.5,all,all,kdB4,0.7656543989017598,0.0073273052986981176,0.8066016856,0.004530349414249872,0.8169567160166666,0.0034069238567024434,0.7065066666666667,0.01818378765090851,0.7241090206666666,0.004229376909527769,0.11082644181748226,0.0035561002356215656,0.061387646428048566,0.0037485492620261073,1.079797585805257,0.04914019414352716,0.7055173913637797,0.02862680692733657,0.028300057965844564,0.0004015231467715777
24,test_w45-48,19.5,all,all,ls,0.7829073386093265,0.0018022320222327013,0.79828438435,0.003925689722175059,0.8242855306500001,0.0010000827711193214,0.75818,0.009459138438568314,0.7244990737333333,0.0037261610931724736,0.037488462193111534,0.0018931822677000433,0.04852924764716374,0.0013591259806482669,0.6422513922055563,0.0020349006611736337,0.6600566109021505,0.003292674377424706,0.028611066942962133,0.0013950914966755375
24,test_w45-48,19.5,all,all,teacherA,0.8422359733111565,,0.82725733105,,0.8582618211999999,,0.71325,,0.7648323076999999,,0.0543631718163937,,0.0445485604292899,,0.6938909292221069,,0.6316321492195129,,0.0178917796725971,
24,test_w45-48,19.5,all,all,teacherA_member,0.8252987853120622,0.0053153309766143745,0.81449387991,0.0052090491765179065,0.84227524789,0.003393083478085759,0.7116260000000001,0.020388678966524514,0.74910049226,0.004094042386092282,0.0771303252718597,0.0009181382612987976,0.05776299882318074,0.0007435645822134749,0.8436447620391846,0.029314374004715822,0.679570472240448,0.02125257220797003,0.02221527803202032,0.0025818981297617083
24,test_w45-48,19.5,all,all,teacherB,0.8326610670361072,,0.8296481334499999,,0.8428917437,,0.72301,,0.7663009356,,0.078510975780487,,0.0562279314106702,,0.905335545539856,,0.6846522688865662,,0.0203083694035334,
24,test_w45-48,19.5,all,far,direct,0.7874697007790438,0.007340506780237024,0.8214900768105612,0.002195279475994271,0.8362480807383318,0.0004397748277395875,0.7180915044326636,0.005532335670118256,0.744547490830252,0.005329099385323005,0.05629556349317227,0.005503180666704325,0.04642269675182794,0.0038660274665214983,0.7186999519666036,0.028285437662294775,0.6803350647290548,0.020304660479904108,0.0241032332167499,0.0002641617181384946
24,test_w45-48,19.5,all,far,directTS,0.7874697007790438,0.007340506780237024,0.8206898369306961,0.002273426233823211,0.8376256747560923,0.0004047746833635563,0.7190864406527969,0.0053370357601278205,0.7437390795726229,0.005445899982528363,0.04642269675182794,0.0038660274665214983,,,0.6803350647290548,0.020304660479904108,,,0.02401062721341447,0.00024206722283677166
24,test_w45-48,19.5,all,far,enddA,0.7905028736532116,0.005432752329232361,0.7410663701905228,0.007114129941825906,0.8231983927696351,0.002773743350685129,0.7948166792889918,0.01130126180258947,0.6724977377452072,0.005357643620454576,0.030959641742408266,0.002726674117126432,0.042694127752110296,0.005837541392630985,0.6375397245089213,0.022578513892545036,0.6544265747070312,0.024023185576635468,0.026160738427913135,0.001619950703664024
24,test_w45-48,19.5,all,far,kdA,0.779771601885859,0.008860235485692291,0.8219539302950655,0.0008951656673554577,0.8281763543012429,0.0014601224134837623,0.7367651208030769,0.020230737425044353,0.7442505797359708,0.003734791016275654,0.05672711627786353,0.006531559212733844,0.0473442910775542,0.006162023377233435,0.7207918365796407,0.028501276822186148,0.6817449927330017,0.025673911953267976,0.024148739152339966,0.0005553989383767079
24,test_w45-48,19.5,all,far,kdA4,0.7726616552761406,0.005381963676015088,0.805250238116452,0.005377875526836735,0.81896349675532,0.0031126930532708735,0.7408339644495924,0.01826454413763056,0.7241272488899778,0.004765938569413941,0.09831040191878875,0.004589541630944473,0.05480007526879504,0.003139395803889548,0.9800347685813904,0.039829948923503916,0.7007516225179037,0.02421935577179219,0.0273264264788407,0.000980843174219977
24,test_w45-48,19.5,all,far,kdB,0.7860691084827649,0.0037376471383980003,0.8240684133366002,0.002266211833728557,0.8302238650302193,0.004071692817543243,0.7231255847106518,0.009442203365532878,0.7429795476010157,0.003158283517330481,0.06202621232407784,0.0012542098035492732,0.051092951061079896,0.002075798772839806,0.7236346205075582,0.022927976403989695,0.6809084415435791,0.01708068129176175,0.024514302720119036,0.0009567920136044111
24,test_w45-48,19.5,all,far,kdB4,0.7656543989017598,0.0073273052986981176,0.8120316908718314,0.005038555762547954,0.8199055004751935,0.004257173847199054,0.701912653509749,0.01927176756841025,0.7283884122228658,0.004493235649465367,0.11082644181748226,0.0035561002356215656,0.061387646428048566,0.0037485492620261073,1.079797585805257,0.04914019414352716,0.7055173913637797,0.02862680692733657,0.028300057965844564,0.0004015231467715777
24,test_w45-48,19.5,all,far,ls,0.7829073386093265,0.0018022320222327013,0.801009465555902,0.004757707836411038,0.8269236679920109,0.001175899006662928,0.7558990807977309,0.011564112269655135,0.7268425479277112,0.004619333898349323,0.037488462193111534,0.0018931822677000433,0.04852924764716374,0.0013591259806482669,0.6422513922055563,0.0020349006611736337,0.6600566109021505,0.003292674377424706,0.028611066942962133,0.0013950914966755375
24,test_w45-48,19.5,all,far,teacherA,0.8422359733111565,,0.8327460019713102,,0.8611796805252372,,0.7044148438544127,,0.7692825403171917,,0.0543631718163937,,0.0445485604292899,,0.6938909292221069,,0.6316321492195129,,0.0178917796725971,
24,test_w45-48,19.5,all,far,teacherA_member,0.8252987853120622,0.0053153309766143745,0.8201947344188533,0.005452555710749639,0.8462499149552279,0.003210137000280958,0.7042722858288413,0.023377014666771355,0.7537971373011982,0.004118951670177129,0.0771303252718597,0.0009181382612987976,0.05776299882318074,0.0007435645822134749,0.8436447620391846,0.029314374004715822,0.679570472240448,0.02125257220797003,0.02221527803202032,0.0025818981297617083
24,test_w45-48,19.5,all,far,teacherB,0.8326610670361072,,0.8360440336681962,,0.8467729472758051,,0.7158863099746069,,0.7716132269345569,,0.078510975780487,,0.0562279314106702,,0.905335545539856,,0.6846522688865662,,0.0203083694035334,
24,test_w45-48,19.5,all,near,direct,0.7874697007790438,0.007340506780237024,0.8254246819101709,0.005537631124033413,0.8096041537733386,0.00809240283225399,0.7384123253688472,0.02721905879782974,0.7516689447055751,0.0029609828143733695,0.05629556349317227,0.005503180666704325,0.04642269675182794,0.0038660274665214983,0.7186999519666036,0.028285437662294775,0.6803350647290548,0.020304660479904108,0.0241032332167499,0.0002641617181384946
24,test_w45-48,19.5,all,near,directTS,0.7874697007790438,0.007340506780237024,0.8249180046350698,0.005563199817151364,0.8109460507246377,0.00783514020253973,0.7398159028593811,0.02553189021014284,0.7510325101188143,0.003022797160982765,0.04642269675182794,0.0038660274665214983,,,0.6803350647290548,0.020304660479904108,,,0.02401062721341447,0.00024206722283677166
24,test_w45-48,19.5,all,near,enddA,0.7905028736532116,0.005432752329232361,0.6739614460112286,0.008304274833889541,0.8015122726530879,0.00783904453763036,0.8039234887060974,0.030889140665104342,0.6138836959785873,0.005879892386287845,0.030959641742408266,0.002726674117126432,0.042694127752110296,0.005837541392630985,0.6375397245089213,0.022578513892545036,0.6544265747070312,0.024023185576635468,0.026160738427913135,0.001619950703664024
24,test_w45-48,19.5,all,near,kdA,0.779771601885859,0.008860235485692291,0.8305901902989946,0.006652380768808299,0.8092835319558689,0.002082969625003282,0.7640357749053401,0.03789954418834873,0.7552064779997388,0.004221523151869694,0.05672711627786353,0.006531559212733844,0.0473442910775542,0.006162023377233435,0.7207918365796407,0.028501276822186148,0.6817449927330017,0.025673911953267976,0.024148739152339966,0.0005553989383767079
24,test_w45-48,19.5,all,near,kdA4,0.7726616552761406,0.005381963676015088,0.7745266616072595,0.012281602365979092,0.7914197403381643,0.011206594278937417,0.7390977934456195,0.01390463487408222,0.700130280715498,0.009341042755558686,0.09831040191878875,0.004589541630944473,0.05480007526879504,0.003139395803889548,0.9800347685813904,0.039829948923503916,0.7007516225179037,0.02421935577179219,0.0273264264788407,0.000980843174219977
24,test_w45-48,19.5,all,near,kdB,0.7860691084827649,0.0037376471383980003,0.8247571982308396,0.011554780450488158,0.8067177949144796,0.013341494109625391,0.7276406841624233,0.018814750919307534,0.7463115145580362,0.008500628919972596,0.06202621232407784,0.0012542098035492732,0.051092951061079896,0.002075798772839806,0.7236346205075582,0.022927976403989695,0.6809084415435791,0.01708068129176175,0.024514302720119036,0.0009567920136044111
24,test_w45-48,19.5,all,near,kdB4,0.7656543989017598,0.0073273052986981176,0.7588589012925969,0.0034181703442324996,0.7910298203094399,0.00995432021918045,0.7468990729860295,0.016065607144330845,0.6864828936545241,0.003955186471627741,0.11082644181748226,0.0035561002356215656,0.061387646428048566,0.0037485492620261073,1.079797585805257,0.04914019414352716,0.7055173913637797,0.02862680692733657,0.028300057965844564,0.0004015231467715777
24,test_w45-48,19.5,all,near,ls,0.7829073386093265,0.0018022320222327013,0.7743243773664968,0.011953263561926941,0.8010899689907299,0.009044410244721808,0.778234756495626,0.01663680627235437,0.7038943086564826,0.00813195583659126,0.037488462193111534,0.0018931822677000433,0.04852924764716374,0.0013591259806482669,0.6422513922055563,0.0020349006611736337,0.6600566109021505,0.003292674377424706,0.028611066942962133,0.0013950914966755375
24,test_w45-48,19.5,all,near,teacherA,0.8422359733111565,,0.7789987348217782,,0.8326068316686253,,0.7909322365844105,,0.7257040775558166,,0.0543631718163937,,0.0445485604292899,,0.6938909292221069,,0.6316321492195129,,0.0178917796725971,
24,test_w45-48,19.5,all,near,teacherA_member,0.8252987853120622,0.0053153309766143745,0.7643696804739523,0.01087024913993104,0.8073283808264786,0.008784869877735317,0.7762828045436742,0.016317149379052546,0.7078057052487269,0.00955348428886343,0.0771303252718597,0.0009181382612987976,0.05776299882318074,0.0007435645822134749,0.8436447620391846,0.029314374004715822,0.679570472240448,0.02125257220797003,0.02221527803202032,0.0025818981297617083
24,test_w45-48,19.5,all,near,teacherB,0.8326610670361072,,0.7734128133568351,,0.8087666451233843,,0.7856443399921661,,0.7195931394437916,,0.078510975780487,,0.0562279314106702,,0.905335545539856,,0.6846522688865662,,0.0203083694035334,
24,test_w45-48,19.5,ge5,all,direct,0.7955601365053595,0.007994712694666664,0.8309459418111617,0.002235358524001928,0.8383603834371836,0.0010681465575945286,0.6903750350449654,0.00767620275826122,0.7586415501429888,0.005078761124926423,0.05298004038814833,0.005725213449476854,0.04388789499594533,0.004308964921616626,0.6667686104774475,0.029569836642502893,0.6307188669840494,0.021831770602916942,0.021061538630027837,0.0003763030936776743
24,test_w45-48,19.5,ge5,all,directTS,0.7955601365053595,0.007994712694666664,0.8302767563553045,0.0023057811475754295,0.8399869759870008,0.0009161684948049893,0.6902779874485109,0.004126280889698631,0.7579582515284664,0.005174660049403114,0.04388789499594533,0.004308964921616626,,,0.6307188669840494,0.021831770602916942,,,0.0209625312669421,0.00035455961392180435
24,test_w45-48,19.5,ge5,all,enddA,0.7985650261172595,0.005501374788460901,0.738626237474095,0.007250664869506077,0.8244253682539666,0.0029832909378585356,0.7884002961748869,0.015712753001022702,0.6754731610009944,0.00597496480094754,0.0256216813016298,0.003740521964958544,0.03609318333324127,0.005173511667647807,0.5812711318333944,0.023502426118774206,0.5948171019554138,0.02495183599717339,0.022332385989305134,0.0017550706381987715
24,test_w45-48,19.5,ge5,all,kdA,0.7872907818448908,0.008954983433778053,0.831731994099194,0.000981235215581638,0.831276902392634,0.001638923340760354,0.7080125371117197,0.016815670092243096,0.7582338923742035,0.0031905999222122464,0.0545091821562538,0.005253577848332991,0.04543557678222313,0.005236227773712105,0.6712609529495239,0.02694232716534648,0.6344421108563741,0.024273499892362677,0.021218920847082434,0.00035708910556457026
24,test_w45-48,19.5,ge5,all,kdA4,0.782501133428999,0.005338729970795246,0.8061078216291863,0.0037839781662131265,0.8192885969903166,0.003530231080501826,0.7130482290610826,0.02830410570982655,0.7322162449574036,0.002922771069588707,0.08894465576118327,0.004899423800682586,0.04859392452978773,0.003263229966387134,0.8790009021759033,0.04203027019854356,0.6320707003275553,0.02535936884082118,0.023421880018884567,0.0008421220585667533
24,test_w45-48,19.5,ge5,all,kdB,0.7937294736894266,0.004076340934094597,0.8324134144890379,0.0009230651462475084,0.8327917034354401,0.004386482943534012,0.6987966098039639,0.009249124417079807,0.7560553847903918,0.0010107070901751788,0.0584790539463425,0.001175308341504524,0.048522436285995535,0.001971990044544781,0.6723116238911947,0.022881202246952444,0.6321383515993754,0.017328975713693996,0.0215287552787526,0.0009433990129890092
24,test_w45-48,19.5,ge5,all,kdB4,0.7749017127729206,0.007558490903307319,0.8101686293851711,0.00465513237059884,0.8208198360824465,0.0038365618987499365,0.6811734851589065,0.023647402832276298,0.7342976619441072,0.0045326717768768565,0.10192661191181063,0.003907935112333564,0.0558835563877561,0.004211421475773843,0.9578719933827718,0.049025314267741836,0.629818836847941,0.027948025952735732,0.024235061480759768,0.0007904083856978055
24,test_w45-48,19.5,ge5,all,ls,0.7918522551884072,0.0018737434624655608,0.8027060604594727,0.003595142882583743,0.8274912059351994,0.0013623648545606443,0.7516731724499847,0.008202337191634957,0.7350546144380319,0.003338577342176419,0.042074718290112036,0.0012833312580325046,0.04147282928043106,0.0012073367081561115,0.5959551731745402,0.0013585454221895319,0.6018281579017639,0.001951515789281896,0.023898741553537,0.0007588377823960622
24,test_w45-48,19.5,ge5,all,teacherA,0.8510387674891271,,0.835066599537087,,0.8627364323997413,,0.6779529426987858,,0.7764867506613071,,0.0486655920682011,,0.0393600356737653,,0.5907541513442993,,0.5405258536338806,,0.0145164494926684,
24,test_w45-48,19.5,ge5,all,teacherA_member,0.833633648392419,0.005387669235534331,0.8215514139322879,0.004618005543770658,0.8465232221024648,0.0034808345580819022,0.6788500938126766,0.024552429102737146,0.7601010115986582,0.0034452373817368633,0.07168801377115055,0.0011779420106132336,0.05368795286459525,0.0007487046448904004,0.7394931316375732,0.02962617856865077,0.5949441909790039,0.02196010755044171,0.018785279550566338,0.0025232219014193202
24,test_w45-48,19.5,ge5,all,teacherB,0.840614561712035,,0.8364531957763528,,0.848303956818485,,0.666954215100606,,0.777244236446539,,0.0729754080092816,,0.0522751217958853,,0.7935678958892822,,0.5997660756111145,,0.0170850473274628,
24,test_w45-48,19.5,ge5,far,direct,0.7955601365053595,0.007994712694666664,0.8299839206080216,0.002971337409637137,0.8409483618072752,0.00020354299306988706,0.6877491983407564,0.009916497090108294,0.7573799412928682,0.0054866729668148805,0.05298004038814833,0.005725213449476854,0.04388789499594533,0.004308964921616626,0.6667686104774475,0.029569836642502893,0.6307188669840494,0.021831770602916942,0.021061538630027837,0.0003763030936776743
24,test_w45-48,19.5,ge5,far,directTS,0.7955601365053595,0.007994712694666664,0.8292899318634518,0.003053772377550968,0.8425683549430705,6.896625624758464e-05,0.6876486137430747,0.006119185999014696,0.7566845652555548,0.005590507762341466,0.04388789499594533,0.004308964921616626,,,0.6307188669840494,0.021831770602916942,,,0.0209625312669421,0.00035455961392180435
24,test_w45-48,19.5,ge5,far,enddA,0.7985650261172595,0.005501374788460901,0.7458857652773881,0.007050224059022927,0.8268144086215278,0.002393663432547333,0.7870543599399711,0.01386326329949798,0.6818575830826407,0.005933718539742397,0.0256216813016298,0.003740521964958544,0.03609318333324127,0.005173511667647807,0.5812711318333944,0.023502426118774206,0.5948171019554138,0.02495183599717339,0.022332385989305134,0.0017550706381987715
24,test_w45-48,19.5,ge5,far,kdA,0.7872907818448908,0.008954983433778053,0.8302215687804795,0.0005836647881403037,0.8330396823154355,0.0016354819647225033,0.7043416335743341,0.015531265089814714,0.7565443795788939,0.0031566881059629363,0.0545091821562538,0.005253577848332991,0.04543557678222313,0.005236227773712105,0.6712609529495239,0.02694232716534648,0.6344421108563741,0.024273499892362677,0.021218920847082434,0.00035708910556457026
24,test_w45-48,19.5,ge5,far,kdA4,0.782501133428999,0.005338729970795246,0.8090423037219255,0.004661885782958473,0.8219921433582419,0.0034423562302680357,0.7113584151086112,0.03307945995216212,0.7344448220515548,0.004304472287024132,0.08894465576118327,0.004899423800682586,0.04859392452978773,0.003263229966387134,0.8790009021759033,0.04203027019854356,0.6320707003275553,0.02535936884082118,0.023421880018884567,0.0008421220585667533
24,test_w45-48,19.5,ge5,far,kdB,0.7937294736894266,0.004076340934094597,0.8317818608935267,0.0019190020656498386,0.8350264125247454,0.0037873994255021768,0.6987008493363428,0.012694737722387432,0.7552241696501006,0.002112947562063729,0.0584790539463425,0.001175308341504524,0.048522436285995535,0.001971990044544781,0.6723116238911947,0.022881202246952444,0.6321383515993754,0.017328975713693996,0.0215287552787526,0.0009433990129890092
24,test_w45-48,19.5,ge5,far,kdB4,0.7749017127729206,0.007558490903307319,0.8154125600803317,0.005272264345028494,0.8236799280575268,0.0050083086221462654,0.6754698306557714,0.025921864132485914,0.7384142278440816,0.004846627632791934,0.10192661191181063,0.003907935112333564,0.0558835563877561,0.004211421475773843,0.9578719933827718,0.049025314267741836,0.629818836847941,0.027948025952735732,0.024235061480759768,0.0007904083856978055
24,test_w45-48,19.5,ge5,far,ls,0.7918522551884072,0.0018737434624655608,0.8057705210333976,0.004516421927009093,0.8303075183403652,0.0017222877206510769,0.7484821784209826,0.010850442061750915,0.737687185565605,0.00428446828720156,0.042074718290112036,0.0012833312580325046,0.04147282928043106,0.0012073367081561115,0.5959551731745402,0.0013585454221895319,0.6018281579017639,0.001951515789281896,0.023898741553537,0.0007588377823960622
24,test_w45-48,19.5,ge5,far,teacherA,0.8510387674891271,,0.8406602799206362,,0.8655294953055035,,0.6680708276503036,,0.7810203682845099,,0.0486655920682011,,0.0393600356737653,,0.5907541513442993,,0.5405258536338806,,0.0145164494926684,
24,test_w45-48,19.5,ge5,far,teacherA_member,0.833633648392419,0.005387669235534331,0.8274144185348682,0.004847958038075433,0.8502950216481422,0.003187125899757136,0.6704969281463868,0.02802050821766099,0.7649296821459657,0.0034226485900789613,0.07168801377115055,0.0011779420106132336,0.05368795286459525,0.0007487046448904004,0.7394931316375732,0.02962617856865077,0.5949441909790039,0.02196010755044171,0.018785279550566338,0.0025232219014193202
24,test_w45-48,19.5,ge5,far,teacherB,0.840614561712035,,0.8429664365225031,,0.8519487710807536,,0.6571594104937899,,0.7826662501854719,,0.0729754080092816,,0.0522751217958853,,0.7935678958892822,,0.5997660756111145,,0.0170850473274628,
24,test_w45-48,19.5,ge5,near,direct,0.7955601365053595,0.007994712694666664,0.8390056540832761,0.004641570337420504,0.8166785733468096,0.008311823513643403,0.7123740182694576,0.03374678330910978,0.7692111761540756,0.002828710249065782,0.05298004038814833,0.005725213449476854,0.04388789499594533,0.004308964921616626,0.6667686104774475,0.029569836642502893,0.6307188669840494,0.021831770602916942,0.021061538630027837,0.0003763030936776743
24,test_w45-48,19.5,ge5,near,directTS,0.7955601365053595,0.007994712694666664,0.8385442679667428,0.004682127940534443,0.8183604550919243,0.008019128529584725,0.7123066032965921,0.03459097666501938,0.7686290609151026,0.002890176441614897,0.04388789499594533,0.004308964921616626,,,0.6307188669840494,0.021831770602916942,,,0.0209625312669421,0.00035455961392180435
24,test_w45-48,19.5,ge5,near,enddA,0.7985650261172595,0.005501374788460901,0.6778066784716641,0.009521733035638781,0.8044102397867734,0.008210484261647768,0.7996764081302458,0.03196765482624615,0.6219851455249793,0.0071683149653085105,0.0256216813016298,0.003740521964958544,0.03609318333324127,0.005173511667647807,0.5812711318333944,0.023502426118774206,0.5948171019554138,0.02495183599717339,0.022332385989305134,0.0017550706381987715
24,test_w45-48,19.5,ge5,near,kdA,0.7872907818448908,0.008954983433778053,0.8443861782664682,0.005753420181870829,0.8165085179428241,0.0023338389442191998,0.7387669801462904,0.03867247740466475,0.7723884525500168,0.004323794156110371,0.0545091821562538,0.005253577848332991,0.04543557678222313,0.005236227773712105,0.6712609529495239,0.02694232716534648,0.6344421108563741,0.024273499892362677,0.021218920847082434,0.00035708910556457026
24,test_w45-48,19.5,ge5,near,kdA4,0.782501133428999,0.005338729970795246,0.7815230398614293,0.01276479798472607,0.7966385703914461,0.011840005986212652,0.7272053122998617,0.01766674288729444,0.7135454608868882,0.009668381422778266,0.08894465576118327,0.004899423800682586,0.04859392452978773,0.003263229966387134,0.8790009021759033,0.04203027019854356,0.6320707003275553,0.02535936884082118,0.023421880018884567,0.0008421220585667533
24,test_w45-48,19.5,ge5,near,kdB,0.7937294736894266,0.004076340934094597,0.8377045039656802,0.012022404629359433,0.8140695461556499,0.01343488816993959,0.6995988809114504,0.01996658626969788,0.7630192176509422,0.009602179784699684,0.0584790539463425,0.001175308341504524,0.048522436285995535,0.001971990044544781,0.6723116238911947,0.022881202246952444,0.6321383515993754,0.017328975713693996,0.0215287552787526,0.0009433990129890092
24,test_w45-48,19.5,ge5,near,kdB4,0.7749017127729206,0.007558490903307319,0.7662355305720093,0.0030561552919292434,0.7968582868819768,0.009721906256736733,0.7289581015943641,0.012429975548854453,0.6998095065950344,0.0040252251432254214,0.10192661191181063,0.003907935112333564,0.0558835563877561,0.004211421475773843,0.9578719933827718,0.049025314267741836,0.629818836847941,0.027948025952735732,0.024235061480759768,0.0007904083856978055
24,test_w45-48,19.5,ge5,near,ls,0.7918522551884072,0.0018737434624655608,0.7770323326721217,0.01152118049922097,0.8038964373584384,0.009601611219701461,0.7784069841911888,0.020698345463566317,0.7129992109241993,0.008013404356992434,0.042074718290112036,0.0012833312580325046,0.04147282928043106,0.0012073367081561115,0.5959551731745402,0.0013585454221895319,0.6018281579017639,0.001951515789281896,0.023898741553537,0.0007588377823960622
24,test_w45-48,19.5,ge5,near,teacherA,0.8510387674891271,,0.7882033346875911,,0.8393364456791939,,0.7607442613004348,,0.7385045799195993,,0.0486655920682011,,0.0393600356737653,,0.5907541513442993,,0.5405258536338806,,0.0145164494926684,
24,test_w45-48,19.5,ge5,near,teacherA_member,0.833633648392419,0.005387669235534331,0.772431779154337,0.011366989634259231,0.8149234829417988,0.009157505427947039,0.7488320355951057,0.0219369787467433,0.7196469185484127,0.009997445557767302,0.07168801377115055,0.0011779420106132336,0.05368795286459525,0.0007487046448904004,0.7394931316375732,0.02962617856865077,0.5949441909790039,0.02196010755044171,0.018785279550566338,0.0025232219014193202
24,test_w45-48,19.5,ge5,near,teacherB,0.840614561712035,,0.7818859511026945,,0.8177680869818282,,0.7490140560218425,,0.7318191766571911,,0.0729754080092816,,0.0522751217958853,,0.7935678958892822,,0.5997660756111145,,0.0170850473274628,
24,test_w49-51,23.0,all,all,direct,0.7628130969971743,0.002969686521315337,0.8132036367333333,0.0016497995246221241,0.8243871840166667,0.0014813979605395541,0.7631566666666666,0.0020151757574298993,0.7273493580000001,0.0021902506469771445,0.07191680113000169,0.0023616017047400585,0.061434828359062395,0.0016325735710283993,0.8895736932754517,0.030676763326236617,0.8398323853810629,0.021354213053950202,0.029946592713703566,0.0006267379730490702
24,test_w49-51,23.0,all,all,directTS,0.7628130969971743,0.002969686521315337,0.8124539222,0.0017311460670012477,0.8257512433833334,0.0013385844683802758,0.7673166666666665,0.002645171702051337,0.7266040911666666,0.002303107985197294,0.061434828359062395,0.0016325735710283993,,,0.8398323853810629,0.021354213053950202,,,0.029810761557146234,0.0006238485471743737
24,test_w49-51,23.0,all,all,enddA,0.762606518897151,0.006342139395193659,0.72894530765,0.00381040228220922,0.8116824353166666,0.0021397967000198964,0.80755,0.016458514513770624,0.6487621902,0.002361168837843699,0.0424878663551062,0.003629469421843997,0.055708808691799595,0.004985636807397733,0.764841616153717,0.03841205753231301,0.7884649634361267,0.04121481666117055,0.031986893251602096,0.0011500901063017195
24,test_w49-51,23.0,all,all,kdA,0.753250244444402,0.009869463153048668,0.8106885122333334,0.0010675302527240198,0.8161046913000001,0.0008367120645695345,0.78997,0.028521344638708694,0.7258807896333334,0.004070480843555773,0.07159267410278318,0.006786451437823522,0.06162956449305013,0.006632936639193955,0.8833312392234802,0.02702122378367294,0.8336610794067383,0.025001580630993524,0.030275488716360367,0.0008514645222229563
24,test_w49-51,23.0,all,all,kdA4,0.7486232733196531,0.004696692984042809,0.7920819628999999,0.004328105468396597,0.80886363215,0.0031701398536491832,0.7827666666666667,0.023569162762672183,0.7036089683999999,0.001881490390084224,0.11447896278671914,0.004033012316309552,0.06687488134803866,0.0029064983443910586,1.1767135461171467,0.03189832240674337,0.8313884735107422,0.018805219794643464,0.03330189771831237,0.001143473939324101
24,test_w49-51,23.0,all,all,kdB,0.7595580861832906,0.007134472741941274,0.8143235814666667,0.0011276200728548174,0.8196751685166667,0.005020683486564333,0.7736433333333333,0.004425949992186286,0.7265098261666667,0.0005126128412714709,0.07657650602832433,0.002877576257022067,0.06506157443270083,0.003763404968003418,0.9033303459485372,0.015724906526904132,0.8476692040761312,0.009162738888001036,0.030711837083507967,0.0013518944050423315
24,test_w49-51,23.0,all,all,kdB4,0.7403266036603359,0.005736256931517013,0.7960513268166668,0.0041950372572436,0.8086044753333334,0.003040522365358968,0.7587233333333333,0.017900738346038496,0.7057097218666667,0.0037117204259047285,0.12510962178796525,0.0011980364484585927,0.07203320917079843,0.0017627547799468491,1.2880842685699463,0.0375492456203894,0.8327073057492574,0.022255816722625454,0.03458265184137837,0.00019037904021645112
24,test_w49-51,23.0,all,all,ls,0.7551437526823129,0.0040023792468178105,0.78900239885,0.0036825140454512014,0.8127691198833333,0.000889983759147116,0.7984433333333333,0.004734441184905927,0.7065788103999999,0.0023744287647371556,0.032864868076095934,0.002875702821671141,0.06122032222261029,0.0017698324338755282,0.7584456205368042,0.012980271903299485,0.8031565348307291,0.019187314284067124,0.03508831512241453,0.0017157585152419144
24,test_w49-51,23.0,all,all,teacherA,0.8163074608149913,,0.8164270724999999,,0.8480444867,,0.77627,,0.7462429011999998,,0.0650388189637661,,0.0542017188537121,,0.8529792428016663,,0.7749041318893433,,0.0225819723479391,
24,test_w49-51,23.0,all,all,teacherA_member,0.7987102054419412,0.004000368289996121,0.8039521519099999,0.005075071398743201,0.8333989239200001,0.0026859223276079506,0.762596,0.0071765263184914605,0.73070496732,0.003505706027939938,0.0912402881107479,0.0013999506374657114,0.06914768535716828,0.0019822260926864103,1.039244496822357,0.044835083201277263,0.8330619096755981,0.03403552286808667,0.0277007941672629,0.0028513533923755644
24,test_w49-51,23.0,all,all,teacherB,0.8076473471877479,,0.8206427304,,0.8343518623499999,,0.77238,,0.7477317165999999,,0.0934373376147449,,0.068706947325468,,1.1016589403152466,,0.8287563920021057,,0.0261694416700231,
24,test_w49-51,23.0,all,far,direct,0.7628130969971743,0.002969686521315337,0.8126044988322452,0.0027916103589085816,0.8271782948884189,0.001283553946958428,0.7625097628851126,0.0013521632748920423,0.7265033106227773,0.0029435079617688674,0.07191680113000169,0.0023616017047400585,0.061434828359062395,0.0016325735710283993,0.8895736932754517,0.030676763326236617,0.8398323853810629,0.021354213053950202,0.029946592713703566,0.0006267379730490702
24,test_w49-51,23.0,all,far,directTS,0.7628130969971743,0.002969686521315337,0.8118148305428544,0.002892006444222665,0.8285542575088908,0.0011865882387678542,0.7667788924528159,0.0051250532916873835,0.7257332739977403,0.003067936765878377,0.061434828359062395,0.0016325735710283993,,,0.8398323853810629,0.021354213053950202,,,0.029810761557146234,0.0006238485471743737
24,test_w49-51,23.0,all,far,enddA,0.762606518897151,0.006342139395193659,0.7345386436414234,0.004240762900281156,0.8133057499791473,0.0014412325034854731,0.809481562364931,0.016552552712680763,0.6536611928918613,0.0029329795775058197,0.0424878663551062,0.003629469421843997,0.055708808691799595,0.004985636807397733,0.764841616153717,0.03841205753231301,0.7884649634361267,0.04121481666117055,0.031986893251602096,0.0011500901063017195
24,test_w49-51,23.0,all,far,kdA,0.753250244444402,0.009869463153048668,0.8092978322034927,0.0003568819658781971,0.817642664698924,0.000886493045494756,0.7892960865048492,0.02633308690826388,0.7244052291529229,0.004217989845491463,0.07159267410278318,0.006786451437823522,0.06162956449305013,0.006632936639193955,0.8833312392234802,0.02702122378367294,0.8336610794067383,0.025001580630993524,0.030275488716360367,0.0008514645222229563
24,test_w49-51,23.0,all,far,kdA4,0.7486232733196531,0.004696692984042809,0.7948402064044527,0.005317871934071645,0.8116095423766087,0.003483087895437305,0.7850989937593363,0.026598413043238144,0.7057819431364073,0.0031793495975274075,0.11447896278671914,0.004033012316309552,0.06687488134803866,0.0029064983443910586,1.1767135461171467,0.03189832240674337,0.8313884735107422,0.018805219794643464,0.03330189771831237,0.001143473939324101
24,test_w49-51,23.0,all,far,kdB,0.7595580861832906,0.007134472741941274,0.8138574052905359,0.0017978456354602157,0.821813364366038,0.004604492757257253,0.7767427223852529,0.0035980057507399347,0.7259458214851717,0.0015196874045783153,0.07657650602832433,0.002877576257022067,0.06506157443270083,0.003763404968003418,0.9033303459485372,0.015724906526904132,0.8476692040761312,0.009162738888001036,0.030711837083507967,0.0013518944050423315
24,test_w49-51,23.0,all,far,kdB4,0.7403266036603359,0.005736256931517013,0.8021321535028852,0.004281954178150122,0.8115858949627305,0.004213072241992732,0.7573041546289345,0.01774363295511061,0.7105362673931012,0.003799421225191053,0.12510962178796525,0.0011980364484585927,0.07203320917079843,0.0017627547799468491,1.2880842685699463,0.0375492456203894,0.8327073057492574,0.022255816722625454,0.03458265184137837,0.00019037904021645112
24,test_w49-51,23.0,all,far,ls,0.7551437526823129,0.0040023792468178105,0.7919531761793186,0.004279245672927026,0.8151014376274862,0.0017713707642152154,0.7970154007143019,0.007815026604255412,0.7092920146424319,0.003047436261501178,0.032864868076095934,0.002875702821671141,0.06122032222261029,0.0017698324338755282,0.7584456205368042,0.012980271903299485,0.8031565348307291,0.019187314284067124,0.03508831512241453,0.0017157585152419144
24,test_w49-51,23.0,all,far,teacherA,0.8163074608149913,,0.8226243790805068,,0.8511600404922769,,0.7677949907868696,,0.7511147379376237,,0.0650388189637661,,0.0542017188537121,,0.8529792428016663,,0.7749041318893433,,0.0225819723479391,
24,test_w49-51,23.0,all,far,teacherA_member,0.7987102054419412,0.004000368289996121,0.8103464152733227,0.005648197844275217,0.8378281492754611,0.0023696023436378466,0.7559521372187721,0.007845033476563491,0.7358426168702655,0.004013627190995651,0.0912402881107479,0.0013999506374657114,0.06914768535716828,0.0019822260926864103,1.039244496822357,0.044835083201277263,0.8330619096755981,0.03403552286808667,0.0277007941672629,0.0028513533923755644
24,test_w49-51,23.0,all,far,teacherB,0.8076473471877479,,0.8277675174594508,,0.8383760915284697,,0.766714438454014,,0.7535936474897063,,0.0934373376147449,,0.068706947325468,,1.1016589403152466,,0.8287563920021057,,0.0261694416700231,
24,test_w49-51,23.0,all,near,direct,0.7628130969971743,0.002969686521315337,0.8175634286541963,0.00861347279329332,0.8040768971748605,0.005311291802725572,0.7678640401699498,0.021311745660532896,0.733505854715003,0.004465921949435766,0.07191680113000169,0.0023616017047400585,0.061434828359062395,0.0016325735710283993,0.8895736932754517,0.030676763326236617,0.8398323853810629,0.021354213053950202,0.029946592713703566,0.0006267379730490702
24,test_w49-51,23.0,all,near,directTS,0.7628130969971743,0.002969686521315337,0.8171044486288142,0.00868236001914411,0.8053543392374332,0.004962329712441899,0.7712299288197318,0.01686696351141372,0.732940832091817,0.004489446313101194,0.061434828359062395,0.0016325735710283993,,,0.8398323853810629,0.021354213053950202,,,0.029810761557146234,0.0006238485471743737
24,test_w49-51,23.0,all,near,enddA,0.762606518897151,0.006342139395193659,0.6882438580808916,0.0038816997374451993,0.7998699391657009,0.007808133137133439,0.7934944545605033,0.02952930285530683,0.6131132480825471,0.0034489953673565873,0.0424878663551062,0.003629469421843997,0.055708808691799595,0.004985636807397733,0.764841616153717,0.03841205753231301,0.7884649634361267,0.04121481666117055,0.031986893251602096,0.0011500901063017195
24,test_w49-51,23.0,all,near,kdA,0.753250244444402,0.009869463153048668,0.8208081784196878,0.008729425887345562,0.8049132043535838,0.002398767173679215,0.7948739171218894,0.050435135880573856,0.736618111791646,0.005190378995182645,0.07159267410278318,0.006786451437823522,0.06162956449305013,0.006632936639193955,0.8833312392234802,0.02702122378367294,0.8336610794067383,0.025001580630993524,0.030275488716360367,0.0008514645222229563
24,test_w49-51,23.0,all,near,kdA4,0.7486232733196531,0.004696692984042809,0.7720108445069801,0.009638191383774324,0.7888822602494069,0.006806549124330361,0.7657948463278706,0.003190944697153059,0.6877967193621366,0.0076695692430410675,0.11447896278671914,0.004033012316309552,0.06687488134803866,0.0029064983443910586,1.1767135461171467,0.03189832240674337,0.8313884735107422,0.018805219794643464,0.03330189771831237,0.001143473939324101
24,test_w49-51,23.0,all,near,kdB,0.7595580861832906,0.007134472741941274,0.8177158407824311,0.010992282764055117,0.8041159976273243,0.013697430340218343,0.751089775423495,0.03136519308487937,0.7306139615405839,0.00860741844223169,0.07657650602832433,0.002877576257022067,0.06506157443270083,0.003763404968003418,0.9033303459485372,0.015724906526904132,0.8476692040761312,0.009162738888001036,0.030711837083507967,0.0013518944050423315
24,test_w49-51,23.0,all,near,kdB4,0.7403266036603359,0.005736256931517013,0.7518025169673895,0.006284253933499584,0.7869093544115212,0.011013640430035134,0.7690503779727419,0.02015702112816877,0.6705880342658501,0.0051118058709714725,0.12510962178796525,0.0011980364484585927,0.07203320917079843,0.0017627547799468491,1.2880842685699463,0.0375492456203894,0.8327073057492574,0.022255816722625454,0.03458265184137837,0.00019037904021645112
24,test_w49-51,23.0,all,near,ls,0.7551437526823129,0.0040023792468178105,0.7675302550626277,0.014506095368696792,0.795797367571594,0.006133711256587337,0.8088340782431165,0.017684882199945826,0.6868354325994592,0.010163512751382865,0.032864868076095934,0.002875702821671141,0.06122032222261029,0.0017698324338755282,0.7584456205368042,0.012980271903299485,0.8031565348307291,0.019187314284067124,0.03508831512241453,0.0017157585152419144
24,test_w49-51,23.0,all,near,teacherA,0.8163074608149913,,0.7713306646250621,,0.8253733016056944,,0.8379407382883629,,0.7107916396292004,,0.0650388189637661,,0.0542017188537121,,0.8529792428016663,,0.7749041318893433,,0.0225819723479391,
24,test_w49-51,23.0,all,near,teacherA_member,0.7987102054419412,0.004000368289996121,0.7574225337692435,0.009799117740013887,0.8011684459526569,0.006807677924659404,0.8109418970369144,0.02341635646026813,0.6933194456215859,0.007653074539627394,0.0912402881107479,0.0013999506374657114,0.06914768535716828,0.0019822260926864103,1.039244496822357,0.044835083201277263,0.8330619096755981,0.03403552286808667,0.0277007941672629,0.0028513533923755644
24,test_w49-51,23.0,all,near,teacherB,0.8076473471877479,,0.7687972554212879,,0.8050684505876511,,0.8136070187055123,,0.7050757622910114,,0.0934373376147449,,0.068706947325468,,1.1016589403152466,,0.8287563920021057,,0.0261694416700231,
24,test_w49-51,23.0,ge5,all,direct,0.7711151207860784,0.004188682987703571,0.8249940508876614,0.0022078616198400874,0.8305511064989467,0.0013122362085643353,0.735528015285917,0.0017482444444730477,0.7435848184143272,0.0024651930527549893,0.06813161082484746,0.004438083249463749,0.0585166808922118,0.0041968780414493026,0.8337184190750122,0.0332094552372442,0.78656005859375,0.023860275811725278,0.0261387191207867,0.0004232269813631522
24,test_w49-51,23.0,ge5,all,directTS,0.7711151207860784,0.004188682987703571,0.8243523911126084,0.0022798994262387875,0.8322359394820134,0.0011590549527589532,0.7380863426593084,0.0017873478796000077,0.7429588871702518,0.002550287881740125,0.0585166808922118,0.0041968780414493026,,,0.78656005859375,0.023860275811725278,,,0.025991068848576337,0.0004247634363635368
24,test_w49-51,23.0,ge5,all,enddA,0.7702209114073252,0.0054708488899054206,0.7348461207307588,0.004756390699354153,0.8157214443860378,0.0019368284380582423,0.80364214728707,0.019321503121079508,0.6593485703365874,0.0037035961191231167,0.03639386157601173,0.0037163367112604613,0.048891421612596,0.003662148887232766,0.7035616437594095,0.04172079327841483,0.7234147191047668,0.044725248546975516,0.0273858414154225,0.0014272747993849199
24,test_w49-51,23.0,ge5,all,kdA,0.7602206967309675,0.00947091778544556,0.8222720386379523,0.0009445815143045889,0.8224649556574435,0.0009437196009901446,0.7687222240013094,0.02775366225079976,0.7413922852106406,0.0036573064400416857,0.06935085262069944,0.005194939611128001,0.059456065004738205,0.005264820784051304,0.8301527897516886,0.024602745569936614,0.7830164233843485,0.022801364517464756,0.026552340688497433,0.0005898998155265855
24,test_w49-51,23.0,ge5,all,kdA4,0.7575197786635669,0.005091192458467893,0.7978744985630369,0.004069718884331358,0.8121211383725512,0.004282073587072891,0.7683450575178887,0.022625820354283503,0.7163539833732382,0.0013780508226260112,0.1039936798933616,0.0048271106022431485,0.0593741781054006,0.0034645903242521347,1.0612878799438477,0.03587836762451024,0.7541429996490479,0.02083014807041316,0.028607421597948865,0.0010581805628062815
24,test_w49-51,23.0,ge5,all,kdB,0.7674700848474055,0.007609454826118655,0.82500069252175,0.002046695537905508,0.8260789028026636,0.004937962275808391,0.7507463270745046,0.002530882683298214,0.7418913782983809,0.0016361086574769464,0.0720753283338316,0.002526536690517543,0.06149251194506037,0.0034226271204193057,0.8496045668919882,0.015319771202881078,0.796701451142629,0.009160893953033565,0.0269590385183687,0.0012592790047149939
24,test_w49-51,23.0,ge5,all,kdB4,0.749777563072534,0.005912078982511038,0.8012653622266629,0.0037864272418034767,0.8124338812012568,0.0038645004005731978,0.7353251993467191,0.019713494734885685,0.7180780589006351,0.003953020565747432,0.11504573358098753,0.0016321007801594802,0.065434118996984,0.0021406738583573176,1.1471039056777954,0.03605870138319967,0.7463669180870056,0.020508976854034584,0.029615065150406735,0.0006499346461190736
24,test_w49-51,23.0,ge5,all,ls,0.7643226558560445,0.004301880857894677,0.7943530836025174,0.0037376609167125434,0.8164746851662686,0.0010905536291924822,0.7955615332885003,0.004348030846803849,0.7185612017945182,0.0023603911119641496,0.034624478590395365,0.0028187908919887444,0.0529491565241151,0.0022198178384232573,0.7078897356987,0.010988894667289684,0.7390116850535074,0.016907925297757993,0.029133829689712534,0.0007206839348158619
24,test_w49-51,23.0,ge5,all,teacherA,0.8259863564277006,,0.8273694431176352,,0.85431790768519,,0.7185448490088705,,0.7611854138781223,,0.0575288709969946,,0.0473016240943452,,0.7234530448913574,,0.6605297327041626,,0.0183798850133726,
24,test_w49-51,23.0,ge5,all,teacherA_member,0.8072150497251483,0.004071396734655816,0.8139997848954778,0.004504848367360343,0.8401651766914261,0.002952121701884177,0.7397999594368121,0.007591797836533257,0.7449157454459786,0.0029045815846058566,0.08437849861603164,0.0014844436728356381,0.06382851962474372,0.0020763448654666276,0.9094412565231323,0.04425011948652326,0.7283694624900818,0.03406041325962498,0.02335431542344742,0.0027687804956106708
24,test_w49-51,23.0,ge5,all,teacherB,0.8162569229804941,,0.8302447598831083,,0.8424591661877846,,0.7306497582220515,,0.7616987823944519,,0.0867734574707733,,0.0637866646513463,,0.9591389298439026,,0.7214560508728027,,0.0219339637673052,
24,test_w49-51,23.0,ge5,far,direct,0.7711151207860784,0.004188682987703571,0.8239023584042546,0.003488034000111001,0.8331800816852349,0.0009708364523603906,0.735642283566425,0.003827837307441957,0.7422539043943724,0.0031126487479153178,0.06813161082484746,0.004438083249463749,0.0585166808922118,0.0041968780414493026,0.8337184190750122,0.0332094552372442,0.78656005859375,0.023860275811725278,0.0261387191207867,0.0004232269813631522
24,test_w49-51,23.0,ge5,far,directTS,0.7711151207860784,0.004188682987703571,0.8232282214436708,0.0035801810517615707,0.8348674194782771,0.0008842395398625901,0.738148121028695,0.0049502784293933184,0.7416102255532401,0.00320869140639475,0.0585166808922118,0.0041968780414493026,,,0.78656005859375,0.023860275811725278,,,0.025991068848576337,0.0004247634363635368
24,test_w49-51,23.0,ge5,far,enddA,0.7702209114073252,0.0054708488899054206,0.7409066441463019,0.005132069794748536,0.8174921717604492,0.0011169184912956382,0.8054030086321219,0.019216887921054086,0.6646718780321758,0.004273553678541928,0.03639386157601173,0.0037163367112604613,0.048891421612596,0.003662148887232766,0.7035616437594095,0.04172079327841483,0.7234147191047668,0.044725248546975516,0.0273858414154225,0.0014272747993849199
24,test_w49-51,23.0,ge5,far,kdA,0.7602206967309675,0.00947091778544556,0.8202962846855965,0.0012159836462689335,0.8238075514722191,0.0007299581007222888,0.7680269784318989,0.026017491206966205,0.7393864006918801,0.0037025858409705497,0.06935085262069944,0.005194939611128001,0.059456065004738205,0.005264820784051304,0.8301527897516886,0.024602745569936614,0.7830164233843485,0.022801364517464756,0.026552340688497433,0.0005898998155265855
24,test_w49-51,23.0,ge5,far,kdA4,0.7575197786635669,0.005091192458467893,0.8004743422472815,0.004729175081263137,0.8147267233342187,0.004427466470874812,0.769861609431061,0.025259880931527246,0.7183339195116649,0.0026349468658335316,0.1039936798933616,0.0048271106022431485,0.0593741781054006,0.0034645903242521347,1.0612878799438477,0.03587836762451024,0.7541429996490479,0.02083014807041316,0.028607421597948865,0.0010581805628062815
24,test_w49-51,23.0,ge5,far,kdB,0.7674700848474055,0.007609454826118655,0.8240082352884052,0.0020408653696856126,0.8280476497758288,0.00434977105654983,0.7545418304003645,0.006773087065243895,0.7408693850902722,0.00041222065118326647,0.0720753283338316,0.002526536690517543,0.06149251194506037,0.0034226271204193057,0.8496045668919882,0.015319771202881078,0.796701451142629,0.009160893953033565,0.0269590385183687,0.0012592790047149939
24,test_w49-51,23.0,ge5,far,kdB4,0.749777563072534,0.005912078982511038,0.8071817587585647,0.004045293563926249,0.8152393819119251,0.005435891801452548,0.7318103048497718,0.019970051462235204,0.7227832093772729,0.0040673404524881746,0.11504573358098753,0.0016321007801594802,0.065434118996984,0.0021406738583573176,1.1471039056777954,0.03605870138319967,0.7463669180870056,0.020508976854034584,0.029615065150406735,0.0006499346461190736
24,test_w49-51,23.0,ge5,far,ls,0.7643226558560445,0.004301880857894677,0.7977253046413795,0.00474356799173417,0.8190009598472713,0.0019512044281034889,0.793305020624344,0.008017624817454178,0.7216172676320073,0.0032217774821603506,0.034624478590395365,0.0028187908919887444,0.0529491565241151,0.0022198178384232573,0.7078897356987,0.010988894667289684,0.7390116850535074,0.016907925297757993,0.029133829689712534,0.0007206839348158619
24,test_w49-51,23.0,ge5,far,teacherA,0.8259863564277006,,0.8337918343902861,,0.8573710422160405,,0.7077811134705035,,0.7662301041923492,,0.0575288709969946,,0.0473016240943452,,0.7234530448913574,,0.6605297327041626,,0.0183798850133726,
24,test_w49-51,23.0,ge5,far,teacherA_member,0.8072150497251483,0.004071396734655816,0.8206811274131052,0.005123962214225539,0.8444584930058122,0.0025804676944977817,0.7320226501671915,0.010980173178150948,0.750275114320697,0.0035045211589388495,0.08437849861603164,0.0014844436728356381,0.06382851962474372,0.0020763448654666276,0.9094412565231323,0.04425011948652326,0.7283694624900818,0.03406041325962498,0.02335431542344742,0.0027687804956106708
24,test_w49-51,23.0,ge5,far,teacherB,0.8162569229804941,,0.8375797069540796,,0.8462709767297515,,0.724036513631593,,0.7677400799955878,,0.0867734574707733,,0.0637866646513463,,0.9591389298439026,,0.7214560508728027,,0.0219339637673052,
24,test_w49-51,23.0,ge5,near,direct,0.7711151207860784,0.004188682987703571,0.8326144159507253,0.007502380975795332,0.8122000131592383,0.005570081594643148,0.7347303858931765,0.031235444137938176,0.7528750268326873,0.004468276642012937,0.06813161082484746,0.004438083249463749,0.0585166808922118,0.0041968780414493026,0.8337184190750122,0.0332094552372442,0.78656005859375,0.023860275811725278,0.0261387191207867,0.0004232269813631522
24,test_w49-51,23.0,ge5,near,directTS,0.7711151207860784,0.004188682987703571,0.8321994573884494,0.007577323790916505,0.8138673617621178,0.005187215366961458,0.737655109748133,0.030477394779587143,0.7523729795308602,0.0045259262319933,0.0585166808922118,0.0041968780414493026,,,0.78656005859375,0.023860275811725278,,,0.025991068848576337,0.0004247634363635368
24,test_w49-51,23.0,ge5,near,enddA,0.7702209114073252,0.0054708488899054206,0.6925417157800435,0.0035722816729212886,0.8033611971320959,0.008266117805883762,0.7913507680949542,0.03099819432843095,0.622190168497258,0.0013300676931901599,0.03639386157601173,0.0037163367112604613,0.048891421612596,0.003662148887232766,0.7035616437594095,0.04172079327841483,0.7234147191047668,0.044725248546975516,0.0273858414154225,0.0014272747993849199
24,test_w49-51,23.0,ge5,near,kdA,0.7602206967309675,0.00947091778544556,0.8360634374252375,0.007299268359480099,0.813093204549654,0.0025798039623102257,0.7735752619473549,0.048031911606369875,0.7553940050535797,0.005044768786082615,0.06935085262069944,0.005194939611128001,0.059456065004738205,0.005264820784051304,0.8301527897516886,0.024602745569936614,0.7830164233843485,0.022801364517464756,0.026552340688497433,0.0005898998155265855
24,test_w49-51,23.0,ge5,near,kdA4,0.7575197786635669,0.005091192458467893,0.7797267524880415,0.009954100673848772,0.7939333163324331,0.0073080969957947635,0.7577590368288044,0.005114952550960131,0.7025333915804985,0.007748469570155689,0.1039936798933616,0.0048271106022431485,0.0593741781054006,0.0034645903242521347,1.0612878799438477,0.03587836762451024,0.7541429996490479,0.02083014807041316,0.028607421597948865,0.0010581805628062815
24,test_w49-51,23.0,ge5,near,kdB,0.7674700848474055,0.007609454826118655,0.8319283635852779,0.011481046264233099,0.812336414986401,0.013856628696609058,0.7242524916943521,0.027676841781401652,0.7490252199764482,0.010224479604900544,0.0720753283338316,0.002526536690517543,0.06149251194506037,0.0034226271204193057,0.8496045668919882,0.015319771202881078,0.796701451142629,0.009160893953033565,0.0269590385183687,0.0012592790047149939
24,test_w49-51,23.0,ge5,near,kdB4,0.749777563072534,0.005912078982511038,0.7599670093331371,0.005814507503891269,0.7928505828595255,0.010279117390339135,0.7598602947440156,0.019747571169896783,0.6852345934984153,0.005326186021218565,0.11504573358098753,0.0016321007801594802,0.065434118996984,0.0021406738583573176,1.1471039056777954,0.03605870138319967,0.7463669180870056,0.020508976854034584,0.029615065150406735,0.0006499346461190736
24,test_w49-51,23.0,ge5,near,ls,0.7643226558560445,0.004301880857894677,0.7708138948840206,0.013852371334740831,0.7988404744233844,0.006738889467347058,0.8113127182894625,0.02248930010500041,0.6972288781847095,0.009920403095670794,0.034624478590395365,0.0028187908919887444,0.0529491565241151,0.0022198178384232573,0.7078897356987,0.010988894667289684,0.7390116850535074,0.016907925297757993,0.029133829689712534,0.0007206839348158619
24,test_w49-51,23.0,ge5,near,teacherA,0.8259863564277006,,0.7825390840015647,,0.8330060455396109,,0.7936791890280263,,0.7259718510764908,,0.0575288709969946,,0.0473016240943452,,0.7234530448913574,,0.6605297327041626,,0.0183798850133726,
24,test_w49-51,23.0,ge5,near,teacherA_member,0.8072150497251483,0.004071396734655816,0.7673618627062422,0.010000358426852863,0.8101964463537978,0.007092096585318096,0.7940880824601755,0.019960512197579525,0.7075056249644913,0.007878177637521324,0.08437849861603164,0.0014844436728356381,0.06382851962474372,0.0020763448654666276,0.9094412565231323,0.04425011948652326,0.7283694624900818,0.03406041325962498,0.02335431542344742,0.0027687804956106708
24,test_w49-51,23.0,ge5,near,teacherB,0.8162569229804941,,0.7790444674485282,,0.8158515011882237,,0.7768123349518699,,0.7195285798190811,,0.0867734574707733,,0.0637866646513463,,0.9591389298439026,,0.7214560508728027,,0.0219339637673052,
37,test_w42-45,3.5,all,all,direct,0.915145498836304,0.0013682685571619695,0.8696681579666667,0.000548282483738457,0.8860003789666667,0.0011727973734236134,0.58991,0.02079669444887811,0.8379284402333335,0.0007860222046618032,0.010349110643019266,0.0006793046519362303,0.0033957590193549,0.0002476935848811511,0.25577373305956524,0.00511343162647268,0.24731332063674924,0.005035561925669945,0.004745870413240233,0.00022751797492206752
37,test_w42-45,3.5,all,all,directTS,0.915145498836304,0.0013682685571619695,0.8687103325500001,0.0004793844372713765,0.8870735214833333,0.0011870520774392996,0.5924066666666666,0.019937764000341977,0.8369357765333335,0.0007721335881528239,0.0033957590193549,0.0002476935848811511,,,0.24731332063674924,0.005035561925669945,,,0.004719393021858201,0.0002266583642433326
37,test_w42-45,3.5,all,all,enddA,0.9075122465871752,0.0013300175435649285,0.7548934092166667,0.0077994891582189455,0.8800527332166667,0.003447608987259507,0.6389866666666667,0.009756742967472993,0.7239887107333334,0.008486261379919756,0.007163598283107034,0.00036573896264482735,0.008092660686671633,0.0006977773814027263,0.2756055494149526,0.00725399017168341,0.277031809091568,0.007561656410878606,0.0059273410668419,0.0004489078295347515
37,test_w42-45,3.5,all,all,kdA,0.9144234500164767,0.0016206752177082744,0.8688019353666666,0.005919635390935757,0.8876967442166667,0.00019469249320154257,0.5937866666666666,0.017625553419207417,0.8371194759333332,0.005333441841270169,0.0121569967262943,0.0009302972024138662,0.0037516277437408332,0.00032005759113270106,0.2698908448219299,0.012702462121918312,0.2578484117984771,0.01055058185790958,0.004915254570453866,0.00021767735168815952
37,test_w42-45,3.5,all,all,kdA4,0.8923683518727206,0.0017687261576511202,0.8393335758833333,0.0009500961209154152,0.8669927819333334,0.001579537257214946,0.5558566666666667,0.014620828749880542,0.8018560412666668,0.0012671686442011414,0.04026314821270603,0.0020130112716104293,0.009613483322858734,0.0010515114554132297,0.3734741310278575,0.015830637154327636,0.28577519456545514,0.008843203798391526,0.006970687527776566,0.00037927220422745
37,test_w42-45,3.5,all,all,kdB,0.9134677380877575,0.001145508028304211,0.8687784554500001,0.004830477654000301,0.8838260266166666,0.002576190164727446,0.58877,0.0057701559770945545,0.8361185085333332,0.004551785406657815,0.0129283518636971,0.0010735767946305247,0.004200523645629433,0.00026623270606118004,0.279595543940862,0.012577330643496816,0.2659187714258829,0.01039128724336319,0.004976203425647133,0.00026914115311851063
37,test_w42-45,3.5,all,all,kdB4,0.8952177124597132,0.002575912989126643,0.8445331581333333,0.0016163297990308217,0.8649755956333335,0.0017983645445154807,0.5235666666666666,0.002237885907130542,0.8077095468666666,0.0021764206662823024,0.042969116210589735,0.001516325613397399,0.009296401136393333,0.00047741198912311795,0.40830764174461365,0.018089409961143745,0.28982398907343543,0.00918795537709527,0.006964439626234199,0.00033442821387471596
37,test_w42-45,3.5,all,all,ls,0.9072649291976306,0.0010696166941449594,0.8562940895166666,0.004530678027637622,0.8826735227999999,0.0011559550055278795,0.5499633333333334,0.015276234265463868,0.8223669811333333,0.003709363908473085,0.0539184802820409,0.0010493011811229403,0.007910567507942433,0.0008577813660972332,0.2979313135147094,0.005537829499634425,0.2656063238779704,0.00575759703844129,0.0063844724114313,0.00021410997252147669
37,test_w42-45,3.5,all,all,teacherA,0.9552821442944152,,0.87174530105,,0.90927139685,,0.42443,,0.8554764077,,0.0074185493083297,,0.0038419188685715,,0.1465685963630676,,0.1386229842901229,,0.0022291838822522,
37,test_w42-45,3.5,all,all,teacherA_member,0.9495063364407113,0.001553115517916495,0.85900683777,0.0030575060623130113,0.89266699307,0.0008874177709656697,0.461234,0.020079863794358773,0.8416521396000001,0.002857856923276017,0.014740848065555059,0.0005765315869473886,0.0046858947911559996,0.000702614545723693,0.1795913070440292,0.006846884153632665,0.15547899305820462,0.00553863761480126,0.00270085687098654,0.00021946371242222878
37,test_w42-45,3.5,all,all,teacherB,0.953333353448906,,0.8797738067,,0.8918003008,,0.40381,,0.8628088863,,0.0157147139823436,,0.0046599488034844,,0.1778955906629562,,0.1458951234817505,,0.0021790620101564,
37,test_w42-45,3.5,all,far,direct,0.915145498836304,0.0013682685571619695,0.8685819979489372,0.0006265658671156519,0.8882632404168119,0.00244521289255732,0.5905373634655837,0.021593212675988165,0.8368374202729001,0.001165965443462148,0.010349110643019266,0.0006793046519362303,0.0033957590193549,0.0002476935848811511,0.25577373305956524,0.00511343162647268,0.24731332063674924,0.005035561925669945,0.004745870413240233,0.00022751797492206752
37,test_w42-45,3.5,all,far,directTS,0.915145498836304,0.0013682685571619695,0.8675787888042716,0.0006010917604718003,0.8893278086999561,0.002454848887042612,0.5933946027424998,0.020866924733939467,0.8358084110449923,0.0011589899017850512,0.0033957590193549,0.0002476935848811511,,,0.24731332063674924,0.005035561925669945,,,0.004719393021858201,0.0002266583642433326
37,test_w42-45,3.5,all,far,enddA,0.9075122465871752,0.0013300175435649285,0.7577208304742192,0.008327957820222383,0.8816143827688223,0.0034394223409508523,0.6357807350079305,0.008127965266004815,0.7265983696487694,0.009072071324485943,0.007163598283107034,0.00036573896264482735,0.008092660686671633,0.0006977773814027263,0.2756055494149526,0.00725399017168341,0.277031809091568,0.007561656410878606,0.0059273410668419,0.0004489078295347515
37,test_w42-45,3.5,all,far,kdA,0.9144234500164767,0.0016206752177082744,0.866690857490504,0.006370283907997269,0.8899423825138456,0.00015128129615218507,0.5976692126843425,0.019108837648027094,0.8351565929483934,0.005807723299976953,0.0121569967262943,0.0009302972024138662,0.0037516277437408332,0.00032005759113270106,0.2698908448219299,0.012702462121918312,0.2578484117984771,0.01055058185790958,0.004915254570453866,0.00021767735168815952
37,test_w42-45,3.5,all,far,kdA4,0.8923683518727206,0.0017687261576511202,0.8439151526485708,0.0004828610536392127,0.8699727053406376,0.00110346939370566,0.5529732911871791,0.01574981768986043,0.806111046192035,0.0013066138632015262,0.04026314821270603,0.0020130112716104293,0.009613483322858734,0.0010515114554132297,0.3734741310278575,0.015830637154327636,0.28577519456545514,0.008843203798391526,0.006970687527776566,0.00037927220422745
37,test_w42-45,3.5,all,far,kdB,0.9134677380877575,0.001145508028304211,0.8673495201375374,0.005587083521293404,0.8857220585434079,0.002776757320798882,0.5917822498696994,0.005538932579772549,0.8347959069859875,0.005270360452596395,0.0129283518636971,0.0010735767946305247,0.004200523645629433,0.00026623270606118004,0.279595543940862,0.012577330643496816,0.2659187714258829,0.01039128724336319,0.004976203425647133,0.00026914115311851063
37,test_w42-45,3.5,all,far,kdB4,0.8952177124597132,0.002575912989126643,0.8479077623354369,0.001965846605892805,0.867569186717962,0.0015995026169032052,0.5150829986763709,0.0030037989196882832,0.8106771183129539,0.0024602712828933884,0.042969116210589735,0.001516325613397399,0.009296401136393333,0.00047741198912311795,0.40830764174461365,0.018089409961143745,0.28982398907343543,0.00918795537709527,0.006964439626234199,0.00033442821387471596
37,test_w42-45,3.5,all,far,ls,0.9072649291976306,0.0010696166941449594,0.8581497200692937,0.003080112226336649,0.8858928771687083,0.0016825245703834205,0.5539969477785153,0.014225145807915732,0.8243058988117334,0.002340433873683124,0.0539184802820409,0.0010493011811229403,0.007910567507942433,0.0008577813660972332,0.2979313135147094,0.005537829499634425,0.2656063238779704,0.00575759703844129,0.0063844724114313,0.00021410997252147669
37,test_w42-45,3.5,all,far,teacherA,0.9552821442944152,,0.8763940378190489,,0.9115233345894688,,0.41094750104053,,0.8598837988908511,,0.0074185493083297,,0.0038419188685715,,0.1465685963630676,,0.1386229842901229,,0.0022291838822522,
37,test_w42-45,3.5,all,far,teacherA_member,0.9495063364407113,0.001553115517916495,0.8641231239974353,0.0023032378794120567,0.8966067512626973,0.0011749945148538776,0.451018594553247,0.022687221135640732,0.8465339194123537,0.0020662129847582775,0.014740848065555059,0.0005765315869473886,0.0046858947911559996,0.000702614545723693,0.1795913070440292,0.006846884153632665,0.15547899305820462,0.00553863761480126,0.00270085687098654,0.00021946371242222878
37,test_w42-45,3.5,all,far,teacherB,0.953333353448906,,0.8838023518228961,,0.8963525438991192,,0.3913292912021778,,0.8665240299447676,,0.0157147139823436,,0.0046599488034844,,0.1778955906629562,,0.1458951234817505,,0.0021790620101564,
37,test_w42-45,3.5,all,near,direct,0.915145498836304,0.0013682685571619695,0.8783645793929568,0.003966105019255881,0.8678826095049387,0.009407937383973898,0.584886967486265,0.028759193528560864,0.8466637731544028,0.002991239561454118,0.010349110643019266,0.0006793046519362303,0.0033957590193549,0.0002476935848811511,0.25577373305956524,0.00511343162647268,0.24731332063674924,0.005035561925669945,0.004745870413240233,0.00022751797492206752
37,test_w42-45,3.5,all,near,directTS,0.915145498836304,0.0013682685571619695,0.8777701221891981,0.0038868939090093216,0.8690244022636525,0.009333315362742213,0.5844966825782821,0.02944865334280967,0.8459621126422289,0.0029185878100349656,0.0033957590193549,0.0002476935848811511,,,0.24731332063674924,0.005035561925669945,,,0.004719393021858201,0.0002266583642433326
37,test_w42-45,3.5,all,near,enddA,0.9075122465871752,0.0013300175435649285,0.7322554494280825,0.004120427769664844,0.8675492692665646,0.0035391939615953675,0.6646551982947552,0.025863980821882716,0.7030942814254405,0.004051134738164995,0.007163598283107034,0.00036573896264482735,0.008092660686671633,0.0006977773814027263,0.2756055494149526,0.00725399017168341,0.277031809091568,0.007561656410878606,0.0059273410668419,0.0004489078295347515
37,test_w42-45,3.5,all,near,kdA,0.9144234500164767,0.0016206752177082744,0.8857044382899516,0.005073553283291907,0.8697168732174486,0.0005475190466292879,0.5627007715632412,0.00575951503707468,0.8528354453751238,0.004334880565386142,0.0121569967262943,0.0009302972024138662,0.0037516277437408332,0.00032005759113270106,0.2698908448219299,0.012702462121918312,0.2578484117984771,0.01055058185790958,0.004915254570453866,0.00021767735168815952
37,test_w42-45,3.5,all,near,kdA4,0.8923683518727206,0.0017687261576511202,0.8026508388123329,0.004717517558797336,0.8431338022756613,0.008076974804932713,0.5789426281185265,0.005590609584018188,0.7677880260590232,0.004235015716621047,0.04026314821270603,0.0020130112716104293,0.009613483322858734,0.0010515114554132297,0.3734741310278575,0.015830637154327636,0.28577519456545514,0.008843203798391526,0.006970687527776566,0.00037927220422745
37,test_w42-45,3.5,all,near,kdB,0.9134677380877575,0.001145508028304211,0.8802193329130265,0.0013294749805439334,0.8686453051727762,0.0023167917226228035,0.5646521961031553,0.007914177946734848,0.8467080167522291,0.0014976718118567824,0.0129283518636971,0.0010735767946305247,0.004200523645629433,0.00026623270606118004,0.279595543940862,0.012577330643496816,0.2659187714258829,0.01039128724336319,0.004976203425647133,0.00026914115311851063
37,test_w42-45,3.5,all,near,kdB4,0.8952177124597132,0.002575912989126643,0.8175141371701343,0.00492650330706664,0.8442098146146687,0.008539446204113661,0.5914917890059743,0.016620567618501655,0.7839494641087993,0.004685423829494673,0.042969116210589735,0.001516325613397399,0.009296401136393333,0.00047741198912311795,0.40830764174461365,0.018089409961143745,0.28982398907343543,0.00918795537709527,0.006964439626234199,0.00033442821387471596
37,test_w42-45,3.5,all,near,ls,0.9072649291976306,0.0010696166941449594,0.8414368446966285,0.016152110275882422,0.8568975212405056,0.014339602324025676,0.5176678975652226,0.024438263761792048,0.806842891710949,0.014861668283587532,0.0539184802820409,0.0010493011811229403,0.007910567507942433,0.0008577813660972332,0.2979313135147094,0.005537829499634425,0.2656063238779704,0.00575759703844129,0.0063844724114313,0.00021410997252147669
37,test_w42-45,3.5,all,near,teacherA,0.9552821442944152,,0.834524842384941,,0.8912410888948934,,0.5323786364045754,,0.8201883004593353,,0.0074185493083297,,0.0038419188685715,,0.1465685963630676,,0.1386229842901229,,0.0022291838822522,
37,test_w42-45,3.5,all,near,teacherA_member,0.9495063364407113,0.001553115517916495,0.8180429093938575,0.010231127440570347,0.8611230244078177,0.00340959528355673,0.5430244078177069,0.012581414545052206,0.8025658043771953,0.010025851521034456,0.014740848065555059,0.0005765315869473886,0.0046858947911559996,0.000702614545723693,0.1795913070440292,0.006846884153632665,0.15547899305820462,0.00553863761480126,0.00270085687098654,0.00021946371242222878
37,test_w42-45,3.5,all,near,teacherB,0.953333353448906,,0.8475189588399532,,0.8553524259209222,,0.5037377285418355,,0.8330633108168963,,0.0157147139823436,,0.0046599488034844,,0.1778955906629562,,0.1458951234817505,,0.0021790620101564,
37,test_w42-45,3.5,ge5,all,direct,0.9205519795225986,0.00113458041050973,0.8795888734401082,0.0018560576183650156,0.8913292664766522,0.0013706800746351227,0.5336111439280843,0.014868442195516845,0.8498961542624186,0.0014845874876416112,0.009610903052640967,0.00044440032568392255,0.0029592914066744,0.00044300578903942625,0.23050443828105918,0.005453487883198485,0.22246030966440833,0.005199293803685512,0.0039904442416959,0.00019133352422631984
37,test_w42-45,3.5,ge5,all,directTS,0.9205519795225986,0.00113458041050973,0.8787565805802959,0.0018071540914401196,0.8926342808837053,0.0013785372690733044,0.5374775800405976,0.01604960214204903,0.8490267356446172,0.0014341575115751164,0.0029592914066744,0.00044300578903942625,,,0.22246030966440833,0.005199293803685512,,,0.003963654958734267,0.00019148347008492216
37,test_w42-45,3.5,ge5,all,enddA,0.9130315178791877,0.0012825804073829656,0.7615005814471466,0.007252346882080373,0.8830479764667009,0.004001820291208511,0.6257146641749634,0.01071710440942738,0.7327626914384308,0.007824689356384458,0.006285922903561933,0.0008432410027622243,0.006534096960051333,0.000514158152995081,0.24519646664460495,0.006641943333702938,0.24584402640660596,0.006946580198603307,0.0049711041320251665,0.00048401547679498253
37,test_w42-45,3.5,ge5,all,kdA,0.9199170011848742,0.0017484310481780928,0.8787244769071587,0.005152616057433215,0.892950890140198,0.0006647471962957716,0.5440469413984327,0.01482768125653083,0.8489459065237908,0.004661667655186974,0.0111019661712489,0.0010236784244512303,0.0031064167623082,8.784670255770242e-05,0.24351122975349423,0.012146801560549907,0.23222867151101426,0.01008200367979627,0.004165847326818133,0.00020155017719422923
37,test_w42-45,3.5,ge5,all,kdA4,0.8991391266356351,0.0018677450948801325,0.8439618212734251,0.0008868550199523423,0.8706521335936456,0.0013632551892831229,0.5169783085774021,0.014305335195422578,0.8098959394024933,0.0011810090534603052,0.03547301310011194,0.001885541010547928,0.007772132092697267,0.001104556238429454,0.3332357108592987,0.01574708598171811,0.2549574275811513,0.00875867040707621,0.005815450926387233,0.00032747784145493834
37,test_w42-45,3.5,ge5,all,kdB,0.9189736934273861,0.0011009675052301234,0.8787163847017094,0.0051916686588859475,0.8890565595048927,0.0022288741069432976,0.531058580087138,0.016408842982480677,0.8479566123918317,0.004780246556813744,0.012011051505127032,0.001304273296424109,0.0036043993571646,0.0009414944873126504,0.25576816995938617,0.013123469446051684,0.2424812366565068,0.010768265369234713,0.0042247379063068335,0.00025201972923705613
37,test_w42-45,3.5,ge5,all,kdB4,0.9020927969534002,0.002613551936184141,0.8508108006033854,0.0014228671700431922,0.8694899657890355,0.002104379546325084,0.4934789690935713,0.003374329176133532,0.817769194378357,0.0019876853384458047,0.0373008604233539,0.0012965150514668692,0.0074212036080919,0.00045490346466457265,0.36218886574109393,0.015924705310523445,0.25729238490263623,0.008058497807735656,0.0057249697959133325,0.0002932987251758517
37,test_w42-45,3.5,ge5,all,ls,0.9127485791741078,0.0008840999299814043,0.8608153649013669,0.0041987432268525615,0.8859289869473902,0.0009362070293447531,0.5291289420643189,0.01750457230291077,0.8301015005808071,0.003277182310017622,0.0552922723145956,0.000841891079906247,0.006180551098199466,0.0002710365666250613,0.271855890750885,0.005511029629671172,0.23572180171807602,0.00634800776433021,0.005405435615715667,0.00015923755673100261
37,test_w42-45,3.5,ge5,all,teacherA,0.958112623420451,,0.8771723363524282,,0.9120859368116122,,0.3703079186759604,,0.8625032435734223,,0.0060418755226823,,0.0034226499765031,,0.1254077553749084,,0.1192314997315406,,0.0019365479564001,
37,test_w42-45,3.5,ge5,all,teacherA_member,0.9524097587517055,0.0015763226002472913,0.8639044987260899,0.0025648837472366254,0.8959624329485907,0.0011086743011372911,0.42461845793639713,0.023016477750324425,0.8481818011925076,0.0023097041020034136,0.013273532029462501,0.0005417304952050661,0.00437991791717424,0.0006677105586722905,0.15763598382472988,0.005909726515364026,0.13664203584194184,0.004885634337156153,0.00238575057954042,0.00021815229186619017
37,test_w42-45,3.5,ge5,all,teacherB,0.9562707213576996,,0.885784645244996,,0.8969906954712823,,0.3722411367322171,,0.8706480890047129,,0.0141806078139181,,0.0045309519946909,,0.1525788456201553,,0.1254451721906662,,0.0018510852942122,
37,test_w42-45,3.5,ge5,far,direct,0.9205519795225986,0.00113458041050973,0.8780694200325416,0.0017287985516061192,0.8934443490811624,0.0027976478133250014,0.534192289632616,0.016611237250662596,0.8483741827769746,0.0016515043792076083,0.009610903052640967,0.00044440032568392255,0.0029592914066744,0.00044300578903942625,0.23050443828105918,0.005453487883198485,0.22246030966440833,0.005199293803685512,0.0039904442416959,0.00019133352422631984
37,test_w42-45,3.5,ge5,far,directTS,0.9205519795225986,0.00113458041050973,0.8771965592856793,0.001667004839780804,0.8947263121049817,0.0028042672919163926,0.5383008694807403,0.018082826761382505,0.8474724707495929,0.0015913763997668052,0.0029592914066744,0.00044300578903942625,,,0.22246030966440833,0.005199293803685512,,,0.003963654958734267,0.00019148347008492216
37,test_w42-45,3.5,ge5,far,enddA,0.9130315178791877,0.0012825804073829656,0.764906828872698,0.007689113232392081,0.884630476219944,0.004061665344858123,0.6210594064215281,0.009188354107584989,0.7359198616733917,0.008318316495741438,0.006285922903561933,0.0008432410027622243,0.006534096960051333,0.000514158152995081,0.24519646664460495,0.006641943333702938,0.24584402640660596,0.006946580198603307,0.0049711041320251665,0.00048401547679498253
37,test_w42-45,3.5,ge5,far,kdA,0.9199170011848742,0.0017484310481780928,0.8761948501130333,0.005613238985522403,0.8950758982585002,0.0007126613462240619,0.5481290782208837,0.015825577304276934,0.8465670472713859,0.005167816696936306,0.0111019661712489,0.0010236784244512303,0.0031064167623082,8.784670255770242e-05,0.24351122975349423,0.012146801560549907,0.23222867151101426,0.01008200367979627,0.004165847326818133,0.00020155017719422923
37,test_w42-45,3.5,ge5,far,kdA4,0.8991391266356351,0.0018677450948801325,0.8485095815235154,0.00034966845777726296,0.8734508675859605,0.0008430502123670947,0.5126009941548874,0.015067456310880809,0.8141298044089025,0.0011859779700518394,0.03547301310011194,0.001885541010547928,0.007772132092697267,0.001104556238429454,0.3332357108592987,0.01574708598171811,0.2549574275811513,0.00875867040707621,0.005815450926387233,0.00032747784145493834
37,test_w42-45,3.5,ge5,far,kdB,0.9189736934273861,0.0011009675052301234,0.8769130275631927,0.0060192022203280045,0.8907970899316516,0.002424368178814922,0.5334839137967325,0.0175332282782344,0.8462552253575192,0.005574858004075351,0.012011051505127032,0.001304273296424109,0.0036043993571646,0.0009414944873126504,0.25576816995938617,0.013123469446051684,0.2424812366565068,0.010768265369234713,0.0042247379063068335,0.00025201972923705613
37,test_w42-45,3.5,ge5,far,kdB4,0.9020927969534002,0.002613551936184141,0.854195290388108,0.0016432010491903904,0.8719296985839994,0.0019365532227997753,0.48441977947248266,0.002159271605295209,0.8207739751011317,0.0022151411145669092,0.0373008604233539,0.0012965150514668692,0.0074212036080919,0.00045490346466457265,0.36218886574109393,0.015924705310523445,0.25729238490263623,0.008058497807735656,0.0057249697959133325,0.0002932987251758517
37,test_w42-45,3.5,ge5,far,ls,0.9127485791741078,0.0008840999299814043,0.8630007364724771,0.0026078034822005903,0.8894343302205879,0.002118262874472223,0.5318080989621282,0.016608618174294838,0.832327389871485,0.001793723291102657,0.0552922723145956,0.000841891079906247,0.006180551098199466,0.0002710365666250613,0.271855890750885,0.005511029629671172,0.23572180171807602,0.00634800776433021,0.005405435615715667,0.00015923755673100261
37,test_w42-45,3.5,ge5,far,teacherA,0.958112623420451,,0.8818767418960135,,0.9141705498223776,,0.3529047457133142,,0.8669785732382512,,0.0060418755226823,,0.0034226499765031,,0.1254077553749084,,0.1192314997315406,,0.0019365479564001,
37,test_w42-45,3.5,ge5,far,teacherA_member,0.9524097587517055,0.0015763226002472913,0.8691394629164249,0.0018365572682465788,0.8997213698777327,0.0013905012424156656,0.41270704813717396,0.025455240679716832,0.8531951252577606,0.0015067639306675464,0.013273532029462501,0.0005417304952050661,0.00437991791717424,0.0006677105586722905,0.15763598382472988,0.005909726515364026,0.13664203584194184,0.004885634337156153,0.00238575057954042,0.00021815229186619017
37,test_w42-45,3.5,ge5,far,teacherB,0.9562707213576996,,0.8899124041285853,,0.901487600826264,,0.3595594307086996,,0.8744950658922886,,0.0141806078139181,,0.0045309519946909,,0.1525788456201553,,0.1254451721906662,,0.0018510852942122,
37,test_w42-45,3.5,ge5,near,direct,0.9205519795225986,0.00113458041050973,0.8912164126285012,0.005071868465566803,0.8751437054399256,0.009762011952035268,0.5291639562618097,0.022206980264573357,0.8615429629124822,0.003975100240661564,0.009610903052640967,0.00044440032568392255,0.0029592914066744,0.00044300578903942625,0.23050443828105918,0.005453487883198485,0.22246030966440833,0.005199293803685512,0.0039904442416959,0.00019133352422631984
37,test_w42-45,3.5,ge5,near,directTS,0.9205519795225986,0.00113458041050973,0.8906945634414695,0.005032196443991909,0.8766251193736537,0.009718033903993683,0.5311773998699006,0.024664858043710925,0.8609206679534612,0.00393616635217817,0.0029592914066744,0.00044300578903942625,,,0.22246030966440833,0.005199293803685512,,,0.003963654958734267,0.00019148347008492216
37,test_w42-45,3.5,ge5,near,enddA,0.9130315178791877,0.0012825804073829656,0.7354344479094354,0.004343525366703903,0.8709379783549956,0.0035832142063974694,0.6613387851191029,0.026959794189504824,0.7086026083133895,0.004268618952379748,0.006285922903561933,0.0008432410027622243,0.006534096960051333,0.000514158152995081,0.24519646664460495,0.006641943333702938,0.24584402640660596,0.006946580198603307,0.0049711041320251665,0.00048401547679498253
37,test_w42-45,3.5,ge5,near,kdA,0.9199170011848742,0.0017484310481780928,0.8980823160710502,0.004955892290258569,0.8766893746187826,0.0007049253304372544,0.5128085989530092,0.007313826516590972,0.8671500048154946,0.00418951452248857,0.0111019661712489,0.0010236784244512303,0.0031064167623082,8.784670255770242e-05,0.24351122975349423,0.012146801560549907,0.23222867151101426,0.01008200367979627,0.004165847326818133,0.00020155017719422923
37,test_w42-45,3.5,ge5,near,kdA4,0.8991391266356351,0.0018677450948801325,0.8091603194544085,0.005016682006558996,0.8492349654123292,0.007994251247875155,0.5504754824520646,0.012705130408737731,0.7774965048194824,0.004619897479127924,0.03547301310011194,0.001885541010547928,0.007772132092697267,0.001104556238429454,0.3332357108592987,0.01574708598171811,0.2549574275811513,0.00875867040707621,0.005815450926387233,0.00032747784145493834
37,test_w42-45,3.5,ge5,near,kdB,0.9189736934273861,0.0011009675052301234,0.8925164826147834,0.0016259760783923238,0.8757372397778461,0.0025580978252501396,0.5124988383979184,0.007872611888730783,0.8609763893179138,0.001324132699474404,0.012011051505127032,0.001304273296424109,0.0036043993571646,0.0009414944873126504,0.25576816995938617,0.013123469446051684,0.2424812366565068,0.010768265369234713,0.0042247379063068335,0.00025201972923705613
37,test_w42-45,3.5,ge5,near,kdB4,0.9020927969534002,0.002613551936184141,0.8249111662950179,0.004942028993786974,0.8508200358383157,0.008842762142491516,0.562803952544683,0.015237480327731937,0.7947752641712155,0.004663859289792642,0.0373008604233539,0.0012965150514668692,0.0074212036080919,0.00045490346466457265,0.36218886574109393,0.015924705310523445,0.25729238490263623,0.008058497807735656,0.0057249697959133325,0.0002932987251758517
37,test_w42-45,3.5,ge5,near,ls,0.9127485791741078,0.0008840999299814043,0.8440919211565671,0.016383788762778708,0.8591045275234235,0.014969810241073864,0.508626831459282,0.024361067602490218,0.8130679970673103,0.015087450666881256,0.0552922723145956,0.000841891079906247,0.006180551098199466,0.0002710365666250613,0.271855890750885,0.005511029629671172,0.23572180171807602,0.00634800776433021,0.005405435615715667,0.00015923755673100261
37,test_w42-45,3.5,ge5,near,teacherA,0.958112623420451,,0.8411721144675506,,0.8961335427766234,,0.5034848062447728,,0.828256013089328,,0.0060418755226823,,0.0034226499765031,,0.1254077553749084,,0.1192314997315406,,0.0019365479564001,
37,test_w42-45,3.5,ge5,near,teacherA_member,0.9524097587517055,0.0015763226002472913,0.8238442040373346,0.010529906267486226,0.8671973610927239,0.00354311911879968,0.5157699098596785,0.01349402095443876,0.8098175961813137,0.010320762639115978,0.013273532029462501,0.0005417304952050661,0.00437991791717424,0.0006677105586722905,0.15763598382472988,0.005909726515364026,0.13664203584194184,0.004885634337156153,0.00238575057954042,0.00021815229186619017
37,test_w42-45,3.5,ge5,near,teacherB,0.9562707213576996,,0.8541971823190774,,0.8625783581260505,,0.4692872409627358,,0.8412092958871511,,0.0141806078139181,,0.0045309519946909,,0.1525788456201553,,0.1254451721906662,,0.0018510852942122,
37,test_w46-49,7.5,all,all,direct,0.8722148759697629,0.0062641481578480694,0.8480537375833334,0.0006291946811287656,0.8647465608,0.002890717801580677,0.6757033333333333,0.008720162460260295,0.7914916854666667,0.0013830626485151804,0.03881379068916036,0.0014804808769609502,0.029621906765003935,0.0012922490040424002,0.5083034137884775,0.012227299085257107,0.47846169273058575,0.009921264845592158,0.011920463334959134,0.0005617196735855484
37,test_w46-49,7.5,all,all,directTS,0.8722148759697629,0.0062641481578480694,0.8470752678166668,0.0006806295975099796,0.8660682756,0.002878943939821293,0.6795300000000001,0.009202869117834895,0.7904795533,0.0014451661635036617,0.029621906765003935,0.0012922490040424002,,,0.47846169273058575,0.009921264845592158,,,0.011888540175938234,0.00055575507170071
37,test_w46-49,7.5,all,all,enddA,0.8562492933785268,0.004340372682560865,0.7360578449833334,0.005863264343410756,0.8575910989000001,0.003045543388027069,0.7483033333333333,0.019067378774580746,0.6867032481666667,0.006138803115623054,0.0247272291519865,0.0019071106185919694,0.03140423245807483,0.0025294355199071664,0.4937635858853658,0.009771320784054235,0.5023658275604248,0.01118897357591938,0.013383995132448265,0.0006893356035447611
37,test_w46-49,7.5,all,all,kdA,0.8716075514125867,0.0071864978132290085,0.84743654615,0.008035175022602937,0.8667833899,0.002600803720816511,0.6784433333333334,0.029057281932991137,0.7906403405333333,0.006754087336361965,0.040034149482746896,0.0018074534141782376,0.02885921708690617,0.0009098478429262024,0.5340612530708313,0.006975158719985835,0.4953903059164683,0.004866002458252164,0.0121179427145992,0.00023476289367082873
37,test_w46-49,7.5,all,all,kdA4,0.8454230800354541,0.002371645738259771,0.82046955235,0.0007263914545312071,0.8459687625000001,0.0013996347240947111,0.67403,0.02122116632044526,0.7610335185666667,0.00177569545283264,0.07216188957790526,0.0026181919626464554,0.0337474846153954,0.0017790056433488008,0.6906348466873169,0.01930961322294571,0.49468841155370075,0.009334788643529554,0.014193072386479266,0.0004537688335815828
37,test_w46-49,7.5,all,all,kdB,0.8671222412617081,0.00892246064272925,0.8473689396499999,0.00526588983424987,0.8621285988833334,0.002463002889306313,0.6755866666666667,0.003908277540468856,0.7893298090666666,0.004181205694337085,0.04163190478963153,0.0018977762840726533,0.0298620212121307,0.0015740652300288338,0.5530151724815369,0.012481543234197381,0.5102231701215109,0.008363823669021353,0.012001923378953132,0.000412937818432392
37,test_w46-49,7.5,all,all,kdB4,0.8463321133083909,0.0041056168354576305,0.8251506466333334,0.002343727267065152,0.8417990436,0.0010691122872984607,0.6535066666666666,0.004600829635330223,0.7649575504,0.0015974736393459194,0.07656804130231337,0.0011746533490974169,0.03434121634287133,0.00118337780587092,0.7499004999796549,0.05493126878771697,0.49787237246831256,0.030308746459914444,0.014528183772640132,0.00014250435665583543
37,test_w46-49,7.5,all,all,ls,0.8646149616181554,0.003599255627001245,0.8285706895500001,0.006795515585820286,0.8567589223666667,0.0024825154953523805,0.6868799999999999,0.0360727029760732,0.7769996156,0.005888127945969146,0.04181846130379783,0.001946777061737471,0.027112272630085466,0.0021453634272464114,0.4779839813709259,0.015090154159637171,0.4767137865225474,0.01966138702471153,0.013225634138812966,0.0009303988198354161
37,test_w46-49,7.5,all,all,teacherA,0.923923930301088,,0.8525109274999999,,0.89099116005,,0.60896,,0.8149290153,,0.034375721129924,,0.0278809552851318,,0.4474090933799743,,0.4036591053009033,,0.007882212034834,
37,test_w46-49,7.5,all,all,teacherA_member,0.9129142752180082,0.006328101952254555,0.8395107843,0.0028177442236541894,0.87490145412,0.001150214827445283,0.62399,0.027635402113955237,0.8000908817599999,0.0029269110341994782,0.04785741767069692,0.002792182811983284,0.033973794040963,0.003068279867963937,0.5416332840919494,0.02896535557806316,0.4352742671966553,0.023873687578592703,0.00921500382516398,0.0009831811159484996
37,test_w46-49,7.5,all,all,teacherB,0.9275119543801412,,0.8611384823000001,,0.87387137085,,0.53393,,0.8210124092,,0.0481162567031383,,0.0329224073852598,,0.551295280456543,,0.4146088361740112,,0.0074490241589772,
37,test_w46-49,7.5,all,far,direct,0.8722148759697629,0.0062641481578480694,0.8478393786591963,0.001052898517007117,0.8675906464641973,0.003862873879244587,0.6755858419671839,0.01087732285320055,0.7911944179747136,0.0014694949001652275,0.03881379068916036,0.0014804808769609502,0.029621906765003935,0.0012922490040424002,0.5083034137884775,0.012227299085257107,0.47846169273058575,0.009921264845592158,0.011920463334959134,0.0005617196735855484
37,test_w46-49,7.5,all,far,directTS,0.8722148759697629,0.0062641481578480694,0.8468209732721181,0.0011017255874130633,0.8689094660167193,0.0038538494269227024,0.679721197029659,0.011417612632855944,0.790152092615649,0.0015370349536883963,0.029621906765003935,0.0012922490040424002,,,0.47846169273058575,0.009921264845592158,,,0.011888540175938234,0.00055575507170071
37,test_w46-49,7.5,all,far,enddA,0.8562492933785268,0.004340372682560865,0.7389748484814799,0.0059541095233482545,0.8596718500896735,0.003024802015127214,0.7459239331821483,0.018854138082737792,0.6892745977292601,0.006387867782302797,0.0247272291519865,0.0019071106185919694,0.03140423245807483,0.0025294355199071664,0.4937635858853658,0.009771320784054235,0.5023658275604248,0.01118897357591938,0.013383995132448265,0.0006893356035447611
37,test_w46-49,7.5,all,far,kdA,0.8716075514125867,0.0071864978132290085,0.8461923190967436,0.008600958205097632,0.8697379849593134,0.002673737175627754,0.6806327537907421,0.0305761821715559,0.7895074247780397,0.007263409737566313,0.040034149482746896,0.0018074534141782376,0.02885921708690617,0.0009098478429262024,0.5340612530708313,0.006975158719985835,0.4953903059164683,0.004866002458252164,0.0121179427145992,0.00023476289367082873
37,test_w46-49,7.5,all,far,kdA4,0.8454230800354541,0.002371645738259771,0.8258121149228511,0.0009180332307233847,0.8496871747483955,0.000989157527196112,0.6721619458401885,0.021958487472568178,0.7657793689136912,0.001891544567399725,0.07216188957790526,0.0026181919626464554,0.0337474846153954,0.0017790056433488008,0.6906348466873169,0.01930961322294571,0.49468841155370075,0.009334788643529554,0.014193072386479266,0.0004537688335815828
37,test_w46-49,7.5,all,far,kdB,0.8671222412617081,0.00892246064272925,0.8469801417544872,0.006029133780015792,0.8648797965486831,0.002640275511842388,0.6779870158744274,0.0029692624882915026,0.7889575700342388,0.004903451424799178,0.04163190478963153,0.0018977762840726533,0.0298620212121307,0.0015740652300288338,0.5530151724815369,0.012481543234197381,0.5102231701215109,0.008363823669021353,0.012001923378953132,0.000412937818432392
37,test_w46-49,7.5,all,far,kdB4,0.8463321133083909,0.0041056168354576305,0.8292067388130494,0.0025276941016011702,0.8451013118450502,0.0008462131779353489,0.6491506958957712,0.006362977236727578,0.7683602445269541,0.0019806411416064193,0.07656804130231337,0.0011746533490974169,0.03434121634287133,0.00118337780587092,0.7499004999796549,0.05493126878771697,0.49787237246831256,0.030308746459914444,0.014528183772640132,0.00014250435665583543
37,test_w46-49,7.5,all,far,ls,0.8646149616181554,0.003599255627001245,0.8312177353187483,0.005423801063606392,0.8601551784946714,0.0039772481622003175,0.691708538989432,0.03637061376378629,0.7797753678835578,0.00478846856623597,0.04181846130379783,0.001946777061737471,0.027112272630085466,0.0021453634272464114,0.4779839813709259,0.015090154159637171,0.4767137865225474,0.01966138702471153,0.013225634138812966,0.0009303988198354161
37,test_w46-49,7.5,all,far,teacherA,0.923923930301088,,0.8581226660811954,,0.8942527702432301,,0.6025279025301259,,0.8199764913957935,,0.034375721129924,,0.0278809552851318,,0.4474090933799743,,0.4036591053009033,,0.007882212034834,
37,test_w46-49,7.5,all,far,teacherA_member,0.9129142752180082,0.006328101952254555,0.8454439648828316,0.002460976603252603,0.8797213031037396,0.0017680290127859086,0.6190715460891991,0.029773690322828842,0.805477433834319,0.002337977789775149,0.04785741767069692,0.002792182811983284,0.033973794040963,0.003068279867963937,0.5416332840919494,0.02896535557806316,0.4352742671966553,0.023873687578592703,0.00921500382516398,0.0009831811159484996
37,test_w46-49,7.5,all,far,teacherB,0.9275119543801412,,0.8652808908244031,,0.8786786886366668,,0.5247787807372494,,0.8245593292276224,,0.0481162567031383,,0.0329224073852598,,0.551295280456543,,0.4146088361740112,,0.0074490241589772,
37,test_w46-49,7.5,all,near,direct,0.8722148759697629,0.0062641481578480694,0.8499735774259922,0.004061070617229665,0.8392743813885569,0.011038228304610632,0.6767556086552502,0.010613662605070814,0.7941540704234701,0.004205417160263595,0.03881379068916036,0.0014804808769609502,0.029621906765003935,0.0012922490040424002,0.5083034137884775,0.012227299085257107,0.47846169273058575,0.009921264845592158,0.011920463334959134,0.0005617196735855484
37,test_w46-49,7.5,all,near,directTS,0.8722148759697629,0.0062641481578480694,0.8493527787733971,0.003981930957974216,0.8406220265830346,0.011061943600294739,0.6778176025487853,0.010700475768755262,0.7934123543077126,0.004134318122337937,0.029621906765003935,0.0012922490040424002,,,0.47846169273058575,0.009921264845592158,,,0.011888540175938234,0.00055575507170071
37,test_w46-49,7.5,all,near,enddA,0.8562492933785268,0.004340372682560865,0.709932599395991,0.0054194579183809745,0.8389554901765566,0.003359089124040508,0.7696136997212265,0.04386558875438042,0.6636737458515863,0.004313549214776519,0.0247272291519865,0.0019071106185919694,0.03140423245807483,0.0025294355199071664,0.4937635858853658,0.009771320784054235,0.5023658275604248,0.01118897357591938,0.013383995132448265,0.0006893356035447611
37,test_w46-49,7.5,all,near,kdA,0.8716075514125867,0.0071864978132290085,0.8585800834660825,0.005388496733081719,0.840321467045002,0.0026247298575044578,0.6588344617018452,0.01665225944716432,0.8007869524093986,0.004420334655383497,0.040034149482746896,0.0018074534141782376,0.02885921708690617,0.0009098478429262024,0.5340612530708313,0.006975158719985835,0.4953903059164683,0.004866002458252164,0.0121179427145992,0.00023476289367082873
37,test_w46-49,7.5,all,near,kdA4,0.8454230800354541,0.002371645738259771,0.7726205321585026,0.003915622470323207,0.8126659456723749,0.008252925895929363,0.6907606531262446,0.02606754867878447,0.7185287680870834,0.0044062003854016055,0.07216188957790526,0.0026181919626464554,0.0337474846153954,0.0017790056433488008,0.6906348466873169,0.01930961322294571,0.49468841155370075,0.009334788643529554,0.014193072386479266,0.0004537688335815828
37,test_w46-49,7.5,all,near,kdB,0.8671222412617081,0.00892246064272925,0.8508510885437408,0.002121620555162902,0.8374883422939069,0.0021166641808570115,0.6540886764901103,0.021664806590797794,0.7926636535908669,0.002287819163762869,0.04163190478963153,0.0018977762840726533,0.0298620212121307,0.0015740652300288338,0.5530151724815369,0.012481543234197381,0.5102231701215109,0.008363823669021353,0.012001923378953132,0.000412937818432392
37,test_w46-49,7.5,all,near,kdB4,0.8463321133083909,0.0041056168354576305,0.7888235032523564,0.005263192612702007,0.8122232926788797,0.006404101505425483,0.6925195805124121,0.011848427131524565,0.7344823659232708,0.0037056030034253763,0.07656804130231337,0.0011746533490974169,0.03434121634287133,0.00118337780587092,0.7499004999796549,0.05493126878771697,0.49787237246831256,0.030308746459914444,0.014528183772640132,0.00014250435665583543
37,test_w46-49,7.5,all,near,ls,0.8646149616181554,0.003599255627001245,0.8048632374220098,0.019636037825369792,0.8263413978494624,0.014381149886757535,0.6436346741006239,0.036354330386644367,0.752139443116952,0.017731430299838723,0.04181846130379783,0.001946777061737471,0.027112272630085466,0.0021453634272464114,0.4779839813709259,0.015090154159637171,0.4767137865225474,0.01966138702471153,0.013225634138812966,0.0009303988198354161
37,test_w46-49,7.5,all,near,teacherA,0.923923930301088,,0.8022511150935883,,0.8617795504778972,,0.6665671047391477,,0.7697228464755077,,0.034375721129924,,0.0278809552851318,,0.4474090933799743,,0.4036591053009033,,0.007882212034834,
37,test_w46-49,7.5,all,near,teacherA_member,0.9129142752180082,0.006328101952254555,0.7863720753683792,0.010570510460109313,0.8317339575866189,0.005142922807499687,0.6680406212664277,0.019934948387755756,0.7518478831142972,0.010291675495293839,0.04785741767069692,0.002792182811983284,0.033973794040963,0.003068279867963937,0.5416332840919494,0.02896535557806316,0.4352742671966553,0.023873687578592703,0.00921500382516398,0.0009831811159484996
37,test_w46-49,7.5,all,near,teacherB,0.9275119543801412,,0.8240382730983671,,0.8308161061330147,,0.6158900836320191,,0.7892455097570689,,0.0481162567031383,,0.0329224073852598,,0.551295280456543,,0.4146088361740112,,0.0074490241589772,
37,test_w46-49,7.5,ge5,all,direct,0.8795995251545542,0.005672537231753444,0.8584803506861883,0.0006393955480085619,0.8702609749051698,0.002945000823998672,0.624564569080019,0.017542223562750075,0.8060856695833163,0.0007371008852474708,0.035295150310419465,0.0013911678940095934,0.02692377075361847,0.0012722919699609879,0.44206708669662476,0.01180980769130732,0.4166745146115621,0.009900971541139792,0.010213150859458467,0.0005238517971660753
37,test_w46-49,7.5,ge5,all,directTS,0.8795995251545542,0.005672537231753444,0.8576238583687977,0.0006264924042419946,0.871800482658529,0.0029246316669535497,0.6261004364154503,0.014619248950236308,0.8051983385213037,0.0007699192975312441,0.02692377075361847,0.0012722919699609879,,,0.4166745146115621,0.009900971541139792,,,0.010158348068321067,0.0005205608096286798
37,test_w46-49,7.5,ge5,all,enddA,0.8642528031609144,0.00397494595685369,0.7423632296501138,0.005402165807817802,0.860558617538495,0.003816975213823211,0.723833868559829,0.019371543998979092,0.6982297289584292,0.005441055953470663,0.018930512930894598,0.0018642253139735088,0.025375308526826134,0.0024483651576489907,0.4245868921279907,0.007595819882840801,0.4304667115211487,0.00844441269036042,0.0107179428146121,0.0002948819710229397
37,test_w46-49,7.5,ge5,all,kdA,0.8790739845314675,0.006913405266064226,0.8577665693497752,0.007282037022734291,0.8720753198939805,0.0020954888553399104,0.6268916408003694,0.027304399383179054,0.8051900632794778,0.006170963591044438,0.0363520650292766,0.0020301052509443854,0.026084501276652166,0.001257910747457472,0.46369678775469464,0.0047034134435843,0.4309308131535848,0.0024726575659051475,0.010335655271601801,6.870293647863378e-05
37,test_w46-49,7.5,ge5,all,kdA4,0.8542454697184043,0.0024862804101060476,0.8254598061257128,0.0009506692237489055,0.8502181165040428,0.0007158468995526174,0.6390532756219547,0.02243109926145002,0.7713406982531626,0.00183365465648316,0.06497808660124033,0.0023331993153616793,0.029696646529988532,0.0014926463478000048,0.5961230397224426,0.016404989718658548,0.43075306216875714,0.007467498048995255,0.0120816282364965,0.0003240986409153439
37,test_w46-49,7.5,ge5,all,kdB,0.8743431394664305,0.008911697871043027,0.8575603035207132,0.005982641987971994,0.867664071139909,0.002019546450949734,0.6223305802284826,0.006935579322684547,0.8037682415723996,0.004595659559497234,0.0380961588133397,0.0023016635826995594,0.027340238714740433,0.001719967493161357,0.48220961292584735,0.016336874168894493,0.4456172287464142,0.011976269313592238,0.010296508799062467,0.0003763520081686942
37,test_w46-49,7.5,ge5,all,kdB4,0.8550324258421753,0.004000401958362055,0.8314591663646366,0.0020296915701071613,0.8463349195277758,0.001443170992083304,0.6137418955252202,0.0063646800459140306,0.7768197053672967,0.001299184866421723,0.06864609972095344,0.00108774609708677,0.02986838001715497,0.001382565636060683,0.6450631817181905,0.05172717976811755,0.43238979578018183,0.028590176656040762,0.012275068902559602,8.101711838232852e-05
37,test_w46-49,7.5,ge5,all,ls,0.872312099003055,0.0028973040954593603,0.8336139512934277,0.006646663327960904,0.8599999447568157,0.002747967927954003,0.673966511647889,0.0394872224593321,0.7879832649384025,0.005603512155325566,0.04690538868256277,0.0019612921114846877,0.0207748926793581,0.0021087078240888575,0.4188081622123718,0.012121876107936967,0.40174045165379835,0.015831584024117207,0.0104087897625361,0.0005233875293355028
37,test_w46-49,7.5,ge5,all,teacherA,0.9290653165402069,,0.8586602633996975,,0.893757815667694,,0.5773572341499565,,0.8252826654875709,,0.0287773221418577,,0.0227180955145492,,0.3549546897411346,,0.3230327069759369,,0.0063640554070541,
37,test_w46-49,7.5,ge5,all,teacherA_member,0.9182939449682207,0.006341900467530505,0.8450111029123445,0.002367183210046773,0.877877539036216,0.0013043065550059566,0.5880331231808564,0.026313443845124962,0.8098180525159829,0.0024887010062261397,0.04237436343423018,0.0028899073552239645,0.02961369533995198,0.003153377455015636,0.4435025632381439,0.022671901976466024,0.35944927930831905,0.019023947187339324,0.007732569459706839,0.0009825147814681292
37,test_w46-49,7.5,ge5,all,teacherB,0.9331920700663228,,0.8672146131583078,,0.8780129677297327,,0.5037107843663742,,0.8321591948560944,,0.0420755083106933,,0.0282769326328981,,0.4368750154972076,,0.3317440748214721,,0.0057846819024285,
37,test_w46-49,7.5,ge5,far,direct,0.8795995251545542,0.005672537231753444,0.857899422759984,0.0007034073451193372,0.8729911470095618,0.003973393020132048,0.6241592488623368,0.01823028621900149,0.8054252748870135,0.00036393924606249625,0.035295150310419465,0.0013911678940095934,0.02692377075361847,0.0012722919699609879,0.44206708669662476,0.01180980769130732,0.4166745146115621,0.009900971541139792,0.010213150859458467,0.0005238517971660753
37,test_w46-49,7.5,ge5,far,directTS,0.8795995251545542,0.005672537231753444,0.8570057473597275,0.0006763382508142752,0.8745193414471538,0.003967521893045676,0.6260027031998529,0.015341246165470487,0.8045106881067806,0.00041468752105695757,0.02692377075361847,0.0012722919699609879,,,0.4166745146115621,0.009900971541139792,,,0.010158348068321067,0.0005205608096286798
37,test_w46-49,7.5,ge5,far,enddA,0.8642528031609144,0.00397494595685369,0.745834380201538,0.005390108369260136,0.8627024770177153,0.003848533537015008,0.7200308708622248,0.01857658689675903,0.701288493379795,0.005579072835263974,0.018930512930894598,0.0018642253139735088,0.025375308526826134,0.0024483651576489907,0.4245868921279907,0.007595819882840801,0.4304667115211487,0.00844441269036042,0.0107179428146121,0.0002948819710229397
37,test_w46-49,7.5,ge5,far,kdA,0.8790739845314675,0.006913405266064226,0.8561443720886898,0.007812832459580516,0.8749359175603372,0.0021169235086220253,0.6294416852611627,0.02841732413535936,0.8036960247364854,0.00665376351890099,0.0363520650292766,0.0020301052509443854,0.026084501276652166,0.001257910747457472,0.46369678775469464,0.0047034134435843,0.4309308131535848,0.0024726575659051475,0.010335655271601801,6.870293647863378e-05
37,test_w46-49,7.5,ge5,far,kdA4,0.8542454697184043,0.0024862804101060476,0.8308681778972294,0.0010722784696187062,0.8538940949251246,0.0006085272047114929,0.6370514327758983,0.02301703546291143,0.7761399189402963,0.001929150101165649,0.06497808660124033,0.0023331993153616793,0.029696646529988532,0.0014926463478000048,0.5961230397224426,0.016404989718658548,0.43075306216875714,0.007467498048995255,0.0120816282364965,0.0003240986409153439
37,test_w46-49,7.5,ge5,far,kdB,0.8743431394664305,0.008911697871043027,0.8568500619333407,0.006839340604653441,0.8703209912865382,0.002182383253133569,0.6237633660436511,0.007379116479908403,0.803075073408067,0.00539687815404186,0.0380961588133397,0.0023016635826995594,0.027340238714740433,0.001719967493161357,0.48220961292584735,0.016336874168894493,0.4456172287464142,0.011976269313592238,0.010296508799062467,0.0003763520081686942
37,test_w46-49,7.5,ge5,far,kdB4,0.8550324258421753,0.004000401958362055,0.8355680924843095,0.002215690068101302,0.8495836615046012,0.0012576486308625127,0.608036021337684,0.007088696905639797,0.780269329937433,0.001658987320135761,0.06864609972095344,0.00108774609708677,0.02986838001715497,0.001382565636060683,0.6450631817181905,0.05172717976811755,0.43238979578018183,0.028590176656040762,0.012275068902559602,8.101711838232852e-05
37,test_w46-49,7.5,ge5,far,ls,0.872312099003055,0.0028973040954593603,0.836643392343477,0.005198888368184646,0.8636889970937521,0.004396216048260861,0.6780233051016898,0.04015128222706023,0.7910735810381647,0.004409805865671132,0.04690538868256277,0.0019612921114846877,0.0207748926793581,0.0021087078240888575,0.4188081622123718,0.012121876107936967,0.40174045165379835,0.015831584024117207,0.0104087897625361,0.0005233875293355028
37,test_w46-49,7.5,ge5,far,teacherA,0.9290653165402069,,0.8644545560664244,,0.8969796596079413,,0.5694354471076561,,0.8305122254410781,,0.0287773221418577,,0.0227180955145492,,0.3549546897411346,,0.3230327069759369,,0.0063640554070541,
37,test_w46-49,7.5,ge5,far,teacherA_member,0.9182939449682207,0.006341900467530505,0.8511532446621386,0.001985662537189502,0.8826242895753295,0.0019137149266700165,0.5816574294008973,0.02847853587798453,0.8154209440795832,0.001817694339540004,0.04237436343423018,0.0028899073552239645,0.02961369533995198,0.003153377455015636,0.4435025632381439,0.022671901976466024,0.35944927930831905,0.019023947187339324,0.007732569459706839,0.0009825147814681292
37,test_w46-49,7.5,ge5,far,teacherB,0.9331920700663228,,0.8714507215288938,,0.8827608215292528,,0.4941697257611747,,0.8358350320583392,,0.0420755083106933,,0.0282769326328981,,0.4368750154972076,,0.3317440748214721,,0.0057846819024285,
37,test_w46-49,7.5,ge5,near,direct,0.8795995251545542,0.005672537231753444,0.8634475257885116,0.004903539511851152,0.8469168692248016,0.011563232642244006,0.6280302253222553,0.02213291633127794,0.81173231858264,0.004895643836232323,0.035295150310419465,0.0013911678940095934,0.02692377075361847,0.0012722919699609879,0.44206708669662476,0.01180980769130732,0.4166745146115621,0.009900971541139792,0.010213150859458467,0.0005238517971660753
37,test_w46-49,7.5,ge5,near,directTS,0.8795995251545542,0.005672537231753444,0.8629089642764892,0.00487114659093817,0.8485531105278309,0.011571840576898794,0.6269360960098472,0.022293409144285632,0.8110780352341798,0.004850532232182592,0.02692377075361847,0.0012722919699609879,,,0.4166745146115621,0.009900971541139792,,,0.010158348068321067,0.0005205608096286798
37,test_w46-49,7.5,ge5,near,enddA,0.8642528031609144,0.00397494595685369,0.7126834504250028,0.005630343164367429,0.8422277283735703,0.00368981076829945,0.756351078743119,0.043459735176800414,0.6720760224617406,0.004484843939772784,0.018930512930894598,0.0018642253139735088,0.025375308526826134,0.0024483651576489907,0.4245868921279907,0.007595819882840801,0.4304667115211487,0.00844441269036042,0.0107179428146121,0.0002948819710229397
37,test_w46-49,7.5,ge5,near,kdA,0.8790739845314675,0.006913405266064226,0.8716370298369593,0.005382288368964395,0.8476160214764864,0.0027122849941522966,0.6050877013026977,0.020343162379833118,0.817964713486346,0.004476770985922383,0.0363520650292766,0.0020301052509443854,0.026084501276652166,0.001257910747457472,0.46369678775469464,0.0047034134435843,0.4309308131535848,0.0024726575659051475,0.010335655271601801,6.870293647863378e-05
37,test_w46-49,7.5,ge5,near,kdA4,0.8542454697184043,0.0024862804101060476,0.7792159806943785,0.0044392946024253335,0.8187869739022838,0.007713099071804661,0.6561698635757515,0.02577604557907668,0.7303053676512469,0.004758852546360685,0.06497808660124033,0.0023331993153616793,0.029696646529988532,0.0014926463478000048,0.5961230397224426,0.016404989718658548,0.43075306216875714,0.007467498048995255,0.0120816282364965,0.0003240986409153439
37,test_w46-49,7.5,ge5,near,kdB,0.8743431394664305,0.008911697871043027,0.8636331641464384,0.0022988197512599823,0.8449463001292709,0.0023532459535623835,0.6100796662905598,0.013109636098947625,0.8096951173383683,0.002335911144285313,0.0380961588133397,0.0023016635826995594,0.027340238714740433,0.001719967493161357,0.48220961292584735,0.016336874168894493,0.4456172287464142,0.011976269313592238,0.010296508799062467,0.0003763520081686942
37,test_w46-49,7.5,ge5,near,kdB4,0.8550324258421753,0.004000401958362055,0.7963261410816642,0.004948160971729077,0.8185568260100613,0.006505401833082832,0.6625294902041236,0.019225833887808932,0.7473239822246751,0.003796178383588543,0.06864609972095344,0.00108774609708677,0.02986838001715497,0.001382565636060683,0.6450631817181905,0.05172717976811755,0.43238979578018183,0.028590176656040762,0.012275068902559602,8.101711838232852e-05
37,test_w46-49,7.5,ge5,near,ls,0.872312099003055,0.0028973040954593603,0.807710971803222,0.01978001477417342,0.8284570147432411,0.014969067639469829,0.6392792423154511,0.035000699993193184,0.7615597784839983,0.01799820671407225,0.04690538868256277,0.0019612921114846877,0.0207748926793581,0.0021087078240888575,0.4188081622123718,0.012121876107936967,0.40174045165379835,0.015831584024117207,0.0104087897625361,0.0005233875293355028
37,test_w46-49,7.5,ge5,near,teacherA,0.9290653165402069,,0.8091166539922683,,0.8662097115368976,,0.6450918042876193,,0.7805677553835157,,0.0287773221418577,,0.0227180955145492,,0.3549546897411346,,0.3230327069759369,,0.0063640554070541,
37,test_w46-49,7.5,ge5,near,teacherA_member,0.9182939449682207,0.006341900467530505,0.7924932393387119,0.01087671681466354,0.8372908499973992,0.00503025182498571,0.6425479536362704,0.021055474656777037,0.7619110020535158,0.010599998727952762,0.04237436343423018,0.0028899073552239645,0.02961369533995198,0.003153377455015636,0.4435025632381439,0.022671901976466024,0.35944927930831905,0.019023947187339324,0.007732569459706839,0.0009825147814681292
37,test_w46-49,7.5,ge5,near,teacherB,0.9331920700663228,,0.8309941267950611,,0.837416845356115,,0.5852907990563134,,0.8007292597340595,,0.0420755083106933,,0.0282769326328981,,0.4368750154972076,,0.3317440748214721,,0.0057846819024285,
37,test_w51-51,11.0,all,all,direct,0.8224705296909246,0.009608733183226865,0.8356293187085523,0.0016233115713866239,0.8564772253072963,0.003035999794034916,0.7915586253317729,0.009923684726860466,0.769915722404522,0.0014645931298656425,0.06048090415050583,0.0027930180417676106,0.05006021961068106,0.003014149243385427,0.8048292795817057,0.06139753354160235,0.7498333056767782,0.05641867369781304,0.018354249883203368,0.0008075111417252332
37,test_w51-51,11.0,all,all,directTS,0.8224705296909246,0.009608733183226865,0.8346097285007305,0.001578280638440254,0.857334436617025,0.002935652089742676,0.7966069284135324,0.009620234189239586,0.7689529905841499,0.0014856291758550688,0.05006021961068106,0.003014149243385427,,,0.7498333056767782,0.05641867369781304,,,0.018267153407672033,0.0008101366732002871
37,test_w51-51,11.0,all,all,enddA,0.8043126797988512,0.0036014573821305006,0.7220265695633218,0.010078077247400319,0.8460624466294928,0.004064458584926769,0.798756281695312,0.026724746137101116,0.6555213253325379,0.007432438082368834,0.04076434150951597,0.001155501079271173,0.0480810038436949,0.0008553512753962045,0.7063878377278646,0.03470584311382177,0.7212095459302267,0.0374978129842602,0.0202860797142513,0.00033599431449924365
37,test_w51-51,11.0,all,all,kdA,0.8222913583129463,0.011431072021140996,0.8367746362162203,0.008037861680666237,0.8576414396077622,0.004424328681306615,0.7860513856062171,0.015812554226064264,0.7697893860957494,0.008057332410232708,0.0616212923353165,0.0035592478026360555,0.049170289050638666,0.00222799358815227,0.8010572989781698,0.041233248498001494,0.73613307873408,0.035307491108721806,0.018530234813246,0.0004542113563460029
37,test_w51-51,11.0,all,all,kdA4,0.800111208809882,0.002517048122735693,0.8041740217000544,0.0017482107232656967,0.8377157147555779,0.001908016075249708,0.7955666720209275,0.035569965922314206,0.735775323665068,0.0021612891991532753,0.09398599848320084,0.0015327894376717089,0.04775323493885494,0.0035731498220440273,1.0180665850639343,0.02572836608988314,0.7141277392705282,0.012537729105850631,0.020989899469521466,0.00033190799640914355
37,test_w51-51,11.0,all,all,kdB,0.8146176495039089,0.006894126281655338,0.8361482883575423,0.005408030947511034,0.8547396486457544,0.0017216563850379232,0.790518368939168,0.008262038716391168,0.7687663496179352,0.004226386940906955,0.0633454521859437,0.0029971663920940867,0.050027133001138736,0.0021033168128027943,0.847413698832194,0.05680622217163316,0.7736557920773824,0.047820710325846186,0.0185724258306883,0.0008278521379870229
37,test_w51-51,11.0,all,all,kdB4,0.7983818911381423,0.0056988222234028,0.8118738046612665,0.003978653197444918,0.8376347607410297,0.0026969849209837397,0.7681605054422237,0.0405097732534565,0.7400310216694587,0.000829927728412956,0.10283456797619657,0.0030163612030907087,0.052716982277234335,0.002681727036817524,1.1205763816833496,0.08733346915509373,0.7235202590624491,0.047084916005046405,0.0215914071505484,0.00043241970151289337
37,test_w51-51,11.0,all,all,ls,0.8131745787599048,0.003703376192988222,0.8161312797830759,0.007143525464552877,0.8424975357014465,0.0038575853881093105,0.7783947925988817,0.017506889069187202,0.7526933030435149,0.007003614067596954,0.03592591364552573,0.002852932344790878,0.046762917448009,0.002117300866538942,0.6808979511260986,0.015795692147748355,0.7204418182373047,0.02149679496654139,0.020432954238689433,0.0008983335973179401
37,test_w51-51,11.0,all,all,teacherA,0.8729290771880711,,0.8279637979301957,,0.8730224576057275,,0.8133045733036555,,0.7815980238188118,,0.0445571018239855,,0.0361491979435085,,0.6153941750526428,,0.5594413876533508,,0.0126233684553541,
37,test_w51-51,11.0,all,all,teacherA_member,0.8567192329877766,0.007374160650814993,0.8173401062667798,0.005262877454431674,0.861206518254205,0.0019261355479913017,0.8049014433557448,0.02767512302207592,0.7680380194589137,0.0028267120041437816,0.06918304553414875,0.003226907338448307,0.05049640512751038,0.003398811811629434,0.7714017868041992,0.017226241548442295,0.6224526166915894,0.013299013824702307,0.014643984175440699,0.0008388733318247635
37,test_w51-51,11.0,all,all,teacherB,0.8722651243958667,,0.8411769800821497,,0.8651015587783106,,0.7658734711673053,,0.7912496218362056,,0.0702719279879331,,0.0492548288571834,,0.7806811928749084,,0.5901150107383728,,0.0128634047550414,
37,test_w51-51,11.0,all,far,direct,0.8224705296909246,0.009608733183226865,0.8360853262017603,0.001158049950347766,0.8613037686752426,0.0019432063872903843,0.7942315504400813,0.011152886910806577,0.7701503125253892,0.0016858986444828242,0.06048090415050583,0.0027930180417676106,0.05006021961068106,0.003014149243385427,0.8048292795817057,0.06139753354160235,0.7498333056767782,0.05641867369781304,0.018354249883203368,0.0008075111417252332
37,test_w51-51,11.0,all,far,directTS,0.8224705296909246,0.009608733183226865,0.8349982508688782,0.001136197099661036,0.8621505727826676,0.0018342672899196756,0.7991153238546603,0.010792624781016207,0.769135927781539,0.0017338362375909422,0.05006021961068106,0.003014149243385427,,,0.7498333056767782,0.05641867369781304,,,0.018267153407672033,0.0008101366732002871
37,test_w51-51,11.0,all,far,enddA,0.8043126797988512,0.0036014573821305006,0.7275704788083953,0.011169199317573267,0.8497058649063417,0.004319843170193863,0.7973459715639809,0.024980809529456048,0.6603618396750169,0.008339863797289397,0.04076434150951597,0.001155501079271173,0.0480810038436949,0.0008553512753962045,0.7063878377278646,0.03470584311382177,0.7212095459302267,0.0374978129842602,0.0202860797142513,0.00033599431449924365
37,test_w51-51,11.0,all,far,kdA,0.8222913583129463,0.011431072021140996,0.8358207716993907,0.008932163688648817,0.8629030716768223,0.004140350551265921,0.7918302866170165,0.01810422657930257,0.7690522867072896,0.00887051355319992,0.0616212923353165,0.0035592478026360555,0.049170289050638666,0.00222799358815227,0.8010572989781698,0.041233248498001494,0.73613307873408,0.035307491108721806,0.018530234813246,0.0004542113563460029
37,test_w51-51,11.0,all,far,kdA4,0.800111208809882,0.002517048122735693,0.8138695642067253,0.0024797497114019875,0.8447144842699165,0.0005689174869083957,0.8010020311442112,0.03273982698363319,0.7444924706838186,0.001362327500915458,0.09398599848320084,0.0015327894376717089,0.04775323493885494,0.0035731498220440273,1.0180665850639343,0.02572836608988314,0.7141277392705282,0.012537729105850631,0.020989899469521466,0.00033190799640914355
37,test_w51-51,11.0,all,far,kdB,0.8146176495039089,0.006894126281655338,0.8355328147145115,0.006175842700681142,0.8592169884901829,0.002341275414351818,0.7979778830963665,0.006232157919633716,0.7684068535319342,0.0050887292283706975,0.0633454521859437,0.0029971663920940867,0.050027133001138736,0.0021033168128027943,0.847413698832194,0.05680622217163316,0.7736557920773824,0.047820710325846186,0.0185724258306883,0.0008278521379870229
37,test_w51-51,11.0,all,far,kdB4,0.7983818911381423,0.0056988222234028,0.8203960726698263,0.003230280855299607,0.8444881180771834,0.0015491524774154818,0.7689189799142406,0.04140836035535593,0.7472991180320468,0.0009421423618417049,0.10283456797619657,0.0030163612030907087,0.052716982277234335,0.002681727036817524,1.1205763816833496,0.08733346915509373,0.7235202590624491,0.047084916005046405,0.0215914071505484,0.00043241970151289337
37,test_w51-51,11.0,all,far,ls,0.8131745787599048,0.003703376192988222,0.8200969482735273,0.006678467987647037,0.8478835920559694,0.006590541603022814,0.7896908147145113,0.017226941453386508,0.7571998419318439,0.006355535816841706,0.03592591364552573,0.002852932344790878,0.046762917448009,0.002117300866538942,0.6808979511260986,0.015795692147748355,0.7204418182373047,0.02149679496654139,0.020432954238689433,0.0008983335973179401
37,test_w51-51,11.0,all,far,teacherA,0.8729290771880711,,0.8395208170616114,,0.8790092419769804,,0.8066892349356805,,0.7917116035206501,,0.0445571018239855,,0.0361491979435085,,0.6153941750526428,,0.5594413876533508,,0.0126233684553541,
37,test_w51-51,11.0,all,far,teacherA_member,0.8567192329877766,0.007374160650814993,0.8295908029248477,0.005679948859305258,0.8702258245091402,0.0024182674683072805,0.7993392010832769,0.02905958211522325,0.7788869335138795,0.002426003687545835,0.06918304553414875,0.003226907338448307,0.05049640512751038,0.003398811811629434,0.7714017868041992,0.017226241548442295,0.6224526166915894,0.013299013824702307,0.014643984175440699,0.0008388733318247635
37,test_w51-51,11.0,all,far,teacherB,0.8722651243958667,,0.850510109817197,,0.8747067707515235,,0.7541503046716317,,0.7992490989844279,,0.0702719279879331,,0.0492548288571834,,0.7806811928749084,,0.5901150107383728,,0.0128634047550414,
37,test_w51-51,11.0,all,near,direct,0.8224705296909246,0.009608733183226865,0.833098799218515,0.006871441030045782,0.8296933188057309,0.013404991841236074,0.7767257789800621,0.029822246421716544,0.7686139129345756,0.0038343084703977223,0.06048090415050583,0.0027930180417676106,0.05006021961068106,0.003014149243385427,0.8048292795817057,0.06139753354160235,0.7498333056767782,0.05641867369781304,0.018354249883203368,0.0008075111417252332
37,test_w51-51,11.0,all,near,directTS,0.8224705296909246,0.009608733183226865,0.8324537037871957,0.00686795302782207,0.8306082827372007,0.013486336161718657,0.7826871055004508,0.030794970878492655,0.7679378183548743,0.0037810093319693453,0.05006021961068106,0.003014149243385427,,,0.7498333056767782,0.05641867369781304,,,0.018267153407672033,0.0008101366732002871
37,test_w51-51,11.0,all,near,enddA,0.8043126797988512,0.0036014573821305006,0.6912617891493839,0.006881175935098146,0.8258440486925158,0.003241088252248346,0.8065825067628495,0.043769745124129504,0.6286598897906021,0.004928370609073598,0.04076434150951597,0.001155501079271173,0.0480810038436949,0.0008553512753962045,0.7063878377278646,0.03470584311382177,0.7212095459302267,0.0374978129842602,0.0202860797142513,0.00033599431449924365
37,test_w51-51,11.0,all,near,kdA,0.8222913583129463,0.011431072021140996,0.8420679105300071,0.0031206672184086134,0.8284430981364593,0.006084941208475522,0.7539825668770664,0.021694799499835632,0.7738797670574091,0.0036578692747602356,0.0616212923353165,0.0035592478026360555,0.049170289050638666,0.00222799358815227,0.8010572989781698,0.041233248498001494,0.73613307873408,0.035307491108721806,0.018530234813246,0.0004542113563460029
37,test_w51-51,11.0,all,near,kdA4,0.800111208809882,0.002517048122735693,0.7503706091573991,0.003320600207255052,0.7988774874762048,0.010418573882158283,0.7654042681094079,0.054856693415391816,0.6874013149984971,0.0066141163523115,0.09398599848320084,0.0015327894376717089,0.04775323493885494,0.0035731498220440273,1.0180665850639343,0.02572836608988314,0.7141277392705282,0.012537729105850631,0.020989899469521466,0.00033190799640914355
37,test_w51-51,11.0,all,near,kdB,0.8146176495039089,0.006894126281655338,0.8395637323414489,0.002888624040715331,0.8298935750425809,0.0051234351617748825,0.7491233343352369,0.03488124960042755,0.7707612989680394,0.0008013008490195551,0.0633454521859437,0.0029971663920940867,0.050027133001138736,0.0021033168128027943,0.847413698832194,0.05680622217163316,0.7736557920773824,0.047820710325846186,0.0185724258306883,0.0008278521379870229
37,test_w51-51,11.0,all,near,kdB4,0.7983818911381423,0.0056988222234028,0.764581236850015,0.008477950591855098,0.7996034683398457,0.009202413321018274,0.7639515078649434,0.03560255726900283,0.6996982206191764,0.00470574087937624,0.10283456797619657,0.0030163612030907087,0.052716982277234335,0.002681727036817524,1.1205763816833496,0.08733346915509373,0.7235202590624491,0.047084916005046405,0.0215914071505484,0.00043241970151289337
37,test_w51-51,11.0,all,near,ls,0.8131745787599048,0.003703376192988222,0.7941246207794811,0.016418140317125886,0.8126087273319307,0.011952649073083431,0.7157098487125539,0.019129604220402666,0.7276851953712052,0.015584647911370958,0.03592591364552573,0.002852932344790878,0.046762917448009,0.002117300866538942,0.6808979511260986,0.015795692147748355,0.7204418182373047,0.02149679496654139,0.020432954238689433,0.0008983335973179401
37,test_w51-51,11.0,all,near,teacherA,0.8729290771880711,,0.763830504959423,,0.8398000330628194,,0.850015028554253,,0.7254748001202285,,0.0445571018239855,,0.0361491979435085,,0.6153941750526428,,0.5594413876533508,,0.0126233684553541,
37,test_w51-51,11.0,all,near,teacherA_member,0.8567192329877766,0.007374160650814993,0.7493573929966937,0.011914140167955199,0.8111557392545837,0.004402718986904108,0.8357679591223324,0.03306920587551533,0.7078342094980463,0.011314862936511301,0.06918304553414875,0.003226907338448307,0.05049640512751038,0.003398811811629434,0.7714017868041992,0.017226241548442295,0.6224526166915894,0.013299013824702307,0.014643984175440699,0.0008388733318247635
37,test_w51-51,11.0,all,near,teacherB,0.8722651243958667,,0.7893847024346258,,0.811799416892095,,0.8309287646528404,,0.7468581740306582,,0.0702719279879331,,0.0492548288571834,,0.7806811928749084,,0.5901150107383728,,0.0128634047550414,
37,test_w51-51,11.0,ge5,all,direct,0.827738552268618,0.009530916518150525,0.848339822806289,0.002494792990710837,0.8616077293906308,0.0036086749124391256,0.7717845364602418,0.007489661703567444,0.7858451317981192,0.0015239958321656606,0.057669910983452095,0.003162052689505437,0.0480983582788982,0.0033420019461957323,0.7523436546325684,0.06544643257813895,0.7004551291465759,0.059915902992813755,0.01640728577886433,0.0006670124822873962
37,test_w51-51,11.0,ge5,all,directTS,0.827738552268618,0.009530916518150525,0.847521004074615,0.0025173593311907235,0.8627867347968055,0.0034318253038373913,0.7760270347298563,0.009239008216386466,0.7850898369370728,0.0015316247370169593,0.0480983582788982,0.0033420019461957323,,,0.7004551291465759,0.059915902992813755,,,0.01629026385287,0.0006667698268082695
37,test_w51-51,11.0,ge5,all,enddA,0.8099735783243426,0.0026545609094636865,0.727756357584013,0.010886575162333852,0.847056774377807,0.004287657020036222,0.7845364602418469,0.029843807323752632,0.6653831393101313,0.008015345289699551,0.035418562539345104,0.0011364756758330341,0.0425315950295479,0.0008209008755020859,0.6489524841308594,0.03472455696850978,0.6614112655321757,0.03724746512475148,0.017503683954544134,0.0003302157066849886
37,test_w51-51,11.0,ge5,all,kdA,0.828435495639298,0.01243125130793983,0.8487923997577861,0.006895563460836817,0.8625187703018846,0.0040782879550268466,0.7607019258173527,0.009120756899883854,0.7852234089565976,0.007232819927518243,0.05877664057820597,0.004009006859011462,0.04725329684264473,0.0027390396197775387,0.7455718914667765,0.040358264205580495,0.6847852865854899,0.03440848735076674,0.016566672788490864,0.0003586668903314703
37,test_w51-51,11.0,ge5,all,kdA4,0.8057112390618748,0.0034335405239323187,0.8094399880093688,0.001458238819095975,0.8411360824657743,0.0013841968760736868,0.7803183909449941,0.03720122171420486,0.7452345839445101,0.0022816994242640678,0.08808728069949806,0.002068611411443066,0.0450433850659974,0.0036762859707215527,0.9393605589866638,0.029021210468921654,0.6601218581199646,0.014160644967262917,0.018802556657543767,0.0004376890901839458
37,test_w51-51,11.0,ge5,all,kdB,0.8205953700301439,0.006905686363429389,0.8478380888718987,0.006164060915722641,0.8599355679177179,0.0013401831250257426,0.7716705345873539,0.01241252268495422,0.7839650122722279,0.004452294543998453,0.06055761737090403,0.003774151327381804,0.04826312590689089,0.0028183205367189744,0.7928994099299113,0.06056517021057377,0.7233304977416992,0.05090777741213471,0.0166540555695262,0.0008351667806379653
37,test_w51-51,11.0,ge5,all,kdB4,0.8038721732556536,0.006093872779469668,0.8178908811511137,0.0036885275223724266,0.8413716787777344,0.0031669545553708422,0.7496274581653841,0.0360262005159353,0.7505763288430837,0.0005626309717812195,0.09670554582605667,0.0031576684660900387,0.04993158317254063,0.0027737680301254844,1.038701852162679,0.08325526921087868,0.670804500579834,0.045259822669884577,0.019268340307467,0.00044932284433593726
37,test_w51-51,11.0,ge5,all,ls,0.8191841276298703,0.003426393597436321,0.8196187935608528,0.006952001411127642,0.8435473834976998,0.0036928886053210984,0.7760188917389357,0.021308959461144236,0.7613706482109318,0.006733772484311074,0.03791048633523437,0.0030742090832753944,0.0407303176752705,0.002048519929666384,0.6310340762138367,0.014125151782269389,0.656533420085907,0.0198544973180466,0.017640912809530732,0.0009270144328907839
37,test_w51-51,11.0,ge5,all,teacherA,0.87753662009661,,0.8338897181788714,,0.8746773281098177,,0.8013924514474167,,0.7904914144569688,,0.0389115462987214,,0.031860707603535,,0.5246802568435669,,0.4805417060852051,,0.0110636855389436,
37,test_w51-51,11.0,ge5,all,teacherA_member,0.8617847625396902,0.007244371068961875,0.8228288375848376,0.005127575425830076,0.8634993220833238,0.002130556456550233,0.7927152803224624,0.027127933734842114,0.7765305803789199,0.0028948631073635097,0.06433781713121932,0.0033028396373087805,0.046677927800983884,0.0034559513022015256,0.6801190495491027,0.01890410348874093,0.5519017934799194,0.014127577648183988,0.01312279718687848,0.0008684812180482706
37,test_w51-51,11.0,ge5,all,teacherB,0.8777943939078844,,0.8467340252568992,,0.868138586352019,,0.7509466226945157,,0.8007106527484348,,0.0647175376031302,,0.0450712295876994,,0.6707525253295898,,0.5105706453323364,,0.0111477182798801,
37,test_w51-51,11.0,ge5,far,direct,0.827738552268618,0.009530916518150525,0.8484349044275161,0.0015328515944069059,0.866161051398164,0.002345853562557964,0.7744355813391346,0.005591743124146184,0.7856834636736346,0.001129157770761691,0.057669910983452095,0.003162052689505437,0.0480983582788982,0.0033420019461957323,0.7523436546325684,0.06544643257813895,0.7004551291465759,0.059915902992813755,0.01640728577886433,0.0006670124822873962
37,test_w51-51,11.0,ge5,far,directTS,0.827738552268618,0.009530916518150525,0.8475562839063137,0.0015433453392679865,0.8673191531456487,0.0021485408003737087,0.7784481508339377,0.006757524661519988,0.7848849651679588,0.001144422136035198,0.0480983582788982,0.0033420019461957323,,,0.7004551291465759,0.059915902992813755,,,0.01629026385287,0.0006667698268082695
37,test_w51-51,11.0,ge5,far,enddA,0.8099735783243426,0.0026545609094636865,0.7338983499194955,0.012277228435508644,0.8505533988655958,0.004531878831873391,0.7823737007493352,0.028142046672115305,0.6706935153233786,0.009202608173166208,0.035418562539345104,0.0011364756758330341,0.0425315950295479,0.0008209008755020859,0.6489524841308594,0.03472455696850978,0.6614112655321757,0.03724746512475148,0.017503683954544134,0.0003302157066849886
37,test_w51-51,11.0,ge5,far,kdA,0.828435495639298,0.01243125130793983,0.8474863557982815,0.0077825394483255934,0.8675293532387102,0.003767109454905577,0.7665941503504955,0.008168329185109156,0.7841360646666948,0.008049484068430094,0.05877664057820597,0.004009006859011462,0.04725329684264473,0.0027390396197775387,0.7455718914667765,0.040358264205580495,0.6847852865854899,0.03440848735076674,0.016566672788490864,0.0003586668903314703
37,test_w51-51,11.0,ge5,far,kdA4,0.8057112390618748,0.0034335405239323187,0.8191051762785633,0.002351500548445134,0.8478258989082939,0.0004259927964761416,0.7846555474981871,0.034752179343828134,0.7539024477870102,0.001439471837173424,0.08808728069949806,0.002068611411443066,0.0450433850659974,0.0036762859707215527,0.9393605589866638,0.029021210468921654,0.6601218581199646,0.014160644967262917,0.018802556657543767,0.0004376890901839458
37,test_w51-51,11.0,ge5,far,kdB,0.8205953700301439,0.006905686363429389,0.8469165020624928,0.007039690469652038,0.8641878460244737,0.0017649244582857908,0.7793763596809282,0.007342089899942583,0.7832789432518222,0.005410053037129738,0.06055761737090403,0.003774151327381804,0.04826312590689089,0.0028183205367189744,0.7928994099299113,0.06056517021057377,0.7233304977416992,0.05090777741213471,0.0166540555695262,0.0008351667806379653
37,test_w51-51,11.0,ge5,far,kdB4,0.8038721732556536,0.006093872779469668,0.8262805173281021,0.002897715282881137,0.8478857379262675,0.0021366724647223796,0.7488034807831762,0.036578955045780764,0.7577452410419413,0.0005862520834340152,0.09670554582605667,0.0031576684660900387,0.04993158317254063,0.0027737680301254844,1.038701852162679,0.08325526921087868,0.670804500579834,0.045259822669884577,0.019268340307467,0.00044932284433593726
37,test_w51-51,11.0,ge5,far,ls,0.8191841276298703,0.003426393597436321,0.824074458424693,0.006554908796087908,0.849078248622659,0.0065694654066783655,0.7860962049794536,0.021213080521359742,0.7662287403977789,0.005981203032563139,0.03791048633523437,0.0030742090832753944,0.0407303176752705,0.002048519929666384,0.6310340762138367,0.014125151782269389,0.656533420085907,0.0198544973180466,0.017640912809530732,0.0009270144328907839
37,test_w51-51,11.0,ge5,far,teacherA,0.87753662009661,,0.8455676315520921,,0.8805036200819962,,0.795736040609137,,0.8006967719485993,,0.0389115462987214,,0.031860707603535,,0.5246802568435669,,0.4805417060852051,,0.0110636855389436,
37,test_w51-51,11.0,ge5,far,teacherA_member,0.8617847625396902,0.007244371068961875,0.8352959548436601,0.005422108332016847,0.8722933928681954,0.002679734946340626,0.7869876722262509,0.028545263599806157,0.7875759549780282,0.0023372638369707163,0.06433781713121932,0.0033028396373087805,0.046677927800983884,0.0034559513022015256,0.6801190495491027,0.01890410348874093,0.5519017934799194,0.014127577648183988,0.01312279718687848,0.0008684812180482706
37,test_w51-51,11.0,ge5,far,teacherB,0.8777943939078844,,0.8561187826602873,,0.8773995007297386,,0.7390572878897752,,0.8087944668440662,,0.0647175376031302,,0.0450712295876994,,0.6707525253295898,,0.5105706453323364,,0.0111477182798801,
37,test_w51-51,11.0,ge5,near,direct,0.827738552268618,0.009530916518150525,0.847832401925205,0.00773027951602747,0.8373080736306134,0.013886352254335356,0.7576367389060888,0.03697530793621814,0.7867079040259218,0.0045413508982511805,0.057669910983452095,0.003162052689505437,0.0480983582788982,0.0033420019461957323,0.7523436546325684,0.06544643257813895,0.7004551291465759,0.059915902992813755,0.01640728577886433,0.0006670124822873962
37,test_w51-51,11.0,ge5,near,directTS,0.827738552268618,0.009530916518150525,0.8473327266446136,0.007808212575625822,0.838598635326779,0.013904081541133363,0.7631062951496389,0.03938840217882779,0.7861831735067647,0.004552259852054208,0.0480983582788982,0.0033420019461957323,,,0.7004551291465759,0.059915902992813755,,,0.01629026385287,0.0006667698268082695
37,test_w51-51,11.0,ge5,near,enddA,0.8099735783243426,0.0026545609094636865,0.694978465050614,0.00645923615118004,0.828396382858222,0.003384940521680299,0.796078431372549,0.046861942860197674,0.6370433230474841,0.00455966272334147,0.035418562539345104,0.0011364756758330341,0.0425315950295479,0.0008209008755020859,0.6489524841308594,0.03472455696850978,0.6614112655321757,0.03724746512475148,0.017503683954544134,0.0003302157066849886
37,test_w51-51,11.0,ge5,near,kdA,0.828435495639298,0.01243125130793983,0.8557623479782089,0.002201388366384184,0.8357788559447554,0.0057637976868298154,0.7292569659442725,0.027002069406719533,0.7910262254263182,0.0029974791830285467,0.05877664057820597,0.004009006859011462,0.04725329684264473,0.0027390396197775387,0.7455718914667765,0.040358264205580495,0.6847852865854899,0.03440848735076674,0.016566672788490864,0.0003586668903314703
37,test_w51-51,11.0,ge5,near,kdA4,0.8057112390618748,0.0034335405239323187,0.7578599004582118,0.0035497665345596966,0.8054346239741556,0.009917519417959595,0.7571723426212591,0.05490979230594825,0.6989769050017559,0.006844307476447044,0.08808728069949806,0.002068611411443066,0.0450433850659974,0.0036762859707215527,0.9393605589866638,0.029021210468921654,0.6601218581199646,0.014160644967262917,0.018802556657543767,0.0004376890901839458
37,test_w51-51,11.0,ge5,near,kdB,0.8205953700301439,0.006905686363429389,0.8527563094994948,0.0031611642315762588,0.8372424893216796,0.005596247644673812,0.730546955624355,0.043405896631789766,0.7876263481048107,0.0011985603312749502,0.06055761737090403,0.003774151327381804,0.04826312590689089,0.0028183205367189744,0.7928994099299113,0.06056517021057377,0.7233304977416992,0.05090777741213471,0.0166540555695262,0.0008351667806379653
37,test_w51-51,11.0,ge5,near,kdB4,0.8038721732556536,0.006093872779469668,0.7731180162592137,0.008142051435258769,0.8066081820059566,0.00926412954620286,0.7540247678018576,0.034920418547203236,0.7123180861100153,0.004747389140047878,0.09670554582605667,0.0031576684660900387,0.04993158317254063,0.0027737680301254844,1.038701852162679,0.08325526921087868,0.670804500579834,0.045259822669884577,0.019268340307467,0.00044932284433593726
37,test_w51-51,11.0,ge5,near,ls,0.8191841276298703,0.003426393597436321,0.7958403034399706,0.016389741087123114,0.8140308857913569,0.012424827670072367,0.7222394220846233,0.021833943250641766,0.7354445293035706,0.015872490747992823,0.03791048633523437,0.0030742090832753944,0.0407303176752705,0.002048519929666384,0.6310340762138367,0.014125151782269389,0.656533420085907,0.0198544973180466,0.017640912809530732,0.0009270144328907839
37,test_w51-51,11.0,ge5,near,teacherA,0.87753662009661,,0.7715683461135793,,0.8435842296979211,,0.8315789473684211,,0.736028612673074,,0.0389115462987214,,0.031860707603535,,0.5246802568435669,,0.4805417060852051,,0.0110636855389436,
37,test_w51-51,11.0,ge5,near,teacherA_member,0.8617847625396902,0.007244371068961875,0.756295731161013,0.012366881330763014,0.8165681161532232,0.00427145044847231,0.82328173374613,0.034550584236878935,0.7175848699603035,0.011642592843112025,0.06433781713121932,0.0033028396373087805,0.046677927800983884,0.0034559513022015256,0.6801190495491027,0.01890410348874093,0.5519017934799194,0.014127577648183988,0.01312279718687848,0.0008684812180482706
37,test_w51-51,11.0,ge5,near,teacherB,0.8777943939078844,,0.7966505095476408,,0.818715982145845,,0.8143962848297214,,0.7575698646761607,,0.0647175376031302,,0.0450712295876994,,0.6707525253295898,,0.5105706453323364,,0.0111477182798801,
