model,split,flows,unknown,temperature,n_known,n_unknown,accuracy,macro_f1,auroc_maha,fpr95_maha,oscr_maha,auroc_knnfeat,fpr95_knnfeat,oscr_knnfeat,ece,nll,brier,aurc,start,weeks_since
teacherA_0,val,all,all,,200000,54382,0.973895,0.964975240727112,0.7943237712386452,0.8603765951969402,0.7777759882865654,0.8388734122044059,0.8001912397484462,0.8211911664705234,0.0061215185807645366,0.09568238258361816,0.03884413483873209,0.0010244379211508839,37,1.0
teacherA_0,val,all,near,,200000,12295,0.973895,0.964975240727112,0.7370472389182594,0.8681577877185848,0.722510615697438,0.7697274597397316,0.8292801952013014,0.7543310366002439,0.0061215185807645366,0.09568238258361816,0.03884413483873209,0.0010244379211508839,37,1.0
teacherA_0,val,all,far,,200000,42087,0.973895,0.964975240727112,0.81105613431701,0.8581034523724665,0.7939208253142299,0.8590732241547272,0.7916933970109535,0.8407232142942003,0.0061215185807645366,0.09568238258361816,0.03884413483873209,0.0010244379211508839,37,1.0
teacherA_0,val,ge5,all,,190477,52884,0.9763856003611985,0.9679794722174861,0.7969111436614493,0.859882005899705,0.7817535757348456,0.842430361574469,0.8047046365630437,0.8267835036990406,0.0055271653887073325,0.08418101072311401,0.03510927026114311,0.0008567323821499017,37,1.0
teacherA_0,val,ge5,near,,190477,11763,0.9763856003611985,0.9679794722174861,0.739954533336564,0.8657655360027204,0.7265624075191024,0.7764886424761898,0.8309954943466803,0.7627225511478518,0.0055271653887073325,0.08418101072311401,0.03510927026114311,0.0008567323821499017,37,1.0
teacherA_0,val,ge5,far,,190477,41121,0.9763856003611985,0.9679794722174861,0.8132040501387144,0.8581989737603658,0.797541462987631,0.8612935322598381,0.7971839206244984,0.8451086656566689,0.0055271653887073325,0.08418101072311401,0.03510927026114311,0.0008567323821499017,37,1.0
teacherA_0,test_w42-45,all,all,,100000,100000,0.96161,0.9480148798750451,0.8073355815999999,0.82928,0.7846287606,0.8342960997000001,0.74228,0.8102313623000001,0.015566449426114525,0.18588006496429443,0.057772138996089385,0.002555987019437973,37,3.5
teacherA_0,test_w42-45,all,near,,100000,11103,0.96161,0.9480148798750451,0.8232105795730883,0.8153652166081239,0.7995287832117446,0.8782613014500587,0.7105286859407367,0.8519504007925787,0.015566449426114525,0.18588006496429443,0.057772138996089385,0.002555987019437973,37,3.5
teacherA_0,test_w42-45,all,far,,100000,88897,0.96161,0.9480148798750451,0.8053528363724309,0.8310179196148352,0.7827677872144166,0.8288049623721836,0.7462456550839736,0.8050207648177105,0.015566449426114525,0.18588006496429443,0.057772138996089385,0.002555987019437973,37,3.5
teacherA_0,test_w42-45,ge5,all,,95189,93109,0.9653111178812678,0.9508784679443725,0.8081016231759941,0.8246463821972098,0.7874257292330069,0.8399000971933551,0.7364486784306565,0.8186395894954194,0.013958399635273226,0.16421474516391754,0.052042556138314454,0.0022326410481882638,37,3.5
teacherA_0,test_w42-45,ge5,near,,95189,10761,0.9653111178812678,0.9508784679443725,0.8240810402886747,0.8128426726140693,0.8025311137660072,0.8785101341709871,0.7127590372641948,0.8556406860633226,0.013958399635273226,0.16421474516391754,0.052042556138314454,0.0022326410481882638,37,3.5
teacherA_0,test_w42-45,ge5,far,,95189,82348,0.9653111178812678,0.9508784679443725,0.8060134788670912,0.8261888570457084,0.7854518009899455,0.834854648513165,0.7395443726623597,0.8138043925244279,0.013958399635273226,0.16421474516391754,0.052042556138314454,0.0022326410481882638,37,3.5
teacherA_0,test_w46-49,all,all,,100000,100000,0.91555,0.9041283118607416,0.78152007745,0.85673,0.7319732076000001,0.8075757845999998,0.79501,0.7545762952999999,0.05171580977901817,0.5779874324798584,0.13651460089536419,0.008659137948926417,37,7.5
teacherA_0,test_w46-49,all,near,,100000,10044,0.91555,0.9041283118607416,0.8000177732974911,0.8270609318996416,0.7478613779370769,0.8580688953604141,0.7387495021903624,0.7984773337315811,0.05171580977901817,0.5779874324798584,0.13651460089536419,0.008659137948926417,37,7.5
teacherA_0,test_w46-49,all,far,,100000,89956,0.91555,0.9041283118607416,0.77945472486549,0.8600426875361288,0.7301992205078038,0.8019379971875139,0.8012917426297301,0.7496745429987994,0.05171580977901817,0.5779874324798584,0.13651460089536419,0.008659137948926417,37,7.5
teacherA_0,test_w46-49,ge5,all,,94953,93107,0.9230987962465641,0.9092483023051683,0.7838377884859933,0.850838282835877,0.7375237985419842,0.814050972725113,0.7914227716498222,0.7664801623732819,0.04649601245147288,0.47859883308410645,0.12370649264222598,0.007125878881825776,37,7.5
teacherA_0,test_w46-49,ge5,near,,94953,9749,0.9230987962465641,0.9092483023051683,0.8023139681447984,0.8240845214893835,0.7536833099790881,0.8581592721012732,0.7423325469278901,0.805451761760822,0.04649601245147288,0.47859883308410645,0.12370649264222598,0.007125878881825776,37,7.5
teacherA_0,test_w46-49,ge5,far,,94953,83358,0.9230987962465641,0.9092483023051683,0.7816769367921704,0.8539672257011924,0.7356338890311954,0.8088923579476689,0.7971640394443245,0.7619223020307939,0.04649601245147288,0.47859883308410645,0.12370649264222598,0.007125878881825776,37,7.5
teacherA_0,test_w51-51,all,all,,100000,43579,0.88263,0.8509007483972238,0.7777922623281855,0.8711076435898024,0.7192240182197847,0.7995510537185342,0.8285412698776934,0.7366081041327245,0.06902143625453114,0.7876647114753723,0.18478893562974671,0.01373382398156839,37,11.0
teacherA_0,test_w51-51,all,near,,100000,6654,0.88263,0.8509007483972238,0.8072839667868952,0.8297264803125939,0.7427778990081154,0.8612123226630598,0.7508265704839194,0.7866324045686804,0.06902143625453114,0.7876647114753723,0.18478893562974671,0.01373382398156839,37,11.0
teacherA_0,test_w51-51,all,far,,100000,36925,0.88263,0.8509007483972238,0.7724777653351388,0.8785646580907245,0.7149795355450238,0.788439501015572,0.8425457007447529,0.7275935693974274,0.06902143625453114,0.7876647114753723,0.18478893562974671,0.01373382398156839,37,11.0
teacherA_0,test_w51-51,ge5,all,,93905,40935,0.8893349661892338,0.8556394515943369,0.7788467148426405,0.8665933797483816,0.7233066355657397,0.8043224552344211,0.8302430682789789,0.746275957628967,0.06433915155306263,0.6944056153297424,0.17357127743385498,0.01218795617578262,37,11.0
teacherA_0,test_w51-51,ge5,near,,93905,6460,0.8893349661892338,0.8556394515943369,0.8075815160008724,0.8273993808049536,0.7467625571130035,0.8594372631058034,0.7582043343653251,0.7917907664075889,0.06433915155306263,0.6944056153297424,0.17357127743385498,0.01218795617578262,37,11.0
teacherA_0,test_w51-51,ge5,far,,93905,34475,0.8893349661892338,0.8556394515943369,0.7734623257061015,0.8739376359680928,0.71891141429829,0.793994923433141,0.8437418419144308,0.7377472944031543,0.06433915155306263,0.6944056153297424,0.17357127743385498,0.01218795617578262,37,11.0
teacherA_1,val,all,all,,200000,54382,0.974675,0.9655539039478699,0.7971661704240373,0.8513662608951491,0.7804911565407671,0.8402157464786142,0.8023059100437645,0.822745555882461,0.005580639473535102,0.09575002640485764,0.03827143279527897,0.0010250486988762244,37,1.0
teacherA_1,val,all,near,,200000,12295,0.974675,0.9655539039478699,0.726861365392436,0.8932899552663685,0.7126991581943881,0.7565490679137861,0.8645790971939813,0.7419350024400162,0.005580639473535102,0.09575002640485764,0.03827143279527897,0.0010250486988762244,37,1.0
teacherA_1,val,all,far,,200000,42087,0.974675,0.9655539039478699,0.8177045214080357,0.8391189678523059,0.8002954338631882,0.8646575411647303,0.7841138593865089,0.8463529822748116,0.005580639473535102,0.09575002640485764,0.03827143279527897,0.0010250486988762244,37,1.0
teacherA_1,val,ge5,all,,190477,52884,0.9771783469920253,0.968452452029083,0.8005595533315647,0.8525830118750473,0.7853994358639474,0.8439629262475339,0.8090159594584373,0.828515110022491,0.005253577304434863,0.08446043729782104,0.034649031736497374,0.0008654679779036186,37,1.0
teacherA_1,val,ge5,near,,190477,11763,0.9771783469920253,0.968452452029083,0.7301429663899701,0.8947547394372184,0.7171662533696155,0.7631897114615789,0.8643203264473349,0.750164853115365,0.005253577304434863,0.08446043729782104,0.034649031736497374,0.0008654679779036186,37,1.0
teacherA_1,val,ge5,far,,190477,41121,0.9771783469920253,0.968452452029083,0.8207027967398958,0.8405194426205589,0.8049180984859855,0.8670687681659501,0.7931956907662752,0.8509278449267619,0.005253577304434863,0.08446043729782104,0.034649031736497374,0.0008654679779036186,37,1.0
teacherA_1,test_w42-45,all,all,,100000,100000,0.96265,0.9486948864362084,0.80770712925,0.83085,0.7849751797,0.8334382396,0.75892,0.8098451767,0.014539745798259925,0.1847202181816101,0.056520336984168515,0.0025587625273867168,37,3.5
teacherA_1,test_w42-45,all,near,,100000,11103,0.96265,0.9486948864362084,0.843624315950644,0.8260830406196523,0.818721506799964,0.8857855908313067,0.689273169413672,0.8591126614428533,0.014539745798259925,0.1847202181816101,0.056520336984168515,0.0025587625273867168,37,3.5
teacherA_1,test_w42-45,all,far,,100000,88897,0.96265,0.9486948864362084,0.8032211676996974,0.8314453806090194,0.7807603527678099,0.8269001939885486,0.7676187047931876,0.8036917982609085,0.014539745798259925,0.1847202181816101,0.056520336984168515,0.0025587625273867168,37,3.5
teacherA_1,test_w42-45,ge5,all,,95189,93109,0.966361659435439,0.9516565069964432,0.8124091690039718,0.8295116476387889,0.7919309270827048,0.8401859770365706,0.7545027870560311,0.8194321748014955,0.013365172622266807,0.16285164654254913,0.051207659635663476,0.002269545899239874,37,3.5
teacherA_1,test_w42-45,ge5,near,,95189,10761,0.966361659435439,0.9516565069964432,0.8440421737851918,0.8293838862559242,0.8219533290124748,0.8862734297796474,0.6950097574574854,0.8631112519434909,0.013365172622266807,0.16285164654254913,0.051207659635663476,0.002269545899239874,37,3.5
teacherA_1,test_w42-45,ge5,far,,95189,82348,0.966361659435439,0.9516565069964432,0.8082754588416035,0.8295283431291591,0.788007685872642,0.8341634011516887,0.7622771652013407,0.8137243185193146,0.013365172622266807,0.16285164654254913,0.051207659635663476,0.002269545899239874,37,3.5
teacherA_1,test_w46-49,all,all,,100000,100000,0.91852,0.9095433934998363,0.78320133625,0.86357,0.7354757260999999,0.80733081155,0.79904,0.7570364524,0.047410927239656425,0.5396532416343689,0.13072506463523226,0.008533429029663543,37,7.5
teacherA_1,test_w46-49,all,near,,100000,10044,0.91852,0.9095433934998363,0.8208731247510952,0.8619076065312624,0.7682794464356829,0.8661118035643169,0.7307845479888491,0.8078803225806451,0.047410927239656425,0.5396532416343689,0.13072506463523226,0.008533429029663543,37,7.5
teacherA_1,test_w46-49,all,far,,100000,89956,0.91852,0.9095433934998363,0.7789951082751567,0.8637556138556628,0.7318130402641291,0.8007676441815998,0.8066610342834275,0.7513595010894215,0.047410927239656425,0.5396532416343689,0.13072506463523226,0.008533429029663543,37,7.5
teacherA_1,test_w46-49,ge5,all,,94953,93107,0.9261950649268585,0.9153264590656915,0.7887647437207446,0.8637159397252623,0.7448254858927114,0.8148222894619299,0.7968896001374762,0.7702490295082509,0.0418394223768441,0.4381898045539856,0.11747660872271963,0.00704840232060183,37,7.5
teacherA_1,test_w46-49,ge5,near,,94953,9749,0.9261950649268585,0.9153264590656915,0.821531527887527,0.8666529900502615,0.774113363384577,0.8660289806533705,0.7349471740691353,0.8151034133911992,0.0418394223768441,0.4381898045539856,0.11747660872271963,0.00704840232060183,37,7.5
teacherA_1,test_w46-49,ge5,far,,94953,83358,0.9261950649268585,0.9153264590656915,0.7849325575017617,0.8633724417572398,0.7414001695743234,0.8088334937563546,0.8041339763430024,0.7650031576246303,0.0418394223768441,0.4381898045539856,0.11747660872271963,0.00704840232060183,37,7.5
teacherA_1,test_w51-51,all,all,,100000,43579,0.88345,0.8519633022803962,0.7827408813878245,0.8794143968425159,0.7230639732439936,0.8003643502604465,0.8396245898253746,0.738423679065605,0.06773013072147967,0.7550547122955322,0.18492743766119402,0.013915487709604994,37,11.0
teacherA_1,test_w51-51,all,near,,100000,6654,0.88345,0.8519633022803962,0.8273408979561166,0.8701532912533815,0.7588791493838294,0.8687805305079651,0.7643522693116922,0.7928321265404269,0.06773013072147967,0.7550547122955322,0.18492743766119402,0.013915487709604994,37,11.0
teacherA_1,test_w51-51,all,far,,100000,36925,0.88345,0.8519633022803962,0.7747038194989844,0.8810832769126608,0.7166099669600542,0.7880355415030467,0.8531888964116452,0.7286191073798239,0.06773013072147967,0.7550547122955322,0.18492743766119402,0.013915487709604994,37,11.0
teacherA_1,test_w51-51,ge5,all,,93905,40935,0.8904318193919386,0.8574788432628705,0.7863289084452477,0.8798827409307438,0.7302635751665709,0.8062144869141462,0.8397703676560401,0.7496355320442897,0.06249729045936271,0.6622178554534912,0.1732162947555352,0.012377740055156308,37,11.0
teacherA_1,test_w51-51,ge5,near,,93905,6460,0.8904318193919386,0.8574788432628705,0.8262788317947969,0.8739938080495356,0.7634211062065723,0.8670924974733208,0.7695046439628483,0.7986009096539335,0.06249729045936271,0.6622178554534912,0.1732162947555352,0.012377740055156308,37,11.0
teacherA_1,test_w51-51,ge5,far,,93905,34475,0.8904318193919386,0.8574788432628705,0.7788430054767754,0.8809862218999275,0.724050445347328,0.794807033739026,0.8529369108049311,0.7404602937742883,0.06249729045936271,0.6622178554534912,0.1732162947555352,0.012377740055156308,37,11.0
teacherA_2,val,all,all,,200000,54382,0.974555,0.9653385815792574,0.8160305803390827,0.8187267845978449,0.7989797786032143,0.8547646136589313,0.7521606413886948,0.8368620586775035,0.005823421863615556,0.09716355800628662,0.03849880019218403,0.0010485187587702112,37,1.0
teacherA_2,val,all,near,,200000,12295,0.974555,0.9653385815792574,0.7459084623830826,0.8385522570150468,0.7314145246034973,0.7765637405449369,0.8108174054493696,0.7615024278161855,0.005823421863615556,0.09716355800628662,0.03849880019218403,0.0010485187587702112,37,1.0
teacherA_2,val,all,far,,200000,42087,0.974555,0.9653385815792574,0.8365155624064438,0.8129351106042246,0.8187178164278754,0.8776096664053032,0.7350250671228645,0.8588770909069309,0.005823421863615556,0.09716355800628662,0.03849880019218403,0.0010485187587702112,37,1.0
teacherA_2,val,ge5,all,,190477,52884,0.9769998477506471,0.9681234654342068,0.8182046979618921,0.8188677104606308,0.8027260283394986,0.8586273290857802,0.7565048029649799,0.8427943197720874,0.005182250523015567,0.08464730530977249,0.034713709480461576,0.0008795482159319422,37,1.0
teacherA_2,val,ge5,near,,190477,11763,0.9769998477506471,0.9681234654342068,0.7471346030826806,0.8380515174700331,0.7339084482826169,0.7829294249409158,0.8089773017087478,0.7695290081933754,0.005182250523015567,0.08464730530977249,0.034713709480461576,0.0008795482159319422,37,1.0
teacherA_2,val,ge5,far,,190477,41121,0.9769998477506471,0.9681234654342068,0.8385348826865866,0.8133800248048443,0.8224118626871338,0.8802813366842346,0.741494613457844,0.8637524642749057,0.005182250523015567,0.08464730530977249,0.034713709480461576,0.0008795482159319422,37,1.0
teacherA_2,test_w42-45,all,all,,100000,100000,0.96308,0.9491301747284145,0.8060269263,0.82586,0.7838204314,0.83434360235,0.74228,0.8111162752,0.014861442858576813,0.18302471935749054,0.056761467729108256,0.0028403814113863585,37,3.5
teacherA_2,test_w42-45,all,near,,100000,11103,0.96308,0.9491301747284145,0.8452487791587859,0.7415113032513735,0.8204608862469602,0.8871476591912096,0.6520760154913087,0.8608691155543547,0.014861442858576813,0.18302471935749054,0.056761467729108256,0.0028403814113863585,37,3.5
teacherA_2,test_w42-45,all,far,,100000,88897,0.96308,0.9491301747284145,0.8011282206936118,0.8363949289627322,0.7792441355726291,0.8277485154167182,0.7535462389056998,0.804902277129712,0.014861442858576813,0.18302471935749054,0.056761467729108256,0.0028403814113863585,37,3.5
teacherA_2,test_w42-45,ge5,all,,95189,93109,0.9666978327327738,0.951960698513011,0.8071260964086475,0.8224231814325146,0.7869943672284794,0.8402024227411301,0.7372112255528467,0.8197062896602081,0.013339596854836272,0.15790262818336487,0.0509154439531526,0.0025018240789491555,37,3.5
teacherA_2,test_w42-45,ge5,near,,95189,10761,0.9666978327327738,0.951960698513011,0.844591782938094,0.7479788123780318,0.8223417550615477,0.8865172840898339,0.6561657838490846,0.8636953632005998,0.013339596854836272,0.15790262818336487,0.0509154439531526,0.0025018240789491555,37,3.5
teacherA_2,test_w42-45,ge5,far,,95189,82348,0.9666978327327738,0.951960698513011,0.8022301881565543,0.8321513576528877,0.7823752721627625,0.8341501297531595,0.7478020109778015,0.8139579239395086,0.013339596854836272,0.15790262818336487,0.0509154439531526,0.0025018240789491555,37,3.5
teacherA_2,test_w46-49,all,all,,100000,100000,0.92124,0.9168447677900542,0.7775919911,0.85979,0.7323006030999999,0.80637619855,0.78417,0.7568527542000001,0.0460431757305563,0.5620744228363037,0.12680052372893735,0.009506666443899107,37,7.5
teacherA_2,test_w46-49,all,near,,100000,10044,0.92124,0.9168447677900542,0.8202706790123457,0.7829549980087614,0.769045763639984,0.8672659050179212,0.6813022700119474,0.8098122092791716,0.0460431757305563,0.5620744228363037,0.12680052372893735,0.009506666443899107,37,7.5
teacherA_2,test_w46-49,all,far,,100000,89956,0.92124,0.9168447677900542,0.7728267198408111,0.8683689803904131,0.7281978373871671,0.7995775835408423,0.7956556538752279,0.7509395881319757,0.0460431757305563,0.5620744228363037,0.12680052372893735,0.009506666443899107,37,7.5
teacherA_2,test_w46-49,ge5,all,,94953,93107,0.9290596400324371,0.9219648651648353,0.7803854558830866,0.8578946803140473,0.7383960268041104,0.81341257302815,0.7807361422879053,0.7695193938364622,0.04046755560592943,0.4499724805355072,0.11324904270059721,0.00796930072604269,37,7.5
teacherA_2,test_w46-49,ge5,near,,94953,9749,0.9290596400324371,0.9219648651648353,0.8206158311899182,0.7955687762847472,0.7738144534165434,0.866187881494852,0.6864293773720381,0.8161168953466738,0.04046755560592943,0.4499724805355072,0.11324904270059721,0.00796930072604269,37,7.5
teacherA_2,test_w46-49,ge5,far,,94953,83358,0.9290596400324371,0.9219648651648353,0.7756803774399104,0.8651839055639531,0.7342537220337871,0.8072403222274844,0.7917656373713381,0.7640696584514595,0.04046755560592943,0.4499724805355072,0.11324904270059721,0.00796930072604269,37,7.5
teacherA_2,test_w51-51,all,all,,100000,43579,0.88536,0.8592560403179965,0.7750337328759265,0.8764772023222194,0.7193877241331834,0.8001431382087703,0.8096330801532848,0.7387846572890613,0.06761037241451442,0.781214714050293,0.18155263808302083,0.014600068538803593,37,11.0
teacherA_2,test_w51-51,all,near,,100000,6654,0.88536,0.8592560403179965,0.8269420431319507,0.8201082055906221,0.761278310790502,0.871014683648933,0.7021340547039375,0.7964343432521791,0.06761037241451442,0.781214714050293,0.18155263808302083,0.014600068538803593,37,11.0
teacherA_2,test_w51-51,all,far,,100000,36925,0.88536,0.8592560403179965,0.7656796937034529,0.8866350710900474,0.7118389099526067,0.7873718649966147,0.8290047393364929,0.7283960043331077,0.06761037241451442,0.781214714050293,0.18155263808302083,0.014600068538803593,37,11.0
teacherA_2,test_w51-51,ge5,all,,93905,40935,0.8924231936531601,0.8646502686593148,0.7770211009365782,0.8781482838646635,0.7243874502717862,0.8057351738452576,0.8114083302797117,0.7495936051580422,0.06255542554759061,0.6769896149635315,0.1696993082064302,0.013028589999679282,37,11.0
teacherA_2,test_w51-51,ge5,near,,93905,6460,0.8924231936531601,0.8646502686593148,0.8254102459784549,0.8346749226006192,0.7644800777678119,0.8680307464414254,0.7128482972136223,0.801135567317144,0.06255542554759061,0.6769896149635315,0.1696993082064302,0.013028589999679282,37,11.0
teacherA_2,test_w51-51,ge5,far,,93905,34475,0.8924231936531601,0.8646502686593148,0.7679538383703555,0.8862944162436548,0.7168748070919653,0.7940620948323138,0.8298767222625091,0.7399355609071996,0.06255542554759061,0.6769896149635315,0.1696993082064302,0.013028589999679282,37,11.0
teacherA_3,val,all,all,,200000,54382,0.97386,0.9640053444116806,0.8124712309679674,0.8086131440550182,0.7953859333051376,0.8509992719557943,0.7457246883159869,0.8328101874701186,0.007021575756072951,0.09853968024253845,0.039727940160059066,0.0010971813339351265,37,1.0
teacherA_3,val,all,near,,200000,12295,0.97386,0.9640053444116806,0.7494576681577878,0.8968686457909719,0.7349230455469702,0.7577828261488411,0.8573403822692152,0.7430628019520131,0.007021575756072951,0.09853968024253845,0.039727940160059066,0.0010971813339351265,37,1.0
teacherA_3,val,all,far,,200000,42087,0.97386,0.9640053444116806,0.8308795697602585,0.7828308028607408,0.8130491358376695,0.8782308684391855,0.7131180649606766,0.8590283570936393,0.007021575756072951,0.09853968024253845,0.039727940160059066,0.0010971813339351265,37,1.0
teacherA_3,val,ge5,all,,190477,52884,0.9762963507405094,0.9667502362450363,0.8160735872380824,0.8083541335753726,0.800336913436509,0.8547138045266893,0.7510021934800696,0.8385311781587624,0.006592036475802427,0.08731722086668015,0.03606329654737857,0.0009212486046892672,37,1.0
teacherA_3,val,ge5,near,,190477,11763,0.9762963507405094,0.9667502362450363,0.7521063529295353,0.8996004420640993,0.7386775814823036,0.762748759082885,0.8625350675847998,0.7496372903868359,0.006592036475802427,0.08731722086668015,0.03606329654737857,0.0009212486046892672,37,1.0
teacherA_3,val,ge5,far,,190477,41121,0.9762963507405094,0.9667502362450363,0.8343719403221865,0.7822523771309063,0.817975072084823,0.8810211615840438,0.7190972982174558,0.8639600053239862,0.006592036475802427,0.08731722086668015,0.03606329654737857,0.0009212486046892672,37,1.0
teacherA_3,test_w42-45,all,all,,100000,100000,0.9634,0.951620584895264,0.8052252013,0.80816,0.7829467114,0.83081483475,0.74157,0.8075782292000002,0.014878059277683538,0.17446191608905792,0.05670686249183983,0.002552529424081387,37,3.5
teacherA_3,test_w42-45,all,near,,100000,11103,0.9634,0.951620584895264,0.8337869985589481,0.7697018823741331,0.809694847338557,0.8758298527425019,0.6996307304332162,0.850399369539764,0.014878059277683538,0.17446191608905792,0.05670686249183983,0.002552529424081387,37,3.5
teacherA_3,test_w42-45,all,far,,100000,88897,0.9634,0.951620584895264,0.8016579084221065,0.8129633170973148,0.7796059400204732,0.8251925781522436,0.7468081037605319,0.802229982114132,0.014878059277683538,0.17446191608905792,0.05670686249183983,0.002552529424081387,37,3.5
teacherA_3,test_w42-45,ge5,all,,95189,93109,0.9671285547699839,0.9545121574297109,0.807744460936444,0.7983116562308692,0.7874156900277888,0.8362913751410235,0.7324426210140803,0.8157582319896692,0.013353308534661443,0.15362060070037842,0.05091707600417502,0.002233365384235209,37,3.5
teacherA_3,test_w42-45,ge5,near,,95189,10761,0.9671285547699839,0.9545121574297109,0.8341755823998194,0.7657280921847412,0.8123716822579051,0.8754557287775018,0.6991915249512127,0.8534160225221972,0.013353308534661443,0.15362060070037842,0.05091707600417502,0.002233365384235209,37,3.5
teacherA_3,test_w42-45,ge5,far,,95189,82348,0.9671285547699839,0.9545121574297109,0.8042905179376173,0.8025695827463933,0.7841545126781472,0.8311734899527718,0.7367877786952931,0.8108372201384946,0.013353308534661443,0.15362060070037842,0.05091707600417502,0.002233365384235209,37,3.5
teacherA_3,test_w46-49,all,all,,100000,100000,0.92066,0.9144913586962984,0.78081599195,0.84754,0.7300999869000001,0.80126991065,0.79938,0.7504325251,0.04857370854765179,0.5085098147392273,0.12915243214596522,0.008449687984298791,37,7.5
teacherA_3,test_w46-49,all,near,,100000,10044,0.92066,0.9144913586962984,0.8176066686579052,0.7855436081242533,0.7618639705296695,0.8551412743926722,0.7290919952210275,0.7977548944643569,0.04857370854765179,0.5085098147392273,0.12915243214596522,0.008449687984298791,37,7.5
teacherA_3,test_w46-49,all,far,,100000,89956,0.92066,0.9144913586962984,0.7767081441482503,0.8544621815109609,0.7265533924363022,0.7952549257970564,0.8072279781226377,0.7451487655075817,0.04857370854765179,0.5085098147392273,0.12915243214596522,0.008449687984298791,37,7.5
teacherA_3,test_w46-49,ge5,all,,94953,93107,0.9286594420397459,0.9198344588371632,0.7820655243191417,0.8440181726400807,0.737197868129048,0.8071430536807459,0.7944193240035657,0.7622962271926851,0.04291696549193219,0.4205796718597412,0.11570065850857422,0.007051537992127375,37,7.5
teacherA_3,test_w46-49,ge5,near,,94953,9749,0.9286594420397459,0.9198344588371632,0.8170103963317484,0.7873628064416863,0.7679266994374185,0.8539844418409497,0.7310493383936814,0.8042492632714597,0.04291696549193219,0.4205796718597412,0.11570065850857422,0.007051537992127375,37,7.5
teacherA_3,test_w46-49,ge5,far,,94953,83358,0.9286594420397459,0.9198344588371632,0.7779786033607345,0.850644209314043,0.7336040273888035,0.8016647949272511,0.8018306581251949,0.7573896777465374,0.04291696549193219,0.4205796718597412,0.11570065850857422,0.007051537992127375,37,7.5
teacherA_3,test_w51-51,all,all,,100000,43579,0.87981,0.8539771527207424,0.7815258257417564,0.8664723834874596,0.717498501571858,0.7982153069138805,0.8174579499300122,0.7338116698409783,0.07376695957809686,0.7823510766029358,0.1912915620070078,0.01533532889082285,37,11.0
teacherA_3,test_w51-51,all,near,,100000,6654,0.87981,0.8539771527207424,0.8310701134655847,0.786444244063721,0.7560794469492034,0.8625141426209799,0.7147580402765255,0.785492374511572,0.07376695957809686,0.7823510766029358,0.1912915620070078,0.01533532889082285,37,11.0
teacherA_3,test_w51-51,all,far,,100000,36925,0.87981,0.8539771527207424,0.7725977907921462,0.8808937034529452,0.7105460950575491,0.7866284564658091,0.8359647935003385,0.7244986459038592,0.07376695957809686,0.7823510766029358,0.1912915620070078,0.01533532889082285,37,11.0
teacherA_3,test_w51-51,ge5,all,,93905,40935,0.8866407539534636,0.8589807903388371,0.7805257947144099,0.8676682545498962,0.7223844779391879,0.8025336238353258,0.8158055453768169,0.7434019200059166,0.06903389178830957,0.7040221095085144,0.18006840007129632,0.013877826306313547,37,11.0
teacherA_3,test_w51-51,ge5,near,,93905,6460,0.8866407539534636,0.8589807903388371,0.8282242634386277,0.7891640866873065,0.760227385459549,0.8597343999097962,0.7179566563467492,0.7902720900824775,0.06903389178830957,0.7040221095085144,0.18006840007129632,0.013877826306313547,37,11.0
teacherA_3,test_w51-51,ge5,far,,93905,34475,0.8866407539534636,0.8589807903388371,0.771587952569132,0.8823785351704133,0.7152933921500209,0.7918152188044025,0.834140681653372,0.734619286251179,0.06903389178830957,0.7040221095085144,0.18006840007129632,0.013877826306313547,37,11.0
teacherA_4,val,all,all,,200000,54382,0.97453,0.9651866454189814,0.7954925303868926,0.8471920856165643,0.7789644148799234,0.836908597835681,0.7877790445367953,0.8195598502261778,0.00632880287706853,0.09735661000013351,0.03868976950377055,0.0010378908639116263,37,1.0
teacherA_4,val,all,near,,200000,12295,0.97453,0.9651866454189814,0.7264512820252135,0.8608377389182594,0.7123174656364375,0.75092260451403,0.859211061407076,0.7365633879625864,0.00632880287706853,0.09735661000013351,0.03868976950377055,0.0010378908639116263,37,1.0
teacherA_4,val,all,far,,200000,42087,0.97453,0.9651866454189814,0.8156617548174021,0.8432057404899375,0.7984341856155106,0.8620279408130778,0.7669113978188039,0.8438058526385819,0.00632880287706853,0.09735661000013351,0.03868976950377055,0.0010378908639116263,37,1.0
teacherA_4,val,ge5,all,,190477,52884,0.9770208476613974,0.9680290571079379,0.7983090268102463,0.8480069586264276,0.7832233235870105,0.8403840352503666,0.7958172604190303,0.8249500594830097,0.005751278315343661,0.0863628089427948,0.03492882401824455,0.0008697683416250515,37,1.0
teacherA_4,val,ge5,near,,190477,11763,0.9770208476613974,0.9680290571079379,0.7290734658664872,0.8604947717419026,0.7160791411191464,0.7570837256484378,0.8604097594151152,0.744221328515615,0.005751278315343661,0.0863628089427948,0.03492882401824455,0.0008697683416250515,37,1.0
teacherA_4,val,ge5,far,,190477,41121,0.9770208476613974,0.9680290571079379,0.8181144280257185,0.8444347170545463,0.8024304688016086,0.8642127734096403,0.777340045232363,0.8480431764395395,0.005751278315343661,0.0863628089427948,0.03492882401824455,0.0008697683416250515,37,1.0
teacherA_4,test_w42-45,all,all,,100000,100000,0.96336,0.9506124773907334,0.8112941364,0.8001,0.7877064661000001,0.8358639608999999,0.73637,0.8118381097999998,0.01396259986072779,0.17088301479816437,0.0557735000275446,0.00302770881974831,37,3.5
teacherA_4,test_w42-45,all,near,,100000,11103,0.96336,0.9506124773907334,0.8293091214086283,0.8287850130595334,0.804650547599748,0.8791596023597226,0.718364406016392,0.852821803116275,0.01396259986072779,0.17088301479816437,0.0557735000275446,0.00302770881974831,37,3.5
teacherA_4,test_w42-45,all,far,,100000,88897,0.96336,0.9506124773907334,0.8090441124559883,0.7965173177947512,0.7855901951696906,0.8304564498801985,0.7386188510298435,0.8067193549838577,0.01396259986072779,0.17088301479816437,0.0557735000275446,0.00302770881974831,37,3.5
teacherA_4,test_w42-45,ge5,all,,95189,93109,0.9669394572902331,0.9535487461212574,0.8133514928971468,0.7996219484689987,0.7918751111461574,0.8416951975076912,0.7305523633590738,0.8202084654249185,0.01244465775134967,0.15085411071777344,0.05005575188221618,0.002721900821285005,37,3.5
teacherA_4,test_w42-45,ge5,near,,95189,10761,0.9669394572902331,0.9535487461212574,0.8288492327496525,0.8335656537496515,0.8065545551486182,0.8791870286216459,0.7220518539169222,0.8560654744590811,0.01244465775134967,0.15085411071777344,0.05005575188221618,0.002721900821285005,37,3.5
teacherA_4,test_w42-45,ge5,far,,95189,82348,0.9669394572902331,0.9535487461212574,0.8113262927884275,0.7951862826055277,0.7899568435876196,0.836795872756425,0.7316631855054161,0.8155227745251197,0.01244465775134967,0.15085411071777344,0.05005575188221618,0.002721900821285005,37,3.5
teacherA_4,test_w46-49,all,all,,100000,100000,0.92237,0.9206932470737457,0.7893103994499999,0.83026,0.7369581954000002,0.81061969705,0.77172,0.7590601362999999,0.04468046049654484,0.5198431611061096,0.12528894182908507,0.010626355447553876,37,7.5
teacherA_4,test_w46-49,all,near,,100000,10044,0.92237,0.9206932470737457,0.8133285712863402,0.8408004778972521,0.7576686698526482,0.8621461733373157,0.7310832337714058,0.8038426831939467,0.04468046049654484,0.5198431611061096,0.12528894182908507,0.010626355447553876,37,7.5
teacherA_4,test_w46-49,all,far,,100000,89956,0.92237,0.9206932470737457,0.7866286604006403,0.8290831072969007,0.7346457759349014,0.8048665296367112,0.7762572813375428,0.754059959535773,0.04468046049654484,0.5198431611061096,0.12528894182908507,0.010626355447553876,37,7.5
teacherA_4,test_w46-49,ge5,all,,94953,93107,0.9304182069023622,0.9259523747839973,0.7904342672834511,0.8279613777696628,0.7433442953515783,0.8170783812615903,0.7670314799102108,0.7712303301623509,0.039154556261737694,0.43035152554512024,0.11192663226697624,0.0091577811746566,37,7.5
teacherA_4,test_w46-49,ge5,near,,94953,9749,0.9304182069023622,0.9259523747839973,0.8121037994690177,0.8414196327828495,0.7623921701870164,0.8617067662814869,0.7382295620063596,0.8106359873253401,0.039154556261737694,0.43035152554512024,0.11192663226697624,0.0091577811746566,37,7.5
teacherA_4,test_w46-49,ge5,far,,94953,83358,0.9304182069023622,0.9259523747839973,0.787899942212347,0.8263873893327575,0.74111658197349,0.811858940709286,0.770399961611363,0.7666217052951277,0.039154556261737694,0.43035152554512024,0.11192663226697624,0.0091577811746566,37,7.5
teacherA_4,test_w51-51,all,all,,100000,43579,0.88507,0.8685402675849714,0.7919625887468735,0.8498359301498428,0.7261656518047683,0.8096452072098946,0.7847587140595241,0.7431936127492599,0.06575848990574483,0.7512706518173218,0.18008810533645533,0.015606768141999221,37,11.0
teacherA_4,test_w51-51,all,near,,100000,6654,0.88507,0.8685402675849714,0.8258280109708447,0.8489630297565374,0.7535904117823865,0.872790070634205,0.7290351668169522,0.7936341268409979,0.06575848990574483,0.7512706518173218,0.18008810533645533,0.015606768141999221,37,11.0
teacherA_4,test_w51-51,all,far,,100000,36925,0.88507,0.8685402675849714,0.7858599341909275,0.8499932295192959,0.7212236246445497,0.7982663061611374,0.7948002708192282,0.7341040750169262,0.06575848990574483,0.7512706518173218,0.18008810533645533,0.015606768141999221,37,11.0
teacherA_4,test_w51-51,ge5,all,,93905,40935,0.8921250199669879,0.8731200249128039,0.7917583927377441,0.8433369976792476,0.730942219600128,0.8151629036637847,0.7838280200317577,0.753381272574663,0.06100125831430011,0.6642215251922607,0.16868609105478866,0.014098344354952224,37,11.0
teacherA_4,test_w51-51,ge5,near,,93905,6460,0.8921250199669879,0.8731200249128039,0.822812106893486,0.8481424148606811,0.7566142104290566,0.8706873465591585,0.7379256965944272,0.7986296439834542,0.06100125831430011,0.6642215251922607,0.16868609105478866,0.014098344354952224,37,11.0
teacherA_4,test_w51-51,ge5,far,,93905,34475,0.8921250199669879,0.8731200249128039,0.7859394806725928,0.8424365482233502,0.7261317464817849,0.8047586135664935,0.7924292965917331,0.7449025349589766,0.06100125831430011,0.6642215251922607,0.16868609105478866,0.014098344354952224,37,11.0
teacherB,val,all,all,,200000,54382,0.976345,0.9678738132633823,0.7811365100125041,0.8625648192416608,0.7665846469420028,0.8495280725699679,0.7874848295391857,0.8335784234673238,0.00676446263082329,0.09205257892608643,0.0356381438990203,0.0009077833353518789,37,1.0
teacherB,val,all,near,,200000,12295,0.976345,0.9678738132633823,0.7243930685237903,0.8952419682797885,0.7115948800325336,0.7634363481089874,0.8431069540463603,0.7499541943879626,0.00676446263082329,0.09205257892608643,0.0356381438990203,0.0009077833353518789,37,1.0
teacherB,val,all,far,,200000,42087,0.976345,0.9678738132633823,0.7977131396868392,0.8530187468814598,0.7826489704659396,0.8746783030983439,0.7712357735167629,0.8580078172594863,0.00676446263082329,0.09205257892608643,0.0356381438990203,0.0009077833353518789,37,1.0
teacherB,val,ge5,all,,190477,52884,0.9787428403429286,0.9708282559287515,0.783732496917975,0.8624347628772407,0.7703329305892429,0.8539317250773819,0.7926972241131534,0.8397984825072322,0.006151544592191007,0.07937426120042801,0.03195154239555355,0.0007506876554858754,37,1.0
teacherB,val,ge5,near,,190477,11763,0.9787428403429286,0.9708282559287515,0.727391143923012,0.8964549859729661,0.7155221641442938,0.7706580272091227,0.8445124543058744,0.7585870388844522,0.006151544592191007,0.07937426120042801,0.03195154239555355,0.0007506876554858754,37,1.0
teacherB,val,ge5,far,,190477,41121,0.9787428403429286,0.9708282559287515,0.7998494039795676,0.8527029984679361,0.7860120007891879,0.8777528507315328,0.7778750516767589,0.8630296833859744,0.006151544592191007,0.07937426120042801,0.03195154239555355,0.0007506876554858754,37,1.0
teacherB,test_w42-45,all,all,,100000,100000,0.96551,0.9535548104423797,0.7979449501500001,0.85156,0.7777913276,0.8413081285,0.75585,0.8198478486,0.015625221550166657,0.17822116613388062,0.053503801236525934,0.002199287591098496,37,3.5
teacherB,test_w42-45,all,near,,100000,11103,0.96551,0.9535548104423797,0.8050155057191749,0.7732144465459786,0.7840072791137531,0.883104691975142,0.6543276591912096,0.8591985967756461,0.015625221550166657,0.17822116613388062,0.053503801236525934,0.002199287591098496,37,3.5
teacherB,test_w42-45,all,far,,100000,88897,0.96551,0.9535548104423797,0.7970618564743468,0.8613451522548567,0.7770149717088316,0.8360878483525878,0.768529871649212,0.8149330443097068,0.015625221550166657,0.17822116613388062,0.053503801236525934,0.002199287591098496,37,3.5
teacherB,test_w42-45,ge5,all,,95189,93109,0.9691455945539926,0.9565179842263195,0.7997075820647277,0.8540635169532483,0.7811943160136958,0.8476688444268935,0.7587451266794832,0.8287410423667683,0.01407641224569151,0.15297608077526093,0.0478110082381681,0.0018713152284146187,37,3.5
teacherB,test_w42-45,ge5,near,,95189,10761,0.9691455945539926,0.9565179842263195,0.8049394156024482,0.777529969333705,0.7858253777606019,0.8832093888084838,0.6570021373478301,0.8623736245541127,0.01407641224569151,0.15297608077526093,0.0478110082381681,0.0018713152284146187,37,3.5
teacherB,test_w42-45,ge5,far,,95189,82348,0.9691455945539926,0.9565179842263195,0.7990239010925195,0.8640647010249186,0.7805891421726981,0.8430245082184817,0.7720406081507748,0.8243460331750694,0.01407641224569151,0.15297608077526093,0.0478110082381681,0.0018713152284146187,37,3.5
teacherB,test_w46-49,all,all,,100000,100000,0.92458,0.9273623388000926,0.7665708963,0.88061,0.7220619582,0.8108536669499999,0.80658,0.7639890886999999,0.048127426398396525,0.551672637462616,0.12439083890662281,0.007452790685205289,37,7.5
teacherB,test_w46-49,all,near,,100000,10044,0.92458,0.9273623388000926,0.778091339107925,0.7991835921943449,0.7316266178813222,0.8599190158303464,0.6944444444444444,0.8065862136598965,0.048127426398396525,0.551672637462616,0.12439083890662281,0.007452790685205289,37,7.5
teacherB,test_w46-49,all,far,,100000,89956,0.92458,0.9273623388000926,0.765284586019832,0.8897016319089333,0.7209940200764818,0.8053752957001199,0.819100449108453,0.7592329243185557,0.048127426398396525,0.551672637462616,0.12439083890662281,0.007452790685205289,37,7.5
teacherB,test_w46-49,ge5,all,,94953,93107,0.9327140795972745,0.9330943476057594,0.7710842984558782,0.8809756516695845,0.7285379647820575,0.8192389192591214,0.8094987487514366,0.7773574157853294,0.0420590105795209,0.43753623962402344,0.11047447034001326,0.005791793103554639,37,7.5
teacherB,test_w46-49,ge5,near,,94953,9749,0.9327140795972745,0.9330943476057594,0.7800641612244879,0.8030567237665401,0.7363656169159241,0.8602135403089226,0.696994563544979,0.8134537468859796,0.0420590105795209,0.43753623962402344,0.11047447034001326,0.005791793103554639,37,7.5
teacherB,test_w46-49,ge5,far,,94953,83358,0.9327140795972745,0.9330943476057594,0.7700340731369983,0.890088533793997,0.7276224943934556,0.8144467987594153,0.8226564936778713,0.7731358277925723,0.0420590105795209,0.43753623962402344,0.11047447034001326,0.005791793103554639,37,7.5
teacherB,test_w51-51,all,all,,100000,43579,0.88966,0.8724347077873966,0.7602788846692214,0.9027742720117488,0.7071735680029371,0.796479980036256,0.8781982147364557,0.741320593864017,0.070305014988035,0.7808444499969482,0.17830309568861696,0.01289963024920826,37,11.0
teacherB,test_w51-51,all,near,,100000,6654,0.88966,0.8724347077873966,0.7876303321310489,0.8393447550345656,0.7285683198076345,0.8569641088067328,0.777877968139465,0.7904890051097084,0.070305014988035,0.7808444499969482,0.17830309568861696,0.01289963024920826,37,11.0
teacherB,test_w51-51,all,far,,100000,36925,0.88966,0.8724347077873966,0.7553500686526743,0.9142044685172648,0.7033181670954638,0.7855805516587678,0.8962762356127285,0.7324602930264048,0.070305014988035,0.7808444499969482,0.17830309568861696,0.01289963024920826,37,11.0
teacherB,test_w51-51,ge5,all,,93905,40935,0.8970235876683883,0.8780145966838898,0.7637442860563122,0.9047025772566264,0.7122245028970366,0.8034694093193142,0.8765115426896299,0.75292083983299,0.06475610239400023,0.6711211204528809,0.16602301831723731,0.01118388915308372,37,11.0
teacherB,test_w51-51,ge5,near,,93905,6460,0.8970235876683883,0.8780145966838898,0.7879844823740745,0.8503095975232198,0.7317773891438601,0.8551438678145012,0.7803405572755417,0.7954701782629601,0.06475610239400023,0.6711211204528809,0.16602301831723731,0.01118388915308372,37,11.0
teacherB,test_w51-51,ge5,far,,93905,34475,0.8970235876683883,0.8780145966838898,0.7592021056875596,0.9148948513415518,0.708560640818589,0.7937865376186933,0.8945322697606961,0.744947852849448,0.06475610239400023,0.6711211204528809,0.16602301831723731,0.01118388915308372,37,11.0
student_direct_s0,val,all,all,,200000,54382,0.95077,0.9304414124576368,0.7405455404361737,0.8709683351108822,0.7089333208598434,0.8329649349509027,0.7247250928616086,0.7981805522967158,0.00206591701567171,0.17508117854595184,0.07140428577343941,0.0031485248199572807,37,1.0
student_direct_s0,val,all,near,,200000,12295,0.95077,0.9304414124576368,0.6481547625050833,0.9005286701911346,0.6226099938999593,0.7098018828792192,0.8495323302155348,0.6823302814152095,0.00206591701567171,0.17508117854595184,0.07140428577343941,0.0031485248199572807,37,1.0
student_direct_s0,val,all,far,,200000,42087,0.95077,0.9304414124576368,0.7675359321168056,0.8623327868462946,0.7341512101123864,0.8689449222443985,0.6882647848504289,0.8320242351557489,0.00206591701567171,0.17508117854595184,0.07140428577343941,0.0031485248199572807,37,1.0
student_direct_s0,val,ge5,all,,190477,52884,0.9555799387852602,0.9355788536247246,0.7401859609999993,0.8729105211406096,0.7126196547536922,0.8381611019363173,0.7320361546025262,0.8077851104094232,0.0025600902998847096,0.15525226294994354,0.06444389578317826,0.0026072869816366746,37,1.0
student_direct_s0,val,ge5,near,,190477,11763,0.9555799387852602,0.9355788536247246,0.6488301852477903,0.8994304174105245,0.6266723910927332,0.7155000642956015,0.8509733911417156,0.6918348450245304,0.0025600902998847096,0.15525226294994354,0.06444389578317826,0.0026072869816366746,37,1.0
student_direct_s0,val,ge5,far,,190477,41121,0.9555799387852602,0.9355788536247246,0.7663190314548335,0.865324286860728,0.7372055758753541,0.8732492998344167,0.698013180613312,0.8409536367517421,0.0025600902998847096,0.15525226294994354,0.06444389578317826,0.0026072869816366746,37,1.0
student_direct_s0,test_w42-45,all,all,,100000,100000,0.94005,0.9167176701010482,0.7608057544,0.85195,0.7224668989,0.8099234658,0.70365,0.7715627412999999,0.009546950889080768,0.25398752093315125,0.08808977534330951,0.004598663774202547,37,3.5
student_direct_s0,test_w42-45,all,near,,100000,11103,0.94005,0.9167176701010482,0.7908458011348285,0.8200486355039178,0.7501069449698281,0.8602209398360804,0.655408448167162,0.8182848410339548,0.009546950889080768,0.25398752093315125,0.08808977534330951,0.004598663774202547,37,3.5
student_direct_s0,test_w42-45,all,far,,100000,88897,0.94005,0.9167176701010482,0.7570538320753231,0.8559343959863662,0.7190147303058596,0.8036414444244463,0.7096752421341552,0.7657272747111826,0.009546950889080768,0.25398752093315125,0.08808977534330951,0.004598663774202547,37,3.5
student_direct_s0,test_w42-45,ge5,all,,95189,93109,0.945949637037893,0.9218156956710246,0.7657028523129298,0.8522269597998046,0.7320394784992937,0.8201260663043458,0.6947878293183258,0.78669037564449,0.009127247350934216,0.22708657383918762,0.07951519433896224,0.0038591654538910327,37,3.5
student_direct_s0,test_w42-45,ge5,near,,95189,10761,0.945949637037893,0.9218156956710246,0.792185935342839,0.8214849921011058,0.7565557466117162,0.865146821421737,0.6577455626800484,0.8288775586145297,0.009127247350934216,0.22708657383918762,0.07951519433896224,0.0038591654538910327,37,3.5
student_direct_s0,test_w42-45,ge5,far,,95189,82348,0.945949637037893,0.9218156956710246,0.7622421191259081,0.8562442317967649,0.7288357630337357,0.8142428833998642,0.6996284062758051,0.7811774758055068,0.009127247350934216,0.22708657383918762,0.07951519433896224,0.0038591654538910327,37,3.5
student_direct_s0,test_w46-49,all,all,,100000,100000,0.89856,0.8792573220011799,0.73742793945,0.86928,0.6747371344,0.78567213495,0.75801,0.7207806720000001,0.037880958500951495,0.4979628026485443,0.150391800636695,0.01127084065760961,37,7.5
student_direct_s0,test_w46-49,all,near,,100000,10044,0.89856,0.8792573220011799,0.7678080147351654,0.828952608522501,0.7009650209080047,0.8419649233373158,0.7050975706889685,0.7699888868976503,0.037880958500951495,0.4979628026485443,0.150391800636695,0.01127084065760961,37,7.5
student_direct_s0,test_w46-49,all,far,,100000,89956,0.89856,0.8792573220011799,0.7340358647005204,0.8737827382275779,0.6718086705722799,0.7793867869291653,0.7639179154253191,0.7152863491040066,0.037880958500951495,0.4979628026485443,0.150391800636695,0.01127084065760961,37,7.5
student_direct_s0,test_w46-49,ge5,all,,94953,93107,0.9081229660990174,0.885721816315287,0.7425426899718722,0.8678509671668081,0.6857879686855834,0.7956931695887213,0.7512539336462349,0.7387627177194387,0.034719156812855985,0.43063217401504517,0.13667558674991356,0.009618962169730728,37,7.5
student_direct_s0,test_w46-49,ge5,near,,94953,9749,0.9081229660990174,0.885721816315287,0.7706972405134076,0.8304441481177557,0.7104365188810307,0.846621695181257,0.7110472869012207,0.7838238280087729,0.034719156812855985,0.43063217401504517,0.13667558674991356,0.009618962169730728,37,7.5
student_direct_s0,test_w46-49,ge5,far,,94953,83358,0.9081229660990174,0.885721816315287,0.739249920073009,0.8722258211569376,0.6829052373837838,0.789736906290638,0.7559562369538616,0.733492668483484,0.034719156812855985,0.43063217401504517,0.13667558674991356,0.009618962169730728,37,7.5
student_direct_s0,test_w51-51,all,all,,100000,43579,0.86225,0.832927213446738,0.7451592709791414,0.869042428692719,0.6701462757291357,0.7812606139424951,0.7865715138025196,0.7040717249133757,0.0611573395894468,0.7864081263542175,0.20345164287274417,0.01773817293196163,37,11.0
student_direct_s0,test_w51-51,all,near,,100000,6654,0.86225,0.832927213446738,0.7792988893898407,0.8361887586414187,0.6981476735798016,0.8449749443943493,0.7536819957920048,0.7571278779681395,0.0611573395894468,0.7864081263542175,0.20345164287274417,0.01773817293196163,37,11.0
student_direct_s0,test_w51-51,all,far,,100000,36925,0.86225,0.832927213446738,0.7390072054163845,0.8749627623561272,0.6651003366283006,0.7697790931618145,0.792498307379824,0.6945108408937033,0.0611573395894468,0.7864081263542175,0.20345164287274417,0.01773817293196163,37,11.0
student_direct_s0,test_w51-51,ge5,all,,93905,40935,0.8704328842979607,0.837332127130001,0.7434977368340685,0.8704531574447294,0.6749336232968243,0.7858289244669652,0.7849517527787957,0.716384505527629,0.059057762339218445,0.7292547821998596,0.19225497785227944,0.015899781772328092,37,11.0
student_direct_s0,test_w51-51,ge5,near,,93905,6460,0.8704328842979607,0.837332127130001,0.7794269066474697,0.8439628482972136,0.7048448773157379,0.8486409334709029,0.7563467492260062,0.7696622517025721,0.059057762339218445,0.7292547821998596,0.19225497785227944,0.015899781772328092,37,11.0
student_direct_s0,test_w51-51,ge5,far,,93905,34475,0.8704328842979607,0.837332127130001,0.7367652513519924,0.875416968817984,0.6693287878809524,0.7740590744839212,0.7903118201595359,0.7064012063168928,0.059057762339218445,0.7292547821998596,0.19225497785227944,0.015899781772328092,37,11.0
student_direct_s1,val,all,all,,200000,54382,0.95185,0.9323286050638254,0.7552454168199035,0.8826633812658601,0.7237466642455225,0.8401758849895187,0.7252767459821264,0.8058906664889117,0.002806733395159221,0.1725592017173767,0.07003889810782699,0.00307518556633118,37,1.0
student_direct_s1,val,all,near,,200000,12295,0.95185,0.9323286050638254,0.6688178714924766,0.9364782431882879,0.6430750056933712,0.7135544109394063,0.8457909719398129,0.6867289227328182,0.002806733395159221,0.1725592017173767,0.07003889810782699,0.00307518556633118,37,1.0
student_direct_s1,val,all,far,,200000,42087,0.95185,0.9323286050638254,0.7804937516929217,0.8669422862166465,0.7473135148620714,0.8771661913417443,0.6900705681089172,0.8407017397296078,0.002806733395159221,0.1725592017173767,0.07003889810782699,0.00307518556633118,37,1.0
student_direct_s1,val,ge5,all,,190477,52884,0.9566509342335295,0.9375709303228016,0.7542455751744812,0.8848801149686105,0.726930214764309,0.8457130060218007,0.7287837531200363,0.8158469542666232,0.002781671162368889,0.15401561558246613,0.06321701768768215,0.002559631961274447,37,1.0
student_direct_s1,val,ge5,near,,190477,11763,0.9566509342335295,0.9375709303228016,0.666961799721201,0.9358156932755249,0.6450213059050505,0.7185747974343106,0.8449375159398113,0.6956329412264114,0.002781671162368889,0.15401561558246613,0.06321701768768215,0.002559631961274447,37,1.0
student_direct_s1,val,ge5,far,,190477,41121,0.9566509342335295,0.9375709303228016,0.7792138164783633,0.8703095741835072,0.7503609313060142,0.8820819354645343,0.6955570146640403,0.8502351606670515,0.002781671162368889,0.15401561558246613,0.06321701768768215,0.002559631961274447,37,1.0
student_direct_s1,test_w42-45,all,all,,100000,100000,0.93999,0.9159272111703344,0.7514024705,0.8596,0.7136190025,0.8095002670999999,0.69718,0.7707858783999999,0.010068390992581881,0.25220924615859985,0.08799547562689888,0.004628072343953522,37,3.5
student_direct_s1,test_w42-45,all,near,,100000,11103,0.93999,0.9159272111703344,0.7748232049896424,0.8405836260470143,0.7351760596235253,0.872058666576601,0.6191119517247591,0.828473212645231,0.010068390992581881,0.25220924615859985,0.08799547562689888,0.004628072343953522,37,3.5
student_direct_s1,test_w42-45,all,far,,100000,88897,0.93999,0.9159272111703344,0.7484772827541986,0.861975094772602,0.7109265831242899,0.8016868885901661,0.7069304925925509,0.7635808830444222,0.010068390992581881,0.25220924615859985,0.08799547562689888,0.004628072343953522,37,3.5
student_direct_s1,test_w42-45,ge5,all,,95189,93109,0.9458235720513924,0.9213473491216565,0.7517188729801264,0.8562867177179435,0.7189023852255623,0.8200629348598725,0.6838436670998507,0.7860336094107021,0.009256684903727096,0.22802750766277313,0.07951548608958421,0.003899957565832817,37,3.5
student_direct_s1,test_w42-45,ge5,near,,95189,10761,0.9458235720513924,0.9213473491216565,0.7738936961033244,0.8425796859027972,0.7394537511352226,0.8766876905892492,0.618344020072484,0.8386262640275646,0.009256684903727096,0.22802750766277313,0.07951548608958421,0.003899957565832817,37,3.5
student_direct_s1,test_w42-45,ge5,far,,95189,82348,0.9458235720513924,0.9213473491216565,0.7488211308172477,0.8580779132462233,0.7162167917860875,0.8126633745013474,0.6924029727497936,0.7791609524386802,0.009256684903727096,0.22802750766277313,0.07951548608958421,0.003899957565832817,37,3.5
student_direct_s1,test_w46-49,all,all,,100000,100000,0.89466,0.8691200793060327,0.7242334758000001,0.87312,0.6603640719999999,0.78502372705,0.73431,0.7176655441,0.04026686985783275,0.5210264325141907,0.1550032245409025,0.012238061581701149,37,7.5
student_direct_s1,test_w46-49,all,near,,100000,10044,0.89466,0.8691200793060327,0.7554527767821585,0.8494623655913979,0.6870038440860216,0.861519028773397,0.6547192353643967,0.7832644912385505,0.04026686985783275,0.5210264325141907,0.1550032245409025,0.012238061581701149,37,7.5
student_direct_s1,test_w46-49,all,far,,100000,89956,0.89466,0.8691200793060327,0.7207476976521855,0.8757614833918804,0.6573896192583041,0.7764826757525902,0.7431966739294766,0.7103411207701543,0.04026686985783275,0.5210264325141907,0.1550032245409025,0.012238061581701149,37,7.5
student_direct_s1,test_w46-49,ge5,all,,94953,93107,0.9040156709108716,0.8766621704587807,0.724523646702934,0.8707723372034326,0.6671742304163183,0.7955734281263392,0.7260571170803484,0.735516569429491,0.03663924479225812,0.45392906665802,0.1417443672304563,0.010580666209746282,37,7.5
student_direct_s1,test_w46-49,ge5,near,,94953,9749,0.9040156709108716,0.8766621704587807,0.7558345300183641,0.8474715355421069,0.6942345939650043,0.866138154089346,0.6578110575443635,0.79663042952065,0.03663924479225812,0.45392906665802,0.1417443672304563,0.010580666209746282,37,7.5
student_direct_s1,test_w46-49,ge5,far,,94953,83358,0.9040156709108716,0.8766621704587807,0.720861733012081,0.8734974447563522,0.6640094293865895,0.7873206447892466,0.7340387245375369,0.7283690968170398,0.03663924479225812,0.45392906665802,0.1417443672304563,0.010580666209746282,37,7.5
student_direct_s1,test_w51-51,all,all,,100000,43579,0.86229,0.8214743680772204,0.7197061315082953,0.8881800867390257,0.6496184428279675,0.7754004402349756,0.7943504899148672,0.7007464423231373,0.05699294900387529,0.7519071698188782,0.20052969946833032,0.018053620621832245,37,11.0
student_direct_s1,test_w51-51,all,near,,100000,6654,0.86229,0.8214743680772204,0.7569579140366696,0.8418996092575894,0.6796031304478509,0.8585776510369703,0.7430117222723174,0.768820392245266,0.05699294900387529,0.7519071698188782,0.20052969946833032,0.018053620621832245,37,11.0
student_direct_s1,test_w51-51,all,far,,100000,36925,0.86229,0.8214743680772204,0.712993244278944,0.8965199729180772,0.6442151087339201,0.7604116477995937,0.8036018957345972,0.6884793045362221,0.05699294900387529,0.7519071698188782,0.20052969946833032,0.018053620621832245,37,11.0
student_direct_s1,test_w51-51,ge5,all,,93905,40935,0.8706245673819285,0.827761693586157,0.7147881472746949,0.8906070599731282,0.6518715049560307,0.7800361517839546,0.7941859044827165,0.7131004139196185,0.05365965772830959,0.6997215151786804,0.1890392906796281,0.016153209232511574,37,11.0
student_direct_s1,test_w51-51,ge5,near,,93905,6460,0.8706245673819285,0.827761693586157,0.7540516171158422,0.8462848297213622,0.6839566303010602,0.8623502484148808,0.7541795665634675,0.781514011179535,0.05365965772830959,0.6997215151786804,0.1890392906796281,0.016153209232511574,37,11.0
student_direct_s1,test_w51-51,ge5,far,,93905,34475,0.8706245673819285,0.827761693586157,0.7074308734480432,0.8989122552574329,0.6458593248333651,0.764611958477623,0.8016823785351704,0.7002809262242142,0.05365965772830959,0.6997215151786804,0.1890392906796281,0.016153209232511574,37,11.0
student_direct_s2,val,all,all,,200000,54382,0.949625,0.9297857604773863,0.7324482755323451,0.8897061527711375,0.7005928934206171,0.8277701756095767,0.7348571218417859,0.7925028364164614,0.003146152849569909,0.1776774674654007,0.07274181218461541,0.0032882361704542227,37,1.0
student_direct_s2,val,all,near,,200000,12295,0.949625,0.9297857604773863,0.6414289188694591,0.9268808458723058,0.615523752338349,0.7021241927612851,0.8437576250508336,0.6742802419682798,0.003146152849569909,0.1776774674654007,0.07274181218461541,0.0032882361704542227,37,1.0
student_direct_s2,val,all,far,,200000,42087,0.949625,0.9297857604773863,0.7590380298548245,0.8788461995390501,0.7254443936369901,0.8644755088269538,0.7030436952027942,0.827039553187445,0.003146152849569909,0.1776774674654007,0.07274181218461541,0.0032882361704542227,37,1.0
student_direct_s2,val,ge5,all,,190477,52884,0.9546086929130552,0.935060104819114,0.7309319768015221,0.8919143786400423,0.7035366614469515,0.8322140715752764,0.7389002344754557,0.8016082836288292,0.0034777904826024447,0.15786637365818024,0.06558504073748499,0.0027218551341824404,37,1.0
student_direct_s2,val,ge5,near,,190477,11763,0.9546086929130552,0.935060104819114,0.6398822331592695,0.9275694975771487,0.6179138608592054,0.7066957318785131,0.8429822324237014,0.6829113691773059,0.0034777904826024447,0.15786637365818024,0.06558504073748499,0.0027218551341824404,37,1.0
student_direct_s2,val,ge5,far,,190477,41121,0.9546086929130552,0.935060104819114,0.7569775042562,0.8817149388390361,0.7280297672399443,0.8681196242090408,0.7091267235718975,0.8355625115097967,0.0034777904826024447,0.15786637365818024,0.06558504073748499,0.0027218551341824404,37,1.0
student_direct_s2,test_w42-45,all,all,,100000,100000,0.93803,0.9136131439529207,0.7531399158,0.86625,0.7128982357,0.8083108760000001,0.70996,0.7682382004999999,0.01072598692595959,0.26130130887031555,0.09111709011575396,0.00500830311169998,37,3.5
student_direct_s2,test_w42-45,all,near,,100000,11103,0.93803,0.9136131439529207,0.7774648000540395,0.818067189048005,0.7351096487435828,0.8538125673241467,0.6575700261190669,0.8104092659641539,0.01072598692595959,0.26130130887031555,0.09111709011575396,0.00500830311169998,37,3.5
student_direct_s2,test_w42-45,all,far,,100000,88897,0.93803,0.9136131439529207,0.7501018021418044,0.8722679055536182,0.7101240890018786,0.8026278351912888,0.7165033690675726,0.7629711460454233,0.01072598692595959,0.26130130887031555,0.09111709011575396,0.00500830311169998,37,3.5
student_direct_s2,test_w42-45,ge5,all,,95189,93109,0.9443212976289277,0.9193470878998232,0.7587682766961015,0.869400380199551,0.7237653369912229,0.8192342743862543,0.7031651075621046,0.784450192503066,0.009824787884652296,0.23670826852321625,0.08246537587554746,0.004212870217328737,37,3.5
student_direct_s2,test_w42-45,ge5,near,,95189,10761,0.9443212976289277,0.9193470878998232,0.7764185957515408,0.8219496329337422,0.7398216876701807,0.8584212043103593,0.6574667781804665,0.8210493097427017,0.009824787884652296,0.23670826852321625,0.08246537587554746,0.004212870217328737,37,3.5
student_direct_s2,test_w42-45,ge5,far,,95189,82348,0.9443212976289277,0.9193470878998232,0.7564617837229197,0.8756011074950212,0.7216671392249594,0.8141134389936122,0.7091368339243211,0.7796675250355414,0.009824787884652296,0.23670826852321625,0.08246537587554746,0.004212870217328737,37,3.5
student_direct_s2,test_w46-49,all,all,,100000,100000,0.8949,0.8677362819035257,0.7286967493000001,0.87066,0.6635051993,0.78637851805,0.74793,0.7194524626000001,0.0379291375780106,0.503187358379364,0.15390797577836826,0.012195516197805196,37,7.5
student_direct_s2,test_w46-49,all,near,,100000,10044,0.8949,0.8677362819035257,0.7581309657506969,0.8212863401035444,0.6884438749502191,0.841404126344086,0.6775189167662286,0.7671415820390283,0.0379291375780106,0.503187358379364,0.15390797577836826,0.012195516197805196,37,7.5
student_direct_s2,test_w46-49,all,far,,100000,89956,0.8949,0.8677362819035257,0.7254102840277469,0.8761727955889546,0.660720681777758,0.7802346564987328,0.7557917203966383,0.7141277536795767,0.0379291375780106,0.503187358379364,0.15390797577836826,0.012195516197805196,37,7.5
student_direct_s2,test_w46-49,ge5,all,,94953,93107,0.9045738417954146,0.8756782433847732,0.7349773162569927,0.8739836961775161,0.6760508430418907,0.7967112411126005,0.7472370498458762,0.7378738794013003,0.03428755601925097,0.4399057626724243,0.14002805978461022,0.01038886808249751,37,7.5
student_direct_s2,test_w46-49,ge5,near,,94953,9749,0.9045738417954146,0.8756782433847732,0.7582640928161275,0.8236742229972305,0.6958696487744247,0.8459079252923029,0.6819160939583547,0.780948305474152,0.03428755601925097,0.4399057626724243,0.14002805978461022,0.01038886808249751,37,7.5
student_direct_s2,test_w46-49,ge5,far,,94953,83358,0.9045738417954146,0.8756782433847732,0.7322538489872046,0.8798675592024761,0.6737329666882538,0.7909575225244876,0.7548765565392643,0.7328361796030298,0.03428755601925097,0.4399057626724243,0.14002805978461022,0.01038886808249751,37,7.5
student_direct_s2,test_w51-51,all,all,,100000,43579,0.85731,0.8140201961826703,0.7292966109823539,0.8655315633676771,0.6527205151563826,0.7784188153697882,0.7822575093508342,0.7000157832901168,0.06287920904852452,0.8731139302253723,0.21008593656118726,0.019228120430185812,37,11.0
student_direct_s2,test_w51-51,all,near,,100000,6654,0.85731,0.8140201961826703,0.7673114337240758,0.8070333633904418,0.6823572888488127,0.8427879343252179,0.7198677487225729,0.7527731409678389,0.06287920904852452,0.8731139302253723,0.21008593656118726,0.019228120430185812,37,11.0
student_direct_s2,test_w51-51,all,far,,100000,36925,0.85731,0.8140201961826703,0.7224462215301286,0.8760731211916046,0.6473798762356127,0.766819299661476,0.7935003385240352,0.6905087431279621,0.06287920904852452,0.8731139302253723,0.21008593656118726,0.019228120430185812,37,11.0
student_direct_s2,test_w51-51,ge5,all,,93905,40935,0.8654917203556786,0.8188413893808758,0.7305839766034932,0.8709173079272017,0.6601408270901477,0.7826135099971712,0.7821912788567241,0.7121219907015246,0.060156229304436475,0.8260030746459961,0.19855992125049815,0.017129341851650697,37,11.0
student_direct_s2,test_w51-51,ge5,near,,93905,6460,0.8654917203556786,0.8188413893808758,0.7655140355767629,0.8109907120743034,0.6875323193208075,0.8465702187656553,0.7196594427244583,0.765405304715605,0.060156229304436475,0.8260030746459961,0.19855992125049815,0.017129341851650697,37,11.0
student_direct_s2,test_w51-51,ge5,far,,93905,34475,0.8654917203556786,0.8188413893808758,0.7240387066697057,0.8821464829586657,0.6550081500833295,0.7706291636985662,0.7939086294416243,0.7021376481770589,0.060156229304436475,0.8260030746459961,0.19855992125049815,0.017129341851650697,37,11.0
student_ls_s0,val,all,all,,200000,54382,0.94777,0.9259752888714808,0.7971421382074951,0.8583354786510242,0.7681650395351403,0.8285621901088597,0.803685042845059,0.7966301404876613,0.05749426267135892,0.23744286596775055,0.08131845616503747,0.004145470127330512,37,1.0
student_ls_s0,val,all,near,,200000,12295,0.94777,0.9259752888714808,0.710169518300122,0.9028060187067913,0.6877632379015861,0.719260722244815,0.8500203334688898,0.6937220605937373,0.05749426267135892,0.23744286596775055,0.08131845616503747,0.004145470127330512,37,1.0
student_ls_s0,val,all,far,,200000,42087,0.94777,0.9259752888714808,0.8225497073324306,0.8453441680328843,0.7916530560505618,0.8604927517404425,0.7901489771188253,0.8266929827500178,0.05749426267135892,0.23744286596775055,0.08131845616503747,0.004145470127330512,37,1.0
student_ls_s0,val,ge5,all,,190477,52884,0.952692451057083,0.9313454437270121,0.7998706741895825,0.8560055971560396,0.7738799405598329,0.8327736442552386,0.8044020875879283,0.804897005299595,0.05732632384539767,0.21679504215717316,0.07401491838952758,0.003560453185590294,37,1.0
student_ls_s0,val,ge5,near,,190477,11763,0.952692451057083,0.9313454437270121,0.7140185645986061,0.9002805406783984,0.6937803962433133,0.7235066904306641,0.8492731446059678,0.7013315998686271,0.05732632384539767,0.21679504215717316,0.07401491838952758,0.003560453185590294,37,1.0
student_ls_s0,val,ge5,far,,190477,41121,0.952692451057083,0.9313454437270121,0.824429375707509,0.8433403856910094,0.7967930735039542,0.8640303543994099,0.7915663529583424,0.8345227406680071,0.05732632384539767,0.21679504215717316,0.07401491838952758,0.003560453185590294,37,1.0
student_ls_s0,test_w42-45,all,all,,100000,100000,0.93722,0.9086485461557748,0.8344103839,0.78826,0.7966435964,0.841019741,0.73221,0.8023160221999999,0.054014101885333635,0.2912571430206299,0.09577283285885882,0.006074111875919448,37,3.5
student_ls_s0,test_w42-45,all,near,,100000,11103,0.93722,0.9086485461557748,0.8564320634062865,0.718454471764388,0.8160157317842025,0.8880763865621906,0.6103755741691435,0.844858697649284,0.054014101885333635,0.2912571430206299,0.09577283285885882,0.006074111875919448,37,3.5
student_ls_s0,test_w42-45,all,far,,100000,88897,0.93722,0.9086485461557748,0.8316599344184843,0.796978525709529,0.7942240679662981,0.8351424905227398,0.7474267973047459,0.797002554641889,0.054014101885333635,0.2912571430206299,0.09577283285885882,0.006074111875919448,37,3.5
student_ls_s0,test_w42-45,ge5,all,,95189,93109,0.9432287344125897,0.9137317834827818,0.8333087804358439,0.7900202987895907,0.7999414630966277,0.8445931831064296,0.7335273711456465,0.8106043692696038,0.055240848501671935,0.2653176188468933,0.08695666690698865,0.005167986934891879,37,3.5
student_ls_s0,test_w42-45,ge5,near,,95189,10761,0.9432287344125897,0.9137317834827818,0.8571616893348221,0.7144317442616858,0.8211649230073558,0.8895979208059563,0.6106309822507202,0.8515950643033204,0.055240848501671935,0.2653176188468933,0.08695666690698865,0.005167986934891879,37,3.5
student_ls_s0,test_w42-45,ge5,far,,95189,82348,0.9432287344125897,0.9137317834827818,0.830191750846031,0.7998979938796328,0.7971680423444617,0.838712093312086,0.749587118084228,0.805247823035842,0.055240848501671935,0.2653176188468933,0.08695666690698865,0.005167986934891879,37,3.5
student_ls_s0,test_w46-49,all,all,,100000,100000,0.8969,0.8661942604410583,0.8140629019000001,0.80439,0.7501568872,0.8223801423999999,0.76548,0.7559177622,0.04165433791816238,0.47448524832725525,0.1486122695144002,0.012183521392987869,37,7.5
student_ls_s0,test_w46-49,all,near,,100000,10044,0.8969,0.8661942604410583,0.8408731775189167,0.7254082039028276,0.7721012584627638,0.8761364770011948,0.6238550378335325,0.8010803454798885,0.04165433791816238,0.47448524832725525,0.1486122695144002,0.012183521392987869,37,7.5
student_ls_s0,test_w46-49,all,far,,100000,89956,0.8969,0.8661942604410583,0.81106941165681,0.8132086797990129,0.7477066974965537,0.816378001078305,0.7812930766152341,0.7508751526301748,0.04165433791816238,0.47448524832725525,0.1486122695144002,0.012183521392987869,37,7.5
student_ls_s0,test_w46-49,ge5,all,,94953,93107,0.9067328046507219,0.87345346281483,0.814705867329994,0.8027967821968273,0.7562076552138075,0.8251773045856136,0.7663333583941057,0.7668558778225361,0.04648825681811991,0.41778481006622314,0.1346159409899478,0.009772395233946593,37,7.5
student_ls_s0,test_w46-49,ge5,near,,94953,9749,0.9067328046507219,0.87345346281483,0.8436842916936225,0.7156631449379424,0.7805196770060769,0.8777552430053401,0.620986767873628,0.8116465687630547,0.04648825681811991,0.41778481006622314,0.1346159409899478,0.009772395233946593,37,7.5
student_ls_s0,test_w46-49,ge5,far,,94953,83358,0.9067328046507219,0.87345346281483,0.8113167426014615,0.8129873557427002,0.7533642820468309,0.8190281368794077,0.7833321336884282,0.761617455043929,0.04648825681811991,0.41778481006622314,0.1346159409899478,0.009772395233946593,37,7.5
student_ls_s0,test_w51-51,all,all,,100000,43579,0.85724,0.8153209532028858,0.8025885665113931,0.8209458684228642,0.7294723639826524,0.8084074447555016,0.8208081874297253,0.732455858326258,0.03889236979223786,0.6783581376075745,0.19492370533210837,0.01945466227270549,37,11.0
student_ls_s0,test_w51-51,all,near,,100000,6654,0.85724,0.8153209532028858,0.8368142876465283,0.7634505560565074,0.7542415915238954,0.8717126555455366,0.6830477908025248,0.7803687150586115,0.03889236979223786,0.6783581376075745,0.19492370533210837,0.01945466227270549,37,11.0
student_ls_s0,test_w51-51,all,far,,100000,36925,0.85724,0.8153209532028858,0.7964209849695328,0.8313067027758971,0.7250088720379149,0.7969996486120514,0.8456330399458362,0.7238218123222749,0.03889236979223786,0.6783581376075745,0.19492370533210837,0.01945466227270549,37,11.0
student_ls_s0,test_w51-51,ge5,all,,93905,40935,0.865672754379426,0.8211446409361063,0.8010413383913704,0.8238426774154147,0.7333552230248733,0.8082239882509922,0.8261634298277758,0.7401744803056675,0.040448151706481306,0.6316397190093994,0.18317061765884798,0.017066046878987582,37,11.0
student_ls_s0,test_w51-51,ge5,near,,93905,6460,0.865672754379426,0.8211446409361063,0.8378977667140379,0.7637770897832817,0.7606396771785199,0.8736089162306349,0.6856037151702786,0.7908481036842617,0.040448151706481306,0.6316397190093994,0.18317061765884798,0.017066046878987582,37,11.0
student_ls_s0,test_w51-51,ge5,far,,93905,34475,0.865672754379426,0.8211446409361063,0.794135101206035,0.835097897026831,0.7282426030442335,0.7959720191502382,0.8525018129079043,0.7306791472519847,0.040448151706481306,0.6316397190093994,0.18317061765884798,0.017066046878987582,37,11.0
student_ls_s1,val,all,all,,200000,54382,0.944495,0.921306201823171,0.78808463126586,0.857489610532897,0.7575843755286674,0.8241445929259682,0.8051009525210547,0.7901196623882902,0.05683631161518396,0.24721166491508484,0.08482615026699161,0.004579828600037864,37,1.0
student_ls_s1,val,all,near,,200000,12295,0.944495,0.921306201823171,0.7044377135014233,0.9013420089467263,0.6802900028466857,0.7160088989426596,0.8771858479056527,0.6889131207808052,0.05683631161518396,0.24721166491508484,0.08482615026699161,0.004579828600037864,37,1.0
student_ls_s1,val,all,far,,200000,42087,0.944495,0.921306201823171,0.8125206531708128,0.8446788794639675,0.7801646096181719,0.8557345935799653,0.7840425784684106,0.8196854292299285,0.05683631161518396,0.24721166491508484,0.08482615026699161,0.004579828600037864,37,1.0
student_ls_s1,val,ge5,all,,190477,52884,0.9495687143329641,0.9266542944355513,0.7897828072675211,0.8565917857953256,0.7625204366480263,0.8273161682578847,0.806633386279404,0.797645265938525,0.05660555669926923,0.2257094532251358,0.0772473051630434,0.003928527891705546,37,1.0
student_ls_s1,val,ge5,near,,190477,11763,0.9495687143329641,0.9266542944355513,0.7081544767627546,0.899090368103375,0.6863447559498598,0.720146494050953,0.8765621015047181,0.6966516435406399,0.05660555669926923,0.2257094532251358,0.0772473051630434,0.003928527891705546,37,1.0
student_ls_s1,val,ge5,far,,190477,41121,0.9495687143329641,0.9266542944355513,0.8131332620650106,0.8444347170545463,0.7843111161561251,0.8579729343310865,0.7866297025850538,0.8265353216343089,0.05660555669926923,0.2257094532251358,0.0772473051630434,0.003928527891705546,37,1.0
student_ls_s1,test_w42-45,all,all,,100000,100000,0.93489,0.9072125116885095,0.8385807709499999,0.75144,0.7968954945,0.84491753535,0.69355,0.8022113068000001,0.05517988471858205,0.3010843098163605,0.09930921009219475,0.006590195707576181,37,3.5
student_ls_s1,test_w42-45,all,near,,100000,11103,0.93489,0.9072125116885095,0.8546746843195533,0.7630370170224263,0.8114512843375664,0.8831246311807621,0.6155093218049176,0.8371681761686031,0.05517988471858205,0.3010843098163605,0.09930921009219475,0.006590195707576181,37,3.5
student_ls_s1,test_w42-45,all,far,,100000,88897,0.93489,0.9072125116885095,0.8365706837688561,0.7499915632698516,0.7950775148767676,0.8401455702104683,0.7032970741419845,0.7978452863426212,0.05517988471858205,0.3010843098163605,0.09930921009219475,0.006590195707576181,37,3.5
student_ls_s1,test_w42-45,ge5,all,,95189,93109,0.9409490592400382,0.9124346722478839,0.8377532914552931,0.7556627178897851,0.8007688364709558,0.8475845828344399,0.6899655242779967,0.8098694700443427,0.05623599307818597,0.2739811837673187,0.09027922440707302,0.005562090567677412,37,3.5
student_ls_s1,test_w42-45,ge5,near,,95189,10761,0.9409490592400382,0.9124346722478839,0.8546921659470349,0.7601524021931048,0.8162437259685874,0.8843390167826665,0.6140693244122294,0.8437672498622999,0.05623599307818597,0.2739811837673187,0.09027922440707302,0.005562090567677412,37,3.5
student_ls_s1,test_w42-45,ge5,far,,95189,82348,0.9409490592400382,0.9124346722478839,0.8355397680132465,0.755076018846845,0.7987466223809472,0.8427816190257639,0.6998834215767232,0.8054398055883628,0.05623599307818597,0.2739811837673187,0.09027922440707302,0.005562090567677412,37,3.5
student_ls_s1,test_w46-49,all,all,,100000,100000,0.89787,0.8674384100875464,0.81936422575,0.77786,0.7522674127000001,0.8307513317,0.72301,0.7611817862,0.04406035323217512,0.46443626284599304,0.14922563557144103,0.014089945776570132,37,7.5
student_ls_s1,test_w46-49,all,near,,100000,10044,0.89787,0.8674384100875464,0.8389086892672242,0.8052568697729988,0.7688654490242931,0.8730194170649144,0.6298287534846675,0.7973519583831143,0.04406035323217512,0.46443626284599304,0.14922563557144103,0.014089945776570132,37,7.5
student_ls_s1,test_w46-49,all,far,,100000,89956,0.89787,0.8674384100875464,0.8171819967539685,0.774801013828983,0.7504141658143982,0.826031906098537,0.7334141135666326,0.7571432205745031,0.04406035323217512,0.46443626284599304,0.14922563557144103,0.014089945776570132,37,7.5
student_ls_s1,test_w46-49,ge5,all,,94953,93107,0.9077017050540794,0.8747168397232742,0.8187734447959827,0.7800702417648512,0.7586169909721737,0.832336329046848,0.7187536919887871,0.7713931223073415,0.04913765734733995,0.4068170487880707,0.13462824565242792,0.010683802467147202,37,7.5
student_ls_s1,test_w46-49,ge5,near,,94953,9749,0.9077017050540794,0.8747168397232742,0.8394961336352122,0.801005231305775,0.7765902651167973,0.8742295054089941,0.6266283721407324,0.8077559449522433,0.04913765734733995,0.4068170487880707,0.13462824565242792,0.010683802467147202,37,7.5
student_ls_s1,test_w46-49,ge5,far,,94953,83358,0.9077017050540794,0.8747168397232742,0.8163498562562665,0.7776218239401137,0.7565149557789598,0.8274367803969935,0.7295280596943304,0.7671403672272635,0.04913765734733995,0.4068170487880707,0.13462824565242792,0.010683802467147202,37,7.5
student_ls_s1,test_w51-51,all,all,,100000,43579,0.85754,0.8161372446367345,0.8090415949195714,0.8191560155120585,0.7307541868790014,0.8151975962045941,0.8152321072076,0.736219224397072,0.03721311060778798,0.6660878658294678,0.19363476757816536,0.020523474799478077,37,11.0
student_ls_s1,test_w51-51,all,near,,100000,6654,0.85754,0.8161372446367345,0.8403591223324316,0.8067327923053802,0.7546613856327021,0.8696692403065824,0.7082957619477006,0.7782527502254283,0.03721311060778798,0.6660878658294678,0.19363476757816536,0.020523474799478077,37,11.0
student_ls_s1,test_w51-51,all,far,,100000,36925,0.85754,0.8161372446367345,0.803398078943805,0.8213947190250508,0.7264460352064998,0.8053816362897765,0.8345023696682464,0.7286446521327015,0.03721311060778798,0.6660878658294678,0.19363476757816536,0.020523474799478077,37,11.0
student_ls_s1,test_w51-51,ge5,all,,93905,40935,0.8660028752462595,0.8217952407807239,0.8064174062069581,0.8207401978746793,0.7350207722035882,0.8124608281369736,0.8209600586295346,0.7424019980951229,0.03891158637547415,0.6164608597755432,0.18144849643914945,0.01717749406749977,37,11.0
student_ls_s1,test_w51-51,ge5,near,,93905,6460,0.8660028752462595,0.8217952407807239,0.8383559466511755,0.8065015479876161,0.7599275056158956,0.8709644586790913,0.7160990712074303,0.7885222879390492,0.03891158637547415,0.6164608597755432,0.18144849643914945,0.01717749406749977,37,11.0
student_ls_s1,test_w51-51,ge5,far,,93905,34475,0.8660028752462595,0.8217952407807239,0.8004326934797751,0.8234082668600435,0.7303536946736822,0.8014982914204523,0.8406091370558376,0.733759878518857,0.03891158637547415,0.6164608597755432,0.18144849643914945,0.01717749406749977,37,11.0
student_ls_s2,val,all,all,,200000,54382,0.94513,0.9218197247093494,0.7901351039406421,0.8540693611856864,0.7596962218197197,0.8268584460391306,0.7974329741458571,0.7932244964326431,0.05612180671088396,0.2426830679178238,0.08386154605937207,0.004492259294443867,37,1.0
student_ls_s2,val,all,near,,200000,12295,0.94513,0.9218197247093494,0.6912208348922326,0.9084993899959333,0.6679816360309069,0.7152378692557951,0.8623830825538837,0.6884721016673444,0.05612180671088396,0.2426830679178238,0.08386154605937207,0.004492259294443867,37,1.0
student_ls_s2,val,all,far,,200000,42087,0.94513,0.9218197247093494,0.8190312224083447,0.8381685556109962,0.7864890754864922,0.8594664958300663,0.7784589065507164,0.8238261238624753,0.05612180671088396,0.2426830679178238,0.08386154605937207,0.004492259294443867,37,1.0
student_ls_s2,val,ge5,all,,190477,52884,0.9507867091564861,0.9275625707048829,0.7924579596362107,0.8526586491188262,0.765868806976109,0.8307783816677685,0.7988427501701838,0.8020765741136343,0.056376115805249684,0.22249862551689148,0.0763888486116949,0.003879131388006079,37,1.0
student_ls_s2,val,ge5,near,,190477,11763,0.9507867091564861,0.9275625707048829,0.6941683630336282,0.9064864405338774,0.6737846206030697,0.7194257682502274,0.8615149196633511,0.696867026519677,0.056376115805249684,0.22249862551689148,0.0763888486116949,0.003879131388006079,37,1.0
student_ls_s2,val,ge5,far,,190477,41121,0.9507867091564861,0.9275625707048829,0.8205745065304052,0.8372607670046934,0.7922102452754223,0.8626317118793524,0.7809148610199168,0.8321726298600344,0.056376115805249684,0.22249862551689148,0.0763888486116949,0.003879131388006079,37,1.0
student_ls_s2,test_w42-45,all,all,,100000,100000,0.93428,0.9065016758379733,0.83695692275,0.77865,0.795972523,0.8428150515,0.70701,0.8011130736,0.05280102503575382,0.30087602138519287,0.09902467358530107,0.006374192764508419,37,3.5
student_ls_s2,test_w42-45,all,near,,100000,11103,0.93428,0.9065016758379733,0.857366503197334,0.7137710528685941,0.8140063721516708,0.8828258524723048,0.6237053048725569,0.8376028001441053,0.05280102503575382,0.30087602138519287,0.09902467358530107,0.006374192764508419,37,3.5
student_ls_s2,test_w42-45,all,far,,100000,88897,0.93428,0.9065016758379733,0.8344078201739091,0.7867532087696998,0.7937201429744536,0.8378178083624869,0.7174145359235969,0.7965556033386954,0.05280102503575382,0.30087602138519287,0.09902467358530107,0.006374192764508419,37,3.5
student_ls_s2,test_w42-45,ge5,all,,95189,93109,0.9409490592400382,0.9123446168147175,0.8362310040069232,0.7832003350911297,0.8004412847925598,0.8470314249060712,0.7084599770161853,0.810762932455403,0.05433746717113269,0.27576136589050293,0.09021726858094897,0.005382031689518958,37,3.5
student_ls_s2,test_w42-45,ge5,near,,95189,10761,0.9409490592400382,0.9123446168147175,0.8584525004128337,0.7092277669361583,0.8202524025612482,0.8848381465401478,0.6248489917293932,0.8455022122588332,0.05433746717113269,0.27576136589050293,0.09021726858094897,0.005382031689518958,37,3.5
student_ls_s2,test_w42-45,ge5,far,,95189,82348,0.9409490592400382,0.9123446168147175,0.8333271627135825,0.7928668577257493,0.7978524248529274,0.8420909511665232,0.7193860203040754,0.8062233031995044,0.05433746717113269,0.27576136589050293,0.09021726858094897,0.005382031689518958,37,3.5
student_ls_s2,test_w46-49,all,all,,100000,100000,0.89252,0.8608592057086912,0.81704979925,0.80503,0.7474314013,0.8233672793499999,0.73906,0.7535701042999999,0.03966431527368726,0.493767112493515,0.15266587218855282,0.013325687405020194,37,7.5
student_ls_s2,test_w46-49,all,near,,100000,10044,0.89252,0.8608592057086912,0.8433925826363997,0.7144563918757467,0.7690541158900837,0.8726080197132616,0.6233572281959379,0.79496506869773,0.03966431527368726,0.493767112493515,0.15266587218855282,0.013325687405020194,37,7.5
student_ls_s2,test_w46-49,all,far,,100000,89956,0.89252,0.8608592057086912,0.8141085066588111,0.8151429587798479,0.745017126039397,0.8178693248365867,0.7519787451643025,0.7489481666592557,0.03966431527368726,0.493767112493515,0.15266587218855282,0.013325687405020194,37,7.5
student_ls_s2,test_w46-49,ge5,all,,94953,93107,0.9025412572535886,0.8693357156285287,0.8170588887705279,0.8076943731405802,0.7541827841238267,0.827474642477811,0.7391173595970227,0.7658721987607999,0.04476545940715715,0.4306018054485321,0.13837723167016086,0.010717336781523616,37,7.5
student_ls_s2,test_w46-49,ge5,near,,94953,9749,0.9025412572535886,0.8693357156285287,0.8460324493269258,0.707662324340958,0.7784052946226193,0.875103020368342,0.620166170889322,0.806485577588101,0.04476545940715715,0.4306018054485321,0.13837723167016086,0.010717336781523616,37,7.5
student_ls_s2,test_w46-49,ge5,far,,94953,83358,0.9025412572535886,0.8693357156285287,0.8136703328806995,0.8193934595359773,0.7513498796053313,0.8219043426139133,0.753029103385398,0.7611223267606638,0.04476545940715715,0.4306018054485321,0.13837723167016086,0.010717336781523616,37,7.5
student_ls_s2,test_w51-51,all,all,,100000,43579,0.85415,0.8085827443844351,0.8074001494986117,0.8488721631978705,0.7284089722113862,0.8064924928291151,0.8285412698776934,0.7300766066224558,0.03300328247845176,0.6975075602531433,0.19955745020976198,0.021258473423947752,37,11.0
student_ls_s2,test_w51-51,all,near,,100000,6654,0.85415,0.8085827443844351,0.8462081935677788,0.7460174331229336,0.7566296107604448,0.8693599797114518,0.7140066125638713,0.7781113465584611,0.03300328247845176,0.6975075602531433,0.19955745020976198,0.021258473423947752,37,11.0
student_ls_s2,test_w51-51,all,far,,100000,36925,0.85415,0.8085827443844351,0.8004068190927556,0.8674069058903182,0.723323525253893,0.7951635758970886,0.8491807718348002,0.7214205968855789,0.03300328247845176,0.6975075602531433,0.19955745020976198,0.021258473423947752,37,11.0
student_ls_s2,test_w51-51,ge5,all,,93905,40935,0.8627336137585858,0.8149009678771097,0.8049386534071493,0.8539391718578234,0.732827699512865,0.8075512492526747,0.8345181385122755,0.7393239990359785,0.03470658718433616,0.6445590257644653,0.18777372114944008,0.018665319201008,37,11.0
student_ls_s2,test_w51-51,ge5,near,,93905,6460,0.8627336137585858,0.8149009678771097,0.8466120896835498,0.746749226006192,0.7636478784385048,0.8715751748646572,0.7181114551083592,0.7892948970395777,0.03470658718433616,0.6445590257644653,0.18777372114944008,0.018665319201008,37,11.0
student_ls_s2,test_w51-51,ge5,far,,93905,34475,0.8627336137585858,0.8149009678771097,0.7971297948619558,0.8740246555474982,0.7270525477837967,0.7955543077166806,0.8563306744017404,0.729960344181642,0.03470658718433616,0.6445590257644653,0.18777372114944008,0.018665319201008,37,11.0
student_kdA_s0,val,all,all,,200000,54382,0.951545,0.9323766855204026,0.7309527464050605,0.9046191754624692,0.7005104009598766,0.8359469878820197,0.7371556765106101,0.8016854438049354,0.0031407806701213006,0.17234008014202118,0.07038648388970888,0.0031352363712893474,37,1.0
student_kdA_s0,val,all,near,,200000,12295,0.951545,0.9323766855204026,0.6573184263928427,0.9342008946726311,0.6314844030093534,0.7167388891825945,0.8696217974786499,0.6894480435136234,0.0031407806701213006,0.17234008014202118,0.07038648388970888,0.0031352363712893474,37,1.0
student_kdA_s0,val,all,far,,200000,42087,0.951545,0.9323766855204026,0.752463758464609,0.8959773801886568,0.7206751702425928,0.8707716029296457,0.6984579561384751,0.8344736880747025,0.0031407806701213006,0.17234008014202118,0.07038648388970888,0.0031352363712893474,37,1.0
student_kdA_s0,val,ge5,all,,190477,52884,0.956372685416087,0.9378398977200555,0.7297352127988196,0.9062665456470766,0.7034440638288055,0.8410643206859632,0.7426442780425081,0.8113093257043694,0.0031192866609977997,0.15334516763687134,0.06370098943000581,0.002611798459988516,37,1.0
student_kdA_s0,val,ge5,near,,190477,11763,0.956372685416087,0.9378398977200555,0.6569968872773835,0.9350505823344385,0.6348533014909131,0.7221408605111364,0.871206324917113,0.6988094847906255,0.0031192866609977997,0.15334516763687134,0.06370098943000581,0.002611798459988516,37,1.0
student_kdA_s0,val,ge5,far,,190477,41121,0.956372685416087,0.9378398977200555,0.7505426086089568,0.8980326353931082,0.7230650151038381,0.8750833538329317,0.7058680479560322,0.8434908297696495,0.0031192866609977997,0.15334516763687134,0.06370098943000581,0.002611798459988516,37,1.0
student_kdA_s0,test_w42-45,all,all,,100000,100000,0.93902,0.9151136562209747,0.7604081213999999,0.84194,0.7208149969000001,0.8093275258499999,0.6977,0.7697955424,0.011904285259097806,0.26055532693862915,0.08901201315470852,0.004658253397781533,37,3.5
student_kdA_s0,test_w42-45,all,near,,100000,11103,0.93902,0.9151136562209747,0.7524455845267045,0.8328379717193551,0.7132990606142484,0.8603046347833918,0.6584706835990273,0.8170760452130055,0.011904285259097806,0.26055532693862915,0.08901201315470852,0.004658253397781533,37,3.5
student_kdA_s0,test_w42-45,all,far,,100000,88897,0.93902,0.9151136562209747,0.7614026211795673,0.8430768192402444,0.721753717448283,0.8029606198746865,0.7025996377830523,0.7638903327446369,0.011904285259097806,0.26055532693862915,0.08901201315470852,0.004658253397781533,37,3.5
student_kdA_s0,test_w42-45,ge5,all,,95189,93109,0.9450671821323893,0.9207951586791526,0.761740985136066,0.8410679955750787,0.727284777002273,0.8192959718277975,0.6871193976951745,0.7847299552538811,0.0108533307947066,0.2357368916273117,0.08078485379322652,0.0039336698407266705,37,3.5
student_kdA_s0,test_w42-45,ge5,near,,95189,10761,0.9450671821323893,0.9207951586791526,0.7511219739379218,0.8352383607471424,0.7171843818133913,0.8649110543583071,0.6585819161787938,0.8274853611486122,0.0108533307947066,0.2357368916273117,0.08078485379322652,0.0039336698407266705,37,3.5
student_kdA_s0,test_w42-45,ge5,far,,95189,82348,0.9450671821323893,0.9207951586791526,0.7631286470040316,0.8418297955020159,0.7286046676204733,0.8133351239248634,0.6908485937727692,0.7791428016759777,0.0108533307947066,0.2357368916273117,0.08078485379322652,0.0039336698407266705,37,3.5
student_kdA_s0,test_w46-49,all,all,,100000,100000,0.89742,0.8782329033221916,0.73696344735,0.85068,0.6739218621,0.783596078,0.7482,0.7191767831,0.038140981006398775,0.5249011516571045,0.15368563298027604,0.01196109843463224,37,7.5
student_kdA_s0,test_w46-49,all,near,,100000,10044,0.89742,0.8782329033221916,0.7315159483273597,0.8447829549980087,0.6689407497013142,0.8458775806451613,0.6898645957785743,0.7733763948626045,0.038140981006398775,0.5249011516571045,0.15368563298027604,0.01196109843463224,37,7.5
student_kdA_s0,test_w46-49,all,far,,100000,89956,0.89742,0.8782329033221916,0.7375716856018498,0.8513384321223709,0.6744780261461158,0.7766420625639201,0.7547134154475521,0.7131251478500602,0.038140981006398775,0.5249011516571045,0.15368563298027604,0.01196109843463224,37,7.5
student_kdA_s0,test_w46-49,ge5,all,,94953,93107,0.9068591829642033,0.8853933809589168,0.7378514781766302,0.850849023166894,0.6817386309944079,0.7932395154441472,0.740223613691774,0.7364849330029326,0.03459829219156345,0.4574439227581024,0.14042248546134972,0.010332709407877238,37,7.5
student_kdA_s0,test_w46-49,ge5,near,,94953,9749,0.9068591829642033,0.8853933809589168,0.7316418574579988,0.8501384757411017,0.6758948837542537,0.8504625111066468,0.6921735562621807,0.7869819182273783,0.03459829219156345,0.4574439227581024,0.14042248546134972,0.010332709407877238,37,7.5
student_kdA_s0,test_w46-49,ge5,far,,94953,83358,0.9068591829642033,0.8853933809589168,0.7385777143193633,0.850932124091269,0.6824220769965226,0.786547092584749,0.7458432304038005,0.73057913981028,0.03459829219156345,0.4574439227581024,0.14042248546134972,0.010332709407877238,37,7.5
student_kdA_s0,test_w51-51,all,all,,100000,43579,0.86261,0.8320188915667017,0.7285114951008512,0.8606209412790564,0.6575252897037565,0.7711555346611899,0.8029784988182381,0.6985066256683264,0.05901722294054922,0.7576281428337097,0.20140261967355622,0.018049020235616327,37,11.0
student_kdA_s0,test_w51-51,all,near,,100000,6654,0.86261,0.8320188915667017,0.727360169822663,0.855575593627893,0.6563849954914337,0.837224706943192,0.7727682596934174,0.7542021505861136,0.05901722294054922,0.7576281428337097,0.20140261967355622,0.018049020235616327,37,11.0
student_kdA_s0,test_w51-51,all,far,,100000,36925,0.86261,0.8320188915667017,0.7287189675016925,0.8615301286391334,0.6577307742721732,0.7592496640487475,0.8084224779959377,0.688470118618822,0.05901722294054922,0.7576281428337097,0.20140261967355622,0.018049020235616327,37,11.0
student_kdA_s0,test_w51-51,ge5,all,,93905,40935,0.8710185826100847,0.8387719637885334,0.7225706581632352,0.8588738243556858,0.6594502081545279,0.7753726179597227,0.7980456821790644,0.7106460743992877,0.05596822870135666,0.7020144462585449,0.19020704815380396,0.016216150430239017,37,11.0
student_kdA_s0,test_w51-51,ge5,near,,93905,6460,0.8710185826100847,0.8387719637885334,0.7233146576401319,0.8582043343653251,0.6596421800373641,0.8398995501843557,0.7744582043343653,0.766336998577213,0.05596822870135666,0.7020144462585449,0.19020704815380396,0.016216150430239017,37,11.0
student_kdA_s0,test_w51-51,ge5,far,,93905,34475,0.8710185826100847,0.8387719637885334,0.7224312459334818,0.8589992748368382,0.6594142360482735,0.7632814219576595,0.8024655547498187,0.7002105886795085,0.05596822870135666,0.7020144462585449,0.19020704815380396,0.016216150430239017,37,11.0
student_kdA_s1,val,all,all,,200000,54382,0.949855,0.9298348170392134,0.7420690099205619,0.8937699974256188,0.7103334515096907,0.8372003771008789,0.7181236438527454,0.801843083373175,0.0036597122849523858,0.17931607365608215,0.072521667223414,0.0033041106483580277,37,1.0
student_kdA_s1,val,all,near,,200000,12295,0.949855,0.9298348170392134,0.6541240262301748,0.9303782025213502,0.6282876990646604,0.7178318552257016,0.8317202114680765,0.6898102171614477,0.0036597122849523858,0.17931607365608215,0.072521667223414,0.0033041106483580277,37,1.0
student_kdA_s1,val,all,far,,200000,42087,0.949855,0.9298348170392134,0.7677606385582246,0.8830755340128781,0.7343017202461568,0.8720718570461188,0.684938342005845,0.8345715764963052,0.0036597122849523858,0.17931607365608215,0.072521667223414,0.0033041106483580277,37,1.0
student_kdA_s1,val,ge5,all,,190477,52884,0.9546611926899311,0.9351804708592217,0.7399342962254629,0.8955260570304818,0.7124663359277615,0.8417863898247369,0.7200854700854701,0.8109193988103901,0.00369087075759307,0.15908250212669373,0.06562823365213238,0.0027567714815114382,37,1.0
student_kdA_s1,val,ge5,near,,190477,11763,0.9546611926899311,0.9351804708592217,0.6529217535510504,0.9300348550539829,0.6307400972811359,0.7228624316283407,0.8286151491966335,0.6987782178997913,0.00369087075759307,0.15908250212669373,0.06562823365213238,0.0027567714815114382,37,1.0
student_kdA_s1,val,ge5,far,,190477,41121,0.9546611926899311,0.9351804708592217,0.7648249491638428,0.8856545317477688,0.7358447981538808,0.875805565434868,0.6890396634323095,0.8429983052341488,0.00369087075759307,0.15908250212669373,0.06562823365213238,0.0027567714815114382,37,1.0
student_kdA_s1,test_w42-45,all,all,,100000,100000,0.93933,0.9150494325392214,0.75964330535,0.84944,0.7209018350000002,0.8095283411,0.72547,0.770588966,0.011360883388593805,0.26492106914520264,0.09012082403438501,0.004991353305586369,37,3.5
student_kdA_s1,test_w42-45,all,near,,100000,11103,0.93933,0.9150494325392214,0.7652414658200486,0.8240115284157435,0.7260248158155453,0.8584801202377736,0.6757633072142664,0.8160960866432496,0.011360883388593805,0.26492106914520264,0.09012082403438501,0.004991353305586369,37,3.5
student_kdA_s1,test_w42-45,all,far,,100000,88897,0.93933,0.9150494325392214,0.7589441099249693,0.8526159487946725,0.7202619882560717,0.8034143934553472,0.7316782343611146,0.7649052470837034,0.011360883388593805,0.26492106914520264,0.09012082403438501,0.004991353305586369,37,3.5
student_kdA_s1,test_w42-45,ge5,all,,95189,93109,0.9451512254567229,0.9204309895716408,0.764387854814389,0.8508414868594872,0.7303903596719687,0.8192990137598954,0.7201237259556005,0.7852078438527124,0.010372021209099252,0.23766140639781952,0.08145380751292665,0.0042154188166780415,37,3.5
student_kdA_s1,test_w42-45,ge5,near,,95189,10761,0.9451512254567229,0.9204309895716408,0.7647091908608188,0.8271536102592696,0.7306320722522591,0.8628459826351329,0.6756806988198123,0.8260582364220465,0.010372021209099252,0.23766140639781952,0.08145380751292665,0.0042154188166780415,37,3.5
student_kdA_s1,test_w42-45,ge5,far,,95189,82348,0.9451512254567229,0.9204309895716408,0.7643458635432515,0.8539369505027444,0.7303587733665757,0.8136084210063808,0.7259314130276388,0.7798696319418148,0.010372021209099252,0.23766140639781952,0.08145380751292665,0.0042154188166780415,37,3.5
student_kdA_s1,test_w46-49,all,all,,100000,100000,0.89761,0.8726246403953014,0.7323480447999999,0.86277,0.6686758059000001,0.7868945028,0.76324,0.7208445953999998,0.03946571979559961,0.5384154915809631,0.15436147872491665,0.012364171977197538,37,7.5
student_kdA_s1,test_w46-49,all,near,,100000,10044,0.89761,0.8726246403953014,0.744109212962963,0.8251692552767822,0.6787692194344883,0.8472107442254081,0.7015133412982876,0.7734410225009957,0.03946571979559961,0.5384154915809631,0.15436147872491665,0.012364171977197538,37,7.5
student_kdA_s1,test_w46-49,all,far,,100000,89956,0.89761,0.8726246403953014,0.7310348564298101,0.8669682956111877,0.6675488299835476,0.7801599177931433,0.7701320645648984,0.7149719630708348,0.03946571979559961,0.5384154915809631,0.15436147872491665,0.012364171977197538,37,7.5
student_kdA_s1,test_w46-49,ge5,all,,94953,93107,0.9070592819605489,0.8801294161314048,0.7381528618550259,0.8661217738730708,0.6807829881182218,0.7966417128157464,0.7611887398369618,0.7383319000613661,0.03537718693603954,0.46495935320854187,0.1401019037541253,0.010389135838109805,37,7.5
student_kdA_s1,test_w46-49,ge5,near,,94953,9749,0.9070592819605489,0.8801294161314048,0.7445915128298753,0.8252128423428043,0.6863028651054088,0.851662847440964,0.704482511026772,0.7868548193755931,0.03537718693603954,0.46495935320854187,0.1401019037541253,0.010389135838109805,37,7.5
student_kdA_s1,test_w46-49,ge5,far,,94953,83358,0.9070592819605489,0.8801294161314048,0.737399839849294,0.8709062117613187,0.6801374198374559,0.7902068050509098,0.7678207250653807,0.7326569805528078,0.03537718693603954,0.46495935320854187,0.1401019037541253,0.010389135838109805,37,7.5
student_kdA_s1,test_w51-51,all,all,,100000,43579,0.86323,0.8247349725360389,0.7271596003809174,0.8770738199591547,0.6537341382317171,0.7767548009362306,0.8000871979623213,0.701192449344868,0.06098950235456227,0.8412566184997559,0.20502598927210594,0.018777183322854097,37,11.0
student_kdA_s1,test_w51-51,all,near,,100000,6654,0.86323,0.8247349725360389,0.7470465825067629,0.8315299068229637,0.6693297715659754,0.8413139111812443,0.761346558461076,0.7552775368199579,0.06098950235456227,0.8412566184997559,0.20502598927210594,0.018777183322854097,37,11.0
student_kdA_s1,test_w51-51,all,far,,100000,36925,0.86323,0.8247349725360389,0.7235759042654029,0.8852809749492214,0.6509237565335139,0.7651210482058226,0.8070683818551118,0.6914461481381178,0.06098950235456227,0.8412566184997559,0.20502598927210594,0.018777183322854097,37,11.0
student_kdA_s1,test_w51-51,ge5,all,,93905,40935,0.8715190884404451,0.8315151728868299,0.7282588325431509,0.8808354708684499,0.6609509798081683,0.7807268003761733,0.801050445828753,0.7129541454939852,0.057846495683858065,0.7833693027496338,0.1932027888655529,0.016656337603576155,37,11.0
student_kdA_s1,test_w51-51,ge5,near,,93905,6460,0.8715190884404451,0.8315151728868299,0.7443133828849822,0.8349845201238391,0.6734433505438191,0.8445255316164169,0.7643962848297213,0.7673999066641192,0.057846495683858065,0.7833693027496338,0.1932027888655529,0.016656337603576155,37,11.0
student_kdA_s1,test_w51-51,ge5,far,,93905,34475,0.8715190884404451,0.8315151728868299,0.7252504962064363,0.889427121102248,0.658610132383881,0.7687720562481971,0.8079187817258884,0.7027519811093857,0.057846495683858065,0.7833693027496338,0.1932027888655529,0.016656337603576155,37,11.0
student_kdA_s2,val,all,all,,200000,54382,0.949985,0.9297222854443444,0.7562313201059174,0.879132801294546,0.7234179898679711,0.8390730040730388,0.707587069250855,0.8035892802765621,0.0038745755536109695,0.18366384506225586,0.07213849545674811,0.0032404512759399394,37,1.0
student_kdA_s2,val,all,near,,200000,12295,0.949985,0.9297222854443444,0.6624620705571371,0.9071167141114274,0.6358384371695811,0.7199182673851159,0.8309068727124848,0.6915794160227735,0.0038745755536109695,0.18366384506225586,0.07213849545674811,0.0032404512759399394,37,1.0
student_kdA_s2,val,all,far,,200000,42087,0.949985,0.9297222854443444,0.783624408784185,0.8709577779361798,0.7490028640672891,0.8738820303181506,0.6715612897094114,0.8363110537695726,0.0038745755536109695,0.18366384506225586,0.07213849545674811,0.0032404512759399394,37,1.0
student_kdA_s2,val,ge5,all,,190477,52884,0.9548344419536217,0.9351981446366431,0.7547772295265908,0.8799826034339309,0.726262232338315,0.8443685264354647,0.7113682777399591,0.8133631637534112,0.0038440976920928573,0.16382811963558197,0.06532994521103386,0.002705084113149413,37,1.0
student_kdA_s2,val,ge5,near,,190477,11763,0.9548344419536217,0.9351981446366431,0.6632607982035816,0.9061463912267279,0.6402757652472785,0.7256918661092375,0.8318456176145541,0.7012282686321919,0.0038440976920928573,0.16382811963558197,0.06532994521103386,0.002705084113149413,37,1.0
student_kdA_s2,val,ge5,far,,190477,41121,0.9548344419536217,0.9351981446366431,0.7809562568277885,0.8724982369105809,0.7508593679233411,0.878316960457434,0.6769047445344228,0.8454402720754586,0.0038440976920928573,0.16382811963558197,0.06532994521103386,0.002705084113149413,37,1.0
student_kdA_s2,test_w42-45,all,all,,100000,100000,0.93758,0.9127187587862694,0.7655333908499999,0.86289,0.7254371272000001,0.80717715945,0.71654,0.7676124937,0.013202241255491942,0.2846118211746216,0.09192764554670248,0.005068264462318774,37,3.5
student_kdA_s2,test_w42-45,all,near,,100000,11103,0.93758,0.9127187587862694,0.7682428289651446,0.8770602539854093,0.7279244096190219,0.8560020949292984,0.7036836890930379,0.8133411735566964,0.013202241255491942,0.2846118211746216,0.09192764554670248,0.005068264462318774,37,3.5
student_kdA_s2,test_w42-45,all,far,,100000,88897,0.93758,0.9127187587862694,0.7651949892009854,0.8611201727842335,0.7251264722094108,0.8010790542425504,0.7181457192031228,0.7619011026243855,0.013202241255491942,0.2846118211746216,0.09192764554670248,0.005068264462318774,37,3.5
student_kdA_s2,test_w42-45,ge5,all,,95189,93109,0.9434493481389656,0.918027033585291,0.7663448396681773,0.8606794187457711,0.7311323141081525,0.8176313978800211,0.7060864148471147,0.782753021291939,0.012309836001176237,0.2578376233577728,0.08374858580948305,0.004324174554204495,37,3.5
student_kdA_s2,test_w42-45,ge5,near,,95189,10761,0.9434493481389656,0.918027033585291,0.7658591458036568,0.8803085215128705,0.7306972798282924,0.8597273752020895,0.7046742867763219,0.8227290096118147,0.012309836001176237,0.2578376233577728,0.08374858580948305,0.004324174554204495,37,3.5
student_kdA_s2,test_w42-45,ge5,far,,95189,82348,0.9434493481389656,0.918027033585291,0.7664083087466748,0.8581143440034974,0.7311891631377049,0.812130416533021,0.7062709476854325,0.7775290740156218,0.012309836001176237,0.2578376233577728,0.08374858580948305,0.004324174554204495,37,3.5
student_kdA_s2,test_w46-49,all,all,,100000,100000,0.89493,0.8637346922630486,0.7431730623500001,0.8792,0.6767204151000001,0.78220131055,0.75999,0.7164592112999999,0.041867022935599074,0.536505937576294,0.1558622001358448,0.012011182558230242,37,7.5
student_kdA_s2,test_w46-49,all,near,,100000,10044,0.89493,0.8637346922630486,0.747875821385902,0.8805256869772998,0.6806686131023497,0.841252646853843,0.7325766626841895,0.7681766686579052,0.041867022935599074,0.536505937576294,0.1558622001358448,0.012011182558230242,37,7.5
student_kdA_s2,test_w46-49,all,far,,100000,89956,0.89493,0.8637346922630486,0.7426479777335586,0.8790519809684735,0.6762795806838898,0.7756079580016898,0.7630508248477034,0.7106847199742097,0.041867022935599074,0.536505937576294,0.1558622001358448,0.012011182558230242,37,7.5
student_kdA_s2,test_w46-49,ge5,all,,94953,93107,0.9043421482206987,0.871533210953755,0.7451927239311547,0.8757236298022705,0.6846918615358951,0.7930966903519362,0.7516405855628471,0.7345281633009585,0.038465918413763095,0.4667186141014099,0.14256776066550764,0.010260292972846342,37,7.5
student_kdA_s2,test_w46-49,ge5,near,,94953,9749,0.9043421482206987,0.871533210953755,0.7474998122954507,0.8812185865216945,0.6866027797220519,0.8450262256875887,0.7350497486921735,0.7809138643913878,0.038465918413763095,0.4667186141014099,0.14256776066550764,0.010260292972846342,37,7.5
student_kdA_s2,test_w46-49,ge5,far,,94953,83358,0.9043421482206987,0.871533210953755,0.7449229021448412,0.8750809760310948,0.6844683731916827,0.7870233555791817,0.7535809400417477,0.7291031986913158,0.038465918413763095,0.4667186141014099,0.14256776066550764,0.010260292972846342,37,7.5
student_kdA_s2,test_w51-51,all,all,,100000,43579,0.85582,0.8094519767681119,0.7376292310516533,0.8846692214139839,0.659541181991326,0.7680398869868514,0.7948323733908534,0.6918074336262878,0.06573639801383022,0.8033925890922546,0.20957660273465753,0.01889485802973002,37,11.0
student_kdA_s2,test_w51-51,all,near,,100000,6654,0.85582,0.8094519767681119,0.755882772016832,0.8815749924857229,0.6735163104899309,0.838279437932071,0.7874962428614367,0.7510374541629096,0.06573639801383022,0.8033925890922546,0.20957660273465753,0.01889485802973002,37,11.0
student_kdA_s2,test_w51-51,all,far,,100000,36925,0.85582,0.8094519767681119,0.7343398861205146,0.8852268111035884,0.6570228203114422,0.7553825011509817,0.7961543669600541,0.6811339994583615,0.06573639801383022,0.8033925890922546,0.20957660273465753,0.01889485802973002,37,11.0
student_kdA_s2,test_w51-51,ge5,all,,93905,40935,0.863862414141952,0.8144079770150608,0.7345281857256456,0.884524245755466,0.6624835139390923,0.7732342304760093,0.7919384389886406,0.7040252353720989,0.06344288363477543,0.7509807348251343,0.19895027640723942,0.016944004980556468,37,11.0
student_kdA_s2,test_w51-51,ge5,near,,93905,6460,0.863862414141952,0.8144079770150608,0.7525528303009613,0.8848297213622291,0.6764687683339808,0.8408161630974456,0.7959752321981424,0.7625621474044235,0.06344288363477543,0.7509807348251343,0.19895027640723942,0.016944004980556468,37,11.0
student_kdA_s2,test_w51-51,ge5,far,,93905,34475,0.863862414141952,0.8144079770150608,0.7311506888741144,0.8844670050761422,0.659862926748636,0.760570581897779,0.7911820159535896,0.6930564622980216,0.06344288363477543,0.7509807348251343,0.19895027640723942,0.016944004980556468,37,11.0
student_kdB_s0,val,all,all,,200000,54382,0.951,0.9314049922851082,0.733741996386672,0.8932918980545034,0.7031771931889228,0.8291853008348349,0.7495127064102093,0.7953245043396714,0.0042170858238637495,0.17285171151161194,0.07071273482902413,0.0031537250487207956,37,1.0
student_kdB_s0,val,all,near,,200000,12295,0.951,0.9314049922851082,0.6637033942659618,0.9203741358275722,0.6377764945099634,0.7156970239934933,0.8671817812118747,0.6885964701098006,0.0042170858238637495,0.17285171151161194,0.07071273482902413,0.0031537250487207956,37,1.0
student_kdB_s0,val,all,far,,200000,42087,0.951,0.9314049922851082,0.7542025807256397,0.885380283698054,0.7222828930548625,0.8623389673770997,0.7151376909734597,0.8265032811794616,0.0042170858238637495,0.17285171151161194,0.07071273482902413,0.0031537250487207956,37,1.0
student_kdB_s0,val,ge5,all,,190477,52884,0.955684938339012,0.9364820842102614,0.7323702433020617,0.8952235080553664,0.7056743860665232,0.8338500098517195,0.7531767642387112,0.8043466663916554,0.0041831573898420465,0.15467128157615662,0.06410099855759872,0.0026332727371190423,37,1.0
student_kdB_s0,val,ge5,near,,190477,11763,0.955684938339012,0.9364820842102614,0.6640961835527093,0.9194933265323472,0.6414929598319163,0.7211145302645215,0.8683159058063419,0.6978255212346489,0.0041831573898420465,0.15467128157615662,0.06410099855759872,0.0026332727371190423,37,1.0
student_kdB_s0,val,ge5,far,,190477,41121,0.955684938339012,0.9364820842102614,0.7519005991988451,0.8882809270202573,0.7240340105113976,0.8660989202961205,0.7202402665304832,0.8348179154002365,0.0041831573898420465,0.15467128157615662,0.06410099855759872,0.0026332727371190423,37,1.0
student_kdB_s0,test_w42-45,all,all,,100000,100000,0.93936,0.9149293094552143,0.7534375906499999,0.85745,0.7150385706000001,0.80444292415,0.72247,0.7660100282000002,0.011621939066946507,0.26709628105163574,0.08902176802860291,0.004683698295634079,37,3.5
student_kdB_s0,test_w42-45,all,near,,100000,11103,0.93936,0.9149293094552143,0.774347608304062,0.8113122579483023,0.7341409204719446,0.8626880856525264,0.6562190398991263,0.8198851985949742,0.011621939066946507,0.26709628105163574,0.08902176802860291,0.004683698295634079,37,3.5
student_kdB_s0,test_w42-45,all,far,,100000,88897,0.93936,0.9149293094552143,0.7508259847913878,0.8632124818610302,0.7126527376626883,0.7971682576464897,0.7307445695580278,0.7592811620189659,0.011621939066946507,0.26709628105163574,0.08902176802860291,0.004683698295634079,37,3.5
student_kdB_s0,test_w42-45,ge5,all,,95189,93109,0.9451932471188897,0.9201557291217278,0.7533860446513743,0.8572533267460718,0.7198611570234663,0.8139749123995117,0.7125197349343243,0.7802994122093918,0.010556840809505951,0.2428358644247055,0.08079191831597367,0.003951599994199462,37,3.5
student_kdB_s0,test_w42-45,ge5,near,,95189,10761,0.9451932471188897,0.9201557291217278,0.7714600288771136,0.8108911811169965,0.7364053784724631,0.8675025717742442,0.6595111978440665,0.8302442906251544,0.010556840809505951,0.2428358644247055,0.08079191831597367,0.003951599994199462,37,3.5
student_kdB_s0,test_w42-45,ge5,far,,95189,82348,0.9451932471188897,0.9201557291217278,0.7510241883312064,0.8633117987079225,0.7176992057069479,0.8069800716926155,0.7194467382328654,0.773772759022526,0.010556840809505951,0.2428358644247055,0.08079191831597367,0.003951599994199462,37,3.5
student_kdB_s0,test_w46-49,all,all,,100000,100000,0.89635,0.8774305365248835,0.7296908684999999,0.87639,0.6649496505,0.78020298865,0.76192,0.714070389,0.03927095081344243,0.5433242321014404,0.1533529813175278,0.011505327743097074,37,7.5
student_kdB_s0,test_w46-49,all,near,,100000,10044,0.89635,0.8774305365248835,0.7575122630426125,0.8173038630027878,0.6887300657108721,0.8501689287136599,0.6946435682994823,0.7746245838311429,0.03927095081344243,0.5433242321014404,0.1533529813175278,0.011505327743097074,37,7.5
student_kdB_s0,test_w46-49,all,far,,100000,89956,0.89635,0.8774305365248835,0.7265844821912936,0.8829872382053449,0.662294458068389,0.7723909705300369,0.7694317221752857,0.7073092354039754,0.03927095081344243,0.5433242321014404,0.1533529813175278,0.011505327743097074,37,7.5
student_kdB_s0,test_w46-49,ge5,all,,94953,93107,0.9057428411951176,0.8845331682385069,0.7300252688047111,0.872909663075816,0.6713306825294201,0.7900392528213419,0.7552708174465937,0.7312215308164718,0.03527905360835177,0.4694184362888336,0.13984997318351353,0.009845707222715232,37,7.5
student_kdB_s0,test_w46-49,ge5,near,,94953,9749,0.9057428411951176,0.8845331682385069,0.7554310733992957,0.816391424761514,0.69333636897093,0.8549491729525774,0.6991486306287824,0.7881420108230103,0.03527905360835177,0.4694184362888336,0.13984997318351353,0.009845707222715232,37,7.5
student_kdB_s0,test_w46-49,ge5,far,,94953,83358,0.9057428411951176,0.8845331682385069,0.7270539740400502,0.8795196621799948,0.6687570430812774,0.7824478181496917,0.7618344969888913,0.7245644881860853,0.03527905360835177,0.4694184362888336,0.13984997318351353,0.009845707222715232,37,7.5
student_kdB_s0,test_w51-51,all,all,,100000,43579,0.86158,0.8227211770446528,0.7241722777025631,0.8806076321163864,0.6504303490213176,0.7709677218385002,0.7961862364900526,0.6960741104660502,0.05988614593729374,0.7916876077651978,0.20264384482455797,0.017757001741665182,37,11.0
student_kdB_s0,test_w51-51,all,near,,100000,6654,0.86158,0.8227211770446528,0.7534039427412084,0.8262699128343853,0.6730825488428013,0.8492861451758342,0.759092275323114,0.7610673474601743,0.05988614593729374,0.7916876077651978,0.20264384482455797,0.017757001741665182,37,11.0
student_kdB_s0,test_w51-51,all,far,,100000,36925,0.86158,0.8227211770446528,0.7189046406228843,0.8903994583615437,0.6463483520649966,0.7568544980365606,0.8028706838185511,0.6843621267433987,0.05988614593729374,0.7916876077651978,0.20264384482455797,0.017757001741665182,37,11.0
student_kdB_s0,test_w51-51,ge5,all,,93905,40935,0.8699323784676002,0.8286608574304403,0.7210552236628804,0.8789788689385611,0.6534149157745769,0.7763056076589259,0.7911078539147429,0.7086388476455135,0.056288960045896286,0.7314352989196777,0.19089783212464667,0.015829758314000734,37,11.0
student_kdB_s0,test_w51-51,ge5,near,,93905,6460,0.8699323784676002,0.8286608574304403,0.7484982888147118,0.8260061919504644,0.6748807527797591,0.8529798708034912,0.7619195046439629,0.7735293573654818,0.056288960045896286,0.7314352989196777,0.19089783212464667,0.015829758314000734,37,11.0
student_kdB_s0,test_w51-51,ge5,far,,93905,34475,0.8699323784676002,0.8286608574304403,0.7159128828106445,0.8889050036258158,0.6493926008491682,0.7619382185388708,0.7965772298767223,0.6964795237066884,0.056288960045896286,0.7314352989196777,0.19089783212464667,0.015829758314000734,37,11.0
student_kdB_s1,val,all,all,,200000,54382,0.949335,0.9287011880238129,0.7356491569361185,0.8994152476922511,0.7033844107425252,0.8355301774024493,0.7442903902026405,0.799737383325365,0.004484612179845541,0.1813991218805313,0.07324337724611843,0.0033701259820804606,37,1.0
student_kdB_s1,val,all,near,,200000,12295,0.949335,0.9287011880238129,0.6605265766571776,0.9245221634810898,0.6332580715738106,0.7173603556323709,0.8496949979666532,0.6886453904026026,0.004484612179845541,0.1813991218805313,0.07324337724611843,0.0033701259820804606,37,1.0
student_kdB_s1,val,all,far,,200000,42087,0.949335,0.9287011880238129,0.7575949388766128,0.8920806899992872,0.7238706259652624,0.8700514775346306,0.7134982298572006,0.8321910163470907,0.004484612179845541,0.1813991218805313,0.07324337724611843,0.0033701259820804606,37,1.0
student_kdB_s1,val,ge5,all,,190477,52884,0.9539839455682313,0.9338875034762083,0.7333931412054262,0.9011988503138946,0.7052165136364881,0.8398789816687414,0.748506164435368,0.8084274312415067,0.004825746031780971,0.16206572949886322,0.06653314970095768,0.002828010254341451,37,1.0
student_kdB_s1,val,ge5,near,,190477,11763,0.9539839455682313,0.9338875034762083,0.6596727718497861,0.9245940661395903,0.6358981929950362,0.7219077229850107,0.8505483295077786,0.6969691544967527,0.004825746031780971,0.16206572949886322,0.06653314970095768,0.002828010254341451,37,1.0
student_kdB_s1,val,ge5,far,,190477,41121,0.9539839455682313,0.9338875034762083,0.7544814587251947,0.8945064565550449,0.7250455889436402,0.8736256297535817,0.7193161644901632,0.8403109873162262,0.004825746031780971,0.16206572949886322,0.06653314970095768,0.002828010254341451,37,1.0
student_kdB_s1,test_w42-45,all,all,,100000,100000,0.93716,0.9125834705710568,0.75634103345,0.86163,0.7162451375,0.8107404599500001,0.70929,0.7706800108,0.013316235826537001,0.27978625893592834,0.09202433689679301,0.005005890368541459,37,3.5
student_kdB_s1,test_w42-45,all,near,,100000,11103,0.93716,0.9125834705710568,0.7656321714851843,0.832387642979375,0.7247468945330092,0.8565231725659732,0.6759434387102585,0.813239502837071,0.013316235826537001,0.27978625893592834,0.09202433689679301,0.005005890368541459,37,3.5
student_kdB_s1,test_w42-45,all,far,,100000,88897,0.93716,0.9125834705710568,0.7551805949019651,0.8652822929907646,0.7151832905497373,0.8050223203257703,0.7134548972406268,0.7653644428945858,0.013316235826537001,0.27978625893592834,0.09202433689679301,0.005005890368541459,37,3.5
student_kdB_s1,test_w42-45,ge5,all,,95189,93109,0.9429135719463383,0.9179810147941363,0.7604357528369907,0.8658346668957888,0.725008182292997,0.8213676158189803,0.7017044539195996,0.7860785603449939,0.012672116731072974,0.25589826703071594,0.08378787854015826,0.004263099446858274,37,3.5
student_kdB_s1,test_w42-45,ge5,near,,95189,10761,0.9429135719463383,0.9179810147941363,0.7634159762577569,0.8330080847504878,0.7277213487466923,0.8606592737028198,0.6727069974909395,0.8229728648982504,0.012672116731072974,0.25589826703071594,0.08378787854015826,0.004263099446858274,37,3.5
student_kdB_s1,test_w42-45,ge5,far,,95189,82348,0.9429135719463383,0.9179810147941363,0.7600463058045082,0.8701243503181619,0.7246536334975409,0.8162330948775125,0.7054937581969204,0.7812573186475927,0.012672116731072974,0.25589826703071594,0.08378787854015826,0.004263099446858274,37,3.5
student_kdB_s1,test_w46-49,all,all,,100000,100000,0.89181,0.8607483832633955,0.7316666036,0.88002,0.6664663354,0.787514951,0.76163,0.7198607376,0.04329089351192113,0.5501194000244141,0.1595323723191337,0.012325658456889491,37,7.5
student_kdB_s1,test_w46-49,all,near,,100000,10044,0.89181,0.8607483832633955,0.7447413092393468,0.8363201911589009,0.6776661459577858,0.8412375940860215,0.7059936280366388,0.7665127011150936,0.04329089351192113,0.5501194000244141,0.1595323723191337,0.012325658456889491,37,7.5
student_kdB_s1,test_w46-49,all,far,,100000,89956,0.89181,0.8607483832633955,0.7302067527457868,0.8848992840944462,0.6652158251811997,0.7815165714905065,0.7678420561163235,0.7146518318955934,0.04329089351192113,0.5501194000244141,0.1595323723191337,0.012325658456889491,37,7.5
student_kdB_s1,test_w46-49,ge5,all,,94953,93107,0.900845681547713,0.8675519311362303,0.7375022987640093,0.8820819057643356,0.6779094057848651,0.7979284206579214,0.7581921874832183,0.7375660748593158,0.039887884082549896,0.4784507751464844,0.14606636486257704,0.01057374289550249,37,7.5
student_kdB_s1,test_w46-49,ge5,near,,94953,9749,0.900845681547713,0.8675519311362303,0.743893559674918,0.8364960508770131,0.6833791302402012,0.8451095947780405,0.7069443019796903,0.7791425133342014,0.039887884082549896,0.4784507751464844,0.14606636486257704,0.01057374289550249,37,7.5
student_kdB_s1,test_w46-49,ge5,far,,94953,83358,0.900845681547713,0.8675519311362303,0.7367548191865188,0.8874133256556059,0.677269703012305,0.7924104227873267,0.7641858010029031,0.7327035697765204,0.039887884082549896,0.4784507751464844,0.14606636486257704,0.01057374289550249,37,7.5
student_kdB_s1,test_w51-51,all,all,,100000,43579,0.85629,0.8105197227470413,0.7334618111934648,0.8852887858831089,0.6558768415980174,0.7783137598384543,0.8000413042979416,0.7012749106220887,0.06579413759484888,0.9048252105712891,0.21112990010465907,0.018576337546649984,37,11.0
student_kdB_s1,test_w51-51,all,near,,100000,6654,0.85629,0.8105197227470413,0.7551972377517282,0.8337841899609257,0.6730857574391343,0.8405173677487227,0.7460174331229336,0.7527988518184551,0.06579413759484888,0.9048252105712891,0.21112990010465907,0.018576337546649984,37,11.0
student_kdB_s1,test_w51-51,all,far,,100000,36925,0.85629,0.8105197227470413,0.729545019634394,0.8945700744752877,0.652775741367637,0.7671044759647935,0.8097765741367637,0.6919901359512525,0.06579413759484888,0.9048252105712891,0.21112990010465907,0.018576337546649984,37,11.0
student_kdB_s1,test_w51-51,ge5,all,,93905,40935,0.8641712368883446,0.8159036947249985,0.7347082525280446,0.8891168926346648,0.6626464977602408,0.7822807923569377,0.8001710028093318,0.7128517675336038,0.06314936653346873,0.8520247340202332,0.19990557084686,0.01665085634490556,37,11.0
student_kdB_s1,test_w51-51,ge5,near,,93905,6460,0.8641712368883446,0.8159036947249985,0.7517767033839449,0.8349845201238391,0.6761177680558854,0.843497188466771,0.7496904024767802,0.7645828131750965,0.06314936653346873,0.8520247340202332,0.19990557084686,0.01665085634490556,37,11.0
student_kdB_s1,test_w51-51,ge5,far,,93905,34475,0.8641712368883446,0.8159036947249985,0.7315099293219788,0.8992603335750544,0.6601222220210132,0.7708099317660887,0.8096301667875272,0.7031582924112241,0.06314936653346873,0.8520247340202332,0.19990557084686,0.01665085634490556,37,11.0
student_kdB_s2,val,all,all,,200000,54382,0.9501,0.9298943189323788,0.7422037787779043,0.8897797065205398,0.7105221678128792,0.8378370505406201,0.7097936817329263,0.8027379305652605,0.003571103082448259,0.18661312758922577,0.0725037561410798,0.0032316450644360954,37,1.0
student_kdB_s2,val,all,near,,200000,12295,0.9501,0.9298943189323788,0.6565239373729157,0.9270435136234242,0.6305499755998374,0.7159487427816185,0.8368442456283042,0.6880373310288735,0.003571103082448259,0.18661312758922577,0.0725037561410798,0.0032316450644360954,37,1.0
student_kdB_s2,val,all,far,,200000,42087,0.9501,0.9298943189323788,0.7672336846888588,0.8788937201511156,0.7338846812554947,0.8734446430014019,0.6726780240929503,0.836245756528144,0.003571103082448259,0.18661312758922577,0.0725037561410798,0.0032316450644360954,37,1.0
student_kdB_s2,val,ge5,all,,190477,52884,0.9549551914404364,0.9355138462386767,0.740068982713404,0.8900990847893503,0.7127101043919725,0.8432261905966092,0.7133159367672642,0.8126175611955373,0.003907845619613847,0.16774983704090118,0.06555269491683473,0.002686709571867667,37,1.0
student_kdB_s2,val,ge5,near,,190477,11763,0.9549551914404364,0.9355138462386767,0.6583414320922698,0.9261242880217632,0.6360066188922983,0.7216909332279688,0.8352461106860495,0.6976533118798259,0.003907845619613847,0.16774983704090118,0.06555269491683473,0.002686709571867667,37,1.0
student_kdB_s2,val,ge5,far,,190477,41121,0.9549551914404364,0.9355138462386767,0.7634478202406139,0.8797937793341601,0.7346517668012685,0.8779923497957366,0.6784368084433744,0.8455040295377644,0.003907845619613847,0.16774983704090118,0.06555269491683473,0.002686709571867667,37,1.0
student_kdB_s2,test_w42-45,all,all,,100000,100000,0.93707,0.9133613751763084,0.7712245787499998,0.86119,0.7302098437000001,0.8081534443,0.718,0.7684833332,0.013322909214347561,0.29232728481292725,0.09354589941466404,0.005216665804934453,37,3.5
student_kdB_s2,test_w42-45,all,near,,100000,11103,0.93707,0.9133613751763084,0.7753928843555796,0.8705755201296946,0.7340727488066288,0.8562120080158516,0.7008015851571647,0.8134533747635775,0.013322909214347561,0.29232728481292725,0.09354589941466404,0.005216665804934453,37,3.5
student_kdB_s2,test_w42-45,all,far,,100000,88897,0.93707,0.9133613751763084,0.7707039684128824,0.8600177733781792,0.7297273770768417,0.802151056897308,0.7201480364916701,0.7628666940391688,0.013322909214347561,0.29232728481292725,0.09354589941466404,0.005216665804934453,37,3.5
student_kdB_s2,test_w42-45,ge5,all,,95189,93109,0.9429660990240469,0.919027362637513,0.7760447644980021,0.859519487912017,0.7397938027176413,0.8192009205465907,0.708674779022436,0.7842641462638237,0.01264615884291662,0.2691342830657959,0.08531669222700472,0.004448862354120649,37,3.5
student_kdB_s2,test_w42-45,ge5,near,,95189,10761,0.9429660990240469,0.919027362637513,0.7726306563807549,0.8724096273580523,0.7366856790867496,0.8603179423938678,0.7055106402750674,0.823261388457905,0.01264615884291662,0.2691342830657959,0.08531669222700472,0.004448862354120649,37,3.5
student_kdB_s2,test_w42-45,ge5,far,,95189,82348,0.9429660990240469,0.919027362637513,0.7764909103357843,0.8578350415310633,0.7401999633820414,0.8138278662878528,0.7090882595812892,0.7791680987186432,0.01264615884291662,0.2691342830657959,0.08531669222700472,0.004448862354120649,37,3.5
student_kdB_s2,test_w46-49,all,all,,100000,100000,0.89355,0.863685754609436,0.7485433526499999,0.87574,0.6797175624,0.7826621114,0.76604,0.7164676643,0.041584925968349014,0.5675338506698608,0.15792892328671046,0.012223300352190568,37,7.5
student_kdB_s2,test_w46-49,all,near,,100000,10044,0.89355,0.863685754609436,0.7572527050975707,0.8709677419354839,0.6871452439267225,0.8425522311827958,0.7454201513341299,0.7688403763440861,0.041584925968349014,0.5675338506698608,0.15792892328671046,0.012223300352190568,37,7.5
student_kdB_s2,test_w46-49,all,far,,100000,89956,0.89355,0.863685754609436,0.7475709135021565,0.8762728445017565,0.6788882276890924,0.7759751048290275,0.7683423006803326,0.7106200107830496,0.041584925968349014,0.5675338506698608,0.15792892328671046,0.012223300352190568,37,7.5
student_kdB_s2,test_w46-49,ge5,all,,94953,93107,0.9029309237201563,0.8712168998221115,0.7543674598926245,0.8737044475710741,0.6915008927431167,0.7942985862500122,0.7589547509854254,0.735263880104214,0.038625309771148524,0.5012027621269226,0.14477249688313903,0.010527720250658405,37,7.5
student_kdB_s2,test_w46-49,ge5,near,,94953,9749,0.9029309237201563,0.8712168998221115,0.7557448267804691,0.8715765719560981,0.6926617884797542,0.8467027606016443,0.7478715765719561,0.7819771455901452,0.038625309771148524,0.5012027621269226,0.14477249688313903,0.010527720250658405,37,7.5
student_kdB_s2,test_w46-49,ge5,far,,94953,83358,0.9029309237201563,0.8712168998221115,0.7542063721771132,0.8739533098202932,0.6913651220608008,0.7881697408392052,0.7602509657141486,0.7298006057307603,0.038625309771148524,0.5012027621269226,0.14477249688313903,0.010527720250658405,37,7.5
student_kdB_s2,test_w51-51,all,all,,100000,43579,0.85621,0.8108625998148249,0.7464878767296175,0.8811124624245623,0.6668754319741159,0.7725359744372289,0.7940521810963996,0.6954818437779664,0.0643296565958858,0.8470672369003296,0.21161167430521863,0.019422672053541368,37,11.0
student_kdB_s2,test_w51-51,all,near,,100000,6654,0.85621,0.8108625998148249,0.7662188721070033,0.8718064322212203,0.6822519176435227,0.8411259452960625,0.7829876765855125,0.753588130447851,0.0643296565958858,0.8470672369003296,0.21161167430521863,0.019422672053541368,37,11.0
student_kdB_s2,test_w51-51,all,far,,100000,36925,0.85621,0.8108625998148249,0.7429322899119837,0.8827894380501016,0.664104541367637,0.760175848070413,0.796046039268788,0.6850109099526067,0.0643296565958858,0.8470672369003296,0.21161167430521863,0.019422672053541368,37,11.0
student_kdB_s2,test_w51-51,ge5,all,,93905,40935,0.8643096746712102,0.8167703021062902,0.7471385814547782,0.8814461951874923,0.6733978919764508,0.7791303271388829,0.7905459875412238,0.7090281144359951,0.06242728297334407,0.7967633605003357,0.20117263975858665,0.017516338809312065,37,11.0
student_kdB_s2,test_w51-51,ge5,near,,93905,6460,0.8643096746712102,0.8167703021062902,0.7625001050894101,0.8761609907120743,0.6855018105875067,0.8442910808515884,0.7877708978328173,0.7658254711343705,0.06242728297334407,0.7967633605003357,0.20117263975858665,0.017516338809312065,37,11.0
student_kdB_s2,test_w51-51,ge5,far,,93905,34475,0.8643096746712102,0.8167703021062902,0.7442601059600797,0.8824365482233503,0.6711298335507098,0.766920364296705,0.7910659898477157,0.6983853029995484,0.06242728297334407,0.7967633605003357,0.20117263975858665,0.017516338809312065,37,11.0
student_kdA4_s0,val,all,all,,200000,54382,0.938385,0.9108068005063451,0.8185688619396124,0.8108013680997389,0.7794228270383583,0.8410370801460042,0.7638740759810231,0.8003895334853445,0.02988212329722937,0.25788772106170654,0.09407736465337206,0.004738810567783438,37,1.0
student_kdA4_s0,val,all,near,,200000,12295,0.938385,0.9108068005063451,0.7432219686864578,0.8172427816185441,0.7104750126067508,0.7332177080113866,0.8117120780805205,0.7003580862139082,0.02988212329722937,0.25788772106170654,0.09407736465337206,0.004738810567783438,37,1.0
student_kdA4_s0,val,all,far,,200000,42087,0.938385,0.9108068005063451,0.8405801730938294,0.8089196188846912,0.7995647563380618,0.8725346727611851,0.7498990186993608,0.829612016537173,0.02988212329722937,0.25788772106170654,0.09407736465337206,0.004738810567783438,37,1.0
student_kdA4_s0,val,ge5,all,,190477,52884,0.9455262315135161,0.9180335867009788,0.8192377330257702,0.8133840102866652,0.7859977651510908,0.8452601362792632,0.7692874971636033,0.8110273771635994,0.025911439060188543,0.2243044078350067,0.08305935187398397,0.0038619076855383352,37,1.0
student_kdA4_s0,val,ge5,near,,190477,11763,0.9455262315135161,0.9180335867009788,0.7459611212681421,0.8162883618124628,0.7180224728242813,0.7384349328068531,0.8107625605712828,0.7109513228205607,0.025911439060188543,0.2243044078350067,0.08305935187398397,0.0038619076855383352,37,1.0
student_kdA4_s0,val,ge5,far,,190477,41121,0.9455262315135161,0.9180335867009788,0.8401991100376374,0.8125531966635052,0.8054426561712573,0.8758183636678469,0.7574232144159918,0.8396549549763267,0.025911439060188543,0.2243044078350067,0.08305935187398397,0.0038619076855383352,37,1.0
student_kdA4_s0,test_w42-45,all,all,,100000,100000,0.92795,0.8941374234411066,0.8316791928,0.77027,0.7862712171,0.8397498453000001,0.6935,0.7934739595000001,0.03809639668054882,0.3612290322780609,0.1115185751478698,0.0065638552599591345,37,3.5
student_kdA4_s0,test_w42-45,all,near,,100000,11103,0.92795,0.8941374234411066,0.8538066918850762,0.7034134918490498,0.8053828217598847,0.8828129663154101,0.6280284607763668,0.8321793758443663,0.03809639668054882,0.3612290322780609,0.1115185751478698,0.0065638552599591345,37,3.5
student_kdA4_s0,test_w42-45,all,far,,100000,88897,0.92795,0.8941374234411066,0.8289155267331856,0.7786202009066673,0.7838842282641708,0.8343713754682386,0.7016772219534967,0.7886397554473153,0.03809639668054882,0.3612290322780609,0.1115185751478698,0.0065638552599591345,37,3.5
student_kdA4_s0,test_w42-45,ge5,all,,95189,93109,0.9357698893779743,0.900964610650886,0.8336126762842427,0.7671546252241996,0.7947270791231889,0.8469440707212014,0.6872804991998626,0.8071062294965782,0.033514918273536504,0.32166802883148193,0.09916033432604708,0.005477377188248271,37,3.5
student_kdA4_s0,test_w42-45,ge5,near,,95189,10761,0.9357698893779743,0.900964610650886,0.8542332742447885,0.7051389276089582,0.8127255422584616,0.8853162269047101,0.6279156212247933,0.8420024279137027,0.033514918273536504,0.32166802883148193,0.09916033432604708,0.005477377188248271,37,3.5
student_kdA4_s0,test_w42-45,ge5,far,,95189,82348,0.9357698893779743,0.900964610650886,0.8309180357993076,0.7752586583766454,0.7923750916821015,0.8419297076195992,0.6950381308592801,0.8025460945671727,0.033514918273536504,0.32166802883148193,0.09916033432604708,0.005477377188248271,37,3.5
student_kdA4_s0,test_w46-49,all,all,,100000,100000,0.88447,0.8474804887414666,0.8102474247,0.79742,0.7371079275999999,0.8173886952,0.72989,0.7422516039,0.06932963391870256,0.6794536709785461,0.1824294678624301,0.013800245436760875,37,7.5
student_kdA4_s0,test_w46-49,all,near,,100000,10044,0.88447,0.8474804887414666,0.8368140785543609,0.7240143369175627,0.7579567204301076,0.8695760926921546,0.6406810035842294,0.7853727449223418,0.06932963391870256,0.6794536709785461,0.1824294678624301,0.013800245436760875,37,7.5
student_kdA4_s0,test_w46-49,all,far,,100000,89956,0.88447,0.8474804887414666,0.8072811359442393,0.8056160789719419,0.7347800642536352,0.8115617329027525,0.7398505936235493,0.7374369307216861,0.06932963391870256,0.6794536709785461,0.1824294678624301,0.013800245436760875,37,7.5
student_kdA4_s0,test_w46-49,ge5,all,,94953,93107,0.8952639727022843,0.8564453168581592,0.8125580621327104,0.7934741748740696,0.7472962258992484,0.8247365055220024,0.7220617139420237,0.7583187032278728,0.06265438917050974,0.5880774855613708,0.16577532630144315,0.01187981268416941,37,7.5
student_kdA4_s0,test_w46-49,ge5,near,,94953,9749,0.8952639727022843,0.8564453168581592,0.83876189214037,0.7222279208123911,0.7683121193731429,0.8721579772302053,0.6384244537901324,0.7980665109722747,0.06265438917050974,0.5880774855613708,0.16577532630144315,0.01187981268416941,37,7.5
student_kdA4_s0,test_w46-49,ge5,far,,94953,83358,0.8952639727022843,0.8564453168581592,0.809493435597229,0.8018066652270928,0.7448383460859492,0.8191904040358431,0.7318433743611891,0.7536700626930692,0.06265438917050974,0.5880774855613708,0.16577532630144315,0.01187981268416941,37,7.5
student_kdA4_s0,test_w51-51,all,all,,100000,43579,0.84639,0.8025312565274162,0.797745975928773,0.8490327910231993,0.7193474017301912,0.8029502651506459,0.8198214736455632,0.7215386858349204,0.09528488765180115,1.0310403108596802,0.24068706766509473,0.021367406642900388,37,11.0
student_kdA4_s0,test_w51-51,all,near,,100000,6654,0.84639,0.8025312565274162,0.836218556507364,0.7732191163210099,0.7462387466185754,0.8630667034866245,0.7675082657048392,0.767958307784791,0.09528488765180115,1.0310403108596802,0.24068706766509473,0.021367406642900388,37,11.0
student_kdA4_s0,test_w51-51,all,far,,100000,36925,0.84639,0.8025312565274162,0.7908130970886933,0.8626946513202437,0.7145014976303318,0.7921170957345971,0.8292484766418415,0.7131737253893027,0.09528488765180115,1.0310403108596802,0.24068706766509473,0.021367406642900388,37,11.0
student_kdA4_s0,test_w51-51,ge5,all,,93905,40935,0.8553857622064853,0.8090820950017084,0.7964926151459879,0.8533040185660193,0.7262038662097964,0.8070108805312736,0.8184927323806034,0.7339919132568945,0.08989667986206185,0.9546060562133789,0.2268966825974975,0.01930469040219394,37,11.0
student_kdA4_s0,test_w51-51,ge5,near,,93905,6460,0.8553857622064853,0.8090820950017084,0.835952147145615,0.7752321981424148,0.7545194150006355,0.8649757247583892,0.7739938080495357,0.7796462847060867,0.08989667986206185,0.9546060562133789,0.2268966825974975,0.01930469040219394,37,11.0
student_kdA4_s0,test_w51-51,ge5,far,,93905,34475,0.8553857622064853,0.8090820950017084,0.7890986027683927,0.8679332849891226,0.7208980374878581,0.7961493027587668,0.8268310369833213,0.725437098476277,0.08989667986206185,0.9546060562133789,0.2268966825974975,0.01930469040219394,37,11.0
student_kdA4_s1,val,all,all,,200000,54382,0.935635,0.9063188451442405,0.800229762697216,0.8297414585708507,0.761115485914457,0.833593151364422,0.7642970100400868,0.7918655301386489,0.03212671107545492,0.2727389335632324,0.0989281127592179,0.005091025416772475,37,1.0
student_kdA4_s1,val,all,near,,200000,12295,0.935635,0.9063188451442405,0.7312291937779586,0.8293615290768606,0.6979749434729564,0.7334888080520537,0.8039853599023994,0.6990570691337942,0.03212671107545492,0.2727389335632324,0.0989281127592179,0.005091025416772475,37,1.0
student_kdA4_s1,val,all,far,,200000,42087,0.935635,0.9063188451442405,0.8203871033216907,0.8298524484995367,0.7795609196426451,0.8628369297526552,0.7527027348112244,0.8189779408130777,0.03212671107545492,0.2727389335632324,0.0989281127592179,0.005091025416772475,37,1.0
student_kdA4_s1,val,ge5,all,,190477,52884,0.9429274925581567,0.9132019386828568,0.8007868385792966,0.8324635050298768,0.7678893319292682,0.8373795137913664,0.7680016640193631,0.8024242982711594,0.02768129348439456,0.2370752990245819,0.0871742930379916,0.004120984870334855,37,1.0
student_kdA4_s1,val,ge5,near,,190477,11763,0.9429274925581567,0.9132019386828568,0.7325081962637824,0.8286151491966335,0.7045812213548539,0.7388315763646783,0.8015812292782454,0.7101877271114941,0.02768129348439456,0.2370752990245819,0.0871742930379916,0.004120984870334855,37,1.0
student_kdA4_s1,val,ge5,far,,190477,41121,0.9429274925581567,0.9132019386828568,0.8203185053567921,0.8335643588434133,0.7859991372522624,0.865569961201452,0.7583959534058023,0.8288093274910505,0.02768129348439456,0.2370752990245819,0.0871742930379916,0.004120984870334855,37,1.0
student_kdA4_s1,test_w42-45,all,all,,100000,100000,0.92405,0.8909773260108076,0.8286478956500001,0.7772,0.7809054568000001,0.8333525087,0.71089,0.7850834981999999,0.04088473665550349,0.3676774501800537,0.11740722277036462,0.006941514252775479,37,3.5
student_kdA4_s1,test_w42-45,all,near,,100000,11103,0.92405,0.8909773260108076,0.8573480802485814,0.6952175087814104,0.8056262604701433,0.8816496388363505,0.6265874088084301,0.8279952121048364,0.04088473665550349,0.3676774501800537,0.11740722277036462,0.006941514252775479,37,3.5
student_kdA4_s1,test_w42-45,all,far,,100000,88897,0.92405,0.8909773260108076,0.8250633185596813,0.7874393961551008,0.7778178938546856,0.8273203249828454,0.7214191705006918,0.7797239387155922,0.04088473665550349,0.3676774501800537,0.11740722277036462,0.006941514252775479,37,3.5
student_kdA4_s1,test_w42-45,ge5,all,,95189,93109,0.9320824885228335,0.8976859539550281,0.8319629308598623,0.7768099754051703,0.7910744822452198,0.8409196699482608,0.706311956953678,0.799308191967617,0.035811999063644934,0.32692739367485046,0.1045153061390732,0.00575716728199005,37,3.5
student_kdA4_s1,test_w42-45,ge5,near,,95189,10761,0.9320824885228335,0.8976859539550281,0.8587765750562508,0.6991915249512127,0.8143155472977516,0.8844141640379428,0.6262429142273023,0.8383526682914437,0.035811999063644934,0.32692739367485046,0.1045153061390732,0.00575716728199005,37,3.5
student_kdA4_s1,test_w42-45,ge5,far,,95189,82348,0.9320824885228335,0.8976859539550281,0.828459000889525,0.786952931461602,0.7880374066510306,0.8352359344489279,0.7167751493661049,0.7942059720020966,0.035811999063644934,0.32692739367485046,0.1045153061390732,0.00575716728199005,37,3.5
student_kdA4_s1,test_w46-49,all,all,,100000,100000,0.88182,0.8463234028953195,0.8056456203499999,0.8152,0.7291966916999999,0.8106154914500001,0.74844,0.7343575401,0.07092987738624212,0.678310215473175,0.18600958785088956,0.01403031417286636,37,7.5
student_kdA4_s1,test_w46-49,all,near,,100000,10044,0.88182,0.8463234028953195,0.8402817572680207,0.7318797291915572,0.756769377737953,0.867900931401832,0.6345081640780565,0.7813765063719633,0.07092987738624212,0.678310215473175,0.18600958785088956,0.01403031417286636,37,7.5
student_kdA4_s1,test_w46-49,all,far,,100000,89956,0.88182,0.8463234028953195,0.8017783367979903,0.824503090399751,0.7261180748365869,0.8042193093290052,0.7611610120503357,0.7291076568544622,0.07092987738624212,0.678310215473175,0.18600958785088956,0.01403031417286636,37,7.5
student_kdA4_s1,test_w46-49,ge5,all,,94953,93107,0.8926837488020389,0.8549837576852036,0.8089438122501702,0.8135908148689143,0.7410477783702774,0.8180431132586978,0.7438538455755206,0.7506702984054295,0.06344225744853957,0.583976686000824,0.1681468505039153,0.011870368274344945,37,7.5
student_kdA4_s1,test_w46-49,ge5,near,,94953,9749,0.8926837488020389,0.8549837576852036,0.8423556055579611,0.7332034054774849,0.7680638890662598,0.8708194287940265,0.6353472150989845,0.7944979429371408,0.06344225744853957,0.583976686000824,0.1681468505039153,0.011870368274344945,37,7.5
student_kdA4_s1,test_w46-49,ge5,far,,94953,83358,0.8926837488020389,0.8549837576852036,0.8050361900308552,0.8229923942513017,0.7378881528613265,0.8118707446779507,0.7565440629573646,0.745544507161162,0.06344225744853957,0.583976686000824,0.1681468505039153,0.011870368274344945,37,7.5
student_kdA4_s1,test_w51-51,all,all,,100000,43579,0.84855,0.799844077374581,0.7990011753367449,0.8484820670506437,0.7165013348172284,0.7985766755776866,0.8146813832350444,0.7152940175313798,0.09198262629866596,0.9870617985725403,0.23704983049813103,0.020759302898060886,37,11.0
student_kdA4_s1,test_w51-51,all,near,,100000,6654,0.84855,0.799844077374581,0.8425419296663661,0.7720168319807634,0.7474459392846409,0.8683293041779381,0.6971746318004208,0.7678708911932671,0.09198262629866596,0.9870617985725403,0.23704983049813103,0.020759302898060886,37,11.0
student_kdA4_s1,test_w51-51,all,far,,100000,36925,0.84855,0.799844077374581,0.791154995802302,0.8622613405551794,0.7109250207176709,0.7860070346648612,0.8358564658090725,0.7058195011509817,0.09198262629866596,0.9870617985725403,0.23704983049813103,0.020759302898060886,37,11.0
student_kdA4_s1,test_w51-51,ge5,all,,93905,40935,0.857654012033438,0.8049768223272894,0.7985147396579555,0.8546231830951508,0.7244424208585214,0.8019403976899149,0.8179797239526078,0.7272456333211188,0.08563158338706295,0.9045060276985168,0.22193377290799135,0.01855261479143573,37,11.0
student_kdA4_s1,test_w51-51,ge5,near,,93905,6460,0.857654012033438,0.8049768223272894,0.8426133378984723,0.7814241486068112,0.7563459662068723,0.8705735557459345,0.7055727554179566,0.7797697297331158,0.08563158338706295,0.9045060276985168,0.22193377290799135,0.01855261479143573,37,11.0
student_kdA4_s1,test_w51-51,ge5,far,,93905,34475,0.857654012033438,0.8049768223272894,0.7902514490231842,0.868339376359681,0.7184642655880252,0.789079768218069,0.839042784626541,0.7174035546315902,0.08563158338706295,0.9045060276985168,0.22193377290799135,0.01855261479143573,37,11.0
student_kdA4_s2,val,all,all,,200000,54382,0.936055,0.9080233437208812,0.8036793514857857,0.8230664558125851,0.7646207740612704,0.8346075298812108,0.7770218086866978,0.7932088432753485,0.03195114108059556,0.27455559372901917,0.09878536772297788,0.005144368646461778,37,1.0
student_kdA4_s2,val,all,near,,200000,12295,0.936055,0.9080233437208812,0.7408944160227735,0.8661244408296055,0.7074714505896705,0.7346213454656365,0.8335908906059374,0.7006987210248068,0.03195114108059556,0.27455559372901917,0.09878536772297788,0.005144368646461778,37,1.0
student_kdA4_s2,val,all,far,,200000,42087,0.936055,0.9080233437208812,0.822020900693801,0.8104877990828522,0.781315975241761,0.8638167901608572,0.7604961151899636,0.8202340993655998,0.03195114108059556,0.27455559372901917,0.09878536772297788,0.005144368646461778,37,1.0
student_kdA4_s2,val,ge5,all,,190477,52884,0.9433317408401014,0.9149653800896541,0.8029822035044415,0.8257317903335603,0.7700860156526999,0.8379173849950327,0.7823349217154527,0.803235892564112,0.027803807594697846,0.2396465241909027,0.08755653473265501,0.00419684405359538,37,1.0
student_kdA4_s2,val,ge5,near,,190477,11763,0.9433317408401014,0.9149653800896541,0.741020884453641,0.865680523675933,0.7129096778614895,0.7393404990614865,0.8339709257842387,0.7111460906104972,0.027803807594697846,0.2396465241909027,0.08755653473265501,0.00419684405359538,37,1.0
student_kdA4_s2,val,ge5,far,,190477,41121,0.9433317408401014,0.9149653800896541,0.8207067480435959,0.8143041268451643,0.7864417769775218,0.8661161133634161,0.767564018384767,0.8295789372464001,0.027803807594697846,0.2396465241909027,0.08755653473265501,0.00419684405359538,37,1.0
student_kdA4_s2,test_w42-45,all,all,,100000,100000,0.92451,0.8911399119419255,0.8288726791000001,0.78558,0.7815272903,0.83252219815,0.71001,0.7845491184,0.04172514825552697,0.3910585641860962,0.11816721431677633,0.007338877096148206,37,3.5
student_kdA4_s2,test_w42-45,all,near,,100000,11103,0.92451,0.8911399119419255,0.8425126907142214,0.7657389894623075,0.7933894668107719,0.8796045645321084,0.6495541745474196,0.8270167288120328,0.04172514825552697,0.3910585641860962,0.11816721431677633,0.007338877096148206,37,3.5
student_kdA4_s2,test_w42-45,all,far,,100000,88897,0.92451,0.8911399119419255,0.8271690777529049,0.7880580896993149,0.7800457358516035,0.8266417352104122,0.7175607725795021,0.7792450262663531,0.04172514825552697,0.3910585641860962,0.11816721431677633,0.007338877096148206,37,3.5
student_kdA4_s2,test_w42-45,ge5,all,,95189,93109,0.9322715860025843,0.8977044635855391,0.8299864523894681,0.7843173055236335,0.7892794492899264,0.8387343005378666,0.7063226970539905,0.7971981492040026,0.037124710324447,0.3511058986186981,0.10592124257865569,0.006149174038906439,37,3.5
student_kdA4_s2,test_w42-45,ge5,near,,95189,10761,0.9322715860025843,0.8977044635855391,0.8423989641513837,0.7673078710157049,0.8002217410987269,0.8822292484750519,0.6499395966917573,0.8369794364149443,0.037124710324447,0.3511058986186981,0.10592124257865569,0.006149174038906439,37,3.5
student_kdA4_s2,test_w42-45,ge5,far,,95189,82348,0.9322715860025843,0.8977044635855391,0.8283644210217365,0.7865400495458299,0.7878495420407582,0.8330505057310461,0.7136906785835722,0.7919996449090961,0.037124710324447,0.3511058986186981,0.10592124257865569,0.006149174038906439,37,3.5
student_kdA4_s2,test_w46-49,all,all,,100000,100000,0.88059,0.8428957207219883,0.8050106995999999,0.82124,0.7302220223,0.8079982561500001,0.76878,0.732753379,0.0747344598475099,0.7137748599052429,0.18929061184512244,0.014689270026707509,37,7.5
student_kdA4_s2,test_w46-49,all,near,,100000,10044,0.88059,0.8428957207219883,0.8204793926722421,0.7760852250099562,0.7425233064516129,0.8645901563122261,0.6715452011150936,0.7797751722421347,0.0747344598475099,0.7137748599052429,0.18929061184512244,0.014689270026707509,37,7.5
student_kdA4_s2,test_w46-49,all,far,,100000,89956,0.88059,0.8428957207219883,0.8032835490684335,0.8262817377384499,0.7288485275023345,0.8016795109275646,0.7796367112810707,0.727503180110276,0.0747344598475099,0.7137748599052429,0.18929061184512244,0.014689270026707509,37,7.5
student_kdA4_s2,test_w46-49,ge5,all,,94953,93107,0.8916727222941877,0.8516606195039074,0.8067951639154671,0.8190683836875853,0.7402736401092634,0.8144855976225744,0.76753627546801,0.7483050880075124,0.06723294743850364,0.615458071231842,0.1718093313909575,0.012448442921877507,37,7.5
student_kdA4_s2,test_w46-49,ge5,near,,94953,9749,0.8916727222941877,0.8516606195039074,0.8216507861590884,0.7747461278079804,0.7523689886981427,0.8672489945970937,0.6735049748692173,0.792883205795515,0.06723294743850364,0.615458071231842,0.1718093313909575,0.012448442921877507,37,7.5
student_kdA4_s2,test_w46-49,ge5,far,,94953,83358,0.8916727222941877,0.8516606195039074,0.8050577486553475,0.8242520214016651,0.7388590481877564,0.808314739911202,0.7785335540679958,0.743091526377972,0.06723294743850364,0.615458071231842,0.1718093313909575,0.012448442921877507,37,7.5
student_kdA4_s2,test_w51-51,all,all,,100000,43579,0.84912,0.7983331833070463,0.8017092499827897,0.8463021179926111,0.7196758645219028,0.7980770206980425,0.818352876385415,0.7173305952408271,0.09313313414975996,1.0340421199798584,0.23576673499943987,0.02084836205136613,37,11.0
student_kdA4_s2,test_w51-51,all,near,,100000,6654,0.84912,0.7983331833070463,0.8278443162007815,0.7978659452960625,0.7388577216711754,0.8623206236850014,0.7300871656146679,0.7674918289750525,0.09313313414975996,1.0340421199798584,0.23576673499943987,0.02084836205136613,37,11.0
student_kdA4_s2,test_w51-51,all,far,,100000,36925,0.84912,0.7983331833070463,0.7969996296547055,0.8550304671631686,0.7162192341232227,0.7865001233581584,0.8342586323628978,0.7082913846987136,0.09313313414975996,1.0340421199798584,0.23576673499943987,0.02084836205136613,37,11.0
student_kdA4_s2,test_w51-51,ge5,all,,93905,40935,0.8584207443693094,0.8033893857493049,0.8003152666830284,0.8483693660681568,0.726724330410747,0.8013410334090234,0.8190545987541223,0.7294617757238328,0.08701444094166846,0.9560953378677368,0.2212273891524069,0.018560875629831986,37,11.0
student_kdA4_s2,test_w51-51,ge5,near,,93905,6460,0.8584207443693094,0.8033893857493049,0.8269754328158868,0.8004643962848297,0.7468812858921546,0.8641469979128832,0.7321981424148607,0.7794476484122103,0.08701444094166846,0.9560953378677368,0.2212273891524069,0.018560875629831986,37,11.0
student_kdA4_s2,test_w51-51,ge5,far,,93905,34475,0.8584207443693094,0.8033893857493049,0.7953196271408018,0.8573459028281364,0.7229472765337379,0.7895723160574661,0.8353299492385787,0.7200953148807024,0.08701444094166846,0.9560953378677368,0.2212273891524069,0.018560875629831986,37,11.0
student_kdB4_s0,val,all,all,,200000,54382,0.939085,0.9117564290204202,0.7960726150656466,0.8340075760361885,0.7578217784377183,0.8268204484939871,0.7657496965907837,0.7869436350262955,0.03232221627660091,0.2781422734260559,0.09483774539778898,0.004733626953561579,37,1.0
student_kdB4_s0,val,all,near,,200000,12295,0.939085,0.9117564290204202,0.6955879127694184,0.902155347702318,0.6656960317202114,0.713865365392436,0.8651484343228955,0.6824063188287921,0.03232221627660091,0.2781422734260559,0.09483774539778898,0.004733626953561579,37,1.0
student_kdB4_s0,val,all,far,,200000,42087,0.939085,0.9117564290204202,0.8254275088507141,0.8140993655998289,0.7847347457647255,0.8598183515693683,0.7367120488511892,0.8174824309169103,0.03232221627660091,0.2781422734260559,0.09483774539778898,0.004733626953561579,37,1.0
student_kdB4_s0,val,ge5,all,,190477,52884,0.9462034786352158,0.9188042505688608,0.7961736554680569,0.8361130020422056,0.7638645114468269,0.8304899238158269,0.7698547764919447,0.7970745067775713,0.02781981594994607,0.24266938865184784,0.08365760246096057,0.0038427475155278653,37,1.0
student_kdB4_s0,val,ge5,near,,190477,11763,0.9462034786352158,0.9188042505688608,0.6952994457998496,0.9017257502337839,0.6702012937000998,0.7172594285347023,0.8653404743687835,0.6913521045997681,0.02781981594994607,0.24266938865184784,0.08365760246096057,0.0038427475155278653,37,1.0
student_kdB4_s0,val,ge5,far,,190477,41121,0.9462034786352158,0.9188042505688608,0.8250295521711313,0.8173439361883222,0.7906576446477402,0.8628804375677267,0.7425403078718903,0.8273172687925393,0.02781981594994607,0.24266938865184784,0.08365760246096057,0.0038427475155278653,37,1.0
student_kdB4_s0,test_w42-45,all,all,,100000,100000,0.92862,0.8979260777265503,0.8118592233999998,0.81286,0.7675950884999999,0.8236823094000001,0.74885,0.7792511489999999,0.041247860178947486,0.40599751472473145,0.11342358922787261,0.006591959105745724,37,3.5
student_kdB4_s0,test_w42-45,all,near,,100000,11103,0.92862,0.8979260777265503,0.8390188431054669,0.7570026119066919,0.791717954606863,0.8686093082950554,0.6672070611546429,0.8197130253084752,0.041247860178947486,0.40599751472473145,0.11342358922787261,0.006591959105745724,37,3.5
student_kdB4_s0,test_w42-45,all,far,,100000,88897,0.92862,0.8979260777265503,0.8084670587871358,0.8198364399248569,0.7645822063736684,0.8180710461545384,0.7590469869624397,0.7741975677469431,0.041247860178947486,0.40599751472473145,0.11342358922787261,0.006591959105745724,37,3.5
student_kdB4_s0,test_w42-45,ge5,all,,95189,93109,0.9365893117902279,0.9047579719278391,0.8126150431163748,0.8121771257343544,0.7750231000022472,0.829875539971874,0.7468021351319422,0.7921499651490689,0.03594648227071967,0.36296480894088745,0.10063366098033691,0.005406785357674256,37,3.5
student_kdB4_s0,test_w42-45,ge5,near,,95189,10761,0.9365893117902279,0.9047579719278391,0.8378140492617141,0.7570857726977047,0.7976959164545783,0.8709369908791271,0.6669454511662485,0.8295161269936296,0.03594648227071967,0.36296480894088745,0.10063366098033691,0.005406785357674256,37,3.5
student_kdB4_s0,test_w42-45,ge5,far,,95189,82348,0.9365893117902279,0.9047579719278391,0.8093221094066306,0.819376305435469,0.77206028150218,0.8245097475638865,0.7572375771117695,0.7872670624967967,0.03594648227071967,0.36296480894088745,0.10063366098033691,0.005406785357674256,37,3.5
student_kdB4_s0,test_w46-49,all,all,,100000,100000,0.88408,0.8512725722434094,0.7891670018,0.84205,0.7174223035999999,0.7987030102,0.78834,0.726750655,0.07477597495019433,0.8041285872459412,0.18894076106542157,0.014640128926284761,37,7.5
student_kdB4_s0,test_w46-49,all,near,,100000,10044,0.88408,0.8512725722434094,0.817290674532059,0.7723018717642374,0.7402133751493429,0.8525645230983672,0.677120669056153,0.7711723626045401,0.07477597495019433,0.8041285872459412,0.18894076106542157,0.014640128926284761,37,7.5
student_kdB4_s0,test_w46-49,all,far,,100000,89956,0.88408,0.8512725722434094,0.7860268647449864,0.8498376984303437,0.7148775759260083,0.7926891252390057,0.8007581484281204,0.7217907675974922,0.07477597495019433,0.8041285872459412,0.18894076106542157,0.014640128926284761,37,7.5
student_kdB4_s0,test_w46-49,ge5,all,,94953,93107,0.8950112160753215,0.8597873351275451,0.7900179540435271,0.8413760512098983,0.7267026937385768,0.8051236967479471,0.7879858657243817,0.7420144692423288,0.06694129651786593,0.6998956799507141,0.17134278133317682,0.012308670859373667,37,7.5
student_kdB4_s0,test_w46-49,ge5,near,,94953,9749,0.8950112160753215,0.8597873351275451,0.8168184965643778,0.7750538516770951,0.748874479469545,0.8550791642201178,0.6822238178274694,0.7837523553622061,0.06694129651786593,0.6998956799507141,0.17134278133317682,0.012308670859373667,37,7.5
student_kdB4_s0,test_w46-49,ge5,far,,94953,83358,0.8950112160753215,0.8597873351275451,0.786883539961666,0.8491326567336068,0.7241096284168175,0.7992812358877275,0.800355094891912,0.7371330823114681,0.06694129651786593,0.6998956799507141,0.17134278133317682,0.012308670859373667,37,7.5
student_kdB4_s0,test_w51-51,all,all,,100000,43579,0.85009,0.8060031977327684,0.7843660873356434,0.8897863649923128,0.7083606250717089,0.7889186346634848,0.8619748043782556,0.7115739245967094,0.09947146153256296,1.166456699371338,0.24387049845728204,0.02141624159878761,37,11.0
student_kdB4_s0,test_w51-51,all,near,,100000,6654,0.85009,0.8060031977327684,0.8226391576495342,0.8238653441538923,0.7365517899008115,0.8520972768259694,0.76209798617373,0.7597661992786293,0.09947146153256296,1.166456699371338,0.24387049845728204,0.02141624159878761,37,11.0
student_kdB4_s0,test_w51-51,all,far,,100000,36925,0.85009,0.8060031977327684,0.7774691608666215,0.9016655382532159,0.7032804893703452,0.7775336465809073,0.8799729180771835,0.7028895266079893,0.09947146153256296,1.166456699371338,0.24387049845728204,0.02141624159878761,37,11.0
student_kdB4_s0,test_w51-51,ge5,all,,93905,40935,0.859240722006283,0.8119886865468507,0.7808270559386602,0.8935385367045315,0.7134752852930645,0.7911665637042892,0.8654940759741053,0.7226083524805375,0.09326234930230373,1.0872684717178345,0.2295166480059785,0.019056332235152622,37,11.0
student_kdB4_s0,test_w51-51,ge5,near,,93905,6460,0.859240722006283,0.8119886865468507,0.8209244084867405,0.8250773993808049,0.7437668693230083,0.8539327729443975,0.76656346749226,0.7713470500701998,0.09326234930230373,1.0872684717178345,0.2295166480059785,0.019056332235152622,37,11.0
student_kdB4_s0,test_w51-51,ge5,far,,93905,34475,0.859240722006283,0.8119886865468507,0.7733135273683743,0.9063669325598259,0.7077991828178379,0.7794052957799643,0.8840319071791153,0.7134755900025326,0.09326234930230373,1.0872684717178345,0.2295166480059785,0.019056332235152622,37,11.0
student_kdB4_s1,val,all,all,,200000,54382,0.93555,0.9081898954815395,0.7843823225515796,0.8568827921003274,0.7447637857195396,0.8207783494538634,0.8038137619065132,0.7787106608804385,0.03529242531917986,0.29587721824645996,0.10027161976481035,0.005172087601105615,37,1.0
student_kdB4_s1,val,all,near,,200000,12295,0.93555,0.9081898954815395,0.727381900569337,0.8467669784465229,0.6924435729971533,0.7197911923546157,0.8430256201708012,0.6851583676291175,0.03529242531917986,0.29587721824645996,0.10027161976481035,0.005172087601105615,37,1.0
student_kdB4_s1,val,all,far,,200000,42087,0.93555,0.9081898954815395,0.801034024698838,0.8598379547128567,0.7600482444697887,0.8502800268491458,0.7923586855798702,0.8060403694727588,0.03529242531917986,0.29587721824645996,0.10027161976481035,0.005172087601105615,37,1.0
student_kdB4_s1,val,ge5,all,,190477,52884,0.9431112417772225,0.9152732460469233,0.7842903965919433,0.859560547613645,0.7511531558518671,0.824275420920396,0.8092239618788292,0.7891741325937804,0.030232684262720383,0.25798410177230835,0.0881784196726295,0.004177742229713015,37,1.0
student_kdB4_s1,val,ge5,near,,190477,11763,0.9431112417772225,0.9152732460469233,0.7290651727048446,0.8445974666326618,0.6997353834951889,0.7239098914395796,0.8425571707897646,0.6952967498472677,0.030232684262720383,0.25798410177230835,0.0881784196726295,0.004177742229713015,37,1.0
student_kdB4_s1,val,ge5,far,,190477,41121,0.9431112417772225,0.9152732460469233,0.8000880257494041,0.863840859901267,0.7658616322077829,0.8529858054753153,0.7996887235232606,0.816028529452982,0.030232684262720383,0.25798410177230835,0.0881784196726295,0.004177742229713015,37,1.0
student_kdB4_s1,test_w42-45,all,all,,100000,100000,0.9258,0.8936799981131907,0.81634237195,0.80382,0.7693687679,0.8172349832,0.74749,0.7706068231999998,0.04331802707701918,0.39130929112434387,0.11794806399892165,0.007030898797194468,37,3.5
student_kdB4_s1,test_w42-45,all,near,,100000,11103,0.9258,0.8936799981131907,0.8497322579483023,0.7170134197964514,0.7986059974781592,0.8708529622624515,0.6333423399081329,0.8185905412951454,0.04331802707701918,0.39130929112434387,0.11794806399892165,0.007030898797194468,37,3.5
student_kdB4_s1,test_w42-45,all,far,,100000,88897,0.9258,0.8936799981131907,0.8121720635679494,0.8146619121005209,0.7657171153132277,0.8105382395356424,0.7617467406099193,0.7646137838172267,0.04331802707701918,0.39130929112434387,0.11794806399892165,0.007030898797194468,37,3.5
student_kdB4_s1,test_w42-45,ge5,all,,95189,93109,0.9343201420332181,0.9004528014832938,0.8201693984214505,0.802188832443695,0.7804174788455467,0.824425101198846,0.7436445456400563,0.7849275666006689,0.037368379071724106,0.34565985202789307,0.10435436301042132,0.005752308615721922,37,3.5
student_kdB4_s1,test_w42-45,ge5,near,,95189,10761,0.9343201420332181,0.9004528014832938,0.8504472224514537,0.7167549484248675,0.8071134381789424,0.8743595788223197,0.6368367252114115,0.830054698187158,0.037368379071724106,0.34565985202789307,0.10435436301042132,0.005752308615721922,37,3.5
student_kdB4_s1,test_w42-45,ge5,far,,95189,82348,0.9343201420332181,0.9004528014832938,0.816212779385325,0.8133530868994997,0.7769289275949192,0.8178998071576282,0.7576018846845096,0.7790304827248953,0.037368379071724106,0.34565985202789307,0.10435436301042132,0.005752308615721922,37,3.5
student_kdB4_s1,test_w46-49,all,all,,100000,100000,0.88271,0.8461214837593404,0.7928296881,0.84649,0.7204313071999999,0.7912646185000001,0.80451,0.7195909136,0.07671678561985497,0.6924154162406921,0.18923660858097563,0.01443156642691681,37,7.5
student_kdB4_s1,test_w46-49,all,near,,100000,10044,0.88271,0.8461214837593404,0.8283981849860613,0.7556750298685783,0.7493120639187575,0.852506472520908,0.6915571485463958,0.7705870420151334,0.07671678561985497,0.6924154162406921,0.18923660858097563,0.01443156642691681,37,7.5
student_kdB4_s1,test_w46-49,all,far,,100000,89956,0.88271,0.8461214837593404,0.7888583022811151,0.8566299079550003,0.7172066382453643,0.7844266846013606,0.8171217039441505,0.7138969619591801,0.07671678561985497,0.6924154162406921,0.18923660858097563,0.01443156642691681,37,7.5
student_kdB4_s1,test_w46-49,ge5,all,,94953,93107,0.8940844417764579,0.8549834013372779,0.7967425421651319,0.845629222292631,0.7331972759742054,0.7982249641574439,0.8007024176485119,0.73603073179836,0.06848806838863063,0.5935654640197754,0.17083891407058793,0.012205747147489964,37,7.5
student_kdB4_s1,test_w46-49,ge5,near,,94953,9749,0.8940844417764579,0.8549834013372779,0.8299312226095992,0.7558723971689404,0.7605404677661427,0.8560233664716893,0.692276130885219,0.7847714104167954,0.06848806838863063,0.5935654640197754,0.17083891407058793,0.012205747147489964,37,7.5
student_kdB4_s1,test_w46-49,ge5,far,,94953,83358,0.8940844417764579,0.8549834013372779,0.7928610137497054,0.856126586530387,0.7299993972249603,0.7914652455442145,0.8133832385613858,0.7303303446027565,0.06848806838863063,0.5935654640197754,0.17083891407058793,0.012205747147489964,37,7.5
student_kdB4_s1,test_w51-51,all,all,,100000,43579,0.84686,0.7963017382800791,0.7856459343950069,0.8792996626815668,0.7059379694348196,0.779928741825191,0.8537827852864912,0.7014887792285275,0.1023113857327402,1.0196397304534912,0.24483359666742094,0.02128733140219216,37,11.0
student_kdB4_s1,test_w51-51,all,near,,100000,6654,0.84686,0.7963017382800791,0.832099014126841,0.7853922452660054,0.7396133694018635,0.8549627697625488,0.755936278929967,0.7591299849714458,0.1023113857327402,1.0196397304534912,0.24483359666742094,0.02128733140219216,37,11.0
student_kdB4_s1,test_w51-51,all,far,,100000,36925,0.84686,0.7963017382800791,0.7772749447528774,0.8962220717670955,0.6998695574813812,0.7664073763033176,0.8714150304671632,0.6911016544346649,0.1023113857327402,1.0196397304534912,0.24483359666742094,0.02128733140219216,37,11.0
student_kdB4_s1,test_w51-51,ge5,all,,93905,40935,0.8562163889036792,0.8014103737802948,0.7845430806872737,0.8804934652497862,0.7135425914639582,0.7828381350585827,0.8538414559667766,0.7134328669917746,0.09592776228448374,0.9414084553718567,0.22992090660777045,0.018958204770550647,37,11.0
student_kdB4_s1,test_w51-51,ge5,near,,93905,6460,0.8562163889036792,0.8014103737802948,0.8314939650654777,0.7905572755417957,0.7482975235330218,0.857397879056678,0.7647058823529411,0.7716532797869132,0.09592776228448374,0.9414084553718567,0.22992090660777045,0.018958204770550647,37,11.0
student_kdB4_s1,test_w51-51,ge5,far,,93905,34475,0.8562163889036792,0.8014103737802948,0.7757453225122716,0.8973459028281363,0.7070301371879276,0.76886696910564,0.8705438723712835,0.7025234002287115,0.09592776228448374,0.9414084553718567,0.22992090660777045,0.018958204770550647,37,11.0
student_kdB4_s2,val,all,all,,200000,54382,0.937375,0.90991226646938,0.7880917010683681,0.8539590305615828,0.7488730716965173,0.8226954034423155,0.8053400022066125,0.7818377568864697,0.03398200332872566,0.29646438360214233,0.0978756453870864,0.005222107910660181,37,1.0
student_kdB4_s2,val,all,near,,200000,12295,0.937375,0.90991226646938,0.7038829125660838,0.8928832858885726,0.671507632777552,0.7111974511996747,0.8632777551850346,0.6784328344855632,0.03398200332872566,0.29646438360214233,0.0978756453870864,0.005222107910660181,37,1.0
student_kdB4_s2,val,all,far,,200000,42087,0.937375,0.90991226646938,0.8126918639366074,0.8425879725330863,0.7714740665763775,0.8552676305628816,0.7884144747784352,0.8120457432223728,0.03398200332872566,0.29646438360214233,0.0978756453870864,0.005222107910660181,37,1.0
student_kdB4_s2,val,ge5,all,,190477,52884,0.9446022354404994,0.9168411648639275,0.7878634045942019,0.8560245064669844,0.7548303719005768,0.8259687375197501,0.8107745253762952,0.7917712110019652,0.029391471274077062,0.2579612731933594,0.08641182559080134,0.00426706648354517,37,1.0
student_kdB4_s2,val,ge5,near,,190477,11763,0.9446022354404994,0.9168411648639275,0.7035024908591218,0.8932245175550455,0.6763434391083512,0.7150447410904548,0.8654254866955708,0.687918966869767,0.029391471274077062,0.2579612731933594,0.08641182559080134,0.00426706648354517,37,1.0
student_kdB4_s2,val,ge5,far,,190477,41121,0.9446022354404994,0.9168411648639275,0.8119955372822627,0.8453831375696116,0.7772822040650414,0.8576994583192881,0.7951411687458962,0.8214789989382276,0.029391471274077062,0.2579612731933594,0.08641182559080134,0.00426706648354517,37,1.0
student_kdB4_s2,test_w42-45,all,all,,100000,100000,0.92606,0.8936545573062303,0.8177885104,0.80864,0.7707104842,0.8223107122,0.74155,0.7754266407999999,0.04409103662535545,0.42793548107147217,0.117765331058246,0.007271635558799603,37,3.5
student_kdB4_s2,test_w42-45,all,near,,100000,11103,0.92606,0.8936545573062303,0.8426222079618122,0.7815004953616139,0.7927215482302081,0.8750241376204629,0.6585607493470234,0.8228212996487436,0.04409103662535545,0.42793548107147217,0.117765331058246,0.007271635558799603,37,3.5
student_kdB4_s2,test_w42-45,all,far,,100000,88897,0.92606,0.8936545573062303,0.8146868473064333,0.8120296522942282,0.7679613605633486,0.8157269448912787,0.7519151377436809,0.769507173357931,0.04409103662535545,0.42793548107147217,0.117765331058246,0.007271635558799603,37,3.5
student_kdB4_s2,test_w42-45,ge5,all,,95189,93109,0.9342466041244262,0.9006142146384497,0.8193559914424728,0.8079884866124649,0.7792766258527347,0.829360854437001,0.7382852355841003,0.7892901628753728,0.03854079305831963,0.37876322865486145,0.10474432067775667,0.006019686496449604,37,3.5
student_kdB4_s2,test_w42-45,ge5,near,,95189,10761,0.9342466041244262,0.9006142146384497,0.8432415139025633,0.7835703001579779,0.8006442177368416,0.8780543689061788,0.6627636836725211,0.833554988229273,0.03854079305831963,0.37876322865486145,0.10474432067775667,0.006019686496449604,37,3.5
student_kdB4_s2,test_w42-45,ge5,far,,95189,82348,0.9342466041244262,0.9006142146384497,0.8162347000062143,0.8111793850488173,0.7764843703484741,0.8229977258946827,0.7481541749647836,0.7835057627001006,0.03854079305831963,0.37876322865486145,0.10474432067775667,0.006019686496449604,37,3.5
student_kdB4_s2,test_w46-49,all,all,,100000,100000,0.88328,0.8429398275790149,0.7920423478999999,0.85099,0.7209946898999999,0.7963742093499999,0.79125,0.7241779096,0.07649746604233978,0.7538591623306274,0.18794470377116945,0.014498991346582711,37,7.5
student_kdB4_s2,test_w46-49,all,near,,100000,10044,0.88328,0.8429398275790149,0.8167111763241736,0.8273596176821983,0.7415071246515333,0.8570354998008762,0.7067901234567902,0.7748666756272401,0.07649746604233978,0.7538591623306274,0.18794470377116945,0.014498991346582711,37,7.5
student_kdB4_s2,test_w46-49,all,far,,100000,89956,0.88328,0.8429398275790149,0.7892879600582509,0.8536284405709458,0.7187043824758771,0.7896010980368181,0.8006803326070523,0.7185182763795634,0.07649746604233978,0.7538591623306274,0.18794470377116945,0.014498991346582711,37,7.5
student_kdB4_s2,test_w46-49,ge5,all,,94953,93107,0.8942529461944331,0.851860185157252,0.7946987034806805,0.8488620619287487,0.7311682425860271,0.8036407647332813,0.7881040093655687,0.7404210649606285,0.0686699496536935,0.6429992318153381,0.16977545505243827,0.012304107446248568,37,7.5
student_kdB4_s2,test_w46-49,ge5,near,,94953,9749,0.8942529461944331,0.851860185157252,0.818974427109312,0.825828290081034,0.751728908704434,0.8595994272409694,0.7084829213252641,0.7878702468925147,0.0686699496536935,0.6429992318153381,0.16977545505243827,0.012304107446248568,37,7.5
student_kdB4_s2,test_w46-49,ge5,far,,94953,83358,0.8942529461944331,0.851860185157252,0.7918595755066946,0.8515559394419252,0.7287636031514395,0.797096209912059,0.7974159648743971,0.7348717226700993,0.0686699496536935,0.6429992318153381,0.16977545505243827,0.012304107446248568,37,7.5
student_kdB4_s2,test_w51-51,all,all,,100000,43579,0.845,0.7942503391392053,0.7827444890887812,0.8826040065169003,0.7042288994699282,0.7835194044149705,0.8492163656807178,0.7031416425342483,0.10559173638328909,1.176093339920044,0.25059426972181004,0.022115330745373515,37,11.0
student_kdB4_s2,test_w51-51,all,near,,100000,6654,0.845,0.7942503391392053,0.8181779636308986,0.8473098887886985,0.7309994214006613,0.8553149218515179,0.7727682596934174,0.7588147039374811,0.10559173638328909,1.176093339920044,0.25059426972181004,0.022115330745373515,37,11.0
student_kdB4_s2,test_w51-51,all,far,,100000,36925,0.845,0.7942503391392053,0.7763592666215303,0.8889641164522681,0.6994047680433311,0.7705816285714286,0.8629925524712254,0.6931091834800271,0.10559173638328909,1.176093339920044,0.25059426972181004,0.022115330745373515,37,11.0
student_kdB4_s2,test_w51-51,ge5,all,,93905,40935,0.8539481390767265,0.7997520832919501,0.7803541726284722,0.884841822401368,0.7100544122492367,0.7871533518716991,0.8523268596555514,0.7153493237420773,0.0996064841068119,1.0883166790008545,0.23602538312938337,0.019824403814745917,37,11.0
student_kdB4_s2,test_w51-51,ge5,near,,93905,6460,0.8539481390767265,0.7997520832919501,0.8176887442895239,0.8518575851393189,0.7388933895546567,0.8569763889234607,0.7809597523219814,0.7704063094527883,0.0996064841068119,1.0883166790008545,0.23602538312938337,0.019824403814745917,37,11.0
student_kdB4_s2,test_w51-51,ge5,far,,93905,34475,0.8539481390767265,0.7997520832919501,0.7733583399111295,0.8910224800580131,0.7046505023611145,0.774069760302319,0.8656997824510515,0.7050326267822166,0.0996064841068119,1.0883166790008545,0.23602538312938337,0.019824403814745917,37,11.0
student_enddA_s0,val,all,all,,200000,54382,0.947525,0.9248913714962876,0.7892287754679858,0.8614799014379758,0.7596626897686733,0.8339388754551139,0.7815453642749439,0.8010178336581958,0.006234945343211286,0.20370277762413025,0.07619207898122395,0.0039011139121904563,37,1.0
student_enddA_s0,val,all,near,,200000,12295,0.947525,0.9248913714962876,0.6951757354615697,0.9030500203334689,0.6722044961366409,0.7262245138267589,0.8536803578690525,0.6999232167547784,0.006234945343211286,0.20370277762413025,0.07619207898122395,0.0039011139121904563,37,1.0
student_enddA_s0,val,all,far,,200000,42087,0.947525,0.9248913714962876,0.8167047686934208,0.8493358994463849,0.7852121109843895,0.8654057910399885,0.760472354883931,0.8305509036044385,0.006234945343211286,0.20370277762413025,0.07619207898122395,0.0039011139121904563,37,1.0
student_enddA_s0,val,ge5,all,,190477,52884,0.9525664515925807,0.9304215660752789,0.790028680080912,0.863134407382195,0.7638339945865078,0.8381663229261546,0.7818054610090008,0.8094239190787047,0.0069110816223371,0.18006311357021332,0.06867978784975393,0.0032690834720820535,37,1.0
student_enddA_s0,val,ge5,near,,190477,11763,0.9525664515925807,0.9304215660752789,0.6990166984598273,0.9016407379069965,0.6785045397808525,0.7309834314484449,0.8518235144095894,0.7081621720883764,0.0069110816223371,0.18006311357021332,0.06867978784975393,0.0032690834720820535,37,1.0
student_enddA_s0,val,ge5,far,,190477,41121,0.9525664515925807,0.9304215660752789,0.8160634053990906,0.8521193550740498,0.7882431864076922,0.8688268699082877,0.761776221395394,0.8383906740177196,0.0069110816223371,0.18006311357021332,0.06867978784975393,0.0032690834720820535,37,1.0
student_enddA_s0,test_w42-45,all,all,,100000,100000,0.93644,0.9083134530397082,0.83845136695,0.74616,0.7978465963000001,0.85079131175,0.67911,0.8096011133,0.007427736981809176,0.2689819633960724,0.09198279219985941,0.005496144508034662,37,3.5
student_enddA_s0,test_w42-45,all,near,,100000,11103,0.93644,0.9083134530397082,0.8483963883635054,0.7682608304061965,0.80690168693146,0.8931851940916868,0.6451409528956138,0.8485443393677384,0.007427736981809176,0.2689819633960724,0.09198279219985941,0.005496144508034662,37,3.5
student_enddA_s0,test_w42-45,all,far,,100000,88897,0.93644,0.9083134530397082,0.8372092600987661,0.7433996647805887,0.7967156394479002,0.8454964280571897,0.6833526440712285,0.8047372074423209,0.007427736981809176,0.2689819633960724,0.09198279219985941,0.005496144508034662,37,3.5
student_enddA_s0,test_w42-45,ge5,all,,95189,93109,0.9423147632604608,0.9138155055535326,0.8358824873061058,0.7516137000719587,0.8000067072681843,0.8546393427225777,0.6800631517898377,0.8182326324504734,0.007260564322491118,0.23858019709587097,0.08261660146986194,0.0044762234315484815,37,3.5
student_enddA_s0,test_w42-45,ge5,near,,95189,10761,0.9423147632604608,0.9138155055535326,0.8472443276318253,0.7659139485177957,0.8103870637033491,0.8958715146149615,0.6439921940340118,0.8563547145855054,0.007260564322491118,0.23858019709587097,0.08261660146986194,0.0044762234315484815,37,3.5
student_enddA_s0,test_w42-45,ge5,far,,95189,82348,0.9423147632604608,0.9138155055535326,0.8343977546623856,0.7497449846990819,0.7986502321188327,0.849251240986847,0.6847768008937679,0.8132509483068988,0.007260564322491118,0.23858019709587097,0.08261660146986194,0.0044762234315484815,37,3.5
student_enddA_s0,test_w46-49,all,all,,100000,100000,0.88981,0.8513282649125277,0.8196008770000001,0.75602,0.7464965251,0.83613256525,0.7038,0.7608589302000001,0.026607942212894538,0.5052245855331421,0.15860469681015332,0.014069902493970936,37,7.5
student_enddA_s0,test_w46-49,all,near,,100000,10044,0.88981,0.8513282649125277,0.8275801189765033,0.7902230187176423,0.7532019384707287,0.880703842094783,0.6653723616089208,0.798672037037037,0.026607942212894538,0.5052245855331421,0.15860469681015332,0.014069902493970936,37,7.5
student_enddA_s0,test_w46-49,all,far,,100000,89956,0.88981,0.8513282649125277,0.8187099580350393,0.7522010760816399,0.745747834941527,0.8311559777557916,0.7080906220819068,0.7566369233847657,0.026607942212894538,0.5052245855331421,0.15860469681015332,0.014069902493970936,37,7.5
student_enddA_s0,test_w46-49,ge5,all,,94953,93107,0.8994239255210472,0.8599973928884699,0.8175070399494553,0.7653345076095245,0.7511083293337442,0.8389552829877178,0.7058223334443168,0.7719486965910524,0.020805664529931298,0.4335344135761261,0.14334987500006932,0.010892734234580443,37,7.5
student_enddA_s0,test_w46-49,ge5,near,,94953,9749,0.8994239255210472,0.8599973928884699,0.8272746610789018,0.7847984408657298,0.7594831107533798,0.8834799165887144,0.6645809826648887,0.8101625947399708,0.020805664529931298,0.4335344135761261,0.14334987500006932,0.010892734234580443,37,7.5
student_enddA_s0,test_w46-49,ge5,far,,94953,83358,0.8994239255210472,0.8599973928884699,0.8163646836262353,0.7630581347921015,0.7501288703248903,0.8337479765147205,0.7106456488879291,0.7674794519708142,0.020805664529931298,0.4335344135761261,0.14334987500006932,0.010892734234580443,37,7.5
student_enddA_s0,test_w51-51,all,all,,100000,43579,0.85235,0.8010675515668072,0.8004291197595172,0.8393721746712867,0.7207262732049842,0.8202561122329564,0.8259253310080543,0.7372931861676495,0.0395018561597168,0.7458739280700684,0.20307296562528154,0.020633138683716256,37,11.0
student_enddA_s0,test_w51-51,all,near,,100000,6654,0.85235,0.8010675515668072,0.8146355913736099,0.8621881574992486,0.7322631289449956,0.8653979117823865,0.7924556657649534,0.7738048692515781,0.0395018561597168,0.7458739280700684,0.20307296562528154,0.020633138683716256,37,11.0
student_enddA_s0,test_w51-51,all,far,,100000,36925,0.85235,0.8010675515668072,0.7978690693297223,0.835260663507109,0.7186472958700069,0.8121214193635747,0.8319566689234935,0.7307136671631687,0.0395018561597168,0.7458739280700684,0.20307296562528154,0.020633138683716256,37,11.0
student_enddA_s0,test_w51-51,ge5,all,,93905,40935,0.8602630317874448,0.8077539755629064,0.7952296025247703,0.8552583363869549,0.7222132292922621,0.8182852243795165,0.8312690851349701,0.7438343090516876,0.03416964959121728,0.688218355178833,0.1902922813325693,0.017423412629099282,37,11.0
student_enddA_s0,test_w51-51,ge5,near,,93905,6460,0.8602630317874448,0.8077539755629064,0.8125155866140323,0.8647058823529412,0.7362972706590531,0.8673411538536987,0.7958204334365325,0.7842262196676932,0.03416964959121728,0.688218355178833,0.1902922813325693,0.017423412629099282,37,11.0
student_enddA_s0,test_w51-51,ge5,far,,93905,34475,0.8602630317874448,0.8077539755629064,0.7919905174713509,0.8534880348078318,0.7195741311855335,0.8090930183054565,0.8379115300942712,0.7362655855540979,0.03416964959121728,0.688218355178833,0.1902922813325693,0.017423412629099282,37,11.0
student_enddA_s1,val,all,all,,200000,54382,0.946145,0.9232848368143459,0.778139017321908,0.8685962266926557,0.7485335371998088,0.8252704083612225,0.7844139605016366,0.7921261626089515,0.005128748651444942,0.20987436175346375,0.07850401278611292,0.004285236029982056,37,1.0
student_enddA_s1,val,all,near,,200000,12295,0.946145,0.9232848368143459,0.6924378409922732,0.8987393249288329,0.6689208967059781,0.7143995160634404,0.8732004880032533,0.6882246165107767,0.005128748651444942,0.20987436175346375,0.07850401278611292,0.004285236029982056,37,1.0
student_enddA_s1,val,all,far,,200000,42087,0.946145,0.9232848368143459,0.8031751558676076,0.8597904341007913,0.7717910137334569,0.8576594506023236,0.7584764891771806,0.8224792290968708,0.005128748651444942,0.20987436175346375,0.07850401278611292,0.004285236029982056,37,1.0
student_enddA_s1,val,ge5,all,,190477,52884,0.9512854570368076,0.9285899763082629,0.7794181086566665,0.8683722865138794,0.7532873567599568,0.8289956851016717,0.7844149459193707,0.800187532292391,0.005683862360800504,0.1855057328939438,0.07088373978076397,0.0036603304708695042,37,1.0
student_enddA_s1,val,ge5,near,,190477,11763,0.9512854570368076,0.9285899763082629,0.6965258167991984,0.8963699736461787,0.6755673252173428,0.7188018356494543,0.8713763495706878,0.6962529933603814,0.005683862360800504,0.1855057328939438,0.07088373978076397,0.0036603304708695042,37,1.0
student_enddA_s1,val,ge5,far,,190477,41121,0.9512854570368076,0.9285899763082629,0.8031301299868723,0.8603633180126943,0.7755198105192469,0.8605175413577557,0.7595389217188298,0.8299188613324734,0.005683862360800504,0.1855057328939438,0.07088373978076397,0.0036603304708695042,37,1.0
student_enddA_s1,test_w42-45,all,all,,100000,100000,0.93456,0.9060351157660592,0.8270494203500001,0.76794,0.7863073290000001,0.8418408423,0.70283,0.8007414521,0.0068924561858177205,0.28306612372398376,0.09613432285007249,0.006334204427853703,37,3.5
student_enddA_s1,test_w42-45,all,near,,100000,11103,0.93456,0.9060351157660592,0.8461080770962802,0.742862289471314,0.8033256570296317,0.8833401693236063,0.6173106367648383,0.8383712672250743,0.0068924561858177205,0.28306612372398376,0.09613432285007249,0.006334204427853703,37,3.5
student_enddA_s1,test_w42-45,all,far,,100000,88897,0.93456,0.9060351157660592,0.824669044568433,0.7710721396672554,0.78418178487463,0.8366576861986343,0.7135111421082826,0.796041587792614,0.0068924561858177205,0.28306612372398376,0.09613432285007249,0.006334204427853703,37,3.5
student_enddA_s1,test_w42-45,ge5,all,,95189,93109,0.9407494563447457,0.9116569406375377,0.8260845000089378,0.7749411979507889,0.7903238590274844,0.8454024304106735,0.7021770183333512,0.8094731455734658,0.005507840587620421,0.2514924705028534,0.08676075056222811,0.005383876387434178,37,3.5
student_enddA_s1,test_w42-45,ge5,near,,95189,10761,0.9407494563447457,0.9116569406375377,0.8466218634563101,0.740265774556268,0.8088063154571236,0.8856423018823382,0.6170430257411021,0.8461900646164475,0.005507840587620421,0.2514924705028534,0.08676075056222811,0.005383876387434178,37,3.5
student_enddA_s1,test_w42-45,ge5,far,,95189,82348,0.9407494563447457,0.9116569406375377,0.8234007363709968,0.7794724826346724,0.7879086247335203,0.8401439996423903,0.713302083839316,0.804675084104802,0.005507840587620421,0.2514924705028534,0.08676075056222811,0.005383876387434178,37,3.5
student_enddA_s1,test_w46-49,all,all,,100000,100000,0.89163,0.8599390043548159,0.8071087454499999,0.79684,0.7383225148,0.8236491624500001,0.75256,0.7532931374,0.02413741671979429,0.4895816743373871,0.1558295515983164,0.013433040477141039,37,7.5
student_enddA_s1,test_w46-49,all,near,,100000,10044,0.89163,0.8599390043548159,0.825885924432497,0.7690163281561131,0.7538325906013541,0.8694541268418956,0.6518319394663481,0.7917284657506971,0.02413741671979429,0.4895816743373871,0.1558295515983164,0.013433040477141039,37,7.5
student_enddA_s1,test_w46-49,all,far,,100000,89956,0.89163,0.8599390043548159,0.8050121872915648,0.799946640579839,0.7365907436969185,0.8185348280826182,0.7638067499666503,0.7490016566988306,0.02413741671979429,0.4895816743373871,0.1558295515983164,0.013433040477141039,37,7.5
student_enddA_s1,test_w46-49,ge5,all,,94953,93107,0.9015723568502312,0.8679164888520122,0.8054930256065718,0.7991987713061317,0.7448437077958164,0.8261526754522055,0.7542719666620126,0.7645367642154525,0.018035963202868543,0.4183880090713501,0.14016677972073383,0.010850344000247241,37,7.5
student_enddA_s1,test_w46-49,ge5,near,,94953,9749,0.9015723568502312,0.8679164888520122,0.8266989995861463,0.7666427325879578,0.7626397166846846,0.8716467499022793,0.6500153861934558,0.8031461699008127,0.018035963202868543,0.4183880090713501,0.14016677972073383,0.010850344000247241,37,7.5
student_enddA_s1,test_w46-49,ge5,far,,94953,83358,0.9015723568502312,0.8679164888520122,0.8030129152353191,0.8030063101322009,0.7427624043737385,0.8208319895934542,0.7664651263226085,0.7600212636513006,0.018035963202868543,0.4183880090713501,0.14016677972073383,0.010850344000247241,37,7.5
student_enddA_s1,test_w51-51,all,all,,100000,43579,0.85284,0.8073267129086897,0.7917662336216985,0.8513274742421809,0.7153891642763717,0.8062537002914247,0.8200738887996513,0.7274592028270498,0.04123963760852817,0.6809087991714478,0.20310655682234352,0.02032840865384811,37,11.0
student_enddA_s1,test_w51-51,all,near,,100000,6654,0.85284,0.8073267129086897,0.8211106364592726,0.7987676585512473,0.737373318304779,0.8627161654643822,0.7240757439134355,0.7710422903516682,0.04123963760852817,0.6809087991714478,0.20310655682234352,0.02032840865384811,37,11.0
student_enddA_s1,test_w51-51,all,far,,100000,36925,0.85284,0.8073267129086897,0.7864782808395397,0.8607989167230874,0.7114275512525388,0.7960789882193636,0.8373730534867976,0.719605394719025,0.04123963760852817,0.6809087991714478,0.20310655682234352,0.02032840865384811,37,11.0
student_enddA_s1,test_w51-51,ge5,all,,93905,40935,0.8607209413769235,0.8121299756491084,0.7861752931175939,0.8582386710638817,0.718126010198215,0.8052438765188463,0.8240381091975082,0.734732344352106,0.03580430803299715,0.621562123298645,0.18971169355006565,0.017842418091668748,37,11.0
student_enddA_s1,test_w51-51,ge5,near,,93905,6460,0.8607209413769235,0.8121299756491084,0.8183247610596508,0.8020123839009288,0.742334128935722,0.864778063529392,0.7273993808049536,0.7815687549319903,0.03580430803299715,0.621562123298645,0.18971169355006565,0.017842418091668748,37,11.0
student_enddA_s1,test_w51-51,ge5,far,,93905,34475,0.8607209413769235,0.8121299756491084,0.7801510563400539,0.8687744742567077,0.7135898405957697,0.7940882319042524,0.8421464829586657,0.7259560365248093,0.03580430803299715,0.621562123298645,0.18971169355006565,0.017842418091668748,37,11.0
student_enddA_s2,val,all,all,,200000,54382,0.94618,0.9232625624325286,0.7821540573167592,0.8518995255783164,0.7518706072781436,0.8284353035011585,0.7916773932551212,0.7949669369460483,0.005880711698941902,0.21193011105060577,0.07790308045312574,0.004145941696715394,37,1.0
student_enddA_s2,val,all,near,,200000,12295,0.94618,0.9232625624325286,0.684279000610004,0.925986173241155,0.6611448999593331,0.7172854697031313,0.8856445709638064,0.6908665091500611,0.005880711698941902,0.21193011105060577,0.07790308045312574,0.004145941696715394,37,1.0
student_enddA_s2,val,all,far,,200000,42087,0.94618,0.9232625624325286,0.8107465876042483,0.8302563737020933,0.7783745769477509,0.8609058337491388,0.7642264832371041,0.825378103333571,0.005880711698941902,0.21193011105060577,0.07790308045312574,0.004145941696715394,37,1.0
student_enddA_s2,val,ge5,all,,190477,52884,0.9514639562781858,0.9290155002172403,0.7834611926761916,0.85142954390742,0.7567975739013253,0.8325993525209389,0.7941532410558959,0.8035891900329856,0.0064354459442517095,0.18880333006381989,0.07028209089666333,0.0035311829569332374,37,1.0
student_enddA_s2,val,ge5,near,,190477,11763,0.9514639562781858,0.9290155002172403,0.6865114377204218,0.924764090793165,0.666181567478657,0.7212271544033135,0.8850633341834566,0.6986099182452613,0.0064354459442517095,0.18880333006381989,0.07028209089666333,0.0035311829569332374,37,1.0
student_enddA_s2,val,ge5,far,,190477,41121,0.9514639562781858,0.9290155002172403,0.8111944668559226,0.8304515940760195,0.7827190272597029,0.8644582850969371,0.7681476617786532,0.8336193734925076,0.0064354459442517095,0.18880333006381989,0.07028209089666333,0.0035311829569332374,37,1.0
student_enddA_s2,test_w42-45,all,all,,100000,100000,0.93493,0.908211323461809,0.83152041065,0.74674,0.7902344742,0.8441214355500002,0.68404,0.8022084105,0.007481291474588259,0.2743876278400421,0.09392110600014934,0.005856576596382645,37,3.5
student_enddA_s2,test_w42-45,all,near,,100000,11103,0.93493,0.908211323461809,0.8357068022156173,0.8101414032243538,0.7945276817076466,0.8740713523372061,0.7011618481491488,0.8307569900027019,0.007481291474588259,0.2743876278400421,0.09392110600014934,0.005856576596382645,37,3.5
student_enddA_s2,test_w42-45,all,far,,100000,88897,0.93493,0.908211323461809,0.830997541424345,0.7388213325534045,0.7896982639459149,0.8403807702172177,0.6819015264857082,0.7986427684848758,0.007481291474588259,0.2743876278400421,0.09392110600014934,0.005856576596382645,37,3.5
student_enddA_s2,test_w42-45,ge5,all,,95189,93109,0.9411591675508725,0.9136314704845896,0.8306863403138716,0.7501745266300788,0.794325257048726,0.849238404383519,0.6794294858713981,0.8123176624218528,0.006252702110492555,0.2453227937221527,0.08463797942770537,0.004954032247606121,37,3.5
student_enddA_s2,test_w42-45,ge5,near,,95189,10761,0.9411591675508725,0.9136314704845896,0.8353973565650762,0.8102406839513057,0.7991223744030735,0.876049148080748,0.7030015797788309,0.8382923751529012,0.006252702110492555,0.2453227937221527,0.08463797942770537,0.004954032247606121,37,3.5
student_enddA_s2,test_w42-45,ge5,far,,95189,82348,0.9411591675508725,0.9136314704845896,0.8300707182480143,0.7423252538009424,0.7936983835381353,0.8457348534420769,0.6763491523777141,0.8089233616046039,0.006252702110492555,0.2453227937221527,0.08463797942770537,0.004954032247606121,37,3.5
student_enddA_s2,test_w46-49,all,all,,100000,100000,0.89234,0.8570514138408903,0.8103726543499999,0.76311,0.7400658804000001,0.8277017591,0.72023,0.7558103356999999,0.02345143017653377,0.4859815537929535,0.15372907371027011,0.012648780854425475,37,7.5
student_enddA_s2,test_w46-49,all,near,,100000,10044,0.89234,0.8570514138408903,0.8096882203305457,0.8411987256073278,0.739990719832736,0.8560581197729988,0.7297889287136599,0.7813319255276783,0.02345143017653377,0.4859815537929535,0.15372907371027011,0.012648780854425475,37,7.5
student_enddA_s2,test_w46-49,all,far,,100000,89956,0.89234,0.8570514138408903,0.8104490745475567,0.7543910356174129,0.740074272422073,0.8245356413691138,0.7191627017653075,0.7529607331362,0.02345143017653377,0.4859815537929535,0.15372907371027011,0.012648780854425475,37,7.5
student_enddA_s2,test_w46-49,ge5,all,,94953,93107,0.9021621223131444,0.8647489976665635,0.8099588656045074,0.7717035239026067,0.7464721592889155,0.8319860590075835,0.7202573383311673,0.7683239637640255,0.017893705721692903,0.421047568321228,0.13852058424568703,0.01037792372336501,37,7.5
student_enddA_s2,test_w46-49,ge5,near,,94953,9749,0.9021621223131444,0.8647489976665635,0.8106183071302125,0.8409067596676583,0.7475151531716925,0.8580396260137433,0.7332034054774849,0.7924725529756802,0.017893705721692903,0.421047568321228,0.13852058424568703,0.01037792372336501,37,7.5
student_enddA_s2,test_w46-49,ge5,far,,94953,83358,0.9021621223131444,0.8647489976665635,0.8098817416879774,0.7636099714484512,0.7463501776271292,0.8289390062382868,0.7187432519974087,0.7654997045900478,0.017893705721692903,0.421047568321228,0.13852058424568703,0.01037792372336501,37,7.5
student_enddA_s2,test_w51-51,all,all,,100000,43579,0.85136,0.8045420260166695,0.794448187888662,0.8282429610592258,0.7133816751187498,0.8084675695862686,0.8242961059225774,0.7276597579109203,0.041467756304144836,0.6916764974594116,0.20327804373759653,0.019883991312882238,37,11.0
student_enddA_s2,test_w51-51,all,near,,100000,6654,0.85136,0.8045420260166695,0.8052819627291854,0.8721070033062819,0.7230425082657048,0.8458890727382027,0.8232642019837692,0.7592914652840397,0.041467756304144836,0.6916764974594116,0.20327804373759653,0.019883991312882238,37,11.0
student_enddA_s2,test_w51-51,all,far,,100000,36925,0.85136,0.8045420260166695,0.7924959079214625,0.8203385240352065,0.7116407628977658,0.8017240981719702,0.8244820582261341,0.7219596257278267,0.041467756304144836,0.6916764974594116,0.20327804373759653,0.019883991312882238,37,11.0
student_enddA_s2,test_w51-51,ge5,all,,93905,40935,0.8594856503913529,0.8101790521175627,0.7903081649032014,0.8354952974227434,0.7162671221087751,0.8085151075688732,0.8284108953218517,0.735711636196365,0.03623198582705744,0.6364327669143677,0.19044872048995,0.017239610929772047,37,11.0
student_enddA_s2,test_w51-51,ge5,near,,93905,6460,0.8594856503913529,0.8101790521175627,0.8031930217994174,0.8769349845201239,0.7276848234242399,0.8467945323175075,0.8294117647058824,0.7691340533702545,0.03623198582705744,0.6364327669143677,0.19044872048995,0.017239610929772047,37,11.0
student_enddA_s2,test_w51-51,ge5,far,,93905,34475,0.8594856503913529,0.8101790521175627,0.7878937725739903,0.8277302393038434,0.7141276485627881,0.8013422262381646,0.8282233502538071,0.7294488714409386,0.03623198582705744,0.6364327669143677,0.19044872048995,0.017239610929772047,37,11.0
teacherA,val,all,all,,200000,54382,,,0.8148167714041411,0.8366738994520245,,0.8505732691883343,0.7822257364569158,,,,,,37,1.0
teacherA,val,all,near,,200000,12295,,,0.7433936699877999,0.868727124847499,,0.7659072440016266,0.8519723464823099,,,,,,37,1.0
teacherA,val,all,far,,200000,42087,,,0.8356818136241595,0.8273100957540334,,0.8753070059638368,0.7618504526338299,,,,,,37,1.0
teacherA,val,ge5,all,,190477,52884,,,0.8180863586857894,0.8393464942137508,,0.8544789897840688,0.7877997125784736,,,,,,37,1.0
teacherA,val,ge5,near,,190477,11763,,,0.746382881972471,0.8708662756099634,,0.7723182914804669,0.8563291677293208,,,,,,37,1.0
teacherA,val,ge5,far,,190477,41121,,,0.8385977274895334,0.8303300017022932,,0.877981732765642,0.7681962987281438,,,,,,37,1.0
teacherA,test_w42-45,all,all,,100000,100000,,,0.8190705892,0.81444,,0.83918389315,0.73585,,,,,,37,3.5
teacherA,test_w42-45,all,near,,100000,11103,,,0.8504592456993605,0.8014050256687382,,0.8888217981626587,0.6903539583896244,,,,,,37,3.5
teacherA,test_w42-45,all,far,,100000,88897,,,0.815150229085346,0.8160680337919165,,0.8329842501996694,0.7415323351744153,,,,,,37,3.5
teacherA,test_w42-45,ge5,all,,95189,93109,,,0.8215495576133907,0.8109849745996628,,0.8454631549822952,0.7293816924250073,,,,,,37,3.5
teacherA,test_w42-45,ge5,near,,95189,10761,,,0.8507579254122506,0.8058730601245238,,0.8889851664030437,0.6950097574574854,,,,,,37,3.5
teacherA,test_w42-45,ge5,far,,95189,82348,,,0.8177326920442993,0.8116529848933793,,0.8397758235972139,0.7338733181133725,,,,,,37,3.5
teacherA,test_w46-49,all,all,,100000,100000,,,0.7941218381,0.85144,,0.81256403225,0.78345,,,,,,37,7.5
teacherA,test_w46-49,all,near,,100000,10044,,,0.8305830680007965,0.8268618080446037,,0.8704700378335325,0.7144563918757467,,,,,,37,7.5
teacherA,test_w46-49,all,far,,100000,89956,,,0.7900507745453333,0.8541842678642892,,0.8060985611298858,0.7911534527991463,,,,,,37,7.5
teacherA,test_w46-49,ge5,all,,94953,93107,,,0.7968284817800794,0.8488728022597657,,0.8196976939808464,0.7808005842740073,,,,,,37,7.5
teacherA,test_w46-49,ge5,near,,94953,9749,,,0.8309176071395653,0.8296235511334495,,0.8702073082791492,0.7196635552364345,,,,,,37,7.5
teacherA,test_w46-49,ge5,far,,94953,83358,,,0.7928416432867178,0.8511240672760862,,0.8137904237752973,0.7879507665730944,,,,,,37,7.5
teacherA,test_w51-51,all,all,,100000,43579,,,0.7914398732187522,0.8695013653365153,,0.8067442975974667,0.8160122995020538,,,,,,37,11.0
teacherA,test_w51-51,all,near,,100000,6654,,,0.8381294867748723,0.8310790501953712,,0.8757957281334535,0.731590021039976,,,,,,37,11.0
teacherA,test_w51-51,all,far,,100000,36925,,,0.7830262594448205,0.8764251861882194,,0.7943010147596479,0.8312254570074475,,,,,,37,11.0
teacherA,test_w51-51,ge5,all,,93905,40935,,,0.7925526635667588,0.8657139367289606,,0.8124123851236855,0.81700256504214,,,,,,37,11.0
teacherA,test_w51-51,ge5,near,,93905,6460,,,0.8364021119756924,0.8303405572755418,,0.8738713586931527,0.7413312693498452,,,,,,37,11.0
teacherA,test_w51-51,ge5,far,,93905,34475,,,0.7843360591658388,0.8723422770123278,,0.8008960698442438,0.8311820159535895,,,,,,37,11.0
