model,split,flows,unknown,temperature,n_known,n_unknown,accuracy,macro_f1,auroc_msp,fpr95_msp,oscr_msp,auroc_energy,fpr95_energy,oscr_energy,ece,nll,brier,aurc,ece_ts,nll_ts,start,condition,seed,weeks_since
teacherA_0,val,all,all,1.278234194612443,200000,53779,0.970445,0.9576838165203811,0.9000088018092564,0.5823090797523197,0.8923223302776175,0.8205658405697391,0.6071700849774075,0.8103776535450641,0.0068820833534002,0.10350945591926575,0.04266181026409247,0.001106491141971484,0.001563037175349874,0.0989047959446907,11,teacherA_member,0,1.0
teacherA_0,val,all,near,1.278234194612443,200000,10959,0.970445,0.9576838165203811,0.8748400570307511,0.5600875992335067,0.8673083214709372,0.8118126418925085,0.5950360434346199,0.8014266698603888,0.0068820833534002,0.10350945591926575,0.04266181026409247,0.001106491141971484,0.001563037175349874,0.0989047959446907,11,teacherA_member,0,1.0
teacherA_0,val,all,far,1.278234194612443,200000,42820,0.970445,0.9576838165203811,0.9064502841546007,0.5879962634283046,0.8987242107659972,0.822806062529192,0.6102755721625409,0.8126684949789817,0.0068820833534002,0.10350945591926575,0.04266181026409247,0.001106491141971484,0.001563037175349874,0.0989047959446907,11,teacherA_member,0,1.0
teacherA_0,val,ge5,all,1.278234194612443,191366,52270,0.9760824806914499,0.9658891509432183,0.9110917575659332,0.5256935144442318,0.9047905008719436,0.8310522308513871,0.5508896116319112,0.8221491192215823,0.005559083653236058,0.08270235359668732,0.0348820041875905,0.000783312430860486,0.0012830851167157072,0.07884235680103302,11,teacherA_member,0,1.0
teacherA_0,val,ge5,near,1.278234194612443,191366,10483,0.9760824806914499,0.9658891509432183,0.8829613190422227,0.5095869503004865,0.8770660567116455,0.8195802378990039,0.5322903748926834,0.8105033761853903,0.005559083653236058,0.08270235359668732,0.0348820041875905,0.000783312430860486,0.0012830851167157072,0.07884235680103302,11,teacherA_member,0,1.0
teacherA_0,val,ge5,far,1.278234194612443,191366,41787,0.9760824806914499,0.9658891509432183,0.918148770202496,0.5297341278388016,0.9117456627197048,0.8339301809822852,0.5555555555555556,0.8250706576007052,0.005559083653236058,0.08270235359668732,0.0348820041875905,0.000783312430860486,0.0012830851167157072,0.07884235680103302,11,teacherA_member,0,1.0
teacherA_1,val,all,all,1.295048967651576,200000,53779,0.97036,0.9575824560668281,0.903802389733911,0.5752059354022946,0.8956059600401644,0.8423255215325686,0.593596013313747,0.8317479765335912,0.007459077380448541,0.10536789894104004,0.04288762398096882,0.0011468686727328173,0.001911661410666969,0.09998607635498047,11,teacherA_member,1,1.0
teacherA_1,val,all,near,1.295048967651576,200000,10959,0.97036,0.9575824560668281,0.8717544529610366,0.5721324938406789,0.8639618049092069,0.8134708965234053,0.5923898165891048,0.8031191303951091,0.007459077380448541,0.10536789894104004,0.04288762398096882,0.0011468686727328173,0.001911661410666969,0.09998607635498047,11,teacherA_member,1,1.0
teacherA_1,val,all,far,1.295048967651576,200000,42820,0.97036,0.9575824560668281,0.9120044761209716,0.5759925268566091,0.9037047058617468,0.8497103378678188,0.5939047174217655,0.8390750088743577,0.007459077380448541,0.10536789894104004,0.04288762398096882,0.0011468686727328173,0.001911661410666969,0.09998607635498047,11,teacherA_member,1,1.0
teacherA_1,val,ge5,all,1.295048967651576,191366,52270,0.9759413897975607,0.9656069950403194,0.914808345232503,0.5103118423569926,0.9080096601349713,0.8534748759985405,0.5342835278362349,0.8441729086924744,0.006157048805172517,0.08461922407150269,0.035121029707316426,0.0008236366588640237,0.0014273678597962053,0.08004366606473923,11,teacherA_member,1,1.0
teacherA_1,val,ge5,near,1.295048967651576,191366,10483,0.9759413897975607,0.9656069950403194,0.8799690362112996,0.5230372984832586,0.8736939962614175,0.822007812703186,0.5202709148144615,0.8128418333429144,0.006157048805172517,0.08461922407150269,0.035121029707316426,0.0008236366588640237,0.0014273678597962053,0.08004366606473923,11,teacherA_member,1,1.0
teacherA_1,val,ge5,far,1.295048967651576,191366,41787,0.9759413897975607,0.9656069950403194,0.9235483954028734,0.5071194390599947,0.9166183447590522,0.8613689393322377,0.5377988369588628,0.8520328570709041,0.006157048805172517,0.08461922407150269,0.035121029707316426,0.0008236366588640237,0.0014273678597962053,0.08004366606473923,11,teacherA_member,1,1.0
teacherA_2,val,all,all,1.2952232464265883,200000,53779,0.97086,0.9583947734621043,0.9013277825452314,0.5951579612860038,0.8938595846891911,0.8388125509027686,0.6126740921177412,0.8286862021421,0.006963553896620874,0.10412248969078064,0.04216983232858513,0.001105600026103594,0.0018509811495244274,0.09891478717327118,11,teacherA_member,2,1.0
teacherA_2,val,all,near,1.2952232464265883,200000,10959,0.97086,0.9583947734621043,0.8855185778811935,0.5839948900447121,0.8779667319098458,0.8202150645588101,0.5939410530157861,0.8100664572497491,0.006963553896620874,0.10412248969078064,0.04216983232858513,0.001105600026103594,0.0018509811495244274,0.09891478717327118,11,teacherA_member,2,1.0
teacherA_2,val,all,far,1.2952232464265883,200000,42820,0.97086,0.9583947734621043,0.9053738608710883,0.5980149462867819,0.897927071228398,0.8435722391989725,0.6174684726763194,0.8334515871088277,0.006963553896620874,0.10412248969078064,0.04216983232858513,0.001105600026103594,0.0018509811495244274,0.09891478717327118,11,teacherA_member,2,1.0
teacherA_2,val,ge5,all,1.2952232464265883,191366,52270,0.9762444739399894,0.9657620323953592,0.91263084633576,0.5340730820738473,0.9063988476864191,0.850140168293067,0.5482494738855941,0.8411715091164748,0.005882629124579546,0.08401425182819366,0.034739518055810104,0.0007964546102068601,0.0010964296992633368,0.07942058145999908,11,teacherA_member,2,1.0
teacherA_2,val,ge5,near,1.2952232464265883,191366,10483,0.9762444739399894,0.9657620323953592,0.8947243947822958,0.5344844033196604,0.888540145385258,0.8286781652201809,0.5358198988839072,0.8196801010767126,0.005882629124579546,0.08401425182819366,0.034739518055810104,0.0007964546102068601,0.0010964296992633368,0.07942058145999908,11,teacherA_member,2,1.0
teacherA_2,val,ge5,far,1.2952232464265883,191366,41787,0.9762444739399894,0.9657620323953592,0.9171229929755036,0.5339698949434034,0.9108790155908647,0.8555242872346773,0.5513676502261469,0.8465630048084563,0.005882629124579546,0.08401425182819366,0.034739518055810104,0.0007964546102068601,0.0010964296992633368,0.07942058145999908,11,teacherA_member,2,1.0
teacherA_3,val,all,all,1.2918790117432906,200000,53779,0.97087,0.9584062929178994,0.8795594205451943,0.6057011100987374,0.8725251603785864,0.7977921709682219,0.6260808122129455,0.788187856133435,0.006951180295571658,0.10457327216863632,0.042354594689288955,0.0011142215046993976,0.0017565320152789366,0.09932351857423782,11,teacherA_member,3,1.0
teacherA_3,val,all,near,1.2918790117432906,200000,10959,0.97087,0.9584062929178994,0.8579418637649421,0.600875992335067,0.8513016155671136,0.7925315252304042,0.624692033944703,0.7830126617392098,0.006951180295571658,0.10457327216863632,0.042354594689288955,0.0011142215046993976,0.0017565320152789366,0.09932351857423782,11,teacherA_member,3,1.0
teacherA_3,val,all,far,1.2918790117432906,200000,42820,0.97087,0.9584062929178994,0.885092040927137,0.6069360112097151,0.8779569405651566,0.7991385375408687,0.626436244745446,0.7895123529892574,0.006951180295571658,0.10457327216863632,0.042354594689288955,0.0011142215046993976,0.0017565320152789366,0.09932351857423782,11,teacherA_member,3,1.0
teacherA_3,val,ge5,all,1.2918790117432906,191366,52270,0.9762862786492899,0.9661115605996295,0.890618821687401,0.5493017026975321,0.8848683100970722,0.8075904383092406,0.5666539123780371,0.7991139789983243,0.005857283624681747,0.0838763490319252,0.03465516829176933,0.0007973887630021796,0.0011170987444441593,0.07934704422950745,11,teacherA_member,3,1.0
teacherA_3,val,ge5,near,1.2918790117432906,191366,10483,0.9762862786492899,0.9661115605996295,0.8663569634618815,0.5490794619860727,0.8611414698111283,0.8004139887502083,0.568062577506439,0.7919618655272366,0.005857283624681747,0.0838763490319252,0.03465516829176933,0.0007973887630021796,0.0011170987444441593,0.07934704422950745,11,teacherA_member,3,1.0
teacherA_3,val,ge5,far,1.2918790117432906,191366,41787,0.9762862786492899,0.9661115605996295,0.8967053332766063,0.5493574556680307,0.8908206030761701,0.8093907762307792,0.5663005240864384,0.8009082117864499,0.005857283624681747,0.0838763490319252,0.03465516829176933,0.0007973887630021796,0.0011170987444441593,0.07934704422950745,11,teacherA_member,3,1.0
teacherA_4,val,all,all,1.2965102575076488,200000,53779,0.97056,0.9584688539008243,0.8921690613901336,0.5740158798043846,0.8844173442235816,0.8080562051172392,0.6181595046393573,0.798189774633221,0.007592096417546247,0.10420850664377213,0.04243264471879989,0.0011321200084428707,0.001499834051206727,0.0987263023853302,11,teacherA_member,4,1.0
teacherA_4,val,all,near,1.2965102575076488,200000,10959,0.97056,0.9584688539008243,0.8769461337713295,0.5735924810657906,0.869392730632357,0.8368511536180309,0.5966785290628707,0.8264860416096359,0.007592096417546247,0.10420850664377213,0.04243264471879989,0.0011321200084428707,0.001499834051206727,0.0987263023853302,11,teacherA_member,4,1.0
teacherA_4,val,all,far,1.2965102575076488,200000,42820,0.97056,0.9584688539008243,0.896065092772069,0.5741242410088744,0.8882626207379728,0.8006866618986456,0.6236571695469407,0.7909478598785614,0.007592096417546247,0.10420850664377213,0.04243264471879989,0.0011321200084428707,0.001499834051206727,0.0987263023853302,11,teacherA_member,4,1.0
teacherA_4,val,ge5,all,1.2965102575076488,191366,52270,0.9759675177408735,0.9662566625403883,0.9029885231037031,0.517696575473503,0.8965607511792002,0.8186289958435445,0.5694471015879089,0.8099648468742264,0.006428893095867023,0.08392461389303207,0.034964196063593946,0.0008208413385842342,0.0008456041469364857,0.07914431393146515,11,teacherA_member,4,1.0
teacherA_4,val,ge5,near,1.2965102575076488,191366,10483,0.9759675177408735,0.9662566625403883,0.8853195170909245,0.5299055613850997,0.8792457238671001,0.8463480974877885,0.5357245063436039,0.8371797017351633,0.006428893095867023,0.08392461389303207,0.034964196063593946,0.0008208413385842342,0.0008456041469364857,0.07914431393146515,11,teacherA_member,4,1.0
teacherA_4,val,ge5,far,1.2965102575076488,191366,41787,0.9759675177408735,0.9662566625403883,0.907421102375533,0.5146337377653337,0.9009045287012223,0.8116751742594008,0.5779070045707996,0.8031375244173091,0.006428893095867023,0.08392461389303207,0.034964196063593946,0.0008208413385842342,0.0008456041469364857,0.07914431393146515,11,teacherA_member,4,1.0
teacherA,val,all,all,1.065888886650108,200000,53779,0.97368,0.9638540619028597,0.9158339464753901,0.5021476784618532,0.908117000688001,0.837440381050224,0.6012012123691404,0.8284957951988694,0.0014406953948736035,0.08640236407518387,0.03725492530648836,0.0008575740635622637,0.0023125774230063237,0.08614907413721085,11,teacherA,,1.0
teacherA,val,all,near,1.065888886650108,200000,10959,0.97368,0.9638540619028597,0.8893272472397117,0.5146454968519025,0.8819479797426772,0.8279235794780546,0.5866411168902272,0.8188091080390547,0.0014406953948736035,0.08640236407518387,0.03725492530648836,0.0008575740635622637,0.0023125774230063237,0.08614907413721085,11,teacherA,,1.0
teacherA,val,all,far,1.065888886650108,200000,42820,0.97368,0.9638540619028597,0.9226178539234002,0.49894908921064923,0.9148144855207847,0.8398760332788416,0.6049276039234003,0.8309749265530125,0.0014406953948736035,0.08640236407518387,0.03725492530648836,0.0008575740635622637,0.0023125774230063237,0.08614907413721085,11,teacherA,,1.0
teacherA,val,ge5,all,1.065888886650108,191366,52270,0.9790035847538225,0.9715278430581625,0.9253723988717678,0.45169313181557297,0.9191431085909455,0.8492320345136544,0.5338243734455711,0.8413929320141357,0.0013521840418821555,0.0677017793059349,0.030004337820762218,0.0005895902141920957,0.0023652515390427675,0.06761553138494492,11,teacherA,,1.0
teacherA,val,ge5,near,1.065888886650108,191366,10483,0.9790035847538225,0.9715278430581625,0.8972682732048693,0.47667652389583137,0.8913606243399143,0.8371222798284952,0.5129256892111037,0.8290968630816681,0.0013521840418821555,0.0677017793059349,0.030004337820762218,0.0005895902141920957,0.0023652515390427675,0.06761553138494492,11,teacherA,,1.0
teacherA,val,ge5,far,1.065888886650108,191366,41787,0.9790035847538225,0.9715278430581625,0.9324228104678647,0.4454256108359059,0.9261128308108599,0.8522699783326537,0.5390671740014837,0.8444776160215797,0.0013521840418821555,0.0677017793059349,0.030004337820762218,0.0005895902141920957,0.0023652515390427675,0.06761553138494492,11,teacherA,,1.0
teacherB,val,all,all,1.4075419166759908,200000,53779,0.973785,0.9620001887686349,0.9018319085981518,0.5804124286431507,0.8967723521262947,0.8367802816619869,0.5902303873259079,0.828219536064263,0.007960511997714616,0.09651657938957214,0.038595786754934136,0.0009148578895352854,0.001558734053969345,0.08831613510847092,11,teacherB,,1.0
teacherB,val,all,near,1.4075419166759908,200000,10959,0.973785,0.9620001887686349,0.8592135064786933,0.5721324938406789,0.8589162829637741,0.8305916237795419,0.5655625513276759,0.8218254457523497,0.007960511997714616,0.09651657938957214,0.038595786754934136,0.0009148578895352854,0.001558734053969345,0.08831613510847092,11,teacherB,,1.0
teacherB,val,all,far,1.4075419166759908,200000,42820,0.973785,0.9620001887686349,0.912739313288183,0.5825315273236805,0.906460924334423,0.8383641560602522,0.5965436711816908,0.8298559871555348,0.007960511997714616,0.09651657938957214,0.038595786754934136,0.0009148578895352854,0.001558734053969345,0.08831613510847092,11,teacherB,,1.0
teacherB,val,ge5,all,1.4075419166759908,191366,52270,0.9790349382857979,0.9699780572118218,0.9131719158026362,0.5051846183279127,0.9094495741401171,0.8477536569468245,0.5432753013200688,0.8404238041581255,0.006496904037393147,0.07613786309957504,0.03113448354194149,0.0006301341996585101,0.0012202642118055345,0.06924304366111755,11,teacherB,,1.0
teacherB,val,ge5,near,1.4075419166759908,191366,10483,0.9790349382857979,0.9699780572118218,0.8672414328507685,0.5165506057426309,0.8688174154088133,0.8387115626387485,0.5156920728799008,0.8312190537466564,0.006496904037393147,0.07613786309957504,0.03113448354194149,0.0006301341996585101,0.0012202642118055345,0.06924304366111755,11,teacherB,,1.0
teacherB,val,ge5,far,1.4075419166759908,191366,41787,0.9790349382857979,0.9699780572118218,0.9246943809900013,0.5023332615406706,0.9196428620042916,0.85002202449251,0.5501950367339125,0.8427329768329628,0.006496904037393147,0.07613786309957504,0.03113448354194149,0.0006301341996585101,0.0012202642118055345,0.06924304366111755,11,teacherB,,1.0
teacherA_0,test_w16-19,all,all,1.278234194612443,100000,100000,0.96413,0.948924463628763,0.8847889663499999,0.53391,0.8728976043,0.8502515528,0.4826,0.8334805199,0.010617139528840806,0.14456945657730103,0.053466730799549576,0.0019782624704802365,0.0024010058350861134,0.13257738947868347,11,teacherA_member,0,3.5
teacherA_0,test_w16-19,all,near,1.278234194612443,100000,11980,0.96413,0.948924463628763,0.8510657554257095,0.6292153589315526,0.8412194348914858,0.8514930997495826,0.5641903171953255,0.8361516736227045,0.010617139528840806,0.14456945657730103,0.053466730799549576,0.0019782624704802365,0.0024010058350861134,0.13257738947868347,11,teacherA_member,0,3.5
teacherA_0,test_w16-19,all,far,1.278234194612443,100000,88020,0.96413,0.948924463628763,0.8893788784935241,0.5209384230856623,0.8772091751874573,0.8500825715178368,0.4714951147466485,0.8331169613724154,0.010617139528840806,0.14456945657730103,0.053466730799549576,0.0019782624704802365,0.0024010058350861134,0.13257738947868347,11,teacherA_member,0,3.5
teacherA_0,test_w16-19,ge5,all,1.278234194612443,96085,89545,0.9688713118592912,0.9536922598161102,0.885592029989849,0.5135741805795968,0.8760848986669475,0.8494075004137717,0.4596459880507008,0.8347691507172741,0.009116908291745131,0.12483024597167969,0.04667639638926006,0.0015417778761597902,0.0023495757550182953,0.11430895328521729,11,teacherA_member,0,3.5
teacherA_0,test_w16-19,ge5,near,1.278234194612443,96085,11402,0.9688713118592912,0.9536922598161102,0.8564198272927106,0.6017365374495702,0.8482541289775722,0.8568490447685363,0.533766005963866,0.8433865760320804,0.009116908291745131,0.12483024597167969,0.04667639638926006,0.0015417778761597902,0.0023495757550182953,0.11430895328521729,11,teacherA_member,0,3.5
teacherA_0,test_w16-19,ge5,far,1.278234194612443,96085,78143,0.9688713118592912,0.9536922598161102,0.8898486039011752,0.5007102363615423,0.8801457414295528,0.8483216899287246,0.44883098934005605,0.8335117651108931,0.009116908291745131,0.12483024597167969,0.04667639638926006,0.0015417778761597902,0.0023495757550182953,0.11430895328521729,11,teacherA_member,0,3.5
teacherA_1,test_w16-19,all,all,1.295048967651576,100000,100000,0.96547,0.951001398586607,0.8949770199,0.50835,0.8830260071,0.8735019906000001,0.47478,0.8568365821,0.010537518594563058,0.13756830990314484,0.051296578758756206,0.0018616827617428354,0.0020835542958230232,0.12588880956172943,11,teacherA_member,1,3.5
teacherA_1,test_w16-19,all,near,1.295048967651576,100000,11980,0.96547,0.951001398586607,0.8323950563439065,0.6354757929883138,0.8240109791318864,0.8398570283806344,0.5947412353923205,0.8257141886477462,0.010537518594563058,0.13756830990314484,0.051296578758756206,0.0018616827617428354,0.0020835542958230232,0.12588880956172943,11,teacherA_member,1,3.5
teacherA_1,test_w16-19,all,far,1.295048967651576,100000,88020,0.96547,0.951001398586607,0.9034947649965916,0.4910474892069984,0.8910582728925245,0.8780812526698477,0.4584526244035447,0.8610725088616225,0.010537518594563058,0.13756830990314484,0.051296578758756206,0.0018616827617428354,0.0020835542958230232,0.12588880956172943,11,teacherA_member,1,3.5
teacherA_1,test_w16-19,ge5,all,1.295048967651576,96085,89545,0.9700057240984545,0.9560983562506313,0.8962769628452375,0.48752024121949855,0.8866621709117372,0.8779789261044574,0.44239209336088,0.8632799827699694,0.009227502095579584,0.11753471940755844,0.04476146898943122,0.001420147938937863,0.0016644299137311617,0.107461117208004,11,teacherA_member,1,3.5
teacherA_1,test_w16-19,ge5,near,1.295048967651576,96085,11402,0.9700057240984545,0.9560983562506313,0.8367140084017399,0.6107700403437993,0.8299411697842485,0.8449501016908075,0.5479740396421681,0.8325142264762816,0.009227502095579584,0.11753471940755844,0.04476146898943122,0.001420147938937863,0.0016644299137311617,0.107461117208004,11,teacherA_member,1,3.5
teacherA_1,test_w16-19,ge5,far,1.295048967651576,96085,78143,0.9700057240984545,0.9560983562506313,0.9049679115746792,0.469536618763037,0.8949384446004314,0.8827982273337988,0.42698642232829553,0.8677690752447994,0.009227502095579584,0.11753471940755844,0.04476146898943122,0.001420147938937863,0.0016644299137311617,0.107461117208004,11,teacherA_member,1,3.5
teacherA_2,test_w16-19,all,all,1.2952232464265883,100000,100000,0.9661,0.9524126531112481,0.8863367392499999,0.51118,0.8754976937000001,0.8540716547499999,0.48524,0.8378200567,0.009835966872572864,0.134553000330925,0.0499042210449705,0.001786101455950319,0.0023945344351232398,0.12371151149272919,11,teacherA_member,2,3.5
teacherA_2,test_w16-19,all,near,1.2952232464265883,100000,11980,0.9661,0.9524126531112481,0.8418522333055092,0.6198664440734558,0.8333360425709515,0.8397412767111851,0.5791318864774624,0.825343743739566,0.009835966872572864,0.134553000330925,0.0499042210449705,0.001786101455950319,0.0023945344351232398,0.12371151149272919,11,teacherA_member,2,3.5
teacherA_2,test_w16-19,all,far,1.2952232464265883,100000,88020,0.9661,0.9524126531112481,0.8923913220858897,0.496387184730743,0.8812361233810497,0.8560220970234038,0.47246080436264487,0.8395181506475802,0.009835966872572864,0.134553000330925,0.0499042210449705,0.001786101455950319,0.0023945344351232398,0.12371151149272919,11,teacherA_member,2,3.5
teacherA_2,test_w16-19,ge5,all,1.2952232464265883,96085,89545,0.970817505333819,0.9574246866334968,0.8867549522775858,0.4941761125690993,0.878217780870072,0.851914877121593,0.46861354626165613,0.8378259628891216,0.008336258936097084,0.114907406270504,0.04323502489078029,0.0014020224255839337,0.0020539650941184167,0.10560191422700882,11,teacherA_member,2,3.5
teacherA_2,test_w16-19,ge5,near,1.2952232464265883,96085,11402,0.970817505333819,0.9574246866334968,0.8463678960983987,0.5963865988423084,0.8394765853192845,0.8442811454334403,0.542799508858095,0.8316336750051118,0.008336258936097084,0.114907406270504,0.04323502489078029,0.0014020224255839337,0.0020539650941184167,0.10560191422700882,11,teacherA_member,2,3.5
teacherA_2,test_w16-19,ge5,far,1.2952232464265883,96085,78143,0.970817505333819,0.9574246866334968,0.8926479076869647,0.47926237794812077,0.883870585493264,0.8530287300413468,0.45778892543158056,0.8387294918866449,0.008336258936097084,0.114907406270504,0.04323502489078029,0.0014020224255839337,0.0020539650941184167,0.10560191422700882,11,teacherA_member,2,3.5
teacherA_3,test_w16-19,all,all,1.2918790117432906,100000,100000,0.96564,0.9523839643356004,0.88699256495,0.5126,0.8760090725,0.8602727711,0.48704,0.8443003577,0.010011875084489585,0.13639967143535614,0.05081538813162785,0.0018699801762632007,0.0026892950558662734,0.1253359615802765,11,teacherA_member,3,3.5
teacherA_3,test_w16-19,all,near,1.2918790117432906,100000,11980,0.96564,0.9523839643356004,0.8376517929883139,0.646160267111853,0.8296770033388983,0.8323000955759599,0.5693656093489149,0.8184439916527546,0.010011875084489585,0.13639967143535614,0.05081538813162785,0.0018699801762632007,0.0026892950558662734,0.1253359615802765,11,teacherA_member,3,3.5
teacherA_3,test_w16-19,all,far,1.2918790117432906,100000,88020,0.96564,0.9523839643356004,0.8937081119631902,0.49442172233583276,0.8823151187230174,0.8640800041467849,0.4758350374914792,0.8478195495341967,0.010011875084489585,0.13639967143535614,0.05081538813162785,0.0018699801762632007,0.0026892950558662734,0.1253359615802765,11,teacherA_member,3,3.5
teacherA_3,test_w16-19,ge5,all,1.2918790117432906,96085,89545,0.9706197637508456,0.9576974608342677,0.887691269839372,0.4884359819085376,0.8791035828031786,0.8610849518838994,0.4503880730359037,0.8471476839687584,0.008385572804058244,0.11593849211931229,0.04385549146420946,0.0014504605722512106,0.0020298723417352844,0.10656087100505829,11,teacherA_member,3,3.5
teacherA_3,test_w16-19,ge5,near,1.2918790117432906,96085,11402,0.9706197637508456,0.9576974608342677,0.8422602263276637,0.6123487107524995,0.8359771631920835,0.8365511594391393,0.5465707770566567,0.8245013420838929,0.008385572804058244,0.11593849211931229,0.04385549146420946,0.0014504605722512106,0.0020298723417352844,0.10656087100505829,11,teacherA_member,3,3.5
teacherA_3,test_w16-19,ge5,far,1.2918790117432906,96085,78143,0.9706197637508456,0.9576974608342677,0.8943202034370135,0.47035563006283354,0.885396244159995,0.8646647261625316,0.4363538640697183,0.8504520565954969,0.008385572804058244,0.11593849211931229,0.04385549146420946,0.0014504605722512106,0.0020298723417352844,0.10656087100505829,11,teacherA_member,3,3.5
teacherA_4,test_w16-19,all,all,1.2965102575076488,100000,100000,0.96492,0.9493278056903164,0.8836829275,0.50916,0.8724372344,0.84971162675,0.49655,0.8335400915999999,0.011064667007327115,0.14233532547950745,0.051820159673767706,0.0018970168315272872,0.0029316763965785636,0.12978321313858032,11,teacherA_member,4,3.5
teacherA_4,test_w16-19,all,near,1.2965102575076488,100000,11980,0.96492,0.9493278056903164,0.8327898476627713,0.6210350584307178,0.8245586168614356,0.8350910133555925,0.5637729549248748,0.8205144891485809,0.011064667007327115,0.14233532547950745,0.051820159673767706,0.0018970168315272872,0.0029316763965785636,0.12978321313858032,11,teacherA_member,4,3.5
teacherA_4,test_w16-19,all,far,1.2965102575076488,100000,88020,0.96492,0.9493278056903164,0.8906097520449898,0.49393319700068167,0.8789537742558509,0.8517015716314473,0.4874005907748239,0.8353129468302658,0.011064667007327115,0.14233532547950745,0.051820159673767706,0.0018970168315272872,0.0029316763965785636,0.12978321313858032,11,teacherA_member,4,3.5
teacherA_4,test_w16-19,ge5,all,1.2965102575076488,96085,89545,0.969735130353333,0.9543371746334935,0.8840873223729504,0.49752638338265676,0.8751822490865826,0.8493530972017609,0.48794460885588253,0.8352591062783734,0.009485190437147403,0.12274728715419769,0.04514009722663256,0.0015004529845977156,0.002178267285048695,0.11177203059196472,11,teacherA_member,4,3.5
teacherA_4,test_w16-19,ge5,near,1.2965102575076488,96085,11402,0.969735130353333,0.9543371746334935,0.8368502974598854,0.6002455709524644,0.8303056752184819,0.8395128302146744,0.5469215927030345,0.8267741261768159,0.009485190437147403,0.12274728715419769,0.04514009722663256,0.0015004529845977156,0.002178267285048695,0.11177203059196472,11,teacherA_member,4,3.5
teacherA_4,test_w16-19,ge5,far,1.2965102575076488,96085,78143,0.969735130353333,0.9543371746334935,0.890979770296101,0.4825384231473069,0.8817302789196331,0.8507889100600687,0.4793391602574767,0.8364971665411987,0.009485190437147403,0.12274728715419769,0.04514009722663256,0.0015004529845977156,0.002178267285048695,0.11177203059196472,11,teacherA_member,4,3.5
teacherA,test_w16-19,all,all,1.065888886650108,100000,100000,0.96861,0.956461212426506,0.9063782962,0.42591,0.8941951924000001,0.86907145645,0.45676,0.8539834612,0.0034204543274640852,0.11548250168561935,0.045530894242042916,0.0014937682164756518,0.0031459153746068932,0.11383675038814545,11,teacherA,,3.5
teacherA,test_w16-19,all,near,1.065888886650108,100000,11980,0.96861,0.956461212426506,0.8692274649415692,0.5388146911519198,0.8591961260434058,0.8542479586811351,0.5506677796327212,0.8410283005008347,0.0034204543274640852,0.11548250168561935,0.045530894242042916,0.0014937682164756518,0.0031459153746068932,0.11383675038814545,11,teacherA,,3.5
teacherA,test_w16-19,all,far,1.065888886650108,100000,88020,0.96861,0.956461212426506,0.9114347260849807,0.4105430583958191,0.8989587553965007,0.8710890149965916,0.44397864121790503,0.8557467289252443,0.0034204543274640852,0.11548250168561935,0.045530894242042916,0.0014937682164756518,0.0031459153746068932,0.11383675038814545,11,teacherA,,3.5
teacherA,test_w16-19,ge5,all,1.065888886650108,96085,89545,0.9732528490399126,0.9613763550051416,0.9074545037701122,0.4025350382489251,0.897607873689066,0.8702494110156092,0.43072198336032164,0.8571570113037832,0.002677093435476503,0.0968228131532669,0.038936595742195275,0.0011120638355248422,0.0025007435969286018,0.09562238305807114,11,teacherA,,3.5
teacherA,test_w16-19,ge5,near,1.065888886650108,96085,11402,0.9732528490399126,0.9613763550051416,0.8737315685440001,0.5035958603753727,0.8654858742392267,0.8600015656816316,0.5048237151376952,0.8484782424335101,0.002677093435476503,0.0968228131532669,0.038936595742195275,0.0011120638355248422,0.0025007435969286018,0.09562238305807114,11,teacherA,,3.5
teacherA,test_w16-19,ge5,far,1.065888886650108,96085,78143,0.9732528490399126,0.9613763550051416,0.9123750840837441,0.3877890534020962,0.9022948582907205,0.8717446944382832,0.4199096528159912,0.8584233476699179,0.002677093435476503,0.0968228131532669,0.038936595742195275,0.0011120638355248422,0.0025007435969286018,0.09562238305807114,11,teacherA,,3.5
teacherB,test_w16-19,all,all,1.4075419166759908,100000,100000,0.96917,0.9571245383541097,0.8877153653499998,0.51814,0.8807406376000001,0.87999928695,0.43409,0.865086457,0.01070823440715669,0.12854158878326416,0.04664634152102274,0.0015647764293324317,0.0031665697544812697,0.11262419819831848,11,teacherB,,3.5
teacherB,test_w16-19,all,near,1.4075419166759908,100000,11980,0.96917,0.9571245383541097,0.810505590984975,0.6337228714524207,0.8143516502504174,0.8230843388981637,0.5513355592654424,0.8109632787979966,0.01070823440715669,0.12854158878326416,0.04664634152102274,0.0015647764293324317,0.0031665697544812697,0.11262419819831848,11,teacherB,,3.5
teacherB,test_w16-19,all,far,1.4075419166759908,100000,88020,0.96917,0.9571245383541097,0.8982240349352422,0.502408543512838,0.8897765393092479,0.8877457204612587,0.41813224267211996,0.872452915473756,0.01070823440715669,0.12854158878326416,0.04664634152102274,0.0015647764293324317,0.0031665697544812697,0.11262419819831848,11,teacherB,,3.5
teacherB,test_w16-19,ge5,all,1.4075419166759908,96085,89545,0.9736171098506531,0.9619989715062817,0.8886370150101123,0.49527053436819474,0.8842719747068646,0.8801591700872856,0.40958177452677424,0.8673166631766437,0.009071572593231552,0.10921918600797653,0.04021343903733237,0.0011946465505223612,0.002945945832157049,0.09548290073871613,11,teacherB,,3.5
teacherB,test_w16-19,ge5,near,1.4075419166759908,96085,11402,0.9736171098506531,0.9619989715062817,0.8141510564855088,0.5924399228205578,0.8203426879395516,0.8271150660624453,0.5229784248377478,0.8166136976176328,0.009071572593231552,0.10921918600797653,0.04021343903733237,0.0011946465505223612,0.002945945832157049,0.09548290073871613,11,teacherB,,3.5
teacherB,test_w16-19,ge5,far,1.4075419166759908,96085,78143,0.9736171098506531,0.9619989715062817,0.899505408840622,0.48109235632110364,0.8936000236392182,0.8878989404325658,0.39303584454141766,0.874714833368521,0.009071572593231552,0.10921918600797653,0.04021343903733237,0.0011946465505223612,0.002945945832157049,0.09548290073871613,11,teacherB,,3.5
teacherA_0,test_w20-23,all,all,1.278234194612443,100000,100000,0.95592,0.9306210308472647,0.8748929972499999,0.58292,0.8586577631,0.8410570161999998,0.54792,0.8190048103,0.015101499485373461,0.1958402544260025,0.06756281692388388,0.0030828861579239157,0.005826674119010546,0.17595010995864868,11,teacherA_member,0,7.5
teacherA_0,test_w20-23,all,near,1.278234194612443,100000,13417,0.95592,0.9306210308472647,0.8326413721398225,0.6768279048967728,0.8195473406871879,0.837707623909965,0.6189163002161437,0.8175505150182605,0.015101499485373461,0.1958402544260025,0.06756281692388388,0.0030828861579239157,0.005826674119010546,0.17595010995864868,11,teacherA_member,0,7.5
teacherA_0,test_w20-23,all,far,1.278234194612443,100000,86583,0.95592,0.9306210308472647,0.8814403570562351,0.5683679244193433,0.8647183585692342,0.8415760418326924,0.5369183326981047,0.8192301695482948,0.015101499485373461,0.1958402544260025,0.06756281692388388,0.0030828861579239157,0.005826674119010546,0.17595010995864868,11,teacherA_member,0,7.5
teacherA_0,test_w20-23,ge5,all,1.278234194612443,95941,89776,0.959725247808549,0.9346994393605109,0.8751901380031891,0.5831959543753341,0.860932390977917,0.8396628514136065,0.5318459276421316,0.8193647173387287,0.014368885818969952,0.1810808926820755,0.06233504193637856,0.002668440828893076,0.006268652169799074,0.16169828176498413,11,teacherA_member,0,7.5
teacherA_0,test_w20-23,ge5,near,1.278234194612443,95941,12762,0.959725247808549,0.9346994393605109,0.8374611432438545,0.6622002820874471,0.8256936956995756,0.8423136196802088,0.611189468735308,0.8237130187169812,0.014368885818969952,0.1810808926820755,0.06233504193637856,0.002668440828893076,0.006268652169799074,0.16169828176498413,11,teacherA_member,0,7.5
teacherA_0,test_w20-23,ge5,far,1.278234194612443,95941,77014,0.959725247808549,0.9346994393605109,0.881442214653131,0.5701041369101721,0.8667717997755667,0.8392235922578897,0.5186978990832836,0.818644159749339,0.014368885818969952,0.1810808926820755,0.06233504193637856,0.002668440828893076,0.006268652169799074,0.16169828176498413,11,teacherA_member,0,7.5
teacherA_1,test_w20-23,all,all,1.295048967651576,100000,100000,0.95683,0.9302072754260365,0.88949807015,0.54633,0.8732034086999999,0.86966180875,0.53952,0.8473808863000002,0.015858250655829947,0.18599668145179749,0.06455566375539504,0.0028191421082892,0.005592636514641373,0.16631180047988892,11,teacherA_member,1,7.5
teacherA_1,test_w20-23,all,near,1.295048967651576,100000,13417,0.95683,0.9302072754260365,0.8161575840351792,0.6689274800626072,0.8049648080793024,0.8257701136617723,0.6636356860699113,0.8071068182156964,0.015858250655829947,0.18599668145179749,0.06455566375539504,0.0028191421082892,0.005592636514641373,0.16631180047988892,11,teacherA_member,1,7.5
teacherA_1,test_w20-23,all,far,1.295048967651576,100000,86583,0.95683,0.9302072754260365,0.9008629951607128,0.5273321552729751,0.8837777397410577,0.876463315662428,0.5202868923460725,0.8536218016238755,0.015858250655829947,0.18599668145179749,0.06455566375539504,0.0028191421082892,0.005592636514641373,0.16631180047988892,11,teacherA_member,1,7.5
teacherA_1,test_w20-23,ge5,all,1.295048967651576,95941,89776,0.9605799397546408,0.934536927998581,0.890513948551402,0.5384735341293887,0.8762516503716731,0.8739775811194938,0.5183345214756728,0.8532353799907744,0.015178137014531273,0.1708647757768631,0.05934154260273307,0.002437599333137343,0.00584954589615741,0.15182892978191376,11,teacherA_member,1,7.5
teacherA_1,test_w20-23,ge5,near,1.295048967651576,95941,12762,0.9605799397546408,0.934536927998581,0.8199228201454277,0.6522488638144491,0.8100487708483523,0.8301633745479523,0.6444914590189625,0.8129001321123215,0.015178137014531273,0.1708647757768631,0.05934154260273307,0.002437599333137343,0.00584954589615741,0.15182892978191376,11,teacherA_member,1,7.5
teacherA_1,test_w20-23,ge5,far,1.295048967651576,95941,77014,0.9605799397546408,0.934536927998581,0.9022116136605646,0.5196198093853066,0.8872221381852734,0.881238039013721,0.4974290388760485,0.8599193391855289,0.015178137014531273,0.1708647757768631,0.05934154260273307,0.002437599333137343,0.00584954589615741,0.15182892978191376,11,teacherA_member,1,7.5
teacherA_2,test_w20-23,all,all,1.2952232464265883,100000,100000,0.95654,0.9302533565590752,0.87637205,0.56867,0.8612812445,0.8464781667500001,0.52476,0.8245135684999999,0.015586340923458309,0.182569220662117,0.06463897989786799,0.002778005309025113,0.004876831735894102,0.1640581637620926,11,teacherA_member,2,7.5
teacherA_2,test_w20-23,all,near,1.2952232464265883,100000,13417,0.95654,0.9302533565590752,0.8229478892449876,0.6579712305284341,0.8112699411194753,0.8284143657300441,0.6238354326600581,0.8089952023552209,0.015586340923458309,0.182569220662117,0.06463897989786799,0.002778005309025113,0.004876831735894102,0.1640581637620926,11,teacherA_member,2,7.5
teacherA_2,test_w20-23,all,far,1.2952232464265883,100000,86583,0.95654,0.9302533565590752,0.8846507186168184,0.5548317799106061,0.8690310528625712,0.8492773538685423,0.5094071584491182,0.8269183121397965,0.015586340923458309,0.182569220662117,0.06463897989786799,0.002778005309025113,0.004876831735894102,0.1640581637620926,11,teacherA_member,2,7.5
teacherA_2,test_w20-23,ge5,all,1.2952232464265883,95941,89776,0.9605695166821275,0.9349062452085393,0.8763136603736021,0.5702637675993584,0.8632819598770557,0.8436485046696266,0.5269225628230262,0.8236087881053835,0.014643448996575692,0.16711263358592987,0.059183036323747044,0.0023997187147979694,0.005175539912289915,0.14930644631385803,11,teacherA_member,2,7.5
teacherA_2,test_w20-23,ge5,near,1.2952232464265883,95941,12762,0.9605695166821275,0.9349062452085393,0.8267342469874295,0.651386929948284,0.8164375254387042,0.8320030815574585,0.6198871650211566,0.8141217436529161,0.014643448996575692,0.16711263358592987,0.059183036323747044,0.0023997187147979694,0.005175539912289915,0.14930644631385803,11,teacherA_member,2,7.5
teacherA_2,test_w20-23,ge5,far,1.2952232464265883,95941,77014,0.9605695166821275,0.9349062452085393,0.8845294714421654,0.5568208377697561,0.8710445572269174,0.8455782692547344,0.5115173864492171,0.8251808874808528,0.014643448996575692,0.16711263358592987,0.059183036323747044,0.0023997187147979694,0.005175539912289915,0.14930644631385803,11,teacherA_member,2,7.5
teacherA_3,test_w20-23,all,all,1.2918790117432906,100000,100000,0.95891,0.9371868875658866,0.8793487763500001,0.55573,0.8644351595,0.8569394758000001,0.52185,0.8359161656,0.013840591624677144,0.18136076629161835,0.06221912528490193,0.0029907861860460016,0.005303678960800162,0.16269929707050323,11,teacherA_member,3,7.5
teacherA_3,test_w20-23,all,near,1.2918790117432906,100000,13417,0.95891,0.9371868875658866,0.8204942543042408,0.6935976745919356,0.810081245434896,0.8242933737050012,0.6023701274502496,0.805980916002087,0.013840591624677144,0.18136076629161835,0.06221912528490193,0.0029907861860460016,0.005303678960800162,0.16269929707050323,11,teacherA_member,3,7.5
teacherA_3,test_w20-23,all,far,1.2918790117432906,100000,86583,0.95891,0.9371868875658866,0.8884689399189217,0.534365868588522,0.8728579037455388,0.8619983528521766,0.5093725096150514,0.8405549658708984,0.013840591624677144,0.18136076629161835,0.06221912528490193,0.0029907861860460016,0.005303678960800162,0.16269929707050323,11,teacherA_member,3,7.5
teacherA_3,test_w20-23,ge5,all,1.2918790117432906,95941,89776,0.9627479388374105,0.9413431678410277,0.8796724802237526,0.5460479415433969,0.8667184540597302,0.857491525597148,0.4996212796292996,0.8380756298531664,0.01304590602639183,0.16531337797641754,0.056925154908911535,0.002619670947766417,0.005530806730849981,0.14746123552322388,11,teacherA_member,3,7.5
teacherA_3,test_w20-23,ge5,near,1.2918790117432906,95941,12762,0.9627479388374105,0.9413431678410277,0.8245968972262557,0.6746591443347437,0.8154925197989497,0.8279792467364574,0.5861933866165178,0.8111173889663988,0.01304590602639183,0.16531337797641754,0.056925154908911535,0.002619670947766417,0.005530806730849981,0.14746123552322388,11,teacherA_member,3,7.5
teacherA_3,test_w20-23,ge5,far,1.2918790117432906,95941,77014,0.9627479388374105,0.9413431678410277,0.8887990622765487,0.5247357623289272,0.8752071103175026,0.8623820091822123,0.4852754044719142,0.8425428834719492,0.01304590602639183,0.16531337797641754,0.056925154908911535,0.002619670947766417,0.005530806730849981,0.14746123552322388,11,teacherA_member,3,7.5
teacherA_4,test_w20-23,all,all,1.2965102575076488,100000,100000,0.9572,0.9328476333459058,0.8744572546,0.56168,0.859467193,0.8432945282,0.52607,0.8223436109,0.015798306161239756,0.18385609984397888,0.06369227135850823,0.002878792855737576,0.005525014859810495,0.1642034500837326,11,teacherA_member,4,7.5
teacherA_4,test_w20-23,all,near,1.2965102575076488,100000,13417,0.9572,0.9328476333459058,0.8124788320787062,0.6766043079675039,0.8021050145338005,0.8220072270254155,0.5907430871282701,0.8030912193485875,0.015798306161239756,0.18385609984397888,0.06369227135850823,0.002878792855737576,0.005525014859810495,0.1642034500837326,11,teacherA_member,4,7.5
teacherA_4,test_w20-23,all,far,1.2965102575076488,100000,86583,0.9572,0.9328476333459058,0.8840615013339801,0.5438711987341626,0.8683561013131907,0.8465932325629743,0.5160481849785755,0.8253269833570099,0.015798306161239756,0.18385609984397888,0.06369227135850823,0.002878792855737576,0.005525014859810495,0.1642034500837326,11,teacherA_member,4,7.5
teacherA_4,test_w20-23,ge5,all,1.2965102575076488,95941,89776,0.9610385549452267,0.9372592874476722,0.8741129069688988,0.5639814649795045,0.861169541768091,0.8421191170785989,0.5163740866155766,0.8228941638588474,0.014906055849590698,0.1692773401737213,0.05853779138938571,0.0025125084078084373,0.005884233588999789,0.15018776059150696,11,teacherA_member,4,7.5
teacherA_4,test_w20-23,ge5,near,1.2965102575076488,95941,12762,0.9610385549452267,0.9372592874476722,0.8157338749371545,0.6647860836859426,0.8067718432599035,0.8256634588252153,0.5839993731390064,0.8082517635618992,0.014906055849590698,0.1692773401737213,0.05853779138938571,0.0025125084078084373,0.005884233588999789,0.15018776059150696,11,teacherA_member,4,7.5
teacherA_4,test_w20-23,ge5,far,1.2965102575076488,95941,77014,0.9610385549452267,0.9372592874476722,0.8837869039926752,0.5472771184459968,0.8701837914936147,0.8448459863572972,0.5051678915521853,0.8253205579247271,0.014906055849590698,0.1692773401737213,0.05853779138938571,0.0025125084078084373,0.005884233588999789,0.15018776059150696,11,teacherA_member,4,7.5
teacherA,test_w20-23,all,all,1.065888886650108,100000,100000,0.9606,0.9381175431806653,0.9002175668,0.47156,0.8839347784,0.86290808825,0.48911,0.8425490855000001,0.006354851837158239,0.153302863240242,0.057063855816848315,0.0022256319523311233,0.0037835688814521224,0.15019235014915466,11,teacherA,,7.5
teacherA,test_w20-23,all,near,1.065888886650108,100000,13417,0.9606,0.9381175431806653,0.8520128862636952,0.5995378996795111,0.839356546918089,0.8412501069538646,0.6028173213087874,0.8233955422225535,0.006354851837158239,0.153302863240242,0.057063855816848315,0.0022256319523311233,0.0037835688814521224,0.15019235014915466,11,teacherA,,7.5
teacherA,test_w20-23,all,far,1.065888886650108,100000,86583,0.9606,0.9381175431806653,0.9076874188351062,0.4517283993393622,0.8908426717715949,0.8662642336255385,0.471489784368756,0.8455171403162284,0.006354851837158239,0.153302863240242,0.057063855816848315,0.0022256319523311233,0.0037835688814521224,0.15019235014915466,11,teacherA,,7.5
teacherA,test_w20-23,ge5,all,1.065888886650108,95941,89776,0.9643739381494877,0.9425856638486683,0.9010364497413941,0.457182320441989,0.8866195895961729,0.8635079900606353,0.4837595793976118,0.8447963405378176,0.005721002582316357,0.13894113898277283,0.051882343114354044,0.001894139677683115,0.0035873510163956616,0.13605234026908875,11,teacherA,,7.5
teacherA,test_w20-23,ge5,near,1.065888886650108,95941,12762,0.9643739381494877,0.9425856638486683,0.8560394373454598,0.5673091991850807,0.8447512065269976,0.8461291523127474,0.5753016768531578,0.8296773193652989,0.005721002582316357,0.13894113898277283,0.051882343114354044,0.001894139677683115,0.0035873510163956616,0.13605234026908875,11,teacherA,,7.5
teacherA,test_w20-23,ge5,far,1.065888886650108,95941,77014,0.9643739381494877,0.9425856638486683,0.9084929105432864,0.43893318098008155,0.8935576048236489,0.866387839533959,0.46859012647051185,0.847301715511247,0.005721002582316357,0.13894113898277283,0.051882343114354044,0.001894139677683115,0.0035873510163956616,0.13605234026908875,11,teacherA,,7.5
teacherB,test_w20-23,all,all,1.4075419166759908,100000,100000,0.96243,0.9428935088911925,0.8787210427000001,0.55866,0.8678296272999999,0.87148673885,0.49312,0.8525569282,0.014809348573386689,0.1742764264345169,0.057685744851783564,0.0026235293260746372,0.004564432420730617,0.14853844046592712,11,teacherB,,7.5
teacherB,test_w20-23,all,near,1.4075419166759908,100000,13417,0.96243,0.9428935088911925,0.7925396459715286,0.6615487813967355,0.7940538697175226,0.806451790638742,0.5908921517477826,0.7908093269732429,0.014809348573386689,0.1742764264345169,0.057685744851783564,0.0026235293260746372,0.004564432420730617,0.14853844046592712,11,teacherB,,7.5
teacherB,test_w20-23,all,far,1.4075419166759908,100000,86583,0.96243,0.9428935088911925,0.8920758098010002,0.5427162375986048,0.8792620024716169,0.8815646282757585,0.47796911633923517,0.8621254066040678,0.014809348573386689,0.1742764264345169,0.057685744851783564,0.0026235293260746372,0.004564432420730617,0.14853844046592712,11,teacherB,,7.5
teacherB,test_w20-23,ge5,all,1.4075419166759908,95941,89776,0.9661979758393179,0.9471870518267005,0.8792335797170768,0.549712618071645,0.8705414344848006,0.8711954073418937,0.49049857422919263,0.8539706438388733,0.01370513592288868,0.1591757833957672,0.05242769278462562,0.0022791390395082906,0.0053591007779276445,0.13450917601585388,11,teacherB,,7.5
teacherB,test_w20-23,ge5,near,1.4075419166759908,95941,12762,0.9661979758393179,0.9471870518267005,0.7956346114161693,0.6346967559943583,0.7992783246558601,0.8095856166963582,0.5796113461839837,0.7953115263871628,0.01370513592288868,0.1591757833957672,0.05242769278462562,0.0022791390395082906,0.0053591007779276445,0.13450917601585388,11,teacherB,,7.5
teacherB,test_w20-23,ge5,far,1.4075419166759908,95941,77014,0.9661979758393179,0.9471870518267005,0.8930867756743855,0.5356298854753682,0.882350453723341,0.8814047737975814,0.4757316851481549,0.8636910538541788,0.01370513592288868,0.1591757833957672,0.05242769278462562,0.0022791390395082906,0.0053591007779276445,0.13450917601585388,11,teacherB,,7.5
teacherA_0,test_w24-27,all,all,1.278234194612443,100000,100000,0.93988,0.8900031937315867,0.8557641596000001,0.63778,0.8318459527999998,0.82430382535,0.62657,0.7949378762,0.025991107376962926,0.28973498940467834,0.09374676405257149,0.005519294035937402,0.013706374179646364,0.2530357241630554,11,teacherA_member,0,11.5
teacherA_0,test_w24-27,all,near,1.278234194612443,100000,12494,0.93988,0.8900031937315867,0.8179356555146471,0.7377941411877701,0.7986579878341604,0.8228849259644629,0.6904914358892268,0.7964370689931168,0.025991107376962926,0.28973498940467834,0.09374676405257149,0.005519294035937402,0.013706374179646364,0.2530357241630554,11,teacherA_member,0,11.5
teacherA_0,test_w24-27,all,far,1.278234194612443,100000,87506,0.93988,0.8900031937315867,0.8611652672959569,0.6235001028500903,0.8365844899778301,0.8245064140744636,0.6174433753114072,0.7947238232806894,0.025991107376962926,0.28973498940467834,0.09374676405257149,0.005519294035937402,0.013706374179646364,0.2530357241630554,11,teacherA_member,0,11.5
teacherA_0,test_w24-27,ge5,all,1.278234194612443,96204,89771,0.9437549374246393,0.8934951753428012,0.8538279429851346,0.6487952679595861,0.8326928028697429,0.8226000217084821,0.6025776698488376,0.7953228063831661,0.024578638780155967,0.27026161551475525,0.08759632985948908,0.004888708732877796,0.013386947957573562,0.23556393384933472,11,teacherA_member,0,11.5
teacherA_0,test_w24-27,ge5,near,1.278234194612443,96204,11977,0.9437549374246393,0.8934951753428012,0.8225262434849809,0.7298154796693663,0.8049199946926118,0.828169708803959,0.6754613008265843,0.8034940663352766,0.024578638780155967,0.27026161551475525,0.08759632985948908,0.004888708732877796,0.013386947957573562,0.23556393384933472,11,teacherA_member,0,11.5
teacherA_0,test_w24-27,ge5,far,1.278234194612443,96204,77794,0.9437549374246393,0.8934951753428012,0.8586470865555044,0.6363215672159807,0.8369686457822748,0.8217425244420794,0.5913566598966501,0.7940647764522405,0.024578638780155967,0.27026161551475525,0.08759632985948908,0.004888708732877796,0.013386947957573562,0.23556393384933472,11,teacherA_member,0,11.5
teacherA_1,test_w24-27,all,all,1.295048967651576,100000,100000,0.94122,0.897537427659518,0.86952989795,0.60586,0.8455050913000001,0.8447851770999999,0.63653,0.8147246484,0.025909182291924945,0.2828966975212097,0.0902692785672435,0.00508511565027158,0.01259560437336561,0.24619229137897491,11,teacherA_member,1,11.5
teacherA_1,test_w24-27,all,near,1.295048967651576,100000,12494,0.94122,0.897537427659518,0.8073713306387066,0.7154634224427725,0.7891633856251,0.8129622362734114,0.708740195293741,0.7865575556267008,0.025909182291924945,0.2828966975212097,0.0902692785672435,0.00508511565027158,0.01259560437336561,0.24619229137897491,11,teacherA_member,1,11.5
teacherA_1,test_w24-27,all,far,1.295048967651576,100000,87506,0.94122,0.897537427659518,0.8784048224121773,0.5902109569629511,0.8535494913491648,0.8493288177953511,0.6262199163485932,0.8187463115672068,0.025909182291924945,0.2828966975212097,0.0902692785672435,0.00508511565027158,0.01259560437336561,0.24619229137897491,11,teacherA_member,1,11.5
teacherA_1,test_w24-27,ge5,all,1.295048967651576,96204,89771,0.9449607084944492,0.9012189434699663,0.8682978943835278,0.6157445054639026,0.8469869911690134,0.8476145898074814,0.6117231622684386,0.8194662788172586,0.02452202482587891,0.26317286491394043,0.08442035713762489,0.004522254504155417,0.012329642956487169,0.22869287431240082,11,teacherA_member,1,11.5
teacherA_1,test_w24-27,ge5,near,1.295048967651576,96204,11977,0.9449607084944492,0.9012189434699663,0.8111448091469178,0.7047674709860566,0.794417464596563,0.8173366611501199,0.6947482675127328,0.7925860383372317,0.02452202482587891,0.26317286491394043,0.08442035713762489,0.004522254504155417,0.012329642956487169,0.22869287431240082,11,teacherA_member,1,11.5
teacherA_1,test_w24-27,ge5,far,1.295048967651576,96204,77794,0.9449607084944492,0.9012189434699663,0.8770970627240025,0.6020387176388925,0.85508048449444,0.8522761157802972,0.5989407923490243,0.8236047038915483,0.02452202482587891,0.26317286491394043,0.08442035713762489,0.004522254504155417,0.012329642956487169,0.22869287431240082,11,teacherA_member,1,11.5
teacherA_2,test_w24-27,all,all,1.2952232464265883,100000,100000,0.93745,0.8840943991323561,0.85504276865,0.63944,0.8317167266000001,0.8218066978499999,0.60712,0.7913695433,0.02756400457397106,0.2822546362876892,0.09414850702833409,0.005294390628651229,0.014196203788518862,0.2469422072172165,11,teacherA_member,2,11.5
teacherA_2,test_w24-27,all,near,1.2952232464265883,100000,12494,0.93745,0.8840943991323561,0.8060261641587962,0.7428365615495438,0.7878361341443894,0.8054311037297903,0.7158636145349768,0.7789088578517689,0.02756400457397106,0.2822546362876892,0.09414850702833409,0.005294390628651229,0.014196203788518862,0.2469422072172165,11,teacherA_member,2,11.5
teacherA_2,test_w24-27,all,far,1.2952232464265883,100000,87506,0.93745,0.8840943991323561,0.8620412996823075,0.6246771649944004,0.8379819440952619,0.8241447852147281,0.5915937192878202,0.7931486647772723,0.02756400457397106,0.2822546362876892,0.09414850702833409,0.005294390628651229,0.014196203788518862,0.2469422072172165,11,teacherA_member,2,11.5
teacherA_2,test_w24-27,ge5,all,1.2952232464265883,96204,89771,0.9412082657685751,0.8874630750197454,0.8523942741088286,0.6509117643782514,0.8319792363998518,0.8176250222512937,0.615243229996324,0.7896285342702318,0.02610900196862917,0.26300233602523804,0.08833243976403282,0.004690244741465772,0.013855312036469718,0.22982174158096313,11,teacherA_member,2,11.5
teacherA_2,test_w24-27,ge5,near,1.2952232464265883,96204,11977,0.9412082657685751,0.8874630750197454,0.8094231820745421,0.7379143358103031,0.7929416124089125,0.8088098906790313,0.7159555815312683,0.7841743901845438,0.02610900196862917,0.26300233602523804,0.08833243976403282,0.004690244741465772,0.013855312036469718,0.22982174158096313,11,teacherA_member,2,11.5
teacherA_2,test_w24-27,ge5,far,1.2952232464265883,96204,77794,0.9412082657685751,0.8874630750197454,0.8590100127171358,0.6375170321618634,0.8379893865726091,0.8189821812975053,0.5997377689796128,0.7904682427787837,0.02610900196862917,0.26300233602523804,0.08833243976403282,0.004690244741465772,0.013855312036469718,0.22982174158096313,11,teacherA_member,2,11.5
teacherA_3,test_w24-27,all,all,1.2918790117432906,100000,100000,0.93949,0.8944557824769088,0.8576484743499999,0.64456,0.834357025,0.8351174741,0.59848,0.8044529104999999,0.026007574443221066,0.2775917053222656,0.09136348866726791,0.005705865698074792,0.013478650485724221,0.24222978949546814,11,teacherA_member,3,11.5
teacherA_3,test_w24-27,all,near,1.2918790117432906,100000,12494,0.93949,0.8944557824769088,0.8062485144869538,0.7566832079398111,0.7884740123259165,0.8069197858972306,0.6748839442932608,0.7802070946054107,0.026007574443221066,0.2775917053222656,0.09136348866726791,0.005705865698074792,0.013478650485724221,0.24222978949546814,11,teacherA_member,3,11.5
teacherA_3,test_w24-27,all,far,1.2918790117432906,100000,87506,0.93949,0.8944557824769088,0.8649872979567115,0.6285511850615958,0.8409081456128723,0.8391435056453272,0.58757113797911,0.8079146985349576,0.026007574443221066,0.2775917053222656,0.09136348866726791,0.005705865698074792,0.013478650485724221,0.24222978949546814,11,teacherA_member,3,11.5
teacherA_3,test_w24-27,ge5,all,1.2918790117432906,96204,89771,0.9432040247806744,0.8978375742896787,0.8553124127845609,0.6577179712824854,0.8349537757157153,0.8342677967187152,0.575040937496519,0.8058074056871498,0.024651087101989294,0.25801417231559753,0.08538459839973159,0.00509348439088005,0.013279217199587088,0.22472326457500458,11,teacherA_member,3,11.5
teacherA_3,test_w24-27,ge5,near,1.2918790117432906,96204,11977,0.9432040247806744,0.8978375742896787,0.8099659501147659,0.7532771144693997,0.7939216821847296,0.8108836103293582,0.659180095182433,0.7860435448485668,0.024651087101989294,0.25801417231559753,0.08538459839973159,0.00509348439088005,0.013279217199587088,0.22472326457500458,11,teacherA_member,3,11.5
teacherA_3,test_w24-27,ge5,far,1.2918790117432906,96204,77794,0.9432040247806744,0.8978375742896787,0.8622938584409886,0.643005887343497,0.8412709902081006,0.8378679766861334,0.5620870504151991,0.8088502079760629,0.024651087101989294,0.25801417231559753,0.08538459839973159,0.00509348439088005,0.013279217199587088,0.22472326457500458,11,teacherA_member,3,11.5
teacherA_4,test_w24-27,all,all,1.2965102575076488,100000,100000,0.94009,0.8945175546238573,0.85399070925,0.61694,0.8309317122000002,0.82217732575,0.59525,0.7927784438000001,0.02663306464239959,0.2791495621204376,0.09172128977425327,0.005127958807164311,0.014037403922379028,0.24238166213035583,11,teacherA_member,4,11.5
teacherA_4,test_w24-27,all,near,1.2965102575076488,100000,12494,0.94009,0.8945175546238573,0.8000516912117817,0.7215463422442773,0.7826897846966543,0.8098095585881223,0.6808868256763246,0.7835306122939011,0.02663306464239959,0.2791495621204376,0.09172128977425327,0.005127958807164311,0.014037403922379028,0.24238166213035583,11,teacherA_member,4,11.5
teacherA_4,test_w24-27,all,far,1.2965102575076488,100000,87506,0.94009,0.8945175546238573,0.8616920564875552,0.6020044339816698,0.8378196357964025,0.823943180467625,0.5830228784311933,0.7940988379082577,0.02663306464239959,0.2791495621204376,0.09172128977425327,0.005127958807164311,0.014037403922379028,0.24238166213035583,11,teacherA_member,4,11.5
teacherA_4,test_w24-27,ge5,all,1.2965102575076488,96204,89771,0.9439420398320236,0.8980088784116442,0.8510888393425922,0.6369985852892359,0.8311035239586865,0.8198299138636687,0.5856679774091856,0.7927412747779152,0.02501624172367474,0.25910183787345886,0.0856655289414545,0.0045449003929957715,0.013597758139678097,0.22461983561515808,11,teacherA_member,4,11.5
teacherA_4,test_w24-27,ge5,near,1.2965102575076488,96204,11977,0.9439420398320236,0.8980088784116442,0.8035122527246839,0.7164565417049344,0.7878601989516536,0.8141579740585418,0.6637722301077065,0.7896709263139505,0.02501624172367474,0.25910183787345886,0.0856655289414545,0.0045449003929957715,0.013597758139678097,0.22461983561515808,11,teacherA_member,4,11.5
teacherA_4,test_w24-27,ge5,far,1.2965102575076488,96204,77794,0.9439420398320236,0.8980088784116442,0.8584136301737963,0.6247654060724478,0.8377611749807349,0.8207031537413714,0.573643211558732,0.7932139791452562,0.02501624172367474,0.25910183787345886,0.0856655289414545,0.0045449003929957715,0.013597758139678097,0.22461983561515808,11,teacherA_member,4,11.5
teacherA,test_w24-27,all,all,1.065888886650108,100000,100000,0.94599,0.9004448453955963,0.8798521238,0.54586,0.8563642305999999,0.8409539461,0.59042,0.8135831533,0.011462467350661715,0.2288418412208557,0.08043375564330302,0.0040978666248826685,0.008263685116767863,0.22269831597805023,11,teacherA,,11.5
teacherA,test_w24-27,all,near,1.065888886650108,100000,12494,0.94599,0.9004448453955963,0.8397470113654554,0.6614374899951977,0.821046800864415,0.8252759256443093,0.7040179286057308,0.801461146150152,0.011462467350661715,0.2288418412208557,0.08043375564330302,0.0040978666248826685,0.008263685116767863,0.22269831597805023,11,teacherA,,11.5
teacherA,test_w24-27,all,far,1.065888886650108,100000,87506,0.94599,0.9004448453955963,0.8855782828606039,0.5293579868808996,0.861406810161589,0.8431924347473316,0.5742006262427719,0.8153139187027176,0.011462467350661715,0.2288418412208557,0.08043375564330302,0.0040978666248826685,0.008263685116767863,0.22269831597805023,11,teacherA,,11.5
teacherA,test_w24-27,ge5,all,1.065888886650108,96204,89771,0.9498149765082533,0.904162951570579,0.8785072219925791,0.5498991879337425,0.8576359254529785,0.8403766483228038,0.5710418732107251,0.8151746922205474,0.00988343788033554,0.20912912487983704,0.0743123729966774,0.0035439573707588276,0.006921531172747813,0.2037028968334198,11,teacherA,,11.5
teacherA,test_w24-27,ge5,near,1.065888886650108,96204,11977,0.9498149765082533,0.904162951570579,0.8433796449848073,0.6515821992151624,0.8264736285967033,0.8303272299133537,0.684395090590298,0.8082406792554218,0.00988343788033554,0.20912912487983704,0.0743123729966774,0.0035439573707588276,0.006921531172747813,0.2037028968334198,11,teacherA,,11.5
teacherA,test_w24-27,ge5,far,1.065888886650108,96204,77794,0.9498149765082533,0.904162951570579,0.8839153895867649,0.5342442861917371,0.8624336068866059,0.8419238355646218,0.5535902511761832,0.8162422382174533,0.00988343788033554,0.20912912487983704,0.0743123729966774,0.0035439573707588276,0.006921531172747813,0.2037028968334198,11,teacherA,,11.5
teacherB,test_w24-27,all,all,1.4075419166759908,100000,100000,0.94377,0.8998329162599484,0.8549357997,0.64708,0.8349516485999999,0.8462048275999999,0.59724,0.8172997946,0.026844349504709285,0.2867642641067505,0.08987631965003197,0.005351939334504812,0.012849033995047224,0.23550108075141907,11,teacherB,,11.5
teacherB,test_w24-27,all,near,1.4075419166759908,100000,12494,0.94377,0.8998329162599484,0.7781161041299823,0.7555626700816391,0.7697548415239315,0.788134444533376,0.6590363374419721,0.7638773027052985,0.026844349504709285,0.2867642641067505,0.08987631965003197,0.005351939334504812,0.012849033995047224,0.23550108075141907,11,teacherB,,11.5
teacherB,test_w24-27,all,far,1.4075419166759908,100000,87506,0.94377,0.8998329162599484,0.8659040221813361,0.6315909766187462,0.8442603692318241,0.854496046099696,0.5884167942769639,0.8249273928644891,0.026844349504709285,0.2867642641067505,0.08987631965003197,0.005351939334504812,0.012849033995047224,0.23550108075141907,11,teacherB,,11.5
teacherB,test_w24-27,ge5,all,1.4075419166759908,96204,89771,0.947216331961249,0.9030644952713822,0.8527575096799657,0.6599904200688418,0.8358252199083241,0.8448649862758058,0.5807554778269152,0.8181149563263919,0.02544359799546809,0.2661692500114441,0.08431530819614114,0.004749542696587183,0.012892129283204278,0.21810299158096313,11,teacherB,,11.5
teacherB,test_w24-27,ge5,near,1.4075419166759908,96204,11977,0.947216331961249,0.9030644952713822,0.7817369384066818,0.7459296985889622,0.7754701056253347,0.7917908548416049,0.6454036904066127,0.7691392086728174,0.02544359799546809,0.2661692500114441,0.08431530819614114,0.004749542696587183,0.012892129283204278,0.21810299158096313,11,teacherB,,11.5
teacherB,test_w24-27,ge5,far,1.4075419166759908,96204,77794,0.947216331961249,0.9030644952713822,0.8636916868933768,0.6467593901843329,0.8451173658806017,0.8530361675004173,0.5708023755045376,0.8256551590367149,0.02544359799546809,0.2661692500114441,0.08431530819614114,0.004749542696587183,0.012892129283204278,0.21810299158096313,11,teacherB,,11.5
teacherA_0,test_w28-31,all,all,1.278234194612443,100000,100000,0.91605,0.8342619385074376,0.8332820811499999,0.70272,0.7976544457999999,0.81682015075,0.64547,0.7727598878999998,0.04135357076272364,0.44827520847320557,0.13237539825511882,0.010320840801502671,0.026147866571694642,0.38364434242248535,11,teacherA_member,0,15.5
teacherA_0,test_w28-31,all,near,1.278234194612443,100000,15990,0.91605,0.8342619385074376,0.8052099083802376,0.7596622889305816,0.7739939893683553,0.8129860519074421,0.7181988742964353,0.7725717510944341,0.04135357076272364,0.44827520847320557,0.13237539825511882,0.010320840801502671,0.026147866571694642,0.38364434242248535,11,teacherA_member,0,15.5
teacherA_0,test_w28-31,all,far,1.278234194612443,100000,84010,0.91605,0.8342619385074376,0.8386251836686109,0.6918819188191881,0.8021578465658851,0.8175499119747649,0.6316271872396143,0.7727956968218067,0.04135357076272364,0.44827520847320557,0.13237539825511882,0.010320840801502671,0.026147866571694642,0.38364434242248535,11,teacherA_member,0,15.5
teacherA_0,test_w28-31,ge5,all,1.278234194612443,95576,94669,0.9208169414915879,0.8381915517773447,0.8373504355122532,0.6930779875143922,0.8041331482309622,0.8226425386867503,0.6302696764516368,0.7805524438643541,0.03933746588600449,0.4270998537540436,0.12464402517493199,0.009284889295130308,0.025402058435882592,0.36446747183799744,11,teacherA_member,0,15.5
teacherA_0,test_w28-31,ge5,near,1.278234194612443,95576,15420,0.9208169414915879,0.8381915517773447,0.810667960630159,0.7525940337224384,0.7815223143733505,0.8207386771985912,0.7053177691309988,0.7822124619360237,0.03933746588600449,0.4270998537540436,0.12464402517493199,0.009284889295130308,0.025402058435882592,0.36446747183799744,11,teacherA_member,0,15.5
teacherA_0,test_w28-31,ge5,far,1.278234194612443,95576,79249,0.9208169414915879,0.8381915517773447,0.8425422204266608,0.6814975583288118,0.8085326871284166,0.8230129855586026,0.6156670746634026,0.7802294432124196,0.03933746588600449,0.4270998537540436,0.12464402517493199,0.009284889295130308,0.025402058435882592,0.36446747183799744,11,teacherA_member,0,15.5
teacherA_1,test_w28-31,all,all,1.295048967651576,100000,100000,0.91746,0.8332449371600712,0.8416360166000001,0.68217,0.8059662422,0.8269454302999999,0.65837,0.7814871133000002,0.042068244908451985,0.4532199203968048,0.1306281691836417,0.009811897832772667,0.025552050881832798,0.384501576423645,11,teacherA_member,1,15.5
teacherA_1,test_w28-31,all,near,1.295048967651576,100000,15990,0.91746,0.8332449371600712,0.8004703076923076,0.7534083802376486,0.770171306441526,0.8035422260787992,0.7359599749843653,0.7624521507191995,0.042068244908451985,0.4532199203968048,0.1306281691836417,0.009811897832772667,0.025552050881832798,0.384501576423645,11,teacherA_member,1,15.5
teacherA_1,test_w28-31,all,far,1.295048967651576,100000,84010,0.91746,0.8332449371600712,0.8494712705630282,0.6686108796571837,0.8127792528270444,0.8313998670991548,0.6436019521485538,0.7851101230805857,0.042068244908451985,0.4532199203968048,0.1306281691836417,0.009811897832772667,0.025552050881832798,0.384501576423645,11,teacherA_member,1,15.5
teacherA_1,test_w28-31,ge5,all,1.295048967651576,95576,94669,0.9225642420691387,0.8370082684905138,0.8467694466266351,0.6618428419017841,0.8132981199362701,0.8339235393515689,0.6481741647212921,0.7908211760586568,0.04024789974778187,0.43015605211257935,0.1222830897632925,0.008822062190669545,0.0251106340137223,0.3638267517089844,11,teacherA_member,1,15.5
teacherA_1,test_w28-31,ge5,near,1.295048967651576,95576,15420,0.9225642420691387,0.8370082684905138,0.8060940630890627,0.7294422827496757,0.7776738365741385,0.8105125780753235,0.7275616083009079,0.7716249789521097,0.04024789974778187,0.43015605211257935,0.1222830897632925,0.008822062190669545,0.0251106340137223,0.3638267517089844,11,teacherA_member,1,15.5
teacherA_1,test_w28-31,ge5,far,1.295048967651576,95576,79249,0.9225642420691387,0.8370082684905138,0.854683923959464,0.648689573370011,0.8202297714327441,0.8384787643118804,0.6327272268419791,0.7945563065887953,0.04024789974778187,0.43015605211257935,0.1222830897632925,0.008822062190669545,0.0251106340137223,0.3638267517089844,11,teacherA_member,1,15.5
teacherA_2,test_w28-31,all,all,1.2952232464265883,100000,100000,0.91581,0.8191245859874837,0.8317674253,0.69501,0.7978654204000001,0.80786509855,0.64351,0.7634106257000002,0.04234735788181426,0.42912527918815613,0.13124959721172033,0.00936235976167374,0.025423417884558427,0.36696022748947144,11,teacherA_member,2,15.5
teacherA_2,test_w28-31,all,near,1.2952232464265883,100000,15990,0.91581,0.8191245859874837,0.7918681397748593,0.7764227642276422,0.7638766485303313,0.7916037210756723,0.7217636022514071,0.7515552007504691,0.04234735788181426,0.42912527918815613,0.13124959721172033,0.00936235976167374,0.025423417884558427,0.36696022748947144,11,teacherA_member,2,15.5
teacherA_2,test_w28-31,all,far,1.2952232464265883,100000,84010,0.91581,0.8191245859874837,0.8393616352219975,0.6795143435305321,0.8043346557552672,0.8109601994405428,0.6286156409951196,0.7656671218902512,0.04234735788181426,0.42912527918815613,0.13124959721172033,0.00936235976167374,0.025423417884558427,0.36696022748947144,11,teacherA_member,2,15.5
teacherA_2,test_w28-31,ge5,all,1.2952232464265883,95576,94669,0.9203251862392232,0.8224041961696987,0.8352370072689941,0.688852739545152,0.8038631851197516,0.8118139111811975,0.6341991570630301,0.7694558918006479,0.040519565107966414,0.4066177010536194,0.12386875401279006,0.008317370251205367,0.024829028357786005,0.34694358706474304,11,teacherA_member,2,15.5
teacherA_2,test_w28-31,ge5,near,1.2952232464265883,95576,15420,0.9203251862392232,0.8224041961696987,0.7964371217825769,0.7688715953307393,0.7705862608220896,0.7972738812673181,0.7201037613488975,0.7592484198747669,0.040519565107966414,0.4066177010536194,0.12386875401279006,0.008317370251205367,0.024829028357786005,0.34694358706474304,11,teacherA_member,2,15.5
teacherA_2,test_w28-31,ge5,far,1.2952232464265883,95576,79249,0.9203251862392232,0.8224041961696987,0.8427865565907592,0.6732829436333582,0.8103380954993145,0.8146430605871462,0.6174841322918901,0.7714420268572049,0.040519565107966414,0.4066177010536194,0.12386875401279006,0.008317370251205367,0.024829028357786005,0.34694358706474304,11,teacherA_member,2,15.5
teacherA_3,test_w28-31,all,all,1.2918790117432906,100000,100000,0.91749,0.8320891717875266,0.8323598027000001,0.70379,0.7987191049,0.82146070275,0.63857,0.7773866973999999,0.04055261658400301,0.42118334770202637,0.12909362765915125,0.010149257412963675,0.024913740769624708,0.3597688376903534,11,teacherA_member,3,15.5
teacherA_3,test_w28-31,all,near,1.2918790117432906,100000,15990,0.91749,0.8320891717875266,0.7912139008755472,0.7641651031894935,0.762521153220763,0.7915087926829268,0.7191369606003752,0.752623267667292,0.04055261658400301,0.42118334770202637,0.12909362765915125,0.010149257412963675,0.024913740769624708,0.3597688376903534,11,teacherA_member,3,15.5
teacherA_3,test_w28-31,all,far,1.2918790117432906,100000,84010,0.91749,0.8320891717875266,0.8401912866920604,0.6922985358885847,0.8056088233543627,0.8271615840971314,0.6232353291274848,0.7821000320199977,0.04055261658400301,0.42118334770202637,0.12909362765915125,0.010149257412963675,0.024913740769624708,0.3597688376903534,11,teacherA_member,3,15.5
teacherA_3,test_w28-31,ge5,all,1.2918790117432906,95576,94669,0.9221248012053235,0.8360031343884475,0.8365648921055195,0.6916730925646198,0.805353766162903,0.8277593223328601,0.60380906104427,0.7858075242982063,0.03894185681481328,0.3993155360221863,0.12141823191222186,0.00912231033672233,0.024744128295750296,0.3398965001106262,11,teacherA_member,3,15.5
teacherA_3,test_w28-31,ge5,near,1.2918790117432906,95576,15420,0.9221248012053235,0.8360031343884475,0.7964713483525432,0.7553177691309987,0.7698187374967933,0.7980393316943392,0.6912451361867704,0.7612844049545675,0.03894185681481328,0.3993155360221863,0.12141823191222186,0.00912231033672233,0.024744128295750296,0.3398965001106262,11,teacherA_member,3,15.5
teacherA_3,test_w28-31,ge5,far,1.2918790117432906,95576,79249,0.9221248012053235,0.8360031343884475,0.8443661570384636,0.6792893285719693,0.8122680507851875,0.8335421366982902,0.586796047899658,0.790579149180273,0.03894185681481328,0.3993155360221863,0.12141823191222186,0.00912231033672233,0.024744128295750296,0.3398965001106262,11,teacherA_member,3,15.5
teacherA_4,test_w28-31,all,all,1.2965102575076488,100000,100000,0.91638,0.8267686424319084,0.8308557502,0.70133,0.7967923815,0.8139875135000001,0.64352,0.7707160752000001,0.04205851304635409,0.432593435049057,0.1312549975667147,0.009444845095107977,0.026613771473169352,0.3671390116214752,11,teacherA_member,4,15.5
teacherA_4,test_w28-31,all,near,1.2965102575076488,100000,15990,0.91638,0.8267686424319084,0.7943754562226393,0.7488430268918074,0.7651649318323953,0.804575751094434,0.7196998123827392,0.7653266635397123,0.04205851304635409,0.432593435049057,0.1312549975667147,0.009444845095107977,0.026613771473169352,0.3671390116214752,11,teacherA_member,4,15.5
teacherA_4,test_w28-31,all,far,1.2965102575076488,100000,84010,0.91638,0.8267686424319084,0.8377992081299845,0.6922866325437448,0.8028121758124034,0.8157788964408998,0.6290203547196762,0.7717418660873706,0.04205851304635409,0.432593435049057,0.1312549975667147,0.009444845095107977,0.026613771473169352,0.3671390116214752,11,teacherA_member,4,15.5
teacherA_4,test_w28-31,ge5,all,1.2965102575076488,95576,94669,0.9211099020674647,0.8304748498140925,0.8348515625861854,0.6900780614562317,0.8033070000966385,0.8204845835597132,0.6057843644698898,0.779257491081584,0.04016125971200234,0.4079606831073761,0.12349119730453706,0.008461837120418403,0.026144882225200512,0.3452737331390381,11,teacherA_member,4,15.5
teacherA_4,test_w28-31,ge5,near,1.2965102575076488,95576,15420,0.9211099020674647,0.8304748498140925,0.7994543531243754,0.7367055771725033,0.7722833307657893,0.812304815423438,0.6891699092088197,0.7749732036338186,0.04016125971200234,0.4079606831073761,0.12349119730453706,0.008461837120418403,0.026144882225200512,0.3452737331390381,11,teacherA_member,4,15.5
teacherA_4,test_w28-31,ge5,far,1.2965102575076488,95576,79249,0.9211099020674647,0.8304748498140925,0.841739030817975,0.6810054385544297,0.8093434798135015,0.8220761749319875,0.5895594897096493,0.78009111311397,0.04016125971200234,0.4079606831073761,0.12349119730453706,0.008461837120418403,0.026144882225200512,0.3452737331390381,11,teacherA_member,4,15.5
teacherA,test_w28-31,all,all,1.065888886650108,100000,100000,0.92379,0.8393949660604288,0.8586035607,0.5996,0.8231775009000001,0.8294300773000001,0.6342,0.7878964958,0.02302295309856532,0.35354530811309814,0.11540104697661481,0.007778629250099554,0.019013510111868394,0.34167829155921936,11,teacherA,,15.5
teacherA,test_w28-31,all,near,1.065888886650108,100000,15990,0.92379,0.8393949660604288,0.8327366285178237,0.6746091307066917,0.801973239524703,0.8151162217010631,0.7311444652908068,0.7780508305190744,0.02302295309856532,0.35354530811309814,0.11540104697661481,0.007778629250099554,0.019013510111868394,0.34167829155921936,11,teacherA,,15.5
teacherA,test_w28-31,all,far,1.065888886650108,100000,84010,0.92379,0.8393949660604288,0.8635269298892989,0.5853231758124033,0.8272134030472562,0.8321544976193311,0.6157481252231877,0.7897704654207831,0.02302295309856532,0.35354530811309814,0.11540104697661481,0.007778629250099554,0.019013510111868394,0.34167829155921936,11,teacherA,,15.5
teacherA,test_w28-31,ge5,all,1.065888886650108,95576,94669,0.9287582656733908,0.8436392003143606,0.8622785437089423,0.585302474938998,0.8294619873848513,0.8358689903808438,0.5984958117229505,0.7964997875797873,0.0207823404829163,0.32970690727233887,0.10731596807809224,0.00681980852822065,0.017149016890037748,0.3187106251716614,11,teacherA,,15.5
teacherA,test_w28-31,ge5,near,1.065888886650108,95576,15420,0.9287582656733908,0.8436392003143606,0.8373527346569702,0.6626459143968871,0.8089423963078608,0.8229807802907502,0.7063553826199741,0.787935594297425,0.0207823404829163,0.32970690727233887,0.10731596807809224,0.00681980852822065,0.017149016890037748,0.3187106251716614,11,teacherA,,15.5
teacherA,test_w28-31,ge5,far,1.065888886650108,95576,79249,0.9287582656733908,0.8436392003143606,0.8671285225803653,0.5702532524069704,0.8334546193979646,0.8383767343219567,0.5775088644651668,0.79816617908522,0.0207823404829163,0.32970690727233887,0.10731596807809224,0.00681980852822065,0.017149016890037748,0.3187106251716614,11,teacherA,,15.5
teacherB,test_w28-31,all,all,1.4075419166759908,100000,100000,0.91909,0.8323682831411687,0.8318780665000001,0.70428,0.8002040824000002,0.8311403549499999,0.64456,0.7862318879000002,0.04479732109069828,0.44868093729019165,0.1306690802114149,0.009759761845219263,0.02578496616169814,0.3584868311882019,11,teacherB,,15.5
teacherB,test_w28-31,all,near,1.4075419166759908,100000,15990,0.91909,0.8323682831411687,0.7681119981238274,0.7882426516572858,0.7467792282676673,0.7743387736085053,0.7255784865540963,0.7368547748592871,0.04479732109069828,0.44868093729019165,0.1306690802114149,0.009759761845219263,0.02578496616169814,0.3584868311882019,11,teacherB,,15.5
teacherB,test_w28-31,all,far,1.4075419166759908,100000,84010,0.91909,0.8323682831411687,0.84401494822045,0.6882990120223783,0.8103726744435186,0.8419516546244494,0.6291393881680752,0.7956300552315201,0.04479732109069828,0.44868093729019165,0.1306690802114149,0.009759761845219263,0.02578496616169814,0.3584868311882019,11,teacherB,,15.5
teacherB,test_w28-31,ge5,all,1.4075419166759908,95576,94669,0.9240395078262326,0.8364509674849765,0.8368375708191784,0.6836768107828328,0.8078527947020208,0.8370582546594351,0.6083406394912801,0.794621581944882,0.04278643949438618,0.4242159128189087,0.12260185853684341,0.008630054160573629,0.025422780990857534,0.3375798165798187,11,teacherB,,15.5
teacherB,test_w28-31,ge5,near,1.4075419166759908,95576,15420,0.9240395078262326,0.8364509674849765,0.7742022523929456,0.7686121919584955,0.7551544837787126,0.7808116094951144,0.6946822308690013,0.7454812927817706,0.04278643949438618,0.4242159128189087,0.12260185853684341,0.008630054160573629,0.025422780990857534,0.3375798165798187,11,teacherB,,15.5
teacherB,test_w28-31,ge5,far,1.4075419166759908,95576,79249,0.9240395078262326,0.8364509674849765,0.8490249373491348,0.6671503741372131,0.8181066522199377,0.8480025349460485,0.5915405872629308,0.8041831317296765,0.04278643949438618,0.4242159128189087,0.12260185853684341,0.008630054160573629,0.025422780990857534,0.3375798165798187,11,teacherB,,15.5
teacherA_0,test_w32-35,all,all,1.278234194612443,100000,100000,0.88728,0.7926346363584943,0.81482070235,0.75118,0.7666729455,0.7979642612000001,0.69587,0.7392305915,0.062358114698827294,0.66715008020401,0.17883990022112445,0.01674779644820093,0.044694282007068396,0.561046302318573,11,teacherA_member,0,19.5
teacherA_0,test_w32-35,all,near,1.278234194612443,100000,16559,0.88728,0.7926346363584943,0.7815773947702156,0.7966060752460897,0.7395716226825291,0.7922291838275257,0.729874992451235,0.7365137351289328,0.062358114698827294,0.66715008020401,0.17883990022112445,0.01674779644820093,0.044694282007068396,0.561046302318573,11,teacherA_member,0,19.5
teacherA_0,test_w32-35,all,far,1.278234194612443,100000,83441,0.88728,0.7926346363584943,0.8214178899461896,0.7421651226615213,0.7720512463896646,0.799102396483743,0.68912165482197,0.7397697559952541,0.062358114698827294,0.66715008020401,0.17883990022112445,0.01674779644820093,0.044694282007068396,0.561046302318573,11,teacherA_member,0,19.5
teacherA_0,test_w32-35,ge5,all,1.278234194612443,95262,94615,0.8943125275555835,0.7952677579384596,0.8189102081723205,0.7446387993447128,0.7739214278491794,0.8049968652525511,0.6852401839031866,0.7490676990051716,0.058284201051891485,0.6232435703277588,0.16779724712467786,0.015239555364169245,0.04187853649843326,0.5240218639373779,11,teacherA_member,0,19.5
teacherA_0,test_w32-35,ge5,near,1.278234194612443,95262,16006,0.8943125275555835,0.7952677579384596,0.7871531898717212,0.790890915906535,0.7478098296278028,0.8004960040454061,0.7219167812070474,0.747520890405952,0.058284201051891485,0.6232435703277588,0.16779724712467786,0.015239555364169245,0.04187853649843326,0.5240218639373779,11,teacherA_member,0,19.5
teacherA_0,test_w32-35,ge5,far,1.278234194612443,95262,78609,0.8943125275555835,0.7952677579384596,0.8253764249530884,0.7352211578826852,0.7792381503762611,0.8059133097370448,0.6777722652622473,0.7493826529982145,0.058284201051891485,0.6232435703277588,0.16779724712467786,0.015239555364169245,0.04187853649843326,0.5240218639373779,11,teacherA_member,0,19.5
teacherA_1,test_w32-35,all,all,1.295048967651576,100000,100000,0.88668,0.7940759251341042,0.82611930115,0.73328,0.7749779708000001,0.81273449685,0.65516,0.7502663065,0.06631372360244396,0.6892358064651489,0.18046224575495792,0.0170987515556294,0.04814470040693879,0.5711538791656494,11,teacherA_member,1,19.5
teacherA_1,test_w32-35,all,near,1.295048967651576,100000,16559,0.88668,0.7940759251341042,0.7808438414155444,0.7964852950057371,0.7375462153511685,0.7878705658554261,0.7148378525273266,0.7306122857660486,0.06631372360244396,0.6892358064651489,0.18046224575495792,0.0170987515556294,0.04814470040693879,0.5711538791656494,11,teacherA_member,1,19.5
teacherA_1,test_w32-35,all,far,1.295048967651576,100000,83441,0.88668,0.7940759251341042,0.83510428859913,0.7207368080440072,0.7824063625795473,0.8176687837513932,0.6433168346496326,0.7541666783715439,0.06631372360244396,0.6892358064651489,0.18046224575495792,0.0170987515556294,0.04814470040693879,0.5711538791656494,11,teacherA_member,1,19.5
teacherA_1,test_w32-35,ge5,all,1.295048967651576,95262,94615,0.8940920828871953,0.7977296775315207,0.8307890563230189,0.7274005178882841,0.7827726979787174,0.8207740172705739,0.6390635734291603,0.7615195372042048,0.06201961891888063,0.6411370038986206,0.16917373198416835,0.015609290903760079,0.04527198995508193,0.5309666395187378,11,teacherA_member,1,19.5
teacherA_1,test_w32-35,ge5,near,1.295048967651576,95262,16006,0.8940920828871953,0.7977296775315207,0.7866088330184741,0.791453205048107,0.7458368483372975,0.7958601246672491,0.6992377858303136,0.7416123461795296,0.06201961891888063,0.6411370038986206,0.16917373198416835,0.015609290903760079,0.04527198995508193,0.5309666395187378,11,teacherA_member,1,19.5
teacherA_1,test_w32-35,ge5,far,1.295048967651576,95262,78609,0.8940920828871953,0.7977296775315207,0.8397848284892155,0.7143584067982037,0.7902934043782466,0.8258468685345361,0.6268111793814958,0.7655729471132606,0.06201961891888063,0.6411370038986206,0.16917373198416835,0.015609290903760079,0.04527198995508193,0.5309666395187378,11,teacherA_member,1,19.5
teacherA_2,test_w32-35,all,all,1.2952232464265883,100000,100000,0.88625,0.7810905637637336,0.8174462519500001,0.73868,0.7692664663,0.79657621795,0.65122,0.7360263197000001,0.06483889990523456,0.6596443057060242,0.17935616821580824,0.016215866439259825,0.046386394082233336,0.5498209595680237,11,teacherA_member,2,19.5
teacherA_2,test_w32-35,all,near,1.2952232464265883,100000,16559,0.88625,0.7810905637637336,0.7723210296515489,0.8042756205084848,0.7322359369527145,0.778121084908509,0.7092819614711033,0.7221734851138354,0.06483889990523456,0.6596443057060242,0.17935616821580824,0.016215866439259825,0.046386394082233336,0.5498209595680237,11,teacherA_member,2,19.5
teacherA_2,test_w32-35,all,far,1.2952232464265883,100000,83441,0.88625,0.7810905637637336,0.8264014245394949,0.7256624441221942,0.7766152341175202,0.8002386686401168,0.6396975108160257,0.738775436895531,0.06483889990523456,0.6596443057060242,0.17935616821580824,0.016215866439259825,0.046386394082233336,0.5498209595680237,11,teacherA_member,2,19.5
teacherA_2,test_w32-35,ge5,all,1.2952232464265883,95262,94615,0.893168314752997,0.784425724016961,0.821290917616311,0.7378745442054643,0.7763578389543933,0.8013887463805324,0.6379855202663426,0.7439348291617698,0.06103985787325843,0.615470290184021,0.16864756430621533,0.014675377324994698,0.04392205131771654,0.512823224067688,11,teacherA_member,2,19.5
teacherA_2,test_w32-35,ge5,near,1.2952232464265883,95262,16006,0.893168314752997,0.784425724016961,0.7775019329357378,0.7979507684618268,0.7400311325118673,0.7845249856874204,0.7013619892540297,0.7314499529504761,0.06103985787325843,0.615470290184021,0.16864756430621533,0.014675377324994698,0.04392205131771654,0.512823224067688,11,teacherA_member,2,19.5
teacherA_2,test_w32-35,ge5,far,1.2952232464265883,95262,78609,0.893168314752997,0.784425724016961,0.8302070275884166,0.7256421020493836,0.7837545144409032,0.804822467120574,0.6250810975842461,0.7464769417524143,0.06103985787325843,0.615470290184021,0.16864756430621533,0.014675377324994698,0.04392205131771654,0.512823224067688,11,teacherA_member,2,19.5
teacherA_3,test_w32-35,all,all,1.2918790117432906,100000,100000,0.89145,0.7936076316154463,0.8163369231,0.73665,0.7700961067000001,0.8039353056499999,0.69185,0.7464295463,0.06144535087734465,0.6256409287452698,0.1728436900554983,0.016243567140801173,0.043841812174916305,0.5227400660514832,11,teacherA_member,3,19.5
teacherA_3,test_w32-35,all,near,1.2918790117432906,100000,16559,0.89145,0.7936076316154463,0.7680449649737302,0.7943716407995652,0.7292657014312458,0.7711511117821124,0.7474485174225497,0.7195703569056102,0.06144535087734465,0.6256409287452698,0.1728436900554983,0.016243567140801173,0.043841812174916305,0.5227400660514832,11,teacherA_member,3,19.5
teacherA_3,test_w32-35,all,far,1.2918790117432906,100000,83441,0.89145,0.7936076316154463,0.8259205394829879,0.7251950479979866,0.7781989659759592,0.8104413813952374,0.6808163852302824,0.7517597954243118,0.06144535087734465,0.6256409287452698,0.1728436900554983,0.016243567140801173,0.043841812174916305,0.5227400660514832,11,teacherA_member,3,19.5
teacherA_3,test_w32-35,ge5,all,1.2918790117432906,95262,94615,0.8987004261930256,0.7976553746723597,0.8207265523492007,0.727527347672145,0.7777837913188467,0.8111521840100786,0.6331237118850077,0.7568865449777127,0.05761904772419156,0.5831006169319153,0.16149100845665648,0.014688388250668512,0.04149053341779606,0.48656797409057617,11,teacherA_member,3,19.5
teacherA_3,test_w32-35,ge5,near,1.2918790117432906,95262,16006,0.8987004261930256,0.7976553746723597,0.7739506220312562,0.7864550793452455,0.7377820303802483,0.7786515380497299,0.709608896663751,0.7302057449730311,0.05761904772419156,0.5831006169319153,0.16149100845665648,0.014688388250668512,0.04149053341779606,0.48656797409057617,11,teacherA_member,3,19.5
teacherA_3,test_w32-35,ge5,far,1.2918790117432906,95262,78609,0.8987004261930256,0.7976553746723597,0.8302508503388586,0.7155287562492845,0.7859287643573436,0.8177698148060604,0.6175501532903357,0.7623191657320146,0.05761904772419156,0.5831006169319153,0.16149100845665648,0.014688388250668512,0.04149053341779606,0.48656797409057617,11,teacherA_member,3,19.5
teacherA_4,test_w32-35,all,all,1.2965102575076488,100000,100000,0.88785,0.7912463560282137,0.81486369705,0.74887,0.7666083857999998,0.7986148840999999,0.70606,0.7405362332000001,0.06442281555041666,0.6834999322891235,0.1790474244993939,0.01606367913470873,0.04639876177415252,0.5665193796157837,11,teacherA_member,4,19.5
teacherA_4,test_w32-35,all,near,1.2965102575076488,100000,16559,0.88785,0.7912463560282137,0.7747779639470982,0.7834410290476478,0.7328335992511625,0.7899167766773355,0.7418926263663265,0.7353980663083519,0.06442281555041666,0.6834999322891235,0.1790474244993939,0.01606367913470873,0.04639876177415252,0.5665193796157837,11,teacherA_member,4,19.5
teacherA_4,test_w32-35,all,far,1.2965102575076488,100000,83441,0.88785,0.7912463560282137,0.822818774942774,0.7420093239534521,0.7733110462482472,0.8003410374396279,0.6989489579463334,0.7415559106434486,0.06442281555041666,0.6834999322891235,0.1790474244993939,0.01606367913470873,0.04639876177415252,0.5665193796157837,11,teacherA_member,4,19.5
teacherA_4,test_w32-35,ge5,all,1.2965102575076488,95262,94615,0.8948059037181667,0.7951992176463706,0.8187934968654739,0.7423135866405961,0.774000222271431,0.8061228330653231,0.6594408920361465,0.7511533260333182,0.06022831055951757,0.6370643377304077,0.16780429209965028,0.014535091101262472,0.04366319369801508,0.5277648568153381,11,teacherA_member,4,19.5
teacherA_4,test_w32-35,ge5,near,1.2965102575076488,95262,16006,0.8948059037181667,0.7951992176463706,0.7800260970557867,0.7739597650880919,0.7408805448560388,0.7985472051925437,0.7081094589528927,0.7469284274060555,0.06022831055951757,0.6370643377304077,0.16780429209965028,0.014535091101262472,0.04366319369801508,0.5277648568153381,11,teacherA_member,4,19.5
teacherA_4,test_w32-35,ge5,far,1.2965102575076488,95262,78609,0.8948059037181667,0.7951992176463706,0.8266871350157348,0.7358699385566538,0.7807438973812879,0.8076653472778392,0.6495312241600835,0.7520135802971805,0.06022831055951757,0.6370643377304077,0.16780429209965028,0.014535091101262472,0.04366319369801508,0.5277648568153381,11,teacherA_member,4,19.5
teacherA,test_w32-35,all,all,1.065888886650108,100000,100000,0.8957,0.8023677412744686,0.84243163305,0.6604,0.7930389636000001,0.81459429545,0.67219,0.7578337524000001,0.041769362795054915,0.5346688628196716,0.15922960495725805,0.01336511929697741,0.037202088113427116,0.5133283734321594,11,teacherA,,19.5
teacherA,test_w32-35,all,near,1.065888886650108,100000,16559,0.8957,0.8023677412744686,0.8112042967570506,0.7382692191557462,0.7686528636994987,0.7980446032369104,0.7370614167522194,0.7460682154719487,0.041769362795054915,0.5346688628196716,0.15922960495725805,0.01336511929697741,0.037202088113427116,0.5133283734321594,11,teacherA,,19.5
teacherA,test_w32-35,all,far,1.065888886650108,100000,83441,0.8957,0.8023677412744686,0.8486287479176903,0.6449467288263564,0.7978784241559903,0.8178786083580014,0.6593161635167364,0.7601686420344915,0.041769362795054915,0.5346688628196716,0.15922960495725805,0.01336511929697741,0.037202088113427116,0.5133283734321594,11,teacherA,,19.5
teacherA,test_w32-35,ge5,all,1.065888886650108,95262,94615,0.9031198169259516,0.8066270711165648,0.8459721802925813,0.6484912540294879,0.8004154400357066,0.8221928817639219,0.6254822174073879,0.7685786126996187,0.03708157149580507,0.4885100722312927,0.147601369105146,0.011904402460679815,0.032781861096934026,0.4694109559059143,11,teacherA,,19.5
teacherA,test_w32-35,ge5,near,1.065888886650108,95262,16006,0.9031198169259516,0.8066270711165648,0.8158649339767936,0.7278520554791953,0.7766567340316811,0.8068061265959993,0.7022991378233162,0.7577517788443073,0.03708157149580507,0.4885100722312927,0.147601369105146,0.011904402460679815,0.032781861096934026,0.4694109559059143,11,teacherA,,19.5
teacherA,test_w32-35,ge5,far,1.065888886650108,95262,78609,0.9031198169259516,0.8066270711165648,0.852102478153265,0.6323321757050719,0.8052530775619497,0.8253258614891158,0.6098411123408262,0.7707831223955581,0.03708157149580507,0.4885100722312927,0.147601369105146,0.011904402460679815,0.032781861096934026,0.4694109559059143,11,teacherA,,19.5
teacherB,test_w32-35,all,all,1.4075419166759908,100000,100000,0.88955,0.7917887612934135,0.81555407805,0.72344,0.768544905,0.81194126535,0.65508,0.751281711,0.07100903372943398,0.7119684219360352,0.1817460302279481,0.016407548930482973,0.04991288597434758,0.5499966740608215,11,teacherB,,19.5
teacherB,test_w32-35,all,near,1.4075419166759908,100000,16559,0.88955,0.7917887612934135,0.7438947976930974,0.8097107313243553,0.7100209324234555,0.7537133872818406,0.7232320792318376,0.7023713545503957,0.07100903372943398,0.7119684219360352,0.1817460302279481,0.016407548930482973,0.04991288597434758,0.5499966740608215,11,teacherB,,19.5
teacherB,test_w32-35,all,far,1.4075419166759908,100000,83441,0.88955,0.7917887612934135,0.8297749769298067,0.7063194352896058,0.7801590810273127,0.8234966809482149,0.6415551107968505,0.7609880495200201,0.07100903372943398,0.7119684219360352,0.1817460302279481,0.016407548930482973,0.04991288597434758,0.5499966740608215,11,teacherB,,19.5
teacherB,test_w32-35,ge5,all,1.4075419166759908,95262,94615,0.8967269215426927,0.7961874597692542,0.8203232525443174,0.7204248797759341,0.7769306188668125,0.8182836412319874,0.6303440257887227,0.7613518907932568,0.06679916685828258,0.662010133266449,0.17031955012920963,0.014765982715669947,0.04752412151841469,0.5106800198554993,11,teacherB,,19.5
teacherB,test_w32-35,ge5,near,1.4075419166759908,95262,16006,0.8967269215426927,0.7961874597692542,0.7503793329081448,0.8016368861676871,0.7192240470183531,0.7610896094388069,0.7034861926777458,0.7128964850427315,0.06679916685828258,0.662010133266449,0.17031955012920963,0.014765982715669947,0.04752412151841469,0.5106800198554993,11,teacherB,,19.5
teacherB,test_w32-35,ge5,far,1.4075419166759908,95262,78609,0.8967269215426927,0.7961874597692542,0.834564909068336,0.7038888676869061,0.7886805633897863,0.8299292247260104,0.6154511569922019,0.7712181557812723,0.06679916685828258,0.662010133266449,0.17031955012920963,0.014765982715669947,0.04752412151841469,0.5106800198554993,11,teacherB,,19.5
teacherA_0,test_w36-39,all,all,1.278234194612443,100000,100000,0.86855,0.7767710692371917,0.81373162265,0.78051,0.7556531609999999,0.7939350222999999,0.74341,0.7274809804,0.07468662014648317,0.7883113026618958,0.2079055439382486,0.022169510759250992,0.05598043773725625,0.6603186130523682,11,teacherA_member,0,23.5
teacherA_0,test_w36-39,all,near,1.278234194612443,100000,12548,0.86855,0.7767710692371917,0.7632451275103602,0.8133567102327064,0.7134594046860057,0.778444724657316,0.7547816385081287,0.7154236061523749,0.07468662014648317,0.7883113026618958,0.2079055439382486,0.022169510759250992,0.05598043773725625,0.6603186130523682,11,teacherA_member,0,23.5
teacherA_0,test_w36-39,all,far,1.278234194612443,100000,87452,0.86855,0.7767710692371917,0.8209756484128435,0.7757970086447422,0.7617073078946166,0.7961576387618351,0.7417783469789141,0.7292110258198783,0.07468662014648317,0.7883113026618958,0.2079055439382486,0.022169510759250992,0.05598043773725625,0.6603186130523682,11,teacherA_member,0,23.5
teacherA_0,test_w36-39,ge5,all,1.278234194612443,95184,91735,0.878456463271138,0.7810112094403006,0.8168673865320935,0.7578459693682891,0.7624304708470061,0.8017198075641647,0.7205428680438218,0.7382783228580815,0.0693039583506595,0.7239930629730225,0.19379473481774076,0.020311775021650567,0.05198255395936312,0.6064355373382568,11,teacherA_member,0,23.5
teacherA_0,test_w36-39,ge5,near,1.278234194612443,95184,12085,0.878456463271138,0.7810112094403006,0.7688958929830605,0.7947041787339677,0.7220218473004539,0.7868648549388879,0.7397600330988829,0.7270618697767043,0.0693039583506595,0.7239930629730225,0.19379473481774076,0.020311775021650567,0.05198255395936312,0.6064355373382568,11,teacherA_member,0,23.5
teacherA_0,test_w36-39,ge5,far,1.278234194612443,95184,79650,0.878456463271138,0.7810112094403006,0.8241459238772293,0.7522536095417451,0.7685615218898196,0.8039736946009062,0.7176271186440678,0.7399801538121111,0.0693039583506595,0.7239930629730225,0.19379473481774076,0.020311775021650567,0.05198255395936312,0.6064355373382568,11,teacherA_member,0,23.5
teacherA_1,test_w36-39,all,all,1.295048967651576,100000,100000,0.86242,0.774572716552348,0.8280526365,0.70852,0.7610562795,0.8073135403,0.69506,0.7325553022,0.08437472654193642,0.8510292768478394,0.21952986886997955,0.023865135930443784,0.06446365930274132,0.7010965347290039,11,teacherA_member,1,23.5
teacherA_1,test_w36-39,all,near,1.295048967651576,100000,12548,0.86242,0.774572716552348,0.7634489751354797,0.7908830092445012,0.7096715293273829,0.7782402223461906,0.7442620337902455,0.7095985312400384,0.08437472654193642,0.8510292768478394,0.21952986886997955,0.023865135930443784,0.06446365930274132,0.7010965347290039,11,teacherA_member,1,23.5
teacherA_1,test_w36-39,all,far,1.295048967651576,100000,87452,0.86242,0.774572716552348,0.8373222557517266,0.6967021909161597,0.7684291908704202,0.8114851086310204,0.6880002744362622,0.7358492412980835,0.08437472654193642,0.8510292768478394,0.21952986886997955,0.023865135930443784,0.06446365930274132,0.7010965347290039,11,teacherA_member,1,23.5
teacherA_1,test_w36-39,ge5,all,1.295048967651576,95184,91735,0.8720583291309464,0.7790754074398412,0.8309729477277852,0.7073854036082193,0.7681883220772032,0.8179897771022074,0.6713577151577914,0.7458322684782095,0.07864997801110263,0.7858396172523499,0.2057778201374933,0.02192957552266582,0.06054613369220054,0.6466709971427917,11,teacherA_member,1,23.5
teacherA_1,test_w36-39,ge5,near,1.295048967651576,95184,12085,0.8720583291309464,0.7790754074398412,0.7689442217370612,0.7879189077368639,0.7182067102157053,0.7870844800790167,0.7208109226313612,0.7212630608691322,0.07864997801110263,0.7858396172523499,0.2057778201374933,0.02192957552266582,0.06054613369220054,0.6466709971427917,11,teacherA_member,1,23.5
teacherA_1,test_w36-39,ge5,far,1.295048967651576,95184,79650,0.8720583291309464,0.7790754074398412,0.8403843369757186,0.6951663527934714,0.775771847241625,0.82267892354948,0.6638543628374137,0.7495600635059019,0.07864997801110263,0.7858396172523499,0.2057778201374933,0.02192957552266582,0.06054613369220054,0.6466709971427917,11,teacherA_member,1,23.5
teacherA_2,test_w36-39,all,all,1.2952232464265883,100000,100000,0.86431,0.7682357256185898,0.81985043365,0.73388,0.7576277007000002,0.7996822243499999,0.6818,0.726866783,0.08095885761827228,0.8145325779914856,0.21417167791464825,0.02268789579726169,0.060817428490668526,0.6740556359291077,11,teacherA_member,2,23.5
teacherA_2,test_w36-39,all,near,1.2952232464265883,100000,12548,0.86431,0.7682357256185898,0.7594052243385401,0.8054670066942939,0.7090473661141218,0.7752594867708001,0.7168473063436405,0.7071281112527892,0.08095885761827228,0.8145325779914856,0.21417167791464825,0.02268789579726169,0.060817428490668526,0.6740556359291077,11,teacherA_member,2,23.5
teacherA_2,test_w36-39,all,far,1.2952232464265883,100000,87452,0.86431,0.7682357256185898,0.828523379796917,0.7236083794538718,0.7645982221104148,0.803186506826602,0.6767712573754745,0.7296989749805607,0.08095885761827228,0.8145325779914856,0.21417167791464825,0.02268789579726169,0.060817428490668526,0.6740556359291077,11,teacherA_member,2,23.5
teacherA_2,test_w36-39,ge5,all,1.2952232464265883,95184,91735,0.8739073793914943,0.7729530355498415,0.8225678481065913,0.720346650678585,0.7641361221827183,0.8045038813637141,0.648051452553551,0.7349425359143864,0.07601412148448924,0.752357542514801,0.20073825354764005,0.020894444224723304,0.05740033937682322,0.6221879124641418,11,teacherA_member,2,23.5
teacherA_2,test_w36-39,ge5,near,1.2952232464265883,95184,12085,0.8739073793914943,0.7729530355498415,0.7651591672750304,0.7906495655771618,0.7173323642284755,0.7823409775569239,0.689201489449731,0.7173583001019632,0.07601412148448924,0.752357542514801,0.20073825354764005,0.020894444224723304,0.05740033937682322,0.6221879124641418,11,teacherA_member,2,23.5
teacherA_2,test_w36-39,ge5,far,1.2952232464265883,95184,79650,0.8739073793914943,0.7729530355498415,0.8312782549848012,0.7096798493408663,0.7712374833236728,0.8078665768126163,0.6418079096045197,0.7376105269977905,0.07601412148448924,0.752357542514801,0.20073825354764005,0.020894444224723304,0.05740033937682322,0.6221879124641418,11,teacherA_member,2,23.5
teacherA_3,test_w36-39,all,all,1.2918790117432906,100000,100000,0.87113,0.7751615037382645,0.81783917785,0.73491,0.7592575402000001,0.8028900118,0.71274,0.7343953258000001,0.0742894779472053,0.7574632167816162,0.2042234148117479,0.02252152636450702,0.05488025656148794,0.6304500102996826,11,teacherA_member,3,23.5
teacherA_3,test_w36-39,all,near,1.2918790117432906,100000,12548,0.87113,0.7751615037382645,0.7529455004781638,0.8045903729678037,0.7059376546063117,0.7634681180267773,0.7547019445329933,0.7020231032833918,0.0742894779472053,0.7574632167816162,0.2042234148117479,0.02252152636450702,0.05488025656148794,0.6304500102996826,11,teacherA_member,3,23.5
teacherA_3,test_w36-39,all,far,1.2918790117432906,100000,87452,0.87113,0.7751615037382645,0.8271504098819923,0.7249119516992178,0.7669081133650459,0.8085464395897178,0.7067191144856607,0.7390402355577916,0.0742894779472053,0.7574632167816162,0.2042234148117479,0.02252152636450702,0.05488025656148794,0.6304500102996826,11,teacherA_member,3,23.5
teacherA_3,test_w36-39,ge5,all,1.2918790117432906,95184,91735,0.8811985207597915,0.77996748656291,0.8208415592189137,0.7152231972529569,0.7660758295450465,0.8108503789061,0.6616340546138333,0.7454773815151577,0.06922067287660591,0.6972851753234863,0.1899426161877538,0.020589987667891333,0.05140009226979131,0.5795704126358032,11,teacherA_member,3,23.5
teacherA_3,test_w36-39,ge5,near,1.2918790117432906,95184,12085,0.8811985207597915,0.77996748656291,0.7590608252827284,0.7898220935043442,0.7147875459541533,0.7713746901413358,0.7251137774100124,0.7133029879962303,0.06922067287660591,0.6972851753234863,0.1899426161877538,0.020589987667891333,0.05140009226979131,0.5795704126358032,11,teacherA_member,3,23.5
teacherA_3,test_w36-39,ge5,far,1.2918790117432906,95184,79650,0.8811985207597915,0.77996748656291,0.8302153215493444,0.7039045825486503,0.7738576111796472,0.8168398792039302,0.6520025109855618,0.7503590832813377,0.06922067287660591,0.6972851753234863,0.1899426161877538,0.020589987667891333,0.05140009226979131,0.5795704126358032,11,teacherA_member,3,23.5
teacherA_4,test_w36-39,all,all,1.2965102575076488,100000,100000,0.86365,0.7707057222752765,0.81445219775,0.7522,0.7518391866000002,0.7954486579,0.7562,0.7256162454,0.08308012682616708,0.8328548669815063,0.21671881581147048,0.022573489138373617,0.0633584914055467,0.6862764358520508,11,teacherA_member,4,23.5
teacherA_4,test_w36-39,all,near,1.2965102575076488,100000,12548,0.86365,0.7707057222752765,0.7579082264105834,0.8013229199872489,0.7054447011475933,0.7793894955371374,0.7594038890659867,0.7128883224418235,0.08308012682616708,0.8328548669815063,0.21671881581147048,0.022573489138373617,0.0633584914055467,0.6862764358520508,11,teacherA_member,4,23.5
teacherA_4,test_w36-39,all,far,1.2965102575076488,100000,87452,0.86365,0.7707057222752765,0.8225653770068152,0.7451516260348534,0.7584960727027399,0.7977528975895348,0.7557402918172255,0.7274425041165438,0.08308012682616708,0.8328548669815063,0.21671881581147048,0.022573489138373617,0.0633584914055467,0.6862764358520508,11,teacherA_member,4,23.5
teacherA_4,test_w36-39,ge5,all,1.2965102575076488,95184,91735,0.8734451168263574,0.7764235570664919,0.8166334288253447,0.7583365127813811,0.7586535024461616,0.8027236179039431,0.6840355371450373,0.7365261772769345,0.07703812853952159,0.7683104276657104,0.20205856516551965,0.020528780381978855,0.05901804791018557,0.6327879428863525,11,teacherA_member,4,23.5
teacherA_4,test_w36-39,ge5,near,1.2965102575076488,95184,12085,0.8734451168263574,0.7764235570664919,0.7628298247835884,0.8010757136946628,0.7138262286391993,0.7876698611066775,0.7110467521721142,0.7248756766329829,0.07703812853952159,0.7683104276657104,0.20205856516551965,0.020528780381978855,0.05901804791018557,0.6327879428863525,11,teacherA_member,4,23.5
teacherA_4,test_w36-39,ge5,far,1.2965102575076488,95184,79650,0.8734451168263574,0.7764235570664919,0.8247968507317429,0.7518518518518519,0.7654549789553537,0.805007668762637,0.6799372253609541,0.7382938646627745,0.07703812853952159,0.7683104276657104,0.20205856516551965,0.020528780381978855,0.05901804791018557,0.6327879428863525,11,teacherA_member,4,23.5
teacherA,test_w36-39,all,all,1.065888886650108,100000,100000,0.87369,0.780993170966899,0.8406530297499999,0.68889,0.7785994054,0.8124336511,0.68179,0.7445593947000001,0.054880109355524134,0.6521565318107605,0.19086927355626135,0.01880347684980081,0.04994142104946073,0.6250990033149719,11,teacherA,,23.5
teacherA,test_w36-39,all,near,1.065888886650108,100000,12548,0.87369,0.780993170966899,0.7928296457602806,0.7475294867708001,0.7401219429391138,0.7881020365795345,0.7329454893210073,0.7254823414089895,0.054880109355524134,0.6521565318107605,0.19086927355626135,0.01880347684980081,0.04994142104946073,0.6250990033149719,11,teacherA,,23.5
teacherA,test_w36-39,all,far,1.065888886650108,100000,87452,0.87369,0.780993170966899,0.8475149405388098,0.680476146914879,0.7841203220052144,0.8159248588368477,0.674449983991218,0.7472966547363126,0.054880109355524134,0.6521565318107605,0.19086927355626135,0.01880347684980081,0.04994142104946073,0.6250990033149719,11,teacherA,,23.5
teacherA,test_w36-39,ge5,all,1.065888886650108,95184,91735,0.8837514708354345,0.7859644849392532,0.8438236107158847,0.6570665503897095,0.7862678312613116,0.8210019327796196,0.6416089823949419,0.756124719932108,0.04889812911881776,0.5888287425041199,0.1763266656110727,0.016961565670839087,0.044274766761233444,0.5648356080055237,11,teacherA,,23.5
teacherA,test_w36-39,ge5,near,1.065888886650108,95184,12085,0.8837514708354345,0.7859644849392532,0.7976935819901516,0.7250310302027306,0.7487967359502399,0.7972361507790707,0.7024410426148118,0.7377407957293595,0.04889812911881776,0.5888287425041199,0.1763266656110727,0.016961565670839087,0.044274766761233444,0.5648356080055237,11,teacherA,,23.5
teacherA,test_w36-39,ge5,far,1.065888886650108,95184,79650,0.8837514708354345,0.7859644849392532,0.8508227494120615,0.6467545511613308,0.7919531820062494,0.824607827010337,0.6323791588198368,0.7589140447781871,0.04889812911881776,0.5888287425041199,0.1763266656110727,0.016961565670839087,0.044274766761233444,0.5648356080055237,11,teacherA,,23.5
teacherB,test_w36-39,all,all,1.4075419166759908,100000,100000,0.86663,0.7701675773358468,0.8221707823000001,0.69964,0.7600933784,0.81389402985,0.65944,0.7402618425000002,0.09083878754705195,0.8940309882164001,0.219665866033441,0.02207153302935654,0.06773330570563676,0.6835542917251587,11,teacherB,,23.5
teacherB,test_w36-39,all,near,1.4075419166759908,100000,12548,0.86663,0.7701675773358468,0.7318319959356073,0.8125597704813516,0.6891017341408989,0.7514728135957921,0.7315906917437042,0.6891840875039847,0.09083878754705195,0.8940309882164001,0.219665866033441,0.02207153302935654,0.06773330570563676,0.6835542917251587,11,teacherB,,23.5
teacherB,test_w36-39,all,far,1.4075419166759908,100000,87452,0.86663,0.7701675773358468,0.8351329911837351,0.6834377715775511,0.7702795737090061,0.8228505022183598,0.6490874994282578,0.7475907048438,0.09083878754705195,0.8940309882164001,0.219665866033441,0.02207153302935654,0.06773330570563676,0.6835542917251587,11,teacherB,,23.5
teacherB,test_w36-39,ge5,all,1.4075419166759908,95184,91735,0.8761556564128425,0.7751071555885837,0.8244465519711649,0.7140785959557421,0.7674106464009138,0.8199200241120398,0.6334768627023492,0.7501065352163141,0.08478291342396566,0.8316133618354797,0.20541008478928077,0.02004417195144245,0.06417190374414827,0.6342954635620117,11,teacherB,,23.5
teacherB,test_w36-39,ge5,near,1.4075419166759908,95184,12085,0.8761556564128425,0.7751071555885837,0.7382479735871025,0.8153082333471245,0.6986211493738704,0.7597204309482622,0.7036822507240381,0.7006535581055715,0.08478291342396566,0.8316133618354797,0.20541008478928077,0.02004417195144245,0.06417190374414827,0.6342954635620117,11,teacherB,,23.5
teacherB,test_w36-39,ge5,far,1.4075419166759908,95184,79650,0.8761556564128425,0.7751071555885837,0.837525143556493,0.6987193973634651,0.7778478224407358,0.8290538857992242,0.6228248587570622,0.757609852584592,0.08478291342396566,0.8316133618354797,0.20541008478928077,0.02004417195144245,0.06417190374414827,0.6342954635620117,11,teacherB,,23.5
teacherA_0,test_w40-43,all,all,1.278234194612443,100000,100000,0.86217,0.7709184002525512,0.8050688935,0.77447,0.7438666405000001,0.7860586634000001,0.74508,0.7165131359,0.08047404083639388,0.8412264585494995,0.21973144137935469,0.02421257510934643,0.061099855206757744,0.7025724053382874,11,teacherA_member,0,27.5
teacherA_0,test_w40-43,all,near,1.278234194612443,100000,10904,0.86217,0.7709184002525512,0.7454121955245782,0.8360234776228906,0.6953541498532648,0.7629220859317682,0.7870506236243581,0.6992870882245048,0.08047404083639388,0.8412264585494995,0.21973144137935469,0.02421257510934643,0.061099855206757744,0.7025724053382874,11,teacherA_member,0,27.5
teacherA_0,test_w40-43,all,far,1.278234194612443,100000,89096,0.86217,0.7709184002525512,0.8123699691344168,0.7669367872856245,0.7498038340666245,0.7888902298082967,0.7399434318038969,0.7186213430457035,0.08047404083639388,0.8412264585494995,0.21973144137935469,0.02421257510934643,0.061099855206757744,0.7025724053382874,11,teacherA_member,0,27.5
teacherA_0,test_w40-43,ge5,all,1.278234194612443,95288,93977,0.8706342876332802,0.7765498261429237,0.8106223447668756,0.7568766825925493,0.7522504136463967,0.7958700707606192,0.7244964193366462,0.7286724246465801,0.0761301647507367,0.7795937657356262,0.20734981368552374,0.022394832702545914,0.05818547336765442,0.650951087474823,11,teacherA_member,0,27.5
teacherA_0,test_w40-43,ge5,near,1.278234194612443,95288,10557,0.8706342876332802,0.7765498261429237,0.7515749559819458,0.8193615610495406,0.7038616977832346,0.7720996821990369,0.767737046509425,0.7110706912283278,0.0761301647507367,0.7795937657356262,0.20734981368552374,0.022394832702545914,0.05818547336765442,0.650951087474823,11,teacherA_member,0,27.5
teacherA_0,test_w40-43,ge5,far,1.278234194612443,95288,83420,0.8706342876332802,0.7765498261429237,0.8180949326762799,0.7489690721649485,0.7583741210710838,0.7988782701378023,0.7190242148165907,0.7308999659999307,0.0761301647507367,0.7795937657356262,0.20734981368552374,0.022394832702545914,0.05818547336765442,0.650951087474823,11,teacherA_member,0,27.5
teacherA_1,test_w40-43,all,all,1.295048967651576,100000,100000,0.85664,0.7663143880659834,0.81844734695,0.71667,0.7495104432,0.7995701977999999,0.70071,0.7227298174,0.0884057546325773,0.9053040742874146,0.22949515821821645,0.026128496368751215,0.06791261546880006,0.7442866563796997,11,teacherA_member,1,27.5
teacherA_1,test_w40-43,all,near,1.295048967651576,100000,10904,0.85664,0.7663143880659834,0.7435873225421863,0.8126375641966251,0.6901359436903889,0.7590182685253118,0.7680667644900954,0.6916279860601614,0.0884057546325773,0.9053040742874146,0.22949515821821645,0.026128496368751215,0.06791261546880006,0.7442866563796997,11,teacherA_member,1,27.5
teacherA_1,test_w40-43,all,far,1.295048967651576,100000,89096,0.85664,0.7663143880659834,0.827609079307713,0.7049250246924665,0.7567769820193947,0.8045331393104067,0.6924665529316693,0.7265362101553381,0.0884057546325773,0.9053040742874146,0.22949515821821645,0.026128496368751215,0.06791261546880006,0.7442866563796997,11,teacherA_member,1,27.5
teacherA_1,test_w40-43,ge5,all,1.295048967651576,95288,93977,0.8648833011501973,0.7726381431612068,0.8239705810895358,0.7107270927993019,0.7578566955722333,0.8113263254718435,0.6812624365536248,0.7366309681454979,0.08384313951910666,0.843017578125,0.21760825986724674,0.02428180008471144,0.06501091143688548,0.6925005316734314,11,teacherA_member,1,27.5
teacherA_1,test_w40-43,ge5,near,1.295048967651576,95288,10557,0.8648833011501973,0.7726381431612068,0.749219557360582,0.8106469640996495,0.698183050490182,0.7683206270445688,0.7531495690063466,0.7033560252733904,0.08384313951910666,0.843017578125,0.21760825986724674,0.02428180008471144,0.06501091143688548,0.6925005316734314,11,teacherA_member,1,27.5
teacherA_1,test_w40-43,ge5,far,1.295048967651576,95288,83420,0.8648833011501973,0.7726381431612068,0.8334305014624268,0.6980819947254855,0.765408537709985,0.8167687991987282,0.6721649484536083,0.7408419915439735,0.08384313951910666,0.843017578125,0.21760825986724674,0.02428180008471144,0.06501091143688548,0.6925005316734314,11,teacherA_member,1,27.5
teacherA_2,test_w40-43,all,all,1.2952232464265883,100000,100000,0.85747,0.7625708139675279,0.80935202895,0.74313,0.7446433379999999,0.7912306447499999,0.69463,0.7158625031000001,0.0858577631263435,0.863623857498169,0.22575433804632103,0.024886986205100787,0.06493127928584813,0.7132866978645325,11,teacherA_member,2,27.5
teacherA_2,test_w40-43,all,near,1.2952232464265883,100000,10904,0.85747,0.7625708139675279,0.739895098129127,0.8298789435069699,0.6897112481658106,0.7588104296588407,0.7493580337490829,0.6907856337123991,0.0858577631263435,0.863623857498169,0.22575433804632103,0.024886986205100787,0.06493127928584813,0.7132866978645325,11,teacherA_member,2,27.5
teacherA_2,test_w40-43,all,far,1.2952232464265883,100000,89096,0.85747,0.7625708139675279,0.8178525045456587,0.7325132441411512,0.751366193207327,0.7951983876941725,0.6879321181646763,0.718931531830834,0.0858577631263435,0.863623857498169,0.22575433804632103,0.024886986205100787,0.06493127928584813,0.7132866978645325,11,teacherA_member,2,27.5
teacherA_2,test_w40-43,ge5,all,1.2952232464265883,95288,93977,0.8656703887163126,0.7687877671552696,0.8148480292440704,0.7284973982995839,0.7525604691561766,0.7987375487638786,0.669280781467806,0.7258667026329911,0.08197922233828978,0.8078457713127136,0.21424298567468017,0.023157575026418898,0.06257372255625589,0.6665498614311218,11,teacherA_member,2,27.5
teacherA_2,test_w40-43,ge5,near,1.2952232464265883,95288,10557,0.8656703887163126,0.7687877671552696,0.7458589412276697,0.8214454864071232,0.6976701878008479,0.7665488213843465,0.7289949796343658,0.7011119973929342,0.08197922233828978,0.8078457713127136,0.21424298567468017,0.023157575026418898,0.06257372255625589,0.6665498614311218,11,teacherA_member,2,27.5
teacherA_2,test_w40-43,ge5,far,1.2952232464265883,95288,83420,0.8656703887163126,0.7687877671552696,0.8235787629073303,0.716734596020139,0.7595069652035058,0.8028111090005812,0.6617238072404699,0.7289994696339416,0.08197922233828978,0.8078457713127136,0.21424298567468017,0.023157575026418898,0.06257372255625589,0.6665498614311218,11,teacherA_member,2,27.5
teacherA_3,test_w40-43,all,all,1.2918790117432906,100000,100000,0.86387,0.7706232044307528,0.8090769017,0.74891,0.7472426303,0.79364597635,0.71535,0.7217612756999999,0.08119238614708182,0.8287570476531982,0.21704281674826034,0.024848573653055595,0.06116951719515029,0.6861760020256042,11,teacherA_member,3,27.5
teacherA_3,test_w40-43,all,near,1.2918790117432906,100000,10904,0.86387,0.7706232044307528,0.7310099821166545,0.8302457813646368,0.683545448459281,0.7382667149669846,0.7886096845194424,0.6772605649303008,0.08119238614708182,0.8287570476531982,0.21704281674826034,0.024848573653055595,0.06116951719515029,0.6861760020256042,11,teacherA_member,3,27.5
teacherA_3,test_w40-43,all,far,1.2918790117432906,100000,89096,0.86387,0.7706232044307528,0.8186311094212984,0.7389557331417796,0.7550381999191884,0.800423558577265,0.7063841249887761,0.7272074882149592,0.08119238614708182,0.8287570476531982,0.21704281674826034,0.024848573653055595,0.06116951719515029,0.6861760020256042,11,teacherA_member,3,27.5
teacherA_3,test_w40-43,ge5,all,1.2918790117432906,95288,93977,0.872502308790194,0.7763103021861752,0.8142861596502025,0.7269544675824936,0.7553757059814018,0.803079263992616,0.6678336188641901,0.7339445056814682,0.07685572800005469,0.7717512249946594,0.20458023320480434,0.022957504264368923,0.05844986189801684,0.6381421089172363,11,teacherA_member,3,27.5
teacherA_3,test_w40-43,ge5,near,1.2918790117432906,95288,10557,0.872502308790194,0.7763103021861752,0.7368634973381365,0.8150989864544852,0.6918537848997475,0.7462324746805677,0.7655583972719523,0.688292391479107,0.07685572800005469,0.7717512249946594,0.20458023320480434,0.022957504264368923,0.05844986189801684,0.6381421089172363,11,teacherA_member,3,27.5
teacherA_3,test_w40-43,ge5,far,1.2918790117432906,95288,83420,0.872502308790194,0.7763103021861752,0.8240841822590308,0.7157995684488132,0.7634145566270385,0.810273360789155,0.6554663150323663,0.7397218896377655,0.07685572800005469,0.7717512249946594,0.20458023320480434,0.022957504264368923,0.05844986189801684,0.6381421089172363,11,teacherA_member,3,27.5
teacherA_4,test_w40-43,all,all,1.2965102575076488,100000,100000,0.85655,0.766860405349558,0.8013986178500001,0.76998,0.7376264108,0.7830998092499999,0.77008,0.7120453869,0.08825912533938882,0.8809099793434143,0.22862400918753736,0.025011346873970147,0.06779967829637232,0.7249860167503357,11,teacherA_member,4,27.5
teacherA_4,test_w40-43,all,near,1.2965102575076488,100000,10904,0.85655,0.766860405349558,0.7399267470652972,0.8163059427732942,0.6869250907923697,0.7617495850146735,0.7946625091709465,0.6956126659941306,0.08825912533938882,0.8809099793434143,0.22862400918753736,0.025011346873970147,0.06779967829637232,0.7249860167503357,11,teacherA_member,4,27.5
teacherA_4,test_w40-43,all,far,1.2965102575076488,100000,89096,0.85655,0.766860405349558,0.8089218431242705,0.7643104067522672,0.7438314839050013,0.7857127530977821,0.7670714734668223,0.7140565028733054,0.08825912533938882,0.8809099793434143,0.22862400918753736,0.025011346873970147,0.06779967829637232,0.7249860167503357,11,teacherA_member,4,27.5
teacherA_4,test_w40-43,ge5,all,1.2965102575076488,95288,93977,0.8648937956510788,0.7730565748671726,0.806620614928469,0.7701671685625207,0.7461194185136036,0.7933366420549937,0.7083754535684263,0.7249119241612524,0.08333674379474376,0.8226760029792786,0.21591069047629305,0.023026132139600718,0.06455596153985671,0.6765377521514893,11,teacherA_member,4,27.5
teacherA_4,test_w40-43,ge5,near,1.2965102575076488,95288,10557,0.8648937956510788,0.7730565748671726,0.7450827368476537,0.8151937103343753,0.6949968725055305,0.7708396213853677,0.7524865018471156,0.7076950963003712,0.08333674379474376,0.8226760029792786,0.21591069047629305,0.023026132139600718,0.06455596153985671,0.6765377521514893,11,teacherA_member,4,27.5
teacherA_4,test_w40-43,ge5,far,1.2965102575076488,95288,83420,0.8648937956510788,0.7730565748671726,0.8144083801993773,0.7644689522896188,0.7525890986647331,0.7961836936878066,0.7027930951810117,0.727090754798118,0.08333674379474376,0.8226760029792786,0.21591069047629305,0.023026132139600718,0.06455596153985671,0.6765377521514893,11,teacherA_member,4,27.5
teacherA,test_w40-43,all,all,1.065888886650108,100000,100000,0.86743,0.7764996370043135,0.83020606235,0.70033,0.7660295719999999,0.8031469847,0.69474,0.7330374421000001,0.05855704986006025,0.6976408362388611,0.2011064384708018,0.020848791861963756,0.053439498540013994,0.6682316660881042,11,teacherA,,27.5
teacherA,test_w40-43,all,near,1.065888886650108,100000,10904,0.86743,0.7764996370043135,0.7716978604181951,0.7808143800440206,0.7192875596111519,0.7687268644534115,0.7673330887747616,0.706663515223771,0.05855704986006025,0.6976408362388611,0.2011064384708018,0.020848791861963756,0.053439498540013994,0.6682316660881042,11,teacherA,,27.5
teacherA,test_w40-43,all,far,1.065888886650108,100000,89096,0.86743,0.7764996370043135,0.8373665794760707,0.6904799317590016,0.7717500858624405,0.8073594857232649,0.6858557062045434,0.7362652110083506,0.05855704986006025,0.6976408362388611,0.2011064384708018,0.020848791861963756,0.053439498540013994,0.6682316660881042,11,teacherA,,27.5
teacherA,test_w40-43,ge5,all,1.065888886650108,95288,93977,0.8760179665855092,0.7822549439380652,0.8352081922328072,0.6790916926482011,0.7745109403793111,0.813658010667322,0.6565116996711962,0.7459110309169361,0.053581806902762166,0.6391506791114807,0.18839147964512623,0.01908858262249468,0.04878092144879684,0.612575352191925,11,teacherA,,27.5
teacherA,test_w40-43,ge5,near,1.065888886650108,95288,10557,0.8760179665855092,0.7822549439380652,0.776448379895198,0.7675475987496447,0.7272255642391214,0.7783447899842113,0.7414985317798617,0.7189077661867272,0.053581806902762166,0.6391506791114807,0.18839147964512623,0.01908858262249468,0.04878092144879684,0.612575352191925,11,teacherA,,27.5
teacherA,test_w40-43,ge5,far,1.065888886650108,95288,83420,0.8760179665855092,0.7822549439380652,0.8426443866567839,0.6678973867178135,0.7804950175300185,0.8181269829851306,0.6457564133301367,0.7493283584853466,0.053581806902762166,0.6391506791114807,0.18839147964512623,0.01908858262249468,0.04878092144879684,0.612575352191925,11,teacherA,,27.5
teacherB,test_w40-43,all,all,1.4075419166759908,100000,100000,0.85817,0.7647540008897303,0.8137326279499999,0.71855,0.7487968467999999,0.80806982215,0.67499,0.7299494765999999,0.09795725972741842,0.9653909206390381,0.23483796665437642,0.02449220430408064,0.07435542106732726,0.7350709438323975,11,teacherB,,27.5
teacherB,test_w40-43,all,near,1.4075419166759908,100000,10904,0.85817,0.7647540008897303,0.7154058405172413,0.8243763756419662,0.6727171386647103,0.7350633854548789,0.7665994130594277,0.6717557153338225,0.09795725972741842,0.9653909206390381,0.23483796665437642,0.02449220430408064,0.07435542106732726,0.7350709438323975,11,teacherB,,27.5
teacherB,test_w40-43,all,far,1.4075419166759908,100000,89096,0.85817,0.7647540008897303,0.825766336423633,0.7055984555984556,0.7581078499595941,0.8170047034659244,0.6637783963365359,0.737071510954476,0.09795725972741842,0.9653909206390381,0.23483796665437642,0.02449220430408064,0.07435542106732726,0.7350709438323975,11,teacherB,,27.5
teacherB,test_w40-43,ge5,all,1.4075419166759908,95288,93977,0.8659747292418772,0.7702991318473493,0.8193739972412113,0.7116528512295561,0.7576127939333178,0.8166016618824345,0.6458388754695298,0.7412364444074178,0.09365470528736461,0.9054931402206421,0.22311326590876343,0.02253837501276417,0.07242011848373317,0.6877807378768921,11,teacherB,,27.5
teacherB,test_w40-43,ge5,near,1.4075419166759908,95288,10557,0.8659747292418772,0.7702991318473493,0.7222485424741726,0.8201193520886616,0.682044155324673,0.7439339891182614,0.7431088377379937,0.6831250839450722,0.09365470528736461,0.9054931402206421,0.22311326590876343,0.02253837501276417,0.07242011848373317,0.6877807378768921,11,teacherB,,27.5
teacherB,test_w40-43,ge5,far,1.4075419166759908,95288,83420,0.8659747292418772,0.7702991318473493,0.8316654552366035,0.6979261567969312,0.7671761854196696,0.825797929220859,0.6335291297051067,0.7485905756996857,0.09365470528736461,0.9054931402206421,0.22311326590876343,0.02253837501276417,0.07242011848373317,0.6877807378768921,11,teacherB,,27.5
teacherA_0,test_w44-47,all,all,1.278234194612443,100000,100000,0.83662,0.7458925228234101,0.789529069,0.79483,0.7168088543,0.7687992801499999,0.79946,0.6907523371,0.09786335240095854,1.031337857246399,0.25968247064581357,0.03135776131077447,0.07553259970098732,0.8585374355316162,11,teacherA_member,0,31.5
teacherA_0,test_w44-47,all,near,1.278234194612443,100000,10628,0.83662,0.7458925228234101,0.7226610401768913,0.8505833646970267,0.6641032094467445,0.7397338031614602,0.8270605946556266,0.6691196480993602,0.09786335240095854,1.031337857246399,0.25968247064581357,0.03135776131077447,0.07553259970098732,0.8585374355316162,11,teacherA_member,0,31.5
teacherA_0,test_w44-47,all,far,1.278234194612443,100000,89372,0.83662,0.7458925228234101,0.7974809265206104,0.7881998836324576,0.7230765398558833,0.7722557082195767,0.7961777737994002,0.6933248678557042,0.09786335240095854,1.031337857246399,0.25968247064581357,0.03135776131077447,0.07553259970098732,0.8585374355316162,11,teacherA_member,0,31.5
teacherA_0,test_w44-47,ge5,all,1.278234194612443,94936,92436,0.8451799106766664,0.7529363129740986,0.7928525019629824,0.7839478125405686,0.7238830533844242,0.7761512691452797,0.7720909602319442,0.7011607401339647,0.09320445050201095,0.9455648064613342,0.24709911845523486,0.02866854927707939,0.0722171552607974,0.7880304455757141,11,teacherA_member,0,31.5
teacherA_0,test_w44-47,ge5,near,1.278234194612443,94936,10310,0.8451799106766664,0.7529363129740986,0.7281652892791648,0.8402521823472356,0.6726082616114571,0.7486542258455071,0.8065955383123181,0.6810472563393976,0.09320445050201095,0.9455648064613342,0.24709911845523486,0.02866854927707939,0.0722171552607974,0.7880304455757141,11,teacherA_member,0,31.5
teacherA_0,test_w44-47,ge5,far,1.278234194612443,94936,82126,0.8451799106766664,0.7529363129740986,0.8009732574213044,0.7768794291698122,0.7303200295330162,0.7796032151358387,0.7677592966904513,0.7036857628785522,0.09320445050201095,0.9455648064613342,0.24709911845523486,0.02866854927707939,0.0722171552607974,0.7880304455757141,11,teacherA_member,0,31.5
teacherA_1,test_w44-47,all,all,1.295048967651576,100000,100000,0.83398,0.7410655305204196,0.80197896755,0.76686,0.7230998442000001,0.78235958415,0.76727,0.6979132416,0.10205168952070179,1.1197057962417603,0.26657181950315995,0.0335481315996799,0.07880470190718769,0.917881190776825,11,teacherA_member,1,31.5
teacherA_1,test_w44-47,all,near,1.295048967651576,100000,10628,0.83398,0.7410655305204196,0.7199885147722995,0.8402333458788107,0.6596429845690629,0.7367171556266466,0.8025969138125706,0.6626393103123824,0.10205168952070179,1.1197057962417603,0.26657181950315995,0.0335481315996799,0.07880470190718769,0.917881190776825,11,teacherA_member,1,31.5
teacherA_1,test_w44-47,all,far,1.295048967651576,100000,89372,0.83398,0.7410655305204196,0.8117291637201809,0.7581345387817213,0.7306460499932864,0.7877873213646333,0.7630689701472497,0.7021079708409792,0.10205168952070179,1.1197057962417603,0.26657181950315995,0.0335481315996799,0.07880470190718769,0.917881190776825,11,teacherA_member,1,31.5
teacherA_1,test_w44-47,ge5,all,1.295048967651576,94936,92436,0.8422094884975141,0.7482995640591503,0.8060412417474871,0.7590440953740967,0.7307866839151892,0.7915588689276819,0.7383595136094162,0.7100264392606351,0.0969718223347572,1.0320395231246948,0.25398512226483044,0.03048797628846956,0.07527078391097755,0.846721887588501,11,teacherA_member,1,31.5
teacherA_1,test_w44-47,ge5,near,1.295048967651576,94936,10310,0.8422094884975141,0.7482995640591503,0.7245311201330427,0.8406401551891367,0.6677651234254337,0.7453619793235355,0.7805043646944714,0.674367386366042,0.0969718223347572,1.0320395231246948,0.25398512226483044,0.03048797628846956,0.07527078391097755,0.846721887588501,11,teacherA_member,1,31.5
teacherA_1,test_w44-47,ge5,far,1.295048967651576,94936,82126,0.8422094884975141,0.7482995640591503,0.816273925110185,0.7488006234322869,0.7386983353854835,0.7973583712998753,0.7330686993156856,0.7145030341921218,0.0969718223347572,1.0320395231246948,0.25398512226483044,0.03048797628846956,0.07527078391097755,0.846721887588501,11,teacherA_member,1,31.5
teacherA_2,test_w44-47,all,all,1.2952232464265883,100000,100000,0.83241,0.7368573764969182,0.79752739545,0.78787,0.7194718525,0.7761567888,0.76228,0.6907250147999999,0.10370481617435816,1.0985137224197388,0.2679646248457489,0.03340212062419021,0.08050954856261608,0.9013563990592957,11,teacherA_member,2,31.5
teacherA_2,test_w44-47,all,near,1.2952232464265883,100000,10628,0.83241,0.7368573764969182,0.7228585307677832,0.8572638313887844,0.6622848908543469,0.7406906459352653,0.8021264584117426,0.663639539894618,0.10370481617435816,1.0985137224197388,0.2679646248457489,0.03340212062419021,0.08050954856261608,0.9013563990592957,11,teacherA_member,2,31.5
teacherA_2,test_w44-47,all,far,1.2952232464265883,100000,89372,0.83241,0.7368573764969182,0.806406918050396,0.77961777737994,0.7262724503200109,0.7803743755874323,0.7575415118829163,0.693945983641409,0.10370481617435816,1.0985137224197388,0.2679646248457489,0.03340212062419021,0.08050954856261608,0.9013563990592957,11,teacherA_member,2,31.5
teacherA_2,test_w44-47,ge5,all,1.2952232464265883,94936,92436,0.8405241425802646,0.7436234995176543,0.8007213800062934,0.7694188411441429,0.726129771952875,0.781181622104732,0.7392141589856766,0.6989826853133064,0.09969982288051418,1.0204943418502808,0.25604088176884815,0.030634601579917983,0.07791482358342164,0.8374782800674438,11,teacherA_member,2,31.5
teacherA_2,test_w44-47,ge5,near,1.2952232464265883,94936,10310,0.8405241425802646,0.7436234995176543,0.7282737343824544,0.8481086323957323,0.670561465391111,0.7484560112455564,0.7902036857419981,0.6744214694598074,0.09969982288051418,1.0204943418502808,0.25604088176884815,0.030634601579917983,0.07791482358342164,0.8374782800674438,11,teacherA_member,2,31.5
teacherA_2,test_w44-47,ge5,far,1.2952232464265883,94936,82126,0.8405241425802646,0.7436234995176543,0.8098163709516917,0.7595402186883569,0.7331057508225604,0.7852899562249631,0.7328129946667316,0.702066071030979,0.09969982288051418,1.0204943418502808,0.25604088176884815,0.030634601579917983,0.07791482358342164,0.8374782800674438,11,teacherA_member,2,31.5
teacherA_3,test_w44-47,all,all,1.2918790117432906,100000,100000,0.83628,0.7393367159614237,0.7935356401,0.78947,0.7185295926999999,0.7785375875,0.76493,0.6953908274,0.10066294690996411,1.0448743104934692,0.2624515279325006,0.033093382577333075,0.07810164145611226,0.8605983853340149,11,teacherA_member,3,31.5
teacherA_3,test_w44-47,all,near,1.2918790117432906,100000,10628,0.83628,0.7393367159614237,0.7126957339104254,0.8516183665788484,0.6549936065111027,0.7251341781144147,0.8155814828754234,0.6533806576966503,0.10066294690996411,1.0448743104934692,0.2624515279325006,0.033093382577333075,0.07810164145611226,0.8605983853340149,11,teacherA_member,3,31.5
teacherA_3,test_w44-47,all,far,1.2918790117432906,100000,89372,0.83628,0.7393367159614237,0.8031490147921049,0.7820793984693193,0.7260852081188741,0.7848882502909188,0.7589065926688449,0.7003866212012712,0.10066294690996411,1.0448743104934692,0.2624515279325006,0.033093382577333075,0.07810164145611226,0.8605983853340149,11,teacherA_member,3,31.5
teacherA_3,test_w44-47,ge5,all,1.2918790117432906,94936,92436,0.8446848403134743,0.7460069316557257,0.7969687104001096,0.7737894326885629,0.7255743563383781,0.7853435498527515,0.7333181877190705,0.7056059399279894,0.09643716861830487,0.9653809666633606,0.24991510776879233,0.03003070120482898,0.07544854771949523,0.7949062585830688,11,teacherA_member,3,31.5
teacherA_3,test_w44-47,ge5,near,1.2918790117432906,94936,10310,0.8446848403134743,0.7460069316557257,0.7182945550862505,0.8421920465567411,0.6637991936903003,0.733094871938639,0.7974781765276431,0.6647815022987154,0.09643716861830487,0.9653809666633606,0.24991510776879233,0.03003070120482898,0.07544854771949523,0.7949062585830688,11,teacherA_member,3,31.5
teacherA_3,test_w44-47,ge5,far,1.2918790117432906,94936,82126,0.8446848403134743,0.7460069316557257,0.8068453699389389,0.7652022502009108,0.7333295365115471,0.7919027865049019,0.7252636193166597,0.7107309910927582,0.09643716861830487,0.9653809666633606,0.24991510776879233,0.03003070120482898,0.07544854771949523,0.7949062585830688,11,teacherA_member,3,31.5
teacherA_4,test_w44-47,all,all,1.2965102575076488,100000,100000,0.8281,0.7328329654022568,0.7874928486999999,0.7877,0.7104070965,0.7663989936,0.80329,0.6841801962999999,0.10901923481911419,1.0976518392562866,0.2741769630851629,0.033429552980709716,0.08575494651973249,0.8992806077003479,11,teacherA_member,4,31.5
teacherA_4,test_w44-47,all,near,1.2965102575076488,100000,10628,0.8281,0.7328329654022568,0.7222774237862251,0.8201919458035378,0.6585907602559278,0.7418559870154311,0.8066428302596914,0.6652545286036884,0.10901923481911419,1.0976518392562866,0.2741769630851629,0.033429552980709716,0.08575494651973249,0.8992806077003479,11,teacherA_member,4,31.5
teacherA_4,test_w44-47,all,far,1.2965102575076488,100000,89372,0.8281,0.7328329654022568,0.795248180750123,0.7838361007921945,0.7165690266526428,0.7693176154724074,0.8028912858613436,0.6864308116636083,0.10901923481911419,1.0976518392562866,0.2741769630851629,0.033429552980709716,0.08575494651973249,0.8992806077003479,11,teacherA_member,4,31.5
teacherA_4,test_w44-47,ge5,all,1.2965102575076488,94936,92436,0.8362686441392095,0.7399530987136447,0.7903501370549644,0.7886754078497555,0.7175677217073229,0.7739585950504922,0.7823683413388723,0.6951612882023092,0.10410911413908677,1.0196319818496704,0.26154227871048036,0.030280704511948343,0.08251904319780935,0.8355320692062378,11,teacherA_member,4,31.5
teacherA_4,test_w44-47,ge5,near,1.2965102575076488,94936,10310,0.8362686441392095,0.7399530987136447,0.7266225045621628,0.8196896217264792,0.6667373076165783,0.7508184236343365,0.7929194956353055,0.6775723062029966,0.10410911413908677,1.0196319818496704,0.26154227871048036,0.030280704511948343,0.08251904319780935,0.8355320692062378,11,teacherA_member,4,31.5
teacherA_4,test_w44-47,ge5,far,1.2965102575076488,94936,82126,0.8362686441392095,0.7399530987136447,0.7983504279616295,0.7847819204636778,0.7239489112121761,0.7768635845459086,0.7810437620242067,0.6973693880052085,0.10410911413908677,1.0196319818496704,0.26154227871048036,0.030280704511948343,0.08251904319780935,0.8355320692062378,11,teacherA_member,4,31.5
teacherA,test_w44-47,all,all,1.065888886650108,100000,100000,0.84131,0.7489484335815538,0.8129583623000001,0.73639,0.7377271168,0.7861732558000001,0.77653,0.7062464209,0.0728101278489828,0.8691450953483582,0.23791668810894917,0.02812076253220022,0.0668217405588925,0.8316522836685181,11,teacherA,,31.5
teacherA,test_w44-47,all,near,1.065888886650108,100000,10628,0.84131,0.7489484335815538,0.7480545502446369,0.818027850959729,0.6877413916070757,0.7481405160895747,0.821791494166353,0.6772543385397065,0.0728101278489828,0.8691450953483582,0.23791668810894917,0.02812076253220022,0.0668217405588925,0.8316522836685181,11,teacherA,,31.5
teacherA,test_w44-47,all,far,1.065888886650108,100000,89372,0.84131,0.7489484335815538,0.8206766377612675,0.7266817347715168,0.7436713531083561,0.7906960588886899,0.7711475629951215,0.7096941209774874,0.0728101278489828,0.8691450953483582,0.23791668810894917,0.02812076253220022,0.0668217405588925,0.8316522836685181,11,teacherA,,31.5
teacherA,test_w44-47,ge5,all,1.065888886650108,94936,92436,0.8499410128928963,0.7559247454898228,0.8167021462922921,0.7228352589900039,0.7453879052921362,0.7941267336626857,0.7244363667835043,0.7173367102488559,0.06739686162637068,0.7881378531455994,0.22462301289715964,0.02521419858793562,0.061701789754723464,0.7549204230308533,11,teacherA,,31.5
teacherA,test_w44-47,ge5,near,1.065888886650108,94936,10310,0.8499410128928963,0.7559247454898228,0.7520202256630777,0.8134820562560621,0.6956559085146503,0.7575437318454448,0.796023278370514,0.6897648582817791,0.06739686162637068,0.7881378531455994,0.22462301289715964,0.02521419858793562,0.061701789754723464,0.7549204230308533,11,teacherA,,31.5
teacherA,test_w44-47,ge5,far,1.065888886650108,94936,82126,0.8499410128928963,0.7559247454898228,0.8248222373923967,0.7114555682731413,0.7516312007987463,0.7987193200389339,0.7154494313615664,0.7207980476302035,0.06739686162637068,0.7881378531455994,0.22462301289715964,0.02521419858793562,0.061701789754723464,0.7549204230308533,11,teacherA,,31.5
teacherB,test_w44-47,all,all,1.4075419166759908,100000,100000,0.83291,0.7332861176295334,0.8000199072,0.76319,0.7228934350999998,0.790854901,0.75233,0.7054254103,0.11631730883270497,1.1763989925384521,0.27455369096075993,0.03215823612344453,0.08989953555844726,0.8930138349533081,11,teacherB,,31.5
teacherB,test_w44-47,all,near,1.4075419166759908,100000,10628,0.83291,0.7332861176295334,0.695328695897629,0.8630974783590516,0.6445290270982311,0.7130711671998494,0.8066428302596914,0.6435201496048174,0.11631730883270497,1.1763989925384521,0.27455369096075993,0.03215823612344453,0.08989953555844726,0.8930138349533081,11,teacherB,,31.5
teacherB,test_w44-47,all,far,1.4075419166759908,100000,89372,0.83291,0.7332861176295334,0.8124696475406168,0.751309134852079,0.7322124268227185,0.8001048397148994,0.7458711900819048,0.7127871020006266,0.11631730883270497,1.1763989925384521,0.27455369096075993,0.03215823612344453,0.08989953555844726,0.8930138349533081,11,teacherB,,31.5
teacherB,test_w44-47,ge5,all,1.4075419166759908,94936,92436,0.840829611527766,0.7398008966870998,0.8040496306891587,0.7541542256263793,0.730835740128404,0.7979093709490305,0.7167770132848673,0.7155086410206377,0.11189886277789982,1.0998224020004272,0.26249476919307396,0.029022248049946846,0.08777529948466439,0.8337376713752747,11,teacherB,,31.5
teacherB,test_w44-47,ge5,near,1.4075419166759908,94936,10310,0.840829611527766,0.7398008966870998,0.7021478577185534,0.8602327837051407,0.6545067310443743,0.7220433269374101,0.7826382153249273,0.6551532782062296,0.11189886277789982,1.0998224020004272,0.26249476919307396,0.029022248049946846,0.08777529948466439,0.8337376713752747,11,teacherB,,31.5
teacherB,test_w44-47,ge5,far,1.4075419166759908,94936,82126,0.840829611527766,0.7398008966870998,0.8168422576200569,0.7408372500791467,0.7404179928091182,0.8074335035472309,0.7085088766042422,0.7230855812176101,0.11189886277789982,1.0998224020004272,0.26249476919307396,0.029022248049946846,0.08777529948466439,0.8337376713752747,11,teacherB,,31.5
teacherA_0,test_w48-51,all,all,1.278234194612443,100000,100000,0.82528,0.7315202452193275,0.7875069832499999,0.79991,0.7073069960999999,0.7673367971,0.79832,0.680357929,0.10809017840906977,1.2182905673980713,0.282070885908288,0.035921443604390056,0.08547542790383097,1.0053571462631226,11,teacherA_member,0,35.333333333333336
teacherA_0,test_w48-51,all,near,1.278234194612443,100000,10972,0.82528,0.7315202452193275,0.7054886852898286,0.8602807145461174,0.6434777551950419,0.721454748906307,0.8576376230404666,0.6468318200874954,0.10809017840906977,1.2182905673980713,0.282070885908288,0.035921443604390056,0.08547542790383097,1.0053571462631226,11,teacherA_member,0,35.333333333333336
teacherA_0,test_w48-51,all,far,1.278234194612443,100000,89028,0.82528,0.7315202452193275,0.7976150926674754,0.7924697847868086,0.7151734474547333,0.7729913982679606,0.7910095700229142,0.6844897579413218,0.10809017840906977,1.2182905673980713,0.282070885908288,0.035921443604390056,0.08547542790383097,1.0053571462631226,11,teacherA_member,0,35.333333333333336
teacherA_0,test_w48-51,ge5,all,1.278234194612443,94668,93780,0.8350340136054422,0.7392563272591736,0.793148881953696,0.7798357858818511,0.7169361057767806,0.7765298145395715,0.7691405416933248,0.693192652964085,0.10250738204512784,1.096932291984558,0.26697192540723474,0.03216668315376732,0.08106164249279511,0.9070159196853638,11,teacherA_member,0,35.333333333333336
teacherA_0,test_w48-51,ge5,near,1.278234194612443,94668,10675,0.8350340136054422,0.7392563272591736,0.711665333275149,0.8468384074941452,0.6533218904097633,0.7309613530198324,0.8370023419203747,0.659945066248531,0.10250738204512784,1.096932291984558,0.26697192540723474,0.03216668315376732,0.08106164249279511,0.9070159196853638,11,teacherA_member,0,35.333333333333336
teacherA_0,test_w48-51,ge5,far,1.278234194612443,94668,83105,0.8350340136054422,0.7392563272591736,0.8036156033560603,0.7712291679201011,0.7251074763205855,0.7823831726615041,0.7604235605559232,0.6974633705886388,0.10250738204512784,1.096932291984558,0.26697192540723474,0.03216668315376732,0.08106164249279511,0.9070159196853638,11,teacherA_member,0,35.333333333333336
teacherA_1,test_w48-51,all,all,1.295048967651576,100000,100000,0.82048,0.7239548129493687,0.80296395805,0.77009,0.7142377812,0.7836117920500001,0.76351,0.6882104811,0.11552993331372738,1.3023872375488281,0.29176838026438445,0.03907905263567069,0.09210885339349506,1.058793544769287,11,teacherA_member,1,35.333333333333336
teacherA_1,test_w48-51,all,near,1.295048967651576,100000,10972,0.82048,0.7239548129493687,0.7109766168428727,0.8496172074371127,0.6442603645643455,0.7267571554866934,0.8280167699598979,0.6454036310608822,0.11552993331372738,1.3023872375488281,0.29176838026438445,0.03907905263567069,0.09210885339349506,1.058793544769287,11,teacherA_member,1,35.333333333333336
teacherA_1,test_w48-51,all,far,1.295048967651576,100000,89028,0.82048,0.7239548129493687,0.814300673552141,0.7602888978748259,0.722861946803253,0.7906186783371524,0.7555600485240599,0.6934860883092959,0.11552993331372738,1.3023872375488281,0.29176838026438445,0.03907905263567069,0.09210885339349506,1.058793544769287,11,teacherA_member,1,35.333333333333336
teacherA_1,test_w48-51,ge5,all,1.295048967651576,94668,93780,0.8300376051041535,0.7320436022226438,0.8085774623077362,0.7618148859031777,0.7244067062692557,0.7947605164257326,0.7308274685433994,0.7028117411915377,0.10900505919362186,1.1730252504348755,0.2764438101708956,0.03455154873022202,0.08712631670172823,0.9554555416107178,11,teacherA_member,1,35.333333333333336
teacherA_1,test_w48-51,ge5,near,1.295048967651576,94668,10675,0.8300376051041535,0.7320436022226438,0.7160313830392006,0.849367681498829,0.6540535141718984,0.7360190604235644,0.8052459016393443,0.6584704114237663,0.10900505919362186,1.1730252504348755,0.2764438101708956,0.03455154873022202,0.08712631670172823,0.9554555416107178,11,teacherA_member,1,35.333333333333336
teacherA_1,test_w48-51,ge5,far,1.295048967651576,94668,83105,0.8300376051041535,0.7320436022226438,0.8204651874288675,0.750568557848505,0.7334437115714552,0.8023059714864769,0.721268275073702,0.7085074718367572,0.10900505919362186,1.1730252504348755,0.2764438101708956,0.03455154873022202,0.08712631670172823,0.9554555416107178,11,teacherA_member,1,35.333333333333336
teacherA_2,test_w48-51,all,all,1.2952232464265883,100000,100000,0.82017,0.7190787510085633,0.7951302625,0.80477,0.7095994946,0.7720539930999999,0.771,0.6773665443000001,0.11411080606207247,1.2796635627746582,0.29087279136748945,0.03838938419363664,0.09072713316589595,1.042736291885376,11,teacherA_member,2,35.333333333333336
teacherA_2,test_w48-51,all,near,1.2952232464265883,100000,10972,0.82017,0.7190787510085633,0.711053739518775,0.8566350710900474,0.6445697147283995,0.7229839760298943,0.8245534086766314,0.6402213288370397,0.11411080606207247,1.2796635627746582,0.29087279136748945,0.03838938419363664,0.09072713316589595,1.042736291885376,11,teacherA_member,2,35.333333333333336
teacherA_2,test_w48-51,all,far,1.2952232464265883,100000,89028,0.82017,0.7190787510085633,0.8054920319450061,0.798378038369951,0.7176139029294155,0.7781014863301432,0.764399964056252,0.6819443996270836,0.11411080606207247,1.2796635627746582,0.29087279136748945,0.03838938419363664,0.09072713316589595,1.042736291885376,11,teacherA_member,2,35.333333333333336
teacherA_2,test_w48-51,ge5,all,1.2952232464265883,94668,93780,0.8295939493809946,0.7271669988924396,0.8002267740401013,0.7864043506078054,0.7189035612602502,0.7794802648828634,0.7451695457453615,0.6883494520947111,0.10859929024181544,1.1606061458587646,0.27607297270039266,0.03442578086535859,0.08663273674689374,0.9471943378448486,11,teacherA_member,2,35.333333333333336
teacherA_2,test_w48-51,ge5,near,1.2952232464265883,94668,10675,0.8295939493809946,0.7271669988924396,0.7168948126765506,0.8441217798594848,0.6543603614515177,0.7312926134859663,0.8084309133489461,0.6520313247558904,0.10859929024181544,1.1606061458587646,0.27607297270039266,0.03442578086535859,0.08663273674689374,0.9471943378448486,11,teacherA_member,2,35.333333333333336
teacherA_2,test_w48-51,ge5,far,1.2952232464265883,94668,83105,0.8295939493809946,0.7271669988924396,0.8109309276717229,0.7789904337885807,0.727194261674885,0.7856700630738491,0.7370434991877745,0.6930145866755655,0.10859929024181544,1.1606061458587646,0.27607297270039266,0.03442578086535859,0.08663273674689374,0.9471943378448486,11,teacherA_member,2,35.333333333333336
teacherA_3,test_w48-51,all,all,1.2918790117432906,100000,100000,0.82295,0.7227469229710572,0.7907146763999999,0.80655,0.7090773449000001,0.7749690926,0.77316,0.6833095581,0.11122126332670448,1.2129372358322144,0.2840848141012514,0.03724152837302415,0.08840362924739718,0.9928602576255798,11,teacherA_member,3,35.333333333333336
teacherA_3,test_w48-51,all,near,1.2918790117432906,100000,10972,0.82295,0.7227469229710572,0.699902191943128,0.8672985781990521,0.6383100920524972,0.7083318647466278,0.8411410864017499,0.6318448869850528,0.11122126332670448,1.2129372358322144,0.2840848141012514,0.03724152837302415,0.08840362924739718,0.9928602576255798,11,teacherA_member,3,35.333333333333336
teacherA_3,test_w48-51,all,far,1.2918790117432906,100000,89028,0.82295,0.7227469229710572,0.8019066000584085,0.7990632160668554,0.7177988515972502,0.7831816062362403,0.7647818663791167,0.6896521735858383,0.11122126332670448,1.2129372358322144,0.2840848141012514,0.03724152837302415,0.08840362924739718,0.9928602576255798,11,teacherA_member,3,35.333333333333336
teacherA_3,test_w48-51,ge5,all,1.2918790117432906,94668,93780,0.8325410909705497,0.7306194007414485,0.7953918609370869,0.7920238856899126,0.7184199689076496,0.7835424114826206,0.74234378332267,0.6959284203263769,0.10558553628562722,1.0925774574279785,0.26871094430493886,0.03276365118629374,0.08428402598937054,0.895691454410553,11,teacherA_member,3,35.333333333333336
teacherA_3,test_w48-51,ge5,near,1.2918790117432906,94668,10675,0.8325410909705497,0.7306194007414485,0.7059225664169984,0.8594847775175644,0.6485609257012477,0.7166630801156048,0.8260421545667447,0.6442346456379692,0.10558553628562722,1.0925774574279785,0.26871094430493886,0.03276365118629374,0.08428402598937054,0.895691454410553,11,teacherA_member,3,35.333333333333336
teacherA_3,test_w48-51,ge5,far,1.2918790117432906,94668,83105,0.8325410909705497,0.7306194007414485,0.80688436703181,0.7833584020215391,0.7273934998170815,0.7921331925709172,0.7315925636243307,0.7025685869204298,0.10558553628562722,1.0925774574279785,0.26871094430493886,0.03276365118629374,0.08428402598937054,0.895691454410553,11,teacherA_member,3,35.333333333333336
teacherA_4,test_w48-51,all,all,1.2965102575076488,100000,100000,0.81463,0.7244053131683172,0.786963821,0.80455,0.702397066,0.7636297991000001,0.81414,0.6744129414000001,0.12016038089454179,1.262692928314209,0.2975432513718616,0.03835716351479239,0.09661487920179965,1.0280907154083252,11,teacherA_member,4,35.333333333333336
teacherA_4,test_w48-51,all,near,1.2965102575076488,100000,10972,0.81463,0.7244053131683172,0.706659922985782,0.8456069996354356,0.6400563981042654,0.727144038005833,0.8484323733138899,0.6479508813343056,0.12016038089454179,1.262692928314209,0.2975432513718616,0.03835716351479239,0.09661487920179965,1.0280907154083252,11,teacherA_member,4,35.333333333333336
teacherA_4,test_w48-51,all,far,1.2965102575076488,100000,89028,0.81463,0.7244053131683172,0.7968606441231971,0.799490048074763,0.7100800624522622,0.7681263818686257,0.8099137350047176,0.6776741819427596,0.12016038089454179,1.262692928314209,0.2975432513718616,0.03835716351479239,0.09661487920179965,1.0280907154083252,11,teacherA_member,4,35.333333333333336
teacherA_4,test_w48-51,ge5,all,1.2965102575076488,94668,93780,0.823868677905945,0.7326644285097156,0.791749935636151,0.8026124973341864,0.7120327833595523,0.7734388692186155,0.8019193857965451,0.687928886685501,0.11417346091342623,1.1542119979858398,0.282648583983488,0.03392525592420281,0.0922338843322661,0.9408977031707764,11,teacherA_member,4,35.333333333333336
teacherA_4,test_w48-51,ge5,near,1.2965102575076488,94668,10675,0.823868677905945,0.7326644285097156,0.7117609837074895,0.8433723653395785,0.6497715304138441,0.7368977471274194,0.8442154566744731,0.6616005220363852,0.11417346091342623,1.1542119979858398,0.282648583983488,0.03392525592420281,0.0922338843322661,0.9408977031707764,11,teacherA_member,4,35.333333333333336
teacherA_4,test_w48-51,ge5,far,1.2965102575076488,94668,83105,0.823868677905945,0.7326644285097156,0.8020246731590253,0.7973768124661573,0.7200303632307447,0.7781326479121178,0.7964863726610913,0.691310816685252,0.11417346091342623,1.1542119979858398,0.282648583983488,0.03392525592420281,0.0922338843322661,0.9408977031707764,11,teacherA_member,4,35.333333333333336
teacherA,test_w48-51,all,all,1.065888886650108,100000,100000,0.82901,0.7343697699040268,0.811908501,0.73156,0.7286125636999999,0.78440690595,0.78546,0.6953854156,0.08269221680045132,1.0186494588851929,0.2598662439603706,0.032531352097603244,0.07660093223705888,0.9722362756729126,11,teacherA,,35.333333333333336
teacherA,test_w48-51,all,near,1.065888886650108,100000,10972,0.82901,0.7343697699040268,0.7364269048487058,0.8179001093693037,0.6707252378782356,0.7329505741888444,0.8642909223477944,0.6571794121399926,0.08269221680045132,1.0186494588851929,0.2598662439603706,0.032531352097603244,0.07660093223705888,0.9722362756729126,11,teacherA,,35.333333333333336
teacherA,test_w48-51,all,far,1.065888886650108,100000,89028,0.82901,0.7343697699040268,0.8212110133890462,0.720919261355978,0.7357467208069371,0.7907484936761467,0.7757447095295862,0.700094004695152,0.08269221680045132,1.0186494588851929,0.2598662439603706,0.032531352097603244,0.07660093223705888,0.9722362756729126,11,teacherA,,35.333333333333336
teacherA,test_w48-51,ge5,all,1.065888886650108,94668,93780,0.8388579034098111,0.7428045901614398,0.8171514967466014,0.7127532522925997,0.7385255822093213,0.7944309207372143,0.7358072083599915,0.7089721992192031,0.07591230391155268,0.900041401386261,0.2438682423413864,0.02830600701385672,0.07007623015534098,0.8602522611618042,11,teacherA,,35.333333333333336
teacherA,test_w48-51,ge5,near,1.065888886650108,94668,10675,0.8388579034098111,0.7428045901614398,0.7411084357521501,0.8090866510538641,0.6801887775634786,0.7429476640613335,0.8434660421545668,0.6708548904892225,0.07591230391155268,0.900041401386261,0.2438682423413864,0.02830600701385672,0.07007623015534098,0.8602522611618042,11,teacherA,,35.333333333333336
teacherA,test_w48-51,ge5,far,1.065888886650108,94668,83105,0.8388579034098111,0.7428045901614398,0.8269193768514778,0.70037903856567,0.74601905901089,0.8010440458802869,0.7219782203236869,0.7138684421732074,0.07591230391155268,0.900041401386261,0.2438682423413864,0.02830600701385672,0.07007623015534098,0.8602522611618042,11,teacherA,,35.333333333333336
teacherB,test_w48-51,all,all,1.4075419166759908,100000,100000,0.82077,0.7228658805897423,0.79540342835,0.77544,0.7105916635,0.7844548206999999,0.7628,0.6905990734999999,0.12658002883970734,1.35249924659729,0.29858622314757644,0.0372919242864951,0.09925110354870562,1.021196722984314,11,teacherB,,35.333333333333336
teacherB,test_w48-51,all,near,1.4075419166759908,100000,10972,0.82077,0.7228658805897423,0.682903274243529,0.8636529347429821,0.6272989090411958,0.6970326777251185,0.8310244258111557,0.6223944467736054,0.12658002883970734,1.35249924659729,0.29858622314757644,0.0372919242864951,0.09925110354870562,1.021196722984314,11,teacherB,,35.333333333333336
teacherB,test_w48-51,all,far,1.4075419166759908,100000,89028,0.82077,0.7228658805897423,0.8092681865255875,0.7645684503751629,0.7208568396459542,0.7952289114660556,0.7543918767129443,0.6990047567057555,0.12658002883970734,1.35249924659729,0.29858622314757644,0.0372919242864951,0.09925110354870562,1.021196722984314,11,teacherB,,35.333333333333336
teacherB,test_w48-51,ge5,all,1.4075419166759908,94668,93780,0.8299847889466345,0.730231291281617,0.801391570302917,0.7648005971422478,0.7210304217417824,0.7938431032051012,0.7272232885476647,0.7031958103993617,0.12094318911967766,1.2447364330291748,0.28400837535201356,0.03285562953194627,0.09587757772877298,0.9397487044334412,11,teacherB,,35.333333333333336
teacherB,test_w48-51,ge5,near,1.4075419166759908,94668,10675,0.8299847889466345,0.730231291281617,0.6904256215410365,0.8601405152224825,0.6387388322894287,0.7070141930250214,0.8069320843091334,0.635310458568928,0.12094318911967766,1.2447364330291748,0.28400837535201356,0.03285562953194627,0.09587757772877298,0.9397487044334412,11,teacherB,,35.333333333333336
teacherB,test_w48-51,ge5,far,1.4075419166759908,94668,83105,0.8299847889466345,0.730231291281617,0.8156453637333132,0.752553997954395,0.7316009375639817,0.8049964467605111,0.7169845376331148,0.7119158167863404,0.12094318911967766,1.2447364330291748,0.28400837535201356,0.03285562953194627,0.09587757772877298,0.9397487044334412,11,teacherB,,35.333333333333336
student_direct_w96_s0,val,all,all,1.1557594902303847,200000,53779,0.952855,0.9298294514587059,0.8673058079826699,0.6912549508172335,0.853946429554287,0.8245890665966271,0.7159114152364305,0.8075206232916194,0.004160960411950965,0.1710871458053589,0.06741636798224816,0.0026528697045679187,0.005116586036719341,0.1685030609369278,11,direct_w96,0,1.0
student_direct_w96_s0,val,all,near,1.1557594902303847,200000,10959,0.952855,0.9298294514587059,0.848353258508988,0.6892052194543298,0.8352173907290811,0.742278195775162,0.7363810566657542,0.7274996354594397,0.004160960411950965,0.1710871458053589,0.06741636798224816,0.0026528697045679187,0.005116586036719341,0.1685030609369278,11,direct_w96,0,1.0
student_direct_w96_s0,val,all,far,1.1557594902303847,200000,42820,0.952855,0.9298294514587059,0.8721563682274639,0.6917795422699673,0.8587397863148062,0.845655036548342,0.7106725829051845,0.8280005393507708,0.004160960411950965,0.1710871458053589,0.06741636798224816,0.0026528697045679187,0.005116586036719341,0.1685030609369278,11,direct_w96,0,1.0
student_direct_w96_s0,val,ge5,all,1.1557594902303847,191366,52270,0.9612052297691335,0.9405896298605695,0.880967924970888,0.6319303615840827,0.8695997246671624,0.8422033868248795,0.6516166060837957,0.826883982920125,0.0038231103173673752,0.1387830376625061,0.05608422829418812,0.0019194623292261874,0.004087102213073959,0.13629037141799927,11,direct_w96,0,1.0
student_direct_w96_s0,val,ge5,near,1.1557594902303847,191366,10483,0.9612052297691335,0.9405896298605695,0.8595056728812065,0.6470476008776114,0.8485515980730949,0.7546505353859592,0.6817704855480301,0.7414318238951716,0.0038231103173673752,0.1387830376625061,0.05608422829418812,0.0019194623292261874,0.004087102213073959,0.13629037141799927,11,direct_w96,0,1.0
student_direct_w96_s0,val,ge5,far,1.1557594902303847,191366,41787,0.9612052297691335,0.9405896298605695,0.8863521063827178,0.6281379376361069,0.8748800154534264,0.864167551317047,0.6440519778878598,0.8483211519693169,0.0038231103173673752,0.1387830376625061,0.05608422829418812,0.0019194623292261874,0.004087102213073959,0.13629037141799927,11,direct_w96,0,1.0
student_directTS_w96_s0,val,all,all,,200000,53779,0.952855,0.9298294514587059,0.8673158541902972,0.6901764629316276,0.8539650154335334,0.8235527812900947,0.7178266609643169,0.8063477430781532,0.005116586036719341,0.1685030609369278,0.06740874285832489,0.0026449627695241413,,,11,directTS_w96,0,1.0
student_directTS_w96_s0,val,all,near,,200000,10959,0.952855,0.9298294514587059,0.8481269374486723,0.6902089606715941,0.8349524838032667,0.7407581179852176,0.7386622867049913,0.7258678889497218,0.005116586036719341,0.1685030609369278,0.06740874285832489,0.0026449627695241413,,,11,directTS_w96,0,1.0
student_directTS_w96_s0,val,all,far,,200000,42820,0.952855,0.9298294514587059,0.8722269083372256,0.6901681457262961,0.858830927020084,0.8447425691265762,0.7124941616067259,0.8269450976179356,0.005116586036719341,0.1685030609369278,0.06740874285832489,0.0026449627695241413,,,11,directTS_w96,0,1.0
student_directTS_w96_s0,val,ge5,all,,191366,52270,0.9612052297691335,0.9405896298605695,0.8814399242423807,0.6282379950258274,0.8699876415977821,0.8411787405134047,0.6537019322747274,0.8257525660954439,0.004087102213073959,0.13629037141799927,0.05600016497169206,0.0019106541875833567,,,11,directTS_w96,0,1.0
student_directTS_w96_s0,val,ge5,near,,191366,10483,0.9612052297691335,0.9405896298605695,0.8597616108285658,0.6438996470476008,0.848650820950447,0.7531779973508244,0.6841552990556139,0.7398684845898258,0.004087102213073959,0.13629037141799927,0.05600016497169206,0.0019106541875833567,,,11,directTS_w96,0,1.0
student_directTS_w96_s0,val,ge5,far,,191366,41787,0.9612052297691335,0.9405896298605695,0.8868783084172922,0.6243089956206476,0.8753403563379168,0.8632552664801725,0.646062172445976,0.8472980904552542,0.004087102213073959,0.13629037141799927,0.05600016497169206,0.0019106541875833567,,,11,directTS_w96,0,1.0
student_direct_w96_s0,test_w16-19,all,all,1.1557594902303847,100000,100000,0.94567,0.9206165620664144,0.8832853994000001,0.60416,0.8623868543000001,0.862761604,0.57894,0.8361656562000002,0.008193350273072681,0.21487197279930115,0.07843132859547863,0.00363284289717744,0.004075205408856229,0.20756447315216064,11,direct_w96,0,3.5
student_direct_w96_s0,test_w16-19,all,near,1.1557594902303847,100000,11980,0.94567,0.9206165620664144,0.860645171118531,0.6938230383973288,0.8433364048414023,0.8788115425709515,0.5935726210350585,0.8524616352253757,0.008193350273072681,0.21487197279930115,0.07843132859547863,0.00363284289717744,0.004075205408856229,0.20756447315216064,11,direct_w96,0,3.5
student_direct_w96_s0,test_w16-19,all,far,1.1557594902303847,100000,88020,0.94567,0.9206165620664144,0.8863668574187684,0.5919563735514656,0.8649797239263803,0.8605771201999546,0.5769484208134514,0.833947684957964,0.008193350273072681,0.21487197279930115,0.07843132859547863,0.00363284289717744,0.004075205408856229,0.20756447315216064,11,direct_w96,0,3.5
student_direct_w96_s0,test_w16-19,ge5,all,1.1557594902303847,96085,89545,0.9529270958005932,0.9283782498658362,0.8866055534212438,0.6049137305265508,0.8693077300916277,0.8686455805131615,0.542520520408733,0.845043216102146,0.0075462146173712295,0.18675892055034637,0.06871320221775962,0.002869274202772418,0.0032470143390488327,0.17970089614391327,11,direct_w96,0,3.5
student_direct_w96_s0,test_w16-19,ge5,near,1.1557594902303847,96085,11402,0.9529270958005932,0.9283782498658362,0.869474807143813,0.6744430801613752,0.8545416683579613,0.8904454034273596,0.546219961410279,0.8667402021924526,0.0075462146173712295,0.18675892055034637,0.06871320221775962,0.002869274202772418,0.0032470143390488327,0.17970089614391327,11,direct_w96,0,3.5
student_direct_w96_s0,test_w16-19,ge5,far,1.1557594902303847,96085,78143,0.9529270958005932,0.9283782498658362,0.8891051345616564,0.5947685653225497,0.87146227542374,0.8654647251471315,0.5419807276403517,0.8418773658609002,0.0075462146173712295,0.18675892055034637,0.06871320221775962,0.002869274202772418,0.0032470143390488327,0.17970089614391327,11,direct_w96,0,3.5
student_directTS_w96_s0,test_w16-19,all,all,,100000,100000,0.94567,0.9206165620664144,0.88448425885,0.59459,0.86328835,0.8619012995000002,0.5832,0.8351949929,0.004075205408856229,0.20756447315216064,0.07803059012473935,0.0036142748449127828,,,11,directTS_w96,0,3.5
student_directTS_w96_s0,test_w16-19,all,near,,100000,11980,0.94567,0.9206165620664144,0.8629596515025042,0.6810517529215359,0.8453665934891486,0.8783287395659433,0.59440734557596,0.8517453806343906,0.004075205408856229,0.20756447315216064,0.07803059012473935,0.0036142748449127828,,,11,directTS_w96,0,3.5
student_directTS_w96_s0,test_w16-19,all,far,,100000,88020,0.94567,0.9206165620664144,0.8874138748011816,0.5828220858895705,0.8657275983867303,0.8596654356964326,0.5816746194046808,0.8329423952510792,0.004075205408856229,0.20756447315216064,0.07803059012473935,0.0036142748449127828,,,11,directTS_w96,0,3.5
student_directTS_w96_s0,test_w16-19,ge5,all,,96085,89545,0.9529270958005932,0.9283782498658362,0.8880736841539121,0.5924395555307387,0.8704465131234644,0.8679139321814612,0.5466301859400301,0.8441971615806685,0.0032470143390488327,0.17970089614391327,0.0682894453615303,0.0028483126252691086,,,11,directTS_w96,0,3.5
student_directTS_w96_s0,test_w16-19,ge5,near,,96085,11402,0.9529270958005932,0.9283782498658362,0.8720033902808001,0.6622522364497456,0.8567905523705263,0.8899346884482955,0.5464830731450623,0.8660295435625928,0.0032470143390488327,0.17970089614391327,0.0682894453615303,0.0028483126252691086,,,11,directTS_w96,0,3.5
student_directTS_w96_s0,test_w16-19,ge5,far,,96085,78143,0.9529270958005932,0.9283782498658362,0.8904185325823218,0.582253048897534,0.8724390814213926,0.8647008399920848,0.5466516514595038,0.8410115554565384,0.0032470143390488327,0.17970089614391327,0.0682894453615303,0.0028483126252691086,,,11,directTS_w96,0,3.5
student_direct_w96_s0,test_w20-23,all,all,1.1557594902303847,100000,100000,0.93164,0.8980210659790454,0.8714236884,0.65782,0.8443194269,0.8642022504,0.56938,0.8276367660999998,0.01555545402288434,0.2828947901725769,0.09921092439331065,0.0057271174637762885,0.005485065475627793,0.26913800835609436,11,direct_w96,0,7.5
student_direct_w96_s0,test_w20-23,all,near,1.1557594902303847,100000,13417,0.93164,0.8980210659790454,0.8429440523216813,0.739062383543266,0.8206624096295745,0.8804229130953269,0.5805321606916598,0.8441011015875381,0.01555545402288434,0.2828947901725769,0.09921092439331065,0.0057271174637762885,0.005485065475627793,0.26913800835609436,11,direct_w96,0,7.5
student_direct_w96_s0,test_w20-23,all,far,1.1557594902303847,100000,86583,0.93164,0.8980210659790454,0.8758369251469688,0.6452305879907141,0.8479853451601352,0.8616886780892323,0.5676518485152975,0.8250854339766467,0.01555545402288434,0.2828947901725769,0.09921092439331065,0.0057271174637762885,0.005485065475627793,0.26913800835609436,11,direct_w96,0,7.5
student_direct_w96_s0,test_w20-23,ge5,all,1.1557594902303847,95941,89776,0.9379514493282329,0.9036533067403653,0.8744994686768662,0.6638856710033862,0.8510274131804082,0.8706068036915122,0.53753787203707,0.837016596993105,0.016054299813158757,0.26058530807495117,0.09073495466008802,0.0047955366664172725,0.0072145260925361,0.24614816904067993,11,direct_w96,0,7.5
student_direct_w96_s0,test_w20-23,ge5,near,1.1557594902303847,95941,12762,0.9379514493282329,0.9036533067403653,0.8516004829575814,0.730371415138693,0.8315643887934372,0.8926918851672868,0.538787023977433,0.8589055756546402,0.016054299813158757,0.26058530807495117,0.09073495466008802,0.0047955366664172725,0.0072145260925361,0.24614816904067993,11,direct_w96,0,7.5
student_direct_w96_s0,test_w20-23,ge5,far,1.1557594902303847,95941,77014,0.9379514493282329,0.9036533067403653,0.8782940625916026,0.6528683096579843,0.8542526334939423,0.8669470819552847,0.5373308749058613,0.833389371479841,0.016054299813158757,0.26058530807495117,0.09073495466008802,0.0047955366664172725,0.0072145260925361,0.24614816904067993,11,direct_w96,0,7.5
student_directTS_w96_s0,test_w20-23,all,all,,100000,100000,0.93164,0.8980210659790454,0.87327008115,0.64188,0.8456695908999998,0.8635606038000001,0.57144,0.8268238814,0.005485065475627793,0.26913800835609436,0.09813542780671158,0.005700383564766786,,,11,directTS_w96,0,7.5
student_directTS_w96_s0,test_w20-23,all,near,,100000,13417,0.93164,0.8980210659790454,0.8458051166430647,0.7266900201237236,0.8230520220615637,0.8802584240143102,0.5807557576209287,0.8436073563389729,0.005485065475627793,0.26913800835609436,0.09813542780671158,0.005700383564766786,,,11,directTS_w96,0,7.5
student_directTS_w96_s0,test_w20-23,all,far,,100000,86583,0.93164,0.8980210659790454,0.877526083238049,0.6287377429749489,0.8491744350507606,0.8609730906182507,0.5699964196204798,0.824223095064851,0.005485065475627793,0.26913800835609436,0.09813542780671158,0.005700383564766786,,,11,directTS_w96,0,7.5
student_directTS_w96_s0,test_w20-23,ge5,all,,95941,89776,0.9379514493282329,0.9036533067403653,0.8766279022635345,0.6478346105863483,0.8526726570258861,0.8701009832767347,0.5398658884334343,0.8363340753362181,0.0072145260925361,0.24614816904067993,0.08944807793411551,0.004752033943479635,,,11,directTS_w96,0,7.5
student_directTS_w96_s0,test_w20-23,ge5,near,,95941,12762,0.9379514493282329,0.9036533067403653,0.8547040552976845,0.7164237580316565,0.8342295313556771,0.8924984784494792,0.5398056730919919,0.8584186894520619,0.0072145260925361,0.24614816904067993,0.08944807793411551,0.004752033943479635,,,11,directTS_w96,0,7.5
student_directTS_w96_s0,test_w20-23,ge5,far,,95941,77014,0.9379514493282329,0.9036533067403653,0.8802609058080613,0.6364686940036877,0.8557288697898409,0.8663894914259729,0.5398758667255305,0.8326744310462658,0.0072145260925361,0.24614816904067993,0.08944807793411551,0.004752033943479635,,,11,directTS_w96,0,7.5
student_direct_w96_s0,test_w24-27,all,all,1.1557594902303847,100000,100000,0.91985,0.8717889209818495,0.8567233534,0.67228,0.8236710485000002,0.8510528987499999,0.58142,0.8074325038,0.0224711675961316,0.37223348021507263,0.11719323553039353,0.008311473211385792,0.011299125718027324,0.3483520448207855,11,direct_w96,0,11.5
student_direct_w96_s0,test_w24-27,all,near,1.1557594902303847,100000,12494,0.91985,0.8717889209818495,0.8281718440851609,0.7479590203297583,0.8007710124859932,0.8697048079077957,0.6123739394909556,0.8266630646710422,0.0224711675961316,0.37223348021507263,0.11719323553039353,0.008311473211385792,0.011299125718027324,0.3483520448207855,11,direct_w96,0,11.5
student_direct_w96_s0,test_w24-27,all,far,1.1557594902303847,100000,87506,0.91985,0.8717889209818495,0.8607999030923594,0.6614746417388522,0.8269406877242704,0.8483898018992984,0.5770004342559367,0.8046867877631249,0.0224711675961316,0.37223348021507263,0.11719323553039353,0.008311473211385792,0.011299125718027324,0.3483520448207855,11,direct_w96,0,11.5
student_direct_w96_s0,test_w24-27,ge5,all,1.1557594902303847,96204,89771,0.9255748201737973,0.8766517722990121,0.8567059493328139,0.6908244310523443,0.8277152526181979,0.8553199021354037,0.576166022434862,0.8148848045937939,0.022324399315624646,0.34402143955230713,0.10913761553963774,0.0073396790434933825,0.012527180659880547,0.32079488039016724,11,direct_w96,0,11.5
student_direct_w96_s0,test_w24-27,ge5,near,1.1557594902303847,96204,11977,0.9255748201737973,0.8766517722990121,0.8354413858145718,0.7400851632295232,0.8102093700117718,0.8817409321221737,0.5852049762043917,0.8410025636881456,0.022324399315624646,0.34402143955230713,0.10913761553963774,0.0073396790434933825,0.012527180659880547,0.32079488039016724,11,direct_w96,0,11.5
student_direct_w96_s0,test_w24-27,ge5,far,1.1557594902303847,96204,77794,0.9255748201737973,0.8766517722990121,0.8599797966379784,0.6832403527264314,0.8304104213455697,0.8512521761391629,0.5747744041956964,0.8108637695438794,0.022324399315624646,0.34402143955230713,0.10913761553963774,0.0073396790434933825,0.012527180659880547,0.32079488039016724,11,direct_w96,0,11.5
student_directTS_w96_s0,test_w24-27,all,all,,100000,100000,0.91985,0.8717889209818495,0.85869261405,0.65569,0.8249952996000001,0.8503665769500001,0.58174,0.8065752353,0.011299125718027324,0.3483520448207855,0.11569527753085208,0.008274618705801243,,,11,directTS_w96,0,11.5
student_directTS_w96_s0,test_w24-27,all,near,,100000,12494,0.91985,0.8717889209818495,0.8310857871778454,0.7344325276132544,0.8031411309428527,0.8695035925244117,0.6126140547462782,0.8261111581559148,0.011299125718027324,0.3483520448207855,0.11569527753085208,0.008274618705801243,,,11,directTS_w96,0,11.5
student_directTS_w96_s0,test_w24-27,all,far,,100000,87506,0.91985,0.8717889209818495,0.8626342831348708,0.6444472379036866,0.828115611158092,0.8476342171965351,0.577331840102393,0.8037859200511964,0.011299125718027324,0.3483520448207855,0.11569527753085208,0.008274618705801243,,,11,directTS_w96,0,11.5
student_directTS_w96_s0,test_w24-27,ge5,all,,96204,89771,0.9255748201737973,0.8766517722990121,0.8589790354848633,0.6726559802163282,0.829351036819499,0.8548073895441803,0.5784718895857237,0.8141739685663426,0.012527180659880547,0.32079488039016724,0.10753950371612529,0.007281597233554039,,,11,directTS_w96,0,11.5
student_directTS_w96_s0,test_w24-27,ge5,near,,96204,11977,0.9255748201737973,0.8766517722990121,0.8386519782815056,0.7248893712949821,0.8128951738389186,0.881561647128418,0.5863738832762795,0.8404936077518639,0.012527180659880547,0.32079488039016724,0.10753950371612529,0.007281597233554039,,,11,directTS_w96,0,11.5
student_directTS_w96_s0,test_w24-27,ge5,far,,96204,77794,0.9255748201737973,0.8766517722990121,0.8621085462970675,0.6646142376018717,0.8318845467420944,0.8506883605305493,0.5772553153199476,0.8101218524838041,0.012527180659880547,0.32079488039016724,0.10753950371612529,0.007281597233554039,,,11,directTS_w96,0,11.5
student_direct_w96_s0,test_w28-31,all,all,1.1557594902303847,100000,100000,0.89401,0.7995624428273348,0.8360592153999999,0.71611,0.7913071890000001,0.8378601333,0.62311,0.7800567996000001,0.03804282667383554,0.5812885761260986,0.1565509821234276,0.013760038739771394,0.025215539226382963,0.5338006615638733,11,direct_w96,0,15.5
student_direct_w96_s0,test_w28-31,all,near,1.1557594902303847,100000,15990,0.89401,0.7995624428273348,0.8056266106941838,0.7803627267041902,0.7678896103814883,0.8503172714196372,0.6791119449656035,0.7953398455284554,0.03804282667383554,0.5812885761260986,0.1565509821234276,0.013760038739771394,0.025215539226382963,0.5338006615638733,11,direct_w96,0,15.5
student_direct_w96_s0,test_w28-31,all,far,1.1557594902303847,100000,84010,0.89401,0.7995624428273348,0.8418515895131532,0.7038804904178074,0.7957643617426496,0.8354891103440066,0.6124508987025354,0.7771479089394121,0.03804282667383554,0.5812885761260986,0.1565509821234276,0.013760038739771394,0.025215539226382963,0.5338006615638733,11,direct_w96,0,15.5
student_direct_w96_s0,test_w28-31,ge5,all,1.1557594902303847,95576,94669,0.8997970201724282,0.8046744415762598,0.841980480713786,0.7096092701940445,0.7999354426663376,0.8488416382405906,0.577528018675596,0.7928101706696469,0.037859568851477225,0.5499799251556396,0.14808151482492304,0.012419056414400836,0.026583888130113587,0.5033298134803772,11,direct_w96,0,15.5
student_direct_w96_s0,test_w28-31,ge5,near,1.1557594902303847,95576,15420,0.8997970201724282,0.8046744415762598,0.813288216346147,0.7772373540856031,0.7778861495328969,0.8652179048308586,0.6416342412451362,0.8116899147466812,0.037859568851477225,0.5499799251556396,0.14808151482492304,0.012419056414400836,0.026583888130113587,0.5033298134803772,11,direct_w96,0,15.5
student_direct_w96_s0,test_w28-31,ge5,far,1.1557594902303847,95576,79249,0.8997970201724282,0.8046744415762598,0.8475633236083209,0.6964504283965728,0.8042257188858186,0.8456552001679092,0.5650544486365758,0.7891366144901636,0.037859568851477225,0.5499799251556396,0.14808151482492304,0.012419056414400836,0.026583888130113587,0.5033298134803772,11,direct_w96,0,15.5
student_directTS_w96_s0,test_w28-31,all,all,,100000,100000,0.89401,0.7995624428273348,0.8384530211,0.70354,0.7928015547,0.83723482595,0.62311,0.7792214740999999,0.025215539226382963,0.5338006615638733,0.15380760393778842,0.013706693670650277,,,11,directTS_w96,0,15.5
student_directTS_w96_s0,test_w28-31,all,near,,100000,15990,0.89401,0.7995624428273348,0.8085172695434647,0.7702939337085678,0.7701426898061289,0.8501043980612883,0.6779237023139462,0.7947258048780488,0.025215539226382963,0.5338006615638733,0.15380760393778842,0.013706693670650277,,,11,directTS_w96,0,15.5
student_directTS_w96_s0,test_w28-31,all,far,,100000,84010,0.89401,0.7995624428273348,0.8441508269253661,0.690834424473277,0.797114318057374,0.8347853025830259,0.6126770622544935,0.7762704653017498,0.025215539226382963,0.5338006615638733,0.15380760393778842,0.013706693670650277,,,11,directTS_w96,0,15.5
student_directTS_w96_s0,test_w28-31,ge5,all,,95576,94669,0.8997970201724282,0.8046744415762598,0.8447621811315865,0.6957082043752443,0.8017441865261199,0.8483653566503492,0.5774752030759805,0.7921116586134247,0.026583888130113587,0.5033298134803772,0.1453566976898827,0.012335544819353577,,,11,directTS_w96,0,15.5
student_directTS_w96_s0,test_w28-31,ge5,near,,95576,15420,0.8997970201724282,0.8046744415762598,0.8166280720827408,0.7699740596627757,0.7805331354587386,0.8650840430991309,0.6401426718547341,0.8111567266342906,0.026583888130113587,0.5033298134803772,0.1453566976898827,0.012335544819353577,,,11,directTS_w96,0,15.5
student_directTS_w96_s0,test_w28-31,ge5,far,,95576,79249,0.8997970201724282,0.8046744415762598,0.8502364200687743,0.6812578076694974,0.8058713604647059,0.8451122916900313,0.5652815808401368,0.7884059342650825,0.026583888130113587,0.5033298134803772,0.1453566976898827,0.012335544819353577,,,11,directTS_w96,0,15.5
student_direct_w96_s0,test_w32-35,all,all,1.1557594902303847,100000,100000,0.86684,0.7616396550475748,0.81778580855,0.75386,0.7597867409000002,0.8191168564499999,0.66989,0.7460833364,0.05649512015879152,0.7654528617858887,0.20010122690185964,0.020989886717232904,0.04228601276338097,0.69684237241745,11,direct_w96,0,19.5
student_direct_w96_s0,test_w32-35,all,near,1.1557594902303847,100000,16559,0.86684,0.7616396550475748,0.7791996862733257,0.8107373633673531,0.7309645993115526,0.8328652463916904,0.7091007911105743,0.7616546464158465,0.05649512015879152,0.7654528617858887,0.20010122690185964,0.020989886717232904,0.04228601276338097,0.69684237241745,11,direct_w96,0,19.5
student_direct_w96_s0,test_w32-35,all,far,1.1557594902303847,100000,83441,0.86684,0.7616396550475748,0.8254432862741338,0.7425725962057023,0.7655065410289906,0.816388466461332,0.6621085557459762,0.7429931850049737,0.05649512015879152,0.7654528617858887,0.20010122690185964,0.020989886717232904,0.04228601276338097,0.69684237241745,11,direct_w96,0,19.5
student_direct_w96_s0,test_w32-35,ge5,all,1.1557594902303847,95262,94615,0.8745459889567718,0.7665232579584367,0.8231429067912315,0.7514136236326164,0.768956616811233,0.8301889881983753,0.6366855149817682,0.7603903007461336,0.05435074022753175,0.7138473987579346,0.18869860757767032,0.019070998171973618,0.041656249575719694,0.6489236354827881,11,direct_w96,0,19.5
student_direct_w96_s0,test_w32-35,ge5,near,1.1557594902303847,95262,16006,0.8745459889567718,0.7665232579584367,0.7870139584499465,0.8104460827189803,0.7417722995024437,0.8473877315977745,0.6748094464575785,0.779147952388254,0.05435074022753175,0.7138473987579346,0.18869860757767032,0.019070998171973618,0.041656249575719694,0.6489236354827881,11,direct_w96,0,19.5
student_direct_w96_s0,test_w32-35,ge5,far,1.1557594902303847,95262,78609,0.8745459889567718,0.7665232579584367,0.8304993156903475,0.7393937080995815,0.7744917614237388,0.8266870598332927,0.6289228968693152,0.756570954714715,0.05435074022753175,0.7138473987579346,0.18869860757767032,0.019070998171973618,0.041656249575719694,0.6489236354827881,11,direct_w96,0,19.5
student_directTS_w96_s0,test_w32-35,all,all,,100000,100000,0.86684,0.7616396550475748,0.82027025205,0.74026,0.7612601901,0.8184746317499999,0.67397,0.7452036528999999,0.04228601276338097,0.69684237241745,0.19564748915455027,0.020902960999827302,,,11,directTS_w96,0,19.5
student_directTS_w96_s0,test_w32-35,all,near,,100000,16559,0.86684,0.7616396550475748,0.7823660858143607,0.798961289932967,0.7332974008092277,0.8329290132254362,0.709946252793043,0.7612039954103508,0.04228601276338097,0.69684237241745,0.19564748915455027,0.020902960999827302,,,11,directTS_w96,0,19.5
student_directTS_w96_s0,test_w32-35,all,far,,100000,83441,0.86684,0.7616396550475748,0.8277923945062979,0.7286106350595031,0.7668094503900961,0.815606136611498,0.6668304550520727,0.7420283593197589,0.04228601276338097,0.69684237241745,0.19564748915455027,0.020902960999827302,,,11,directTS_w96,0,19.5
student_directTS_w96_s0,test_w32-35,ge5,all,,95262,94615,0.8745459889567718,0.7665232579584367,0.8259833465756128,0.7393965016117952,0.7707775147465623,0.8297392108557394,0.6362733181842203,0.7596772169441403,0.041656249575719694,0.6489236354827881,0.18447852953110655,0.018939530335277073,,,11,directTS_w96,0,19.5
student_directTS_w96_s0,test_w32-35,ge5,near,,95262,16006,0.8745459889567718,0.7665232579584367,0.7905605233727344,0.7985755341746845,0.7444924136736919,0.8475680795579762,0.6707484693240034,0.7788091333021432,0.041656249575719694,0.6489236354827881,0.18447852953110655,0.018939530335277073,,,11,directTS_w96,0,19.5
student_directTS_w96_s0,test_w32-35,ge5,far,,95262,78609,0.8745459889567718,0.7665232579584367,0.8331959775489781,0.727346741467262,0.7761295651195779,0.8261089792989457,0.6292536478011423,0.7557816648670728,0.041656249575719694,0.6489236354827881,0.18447852953110655,0.018939530335277073,,,11,directTS_w96,0,19.5
student_direct_w96_s0,test_w36-39,all,all,1.1557594902303847,100000,100000,0.84763,0.7475906399588454,0.8155765106999999,0.73584,0.7443336782,0.8163355359,0.68974,0.7303126850999999,0.0715213376760483,0.8469708561897278,0.22963197418324754,0.02862744630727067,0.05629896862059828,0.7695103287696838,11,direct_w96,0,23.5
student_direct_w96_s0,test_w36-39,all,near,1.1557594902303847,100000,12548,0.84763,0.7475906399588454,0.7735149254861333,0.7868983104877272,0.7124948780682181,0.831752323876315,0.6969238125597704,0.7452789623844437,0.0715213376760483,0.8469708561897278,0.22963197418324754,0.02862744630727067,0.05629896862059828,0.7695103287696838,11,direct_w96,0,23.5
student_direct_w96_s0,test_w36-39,all,far,1.1557594902303847,100000,87452,0.84763,0.7475906399588454,0.8216116931002149,0.7285139276403055,0.748902050153227,0.8141234669304305,0.6887092347802223,0.7281652573983443,0.0715213376760483,0.8469708561897278,0.22963197418324754,0.02862744630727067,0.05629896862059828,0.7695103287696838,11,direct_w96,0,23.5
student_direct_w96_s0,test_w36-39,ge5,all,1.1557594902303847,95184,91735,0.8582850058833418,0.7539915596235075,0.8171397317621468,0.7451790483457786,0.7526384447258831,0.8259952391035177,0.6521720172235242,0.744855098871283,0.06659282846064765,0.778983473777771,0.2136598846154765,0.02597652228598912,0.05294659186430449,0.7072611451148987,11,direct_w96,0,23.5
student_direct_w96_s0,test_w36-39,ge5,near,1.1557594902303847,95184,12085,0.8582850058833418,0.7539915596235075,0.7798010414930161,0.789573851882499,0.7236557664712182,0.8447458900759894,0.6584195283409185,0.7629105872888801,0.06659282846064765,0.778983473777771,0.2136598846154765,0.02597652228598912,0.05294659186430449,0.7072611451148987,11,direct_w96,0,23.5
student_direct_w96_s0,test_w36-39,ge5,far,1.1557594902303847,95184,79650,0.8582850058833418,0.7539915596235075,0.8228049931796289,0.7384431889516635,0.7570358793361485,0.8231502721606135,0.6512241054613936,0.7421156063725174,0.06659282846064765,0.778983473777771,0.2136598846154765,0.02597652228598912,0.05294659186430449,0.7072611451148987,11,direct_w96,0,23.5
student_directTS_w96_s0,test_w36-39,all,all,,100000,100000,0.84763,0.7475906399588454,0.81813862555,0.71992,0.7458753056999999,0.81556553755,0.6926,0.7293219391000001,0.05629896862059828,0.7695103287696838,0.2236757242975579,0.028486089835228587,,,11,directTS_w96,0,23.5
student_directTS_w96_s0,test_w36-39,all,near,,100000,12548,0.84763,0.7475906399588454,0.7771173453936882,0.767771756455212,0.7150025549888428,0.8318357399585592,0.7006694293911381,0.7448551745298055,0.05629896862059828,0.7695103287696838,0.2236757242975579,0.028486089835228587,,,11,directTS_w96,0,23.5
student_directTS_w96_s0,test_w36-39,all,far,,100000,87452,0.84763,0.7475906399588454,0.824024540376435,0.713054018204272,0.7503050646068702,0.8132310169006999,0.6914421625577459,0.7270931617344372,0.05629896862059828,0.7695103287696838,0.2236757242975579,0.028486089835228587,,,11,directTS_w96,0,23.5
student_directTS_w96_s0,test_w36-39,ge5,all,,95184,91735,0.8582850058833418,0.7539915596235075,0.8200917204337191,0.7327846514416526,0.754526633165028,0.8254979866908547,0.6522265220472012,0.7440744733699317,0.05294659186430449,0.7072611451148987,0.20842069449265666,0.025810461465430534,,,11,directTS_w96,0,23.5
student_directTS_w96_s0,test_w36-39,ge5,near,,95184,12085,0.8582850058833418,0.7539915596235075,0.7837265181848776,0.7741828713280927,0.7265164149024812,0.8449728780866853,0.6581712867190732,0.7626119700532725,0.05294659186430449,0.7072611451148987,0.20842069449265666,0.025810461465430534,,,11,directTS_w96,0,23.5
student_directTS_w96_s0,test_w36-39,ge5,far,,95184,79650,0.8582850058833418,0.7539915596235075,0.8256092781132828,0.7265034526051475,0.7587765200162883,0.8225431334263398,0.6513245448838669,0.7412618475391951,0.05294659186430449,0.7072611451148987,0.20842069449265666,0.025810461465430534,,,11,directTS_w96,0,23.5
student_direct_w96_s0,test_w40-43,all,all,1.1557594902303847,100000,100000,0.84191,0.7416553742111159,0.808766988,0.75199,0.7356403718,0.81017101685,0.70393,0.7216285663,0.07591113891318443,0.8964664340019226,0.23820863725786504,0.030470674737227355,0.06062278168469669,0.8129410743713379,11,direct_w96,0,27.5
student_direct_w96_s0,test_w40-43,all,near,1.1557594902303847,100000,10904,0.84191,0.7416553742111159,0.7662240737344094,0.7993396918561996,0.7038931052824652,0.826533271735143,0.7106566397652238,0.7373686848862803,0.07591113891318443,0.8964664340019226,0.23820863725786504,0.030470674737227355,0.06062278168469669,0.8129410743713379,11,direct_w96,0,27.5
student_direct_w96_s0,test_w40-43,all,far,1.1557594902303847,100000,89096,0.84191,0.7416553742111159,0.813973595896561,0.7461951153811619,0.7395257560384305,0.8081685248496004,0.7031067612462961,0.7197022143530574,0.07591113891318443,0.8964664340019226,0.23820863725786504,0.030470674737227355,0.06062278168469669,0.8129410743713379,11,direct_w96,0,27.5
student_direct_w96_s0,test_w40-43,ge5,all,1.1557594902303847,95288,93977,0.8516392410376963,0.7493800093098665,0.8144927491212308,0.7487470338487077,0.7456699258536249,0.8233378652673137,0.6561073454143035,0.7381324154497002,0.07228993456402559,0.8323462605476379,0.2243734214039728,0.02794750628832752,0.05855238268761921,0.753926694393158,11,direct_w96,0,27.5
student_direct_w96_s0,test_w40-43,ge5,near,1.1557594902303847,95288,10557,0.8516392410376963,0.7493800093098665,0.77344813013065,0.80306905370844,0.7148967564184774,0.840857391437316,0.6668561144264469,0.7552763342346773,0.07228993456402559,0.8323462605476379,0.2243734214039728,0.02794750628832752,0.05855238268761921,0.753926694393158,11,direct_w96,0,27.5
student_direct_w96_s0,test_w40-43,ge5,far,1.1557594902303847,95288,83420,0.8516392410376963,0.7493800093098665,0.8196870435672097,0.7418724526492448,0.749564343855625,0.8211207274373363,0.6547470630544234,0.7359628116303164,0.07228993456402559,0.8323462605476379,0.2243734214039728,0.02794750628832752,0.05855238268761921,0.753926694393158,11,direct_w96,0,27.5
student_directTS_w96_s0,test_w40-43,all,all,,100000,100000,0.84191,0.7416553742111159,0.81125568885,0.74454,0.737141677,0.8093922995500001,0.70741,0.7205958944,0.06062278168469669,0.8129410743713379,0.2320775338491326,0.030342438238844437,,,11,directTS_w96,0,27.5
student_directTS_w96_s0,test_w40-43,all,near,,100000,10904,0.84191,0.7416553742111159,0.7699021845194424,0.7926449009537784,0.7064847322083638,0.8266220011005135,0.7113903154805576,0.7368825669479089,0.06062278168469669,0.8129410743713379,0.2320775338491326,0.030342438238844437,,,11,directTS_w96,0,27.5
student_directTS_w96_s0,test_w40-43,all,far,,100000,89096,0.84191,0.7416553742111159,0.8163167309980246,0.7386526892340846,0.7408936223848432,0.8072836452253749,0.7069228697135674,0.7186026525321001,0.06062278168469669,0.8129410743713379,0.2320775338491326,0.030342438238844437,,,11,directTS_w96,0,27.5
student_directTS_w96_s0,test_w40-43,ge5,all,,95288,93977,0.8516392410376963,0.7493800093098665,0.8173927912669194,0.734828734690403,0.7475404130401306,0.8227739909565488,0.6568841312235972,0.7372874706059614,0.05855238268761921,0.753926694393158,0.21872002463146226,0.027774902815450336,,,11,directTS_w96,0,27.5
student_directTS_w96_s0,test_w40-43,ge5,near,,95288,10557,0.8516392410376963,0.7493800093098665,0.7775167334056086,0.7874396135265701,0.7178750534208567,0.8410913237729414,0.6674244577057876,0.7549340109124677,0.05855238268761921,0.753926694393158,0.21872002463146226,0.027774902815450336,,,11,directTS_w96,0,27.5
student_directTS_w96_s0,test_w40-43,ge5,far,,95288,83420,0.8516392410376963,0.7493800093098665,0.8224392015143643,0.7281707024694318,0.7512946350672305,0.8204558887922878,0.6555502277631263,0.7350542588340147,0.05855238268761921,0.753926694393158,0.21872002463146226,0.027774902815450336,,,11,directTS_w96,0,27.5
student_direct_w96_s0,test_w44-47,all,all,1.1557594902303847,100000,100000,0.81709,0.7122632080316508,0.7970736954500001,0.76838,0.7100575377,0.7956470321,0.7198,0.6961702268000001,0.09123207879163325,1.1063669919967651,0.2773250676762347,0.04016128833249609,0.07429405903980137,0.999420166015625,11,direct_w96,0,31.5
student_direct_w96_s0,test_w44-47,all,near,1.1557594902303847,100000,10628,0.81709,0.7122632080316508,0.7474376858298832,0.8342115167482123,0.6750996706812195,0.810622569156944,0.7577154685735792,0.7118390430937146,0.09123207879163325,1.1063669919967651,0.2773250676762347,0.04016128833249609,0.07429405903980137,0.999420166015625,11,direct_w96,0,31.5
student_direct_w96_s0,test_w44-47,all,far,1.1557594902303847,100000,89372,0.81709,0.7122632080316508,0.8029763440451149,0.7605514031240209,0.7142146809962853,0.7938661610459652,0.7152911426397529,0.6943069118963434,0.09123207879163325,1.1063669919967651,0.2773250676762347,0.04016128833249609,0.07429405903980137,0.999420166015625,11,direct_w96,0,31.5
student_direct_w96_s0,test_w44-47,ge5,all,1.1557594902303847,94936,92436,0.8263777702873515,0.7194557963586802,0.8006493749689658,0.7675689125448959,0.7188787800663798,0.8062898713961241,0.6938638625643688,0.710652929880417,0.08741749253720761,1.037668228149414,0.2635182311514819,0.03675144462539464,0.07209869589506854,0.9363707900047302,11,direct_w96,0,31.5
student_direct_w96_s0,test_w44-47,ge5,near,1.1557594902303847,94936,10310,0.8263777702873515,0.7194557963586802,0.7539373618140992,0.8361784675072745,0.6860354930417363,0.8259155649868815,0.7204655674102812,0.7300132890588111,0.08741749253720761,1.037668228149414,0.2635182311514819,0.03675144462539464,0.07209869589506854,0.9363707900047302,11,direct_w96,0,31.5
student_direct_w96_s0,test_w44-47,ge5,far,1.1557594902303847,94936,82126,0.8263777702873515,0.7194557963586802,0.8065135453367748,0.7589557509193191,0.723001887111945,0.8038260852514111,0.6905243162944743,0.7082224535010823,0.08741749253720761,1.037668228149414,0.2635182311514819,0.03675144462539464,0.07209869589506854,0.9363707900047302,11,direct_w96,0,31.5
student_directTS_w96_s0,test_w44-47,all,all,,100000,100000,0.81709,0.7122632080316508,0.7998244448999998,0.76571,0.7117180959999999,0.79475942145,0.72143,0.6951684573,0.07429405903980137,0.999420166015625,0.26995269119295956,0.03994893286965044,,,11,directTS_w96,0,31.5
student_directTS_w96_s0,test_w44-47,all,near,,100000,10628,0.81709,0.7122632080316508,0.7514084559653745,0.8297892359804291,0.6778964584117426,0.8107472929996236,0.7573391042529168,0.7113951797139632,0.07429405903980137,0.999420166015625,0.26995269119295956,0.03994893286965044,,,11,directTS_w96,0,31.5
student_directTS_w96_s0,test_w44-47,all,far,,100000,89372,0.81709,0.7122632080316508,0.8055820102492951,0.7580897820346417,0.7157401203956496,0.7928581649174238,0.7171597368303272,0.6932387969386385,0.07429405903980137,0.999420166015625,0.26995269119295956,0.03994893286965044,,,11,directTS_w96,0,31.5
student_directTS_w96_s0,test_w44-47,ge5,all,,94936,92436,0.8263777702873515,0.7194557963586802,0.8037698845374683,0.7595633735773941,0.7208637337293771,0.8056203392603373,0.6948050543078454,0.7098263183352972,0.07209869589506854,0.9363707900047302,0.2565683037589425,0.036471298871504944,,,11,directTS_w96,0,31.5
student_directTS_w96_s0,test_w44-47,ge5,near,,94936,10310,0.8263777702873515,0.7194557963586802,0.7584793455626893,0.8273520853540253,0.6892789870302741,0.8261654561382186,0.7160038797284191,0.7296935177607424,0.07209869589506854,0.9363707900047302,0.2565683037589425,0.036471298871504944,,,11,directTS_w96,0,31.5
student_directTS_w96_s0,test_w44-47,ge5,far,,94936,82126,0.8263777702873515,0.7194557963586802,0.8094556047336301,0.7510532596254536,0.724828845124888,0.8030411298137436,0.6921437790711833,0.7073322138364009,0.07209869589506854,0.9363707900047302,0.2565683037589425,0.036471298871504944,,,11,directTS_w96,0,31.5
student_direct_w96_s0,test_w48-51,all,all,1.1557594902303847,100000,100000,0.80257,0.693097866292355,0.7964231105499999,0.7734,0.7013322926,0.79342315605,0.73815,0.6874631359000001,0.10274523032382132,1.2392648458480835,0.2998128104849319,0.044860389149795385,0.08562643278323112,1.1167478561401367,11,direct_w96,0,35.333333333333336
student_direct_w96_s0,test_w48-51,all,near,1.1557594902303847,100000,10972,0.80257,0.693097866292355,0.7367347060699964,0.8424170616113744,0.6590610873131608,0.7948087139992709,0.7984870579657309,0.6932843711265039,0.10274523032382132,1.2392648458480835,0.2998128104849319,0.044860389149795385,0.08562643278323112,1.1167478561401367,11,direct_w96,0,35.333333333333336
student_direct_w96_s0,test_w48-51,all,far,1.1557594902303847,100000,89028,0.80257,0.693097866292355,0.8037792364200027,0.7648941905917239,0.7065418858112055,0.7932523969425348,0.7307139326953318,0.6867457144943164,0.10274523032382132,1.2392648458480835,0.2998128104849319,0.044860389149795385,0.08562643278323112,1.1167478561401367,11,direct_w96,0,35.333333333333336
student_direct_w96_s0,test_w48-51,ge5,all,1.1557594902303847,94668,93780,0.8134533316432163,0.7019251265354748,0.8014637382487373,0.7675197270206867,0.71291655886043,0.8063223073921905,0.7188739603326936,0.7049244745617966,0.09722706107409726,1.1507928371429443,0.28292481467164626,0.04025461427393141,0.08174430503605443,1.0366421937942505,11,direct_w96,0,35.333333333333336
student_direct_w96_s0,test_w48-51,ge5,near,1.1557594902303847,94668,10675,0.8134533316432163,0.7019251265354748,0.7437858423803576,0.8401873536299765,0.671848682277688,0.8108071288503473,0.7728337236533958,0.7132579865699025,0.09722706107409726,1.1507928371429443,0.28292481467164626,0.04025461427393141,0.08174430503605443,1.0366421937942505,11,direct_w96,0,35.333333333333336
student_direct_w96_s0,test_w48-51,ge5,far,1.1557594902303847,94668,83105,0.8134533316432163,0.7019251265354748,0.8088725769274564,0.7581854280729198,0.7181918080334132,0.8057462232929685,0.7119427230611877,0.7038540186242894,0.09722706107409726,1.1507928371429443,0.28292481467164626,0.04025461427393141,0.08174430503605443,1.0366421937942505,11,direct_w96,0,35.333333333333336
student_directTS_w96_s0,test_w48-51,all,all,,100000,100000,0.80257,0.693097866292355,0.7991287734500001,0.77134,0.7029676693,0.79255506035,0.73765,0.6865075892000001,0.08562643278323112,1.1167478561401367,0.29154498607497475,0.044590415215073155,,,11,directTS_w96,0,35.333333333333336
student_directTS_w96_s0,test_w48-51,all,near,,100000,10972,0.80257,0.693097866292355,0.7405097270324462,0.8376777251184834,0.6617259961720744,0.7949238566350711,0.7953882610280715,0.6928496573095152,0.08562643278323112,1.1167478561401367,0.29154498607497475,0.044590415215073155,,,11,directTS_w96,0,35.333333333333336
student_directTS_w96_s0,test_w48-51,all,far,,100000,89028,0.80257,0.693097866292355,0.8063531093588534,0.763164397717572,0.7080503807790808,0.7922631248595947,0.7305342139551602,0.6857259792424854,0.08562643278323112,1.1167478561401367,0.29154498607497475,0.044590415215073155,,,11,directTS_w96,0,35.333333333333336
student_directTS_w96_s0,test_w48-51,ge5,all,,94668,93780,0.8134533316432163,0.7019251265354748,0.8045935661850725,0.7630838131797825,0.7149121436504328,0.8056754928942591,0.719449776071657,0.7041527721537414,0.08174430503605443,1.0366421937942505,0.27511401353703047,0.039893425945758426,,,11,directTS_w96,0,35.333333333333336
student_directTS_w96_s0,test_w48-51,ge5,near,,94668,10675,0.8134533316432163,0.7019251265354748,0.7481224100910674,0.8355971896955503,0.6749582443127513,0.8110615528158112,0.7718032786885246,0.7129569794956544,0.08174430503605443,1.0366421937942505,0.27511401353703047,0.039893425945758426,,,11,directTS_w96,0,35.333333333333336
student_directTS_w96_s0,test_w48-51,ge5,far,,94668,83105,0.8134533316432163,0.7019251265354748,0.8118473967765353,0.7537693279586066,0.7200443002647129,0.8049836429494596,0.712724866133205,0.7030218544788129,0.08174430503605443,1.0366421937942505,0.27511401353703047,0.039893425945758426,,,11,directTS_w96,0,35.333333333333336
student_kdA4_w96_s0,val,all,all,1.600441864412457,200000,53779,0.9443,0.9210127557499644,0.8763956513694935,0.7067070789713457,0.8591495384815633,0.8167945527064467,0.6804886665798918,0.7971541293999516,0.025152243657037644,0.22369496524333954,0.08317775368367632,0.0034909521728750735,0.00441695424139498,0.18982858955860138,11,kdA4_w96,0,1.0
student_kdA4_w96_s0,val,all,near,1.600441864412457,200000,10959,0.9443,0.9210127557499644,0.8552413098822884,0.6986951364175563,0.8385293922803176,0.7962646352313166,0.7226024272287618,0.7780938552787664,0.025152243657037644,0.22369496524333954,0.08317775368367632,0.0034909521728750735,0.00441695424139498,0.18982858955860138,11,kdA4_w96,0,1.0
student_kdA4_w96_s0,val,all,far,1.600441864412457,200000,42820,0.9443,0.9210127557499644,0.8818097202241943,0.7087575899112564,0.864426889771135,0.8220488115950491,0.6697104156936011,0.8020322598085007,0.025152243657037644,0.22369496524333954,0.08317775368367632,0.0034909521728750735,0.00441695424139498,0.18982858955860138,11,kdA4_w96,0,1.0
student_kdA4_w96_s0,val,ge5,all,1.600441864412457,191366,52270,0.9547098230615679,0.9337874253383596,0.8891857358380933,0.6504304572412474,0.8750359420427012,0.830044031097993,0.6228046680696384,0.8129156897046932,0.020539246076718747,0.17777575552463531,0.06796614881340879,0.002450226909588196,0.003938636791462169,0.150782510638237,11,kdA4_w96,0,1.0
student_kdA4_w96_s0,val,ge5,near,1.600441864412457,191366,10483,0.9547098230615679,0.9337874253383596,0.8651484016484531,0.6604025565200802,0.8518566924276506,0.807702549142843,0.6609749117619003,0.7918322023372576,0.020539246076718747,0.17777575552463531,0.06796614881340879,0.002450226909588196,0.003938636791462169,0.150782510638237,11,kdA4_w96,0,1.0
student_kdA4_w96_s0,val,ge5,far,1.600441864412457,191366,41787,0.9547098230615679,0.9337874253383596,0.8952159216449233,0.6479287816785124,0.8808508623220842,0.8356487827034167,0.6132289946634121,0.8182048513595819,0.020539246076718747,0.17777575552463531,0.06796614881340879,0.002450226909588196,0.003938636791462169,0.150782510638237,11,kdA4_w96,0,1.0
student_kdA4_w96_s0,test_w16-19,all,all,1.600441864412457,100000,100000,0.93676,0.9111665453740676,0.8683215314000001,0.63773,0.8442938708,0.84436719505,0.54975,0.8156448632000002,0.029320238280147282,0.2628801465034485,0.09483321652131382,0.004757405900549848,0.0040958169931172945,0.21862894296646118,11,kdA4_w96,0,3.5
student_kdA4_w96_s0,test_w16-19,all,near,1.600441864412457,100000,11980,0.93676,0.9111665453740676,0.8244709177796327,0.6531719532554258,0.8024293155258764,0.8268996272954925,0.5624373956594324,0.7992349749582638,0.029320238280147282,0.2628801465034485,0.09483321652131382,0.004757405900549848,0.0040958169931172945,0.21862894296646118,11,kdA4_w96,0,3.5
student_kdA4_w96_s0,test_w16-19,all,far,1.600441864412457,100000,88020,0.93676,0.9111665453740676,0.8742898380481708,0.635628266303113,0.8499918641217906,0.8467446258804816,0.5480231765507839,0.8178783381049762,0.029320238280147282,0.2628801465034485,0.09483321652131382,0.004757405900549848,0.0040958169931172945,0.21862894296646118,11,kdA4_w96,0,3.5
student_kdA4_w96_s0,test_w16-19,ge5,all,1.600441864412457,96085,89545,0.945631472134048,0.9204431816180311,0.8695944294976111,0.6291138533698141,0.8503101023996145,0.8444194898894082,0.5164665810486347,0.8196813293369702,0.025166006210958602,0.22272948920726776,0.08163040695613621,0.0036957298909473103,0.0035254109161369385,0.18505914509296417,11,kdA4_w96,0,3.5
student_kdA4_w96_s0,test_w16-19,ge5,near,1.600441864412457,96085,11402,0.945631472134048,0.9204431816180311,0.8292619580520547,0.633923873004736,0.8109469049546545,0.8322229068231763,0.536835642869672,0.8081417927581351,0.025166006210958602,0.22272948920726776,0.08163040695613621,0.0036957298909473103,0.0035254109161369385,0.18505914509296417,11,kdA4_w96,0,3.5
student_kdA4_w96_s0,test_w16-19,ge5,far,1.600441864412457,96085,78143,0.945631472134048,0.9204431816180311,0.8754794203403254,0.6284120138720038,0.8560536645519177,0.8461991174967585,0.5134944908693038,0.8213650859891577,0.025166006210958602,0.22272948920726776,0.08163040695613621,0.0036957298909473103,0.0035254109161369385,0.18505914509296417,11,kdA4_w96,0,3.5
student_kdA4_w96_s0,test_w20-23,all,all,1.600441864412457,100000,100000,0.92575,0.8898934810626286,0.858713994,0.66227,0.8282759245000001,0.8403966540500001,0.55164,0.8037497064000001,0.037242247014939805,0.33437633514404297,0.1139414499494734,0.006883708981901873,0.009508817951530194,0.2691075801849365,11,kdA4_w96,0,7.5
student_kdA4_w96_s0,test_w20-23,all,near,1.600441864412457,100000,13417,0.92575,0.8898934810626286,0.8076737448759037,0.6742938063650592,0.7801173093836178,0.8193966587165535,0.5548930461354997,0.7842065774763359,0.037242247014939805,0.33437633514404297,0.1139414499494734,0.006883708981901873,0.009508817951530194,0.2691075801849365,11,kdA4_w96,0,7.5
student_kdA4_w96_s0,test_w20-23,all,far,1.600441864412457,100000,86583,0.92575,0.8898934810626286,0.8666232489634225,0.6604067773119434,0.8357386381853251,0.843650837173579,0.5511359042768211,0.8067781318503632,0.037242247014939805,0.33437633514404297,0.1139414499494734,0.006883708981901873,0.009508817951530194,0.2691075801849365,11,kdA4_w96,0,7.5
student_kdA4_w96_s0,test_w20-23,ge5,all,1.600441864412457,95941,89776,0.9345743738339187,0.898681308816991,0.8595682039661765,0.6633510069506326,0.8342001950509629,0.8401531361956136,0.5307765995366245,0.8080407417108555,0.03329160984060893,0.2972129285335541,0.10102764819376103,0.005588190496016381,0.008730312995125342,0.2373252809047699,11,kdA4_w96,0,7.5
student_kdA4_w96_s0,test_w20-23,ge5,near,1.600441864412457,95941,12762,0.9345743738339187,0.898681308816991,0.8119040312022721,0.6643159379407616,0.7882851773743874,0.8243302970503305,0.5366713681241185,0.7931143407412107,0.03329160984060893,0.2972129285335541,0.10102764819376103,0.005588190496016381,0.008730312995125342,0.2373252809047699,11,kdA4_w96,0,7.5
student_kdA4_w96_s0,test_w20-23,ge5,far,1.600441864412457,95941,77014,0.9345743738339187,0.898681308816991,0.8674666402610445,0.6631911081102138,0.8418087786278249,0.8427751409372464,0.5297997766639831,0.8105141975653055,0.03329160984060893,0.2972129285335541,0.10102764819376103,0.005588190496016381,0.008730312995125342,0.2373252809047699,11,kdA4_w96,0,7.5
student_kdA4_w96_s0,test_w24-27,all,all,1.600441864412457,100000,100000,0.91714,0.8628191886255022,0.8460159238,0.67474,0.8114222109,0.8254201754,0.57246,0.7843573935999999,0.044288533806353766,0.39771562814712524,0.12818969581855152,0.00881212852058099,0.01325145809322598,0.31146565079689026,11,kdA4_w96,0,11.5
student_kdA4_w96_s0,test_w24-27,all,near,1.600441864412457,100000,12494,0.91714,0.8628191886255022,0.8030278269569393,0.6830478629742276,0.7711985657115416,0.8142397466784057,0.5746758444053146,0.7744465263326397,0.044288533806353766,0.39771562814712524,0.12818969581855152,0.00881212852058099,0.01325145809322598,0.31146565079689026,11,kdA4_w96,0,11.5
student_kdA4_w96_s0,test_w24-27,all,far,1.600441864412457,100000,87506,0.91714,0.8628191886255022,0.8521537118597583,0.6735538134527919,0.8171652939227025,0.8270165033826251,0.5721436244371815,0.7857724551459329,0.044288533806353766,0.39771562814712524,0.12818969581855152,0.00881212852058099,0.01325145809322598,0.31146565079689026,11,kdA4_w96,0,11.5
student_kdA4_w96_s0,test_w24-27,ge5,all,1.600441864412457,96204,89771,0.9249303563261403,0.8699719583470122,0.8442297485701102,0.6858896525604037,0.8147968208017204,0.8228616843229666,0.5700170433658976,0.7863679712377213,0.040200599878196186,0.35912394523620605,0.1165864029845143,0.00750049650972904,0.012293492834843923,0.2803191542625427,11,kdA4_w96,0,11.5
student_kdA4_w96_s0,test_w24-27,ge5,near,1.600441864412457,96204,11977,0.9249303563261403,0.8699719583470122,0.8068953164729787,0.6778826083326376,0.7787314585572481,0.8192239770350798,0.564331635634967,0.7830068951506214,0.040200599878196186,0.35912394523620605,0.1165864029845143,0.00750049650972904,0.012293492834843923,0.2803191542625427,11,kdA4_w96,0,11.5
student_kdA4_w96_s0,test_w24-27,ge5,far,1.600441864412457,96204,77794,0.9249303563261403,0.8699719583470122,0.8499776789147042,0.6871224001851043,0.8203493678310808,0.8234217380570209,0.5708923567370234,0.7868854354161305,0.040200599878196186,0.35912394523620605,0.1165864029845143,0.00750049650972904,0.012293492834843923,0.2803191542625427,11,kdA4_w96,0,11.5
student_kdA4_w96_s0,test_w28-31,all,all,1.600441864412457,100000,100000,0.89898,0.8055960261848584,0.8285011923500001,0.69815,0.7851964491000001,0.8160899002,0.61579,0.7661199755000001,0.056651158947497594,0.526076078414917,0.1580723283040643,0.01282092173128841,0.020305910081565376,0.40207400918006897,11,kdA4_w96,0,15.5
student_kdA4_w96_s0,test_w28-31,all,near,1.600441864412457,100000,15990,0.89898,0.8055960261848584,0.7934112745465915,0.707942464040025,0.7532130368980613,0.8080228314571607,0.6207004377736085,0.7599559061913697,0.056651158947497594,0.526076078414917,0.1580723283040643,0.01282092173128841,0.020305910081565376,0.40207400918006897,11,kdA4_w96,0,15.5
student_kdA4_w96_s0,test_w28-31,all,far,1.600441864412457,100000,84010,0.89898,0.8055960261848584,0.8351800137483633,0.6962861564099512,0.7912839953576957,0.8176253415664801,0.6148553743601952,0.7672932104511367,0.056651158947497594,0.526076078414917,0.1580723283040643,0.01282092173128841,0.020305910081565376,0.40207400918006897,11,kdA4_w96,0,15.5
student_kdA4_w96_s0,test_w28-31,ge5,all,1.600441864412457,95576,94669,0.9073198292458358,0.8128895584609906,0.8322900661280572,0.694102610146933,0.7936662430387265,0.8217284812260146,0.596974722454024,0.7754690312599499,0.051596174129628955,0.47692227363586426,0.14490273056896188,0.011077430940834857,0.018618025133082035,0.3644274175167084,11,kdA4_w96,0,15.5
student_kdA4_w96_s0,test_w28-31,ge5,near,1.600441864412457,95576,15420,0.9073198292458358,0.8128895584609906,0.7978942871683484,0.7072632944228275,0.762088615525966,0.8150975603636119,0.6065499351491569,0.7705813313275006,0.051596174129628955,0.47692227363586426,0.14490273056896188,0.011077430940834857,0.018618025133082035,0.3644274175167084,11,kdA4_w96,0,15.5
student_kdA4_w96_s0,test_w28-31,ge5,far,1.600441864412457,95576,79249,0.9073198292458358,0.8128895584609906,0.8389826794299124,0.6915418491085061,0.799810510048364,0.8230187031808436,0.5951116102411387,0.7764200632345915,0.051596174129628955,0.47692227363586426,0.14490273056896188,0.011077430940834857,0.018618025133082035,0.3644274175167084,11,kdA4_w96,0,15.5
student_kdA4_w96_s0,test_w32-35,all,all,1.600441864412457,100000,100000,0.87125,0.7706469024689238,0.8097940679,0.72676,0.7517237460000001,0.80062013315,0.66491,0.7350614885999999,0.07759243338197466,0.735156774520874,0.20573847168014975,0.020342341379723187,0.036926862895041684,0.5432520508766174,11,kdA4_w96,0,19.5
student_kdA4_w96_s0,test_w32-35,all,near,1.600441864412457,100000,16559,0.87125,0.7706469024689238,0.7637809173259255,0.758560299534996,0.7126402482033939,0.7824750196267891,0.6626607886949695,0.7199930484932666,0.07759243338197466,0.735156774520874,0.20573847168014975,0.020342341379723187,0.036926862895041684,0.5432520508766174,11,kdA4_w96,0,19.5
student_kdA4_w96_s0,test_w32-35,all,far,1.600441864412457,100000,83441,0.87125,0.7706469024689238,0.8189254512769502,0.7204491796598794,0.7594799286921298,0.8042210599705181,0.6653563595834182,0.7380518446567036,0.07759243338197466,0.735156774520874,0.20573847168014975,0.020342341379723187,0.036926862895041684,0.5432520508766174,11,kdA4_w96,0,19.5
student_kdA4_w96_s0,test_w32-35,ge5,all,1.600441864412457,95262,94615,0.8812957947555163,0.7782176153875342,0.813188182238382,0.7261533583469851,0.7604786766560488,0.8063321141245314,0.6461131955820959,0.7455665035886593,0.07067911572406659,0.6713865995407104,0.19019260409898234,0.018010926066669257,0.03344590782813239,0.4967072606086731,11,kdA4_w96,0,19.5
student_kdA4_w96_s0,test_w32-35,ge5,near,1.600441864412457,95262,16006,0.8812957947555163,0.7782176153875342,0.7684544840372145,0.7622141696863676,0.7220920759248044,0.7896318243101363,0.6460077470948394,0.7315949669080892,0.07067911572406659,0.6713865995407104,0.19019260409898234,0.018010926066669257,0.03344590782813239,0.4967072606086731,11,kdA4_w96,0,19.5
student_kdA4_w96_s0,test_w32-35,ge5,far,1.600441864412457,95262,78609,0.8812957947555163,0.7782176153875342,0.8222966503960726,0.7188108231881846,0.7682947782640618,0.8097325496824093,0.6461346665140124,0.7484113230890881,0.07067911572406659,0.6713865995407104,0.19019260409898234,0.018010926066669257,0.03344590782813239,0.4967072606086731,11,kdA4_w96,0,19.5
student_kdA4_w96_s0,test_w36-39,all,all,1.600441864412457,100000,100000,0.85202,0.7547639419638191,0.81334130895,0.73107,0.7421552288000001,0.80568877865,0.70019,0.7272969083000002,0.09177103838741776,0.8453139662742615,0.23695516279104328,0.026790991169467267,0.04995856561169032,0.6189926266670227,11,kdA4_w96,0,23.5
student_kdA4_w96_s0,test_w36-39,all,near,1.600441864412457,100000,12548,0.85202,0.7547639419638191,0.7634995333917756,0.7361332483264266,0.6993516895122729,0.7866584571246413,0.645680586547657,0.709257522314313,0.09177103838741776,0.8453139662742615,0.23695516279104328,0.026790991169467267,0.04995856561169032,0.6189926266670227,11,kdA4_w96,0,23.5
student_kdA4_w96_s0,test_w36-39,all,far,1.600441864412457,100000,87452,0.85202,0.7547639419638191,0.8204928274939396,0.730343502721493,0.7482968700544299,0.808419333405754,0.7080112518867493,0.7298852792388968,0.09177103838741776,0.8453139662742615,0.23695516279104328,0.026790991169467267,0.04995856561169032,0.6189926266670227,11,kdA4_w96,0,23.5
student_kdA4_w96_s0,test_w36-39,ge5,all,1.600441864412457,95184,91735,0.8643574550344596,0.7624052448176638,0.8146660554434904,0.7352373685071129,0.7500642098019573,0.8105681660147481,0.6595737722788467,0.7377692066674947,0.0835380263931537,0.7751211524009705,0.2188831139436315,0.023981992903486734,0.04575040508725428,0.5671256184577942,11,kdA4_w96,0,23.5
student_kdA4_w96_s0,test_w36-39,ge5,near,1.600441864412457,95184,12085,0.8643574550344596,0.7624052448176638,0.767454698981475,0.7418287132809268,0.7089836001197045,0.7930712888611258,0.6062060405461316,0.7213086151262423,0.0835380263931537,0.7751211524009705,0.2188831139436315,0.023981992903486734,0.04575040508725428,0.5671256184577942,11,kdA4_w96,0,23.5
student_kdA4_w96_s0,test_w36-39,ge5,far,1.600441864412457,95184,79650,0.8643574550344596,0.7624052448176638,0.8218292599989638,0.7342372881355932,0.7562972188165213,0.8132229024918546,0.6676710608913998,0.7402667113602258,0.0835380263931537,0.7751211524009705,0.2188831139436315,0.023981992903486734,0.04575040508725428,0.5671256184577942,11,kdA4_w96,0,23.5
student_kdA4_w96_s0,test_w40-43,all,all,1.600441864412457,100000,100000,0.84501,0.7453883443657029,0.80756124185,0.73467,0.7327403204999998,0.7990044341499999,0.69485,0.7169818923,0.09772759646460413,0.9089168906211853,0.24850061609632274,0.028938075483970465,0.05440071086898445,0.6597425937652588,11,kdA4_w96,0,27.5
student_kdA4_w96_s0,test_w40-43,all,near,1.600441864412457,100000,10904,0.84501,0.7453883443657029,0.7528886491195891,0.747982391782832,0.6868718745414527,0.777766902054292,0.6544387380777696,0.6978245781364637,0.09772759646460413,0.9089168906211853,0.24850061609632274,0.028938075483970465,0.05440071086898445,0.6597425937652588,11,kdA4_w96,0,27.5
student_kdA4_w96_s0,test_w40-43,all,far,1.600441864412457,100000,89096,0.84501,0.7453883443657029,0.8142523385449403,0.7330407650175093,0.7383539230717427,0.8016035861879321,0.6997957259585167,0.7193264571922422,0.09772759646460413,0.9089168906211853,0.24850061609632274,0.028938075483970465,0.05440071086898445,0.6597425937652588,11,kdA4_w96,0,27.5
student_kdA4_w96_s0,test_w40-43,ge5,all,1.600441864412457,95288,93977,0.8562673159264546,0.7544388636316505,0.8116620945579452,0.73148749162029,0.7422221492554308,0.8076115831633751,0.6666950424039925,0.7298731741316117,0.09046125224956526,0.8388329148292542,0.23180619534595423,0.026117621176526194,0.050804238546482985,0.6081526279449463,11,kdA4_w96,0,27.5
student_kdA4_w96_s0,test_w40-43,ge5,near,1.600441864412457,95288,10557,0.8562673159264546,0.7544388636316505,0.7571802550939295,0.750402576489533,0.69628094233552,0.78527082556112,0.6263142938334754,0.710058898872711,0.09046125224956526,0.8388329148292542,0.23180619534595423,0.026117621176526194,0.050804238546482985,0.6081526279449463,11,kdA4_w96,0,27.5
student_kdA4_w96_s0,test_w40-43,ge5,far,1.600441864412457,95288,83420,0.8562673159264546,0.7544388636316505,0.8185569013095828,0.7290937425077919,0.7480361185847701,0.8104388593322436,0.6718053224646368,0.7323807179329568,0.09046125224956526,0.8388329148292542,0.23180619534595423,0.026117621176526194,0.050804238546482985,0.6081526279449463,11,kdA4_w96,0,27.5
student_kdA4_w96_s0,test_w44-47,all,all,1.600441864412457,100000,100000,0.82421,0.7196816595766244,0.7961829364499999,0.75453,0.7098710718,0.7837769438,0.73646,0.6944471569999999,0.11279097854077816,1.1262743473052979,0.28473187180884313,0.03714292081188408,0.0641143273678422,0.8070414662361145,11,kdA4_w96,0,31.5
student_kdA4_w96_s0,test_w44-47,all,near,1.600441864412457,100000,10628,0.82421,0.7196816595766244,0.7369464772299585,0.7813323296951449,0.6622075969138126,0.761443417858487,0.7376740684983064,0.6759208336469702,0.11279097854077816,1.1262743473052979,0.28473187180884313,0.03714292081188408,0.0641143273678422,0.8070414662361145,11,kdA4_w96,0,31.5
student_kdA4_w96_s0,test_w44-47,all,far,1.600441864412457,100000,89372,0.82421,0.7196816595766244,0.8032272578100523,0.7513427024123887,0.7155391491742381,0.786432817157499,0.7363156245804054,0.6966502828626416,0.11279097854077816,1.1262743473052979,0.28473187180884313,0.03714292081188408,0.0641143273678422,0.8070414662361145,11,kdA4_w96,0,31.5
student_kdA4_w96_s0,test_w44-47,ge5,all,1.600441864412457,94936,92436,0.8351626358810146,0.7281257863547522,0.7983088433282408,0.7519472932623653,0.7181732773474168,0.7896955391609677,0.7222510710112943,0.7055656339813303,0.10499028502554998,1.0387212038040161,0.26785682973813046,0.0336479359577327,0.05996494458378834,0.7450558543205261,11,kdA4_w96,0,31.5
student_kdA4_w96_s0,test_w44-47,ge5,near,1.600441864412457,94936,10310,0.8351626358810146,0.7281257863547522,0.7405138073721541,0.7838021338506305,0.6713095736475324,0.7690547047387561,0.7133850630455868,0.6884441523196351,0.10499028502554998,1.0387212038040161,0.26785682973813046,0.0336479359577327,0.05996494458378834,0.7450558543205261,11,kdA4_w96,0,31.5
student_kdA4_w96_s0,test_w44-47,ge5,far,1.600441864412457,94936,82126,0.8351626358810146,0.7281257863547522,0.8055643631478748,0.7479482746024402,0.7240564907651627,0.7922867648738113,0.7233640990672868,0.7077150443499355,0.10499028502554998,1.0387212038040161,0.26785682973813046,0.0336479359577327,0.05996494458378834,0.7450558543205261,11,kdA4_w96,0,31.5
student_kdA4_w96_s0,test_w48-51,all,all,1.600441864412457,100000,100000,0.81162,0.7087885304632987,0.795643656,0.74402,0.7004889259999999,0.7800090285,0.73288,0.6822667836999999,0.12480602467738094,1.2866482734680176,0.3074598360070346,0.04172122844272309,0.07420673897758129,0.9094213247299194,11,kdA4_w96,0,35.333333333333336
student_kdA4_w96_s0,test_w48-51,all,near,1.600441864412457,100000,10972,0.81162,0.7087885304632987,0.7222790484870579,0.7727852716004375,0.6424732026977762,0.743433518045935,0.7371491068173532,0.652446548487058,0.12480602467738094,1.2866482734680176,0.3074598360070346,0.04172122844272309,0.07420673897758129,0.9094213247299194,11,kdA4_w96,0,35.333333333333336
student_kdA4_w96_s0,test_w48-51,all,far,1.600441864412457,100000,89028,0.81162,0.7087885304632987,0.8046852662083839,0.7404749067709036,0.7076389070854113,0.7845166721705531,0.7323538661993979,0.685941892887631,0.12480602467738094,1.2866482734680176,0.3074598360070346,0.04172122844272309,0.07420673897758129,0.9094213247299194,11,kdA4_w96,0,35.333333333333336
student_kdA4_w96_s0,test_w48-51,ge5,all,1.600441864412457,94668,93780,0.823625723581358,0.7178424480876077,0.7981590000156161,0.7448709746214545,0.7102731375477461,0.7870898898583634,0.7206333973128599,0.6953919800522215,0.11600569698378921,1.1695257425308228,0.288630040705223,0.03736414260555656,0.06876125251091632,0.8288862109184265,11,kdA4_w96,0,35.333333333333336
student_kdA4_w96_s0,test_w48-51,ge5,near,1.600441864412457,94668,10675,0.823625723581358,0.7178424480876077,0.7264747488301037,0.7766744730679157,0.6529106249682731,0.7514181195191796,0.711943793911007,0.6659963096472534,0.11600569698378921,1.1695257425308228,0.288630040705223,0.03736414260555656,0.06876125251091632,0.8288862109184265,11,kdA4_w96,0,35.333333333333336
student_kdA4_w96_s0,test_w48-51,ge5,far,1.600441864412457,94668,83105,0.823625723581358,0.7178424480876077,0.8073669824643901,0.740785752963119,0.7176414646253692,0.7916719986168108,0.721749593887251,0.699167911483219,0.11600569698378921,1.1695257425308228,0.288630040705223,0.03736414260555656,0.06876125251091632,0.8288862109184265,11,kdA4_w96,0,35.333333333333336
student_direct_w96_s1,val,all,all,1.1486467518930095,200000,53779,0.953105,0.9315316589888244,0.8611216236821063,0.7006824225069265,0.8480359368898641,0.826828466641254,0.7219918555570018,0.8098268257126386,0.003664224701598246,0.169373020529747,0.0674436544923385,0.002678347982285913,0.005151775280386224,0.16707231104373932,11,direct_w96,1,1.0
student_direct_w96_s1,val,all,near,1.1486467518930095,200000,10959,0.953105,0.9315316589888244,0.8491430082580528,0.6621954557897618,0.8350160639656903,0.7649762945980472,0.7152112419016333,0.748799826170271,0.003664224701598246,0.169373020529747,0.0674436544923385,0.002678347982285913,0.005151775280386224,0.16707231104373932,11,direct_w96,1,1.0
student_direct_w96_s1,val,all,far,1.1486467518930095,200000,42820,0.953105,0.9315316589888244,0.864187332379729,0.7105324614666044,0.8513681365016348,0.8426584048341896,0.7237272302662308,0.8254455760158803,0.003664224701598246,0.169373020529747,0.0674436544923385,0.002678347982285913,0.005151775280386224,0.16707231104373932,11,direct_w96,1,1.0
student_direct_w96_s1,val,ge5,all,1.1486467518930095,191366,52270,0.961497862734237,0.9420657150812554,0.874839667552908,0.6443466615649512,0.8637018312820036,0.8448960642811667,0.6576812703271475,0.8295520647192565,0.0037752254471616967,0.1369027942419052,0.0559954438952138,0.001937091010310209,0.0037259895585346836,0.13463276624679565,11,direct_w96,1,1.0
student_direct_w96_s1,val,ge5,near,1.1486467518930095,191366,10483,0.961497862734237,0.9420657150812554,0.8589091676733522,0.6153772774968997,0.8471326461242753,0.777566345537702,0.6559191071258228,0.7631111691951407,0.0037752254471616967,0.1369027942419052,0.0559954438952138,0.001937091010310209,0.0037259895585346836,0.13463276624679565,11,direct_w96,1,1.0
student_direct_w96_s1,val,ge5,far,1.1486467518930095,191366,41787,0.961497862734237,0.9420657150812554,0.8788361121466186,0.6516141383683921,0.8678585012513357,0.8617869021395377,0.658123339794673,0.84621992572338,0.0037752254471616967,0.1369027942419052,0.0559954438952138,0.001937091010310209,0.0037259895585346836,0.13463276624679565,11,direct_w96,1,1.0
student_directTS_w96_s1,val,all,all,,200000,53779,0.953105,0.9315316589888244,0.8611517195373659,0.6996411238587553,0.8480207232376951,0.8259371528849551,0.7254132654009929,0.8088000565276409,0.005151775280386224,0.16707231104373932,0.06747458225947942,0.0026702304078547274,,,11,directTS_w96,1,1.0
student_directTS_w96_s1,val,all,near,,200000,10959,0.953105,0.9315316589888244,0.848892266630167,0.6588192353316908,0.8344119449767315,0.7635508654986769,0.7164887307236062,0.7472487717857469,0.005151775280386224,0.16707231104373932,0.06747458225947942,0.0026702304078547274,,,11,directTS_w96,1,1.0
student_directTS_w96_s1,val,all,far,,200000,42820,0.953105,0.9315316589888244,0.8642893034796825,0.7100887435777674,0.8515036424567958,0.8419037881830921,0.727697337692667,0.8245529880896778,0.005151775280386224,0.16707231104373932,0.06747458225947942,0.0026702304078547274,,,11,directTS_w96,1,1.0
student_directTS_w96_s1,val,ge5,all,,191366,52270,0.961497862734237,0.9420657150812554,0.875328716519585,0.6409986607996939,0.8640396269494741,0.8440155560405934,0.6601492251769657,0.8285663278490417,0.0037259895585346836,0.13463276624679565,0.05592502818919125,0.001927625797871583,,,11,directTS_w96,1,1.0
student_directTS_w96_s1,val,ge5,near,,191366,10483,0.961497862734237,0.9420657150812554,0.8591473132963643,0.6121339311265859,0.8468548425054584,0.7761782376720728,0.6583993131737098,0.7616252900322591,0.0037259895585346836,0.13463276624679565,0.05592502818919125,0.001927625797871583,,,11,directTS_w96,1,1.0
student_directTS_w96_s1,val,ge5,far,,191366,41787,0.961497862734237,0.9420657150812554,0.8793881046065264,0.6482398832172686,0.8683507307694809,0.8610337341452001,0.6605882212171249,0.8453596582971079,0.0037259895585346836,0.13463276624679565,0.05592502818919125,0.001927625797871583,,,11,directTS_w96,1,1.0
student_direct_w96_s1,test_w16-19,all,all,1.1486467518930095,100000,100000,0.94498,0.9195753663004153,0.87624235525,0.60575,0.8554719514,0.8582505578999999,0.62894,0.83269581,0.007976953869461992,0.22093330323696136,0.07932490418709919,0.003749273762803721,0.00417874680235982,0.2131313681602478,11,direct_w96,1,3.5
student_direct_w96_s1,test_w16-19,all,near,1.1486467518930095,100000,11980,0.94498,0.9195753663004153,0.8617939970784642,0.6837228714524207,0.8439059949916528,0.8775467107679467,0.6424874791318865,0.8515401661101837,0.007976953869461992,0.22093330323696136,0.07932490418709919,0.003749273762803721,0.00417874680235982,0.2131313681602478,11,direct_w96,1,3.5
student_direct_w96_s1,test_w16-19,all,far,1.1486467518930095,100000,88020,0.94498,0.9195753663004153,0.8782088552601681,0.5951374687571006,0.8570461408770732,0.8556242467052942,0.6270961145194274,0.8301309907975462,0.007976953869461992,0.22093330323696136,0.07932490418709919,0.003749273762803721,0.00417874680235982,0.2131313681602478,11,direct_w96,1,3.5
student_direct_w96_s1,test_w16-19,ge5,all,1.1486467518930095,96085,89545,0.9521985741791122,0.9273085348207214,0.8790490142016563,0.603573622201128,0.861885692584837,0.8641479353625594,0.585336981405997,0.8415035926614627,0.007524566244817274,0.19309338927268982,0.06924802930206803,0.0029444610975724633,0.0032826909973264567,0.18543264269828796,11,direct_w96,1,3.5
student_direct_w96_s1,test_w16-19,ge5,near,1.1486467518930095,96085,11402,0.9521985741791122,0.9273085348207214,0.8706564075285728,0.659445711278723,0.8552313450466669,0.8900834318543802,0.5856867216277846,0.8666026671974876,0.007524566244817274,0.19309338927268982,0.06924802930206803,0.0029444610975724633,0.0032826909973264567,0.18543264269828796,11,direct_w96,1,3.5
student_direct_w96_s1,test_w16-19,ge5,far,1.1486467518930095,96085,78143,0.9521985741791122,0.9273085348207214,0.8802735960744599,0.595421214952075,0.8628566416222456,0.8603636356684122,0.5852859501170931,0.8378413369525735,0.007524566244817274,0.19309338927268982,0.06924802930206803,0.0029444610975724633,0.0032826909973264567,0.18543264269828796,11,direct_w96,1,3.5
student_directTS_w96_s1,test_w16-19,all,all,,100000,100000,0.94498,0.9195753663004153,0.8772509942,0.60133,0.8561848326999999,0.8573227298000001,0.63263,0.831689001,0.00417874680235982,0.2131313681602478,0.07899209677459151,0.0037300101955052866,,,11,directTS_w96,1,3.5
student_directTS_w96_s1,test_w16-19,all,near,,100000,11980,0.94498,0.9195753663004153,0.8639693535058431,0.670534223706177,0.8457997378964943,0.8769646652754591,0.6439899833055092,0.8507517579298831,0.00417874680235982,0.2131313681602478,0.07899209677459151,0.0037300101955052866,,,11,directTS_w96,1,3.5
student_directTS_w96_s1,test_w16-19,all,far,,100000,88020,0.94498,0.9195753663004153,0.8790586976255396,0.5919109293342422,0.8575983004998863,0.8546493557146102,0.631083844580777,0.8290944562599408,0.00417874680235982,0.2131313681602478,0.07899209677459151,0.0037300101955052866,,,11,directTS_w96,1,3.5
student_directTS_w96_s1,test_w16-19,ge5,all,,96085,89545,0.9521985741791122,0.9273085348207214,0.880239733608055,0.5954101289854263,0.8627680581818219,0.8633418371688364,0.5898151767267854,0.8406074277911557,0.0032826909973264567,0.18543264269828796,0.06888281914462234,0.0029254196896574985,,,11,directTS_w96,1,3.5
student_directTS_w96_s1,test_w16-19,ge5,near,,96085,11402,0.9521985741791122,0.9273085348207214,0.8730741976735082,0.6519031748815998,0.8573606711526659,0.8894729538470225,0.5892825820031573,0.8658168680804924,0.0032826909973264567,0.18543264269828796,0.06888281914462234,0.0029254196896574985,,,11,directTS_w96,1,3.5
student_directTS_w96_s1,test_w16-19,ge5,far,,96085,78143,0.9521985741791122,0.9273085348207214,0.8812852711574927,0.5871671166963132,0.8635570607400348,0.859528994145601,0.5898928886784485,0.8369290683964689,0.0032826909973264567,0.18543264269828796,0.06888281914462234,0.0029254196896574985,,,11,directTS_w96,1,3.5
student_direct_w96_s1,test_w20-23,all,all,1.1486467518930095,100000,100000,0.9318,0.8950012291029655,0.86512977985,0.65286,0.8383146244999999,0.86064117875,0.61737,0.8247019772999999,0.014522739325165769,0.29259979724884033,0.09898326148768481,0.005727970968618101,0.005240667932629605,0.2780858278274536,11,direct_w96,1,7.5
student_direct_w96_s1,test_w20-23,all,near,1.1486467518930095,100000,13417,0.9318,0.8950012291029655,0.8450798956547663,0.6970261608407244,0.8214506096742937,0.8788326753372587,0.6344190206454497,0.8424712424536036,0.014522739325165769,0.29259979724884033,0.09898326148768481,0.005727970968618101,0.005240667932629605,0.2780858278274536,11,direct_w96,1,7.5
student_direct_w96_s1,test_w20-23,all,far,1.1486467518930095,100000,86583,0.9318,0.8950012291029655,0.8682367326726956,0.6460159615628934,0.8409278913874548,0.8578222037813428,0.6147280644006329,0.8219484317937701,0.014522739325165769,0.29259979724884033,0.09898326148768481,0.005727970968618101,0.005240667932629605,0.2780858278274536,11,direct_w96,1,7.5
student_direct_w96_s1,test_w20-23,ge5,all,1.1486467518930095,95941,89776,0.9382224492135792,0.9010382597439169,0.8672836320938058,0.6571689538406701,0.8442453405108842,0.8671661045091519,0.5834855640705756,0.8341666710382517,0.014995099441653819,0.26999327540397644,0.09005316438417227,0.0047602927547185465,0.0065873016263993485,0.2548413872718811,11,direct_w96,1,7.5
student_direct_w96_s1,test_w20-23,ge5,near,1.1486467518930095,95941,12762,0.9382224492135792,0.9010382597439169,0.8535635994886707,0.6785770255445855,0.8322252770923028,0.8919512753098021,0.5912082745651152,0.8579780520605799,0.014995099441653819,0.26999327540397644,0.09005316438417227,0.0047602927547185465,0.0065873016263993485,0.2548413872718811,11,direct_w96,1,7.5
student_direct_w96_s1,test_w20-23,ge5,far,1.1486467518930095,95941,77014,0.9382224492135792,0.9010382597439169,0.8695571804889902,0.6536214194821721,0.8462371867901054,0.863058950618198,0.5822058327057418,0.8302208839786659,0.014995099441653819,0.26999327540397644,0.09005316438417227,0.0047602927547185465,0.0065873016263993485,0.2548413872718811,11,direct_w96,1,7.5
student_directTS_w96_s1,test_w20-23,all,all,,100000,100000,0.9318,0.8950012291029655,0.8666293737499999,0.63994,0.8392749546,0.8599097146,0.6184,0.82385005,0.005240667932629605,0.2780858278274536,0.09821459937277856,0.0057204143965253135,,,11,directTS_w96,1,7.5
student_directTS_w96_s1,test_w20-23,all,near,,100000,13417,0.9318,0.8950012291029655,0.8477055045837371,0.68569724975777,0.8235293597674593,0.8785050104345234,0.6322575836625177,0.841883933815309,0.005240667932629605,0.2780858278274536,0.09821459937277856,0.0057204143965253135,,,11,directTS_w96,1,7.5
student_directTS_w96_s1,test_w20-23,all,far,,100000,86583,0.9318,0.8950012291029655,0.8695618380051511,0.6328494046175346,0.8417149098552834,0.8570281664414493,0.6162526130995692,0.8210554988854625,0.005240667932629605,0.2780858278274536,0.09821459937277856,0.0057204143965253135,,,11,directTS_w96,1,7.5
student_directTS_w96_s1,test_w20-23,ge5,all,,95941,89776,0.9382224492135792,0.9010382597439169,0.8689788656108566,0.6472888076991623,0.8454424749021154,0.866584494195217,0.5874175726252004,0.833450478501042,0.0065873016263993485,0.2548413872718811,0.08909265906235726,0.004736686419244004,,,11,directTS_w96,1,7.5
student_directTS_w96_s1,test_w20-23,ge5,near,,95941,12762,0.9382224492135792,0.9010382597439169,0.8564285135237798,0.6677636734054223,0.8345771304515608,0.8916145836056608,0.5939507914120044,0.857412359033845,0.0065873016263993485,0.2548413872718811,0.08909265906235726,0.004736686419244004,,,11,directTS_w96,1,7.5
student_directTS_w96_s1,test_w20-23,ge5,far,,95941,77014,0.9382224492135792,0.9010382597439169,0.8710585860946035,0.6438959150284363,0.8472429725503091,0.8624367548094418,0.5863349520866336,0.829479752147916,0.0065873016263993485,0.2548413872718811,0.08909265906235726,0.004736686419244004,,,11,directTS_w96,1,7.5
student_direct_w96_s1,test_w24-27,all,all,1.1486467518930095,100000,100000,0.91684,0.8558334722542026,0.8513289254,0.67471,0.8160274311999999,0.8492860435999999,0.6279,0.8049426548,0.025278613225966716,0.39728567004203796,0.12324889895468147,0.008943947040077588,0.014668136315643766,0.37078791856765747,11,direct_w96,1,11.5
student_direct_w96_s1,test_w24-27,all,near,1.1486467518930095,100000,12494,0.91684,0.8558334722542026,0.8304253309588603,0.7442772530814791,0.8002804602209059,0.869587001360653,0.6676004482151433,0.8253710012806146,0.025278613225966716,0.39728567004203796,0.12324889895468147,0.008943947040077588,0.014668136315643766,0.37078791856765747,11,direct_w96,1,11.5
student_direct_w96_s1,test_w24-27,all,far,1.1486467518930095,100000,87506,0.91684,0.8558334722542026,0.8543135151303911,0.6647772724156058,0.8182757645190043,0.8463874976001646,0.6222316184033095,0.8020259203940302,0.025278613225966716,0.39728567004203796,0.12324889895468147,0.008943947040077588,0.014668136315643766,0.37078791856765747,11,direct_w96,1,11.5
student_direct_w96_s1,test_w24-27,ge5,all,1.1486467518930095,96204,89771,0.9224252629828281,0.8607227453912666,0.8504794688187344,0.6935090396675987,0.8194589717776677,0.8540803866945285,0.6035468024194895,0.8127999628273553,0.025541652170566035,0.3741368353366852,0.11520732274149643,0.007872572309665244,0.01624705442249299,0.34752342104911804,11,direct_w96,1,11.5
student_direct_w96_s1,test_w24-27,ge5,near,1.1486467518930095,96204,11977,0.9224252629828281,0.8607227453912666,0.8381454072747438,0.7324037738999749,0.8100493618964852,0.8829520979233871,0.6286215245887952,0.8407899786386341,0.025541652170566035,0.3741368353366852,0.11520732274149643,0.007872572309665244,0.01624705442249299,0.34752342104911804,11,direct_w96,1,11.5
student_direct_w96_s1,test_w24-27,ge5,far,1.1486467518930095,96204,77794,0.9224252629828281,0.8607227453912666,0.852378394894169,0.6875208885003985,0.820907655449248,0.8496353589881753,0.599686351132478,0.8084906790860426,0.025541652170566035,0.3741368353366852,0.11520732274149643,0.007872572309665244,0.01624705442249299,0.34752342104911804,11,direct_w96,1,11.5
student_directTS_w96_s1,test_w24-27,all,all,,100000,100000,0.91684,0.8558334722542026,0.85287994095,0.661,0.8170209435999999,0.8485334687999999,0.63128,0.8041022539999999,0.014668136315643766,0.37078791856765747,0.1215317633383874,0.008883431368933811,,,11,directTS_w96,1,11.5
student_directTS_w96_s1,test_w24-27,all,near,,100000,12494,0.91684,0.8558334722542026,0.8329605030414597,0.7283496078117496,0.8023387441972146,0.8692867008163919,0.6676804866335841,0.8247770281735232,0.014668136315643766,0.37078791856765747,0.1215317633383874,0.008883431368933811,,,11,directTS_w96,1,11.5
student_directTS_w96_s1,test_w24-27,all,far,,100000,87506,0.91684,0.8558334722542026,0.8557240140104678,0.6513839051036501,0.8191172501314193,0.8455703476333051,0.6260827828948872,0.8011503349484607,0.014668136315643766,0.37078791856765747,0.1215317633383874,0.008883431368933811,,,11,directTS_w96,1,11.5
student_directTS_w96_s1,test_w24-27,ge5,all,,96204,89771,0.9224252629828281,0.8607227453912666,0.8522772548328414,0.6822024930099921,0.8207413923102566,0.8535172563598606,0.6098628733109802,0.8121096206919476,0.01624705442249299,0.34752342104911804,0.11337011212656958,0.007793588849580143,,,11,directTS_w96,1,11.5
student_directTS_w96_s1,test_w24-27,ge5,near,,96204,11977,0.9224252629828281,0.8607227453912666,0.840951151446576,0.7178759288636554,0.8124158507387104,0.8826710897840322,0.6311263254571262,0.8402333189046833,0.01624705442249299,0.34752342104911804,0.11337011212656958,0.007793588849580143,,,11,directTS_w96,1,11.5
student_directTS_w96_s1,test_w24-27,ge5,far,,96204,77794,0.9224252629828281,0.8607227453912666,0.8540209977983312,0.6767102861403193,0.8220231751135884,0.8490287937159382,0.606589197110317,0.8077797554903392,0.01624705442249299,0.34752342104911804,0.11337011212656958,0.007793588849580143,,,11,directTS_w96,1,11.5
student_direct_w96_s1,test_w28-31,all,all,1.1486467518930095,100000,100000,0.8973,0.7970446359492677,0.8339528755499999,0.71598,0.7896828456,0.8397899960499999,0.65344,0.7848285707,0.03487663107015196,0.5929193496704102,0.1525264591809232,0.012997401910601109,0.022522909703329225,0.5457262396812439,11,direct_w96,1,15.5
student_direct_w96_s1,test_w28-31,all,near,1.1486467518930095,100000,15990,0.8973,0.7970446359492677,0.8117205431519701,0.7840525328330207,0.7742035797373359,0.8540133636647905,0.7125078173858662,0.8010299962476548,0.03487663107015196,0.5929193496704102,0.1525264591809232,0.012997401910601109,0.022522909703329225,0.5457262396812439,11,direct_w96,1,15.5
student_direct_w96_s1,test_w28-31,all,far,1.1486467518930095,100000,84010,0.8973,0.7970446359492677,0.8381844550648732,0.7030234495893346,0.7926290836805143,0.8370827987144387,0.6421973574574456,0.7817448807284847,0.03487663107015196,0.5929193496704102,0.1525264591809232,0.012997401910601109,0.022522909703329225,0.5457262396812439,11,direct_w96,1,15.5
student_direct_w96_s1,test_w28-31,ge5,all,1.1486467518930095,95576,94669,0.9038043023353143,0.8026828064240821,0.8392963132616882,0.7081938121243491,0.7982889989072366,0.8520923053300838,0.6083406394912801,0.7987373806691385,0.0342084852937427,0.5685009360313416,0.1430927643410884,0.011576552606808663,0.02325105100572035,0.5210984945297241,11,direct_w96,1,15.5
student_direct_w96_s1,test_w28-31,ge5,near,1.1486467518930095,95576,15420,0.9038043023353143,0.8026828064240821,0.8198736587839265,0.7771076523994812,0.7848865149600965,0.8703251977741727,0.6783398184176395,0.8187961235133079,0.0342084852937427,0.5685009360313416,0.1430927643410884,0.011576552606808663,0.02325105100572035,0.5210984945297241,11,direct_w96,1,15.5
student_direct_w96_s1,test_w28-31,ge5,far,1.1486467518930095,95576,79249,0.9038043023353143,0.8026828064240821,0.8430755070943811,0.694784792237126,0.8008968085006055,0.8485446113340984,0.5947204381127837,0.7948344189326233,0.0342084852937427,0.5685009360313416,0.1430927643410884,0.011576552606808663,0.02325105100572035,0.5210984945297241,11,direct_w96,1,15.5
student_directTS_w96_s1,test_w28-31,all,all,,100000,100000,0.8973,0.7970446359492677,0.8357257536,0.69655,0.7908356909,0.8390970527000001,0.65608,0.7840128931999999,0.022522909703329225,0.5457262396812439,0.14988561764961855,0.012911526209758335,,,11,directTS_w96,1,15.5
student_directTS_w96_s1,test_w28-31,all,near,,100000,15990,0.8973,0.7970446359492677,0.8139997204502815,0.7717323327079425,0.7761230694183865,0.8537572908067541,0.7112570356472796,0.8004039143214509,0.022522909703329225,0.5457262396812439,0.14988561764961855,0.012911526209758335,,,11,directTS_w96,1,15.5
student_directTS_w96_s1,test_w28-31,all,far,,100000,84010,0.8973,0.7970446359492677,0.8398609669087013,0.6822402094988692,0.7936360101178431,0.8363067038447803,0.6455779073919772,0.7808931166527795,0.022522909703329225,0.5457262396812439,0.14988561764961855,0.012911526209758335,,,11,directTS_w96,1,15.5
student_directTS_w96_s1,test_w28-31,ge5,all,,95576,94669,0.9038043023353143,0.8026828064240821,0.8415324492470271,0.6904794600133095,0.7997991040831525,0.8515871246392085,0.6096187770019753,0.7980803228020837,0.02325105100572035,0.5210984945297241,0.1405506434515691,0.011476979765523398,,,11,directTS_w96,1,15.5
student_directTS_w96_s1,test_w28-31,ge5,near,,95576,15420,0.9038043023353143,0.8026828064240821,0.8226177686451738,0.7629701686121919,0.7872076087078066,0.8701196171547552,0.6781452658884566,0.8182309422007294,0.02325105100572035,0.5210984945297241,0.1405506434515691,0.011476979765523398,,,11,directTS_w96,1,15.5
student_directTS_w96_s1,test_w28-31,ge5,far,,95576,79249,0.9038043023353143,0.8026828064240821,0.8452128032562964,0.6763744652929374,0.8022491142875443,0.8479811354836391,0.5962851266262035,0.7941594840391074,0.02325105100572035,0.5210984945297241,0.1405506434515691,0.011476979765523398,,,11,directTS_w96,1,15.5
student_direct_w96_s1,test_w32-35,all,all,1.1486467518930095,100000,100000,0.87158,0.7576848480435072,0.8175493023,0.74369,0.7606136205,0.8239165535999999,0.69954,0.7550543702000001,0.05073844289876516,0.7880167961120605,0.19352631401588985,0.019978599509025845,0.03695550470933318,0.7196691632270813,11,direct_w96,1,19.5
student_direct_w96_s1,test_w32-35,all,near,1.1486467518930095,100000,16559,0.87158,0.7576848480435072,0.7918646515490066,0.7928618877951568,0.7423899323630654,0.8432989464943534,0.7083157195482819,0.7736476031161302,0.05073844289876516,0.7880167961120605,0.19352631401588985,0.019978599509025845,0.03695550470933318,0.7196691632270813,11,direct_w96,1,19.5
student_direct_w96_s1,test_w32-35,all,far,1.1486467518930095,100000,83441,0.87158,0.7576848480435072,0.822646462350643,0.7339317601658657,0.7642301405783727,0.8200700867079732,0.6977984444098225,0.7513645133687277,0.05073844289876516,0.7880167961120605,0.19352631401588985,0.019978599509025845,0.03695550470933318,0.7196691632270813,11,direct_w96,1,19.5
student_direct_w96_s1,test_w32-35,ge5,all,1.1486467518930095,95262,94615,0.8796687031555079,0.763196843912661,0.8230105105691082,0.7374729165565713,0.7697482785755141,0.8367869043958905,0.6579083654811605,0.7707544585984445,0.04897510620100653,0.7440779805183411,0.18223939413289914,0.018090761182480868,0.036691340421505174,0.677931547164917,11,direct_w96,1,19.5
student_direct_w96_s1,test_w32-35,ge5,near,1.1486467518930095,95262,16006,0.8796687031555079,0.763196843912661,0.8004452873300937,0.7822691490690991,0.753658377011646,0.8591177695055795,0.6767462201674372,0.792345552573314,0.04897510620100653,0.7440779805183411,0.18223939413289914,0.018090761182480868,0.036691340421505174,0.677931547164917,11,direct_w96,1,19.5
student_direct_w96_s1,test_w32-35,ge5,far,1.1486467518930095,95262,78609,0.8796687031555079,0.763196843912661,0.8276051366699829,0.7283517154524292,0.7730244297087339,0.8322399972103816,0.6540726888778639,0.7663581801804292,0.04897510620100653,0.7440779805183411,0.18223939413289914,0.018090761182480868,0.036691340421505174,0.677931547164917,11,direct_w96,1,19.5
student_directTS_w96_s1,test_w32-35,all,all,,100000,100000,0.87158,0.7576848480435072,0.8194274161,0.72906,0.7617865491000002,0.82320809195,0.70085,0.7541961226999999,0.03695550470933318,0.7196691632270813,0.1896914889272081,0.019776217433319768,,,11,directTS_w96,1,19.5
student_directTS_w96_s1,test_w32-35,all,near,,100000,16559,0.87158,0.7576848480435072,0.794465902530346,0.7780663083519537,0.7444162823842019,0.8432841777885138,0.7064436258228154,0.7732014807657467,0.03695550470933318,0.7196691632270813,0.1896914889272081,0.019776217433319768,,,11,directTS_w96,1,19.5
student_directTS_w96_s1,test_w32-35,all,far,,100000,83441,0.87158,0.7576848480435072,0.8243810684196018,0.7193346196713846,0.7652337063314196,0.8192239605829268,0.6997399360026846,0.7504244789731667,0.03695550470933318,0.7196691632270813,0.1896914889272081,0.019776217433319768,,,11,directTS_w96,1,19.5
student_directTS_w96_s1,test_w32-35,ge5,all,,95262,94615,0.8796687031555079,0.763196843912661,0.8252879276707032,0.7209850446546531,0.7713099978242722,0.8362812823797853,0.6593457696982508,0.7700809726574198,0.036691340421505174,0.677931547164917,0.17852201477782934,0.017843986895248277,,,11,directTS_w96,1,19.5
student_directTS_w96_s1,test_w32-35,ge5,near,,95262,16006,0.8796687031555079,0.763196843912661,0.80340224248222,0.7639010371110834,0.756079359561195,0.8591838538493101,0.6746220167437211,0.7919988220967282,0.036691340421505174,0.677931547164917,0.17852201477782934,0.017843986895248277,,,11,directTS_w96,1,19.5
student_directTS_w96_s1,test_w32-35,ge5,far,,95262,78609,0.8796687031555079,0.763196843912661,0.8297441893853523,0.7122466893103843,0.7744111897493549,0.8316179669967985,0.6562352911244259,0.7656181618071919,0.036691340421505174,0.677931547164917,0.17852201477782934,0.017843986895248277,,,11,directTS_w96,1,19.5
student_direct_w96_s1,test_w36-39,all,all,1.1486467518930095,100000,100000,0.84904,0.7378241816740695,0.81127360715,0.76167,0.7425380415999999,0.8159081339,0.73529,0.7360577477,0.06615265612199903,0.8623512983322144,0.2251281163602419,0.026421777844807717,0.051606785772889824,0.7871016263961792,11,direct_w96,1,23.5
student_direct_w96_s1,test_w36-39,all,near,1.1486467518930095,100000,12548,0.84904,0.7378241816740695,0.7807653367070448,0.8108065030283711,0.7209210113165445,0.8391669911539688,0.7102327064073956,0.7556141783551165,0.06615265612199903,0.8623512983322144,0.2251281163602419,0.026421777844807717,0.051606785772889824,0.7871016263961792,11,direct_w96,1,23.5
student_direct_w96_s1,test_w36-39,all,far,1.1486467518930095,100000,87452,0.84904,0.7378241816740695,0.8156510688148927,0.7546196770799982,0.7456397487764718,0.8125708501234963,0.7388853313817866,0.7332517044778849,0.06615265612199903,0.8623512983322144,0.2251281163602419,0.026421777844807717,0.051606785772889824,0.7871016263961792,11,direct_w96,1,23.5
student_direct_w96_s1,test_w36-39,ge5,all,1.1486467518930095,95184,91735,0.8597348293830896,0.7438754079280802,0.8143293752354581,0.7563852400937483,0.7505640534613436,0.8272484697099636,0.6938573063716139,0.7515776519246832,0.0631561812859077,0.8010590076446533,0.2114363101997764,0.024035409317688397,0.05008956227936248,0.7298415899276733,11,direct_w96,1,23.5
student_direct_w96_s1,test_w36-39,ge5,near,1.1486467518930095,95184,12085,0.8597348293830896,0.7438754079280802,0.7894191611840905,0.7980968142325197,0.7326215616494165,0.8539169980240957,0.6725693007860984,0.774541891138809,0.0631561812859077,0.8010590076446533,0.2114363101997764,0.024035409317688397,0.05008956227936248,0.7298415899276733,11,direct_w96,1,23.5
student_direct_w96_s1,test_w36-39,ge5,far,1.1486467518930095,95184,79650,0.8597348293830896,0.7438754079280802,0.8181089099097929,0.7500564971751412,0.7532864014029274,0.8232021525137765,0.6970872567482737,0.7480933728173046,0.0631561812859077,0.8010590076446533,0.2114363101997764,0.024035409317688397,0.05008956227936248,0.7298415899276733,11,direct_w96,1,23.5
student_directTS_w96_s1,test_w36-39,all,all,,100000,100000,0.84904,0.7378241816740695,0.81330668085,0.75269,0.743881263,0.8150891648499999,0.74072,0.7350910940000001,0.051606785772889824,0.7871016263961792,0.21970967235054203,0.026232276624142188,,,11,directTS_w96,1,23.5
student_directTS_w96_s1,test_w36-39,all,near,,100000,12548,0.84904,0.7378241816740695,0.783936653649984,0.7994102645839974,0.7232346724577622,0.8393227366911062,0.7108702582084795,0.7552457196365956,0.051606785772889824,0.7871016263961792,0.21970967235054203,0.026232276624142188,,,11,directTS_w96,1,23.5
student_directTS_w96_s1,test_w36-39,all,far,,100000,87452,0.84904,0.7378241816740695,0.8175208223368249,0.7459863696656451,0.7468437271874858,0.8116120247106985,0.7450029730595069,0.7321992191144857,0.051606785772889824,0.7871016263961792,0.21970967235054203,0.026232276624142188,,,11,directTS_w96,1,23.5
student_directTS_w96_s1,test_w36-39,ge5,all,,95184,91735,0.8597348293830896,0.7438754079280802,0.8166724406254053,0.7458658091241075,0.7522616925009361,0.8266640320836153,0.6936719899711125,0.7508331678215432,0.05008956227936248,0.7298415899276733,0.20625536868955743,0.023794077176655565,,,11,directTS_w96,1,23.5
student_directTS_w96_s1,test_w36-39,ge5,near,,95184,12085,0.8597348293830896,0.7438754079280802,0.7928172930813863,0.7840297889946214,0.7352809006189905,0.8541280040981358,0.6708316094331817,0.7742746188068169,0.05008956227936248,0.7298415899276733,0.20625536868955743,0.023794077176655565,,,11,directTS_w96,1,23.5
student_directTS_w96_s1,test_w36-39,ge5,far,,95184,79650,0.8597348293830896,0.7438754079280802,0.8202918939596108,0.740075329566855,0.7548381252679583,0.822497025155863,0.6971374764595104,0.7472764831365836,0.05008956227936248,0.7298415899276733,0.20625536868955743,0.023794077176655565,,,11,directTS_w96,1,23.5
student_direct_w96_s1,test_w40-43,all,all,1.1486467518930095,100000,100000,0.84309,0.7363330355310487,0.80419034035,0.76557,0.7313871702,0.8100830159500001,0.7373,0.7256357967,0.07120104264698926,0.9152624011039734,0.23539787999024164,0.029035592584774377,0.05640551474347706,0.8336552977561951,11,direct_w96,1,27.5
student_direct_w96_s1,test_w40-43,all,near,1.1486467518930095,100000,10904,0.84309,0.7363330355310487,0.7735635422780631,0.8072267057960382,0.7102428539985326,0.8347815870322817,0.717351430667645,0.7467983061261922,0.07120104264698926,0.9152624011039734,0.23539787999024164,0.029035592584774377,0.05640551474347706,0.8336552977561951,11,direct_w96,1,27.5
student_direct_w96_s1,test_w40-43,all,far,1.1486467518930095,100000,89096,0.84309,0.7363330355310487,0.8079385962332764,0.7604718505881296,0.7339749140253211,0.8070602851979887,0.7397414025321002,0.7230458262997217,0.07120104264698926,0.9152624011039734,0.23539787999024164,0.029035592584774377,0.05640551474347706,0.8336552977561951,11,direct_w96,1,27.5
student_direct_w96_s1,test_w40-43,ge5,all,1.1486467518930095,95288,93977,0.8526047351187978,0.743896808840444,0.8106164467539728,0.7490662608936229,0.7409349499276884,0.8244728094065161,0.6870830096725795,0.7427770733628838,0.06922432406689033,0.8552689552307129,0.22325389964321696,0.02665632007710959,0.05592125617127187,0.7775444388389587,11,direct_w96,1,27.5
student_direct_w96_s1,test_w40-43,ge5,near,1.1486467518930095,95288,10557,0.8526047351187978,0.743896808840444,0.7824183055047044,0.793691389599318,0.721664224331787,0.8507307882519517,0.6761390546556787,0.7659534634882865,0.06922432406689033,0.8552689552307129,0.22325389964321696,0.02665632007710959,0.05592125617127187,0.7775444388389587,11,direct_w96,1,27.5
student_direct_w96_s1,test_w40-43,ge5,far,1.1486467518930095,95288,83420,0.8526047351187978,0.743896808840444,0.8141849887962711,0.7434188444018222,0.743373706222533,0.8211497995447173,0.6884679932869815,0.7398440459047938,0.06922432406689033,0.8552689552307129,0.22325389964321696,0.02665632007710959,0.05592125617127187,0.7775444388389587,11,direct_w96,1,27.5
student_directTS_w96_s1,test_w40-43,all,all,,100000,100000,0.84309,0.7363330355310487,0.8062878947000001,0.757,0.7327223875999999,0.80924639155,0.74239,0.7246601087,0.05640551474347706,0.8336552977561951,0.22982641590932792,0.028848450237920487,,,11,directTS_w96,1,27.5
student_directTS_w96_s1,test_w40-43,all,near,,100000,10904,0.84309,0.7363330355310487,0.7767525889581806,0.8000733675715334,0.7126031896551724,0.8349093924247982,0.7183602347762289,0.7463864847762289,0.05640551474347706,0.8336552977561951,0.22982641590932792,0.028848450237920487,,,11,directTS_w96,1,27.5
student_directTS_w96_s1,test_w40-43,all,far,,100000,89096,0.84309,0.7363330355310487,0.8099025684654754,0.7517284726587052,0.7351846724881028,0.8061056292089431,0.7453308790518093,0.7220011295681064,0.05640551474347706,0.8336552977561951,0.22982641590932792,0.028848450237920487,,,11,directTS_w96,1,27.5
student_directTS_w96_s1,test_w40-43,ge5,all,,95288,93977,0.8526047351187978,0.743896808840444,0.8131072658451781,0.7355310341892165,0.7426561195416689,0.8238338956790549,0.6905093799546698,0.742008133554547,0.05592125617127187,0.7775444388389587,0.21778545315986156,0.026405475559519512,,,11,directTS_w96,1,27.5
student_directTS_w96_s1,test_w40-43,ge5,near,,95288,10557,0.8526047351187978,0.743896808840444,0.7859911949616663,0.7795775314956901,0.724446220387962,0.8509276607940643,0.6761390546556787,0.7656520694153707,0.05592125617127187,0.7775444388389587,0.21778545315986156,0.026405475559519512,,,11,directTS_w96,1,27.5
student_directTS_w96_s1,test_w40-43,ge5,far,,95288,83420,0.8526047351187978,0.743896808840444,0.8165388693013904,0.7299568448813234,0.7449606257196318,0.8204051150710574,0.692327978901942,0.7390159370683002,0.05592125617127187,0.7775444388389587,0.21778545315986156,0.026405475559519512,,,11,directTS_w96,1,27.5
student_direct_w96_s1,test_w44-47,all,all,1.1486467518930095,100000,100000,0.81857,0.7078378435509853,0.7913596059000001,0.77547,0.7048008814,0.79351015225,0.78085,0.6991963940000001,0.0859497211240232,1.1467140913009644,0.27622633125204066,0.039028035170358764,0.06949972924284634,1.039851188659668,11,direct_w96,1,31.5
student_direct_w96_s1,test_w44-47,all,near,1.1486467518930095,100000,10628,0.81857,0.7078378435509853,0.7575773231087692,0.8239555890101619,0.6821834832517877,0.8182371424538954,0.7820850583364697,0.7210250771546858,0.0859497211240232,1.1467140913009644,0.27622633125204066,0.039028035170358764,0.06949972924284634,1.039851188659668,11,direct_w96,1,31.5
student_direct_w96_s1,test_w44-47,all,far,1.1486467518930095,100000,89372,0.81857,0.7078378435509853,0.795376950275254,0.7697041579018037,0.7074905124647541,0.7905696512889944,0.7807031284966208,0.6966005558787988,0.0859497211240232,1.1467140913009644,0.27622633125204066,0.039028035170358764,0.06949972924284634,1.039851188659668,11,direct_w96,1,31.5
student_direct_w96_s1,test_w44-47,ge5,all,1.1486467518930095,94936,92436,0.827515378781495,0.715087594335795,0.7941195601716462,0.770900947682721,0.7125492745026689,0.8048925851700724,0.7431195638063093,0.7142369277517571,0.08370666931509427,1.0833534002304077,0.2639887970328628,0.03557892444077889,0.06881903432462821,0.9807820916175842,11,direct_w96,1,31.5
student_direct_w96_s1,test_w44-47,ge5,near,1.1486467518930095,94936,10310,0.827515378781495,0.715087594335795,0.7654460063227444,0.8146459747817653,0.6934870902257538,0.8350024273844354,0.7453928225024248,0.740451392564061,0.08370666931509427,1.0833534002304077,0.2639887970328628,0.03557892444077889,0.06881903432462821,0.9807820916175842,11,direct_w96,1,31.5
student_direct_w96_s1,test_w44-47,ge5,far,1.1486467518930095,94936,82126,0.827515378781495,0.715087594335795,0.7977192038920538,0.765409249202445,0.7149423183608259,0.8011126315228709,0.7428341816233592,0.7109459951334041,0.08370666931509427,1.0833534002304077,0.2639887970328628,0.03557892444077889,0.06881903432462821,0.9807820916175842,11,direct_w96,1,31.5
student_directTS_w96_s1,test_w44-47,all,all,,100000,100000,0.81857,0.7078378435509853,0.7932801864,0.77215,0.7061313996,0.7925816778500001,0.78063,0.6982449759,0.06949972924284634,1.039851188659668,0.26951262776355667,0.03879326843531536,,,11,directTS_w96,1,31.5
student_directTS_w96_s1,test_w44-47,all,near,,100000,10628,0.81857,0.7078378435509853,0.7607117585622883,0.8182160331200602,0.6845252691004894,0.8182598927361686,0.7786036883703424,0.7205789819345126,0.06949972924284634,1.039851188659668,0.26951262776355667,0.03879326843531536,,,11,directTS_w96,1,31.5
student_directTS_w96_s1,test_w44-47,all,far,,100000,89372,0.81857,0.7078378435509853,0.7971531807501231,0.7666718882871593,0.708700772053887,0.7895280585082576,0.7808709662981694,0.6955890454504767,0.06949972924284634,1.039851188659668,0.26951262776355667,0.03879326843531536,,,11,directTS_w96,1,31.5
student_directTS_w96_s1,test_w44-47,ge5,all,,94936,92436,0.827515378781495,0.715087594335795,0.7965054275555546,0.7642693322947769,0.7142607873497596,0.8041948777867678,0.747046605218746,0.7134927983059083,0.06881903432462821,0.9807820916175842,0.25739508479443174,0.035259064805761686,,,11,directTS_w96,1,31.5
student_directTS_w96_s1,test_w44-47,ge5,near,,94936,10310,0.827515378781495,0.715087594335795,0.7691187102861761,0.8074684772065955,0.6962902283365823,0.8351516825628897,0.7431619786614937,0.7401674910585534,0.06881903432462821,0.9807820916175842,0.25739508479443174,0.035259064805761686,,,11,directTS_w96,1,31.5
student_directTS_w96_s1,test_w44-47,ge5,far,,94936,82126,0.827515378781495,0.715087594335795,0.7999435233479624,0.7588461632126245,0.7165167898754622,0.8003085974706459,0.7475342765993717,0.7101440892213338,0.06881903432462821,0.9807820916175842,0.25739508479443174,0.035259064805761686,,,11,directTS_w96,1,31.5
student_direct_w96_s1,test_w48-51,all,all,1.1486467518930095,100000,100000,0.80618,0.6971592566537338,0.7904006511,0.7834,0.6962481897999999,0.7906655479,0.78995,0.6901078026,0.09729965300530193,1.2863383293151855,0.29788132132781575,0.043854532390011025,0.08069893748663366,1.1634527444839478,11,direct_w96,1,35.333333333333336
student_direct_w96_s1,test_w48-51,all,near,1.1486467518930095,100000,10972,0.80618,0.6971592566537338,0.7424717567444404,0.8384979948960991,0.6639573231862923,0.8018353107911047,0.8007655851257747,0.7018101266861101,0.09729965300530193,1.2863383293151855,0.29788132132781575,0.043854532390011025,0.08069893748663366,1.1634527444839478,11,direct_w96,1,35.333333333333336
student_direct_w96_s1,test_w48-51,all,far,1.1486467518930095,100000,89028,0.80618,0.6971592566537338,0.7963075099406928,0.7766096059666622,0.7002277848542031,0.7892889625735724,0.7886170642943793,0.6886655832996359,0.09729965300530193,1.2863383293151855,0.29788132132781575,0.043854532390011025,0.08069893748663366,1.1634527444839478,11,direct_w96,1,35.333333333333336
student_direct_w96_s1,test_w48-51,ge5,all,1.1486467518930095,94668,93780,0.8161469556766806,0.7050108374436002,0.7955259462251724,0.7708146726380891,0.7072180149067133,0.8050468063118212,0.7527511196417147,0.7083491192706928,0.0940780012228142,1.199286699295044,0.2826925918738527,0.0389620241335562,0.07908016505317121,1.083744764328003,11,direct_w96,1,35.333333333333336
student_direct_w96_s1,test_w48-51,ge5,near,1.1486467518930095,94668,10675,0.8161469556766806,0.7050108374436002,0.7511687639257778,0.8281967213114754,0.6773498727316141,0.8198014735881115,0.7684309133489461,0.7231190704277115,0.0940780012228142,1.199286699295044,0.2826925918738527,0.0389620241335562,0.07908016505317121,1.083744764328003,11,direct_w96,1,35.333333333333336
student_direct_w96_s1,test_w48-51,ge5,far,1.1486467518930095,94668,83105,0.8161469556766806,0.7050108374436002,0.8012237131591239,0.763443836110944,0.7110546362618567,0.8031515404051441,0.7507370194332471,0.7064518901196045,0.0940780012228142,1.199286699295044,0.2826925918738527,0.0389620241335562,0.07908016505317121,1.083744764328003,11,direct_w96,1,35.333333333333336
student_directTS_w96_s1,test_w48-51,all,all,,100000,100000,0.80618,0.6971592566537338,0.7921647505,0.77972,0.6975019454,0.7897885042500001,0.78407,0.6892416173000001,0.08069893748663366,1.1634527444839478,0.2903701048439209,0.04359969208897039,,,11,directTS_w96,1,35.333333333333336
student_directTS_w96_s1,test_w48-51,all,near,,100000,10972,0.80618,0.6971592566537338,0.7452477119030259,0.8373131607728764,0.6661036839227124,0.8020690986146555,0.7913780532263944,0.7015203098796937,0.08069893748663366,1.1634527444839478,0.2903701048439209,0.04359969208897039,,,11,directTS_w96,1,35.333333333333336
student_directTS_w96_s1,test_w48-51,all,far,,100000,89028,0.80618,0.6971592566537338,0.7979469060857258,0.7726220964191041,0.7013715338994475,0.7882750176910635,0.7831693399829267,0.6877283651210855,0.08069893748663366,1.1634527444839478,0.2903701048439209,0.04359969208897039,,,11,directTS_w96,1,35.333333333333336
student_directTS_w96_s1,test_w48-51,ge5,all,,94668,93780,0.8161469556766806,0.7050108374436002,0.7978263763246358,0.7660162081467263,0.7088821761118356,0.8043762771451508,0.7540733631904457,0.7076727801577377,0.07908016505317121,1.083744764328003,0.2752821938020304,0.03860444479892699,,,11,directTS_w96,1,35.333333333333336
student_directTS_w96_s1,test_w48-51,ge5,near,,94668,10675,0.8161469556766806,0.7050108374436002,0.7545719362992117,0.82192037470726,0.6800053850216247,0.820128466211859,0.7673067915690867,0.7229492997542305,0.07908016505317121,1.083744764328003,0.2752821938020304,0.03860444479892699,,,11,directTS_w96,1,35.333333333333336
student_directTS_w96_s1,test_w48-51,ge5,far,,94668,83105,0.8161469556766806,0.7050108374436002,0.8033824938539228,0.7588352084712111,0.7125914564786968,0.8023528776109818,0.7523735033993141,0.7057104812985527,0.07908016505317121,1.083744764328003,0.2752821938020304,0.03860444479892699,,,11,directTS_w96,1,35.333333333333336
student_kdA4_w96_s1,val,all,all,1.614721853777951,200000,53779,0.943365,0.9181417048016774,0.8647706911619778,0.7363283065880735,0.8482867699287825,0.8097429841108983,0.7081760538500158,0.7904311511928448,0.02584183125443754,0.22932492196559906,0.08508709832784084,0.0036588261023230975,0.004077612940333814,0.19371289014816284,11,kdA4_w96,1,1.0
student_kdA4_w96_s1,val,all,near,1.614721853777951,200000,10959,0.943365,0.9181417048016774,0.8547208563737567,0.6952276667579159,0.8370036978738937,0.790201451090428,0.7193174559722603,0.7713504443836116,0.02584183125443754,0.22932492196559906,0.08508709832784084,0.0036588261023230975,0.004077612940333814,0.19371289014816284,11,kdA4_w96,1,1.0
student_kdA4_w96_s1,val,all,far,1.614721853777951,200000,42820,0.943365,0.9181417048016774,0.8673427635450723,0.7468472676319476,0.8511744669546941,0.8147442839794488,0.7053246146660439,0.7953145109761794,0.02584183125443754,0.22932492196559906,0.08508709832784084,0.0036588261023230975,0.004077612940333814,0.19371289014816284,11,kdA4_w96,1,1.0
student_kdA4_w96_s1,val,ge5,all,1.614721853777951,191366,52270,0.9538371497549198,0.9312061026461649,0.8776616755793363,0.681595561507557,0.8641569783549718,0.8231136131791253,0.6400420891524775,0.806257635525282,0.02109637278497562,0.1833372861146927,0.06962481050307115,0.0025906774473701275,0.0031947223701562534,0.15463241934776306,11,kdA4_w96,1,1.0
student_kdA4_w96_s1,val,ge5,near,1.614721853777951,191366,10483,0.9538371497549198,0.9312061026461649,0.8644297735412716,0.6406563006772871,0.8502336170121295,0.801191210197174,0.6636459028903939,0.7847099438238601,0.02109637278497562,0.1833372861146927,0.06962481050307115,0.0025906774473701275,0.0031947223701562534,0.15463241934776306,11,kdA4_w96,1,1.0
student_kdA4_w96_s1,val,ge5,far,1.614721853777951,191366,41787,0.9538371497549198,0.9312061026461649,0.8809811296934156,0.6918658913059086,0.8676498971325108,0.8286132314924715,0.6341206595352622,0.8116632509584552,0.02109637278497562,0.1833372861146927,0.06962481050307115,0.0025906774473701275,0.0031947223701562534,0.15463241934776306,11,kdA4_w96,1,1.0
student_kdA4_w96_s1,test_w16-19,all,all,1.614721853777951,100000,100000,0.93597,0.9088854665585213,0.86838125395,0.63687,0.8434340288000002,0.84780207595,0.54845,0.8178337613000002,0.029707396647632143,0.2704189121723175,0.09698305904361104,0.0049311109633962905,0.004647175866812507,0.22328470647335052,11,kdA4_w96,1,3.5
student_kdA4_w96_s1,test_w16-19,all,near,1.614721853777951,100000,11980,0.93597,0.9088854665585213,0.8190963977462437,0.6726210350584307,0.7975015851419032,0.8236658656093488,0.5832220367278798,0.7958214106844741,0.029707396647632143,0.2704189121723175,0.09698305904361104,0.0049311109633962905,0.004647175866812507,0.22328470647335052,11,kdA4_w96,1,3.5
student_kdA4_w96_s1,test_w16-19,all,far,1.614721853777951,100000,88020,0.93597,0.9088854665585213,0.8750891905248807,0.6320040899795502,0.8496856838218587,0.8510871452510793,0.5437173369688707,0.8208297617586912,0.029707396647632143,0.2704189121723175,0.09698305904361104,0.0049311109633962905,0.004647175866812507,0.22328470647335052,11,kdA4_w96,1,3.5
student_kdA4_w96_s1,test_w16-19,ge5,all,1.614721853777951,96085,89545,0.9448300983504189,0.917974661453099,0.8694481086528199,0.627729074766877,0.8495996436838135,0.847939437440826,0.5259590150203808,0.8222019373219486,0.02557225974096672,0.22871258854866028,0.08335735066565106,0.003815845777009203,0.004142063874114566,0.18878953158855438,11,kdA4_w96,1,3.5
student_kdA4_w96_s1,test_w16-19,ge5,near,1.614721853777951,96085,11402,0.9448300983504189,0.917974661453099,0.823538268976802,0.6576916330468339,0.8058976150094842,0.8289517339319357,0.5650763024030871,0.8047956783645408,0.02557225974096672,0.22871258854866028,0.08335735066565106,0.003815845777009203,0.004142063874114566,0.18878953158855438,11,kdA4_w96,1,3.5
student_kdA4_w96_s1,test_w16-19,ge5,far,1.614721853777951,96085,78143,0.9448300983504189,0.917974661453099,0.8761469043477119,0.6233571785060722,0.855976293299834,0.850709970891146,0.520251334092625,0.8247417190635297,0.02557225974096672,0.22871258854866028,0.08335735066565106,0.003815845777009203,0.004142063874114566,0.18878953158855438,11,kdA4_w96,1,3.5
student_kdA4_w96_s1,test_w20-23,all,all,1.614721853777951,100000,100000,0.92584,0.8881059402355415,0.8589086791499999,0.66812,0.8283740588999999,0.8434427179499999,0.55205,0.8062100405000001,0.036180543595701456,0.3336784839630127,0.11419133501542594,0.006952635756436483,0.008455231969282042,0.26844748854637146,11,kdA4_w96,1,7.5
student_kdA4_w96_s1,test_w20-23,all,near,1.614721853777951,100000,13417,0.92584,0.8881059402355415,0.8037197346649774,0.6840575389431318,0.7769658045762838,0.813964297160319,0.5743459789818887,0.779349342625028,0.036180543595701456,0.3336784839630127,0.11419133501542594,0.006952635756436483,0.008455231969282042,0.26844748854637146,11,kdA4_w96,1,7.5
student_kdA4_w96_s1,test_w20-23,all,far,1.614721853777951,100000,86583,0.92584,0.8881059402355415,0.867460820657635,0.6656503008673759,0.8363403403670466,0.8480107275100193,0.548594989778594,0.8103724047445805,0.036180543595701456,0.3336784839630127,0.11419133501542594,0.006952635756436483,0.008455231969282042,0.26844748854637146,11,kdA4_w96,1,7.5
student_kdA4_w96_s1,test_w20-23,ge5,all,1.614721853777951,95941,89776,0.9344388738912457,0.8964800376233316,0.8595179808737865,0.6678065407235787,0.8343902259510909,0.8433942916942744,0.5384401176260916,0.8108403282982883,0.03241532652943632,0.29494237899780273,0.10067227882396845,0.0056100654158805245,0.007598268997987226,0.23574298620224,11,kdA4_w96,1,7.5
student_kdA4_w96_s1,test_w20-23,ge5,near,1.614721853777951,95941,12762,0.9344388738912457,0.8964800376233316,0.8075020574052361,0.6727785613540197,0.7848882766440454,0.8187338384898867,0.5576712114088701,0.7881144413701688,0.03241532652943632,0.29494237899780273,0.10067227882396845,0.0056100654158805245,0.007598268997987226,0.23574298620224,11,kdA4_w96,1,7.5
student_kdA4_w96_s1,test_w20-23,ge5,far,1.614721853777951,95941,77014,0.9344388738912457,0.8964800376233316,0.8681375463463712,0.6669826265354352,0.8425932004369835,0.8474807786160601,0.5352533305632742,0.8146062379897298,0.03241532652943632,0.29494237899780273,0.10067227882396845,0.0056100654158805245,0.007598268997987226,0.23574298620224,11,kdA4_w96,1,7.5
student_kdA4_w96_s1,test_w24-27,all,all,1.614721853777951,100000,100000,0.91788,0.8606510838116661,0.84733275235,0.65792,0.8119589140999999,0.8280476443999999,0.58329,0.7865430522000001,0.043842852442562606,0.40186992287635803,0.12872001016814114,0.009071252626397202,0.012026306616663943,0.3134807050228119,11,kdA4_w96,1,11.5
student_kdA4_w96_s1,test_w24-27,all,near,1.614721853777951,100000,12494,0.91788,0.8606510838116661,0.7955477453177525,0.6923323195133664,0.7646545165679526,0.8051806923323195,0.6086121338242356,0.7665614639026732,0.043842852442562606,0.40186992287635803,0.12872001016814114,0.009071252626397202,0.012026306616663943,0.3134807050228119,11,kdA4_w96,1,11.5
student_kdA4_w96_s1,test_w24-27,all,far,1.614721853777951,100000,87506,0.91788,0.8606510838116661,0.8547265525221128,0.6530066509725048,0.8187129783100587,0.8313125599387471,0.5796745366032043,0.7893959990172102,0.043842852442562606,0.40186992287635803,0.12872001016814114,0.009071252626397202,0.012026306616663943,0.3134807050228119,11,kdA4_w96,1,11.5
student_kdA4_w96_s1,test_w24-27,ge5,all,1.614721853777951,96204,89771,0.9254708743919172,0.8675932762502618,0.8453617804413489,0.6711187354490871,0.8153744875205249,0.826046112810536,0.5689253767920598,0.7892064510123883,0.03996177232755298,0.36125484108924866,0.11685697999269791,0.007711718485143234,0.011513606905422955,0.28088587522506714,11,kdA4_w96,1,11.5
student_kdA4_w96_s1,test_w24-27,ge5,near,1.614721853777951,96204,11977,0.9254708743919172,0.8675932762502618,0.7989251619079876,0.6908240794856809,0.7718404346970419,0.8101256032678353,0.5919679385488854,0.775124269147982,0.03996177232755298,0.36125484108924866,0.11685697999269791,0.007711718485143234,0.011513606905422955,0.28088587522506714,11,kdA4_w96,1,11.5
student_kdA4_w96_s1,test_w24-27,ge5,far,1.614721853777951,96204,77794,0.9254708743919172,0.8675932762502618,0.8525110641929758,0.6680849422834666,0.8220768983834043,0.8284972008480831,0.5653777926318225,0.7913745140016932,0.03996177232755298,0.36125484108924866,0.11685697999269791,0.007711718485143234,0.011513606905422955,0.28088587522506714,11,kdA4_w96,1,11.5
student_kdA4_w96_s1,test_w28-31,all,all,1.614721853777951,100000,100000,0.89897,0.803911900476115,0.8279588097999999,0.70029,0.7837936443,0.8182589301000001,0.61251,0.767337829,0.05680511047422884,0.5421385169029236,0.16036255073974884,0.013599816980181676,0.019424087540060267,0.41086992621421814,11,kdA4_w96,1,15.5
student_kdA4_w96_s1,test_w28-31,all,near,1.614721853777951,100000,15990,0.89897,0.803911900476115,0.7859848327079425,0.7068792995622264,0.7457181169480925,0.7993841735459662,0.6304565353345841,0.751739550343965,0.05680511047422884,0.5421385169029236,0.16036255073974884,0.013599816980181676,0.019424087540060267,0.41086992621421814,11,kdA4_w96,1,15.5
student_kdA4_w96_s1,test_w28-31,all,far,1.614721853777951,100000,84010,0.89897,0.803911900476115,0.835947905070825,0.6990358290679681,0.7910407301511724,0.8218514471491489,0.6090941554576836,0.7703067193191286,0.05680511047422884,0.5421385169029236,0.16036255073974884,0.013599816980181676,0.019424087540060267,0.41086992621421814,11,kdA4_w96,1,15.5
student_kdA4_w96_s1,test_w28-31,ge5,all,1.614721853777951,95576,94669,0.9073407550012556,0.8109299966896708,0.8331073615044984,0.6847648121349121,0.7930420673806221,0.8253616970261964,0.5930241156027845,0.7777873399982974,0.05204380419789106,0.4918495714664459,0.1469912582878713,0.011778781217382642,0.018966101108578354,0.3717760741710663,11,kdA4_w96,1,15.5
student_kdA4_w96_s1,test_w28-31,ge5,near,1.614721853777951,95576,15420,0.9073407550012556,0.8109299966896708,0.7906873538657606,0.7014267185473411,0.7546398859337343,0.8070105087189562,0.6178988326848249,0.7628199408227236,0.05204380419789106,0.4918495714664459,0.1469912582878713,0.011778781217382642,0.018966101108578354,0.3717760741710663,11,kdA4_w96,1,15.5
student_kdA4_w96_s1,test_w28-31,ge5,far,1.614721853777951,95576,79249,0.9073407550012556,0.8109299966896708,0.8413613018417814,0.6815227952403184,0.8005142328074542,0.828932408627575,0.5881840780325304,0.7806996454568818,0.05204380419789106,0.4918495714664459,0.1469912582878713,0.011778781217382642,0.018966101108578354,0.3717760741710663,11,kdA4_w96,1,15.5
student_kdA4_w96_s1,test_w32-35,all,all,1.614721853777951,100000,100000,0.87182,0.7643089587597268,0.8108449514499999,0.7361,0.7519401917,0.7998086901500001,0.65547,0.7326038552,0.07760834121108058,0.7427999377250671,0.20756826245387713,0.02080607806213693,0.03888317997187379,0.5446760058403015,11,kdA4_w96,1,19.5
student_kdA4_w96_s1,test_w32-35,all,near,1.614721853777951,100000,16559,0.87182,0.7643089587597268,0.763057868832659,0.754091430641947,0.710998281901081,0.7784238166555952,0.6566217766773356,0.7148534965879583,0.07760834121108058,0.7427999377250671,0.20756826245387713,0.02080607806213693,0.03888317997187379,0.5446760058403015,11,kdA4_w96,1,19.5
student_kdA4_w96_s1,test_w32-35,all,far,1.614721853777951,100000,83441,0.87182,0.7643089587597268,0.8203283744801715,0.7325295717932432,0.7600651792284369,0.8040525525221415,0.6552414280749272,0.7361264422765788,0.07760834121108058,0.7427999377250671,0.20756826245387713,0.02080607806213693,0.03888317997187379,0.5446760058403015,11,kdA4_w96,1,19.5
student_kdA4_w96_s1,test_w32-35,ge5,all,1.614721853777951,95262,94615,0.8816422078058407,0.7707273385305851,0.8154474189220222,0.7302436188764995,0.7615562459737103,0.8070562753289431,0.6293293875178354,0.7441006265098019,0.07102420906259631,0.6762883067131042,0.19181183508970306,0.018368620636233127,0.03687955655611351,0.49553123116493225,11,kdA4_w96,1,19.5
student_kdA4_w96_s1,test_w32-35,ge5,near,1.614721853777951,95262,16006,0.8816422078058407,0.7707273385305851,0.767885725040131,0.7590278645507934,0.7206744804105276,0.7862729006094067,0.6318880419842559,0.7268685639874403,0.07102420906259631,0.6762883067131042,0.19181183508970306,0.018368620636233127,0.03687955655611351,0.49553123116493225,11,kdA4_w96,1,19.5
student_kdA4_w96_s1,test_w32-35,ge5,far,1.614721853777951,95262,78609,0.8816422078058407,0.7707273385305851,0.825131710444285,0.7243827042705033,0.769880401472499,0.8112880896983015,0.6288084061621443,0.7476093391601718,0.07102420906259631,0.6762883067131042,0.19181183508970306,0.018368620636233127,0.03687955655611351,0.49553123116493225,11,kdA4_w96,1,19.5
student_kdA4_w96_s1,test_w36-39,all,all,1.614721853777951,100000,100000,0.84982,0.7473874067307726,0.8118900073499999,0.73291,0.7390386105000001,0.80274939275,0.69033,0.7212626909000001,0.09505533672228454,0.8501453995704651,0.24250203109334634,0.027503708562513298,0.05103131327807904,0.617940366268158,11,kdA4_w96,1,23.5
student_kdA4_w96_s1,test_w36-39,all,near,1.614721853777951,100000,12548,0.84982,0.7473874067307726,0.7547282969397513,0.7567739878865157,0.691136035224737,0.7775171389862927,0.6597864201466369,0.6997075358622887,0.09505533672228454,0.8501453995704651,0.24250203109334634,0.027503708562513298,0.05103131327807904,0.617940366268158,11,kdA4_w96,1,23.5
student_kdA4_w96_s1,test_w36-39,all,far,1.614721853777951,100000,87452,0.84982,0.7473874067307726,0.820091822542652,0.7294858894021864,0.7459118840049398,0.8063698281914651,0.6947125280153684,0.7243555199423685,0.09505533672228454,0.8501453995704651,0.24250203109334634,0.027503708562513298,0.05103131327807904,0.617940366268158,11,kdA4_w96,1,23.5
student_kdA4_w96_s1,test_w36-39,ge5,all,1.614721853777951,95184,91735,0.8618990586653219,0.7535285392953119,0.8131245961670365,0.7456695917588707,0.7473282148182333,0.8084355050257634,0.6470485637978961,0.7322192842619691,0.08684822526342567,0.7766751646995544,0.22386249922575066,0.024551445962558486,0.04740067469377236,0.5633853673934937,11,kdA4_w96,1,23.5
student_kdA4_w96_s1,test_w36-39,ge5,near,1.614721853777951,95184,12085,0.8618990586653219,0.7535285392953119,0.7584555059545233,0.7645014480761274,0.7008661107345132,0.7845311922649931,0.6206868018204386,0.7119556717897189,0.08684822526342567,0.7766751646995544,0.22386249922575066,0.024551445962558486,0.04740067469377236,0.5633853673934937,11,kdA4_w96,1,23.5
student_kdA4_w96_s1,test_w36-39,ge5,far,1.614721853777951,95184,79650,0.8618990586653219,0.7535285392953119,0.8214193350900525,0.742812303829253,0.7543777380806536,0.8120624180165218,0.6510483364720653,0.735293807259171,0.08684822526342567,0.7766751646995544,0.22386249922575066,0.024551445962558486,0.04740067469377236,0.5633853673934937,11,kdA4_w96,1,23.5
student_kdA4_w96_s1,test_w40-43,all,all,1.614721853777951,100000,100000,0.8457,0.7417000360834101,0.8054269056999999,0.74444,0.7308885232999999,0.7951036857,0.6948,0.7122290285000001,0.09880843005716802,0.9144454598426819,0.2505482331348549,0.02923310806305373,0.05424251559942961,0.6582852602005005,11,kdA4_w96,1,27.5
student_kdA4_w96_s1,test_w40-43,all,near,1.614721853777951,100000,10904,0.8457,0.7417000360834101,0.744538381327953,0.7559611151870873,0.6794359785399853,0.7708162307410125,0.673881144534116,0.6920429154438739,0.09880843005716802,0.9144454598426819,0.2505482331348549,0.02923310806305373,0.05424251559942961,0.6582852602005005,11,kdA4_w96,1,27.5
student_kdA4_w96_s1,test_w40-43,all,far,1.614721853777951,100000,89096,0.8457,0.7417000360834101,0.8128787382149592,0.7430299901230134,0.7371855349286163,0.7980761020696777,0.697360150848523,0.7146995027835145,0.09880843005716802,0.9144454598426819,0.2505482331348549,0.02923310806305373,0.05424251559942961,0.6582852602005005,11,kdA4_w96,1,27.5
student_kdA4_w96_s1,test_w40-43,ge5,all,1.614721853777951,95288,93977,0.8567080849634792,0.7492581926739524,0.8105136924500219,0.7393511178267023,0.7409600937588224,0.804945105109241,0.654798514530151,0.7258537310470936,0.09174808743587698,0.8418722152709961,0.23383060974882133,0.02634529973903746,0.05144297876337811,0.6044554710388184,11,kdA4_w96,1,27.5
student_kdA4_w96_s1,test_w40-43,ge5,near,1.614721853777951,95288,10557,0.8567080849634792,0.7492581926739524,0.748550350267213,0.7593066211992043,0.6887431877994878,0.7790339557155881,0.6418490101354551,0.7047178967621364,0.09174808743587698,0.8418722152709961,0.23383060974882133,0.02634529973903746,0.05144297876337811,0.6044554710388184,11,kdA4_w96,1,27.5
student_kdA4_w96_s1,test_w40-43,ge5,far,1.614721853777951,95288,83420,0.8567080849634792,0.7492581926739524,0.81835530121799,0.7368257012706785,0.7475682677724008,0.8082242228765486,0.6564373052025894,0.7285285212957905,0.09174808743587698,0.8418722152709961,0.23383060974882133,0.02634529973903746,0.05144297876337811,0.6044554710388184,11,kdA4_w96,1,27.5
student_kdA4_w96_s1,test_w44-47,all,all,1.614721853777951,100000,100000,0.82257,0.7130129074075401,0.7881569712000001,0.79475,0.7049347049000001,0.7785026870999999,0.77882,0.6889373301,0.11398023828938601,1.1552424430847168,0.2872506105379737,0.03730971273781887,0.064229856479466,0.8210258483886719,11,kdA4_w96,1,31.5
student_kdA4_w96_s1,test_w44-47,all,near,1.614721853777951,100000,10628,0.82257,0.7130129074075401,0.7277116310688747,0.7960105382009786,0.6545435359427926,0.755953489367708,0.7607263831388784,0.670591275875047,0.11398023828938601,1.1552424430847168,0.2872506105379737,0.03730971273781887,0.064229856479466,0.8210258483886719,11,kdA4_w96,1,31.5
student_kdA4_w96_s1,test_w44-47,all,far,1.614721853777951,100000,89372,0.82257,0.7130129074075401,0.7953450510786376,0.7946000984648436,0.7109271560443988,0.7811842078615225,0.7809716689790986,0.6911190185964285,0.11398023828938601,1.1552424430847168,0.2872506105379737,0.03730971273781887,0.064229856479466,0.8210258483886719,11,kdA4_w96,1,31.5
student_kdA4_w96_s1,test_w44-47,ge5,all,1.614721853777951,94936,92436,0.833319288784023,0.7206225043425949,0.7929688338555816,0.787409667229218,0.7147252250567464,0.7862104713898819,0.7316629884460599,0.7009809415739346,0.10659278678348572,1.0600091218948364,0.27018077225318526,0.03369277288732293,0.061014254158766934,0.7536072731018066,11,kdA4_w96,1,31.5
student_kdA4_w96_s1,test_w44-47,ge5,near,1.614721853777951,94936,10310,0.833319288784023,0.7206225043425949,0.7314392029646068,0.7963142580019399,0.6639746041173933,0.7645622295589894,0.7390882638215325,0.6839278993160292,0.10659278678348572,1.0600091218948364,0.27018077225318526,0.03369277288732293,0.061014254158766934,0.7536072731018066,11,kdA4_w96,1,31.5
student_kdA4_w96_s1,test_w44-47,ge5,far,1.614721853777951,94936,82126,0.833319288784023,0.7206225043425949,0.8006931902650737,0.7862917955336921,0.7210963974246292,0.7889281658261933,0.7307308282395344,0.7031217601414895,0.10659278678348572,1.0600091218948364,0.27018077225318526,0.03369277288732293,0.061014254158766934,0.7536072731018066,11,kdA4_w96,1,31.5
student_kdA4_w96_s1,test_w48-51,all,all,1.614721853777951,100000,100000,0.81165,0.7044854023220778,0.7887212889999999,0.78617,0.69743381,0.77707564655,0.77602,0.6795045654,0.12458873295724389,1.2911354303359985,0.3079376964290725,0.04110510703294697,0.07361451692551373,0.9067150950431824,11,kdA4_w96,1,35.333333333333336
student_kdA4_w96_s1,test_w48-51,all,near,1.614721853777951,100000,10972,0.81165,0.7044854023220778,0.7153043401385344,0.7870944221655122,0.6372649334670069,0.7386451622311339,0.757655851257747,0.6486043100619759,0.12458873295724389,1.2911354303359985,0.3079376964290725,0.04110510703294697,0.07361451692551373,0.9067150950431824,11,kdA4_w96,1,35.333333333333336
student_kdA4_w96_s1,test_w48-51,all,far,1.614721853777951,100000,89028,0.81165,0.7044854023220778,0.7977693498674574,0.7860560722469335,0.7048491502673317,0.7818119011434604,0.7782832367345105,0.6833127785640473,0.12458873295724389,1.2911354303359985,0.3079376964290725,0.04110510703294697,0.07361451692551373,0.9067150950431824,11,kdA4_w96,1,35.333333333333336
student_kdA4_w96_s1,test_w48-51,ge5,all,1.614721853777951,94668,93780,0.8232665737102295,0.7132128606843459,0.7937415584258711,0.7833439965877586,0.7086046866208431,0.7863277421736727,0.7214864576668799,0.6937029034527489,0.11613510005283417,1.1604101657867432,0.28898593978580034,0.03661301336238723,0.06919904242458538,0.8174868226051331,11,kdA4_w96,1,35.333333333333336
student_kdA4_w96_s1,test_w48-51,ge5,near,1.614721853777951,94668,10675,0.8232665737102295,0.7132128606843459,0.7192660508426391,0.7914754098360656,0.6477656049109972,0.7473487397198978,0.7250585480093676,0.66276036881362,0.11613510005283417,1.1604101657867432,0.28898593978580034,0.03661301336238723,0.06919904242458538,0.8174868226051331,11,kdA4_w96,1,35.333333333333336
student_kdA4_w96_s1,test_w48-51,ge5,far,1.614721853777951,94668,83105,0.8232665737102295,0.7132128606843459,0.8033080832252333,0.7822995006317309,0.7164195858116571,0.7913346713740103,0.7210276156669274,0.6976775326239504,0.11613510005283417,1.1604101657867432,0.28898593978580034,0.03661301336238723,0.06919904242458538,0.8174868226051331,11,kdA4_w96,1,35.333333333333336
student_direct_w96_s2,val,all,all,1.1401374074832382,200000,53779,0.952545,0.93137305498655,0.8746888513639153,0.7001989624202756,0.8611890318711765,0.8302550327265289,0.7213224492831775,0.8129384788672158,0.00401408823639154,0.17110151052474976,0.06800589903608134,0.0026756923079744688,0.004536723749339625,0.16876712441444397,11,direct_w96,2,1.0
student_direct_w96_s2,val,all,near,1.1401374074832382,200000,10959,0.952545,0.93137305498655,0.8573978383064148,0.6771603248471576,0.8435264823432795,0.7550518318277215,0.7535359065608176,0.7402466502418104,0.00401408823639154,0.17110151052474976,0.06800589903608134,0.0026756923079744688,0.004536723749339625,0.16876712441444397,11,direct_w96,2,1.0
student_direct_w96_s2,val,all,far,1.1401374074832382,200000,42820,0.952545,0.93137305498655,0.8791141715903785,0.7060952825782345,0.865709440098085,0.8495019238673517,0.713078000934143,0.8315426299626343,0.00401408823639154,0.17110151052474976,0.06800589903608134,0.0026756923079744688,0.004536723749339625,0.16876712441444397,11,direct_w96,2,1.0
student_direct_w96_s2,val,ge5,all,1.1401374074832382,191366,52270,0.9609753038679807,0.9419348821487115,0.888656853729631,0.6402716663478094,0.8771920226241459,0.8482744148494887,0.6614118997512913,0.8327294896539751,0.003809561209140292,0.13783420622348785,0.056384470209369375,0.0019241768416266736,0.0035266673384850723,0.1356387585401535,11,direct_w96,2,1.0
student_direct_w96_s2,val,ge5,near,1.1401374074832382,191366,10483,0.9609753038679807,0.9419348821487115,0.8686885547751394,0.6317847944290756,0.8570796680466412,0.7694183203699072,0.6998950682056663,0.7561079218060798,0.003809561209140292,0.13783420622348785,0.056384470209369375,0.0019241768416266736,0.0035266673384850723,0.1356387585401535,11,direct_w96,2,1.0
student_direct_w96_s2,val,ge5,far,1.1401374074832382,191366,41787,0.9609753038679807,0.9419348821487115,0.8936662508612734,0.6424007466436931,0.882237558629027,0.868056845711466,0.6517577236939718,0.8519513504180763,0.003809561209140292,0.13783420622348785,0.056384470209369375,0.0019241768416266736,0.0035266673384850723,0.1356387585401535,11,direct_w96,2,1.0
student_directTS_w96_s2,val,all,all,,200000,53779,0.952545,0.93137305498655,0.8745495195150523,0.6986556090667361,0.8610754601238402,0.8292835561743432,0.7241860205656483,0.8118439800851632,0.004536723749339625,0.16876712441444397,0.0679364782836678,0.0026653831628492535,,,11,directTS_w96,2,1.0
student_directTS_w96_s2,val,all,near,,200000,10959,0.952545,0.93137305498655,0.8567144716671229,0.6735103567843781,0.8427913815129117,0.7535287672232869,0.7548133953827904,0.7386472958299115,0.004536723749339625,0.16876712441444397,0.0679364782836678,0.0026653831628492535,,,11,directTS_w96,2,1.0
student_directTS_w96_s2,val,all,far,,200000,42820,0.952545,0.93137305498655,0.8791140755488089,0.705091078935077,0.865754937412424,0.84867161624241,0.7163475011676786,0.8305773397944883,0.004536723749339625,0.16876712441444397,0.0679364782836678,0.0026653831628492535,,,11,directTS_w96,2,1.0
student_directTS_w96_s2,val,ge5,all,,191366,52270,0.9609753038679807,0.9419348821487115,0.888961604172022,0.6328295389324661,0.8774231321056347,0.8473179396262298,0.6653912378037115,0.8316798311478439,0.0035266673384850723,0.1356387585401535,0.05625050385454373,0.0019134887912250554,,,11,directTS_w96,2,1.0
student_directTS_w96_s2,val,ge5,near,,191366,10483,0.9609753038679807,0.9419348821487115,0.8684441783741546,0.6262520270914814,0.8566666012890676,0.767972455866828,0.7026614518744634,0.7546020375564668,0.0035266673384850723,0.1356387585401535,0.05625050385454373,0.0019134887912250554,,,11,directTS_w96,2,1.0
student_directTS_w96_s2,val,ge5,far,,191366,41787,0.9609753038679807,0.9419348821487115,0.894108759379121,0.6344796228492114,0.8826302709897391,0.8672231423507568,0.656041352573767,0.8510161441212186,0.0035266673384850723,0.1356387585401535,0.05625050385454373,0.0019134887912250554,,,11,directTS_w96,2,1.0
student_direct_w96_s2,test_w16-19,all,all,1.1401374074832382,100000,100000,0.9458,0.9232325083647464,0.8797859591500001,0.59379,0.8587590540999999,0.8580666904500001,0.60033,0.8323955711000001,0.007731573167592287,0.23165011405944824,0.07925717372713878,0.003702532828011074,0.002924553743600884,0.22284094989299774,11,direct_w96,2,3.5
student_direct_w96_s2,test_w16-19,all,near,1.1401374074832382,100000,11980,0.9458,0.9232325083647464,0.8637183981636061,0.6676126878130217,0.8455195125208681,0.8725384929048415,0.6080968280467446,0.8466000350584306,0.007731573167592287,0.23165011405944824,0.07925717372713878,0.003702532828011074,0.002924553743600884,0.22284094989299774,11,direct_w96,2,3.5
student_direct_w96_s2,test_w16-19,all,far,1.1401374074832382,100000,88020,0.9458,0.9232325083647464,0.8819728414564871,0.5837423312883435,0.8605610276073621,0.8560969995455578,0.5992728925244263,0.8304622664167236,0.007731573167592287,0.23165011405944824,0.07925717372713878,0.003702532828011074,0.002924553743600884,0.22284094989299774,11,direct_w96,2,3.5
student_direct_w96_s2,test_w16-19,ge5,all,1.1401374074832382,96085,89545,0.9531664671905083,0.9310853368618609,0.8829110423542345,0.5906639119995533,0.8654959394390564,0.8647331251798434,0.5685297894913172,0.8418670967251125,0.007124362952250003,0.2024080604314804,0.06921671468379349,0.0028993369916393364,0.0021558063367517564,0.19390946626663208,11,direct_w96,2,3.5
student_direct_w96_s2,test_w16-19,ge5,near,1.1401374074832382,96085,11402,0.9531664671905083,0.9310853368618609,0.872478961626579,0.6509384318540606,0.8567821648881551,0.884264774097461,0.5730573583581827,0.8609970869997154,0.007124362952250003,0.2024080604314804,0.06921671468379349,0.0028993369916393364,0.0021558063367517564,0.19390946626663208,11,direct_w96,2,3.5
student_direct_w96_s2,test_w16-19,ge5,far,1.1401374074832382,96085,78143,0.9531664671905083,0.9310853368618609,0.8844332079283322,0.5818691373507544,0.8667673835534282,0.8618832235769016,0.5678691629448575,0.839075801930812,0.007124362952250003,0.2024080604314804,0.06921671468379349,0.0028993369916393364,0.0021558063367517564,0.19390946626663208,11,direct_w96,2,3.5
student_directTS_w96_s2,test_w16-19,all,all,,100000,100000,0.9458,0.9232325083647464,0.8806877469500001,0.58548,0.8594206998000001,0.85711721275,0.60225,0.8313797355000002,0.002924553743600884,0.22284094989299774,0.07894965706525764,0.0036857186740407964,,,11,directTS_w96,2,3.5
student_directTS_w96_s2,test_w16-19,all,near,,100000,11980,0.9458,0.9232325083647464,0.8656151773789649,0.6590150250417363,0.8471619131886478,0.8719143121869783,0.610517529215359,0.845807186978297,0.002924553743600884,0.22284094989299774,0.07894965706525764,0.0036857186740407964,,,11,directTS_w96,2,3.5
student_directTS_w96_s2,test_w16-19,all,far,,100000,88020,0.9458,0.9232325083647464,0.8827392055214724,0.5754714837536924,0.861089187230175,0.8551032471597364,0.6011247443762782,0.8294160810043173,0.002924553743600884,0.22284094989299774,0.07894965706525764,0.0036857186740407964,,,11,directTS_w96,2,3.5
student_directTS_w96_s2,test_w16-19,ge5,all,,96085,89545,0.9531664671905083,0.9310853368618609,0.8840750443228346,0.5799765481043051,0.8663719026139485,0.8639448355894449,0.5721815846780948,0.8410018594610296,0.0021558063367517564,0.19390946626663208,0.06887121219827572,0.0028813687492616675,,,11,directTS_w96,2,3.5
student_directTS_w96_s2,test_w16-19,ge5,near,,96085,11402,0.9531664671905083,0.9310853368618609,0.8746003137369317,0.6375197333801087,0.8586393674394283,0.8836287995676226,0.5747237326784774,0.8602193987945008,0.0021558063367517564,0.19390946626663208,0.06887121219827572,0.0028813687492616675,,,11,directTS_w96,2,3.5
student_directTS_w96_s2,test_w16-19,ge5,far,,96085,78143,0.9531664671905083,0.9310853368618609,0.8854575210403968,0.5715803078970605,0.8675001721462147,0.8610727093941468,0.5718106548251283,0.8381977902100379,0.0021558063367517564,0.19390946626663208,0.06887121219827572,0.0028813687492616675,,,11,directTS_w96,2,3.5
student_direct_w96_s2,test_w20-23,all,all,1.1401374074832382,100000,100000,0.93313,0.9014706698248776,0.87094828105,0.62293,0.8433780312,0.8610724329000001,0.57766,0.8250074941000001,0.014776607811301986,0.31003960967063904,0.09788334221517495,0.005657594755700323,0.0056374135786295245,0.2937628924846649,11,direct_w96,2,7.5
student_direct_w96_s2,test_w20-23,all,near,1.1401374074832382,100000,13417,0.93313,0.9014706698248776,0.8474097928001789,0.6885294775285086,0.8237005105463219,0.8736490471044197,0.6046060967429381,0.8375463143772826,0.014776607811301986,0.31003960967063904,0.09788334221517495,0.005657594755700323,0.0056374135786295245,0.2937628924846649,11,direct_w96,2,7.5
student_direct_w96_s2,test_w20-23,all,far,1.1401374074832382,100000,86583,0.93313,0.9014706698248776,0.874595831918506,0.6127646304701847,0.8464272821454558,0.8591235464814109,0.5734844022498643,0.8230644642712772,0.014776607811301986,0.31003960967063904,0.09788334221517495,0.005657594755700323,0.0056374135786295245,0.2937628924846649,11,direct_w96,2,7.5
student_direct_w96_s2,test_w20-23,ge5,all,1.1401374074832382,95941,89776,0.9400360638308961,0.9084405779673655,0.8736470119629473,0.6295669221172696,0.8499979272974476,0.8687231646285888,0.5466271609338799,0.8354889900412585,0.014858301450521347,0.28637462854385376,0.08855417364065347,0.004653264947828765,0.006918926961080334,0.2696168124675751,11,direct_w96,2,7.5
student_direct_w96_s2,test_w20-23,ge5,near,1.1401374074832382,95941,12762,0.9400360638308961,0.9084405779673655,0.8559165966743708,0.6803792509011127,0.8347280681717488,0.8859411219630797,0.5716972261401034,0.8524579644354213,0.014858301450521347,0.28637462854385376,0.08855417364065347,0.004653264947828765,0.006918926961080334,0.2696168124675751,11,direct_w96,2,7.5
student_direct_w96_s2,test_w20-23,ge5,far,1.1401374074832382,95941,77014,0.9400360638308961,0.9084405779673655,0.8765851213964634,0.621146804477108,0.8525282976478015,0.8658699746695843,0.5424727971537643,0.8326770590778193,0.014858301450521347,0.28637462854385376,0.08855417364065347,0.004653264947828765,0.006918926961080334,0.2696168124675751,11,direct_w96,2,7.5
student_directTS_w96_s2,test_w20-23,all,all,,100000,100000,0.93313,0.9014706698248776,0.8723355456499999,0.6108,0.8442906115000002,0.8602862021,0.58001,0.8241126852999999,0.0056374135786295245,0.2937628924846649,0.09719385195400611,0.005654009166121381,,,11,directTS_w96,2,7.5
student_directTS_w96_s2,test_w20-23,all,near,,100000,13417,0.93313,0.9014706698248776,0.8498067638071104,0.6801818588358053,0.8256056003577552,0.8732572091376611,0.6060967429380637,0.8369286114630692,0.0056374135786295245,0.2937628924846649,0.09719385195400611,0.005654009166121381,,,11,directTS_w96,2,7.5
student_directTS_w96_s2,test_w20-23,all,far,,100000,86583,0.93313,0.9014706698248776,0.8758266312671079,0.6000485083676934,0.8471860620445122,0.858276200120116,0.5759675686913135,0.822126714828546,0.0056374135786295245,0.2937628924846649,0.09719385195400611,0.005654009166121381,,,11,directTS_w96,2,7.5
student_directTS_w96_s2,test_w20-23,ge5,all,,95941,89776,0.9400360638308961,0.9084405779673655,0.8753298330769737,0.6175703974336125,0.8511721417497515,0.8681208037206509,0.5475294065229015,0.8347650360441866,0.006918926961080334,0.2696168124675751,0.08771772160378136,0.00463788853608418,,,11,directTS_w96,2,7.5
student_directTS_w96_s2,test_w20-23,ge5,near,,95941,12762,0.9400360638308961,0.9084405779673655,0.8585544164448963,0.66509951418273,0.8368693406736593,0.8855425607234344,0.5709136498981351,0.85186414740759,0.006918926961080334,0.2696168124675751,0.08771772160378136,0.00463788853608418,,,11,directTS_w96,2,7.5
student_directTS_w96_s2,test_w20-23,ge5,far,,95941,77014,0.9400360638308961,0.9084405779673655,0.8781096895583741,0.6096943412885969,0.8535422607843827,0.8652338420919922,0.5436544004986107,0.8319315400665754,0.006918926961080334,0.2696168124675751,0.08771772160378136,0.00463788853608418,,,11,directTS_w96,2,7.5
student_direct_w96_s2,test_w24-27,all,all,1.1401374074832382,100000,100000,0.92093,0.86522799475139,0.85375072875,0.64937,0.8199839626000001,0.8465161477,0.59142,0.8039962313999999,0.021514920218884986,0.4054355025291443,0.1180856566547705,0.008346456432757794,0.011576396323442439,0.3793354034423828,11,direct_w96,2,11.5
student_direct_w96_s2,test_w24-27,all,near,1.1401374074832382,100000,12494,0.92093,0.86522799475139,0.8312470517848567,0.7277893388826637,0.80277782135425,0.8624992000160078,0.6518328797822955,0.8206582287497999,0.021514920218884986,0.4054355025291443,0.1180856566547705,0.008346456432757794,0.011576396323442439,0.3793354034423828,11,direct_w96,2,11.5
student_direct_w96_s2,test_w24-27,all,far,1.1401374074832382,100000,87506,0.92093,0.86522799475139,0.8569637763124816,0.6381733823966357,0.8224406344707792,0.8442341069755217,0.5827943226750165,0.8016172517313098,0.021514920218884986,0.4054355025291443,0.1180856566547705,0.008346456432757794,0.011576396323442439,0.3793354034423828,11,direct_w96,2,11.5
student_direct_w96_s2,test_w24-27,ge5,all,1.1401374074832382,96204,89771,0.9269261153382395,0.8703958775774621,0.8533126455302026,0.6697708614140424,0.8238809009033612,0.8513707589429149,0.5734814138196077,0.8117802051605979,0.021328122279650547,0.37706097960472107,0.10953382153401339,0.00729763477366203,0.012488597362346336,0.35149604082107544,11,direct_w96,2,11.5
student_direct_w96_s2,test_w24-27,ge5,near,1.1401374074832382,96204,11977,0.9269261153382395,0.8703958775774621,0.8389123213710787,0.7238874509476496,0.8127385278840977,0.8746413601482868,0.6165149870585288,0.8350862105329616,0.021328122279650547,0.37706097960472107,0.10953382153401339,0.00729763477366203,0.012488597362346336,0.35149604082107544,11,direct_w96,2,11.5
student_direct_w96_s2,test_w24-27,ge5,far,1.1401374074832382,96204,77794,0.9269261153382395,0.8703958775774621,0.855529689035535,0.6614391855413014,0.8255963571294418,0.8477880663106201,0.5668560557369463,0.8081920617774989,0.021328122279650547,0.37706097960472107,0.10953382153401339,0.00729763477366203,0.012488597362346336,0.35149604082107544,11,direct_w96,2,11.5
student_directTS_w96_s2,test_w24-27,all,all,,100000,100000,0.92093,0.86522799475139,0.8553504692,0.63233,0.821047879,0.8457395116499999,0.59552,0.8031228158,0.011576396323442439,0.3793354034423828,0.11679921096033988,0.008326453764936785,,,11,directTS_w96,2,11.5
student_directTS_w96_s2,test_w24-27,all,near,,100000,12494,0.92093,0.86522799475139,0.8338787922202656,0.7156234992796542,0.8049093757003362,0.8621083368016648,0.6563150312149832,0.8200275188090282,0.011576396323442439,0.3793354034423828,0.11679921096033988,0.008326453764936785,,,11,directTS_w96,2,11.5
student_directTS_w96_s2,test_w24-27,all,far,,100000,87506,0.92093,0.86522799475139,0.8584161690626928,0.6204374557173222,0.8233521148264119,0.8434023907503485,0.5868397595593445,0.8007091829131717,0.011576396323442439,0.3793354034423828,0.11679921096033988,0.008326453764936785,,,11,directTS_w96,2,11.5
student_directTS_w96_s2,test_w24-27,ge5,all,,96204,89771,0.9269261153382395,0.8703958775774621,0.8552458739251564,0.6552450123090976,0.8252427191728184,0.8507972502985446,0.5769123659088125,0.8110774367968158,0.012488597362346336,0.35149604082107544,0.10820126968512479,0.0072644213106642435,,,11,directTS_w96,2,11.5
student_directTS_w96_s2,test_w24-27,ge5,near,,96204,11977,0.9269261153382395,0.8703958775774621,0.8418317350330667,0.7111129665191618,0.8151489999297956,0.8742812939386162,0.6191867746514153,0.8345044838705811,0.012488597362346336,0.35149604082107544,0.10820126968512479,0.0072644213106642435,,,11,directTS_w96,2,11.5
student_directTS_w96_s2,test_w24-27,ge5,far,,96204,77794,0.9269261153382395,0.8703958775774621,0.8573110864288271,0.6466437000282799,0.8267967268774447,0.8471816965196268,0.5704038871892434,0.8074706580889145,0.012488597362346336,0.35149604082107544,0.10820126968512479,0.0072644213106642435,,,11,directTS_w96,2,11.5
student_direct_w96_s2,test_w28-31,all,all,1.1401374074832382,100000,100000,0.89735,0.7985678686106542,0.8355932586499999,0.68737,0.7902416767000001,0.83697443265,0.60869,0.7790830517,0.036670658327639064,0.6247161030769348,0.15389696886854004,0.013367192189054748,0.025075059519410133,0.5753965377807617,11,direct_w96,2,15.5
student_direct_w96_s2,test_w28-31,all,near,1.1401374074832382,100000,15990,0.89735,0.7985678686106542,0.8219521156973109,0.7295809881175734,0.780852043777361,0.8549494449656034,0.6742338961851156,0.7984096510318949,0.036670658327639064,0.6247161030769348,0.15389696886854004,0.013367192189054748,0.025075059519410133,0.5753965377807617,11,direct_w96,2,15.5
student_direct_w96_s2,test_w28-31,all,far,1.1401374074832382,100000,84010,0.89735,0.7985678686106542,0.8381896385549339,0.6793357933579336,0.7920288476371861,0.8335531679561956,0.5962147363409118,0.7754045333888823,0.036670658327639064,0.6247161030769348,0.15389696886854004,0.013367192189054748,0.025075059519410133,0.5753965377807617,11,direct_w96,2,15.5
student_direct_w96_s2,test_w28-31,ge5,all,1.1401374074832382,95576,94669,0.9038880053569934,0.8040033681162774,0.8414947127508785,0.682113469034214,0.7992807434200903,0.847964794679195,0.5621058635878693,0.7919131422278881,0.03598081982108582,0.5925630331039429,0.14450901154383772,0.011910032437655902,0.025871966590769156,0.5439808964729309,11,direct_w96,2,15.5
student_direct_w96_s2,test_w28-31,ge5,near,1.1401374074832382,95576,15420,0.9038880053569934,0.8040033681162774,0.8298487479070173,0.7237354085603113,0.7914823198536728,0.8693682841488515,0.6174448767833982,0.8144814471601063,0.03598081982108582,0.5925630331039429,0.14450901154383772,0.011910032437655902,0.025871966590769156,0.5439808964729309,11,direct_w96,2,15.5
student_direct_w96_s2,test_w28-31,ge5,far,1.1401374074832382,95576,79249,0.9038880053569934,0.8040033681162774,0.8437607448508713,0.6740148140670544,0.8007981340672172,0.8438001767329485,0.5513381872326465,0.787521878463616,0.03598081982108582,0.5925630331039429,0.14450901154383772,0.011910032437655902,0.025871966590769156,0.5439808964729309,11,direct_w96,2,15.5
student_directTS_w96_s2,test_w28-31,all,all,,100000,100000,0.89735,0.7985678686106542,0.8376544201,0.67074,0.7915241061,0.8363793192000001,0.61092,0.7783358680000001,0.025075059519410133,0.5753965377807617,0.15149611660475623,0.013351303747829642,,,11,directTS_w96,2,15.5
student_directTS_w96_s2,test_w28-31,all,near,,100000,15990,0.89735,0.7985678686106542,0.8246812489055659,0.716635397123202,0.7829484652908067,0.8545242492182615,0.6747967479674797,0.7977112714196373,0.025075059519410133,0.5753965377807617,0.15149611660475623,0.013351303747829642,,,11,directTS_w96,2,15.5
student_directTS_w96_s2,test_w28-31,all,far,,100000,84010,0.89735,0.7985678686106542,0.8401236619450065,0.6620045232710392,0.7931563462683014,0.8329257133079395,0.5987620521366503,0.7746480605880253,0.025075059519410133,0.5753965377807617,0.15149611660475623,0.013351303747829642,,,11,directTS_w96,2,15.5
student_directTS_w96_s2,test_w28-31,ge5,all,,95576,94669,0.9038880053569934,0.8040033681162774,0.8439998270533363,0.6633639311707106,0.8008823449800503,0.8474921473941557,0.5638804677349502,0.7912801531019859,0.025871966590769156,0.5439808964729309,0.1422349367863136,0.01187879457129187,,,11,directTS_w96,2,15.5
student_directTS_w96_s2,test_w28-31,ge5,near,,95576,15420,0.9038880053569934,0.8040033681162774,0.8330444554510481,0.711348897535668,0.793949633335168,0.8690237728659339,0.6204928664072633,0.8138707482583312,0.025871966590769156,0.5439808964729309,0.1422349367863136,0.01187879457129187,,,11,directTS_w96,2,15.5
student_directTS_w96_s2,test_w28-31,ge5,far,,95576,79249,0.9038880053569934,0.8040033681162774,0.8461314858768834,0.6540271801536928,0.8022312883555388,0.8433025971818524,0.552865020378806,0.7868845521819634,0.025871966590769156,0.5439808964729309,0.1422349367863136,0.01187879457129187,,,11,directTS_w96,2,15.5
student_direct_w96_s2,test_w32-35,all,all,1.1401374074832382,100000,100000,0.87013,0.7586255588619808,0.8190626657,0.70695,0.7607322065000002,0.82334241465,0.64266,0.7490258316000001,0.05477443085506557,0.8078138828277588,0.19500656587409027,0.020192524543070307,0.04180772344499825,0.7396945953369141,11,direct_w96,2,19.5
student_direct_w96_s2,test_w32-35,all,near,1.1401374074832382,100000,16559,0.87013,0.7586255588619808,0.8034330780844254,0.7519173863155988,0.7503340250015096,0.8441757458179842,0.667914729150311,0.7695975505767256,0.05477443085506557,0.8078138828277588,0.19500656587409027,0.020192524543070307,0.04180772344499825,0.7396945953369141,11,direct_w96,2,19.5
student_direct_w96_s2,test_w32-35,all,far,1.1401374074832382,100000,83441,0.87013,0.7586255588619808,0.8221643823779676,0.6980261502139236,0.7627957422609988,0.819208006735298,0.6376481585791158,0.744943341043372,0.05477443085506557,0.8078138828277588,0.19500656587409027,0.020192524543070307,0.04180772344499825,0.7396945953369141,11,direct_w96,2,19.5
student_direct_w96_s2,test_w32-35,ge5,all,1.1401374074832382,95262,94615,0.8783040456845331,0.7636136062605521,0.8246761251083248,0.7052158748612799,0.7703968729521351,0.834564347468798,0.6101252444115627,0.7634144837519798,0.05246950966843128,0.7556696534156799,0.18319670114131628,0.018160332692396832,0.04100770196654502,0.6907040476799011,11,direct_w96,2,19.5
student_direct_w96_s2,test_w32-35,ge5,near,1.1401374074832382,95262,16006,0.8783040456845331,0.7636136062605521,0.8116902585602956,0.7458453080094964,0.7619350982238707,0.8585306771743888,0.6404473322504061,0.7869686842177523,0.05246950966843128,0.7556696534156799,0.18319670114131628,0.018160332692396832,0.04100770196654502,0.6907040476799011,11,direct_w96,2,19.5
student_direct_w96_s2,test_w32-35,ge5,far,1.1401374074832382,95262,78609,0.8783040456845331,0.7636136062605521,0.8273202470277965,0.696943098118536,0.7721198202775126,0.8296844345673786,0.6039512015163658,0.7586184866949615,0.05246950966843128,0.7556696534156799,0.18319670114131628,0.018160332692396832,0.04100770196654502,0.6907040476799011,11,direct_w96,2,19.5
student_directTS_w96_s2,test_w32-35,all,all,,100000,100000,0.87013,0.7586255588619808,0.82113415475,0.69086,0.7619925891,0.8227970889,0.64355,0.7482454639999999,0.04180772344499825,0.7396945953369141,0.19134975736513396,0.020146557556118293,,,11,directTS_w96,2,19.5
student_directTS_w96_s2,test_w32-35,all,near,,100000,16559,0.87013,0.7586255588619808,0.8063603508665983,0.7355516637478109,0.7524846071622683,0.8440188839905791,0.6702095537170119,0.7690498900899811,0.04180772344499825,0.7396945953369141,0.19134975736513396,0.020146557556118293,,,11,directTS_w96,2,19.5
student_directTS_w96_s2,test_w32-35,all,far,,100000,83441,0.87013,0.7586255588619808,0.8240660397766086,0.6819908677988039,0.7638794633333732,0.81858558969811,0.6382593688953871,0.7441167923442911,0.04180772344499825,0.7396945953369141,0.19134975736513396,0.020146557556118293,,,11,directTS_w96,2,19.5
student_directTS_w96_s2,test_w32-35,ge5,all,,95262,94615,0.8783040456845331,0.7636136062605521,0.827206894007299,0.6901865454737621,0.7720255494473646,0.8341317277125424,0.6126724092374359,0.7627548974030645,0.04100770196654502,0.6907040476799011,0.1797882084468372,0.018085727293991598,,,11,directTS_w96,2,19.5
student_directTS_w96_s2,test_w32-35,ge5,near,,95262,16006,0.8783040456845331,0.7636136062605521,0.8150279934022453,0.7316631263276271,0.7644498172730481,0.858444768445714,0.6420717231038361,0.7865082154520412,0.04100770196654502,0.6907040476799011,0.1797882084468372,0.018085727293991598,,,11,directTS_w96,2,19.5
student_directTS_w96_s2,test_w32-35,ge5,far,,95262,78609,0.8783040456845331,0.7636136062605521,0.8296867052640824,0.681741276444173,0.7735680848972764,0.8291812191196949,0.6066862572987826,0.7579183569472397,0.04100770196654502,0.6907040476799011,0.1797882084468372,0.018085727293991598,,,11,directTS_w96,2,19.5
student_direct_w96_s2,test_w36-39,all,all,1.1401374074832382,100000,100000,0.8507,0.7422126924055463,0.8146372294,0.71159,0.7445670164999999,0.8163315306500001,0.68537,0.7309739394,0.06672632316365834,0.8569854497909546,0.2230383022988295,0.026653393752153563,0.05295290706112977,0.7856865525245667,11,direct_w96,2,23.5
student_direct_w96_s2,test_w36-39,all,near,1.1401374074832382,100000,12548,0.8507,0.7422126924055463,0.792835660264584,0.7478482626713421,0.7293534451705451,0.8399579263627669,0.6761236850494102,0.7517195027095952,0.06672632316365834,0.8569854497909546,0.2230383022988295,0.026653393752153563,0.05295290706112977,0.7856865525245667,11,direct_w96,2,23.5
student_direct_w96_s2,test_w36-39,all,far,1.1401374074832382,100000,87452,0.8507,0.7422126924055463,0.8177654150276723,0.7063875040021955,0.7467499270456937,0.8129415108287975,0.6866967021909162,0.7279972741618259,0.06672632316365834,0.8569854497909546,0.2230383022988295,0.026653393752153563,0.05295290706112977,0.7856865525245667,11,direct_w96,2,23.5
student_direct_w96_s2,test_w36-39,ge5,all,1.1401374074832382,95184,91735,0.8614367961001849,0.7476997550056876,0.8170007115930441,0.7219490924946858,0.7531478245534345,0.8264282381946552,0.6450863901455279,0.745907609440514,0.062483609305448315,0.7928669452667236,0.2079557205127925,0.02399324015472681,0.050202772971089264,0.7259743213653564,11,direct_w96,2,23.5
student_direct_w96_s2,test_w36-39,ge5,near,1.1401374074832382,95184,12085,0.8614367961001849,0.7476997550056876,0.8002734459461762,0.746462556888705,0.7414103062835925,0.8528033489633615,0.6527099710384775,0.7694838907224996,0.062483609305448315,0.7928669452667236,0.2079557205127925,0.02399324015472681,0.050202772971089264,0.7259743213653564,11,direct_w96,2,23.5
student_direct_w96_s2,test_w36-39,ge5,far,1.1401374074832382,95184,79650,0.8614367961001849,0.7476997550056876,0.8195386777618124,0.7182297551789077,0.7549287148019096,0.8224264401577459,0.6439296924042687,0.7423304674531594,0.062483609305448315,0.7928669452667236,0.2079557205127925,0.02399324015472681,0.050202772971089264,0.7259743213653564,11,direct_w96,2,23.5
student_directTS_w96_s2,test_w36-39,all,all,,100000,100000,0.8507,0.7422126924055463,0.8168468465500001,0.69846,0.7459348526,0.8156328529000001,0.68919,0.7300381418,0.05295290706112977,0.7856865525245667,0.218345554131009,0.026558616253941958,,,11,directTS_w96,2,23.5
student_directTS_w96_s2,test_w36-39,all,near,,100000,12548,0.8507,0.7422126924055463,0.7960992943098502,0.7284029327382849,0.7316658192540644,0.8399583642811603,0.6755658272234619,0.7512440237488045,0.05295290706112977,0.7856865525245667,0.218345554131009,0.026558616253941958,,,11,directTS_w96,2,23.5
student_directTS_w96_s2,test_w36-39,all,far,,100000,87452,0.8507,0.7422126924055463,0.8198237971687325,0.6941636554910122,0.7479822366555368,0.8121425208685908,0.691144856607053,0.7269954280062206,0.05295290706112977,0.7856865525245667,0.218345554131009,0.026558616253941958,,,11,directTS_w96,2,23.5
student_directTS_w96_s2,test_w36-39,ge5,all,,95184,91735,0.8614367961001849,0.7476997550056876,0.8196678806083793,0.7041587180465472,0.7548753845560853,0.8259046615394751,0.6495121818280918,0.7451601102329595,0.050202772971089264,0.7259743213653564,0.20380351333725785,0.023875102841982288,,,11,directTS_w96,2,23.5
student_directTS_w96_s2,test_w36-39,ge5,near,,95184,12085,0.8614367961001849,0.7476997550056876,0.8038834458675879,0.7294166321886636,0.7440576492379405,0.8528542140152404,0.6524617294166322,0.7691063165996613,0.050202772971089264,0.7259743213653564,0.20380351333725785,0.023875102841982288,,,11,directTS_w96,2,23.5
student_directTS_w96_s2,test_w36-39,ge5,far,,95184,79650,0.8614367961001849,0.7476997550056876,0.8220627945298165,0.7003264281230382,0.7565167195381289,0.8218157055863098,0.6490646578782172,0.7415268408802717,0.050202772971089264,0.7259743213653564,0.20380351333725785,0.023875102841982288,,,11,directTS_w96,2,23.5
student_direct_w96_s2,test_w40-43,all,all,1.1401374074832382,100000,100000,0.84415,0.7396378420688074,0.8070529421999999,0.72711,0.7335602032000001,0.80887612795,0.6902,0.7199383807,0.07338240255273876,0.9141006469726562,0.2344990415390436,0.028995292135727487,0.059443096985965935,0.8359197378158569,11,direct_w96,2,27.5
student_direct_w96_s2,test_w40-43,all,near,1.1401374074832382,100000,10904,0.84415,0.7396378420688074,0.7850842621973588,0.7641232575201761,0.7183156199559796,0.833164688187821,0.6825935436537051,0.7412600742846662,0.07338240255273876,0.9141006469726562,0.2344990415390436,0.028995292135727487,0.059443096985965935,0.8359197378158569,11,direct_w96,2,27.5
student_direct_w96_s2,test_w40-43,all,far,1.1401374074832382,100000,89096,0.84415,0.7396378420688074,0.8097415756599623,0.7225801382778126,0.735425909131723,0.8059035763109454,0.6911309149681243,0.7173289285714286,0.07338240255273876,0.9141006469726562,0.2344990415390436,0.028995292135727487,0.059443096985965935,0.8359197378158569,11,direct_w96,2,27.5
student_direct_w96_s2,test_w40-43,ge5,all,1.1401374074832382,95288,93977,0.8538535807237008,0.7467438041611874,0.813262695671324,0.7184843099907424,0.7438359462458106,0.821652229740517,0.6421252008470157,0.7360511884296331,0.07054516949802926,0.850932776927948,0.22103102983464248,0.026372794924404242,0.05809912732814451,0.7769808173179626,11,direct_w96,2,27.5
student_direct_w96_s2,test_w40-43,ge5,near,1.1401374074832382,95288,10557,0.8538535807237008,0.7467438041611874,0.7932287811252263,0.7532442928862366,0.7301653018785477,0.8472565830889667,0.6404281519371033,0.7591083559512343,0.07054516949802926,0.850932776927948,0.22103102983464248,0.026372794924404242,0.05809912732814451,0.7769808173179626,11,direct_w96,2,27.5
student_direct_w96_s2,test_w40-43,ge5,far,1.1401374074832382,95288,83420,0.8538535807237008,0.7467438041611874,0.8157980353484177,0.714085351234716,0.7455659989020703,0.8184119377445979,0.6423399664349076,0.7331332488764619,0.07054516949802926,0.850932776927948,0.22103102983464248,0.026372794924404242,0.05809912732814451,0.7769808173179626,11,direct_w96,2,27.5
student_directTS_w96_s2,test_w40-43,all,all,,100000,100000,0.84415,0.7396378420688074,0.8093715344,0.71377,0.7349667057,0.8081437541500001,0.69177,0.7189722538,0.059443096985965935,0.8359197378158569,0.2293615901519573,0.02891708036814359,,,11,directTS_w96,2,27.5
student_directTS_w96_s2,test_w40-43,all,near,,100000,10904,0.84415,0.7396378420688074,0.7885597996148204,0.7404622157006603,0.7207596725972121,0.8331160000917094,0.6810344827586207,0.7407406795671314,0.059443096985965935,0.8359197378158569,0.2293615901519573,0.02891708036814359,,,11,directTS_w96,2,27.5
student_directTS_w96_s2,test_w40-43,all,far,,100000,89096,0.84415,0.7396378420688074,0.8119185753007991,0.7105032773637425,0.7367054312202567,0.8050875297431983,0.6930838645954925,0.7163081284232737,0.059443096985965935,0.8359197378158569,0.2293615901519573,0.02891708036814359,,,11,directTS_w96,2,27.5
student_directTS_w96_s2,test_w40-43,ge5,all,,95288,93977,0.8538535807237008,0.7467438041611874,0.8160326915795307,0.6985432605850368,0.74560120623101,0.8210390056359588,0.6427955776413378,0.7352415205507151,0.05809912732814451,0.7769808173179626,0.21623049777267442,0.026245563615314427,,,11,directTS_w96,2,27.5
student_directTS_w96_s2,test_w40-43,ge5,near,,95288,10557,0.8538535807237008,0.7467438041611874,0.7971115357064692,0.7331628303495311,0.7329737921506454,0.8472724988042611,0.6400492564175428,0.7586918524031288,0.05809912732814451,0.7769808173179626,0.21623049777267442,0.026245563615314427,,,11,directTS_w96,2,27.5
student_directTS_w96_s2,test_w40-43,ge5,far,,95288,83420,0.8538535807237008,0.7467438041611874,0.8184272089920447,0.6941620714456965,0.7471992356058171,0.8177190944950121,0.6431431311436107,0.7322738251135787,0.05809912732814451,0.7769808173179626,0.21623049777267442,0.026245563615314427,,,11,directTS_w96,2,27.5
student_direct_w96_s2,test_w44-47,all,all,1.1401374074832382,100000,100000,0.8212,0.7127231519918681,0.7952791071,0.74714,0.7090597593999999,0.7930930009000001,0.73175,0.6953017716,0.08636961234629155,1.1431835889816284,0.2713050610756293,0.03838949949754066,0.07095359078064557,1.041184902191162,11,direct_w96,2,31.5
student_direct_w96_s2,test_w44-47,all,near,1.1401374074832382,100000,10628,0.8212,0.7127231519918681,0.7611538911366202,0.7929996236356793,0.6858530701919457,0.8138535735792247,0.7332517877305231,0.7145433327060594,0.08636961234629155,1.1431835889816284,0.2713050610756293,0.03838949949754066,0.07095359078064557,1.041184902191162,11,direct_w96,2,31.5
student_direct_w96_s2,test_w44-47,all,far,1.1401374074832382,100000,89372,0.8212,0.7127231519918681,0.7993372326343821,0.7416864342299602,0.7118194681779527,0.7906241810634204,0.7315714093899656,0.6930135906100344,0.08636961234629155,1.1431835889816284,0.2713050610756293,0.03838949949754066,0.07095359078064557,1.041184902191162,11,direct_w96,2,31.5
student_direct_w96_s2,test_w44-47,ge5,all,1.1401374074832382,94936,92436,0.8305279346085784,0.7199884839467571,0.798235035146635,0.7435090224587823,0.717603208443651,0.8030438770705122,0.6971309879267817,0.7093041491299876,0.0833997830591284,1.077304482460022,0.25779328851795,0.034983897538304706,0.06953978047243858,0.9798091650009155,11,direct_w96,2,31.5
student_direct_w96_s2,test_w44-47,ge5,near,1.1401374074832382,94936,10310,0.8305279346085784,0.7199884839467571,0.7690992760899844,0.7828322017458778,0.6978395083170841,0.82890885825824,0.6925315227934045,0.7329175775530886,0.0833997830591284,1.077304482460022,0.25779328851795,0.034983897538304706,0.06953978047243858,0.9798091650009155,11,direct_w96,2,31.5
student_direct_w96_s2,test_w44-47,ge5,far,1.1401374074832382,94936,82126,0.8305279346085784,0.7199884839467571,0.801892703557054,0.7385724374741252,0.7200843197641207,0.7997968182091835,0.6977083992888975,0.7063397475148817,0.0833997830591284,1.077304482460022,0.25779328851795,0.034983897538304706,0.06953978047243858,0.9798091650009155,11,direct_w96,2,31.5
student_directTS_w96_s2,test_w44-47,all,all,,100000,100000,0.8212,0.7127231519918681,0.7976807942999999,0.73867,0.7104563206,0.7922729335,0.73607,0.6943927449,0.07095359078064557,1.041184902191162,0.2654374145155882,0.03826453862106701,,,11,directTS_w96,2,31.5
student_directTS_w96_s2,test_w44-47,all,near,,100000,10628,0.8212,0.7127231519918681,0.7647890115732028,0.7802032367331577,0.6883473071132856,0.8139055254986827,0.7343808806925104,0.7141711563793751,0.07095359078064557,1.041184902191162,0.2654374145155882,0.03826453862106701,,,11,directTS_w96,2,31.5
student_directTS_w96_s2,test_w44-47,all,far,,100000,89372,0.8212,0.7127231519918681,0.8015922415857315,0.7337309224365574,0.7130854952334065,0.7897004142796401,0.7362708678333258,0.6920407223738979,0.07095359078064557,1.041184902191162,0.2654374145155882,0.03826453862106701,,,11,directTS_w96,2,31.5
student_directTS_w96_s2,test_w44-47,ge5,all,,94936,92436,0.8305279346085784,0.7199884839467571,0.8010939970621604,0.7289043229910425,0.7193489515750322,0.8023739647856236,0.7010255744515124,0.7085522428089582,0.06953978047243858,0.9798091650009155,0.25225008058450704,0.034800783148006546,,,11,directTS_w96,2,31.5
student_directTS_w96_s2,test_w44-47,ge5,near,,94936,10310,0.8305279346085784,0.7199884839467571,0.7732418187571481,0.7628516003879728,0.7007555838117538,0.8290291705629734,0.6930164888457808,0.7326419393100561,0.06953978047243858,0.9798091650009155,0.25225008058450704,0.034800783148006546,,,11,directTS_w96,2,31.5
student_directTS_w96_s2,test_w44-47,ge5,far,,94936,82126,0.8305279346085784,0.7199884839467571,0.8045905262773259,0.7246426223120571,0.7216831407677287,0.7990277020726646,0.7020310254974064,0.7055280510678981,0.06953978047243858,0.9798091650009155,0.25225008058450704,0.034800783148006546,,,11,directTS_w96,2,31.5
student_direct_w96_s2,test_w48-51,all,all,1.1401374074832382,100000,100000,0.80973,0.6977733316138237,0.7940079198499999,0.76038,0.7014102371000001,0.7928722326,0.74361,0.6891531807,0.09541553964696824,1.27946138381958,0.2923315868925708,0.04265941045131446,0.08002129307329653,1.1635762453079224,11,direct_w96,2,35.333333333333336
student_direct_w96_s2,test_w48-51,all,near,1.1401374074832382,100000,10972,0.80973,0.6977733316138237,0.7496529315530441,0.8114290922347794,0.6705378208166242,0.7977312914691943,0.7633977397010573,0.6967246363470653,0.09541553964696824,1.27946138381958,0.2923315868925708,0.04265941045131446,0.08002129307329653,1.1635762453079224,11,direct_w96,2,35.333333333333336
student_direct_w96_s2,test_w48-51,all,far,1.1401374074832382,100000,89028,0.80973,0.6977733316138237,0.7994743229096464,0.7540886013389047,0.7052150193197645,0.7922733918542482,0.7411713168890686,0.6882200584085906,0.09541553964696824,1.27946138381958,0.2923315868925708,0.04265941045131446,0.08002129307329653,1.1635762453079224,11,direct_w96,2,35.333333333333336
student_direct_w96_s2,test_w48-51,ge5,all,1.1401374074832382,94668,93780,0.8203194321206744,0.7056794869200524,0.7992997434691408,0.7532522925997014,0.7132024499389107,0.805576579179681,0.7148005971422479,0.7064089781547506,0.09120378966504275,1.1945756673812866,0.27545781800585817,0.03805496282186623,0.07733559434118342,1.0856174230575562,11,direct_w96,2,35.333333333333336
student_direct_w96_s2,test_w48-51,ge5,near,1.1401374074832382,94668,10675,0.8203194321206744,0.7056794869200524,0.758342923362197,0.8020608899297423,0.68453546074342,0.8137311471055905,0.7372365339578454,0.7168786437582584,0.09120378966504275,1.1945756673812866,0.27545781800585817,0.03805496282186623,0.07733559434118342,1.0856174230575562,11,direct_w96,2,35.333333333333336
student_direct_w96_s2,test_w48-51,ge5,far,1.1401374074832382,94668,83105,0.8203194321206744,0.7056794869200524,0.8045607272203186,0.7469827326875639,0.7168847808415262,0.80452910895997,0.7119186571205102,0.7050641291045439,0.09120378966504275,1.1945756673812866,0.27545781800585817,0.03805496282186623,0.07733559434118342,1.0856174230575562,11,direct_w96,2,35.333333333333336
student_directTS_w96_s2,test_w48-51,all,all,,100000,100000,0.80973,0.6977733316138237,0.7964578679500002,0.75756,0.7028282612000001,0.7921171738499999,0.74492,0.6883368932,0.08002129307329653,1.1635762453079224,0.28581862403886293,0.042476328720580096,,,11,directTS_w96,2,35.333333333333336
student_directTS_w96_s2,test_w48-51,all,near,,100000,10972,0.80973,0.6977733316138237,0.753038616022603,0.8063251913962814,0.6728489318264674,0.7977533325738242,0.7641268683922713,0.6963618501640539,0.08002129307329653,1.1635762453079224,0.28581862403886293,0.042476328720580096,,,11,directTS_w96,2,35.333333333333336
student_directTS_w96_s2,test_w48-51,all,far,,100000,89028,0.80973,0.6977733316138237,0.8018089488700184,0.7515500741339803,0.7065229774902279,0.7914225616659928,0.742552904704138,0.6873478804421082,0.08002129307329653,1.1635762453079224,0.28581862403886293,0.042476328720580096,,,11,directTS_w96,2,35.333333333333336
student_directTS_w96_s2,test_w48-51,ge5,all,,94668,93780,0.8203194321206744,0.7056794869200524,0.8022039044321355,0.7460652591170825,0.7149810950370673,0.8049672835273972,0.7176156963105139,0.705735570118893,0.07733559434118342,1.0856174230575562,0.26932712144909454,0.03781645772560243,,,11,directTS_w96,2,35.333333333333336
student_directTS_w96_s2,test_w48-51,ge5,near,,94668,10675,0.8203194321206744,0.7056794869200524,0.7622285924857674,0.7896018735362997,0.6872700354815731,0.8138255482564534,0.7364871194379391,0.716603651424641,0.07733559434118342,1.0856174230575562,0.26932712144909454,0.03781645772560243,,,11,directTS_w96,2,35.333333333333336
student_directTS_w96_s2,test_w48-51,ge5,far,,94668,83105,0.8203194321206744,0.7056794869200524,0.8073388115379351,0.740472895734312,0.718540634905365,0.8038294220752261,0.7151916250526442,0.7043395437914896,0.07733559434118342,1.0856174230575562,0.26932712144909454,0.03781645772560243,,,11,directTS_w96,2,35.333333333333336
student_kdA4_w96_s2,val,all,all,1.6055969846317464,200000,53779,0.94322,0.9185338435964655,0.8646357154744417,0.7114673013629855,0.8472605000092972,0.8132456046970007,0.6910875992487774,0.7931506833522379,0.02544593080684541,0.22729600965976715,0.08477712941264601,0.0036405115499825716,0.003825931607335825,0.19279804825782776,11,kdA4_w96,2,1.0
student_kdA4_w96_s2,val,all,near,1.6055969846317464,200000,10959,0.94322,0.9185338435964655,0.8605163196915777,0.6890227210511908,0.8427476562642575,0.7900516520667944,0.7424035039693403,0.7715585213066886,0.02544593080684541,0.22729600965976715,0.08477712941264601,0.0036405115499825716,0.003825931607335825,0.19279804825782776,11,kdA4_w96,2,1.0
student_kdA4_w96_s2,val,all,far,1.6055969846317464,200000,42820,0.94322,0.9185338435964655,0.8656899998832321,0.717211583372256,0.8484154802662307,0.8191816749182624,0.6779542269967305,0.7986768044138253,0.02544593080684541,0.22729600965976715,0.08477712941264601,0.0036405115499825716,0.003825931607335825,0.19279804825782776,11,kdA4_w96,2,1.0
student_kdA4_w96_s2,val,ge5,all,1.6055969846317464,191366,52270,0.9537378635703312,0.9314048766717644,0.8769049255139073,0.6614884254830686,0.862659929480926,0.8262709382424577,0.6281614692940501,0.8087298496247537,0.020811194484221605,0.1822192221879959,0.06947571337796545,0.002577746467826865,0.0031304566678400743,0.1542523056268692,11,kdA4_w96,2,1.0
student_kdA4_w96_s2,val,ge5,near,1.6055969846317464,191366,10483,0.9537378635703312,0.9314048766717644,0.8704790808220748,0.6505771248688352,0.8562357935508109,0.8014772833860678,0.6923590575217018,0.7853562807995127,0.020811194484221605,0.1822192221879959,0.06947571337796545,0.002577746467826865,0.0031304566678400743,0.1542523056268692,11,kdA4_w96,2,1.0
student_kdA4_w96_s2,val,ge5,far,1.6055969846317464,191366,41787,0.9537378635703312,0.9314048766717644,0.8785169610729204,0.6642257161318114,0.8642715363671679,0.832490860320126,0.6120563811711777,0.8145935182775644,0.020811194484221605,0.1822192221879959,0.06947571337796545,0.002577746467826865,0.0031304566678400743,0.1542523056268692,11,kdA4_w96,2,1.0
student_kdA4_w96_s2,test_w16-19,all,all,1.6055969846317464,100000,100000,0.93616,0.9102621713651562,0.8666728217999999,0.637,0.8428139507000001,0.84730662175,0.54725,0.817815855,0.029075883848667196,0.26374030113220215,0.09551222048136873,0.0048497318610158935,0.004065556891337048,0.2195667028427124,11,kdA4_w96,2,3.5
student_kdA4_w96_s2,test_w16-19,all,near,1.6055969846317464,100000,11980,0.93616,0.9102621713651562,0.810750697412354,0.7159432387312187,0.7912415467445744,0.821403482888147,0.5773789649415693,0.7940414858096827,0.029075883848667196,0.26374030113220215,0.09551222048136873,0.0048497318610158935,0.004065556891337048,0.2195667028427124,11,kdA4_w96,2,3.5
student_kdA4_w96_s2,test_w16-19,all,far,1.6055969846317464,100000,88020,0.93616,0.9102621713651562,0.8742841266189502,0.6262553965007953,0.8498332349466029,0.8508321796182686,0.5431492842535788,0.8210516757555102,0.029075883848667196,0.26374030113220215,0.09551222048136873,0.0048497318610158935,0.004065556891337048,0.2195667028427124,11,kdA4_w96,2,3.5
student_kdA4_w96_s2,test_w16-19,ge5,all,1.6055969846317464,96085,89545,0.9450590622885986,0.9197866295609362,0.8677101782887603,0.639455022614328,0.8486149707848812,0.8473798393550056,0.5181863867329276,0.821909860722883,0.02485112142130493,0.22437545657157898,0.08223749374968249,0.0037674463988258875,0.003074692454187706,0.1866167038679123,11,kdA4_w96,2,3.5
student_kdA4_w96_s2,test_w16-19,ge5,near,1.6055969846317464,96085,11402,0.9450590622885986,0.9197866295609362,0.8149953936392251,0.6982985441150675,0.7990895761667054,0.826287071218488,0.5485879670233292,0.8024779164088118,0.02485112142130493,0.22437545657157898,0.08223749374968249,0.0037674463988258875,0.003074692454187706,0.1866167038679123,11,kdA4_w96,2,3.5
student_kdA4_w96_s2,test_w16-19,ge5,far,1.6055969846317464,96085,78143,0.9450590622885986,0.9197866295609362,0.8754018969913185,0.6308690477713935,0.8558413192669773,0.850457526957127,0.5137504319004901,0.8247452142295187,0.02485112142130493,0.22437545657157898,0.08223749374968249,0.0037674463988258875,0.003074692454187706,0.1866167038679123,11,kdA4_w96,2,3.5
student_kdA4_w96_s2,test_w20-23,all,all,1.6055969846317464,100000,100000,0.92621,0.8879751932645261,0.8551083906000001,0.66635,0.8258238414999999,0.83902062745,0.56314,0.8029315048999999,0.036007221760898864,0.3353932499885559,0.11289555493743123,0.006870883506768352,0.007668506717532908,0.27092501521110535,11,kdA4_w96,2,7.5
student_kdA4_w96_s2,test_w20-23,all,near,1.6055969846317464,100000,13417,0.92621,0.8879751932645261,0.7932276719833049,0.7154356413505254,0.7685607855705447,0.8107220880226578,0.57471864053067,0.7768814720131176,0.036007221760898864,0.3353932499885559,0.11289555493743123,0.006870883506768352,0.007668506717532908,0.27092501521110535,11,kdA4_w96,2,7.5
student_kdA4_w96_s2,test_w20-23,all,far,1.6055969846317464,100000,86583,0.92621,0.8879751932645261,0.8646974970259751,0.6587436332767402,0.8346973896723375,0.8434058012542878,0.561345760715152,0.8069682475774689,0.036007221760898864,0.3353932499885559,0.11289555493743123,0.006870883506768352,0.007668506717532908,0.27092501521110535,11,kdA4_w96,2,7.5
student_kdA4_w96_s2,test_w20-23,ge5,all,1.6055969846317464,95941,89776,0.9347619891391584,0.8963116392366092,0.8554713482433401,0.6750022277668865,0.8313380650361124,0.8388003991106108,0.551483692746391,0.8072454101704827,0.03216154407671978,0.2981220483779907,0.0998209426766709,0.0055740578686881825,0.006472957000395637,0.23924027383327484,11,kdA4_w96,2,7.5
student_kdA4_w96_s2,test_w20-23,ge5,near,1.6055969846317464,95941,12762,0.9347619891391584,0.8963116392366092,0.7966396901999537,0.7049051872747218,0.7758370910257539,0.8151115508631703,0.5635480332236327,0.7852132932328773,0.03216154407671978,0.2981220483779907,0.0998209426766709,0.0055740578686881825,0.006472957000395637,0.23924027383327484,11,kdA4_w96,2,7.5
student_kdA4_w96_s2,test_w20-23,ge5,far,1.6055969846317464,95941,77014,0.9347619891391584,0.8963116392366092,0.8652203499826304,0.670047004440751,0.8405351386892169,0.8427258812480642,0.5494845093099956,0.8108963551461719,0.03216154407671978,0.2981220483779907,0.0998209426766709,0.0055740578686881825,0.006472957000395637,0.23924027383327484,11,kdA4_w96,2,7.5
student_kdA4_w96_s2,test_w24-27,all,all,1.6055969846317464,100000,100000,0.91981,0.8640892396791672,0.84327933385,0.67489,0.8101541906999999,0.8235899652500001,0.58979,0.7840757545999999,0.040809531616568556,0.3960612118244171,0.1258190991877003,0.008832689238906448,0.00904366961717603,0.3124956786632538,11,kdA4_w96,2,11.5
student_kdA4_w96_s2,test_w24-27,all,near,1.6055969846317464,100000,12494,0.91981,0.8640892396791672,0.783856653993917,0.7472386745637907,0.7563906178965902,0.8024818724987994,0.6097326716824075,0.7654130238514486,0.040809531616568556,0.3960612118244171,0.1258190991877003,0.008832689238906448,0.00904366961717603,0.3124956786632538,11,kdA4_w96,2,11.5
student_kdA4_w96_s2,test_w24-27,all,far,1.6055969846317464,100000,87506,0.91981,0.8640892396791672,0.8517636316366878,0.6645601444472379,0.8178304880808173,0.8266037529997943,0.5869426096496241,0.786740396544237,0.040809531616568556,0.3960612118244171,0.1258190991877003,0.008832689238906448,0.00904366961717603,0.3124956786632538,11,kdA4_w96,2,11.5
student_kdA4_w96_s2,test_w24-27,ge5,all,1.6055969846317464,96204,89771,0.9275601846077086,0.8711863384138474,0.841088009283922,0.6915373561617895,0.813250302534435,0.8208054820967616,0.5950585378351584,0.7859794176185095,0.036809857532770524,0.3549412190914154,0.11380318825755369,0.007480118007622392,0.007886918653134983,0.27985894680023193,11,kdA4_w96,2,11.5
student_kdA4_w96_s2,test_w24-27,ge5,near,1.6055969846317464,96204,11977,0.9275601846077086,0.8711863384138474,0.7869786190408947,0.7464306587626284,0.7631475358330193,0.8066976645711328,0.6023211154713201,0.7733226788082421,0.036809857532770524,0.3549412190914154,0.11380318825755369,0.007480118007622392,0.007886918653134983,0.27985894680023193,11,kdA4_w96,2,11.5
student_kdA4_w96_s2,test_w24-27,ge5,far,1.6055969846317464,96204,77794,0.9275601846077086,0.8711863384138474,0.8494185767690846,0.6830860991850272,0.820964018717982,0.822977491898346,0.5939404067151708,0.7879280224046186,0.036809857532770524,0.3549412190914154,0.11380318825755369,0.007480118007622392,0.007886918653134983,0.27985894680023193,11,kdA4_w96,2,11.5
student_kdA4_w96_s2,test_w28-31,all,all,1.6055969846317464,100000,100000,0.89956,0.804840440785069,0.82446126995,0.71674,0.7813086612,0.8151345985,0.63,0.7648678408,0.05519958194762471,0.5383966565132141,0.15997311214597276,0.013571300585084886,0.01759992727577684,0.4118611216545105,11,kdA4_w96,2,15.5
student_kdA4_w96_s2,test_w28-31,all,near,1.6055969846317464,100000,15990,0.89956,0.804840440785069,0.7756944521575986,0.7701063164477798,0.7386920212632895,0.7937464161976235,0.6710444027517198,0.7477146366479049,0.05519958194762471,0.5383966565132141,0.15997311214597276,0.013571300585084886,0.01759992727577684,0.4118611216545105,11,kdA4_w96,2,15.5
student_kdA4_w96_s2,test_w28-31,all,far,1.6055969846317464,100000,84010,0.89956,0.804840440785069,0.8337432770503511,0.7065825496964647,0.7894200773717415,0.8192055071420069,0.6221878347815736,0.7681326870610642,0.05519958194762471,0.5383966565132141,0.15997311214597276,0.013571300585084886,0.01759992727577684,0.4118611216545105,11,kdA4_w96,2,15.5
student_kdA4_w96_s2,test_w28-31,ge5,all,1.6055969846317464,95576,94669,0.9077383443542312,0.8122569089182157,0.8282247515706846,0.7085740844415807,0.7896407556962977,0.8204341514480471,0.6171819708669153,0.7738284108329484,0.050438308422773664,0.48907795548439026,0.14677654333353732,0.011728977766909602,0.01604848186189787,0.3740643560886383,11,kdA4_w96,2,15.5
student_kdA4_w96_s2,test_w28-31,ge5,near,1.6055969846317464,95576,15420,0.9077383443542312,0.8122569089182157,0.7797863631683039,0.7686121919584955,0.7470177507673591,0.8001284847489513,0.6585603112840467,0.7576129268840535,0.050438308422773664,0.48907795548439026,0.14677654333353732,0.011728977766909602,0.01604848186189787,0.3740643560886383,11,kdA4_w96,2,15.5
student_kdA4_w96_s2,test_w28-31,ge5,far,1.6055969846317464,95576,79249,0.9077383443542312,0.8122569089182157,0.8376497279005399,0.6968920743479413,0.7979341945536237,0.8243851587856799,0.6091307145831493,0.7769835643679072,0.050438308422773664,0.48907795548439026,0.14677654333353732,0.011728977766909602,0.01604848186189787,0.3740643560886383,11,kdA4_w96,2,15.5
student_kdA4_w96_s2,test_w32-35,all,all,1.6055969846317464,100000,100000,0.86775,0.7621281383320053,0.8065205049500002,0.74563,0.7467335172,0.7983943605999999,0.68235,0.7298484601,0.08086373460814358,0.7748385667800903,0.21461299064348055,0.021777936528781017,0.038591255168020755,0.5684782266616821,11,kdA4_w96,2,19.5
student_kdA4_w96_s2,test_w32-35,all,near,1.6055969846317464,100000,16559,0.86775,0.7621281383320053,0.7503060755480404,0.8065704450751857,0.70009956277553,0.7709885020230691,0.7188839905791412,0.7076451591279667,0.08086373460814358,0.7748385667800903,0.21461299064348055,0.021777936528781017,0.038591255168020755,0.5684782266616821,11,kdA4_w96,2,19.5
student_kdA4_w96_s2,test_w32-35,all,far,1.6055969846317464,100000,83441,0.86775,0.7621281383320053,0.8176763484378183,0.7335362711376902,0.7559881000946778,0.8038330970985488,0.6750997710957443,0.7342547407149962,0.08086373460814358,0.7748385667800903,0.21461299064348055,0.021777936528781017,0.038591255168020755,0.5684782266616821,11,kdA4_w96,2,19.5
student_kdA4_w96_s2,test_w32-35,ge5,all,1.6055969846317464,95262,94615,0.8772858012638828,0.7685276998539633,0.8096814777438335,0.7458225439940813,0.755221924811854,0.8035614037386684,0.6635311525656609,0.7397538844447715,0.07443567720050012,0.7054146528244019,0.19925511416603278,0.019336450574894467,0.035514244633106165,0.5183637738227844,11,kdA4_w96,2,19.5
student_kdA4_w96_s2,test_w32-35,ge5,near,1.6055969846317464,95262,16006,0.8772858012638828,0.7685276998539633,0.7546444610364813,0.8117580907159815,0.7090545418670325,0.7773843120774662,0.6945520429838811,0.7184603325504946,0.07443567720050012,0.7054146528244019,0.19925511416603278,0.019336450574894467,0.035514244633106165,0.5183637738227844,11,kdA4_w96,2,19.5
student_kdA4_w96_s2,test_w32-35,ge5,far,1.6055969846317464,95262,78609,0.8772858012638828,0.7685276998539633,0.8208878598300815,0.7323970537724688,0.7646223132077733,0.8088914617362156,0.6572148227302217,0.744089578724304,0.07443567720050012,0.7054146528244019,0.19925511416603278,0.019336450574894467,0.035514244633106165,0.5183637738227844,11,kdA4_w96,2,19.5
student_kdA4_w96_s2,test_w36-39,all,all,1.6055969846317464,100000,100000,0.844,0.7410369363242517,0.8083237169,0.72738,0.7335103511000001,0.8003041793,0.70459,0.7164952721000001,0.09901177135527137,0.8848786950111389,0.25078587991492807,0.028819595408826882,0.054307150686793065,0.6450209617614746,11,kdA4_w96,2,23.5
student_kdA4_w96_s2,test_w36-39,all,near,1.6055969846317464,100000,12548,0.844,0.7410369363242517,0.7396260240675805,0.7880140261396238,0.6780778673892254,0.7630253924928275,0.7206726171501434,0.6858555490914886,0.09901177135527137,0.8848786950111389,0.25078587991492807,0.028819595408826882,0.054307150686793065,0.6450209617614746,11,kdA4_w96,2,23.5
student_kdA4_w96_s2,test_w36-39,all,far,1.6055969846317464,100000,87452,0.844,0.7410369363242517,0.8181807659058683,0.7186799615789233,0.7414640491927,0.8056531046173901,0.7022823949137813,0.720891595160774,0.09901177135527137,0.8848786950111389,0.25078587991492807,0.028819595408826882,0.054307150686793065,0.6450209617614746,11,kdA4_w96,2,23.5
student_kdA4_w96_s2,test_w36-39,ge5,all,1.6055969846317464,95184,91735,0.8555954782316356,0.7475296386635378,0.808695521505662,0.7437728238949147,0.7407236654181497,0.8041350345828938,0.6736578187169564,0.7260202411528315,0.09155611102346378,0.8050550222396851,0.23315031181663448,0.02599533081613138,0.05050063173281609,0.5871173143386841,11,kdA4_w96,2,23.5
student_kdA4_w96_s2,test_w36-39,ge5,near,1.6055969846317464,95184,12085,0.8555954782316356,0.7475296386635378,0.7433462409379186,0.7995035167563095,0.6869403470736956,0.7686226987106584,0.684153909805544,0.6968007082056534,0.09155611102346378,0.8050550222396851,0.23315031181663448,0.02599533081613138,0.05050063173281609,0.5871173143386841,11,kdA4_w96,2,23.5
student_kdA4_w96_s2,test_w36-39,ge5,far,1.6055969846317464,95184,79650,0.8555954782316356,0.7475296386635378,0.818610726222061,0.7353170119271815,0.7488840094507013,0.8095231900005456,0.6720652856246077,0.7304536128498389,0.09155611102346378,0.8050550222396851,0.23315031181663448,0.02599533081613138,0.05050063173281609,0.5871173143386841,11,kdA4_w96,2,23.5
student_kdA4_w96_s2,test_w40-43,all,all,1.6055969846317464,100000,100000,0.8393,0.7379560709552923,0.8034282119,0.73214,0.7247713347,0.79444637985,0.7116,0.7082018037,0.10397028697997329,0.9589673280715942,0.2621986823167192,0.031066886570407005,0.05868602215111253,0.6911930441856384,11,kdA4_w96,2,27.5
student_kdA4_w96_s2,test_w40-43,all,near,1.6055969846317464,100000,10904,0.8393,0.7379560709552923,0.7318192259721203,0.7933785766691123,0.6671627283565663,0.755229399303008,0.7223037417461482,0.6759670084372708,0.10397028697997329,0.9589673280715942,0.2621986823167192,0.031066886570407005,0.05868602215111253,0.6911930441856384,11,kdA4_w96,2,27.5
student_kdA4_w96_s2,test_w40-43,all,far,1.6055969846317464,100000,89096,0.8393,0.7379560709552923,0.8121920664227351,0.7246453263895124,0.731821754960941,0.7992459438695341,0.7102900242435126,0.7121468540675226,0.10397028697997329,0.9589673280715942,0.2621986823167192,0.031066886570407005,0.05868602215111253,0.6911930441856384,11,kdA4_w96,2,27.5
student_kdA4_w96_s2,test_w40-43,ge5,all,1.6055969846317464,95288,93977,0.8499811098984132,0.745818878678659,0.8074391152536822,0.7307319876139906,0.7338538587977671,0.8020554591381623,0.6759632676080317,0.7200911128061728,0.09725740148722076,0.8792389631271362,0.24605599911605,0.028237387000589982,0.05554926775396805,0.6336416602134705,11,kdA4_w96,2,27.5
student_kdA4_w96_s2,test_w40-43,ge5,near,1.6055969846317464,95288,10557,0.8499811098984132,0.745818878678659,0.735672002187421,0.7981434119541536,0.6757040930330853,0.7614984797696044,0.689779293359856,0.6869755269551627,0.09725740148722076,0.8792389631271362,0.24605599911605,0.028237387000589982,0.05554926775396805,0.6336416602134705,11,kdA4_w96,2,27.5
student_kdA4_w96_s2,test_w40-43,ge5,far,1.6055969846317464,95288,83420,0.8499811098984132,0.745818878678659,0.8165214146140335,0.7222009110525054,0.7412128503726622,0.8071880416267007,0.6742148165907457,0.7242819691934795,0.09725740148722076,0.8792389631271362,0.24605599911605,0.028237387000589982,0.05554926775396805,0.6336416602134705,11,kdA4_w96,2,27.5
student_kdA4_w96_s2,test_w44-47,all,all,1.6055969846317464,100000,100000,0.81571,0.7069649842908502,0.7902050979499999,0.75973,0.6995875388,0.77811941695,0.75717,0.6832050944000001,0.11954304069578645,1.1903654336929321,0.2994739272931401,0.04005889991942856,0.06897354854255919,0.8487619757652283,11,kdA4_w96,2,31.5
student_kdA4_w96_s2,test_w44-47,all,near,1.6055969846317464,100000,10628,0.81571,0.7069649842908502,0.7141385952201731,0.8299774181407602,0.6408903293187805,0.73977274651863,0.8001505457282649,0.6529400225818592,0.11954304069578645,1.1903654336929321,0.2994739272931401,0.04005889991942856,0.06897354854255919,0.8487619757652283,11,kdA4_w96,2,31.5
student_kdA4_w96_s2,test_w44-47,all,far,1.6055969846317464,100000,89372,0.81571,0.7069649842908502,0.7992508258179295,0.7513762699726984,0.7065677332945441,0.7826795522646914,0.7520588103656626,0.6868041766996374,0.11954304069578645,1.1903654336929321,0.2994739272931401,0.04005889991942856,0.06897354854255919,0.8487619757652283,11,kdA4_w96,2,31.5
student_kdA4_w96_s2,test_w44-47,ge5,all,1.6055969846317464,94936,92436,0.8261355018117469,0.7146605246119412,0.7930538450973108,0.747803885931888,0.7079102466411749,0.7831479640733793,0.7447314898957116,0.693087316975027,0.11244578846819206,1.0969828367233276,0.2832639967508568,0.03659914930176218,0.06538261018842245,0.7831438183784485,11,kdA4_w96,2,31.5
student_kdA4_w96_s2,test_w44-47,ge5,near,1.6055969846317464,94936,10310,0.8261355018117469,0.7146605246119412,0.7178121764117448,0.8287099903006789,0.649460551381105,0.7461892960795601,0.782541222114452,0.6641048945567658,0.11244578846819206,1.0969828367233276,0.2832639967508568,0.03659914930176218,0.06538261018842245,0.7831438183784485,11,kdA4_w96,2,31.5
student_kdA4_w96_s2,test_w44-47,ge5,far,1.6055969846317464,94936,82126,0.8261355018117469,0.7146605246119412,0.8024995943624422,0.7376470301731486,0.7152479516083146,0.7877877111329739,0.7399849012492998,0.696725735686912,0.11244578846819206,1.0969828367233276,0.2832639967508568,0.03659914930176218,0.06538261018842245,0.7831438183784485,11,kdA4_w96,2,31.5
student_kdA4_w96_s2,test_w48-51,all,all,1.6055969846317464,100000,100000,0.8054,0.701657345541786,0.7889727868,0.76149,0.691112612,0.7747557709499999,0.74747,0.6716413042999999,0.12775214302092788,1.3327046632766724,0.3189480400844693,0.0440318205631623,0.07584048161014911,0.940234899520874,11,kdA4_w96,2,35.333333333333336
student_kdA4_w96_s2,test_w48-51,all,near,1.6055969846317464,100000,10972,0.8054,0.701657345541786,0.6967633471563981,0.8427816259569814,0.6215079001093692,0.7194200915967919,0.8063251913962814,0.6291263816988698,0.12775214302092788,1.3327046632766724,0.3189480400844693,0.0440318205631623,0.07584048161014911,0.940234899520874,11,kdA4_w96,2,35.333333333333336
student_kdA4_w96_s2,test_w48-51,all,far,1.6055969846317464,100000,89028,0.8054,0.701657345541786,0.8003368741856495,0.7514714471851552,0.6996908446780787,0.7815754577211664,0.7402165610819068,0.6768809337511794,0.12775214302092788,1.3327046632766724,0.3189480400844693,0.0440318205631623,0.07584048161014911,0.940234899520874,11,kdA4_w96,2,35.333333333333336
student_kdA4_w96_s2,test_w48-51,ge5,all,1.6055969846317464,94668,93780,0.8167279334093887,0.7100945323903534,0.7916113104000239,0.759746214544679,0.7005967845081758,0.7812976387323102,0.7350501172957987,0.6837142076648681,0.11953249831882301,1.2091187238693237,0.3005492551983267,0.03972802307516751,0.07107617064967964,0.8558674454689026,11,kdA4_w96,2,35.333333333333336
student_kdA4_w96_s2,test_w48-51,ge5,near,1.6055969846317464,94668,10675,0.8167279334093887,0.7100945323903534,0.7006426150543712,0.8466510538641686,0.6311935838090745,0.7264523547793155,0.788384074941452,0.6414683060010337,0.11953249831882301,1.2091187238693237,0.3005492551983267,0.03972802307516751,0.07107617064967964,0.8558674454689026,11,kdA4_w96,2,35.333333333333336
student_kdA4_w96_s2,test_w48-51,ge5,far,1.6055969846317464,94668,83105,0.8167279334093887,0.7100945323903534,0.8032964174671658,0.7485831177426148,0.7095117615548387,0.7883426228632074,0.7281992659888094,0.689140776466522,0.11953249831882301,1.2091187238693237,0.3005492551983267,0.03972802307516751,0.07107617064967964,0.8558674454689026,11,kdA4_w96,2,35.333333333333336
