model,split,flows,unknown,temperature,n_known,n_unknown,accuracy,macro_f1,auroc_msp,fpr95_msp,oscr_msp,auroc_energy,fpr95_energy,oscr_energy,ece,nll,brier,aurc,ece_ts,nll_ts,rho,seed,setting
student_plain_direct,val,all,all,1.071826913834899,200000,53779,0.941405,0.9142083842163539,0.8673485654716525,0.7081388646125811,0.8488269140370777,0.8301854872254969,0.7322560850889752,0.8071618168801948,0.0033866307865455946,0.21065688133239746,0.08339449438924376,0.003979194508908231,0.00648112201513725,0.20996294915676117,,0,teacher_only
student_plain_direct,val,all,near,1.071826913834899,200000,10959,0.941405,0.9142083842163539,0.8379226875171092,0.6908477050825805,0.8188457911305778,0.7497219217081851,0.7499771876996076,0.7300673099735377,0.0033866307865455946,0.21065688133239746,0.08339449438924376,0.003979194508908231,0.00648112201513725,0.20996294915676117,,0,teacher_only
student_plain_direct,val,all,far,1.071826913834899,200000,42820,0.941405,0.9142083842163539,0.8748795836057918,0.7125642223260159,0.8565000370154134,0.8507786729915927,0.7277206912657637,0.8268927533862682,0.0033866307865455946,0.21065688133239746,0.08339449438924376,0.003979194508908231,0.00648112201513725,0.20996294915676117,,0,teacher_only
student_plain_direct,val,ge5,all,1.071826913834899,191366,52270,0.9506181871387812,0.9253422474784831,0.8800352168285686,0.6652381863401569,0.8638400907406125,0.846419913266985,0.6744404055863784,0.8255637774838496,0.002507475755258662,0.17460176348686218,0.07109154070050237,0.00301889686101245,0.005453421879291639,0.1740279495716095,,0,teacher_only
student_plain_direct,val,ge5,near,1.071826913834899,191366,10483,0.9506181871387812,0.9253422474784831,0.8469465430375172,0.646379853095488,0.8303566117866934,0.76240474742103,0.7042831250596203,0.7445621862891522,0.002507475755258662,0.17460176348686218,0.07109154070050237,0.00301889686101245,0.005453421879291639,0.1740279495716095,,0,teacher_only
student_plain_direct,val,ge5,far,1.071826913834899,191366,41787,0.9506181871387812,0.9253422474784831,0.8883360895246605,0.6699691291550004,0.8722400072187981,0.8674965874374961,0.6669538373178261,0.8458844437315822,0.002507475755258662,0.17460176348686218,0.07109154070050237,0.00301889686101245,0.005453421879291639,0.1740279495716095,,0,teacher_only
teacher,val,all,all,1.3010442577513663,200000,53779,0.97039,0.9574771338469912,0.899775659551126,0.5499544431841425,0.8915066672864873,0.8283150108313654,0.5953253128544599,0.8180255341304226,0.0074649629964679155,0.10575893521308899,0.04289710110630324,0.001129466472419988,0.0017896995647252105,0.10012764483690262,0.0,0,both
teacher,val,all,near,1.3010442577513663,200000,10959,0.97039,0.9574771338469912,0.8680930620950816,0.5785199379505429,0.8604920239072907,0.8091659015421117,0.5895610913404508,0.798912789488092,0.0074649629964679155,0.10575893521308899,0.04289710110630324,0.001129466472419988,0.0017896995647252105,0.10012764483690262,0.0,0,both
teacher,val,all,far,1.3010442577513663,200000,42820,0.97039,0.9574771338469912,0.907884243986455,0.5426436244745446,0.8994443010275572,0.8332158769850537,0.5968005604857544,0.8229170934142924,0.0074649629964679155,0.10575893521308899,0.04289710110630324,0.001129466472419988,0.0017896995647252105,0.10012764483690262,0.0,0,both
teacher,val,ge5,all,1.3010442577513663,191366,52270,0.9759100362655854,0.9652164823887045,0.9106665130168313,0.5002869714941649,0.9038404264699381,0.8393719558934084,0.5459345704993304,0.830301312960793,0.006243724356223887,0.0850970670580864,0.035179718852568764,0.0008035188333958839,0.0012095770224692382,0.08026324212551117,0.0,0,both
teacher,val,ge5,near,1.3010442577513663,191366,10483,0.9759100362655854,0.9652164823887045,0.8761537707710706,0.5335304779166269,0.8700734449383152,0.8174635078570247,0.5412572736811981,0.8084428996078559,0.006243724356223887,0.0850970670580864,0.035179718852568764,0.0008035188333958839,0.0012095770224692382,0.08026324212551117,0.0,0,both
teacher,val,ge5,far,1.3010442577513663,191366,41787,0.9759100362655854,0.9652164823887045,0.9193246381984026,0.49194725632373704,0.9123114645295262,0.8448680733645216,0.5471079522339484,0.835784878356223,0.006243724356223887,0.0850970670580864,0.035179718852568764,0.0008035188333958839,0.0012095770224692382,0.08026324212551117,0.0,0,both
student_both_direct,val,all,all,1.0633494395776124,200000,53779,0.94034,0.9129970475893325,0.8569712843303148,0.7281466743524424,0.8391564866397665,0.834768063323974,0.7518548132170549,0.8114090466538983,0.0035210813555866514,0.21197396516799927,0.08444164241327012,0.004044761173820668,0.005888204411938742,0.21138668060302734,0.0,0,both
student_both_direct,val,all,near,1.0633494395776124,200000,10959,0.94034,0.9129970475893325,0.8510231462724701,0.6934939319280956,0.8315393703805092,0.7648586974176476,0.7601970982753901,0.7446707217811844,0.0035210813555866514,0.21197396516799927,0.08444164241327012,0.004044761173820668,0.005888204411938742,0.21138668060302734,0.0,0,both
student_both_direct,val,all,far,1.0633494395776124,200000,42820,0.94034,0.9129970475893325,0.8584936020551145,0.7370154133582438,0.8411059489724428,0.852660093706212,0.7497197571228398,0.8284895067725363,0.0035210813555866514,0.21197396516799927,0.08444164241327012,0.004044761173820668,0.005888204411938742,0.21138668060302734,0.0,0,both
student_both_direct,val,ge5,all,1.0633494395776124,191366,52270,0.9494372041010419,0.924012982658171,0.8700794942900232,0.6871245456284676,0.8545743463513887,0.8522706190466667,0.6997895542376124,0.8310631765951388,0.0029843299854476384,0.17610545456409454,0.07200368418224783,0.0030605211469223728,0.005232036597100494,0.17560917139053345,0.0,0,both
student_both_direct,val,ge5,near,1.0633494395776124,191366,10483,0.9494372041010419,0.924012982658171,0.8609357227879758,0.6568730325288562,0.8441291075657931,0.779120818839046,0.721167604693313,0.7607875992078356,0.0029843299854476384,0.17610545456409454,0.07200368418224783,0.0030605211469223728,0.005232036597100494,0.17560917139053345,0.0,0,both
student_both_direct,val,ge5,far,1.0633494395776124,191366,41787,0.9494372041010419,0.924012982658171,0.872373369338626,0.6947136669299064,0.8571947172368172,0.8706215261607568,0.694426496278747,0.8486930346311572,0.0029843299854476384,0.17610545456409454,0.07200368418224783,0.0030605211469223728,0.005232036597100494,0.17560917139053345,0.0,0,both
student_both_kd,val,all,all,1.7086659560313062,200000,53779,0.92672,0.8923920612379674,0.841151013313747,0.7590695252793841,0.8180325101805539,0.800731949180907,0.7265103479053162,0.7736111696944904,0.03648186099894346,0.32070469856262207,0.11098236740865462,0.006011565579034571,0.005792486099116494,0.25956830382347107,0.0,0,both
student_both_kd,val,all,near,1.7086659560313062,200000,10959,0.92672,0.8923920612379674,0.8331109202481979,0.7501596861027466,0.8096766748790949,0.7793997946892964,0.7647595583538644,0.7544732078656812,0.03648186099894346,0.32070469856262207,0.11098236740865462,0.006011565579034571,0.005792486099116494,0.25956830382347107,0.0,0,both
student_both_kd,val,all,far,1.7086659560313062,200000,42820,0.92672,0.8923920612379674,0.8432087288650164,0.7613498365249883,0.8201710342129845,0.806191526039234,0.7167211583372256,0.7785091828584775,0.03648186099894346,0.32070469856262207,0.11098236740865462,0.006011565579034571,0.005792486099116494,0.25956830382347107,0.0,0,both
student_both_kd,val,ge5,all,1.7086659560313062,191366,52270,0.9383589561364087,0.9048853460011969,0.8530954331292295,0.7215993877941458,0.833500519412716,0.8136383134370303,0.6776927491869141,0.7892997108554928,0.030838306293569116,0.2651636004447937,0.09360355969335235,0.00452826668020796,0.0053445863272964834,0.21434283256530762,0.0,0,both
student_both_kd,val,ge5,near,1.7086659560313062,191366,10483,0.9383589561364087,0.9048853460011969,0.842017413440008,0.7236478107412,0.8225625009889262,0.7911096521723067,0.7302298960221311,0.7688100093594117,0.030838306293569116,0.2651636004447937,0.09360355969335235,0.00452826668020796,0.0053445863272964834,0.21434283256530762,0.0,0,both
student_both_kd,val,ge5,far,1.7086659560313062,191366,41787,0.9383589561364087,0.9048853460011969,0.855874548174629,0.7210855050613827,0.8362445126914052,0.8192900222469017,0.6645128867829708,0.7944399109364609,0.030838306293569116,0.2651636004447937,0.09360355969335235,0.00452826668020796,0.0053445863272964834,0.21434283256530762,0.0,0,both
student_teacheronly_kd,val,all,all,1.7080024120879396,200000,53779,0.9273,0.8935568705951829,0.8373498191673331,0.7605013109206196,0.8140216542702543,0.8044498952193235,0.7329068967440823,0.7773137082318378,0.03639141177643088,0.31934911012649536,0.11078409329696748,0.0059314465609659256,0.006270905337035665,0.2582201659679413,0.0,0,teacher_only
student_teacheronly_kd,val,all,near,1.7080024120879396,200000,10959,0.9273,0.8935568705951829,0.8319750759649602,0.7560908842047632,0.8089271986495119,0.7783930719043709,0.7681357788119354,0.753459825257779,0.03639141177643088,0.31934911012649536,0.11078409329696748,0.0059314465609659256,0.006270905337035665,0.2582201659679413,0.0,0,teacher_only
student_teacheronly_kd,val,all,far,1.7080024120879396,200000,42820,0.9273,0.8935568705951829,0.8387253869103223,0.7616300794021486,0.8153254875058383,0.8111186651097619,0.7238907052779076,0.7834186756188697,0.03639141177643088,0.31934911012649536,0.11078409329696748,0.0059314465609659256,0.006270905337035665,0.2582201659679413,0.0,0,teacher_only
student_teacheronly_kd,val,ge5,all,1.7080024120879396,191366,52270,0.938965124421266,0.9061329157863981,0.8488477561503234,0.7213124162999809,0.8290739028621671,0.8177430745149489,0.6707671704610675,0.7932294858939908,0.0306651589616493,0.2635347545146942,0.09341127662545386,0.004468626653671747,0.005467515034741495,0.21275465190410614,0.0,0,teacher_only
student_teacheronly_kd,val,ge5,near,1.7080024120879396,191366,10483,0.938965124421266,0.9061329157863981,0.8405959748128481,0.727177334732424,0.8215697951679609,0.7900097178502248,0.7093389296956978,0.7675619475690285,0.0306651589616493,0.2635347545146942,0.09341127662545386,0.004468626653671747,0.005467515034741495,0.21275465190410614,0.0,0,teacher_only
student_teacheronly_kd,val,ge5,far,1.7080024120879396,191366,41787,0.938965124421266,0.9061329157863981,0.8509178598610649,0.7198410989063584,0.830956439559187,0.8247004722203668,0.6610907698566539,0.7996686369280583,0.0306651589616493,0.2635347545146942,0.09341127662545386,0.004468626653671747,0.005467515034741495,0.21275465190410614,0.0,0,teacher_only
teacher,val,all,all,1.3511733525815217,200000,53779,0.963895,0.9482938009435363,0.8935116884843527,0.6164673943360791,0.883055666524108,0.8285014396883541,0.6438014838505737,0.8155901805537478,0.01181612047798929,0.12705092132091522,0.052461424734569606,0.0016335337454595538,0.0019299123199284396,0.11828785389661789,0.5,0,both
teacher,val,all,near,1.3511733525815217,200000,10959,0.963895,0.9482938009435363,0.8701099623597044,0.614928369376768,0.8600828360251846,0.8199176811296651,0.6392919061958208,0.8068482197280775,0.01181612047798929,0.12705092132091522,0.052461424734569606,0.0016335337454595538,0.0019299123199284396,0.11828785389661789,0.5,0,both
teacher,val,all,far,1.3511733525815217,200000,42820,0.963895,0.9482938009435363,0.8995009345516113,0.6168612797758057,0.8889351445586176,0.8306982965319943,0.6449556282111163,0.8178275263895376,0.01181612047798929,0.12705092132091522,0.052461424734569606,0.0016335337454595538,0.0019299123199284396,0.11828785389661789,0.5,0,both
teacher,val,ge5,all,1.3511733525815217,191366,52270,0.9706844476030225,0.9579998208607478,0.9053717731807558,0.553912378037115,0.8967300843453598,0.8413935050093801,0.5922517696575473,0.8299984909475678,0.009694824441587636,0.10218764841556549,0.042938132977436975,0.0011561463356603529,0.001575190800914081,0.09490230679512024,0.5,0,both
teacher,val,ge5,near,1.3511733525815217,191366,10483,0.9706844476030225,0.9579998208607478,0.879568387641722,0.5608127444433846,0.8714839296688746,0.830561444344292,0.585328627301345,0.819063957166527,0.009694824441587636,0.10218764841556549,0.042938132977436975,0.0011561463356603529,0.001575190800914081,0.09490230679512024,0.5,0,both
teacher,val,ge5,far,1.3511733525815217,191366,41787,0.9706844476030225,0.9579998208607478,0.911845003865076,0.552181300404432,0.9030635239192368,0.8441109169306024,0.5939885610357288,0.8327416100426608,0.009694824441587636,0.10218764841556549,0.042938132977436975,0.0011561463356603529,0.001575190800914081,0.09490230679512024,0.5,0,both
student_both_direct,val,all,all,1.124897103633789,200000,53779,0.92762,0.8959522056679268,0.8537861724836833,0.7518920024544896,0.8297927115602743,0.8177906782852044,0.7835214488926905,0.7886682685620782,0.006786920799762052,0.25335103273391724,0.10253866480343617,0.006100702318731958,0.005411964686960019,0.25078463554382324,0.5,0,both
student_both_direct,val,all,near,1.124897103633789,200000,10959,0.92762,0.8959522056679268,0.8325662608358427,0.7353773154484898,0.8078847791769321,0.7519178602062231,0.7771694497673145,0.7257447431334976,0.006786920799762052,0.25335103273391724,0.10253866480343617,0.006100702318731958,0.005411964686960019,0.25078463554382324,0.5,0,both
student_both_direct,val,all,far,1.124897103633789,200000,42820,0.92762,0.8959522056679268,0.8592170228281176,0.7561186361513311,0.8353996482951893,0.8346496276856609,0.7851471275105091,0.804772400163475,0.006786920799762052,0.25335103273391724,0.10253866480343617,0.006100702318731958,0.005411964686960019,0.25078463554382324,0.5,0,both
student_both_direct,val,ge5,all,1.124897103633789,191366,52270,0.9384164376116969,0.9080941565520783,0.8671696640827853,0.7101396594604936,0.8460572372692439,0.8351198591082123,0.7360436196671131,0.8087868698246241,0.005499693696890331,0.2122030258178711,0.0881253960761146,0.004699065538380472,0.004989628969415118,0.21023845672607422,0.5,0,both
student_both_direct,val,ge5,near,1.124897103633789,191366,10483,0.9384164376116969,0.9080941565520783,0.8430418259675715,0.6945530859486788,0.8214014472686277,0.7671680018400453,0.7342363827148717,0.7433969617684777,0.005499693696890331,0.2122030258178711,0.0881253960761146,0.004699065538380472,0.004989628969415118,0.21023845672607422,0.5,0,both
student_both_direct,val,ge5,far,1.124897103633789,191366,41787,0.9384164376116969,0.9080941565520783,0.8732225543826819,0.7140498241079761,0.8522425735359407,0.8521667712996163,0.7364969966736066,0.8251910722357227,0.005499693696890331,0.2122030258178711,0.0881253960761146,0.004699065538380472,0.004989628969415118,0.21023845672607422,0.5,0,both
student_both_kd,val,all,all,1.7367950711172246,200000,53779,0.917055,0.8804907507845451,0.8389574919113407,0.7634020714405251,0.8111009918369624,0.8145972592926607,0.737388199854962,0.7820559937893973,0.042903754928037496,0.35792168974876404,0.1254762838844105,0.0075573334129644225,0.006551012925617358,0.28709280490875244,0.5,0,both
student_both_kd,val,all,near,1.7367950711172246,200000,10959,0.917055,0.8804907507845451,0.8255063664567935,0.7682270280135048,0.7982494648234328,0.7779350015968611,0.7821881558536363,0.7486474842595128,0.042903754928037496,0.35792168974876404,0.1254762838844105,0.0075573334129644225,0.006551012925617358,0.28709280490875244,0.5,0,both
student_both_kd,val,all,far,1.7367950711172246,200000,42820,0.917055,0.8804907507845451,0.8424000627627276,0.7621672115833723,0.8143901063755254,0.8239802971742176,0.725922466137319,0.7906062940214853,0.042903754928037496,0.35792168974876404,0.1254762838844105,0.0075573334129644225,0.006551012925617358,0.28709280490875244,0.5,0,both
student_both_kd,val,ge5,all,1.7367950711172246,191366,52270,0.929773313963818,0.8933138432194649,0.851369259787578,0.7320834130476372,0.8273890541094879,0.829391517880068,0.679146738090683,0.7999602827269204,0.03628885210267116,0.2988608777523041,0.10695591704307843,0.005780291888034859,0.005775128194558048,0.23944184184074402,0.5,0,both
student_both_kd,val,ge5,near,1.7367950711172246,191366,10483,0.929773313963818,0.8933138432194649,0.8357007828789206,0.7366211962224554,0.8124592049040389,0.7911136572273587,0.7266049794906039,0.7646284332943747,0.03628885210267116,0.2988608777523041,0.10695591704307843,0.005780291888034859,0.005775128194558048,0.23944184184074402,0.5,0,both
student_both_kd,val,ge5,far,1.7367950711172246,191366,41787,0.929773313963818,0.8933138432194649,0.8552999713350321,0.7309450307511905,0.8311344679755402,0.8389941888835463,0.6672410079689856,0.8088238952763109,0.03628885210267116,0.2988608777523041,0.10695591704307843,0.005780291888034859,0.005775128194558048,0.23944184184074402,0.5,0,both
student_teacheronly_kd,val,all,all,1.7916123231668182,200000,53779,0.926905,0.8934996232399443,0.8421042567730899,0.7586790382863199,0.8195303215009575,0.8001081053478123,0.728072295877573,0.7737109918369625,0.0392191463070735,0.32514384388923645,0.11160242287769631,0.005795721055663546,0.006254291944950807,0.2547854781150818,0.5,0,teacher_only
student_teacheronly_kd,val,all,near,1.7916123231668182,200000,10959,0.926905,0.8934996232399443,0.8387175921616936,0.75134592572315,0.8160369331143353,0.7885706656629254,0.7647595583538644,0.7640411670772881,0.0392191463070735,0.32514384388923645,0.11160242287769631,0.005795721055663546,0.006254291944950807,0.2547854781150818,0.5,0,teacher_only
student_teacheronly_kd,val,all,far,1.7916123231668182,200000,42820,0.926905,0.8934996232399443,0.8429710119687063,0.760555815039701,0.8204243907052781,0.8030609031410556,0.718682858477347,0.7761858075665578,0.0392191463070735,0.32514384388923645,0.11160242287769631,0.005795721055663546,0.006254291944950807,0.2547854781150818,0.5,0,teacher_only
student_teacheronly_kd,val,ge5,all,1.7916123231668182,191366,52270,0.9384477911436724,0.9058585717870428,0.85353854955146,0.7258274344748422,0.8345245081517894,0.8133418944444647,0.6833556533384351,0.7895697416250425,0.032992832697559274,0.2688151001930237,0.09431925055621487,0.004359762739201243,0.005215674616517058,0.21025356650352478,0.5,0,teacher_only
student_teacheronly_kd,val,ge5,near,1.7916123231668182,191366,10483,0.9384477911436724,0.9058585717870428,0.8482262858626659,0.7241247734427168,0.8293882453549893,0.8010406227193287,0.7209768196127063,0.7789515799028213,0.032992832697559274,0.2688151001930237,0.09431925055621487,0.004359762739201243,0.005215674616517058,0.21025356650352478,0.5,0,teacher_only
student_teacheronly_kd,val,ge5,far,1.7916123231668182,191366,41787,0.9384477911436724,0.9058585717870428,0.8548712238341227,0.7262545767822528,0.8358130295316171,0.8164278836634705,0.6739177256084428,0.792233493254354,0.032992832697559274,0.2688151001930237,0.09431925055621487,0.004359762739201243,0.005215674616517058,0.21025356650352478,0.5,0,teacher_only
teacher,val,all,all,1.576167000749044,200000,53779,0.934645,0.9043403152885302,0.8759392364584688,0.6871455400807006,0.8501133527027278,0.8467109981591328,0.663976645158891,0.8165772721694341,0.031103047697544073,0.2518693208694458,0.10030845988780336,0.005635579923134725,0.003941534046456241,0.21481472253799438,0.9,0,both
teacher,val,all,near,1.576167000749044,200000,10959,0.934645,0.9043403152885302,0.8423726277488822,0.714207500684369,0.8188471480062051,0.8181352780819418,0.691303951090428,0.7900372360616845,0.031103047697544073,0.2518693208694458,0.10030845988780336,0.005635579923134725,0.003941534046456241,0.21481472253799438,0.9,0,both
teacher,val,all,far,1.576167000749044,200000,42820,0.934645,0.9043403152885302,0.8845299992993928,0.6802195235871088,0.8581153689864549,0.8540244338510041,0.6569827183559085,0.8233697115833721,0.031103047697544073,0.2518693208694458,0.10030845988780336,0.005635579923134725,0.003941534046456241,0.21481472253799438,0.9,0,both
teacher,val,ge5,all,1.576167000749044,191366,52270,0.9453194402349425,0.9176829642246658,0.887657426906826,0.6402907977807538,0.8656979620630102,0.8599213399746568,0.6103883680887698,0.8330028819156464,0.0257983345978679,0.2062559276819229,0.08414186888180697,0.004226559931053104,0.002722821855983767,0.17702220380306244,0.9,0,both
teacher,val,ge5,near,1.576167000749044,191366,10483,0.9453194402349425,0.9176829642246658,0.8521246819293649,0.6738529047028522,0.832314680684246,0.8295941578742245,0.6431365067251741,0.8045328607421875,0.0257983345978679,0.2062559276819229,0.08414186888180697,0.004226559931053104,0.002722821855983767,0.17702220380306244,0.9,0,both
teacher,val,ge5,far,1.576167000749044,191366,41787,0.9453194402349425,0.9176829642246658,0.8965714376182611,0.6318711561011798,0.8740727422265437,0.8675294441687563,0.6021729245937731,0.840145084800787,0.0257983345978679,0.2062559276819229,0.08414186888180697,0.004226559931053104,0.002722821855983767,0.17702220380306244,0.9,0,both
student_both_direct,val,all,all,1.3955041315676617,200000,53779,0.872175,0.8180660153868297,0.8186983556778669,0.7862362632254226,0.7637321313151975,0.7872893158574907,0.7971698990312204,0.7273311857788356,0.04390806221678853,0.4617839753627777,0.18772617767567495,0.020210361361924188,0.004071411253958946,0.42605364322662354,0.9,0,both
student_both_direct,val,all,near,1.3955041315676617,200000,10959,0.872175,0.8180660153868297,0.7871225198467013,0.8098366639291906,0.7369589894150925,0.6934927924536911,0.8123916415731363,0.643482495665663,0.04390806221678853,0.4617839753627777,0.18772617767567495,0.020210361361924188,0.004071411253958946,0.42605364322662354,0.9,0,both
student_both_direct,val,all,far,1.3955041315676617,200000,42820,0.872175,0.8180660153868297,0.8267796164175618,0.7801961700140121,0.7705842299159272,0.8112948296356841,0.7932741709481551,0.748790732601588,0.04390806221678853,0.4617839753627777,0.18772617767567495,0.020210361361924188,0.004071411253958946,0.42605364322662354,0.9,0,both
student_both_direct,val,ge5,all,1.3955041315676617,191366,52270,0.8878379649467513,0.8339085850200777,0.8313616653786912,0.7618519227090109,0.7823159819349672,0.8030795724629102,0.760283145207576,0.7477439774110928,0.037117222397072734,0.3972565233707428,0.1655432179475695,0.01652300482318917,0.0036006033948970404,0.36907997727394104,0.9,0,both
student_both_direct,val,ge5,near,1.3955041315676617,191366,10483,0.8878379649467513,0.8339085850200777,0.7993060742269531,0.7881331679862634,0.7544771662756562,0.7060257723919272,0.7746828198034914,0.6597403962246798,0.037117222397072734,0.3972565233707428,0.1655432179475695,0.01652300482318917,0.0036006033948970404,0.36907997727394104,0.9,0,both
student_both_direct,val,ge5,far,1.3955041315676617,191366,41787,0.8878379649467513,0.8339085850200777,0.839403371221266,0.7552588125493575,0.789299835874148,0.8274272161354426,0.7566707349175581,0.7698212153457895,0.037117222397072734,0.3972565233707428,0.1655432179475695,0.01652300482318917,0.0036006033948970404,0.36907997727394104,0.9,0,both
student_both_kd,val,all,all,1.924284103378306,200000,53779,0.85881,0.8029612845024506,0.7887494270068243,0.812807973372506,0.7298400385838338,0.7890549791740271,0.7756559251752543,0.7199826817159114,0.0838992716144025,0.6429796814918518,0.22250870144300136,0.025298222283092156,0.011789768130518482,0.4758045971393585,0.9,0,both
student_both_kd,val,all,near,1.924284103378306,200000,10959,0.85881,0.8029612845024506,0.7722494030020988,0.8198740761018342,0.7154953330595858,0.7465229363993066,0.8109316543480245,0.6850857801806735,0.0838992716144025,0.6429796814918518,0.22250870144300136,0.025298222283092156,0.011789768130518482,0.4758045971393585,0.9,0,both
student_both_kd,val,all,far,1.924284103378306,200000,42820,0.85881,0.8029612845024506,0.7929723079752452,0.8109995329285381,0.7335113049976647,0.7999402817608594,0.7666277440448389,0.7289139088042971,0.0838992716144025,0.6429796814918518,0.22250870144300136,0.025298222283092156,0.011789768130518482,0.4758045971393585,0.9,0,both
student_both_kd,val,ge5,all,1.924284103378306,191366,52270,0.8764670840170146,0.8193400249081106,0.8009111904538597,0.7926343983164339,0.748932777037712,0.8030934001283064,0.7331356418595752,0.739454679101359,0.07262425194865996,0.552400529384613,0.195077493213275,0.020656880222483142,0.007323757354246588,0.412245512008667,0.9,0,both
student_both_kd,val,ge5,near,1.924284103378306,191366,10483,0.8764670840170146,0.8193400249081106,0.7830045610251846,0.8043498998378327,0.7330232710053717,0.7587665421023844,0.7790708766574453,0.7020714643210748,0.07262425194865996,0.552400529384613,0.195077493213275,0.020656880222483142,0.007323757354246588,0.412245512008667,0.9,0,both
student_both_kd,val,ge5,far,1.924284103378306,191366,41787,0.8764670840170146,0.8193400249081106,0.8054033817167121,0.789695359800895,0.7529239549575684,0.8142135679481008,0.7216119845885084,0.7488329125362003,0.07262425194865996,0.552400529384613,0.195077493213275,0.020656880222483142,0.007323757354246588,0.412245512008667,0.9,0,both
student_teacheronly_kd,val,all,all,2.0082385735245385,200000,53779,0.92903,0.8942951383852414,0.8533189979359974,0.7340969523419922,0.832404305676937,0.8228256588538276,0.7161159560423214,0.7964478000706595,0.04299970352210106,0.3553919494152069,0.11233886480269605,0.005663290349122816,0.0064541517947614094,0.2539268732070923,0.9,0,teacher_only
student_teacheronly_kd,val,all,near,2.0082385735245385,200000,10959,0.92903,0.8942951383852414,0.8406574856282508,0.7454147276211334,0.8224520476320832,0.8197099347568209,0.7521671685372753,0.7948949311068529,0.04299970352210106,0.3553919494152069,0.11233886480269605,0.005663290349122816,0.0064541517947614094,0.2539268732070923,0.9,0,teacher_only
student_teacheronly_kd,val,all,far,2.0082385735245385,200000,42820,0.92903,0.8942951383852414,0.8565594816674451,0.7312003736571695,0.8349514050677252,0.8236230717538533,0.7068893040635217,0.7968452286314806,0.04299970352210106,0.3553919494152069,0.11233886480269605,0.005663290349122816,0.0064541517947614094,0.2539268732070923,0.9,0,teacher_only
student_teacheronly_kd,val,ge5,all,2.0082385735245385,191366,52270,0.939874376848552,0.9062871691725544,0.8635400783685541,0.7005548115553855,0.8465821171086471,0.8358961817874305,0.6579108475224794,0.8121965117417159,0.03616338790591501,0.29443463683128357,0.09532943583281515,0.004298467029154052,0.005226015497365058,0.21091069281101227,0.9,0,teacher_only
student_teacheronly_kd,val,ge5,near,2.0082385735245385,191366,10483,0.939874376848552,0.9062871691725544,0.8486441477695421,0.7182104359439092,0.8347735506979888,0.8319439520119023,0.6952208337308022,0.8096589035109475,0.03616338790591501,0.29443463683128357,0.09532943583281515,0.004298467029154052,0.005226015497365058,0.21091069281101227,0.9,0,teacher_only
student_teacheronly_kd,val,ge5,far,2.0082385735245385,191366,41787,0.939874376848552,0.9062871691725544,0.8672769831587865,0.6961255892981071,0.8495445025797969,0.8368876677695986,0.6485509847560246,0.8128331151610362,0.03616338790591501,0.29443463683128357,0.09532943583281515,0.004298467029154052,0.005226015497365058,0.21091069281101227,0.9,0,teacher_only
teacher,val,all,all,4.051532348954536,200000,53779,0.209535,0.260273295825835,0.48820070441064356,0.9657487123226538,0.14096122677996986,0.49364906162256644,0.9522304245151453,0.138967939623273,0.6509735733221471,6.595880031585693,1.382262529847843,0.6128642611111388,0.1857882422137074,2.7152953147888184,1.0,0,both
teacher,val,all,near,4.051532348954536,200000,10959,0.209535,0.260273295825835,0.43492372296742404,0.9672415366365544,0.13386984624509535,0.4469074774158226,0.9523679167807282,0.1312314189250844,0.6509735733221471,6.595880031585693,1.382262529847843,0.6128642611111388,0.1857882422137074,2.7152953147888184,1.0,0,both
teacher,val,all,far,4.051532348954536,200000,42820,0.209535,0.260273295825835,0.5018359785730967,0.965366651097618,0.14277613661840266,0.5056117197571228,0.9521952358710882,0.1409479613498365,0.6509735733221471,6.595880031585693,1.382262529847843,0.6128642611111388,0.1857882422137074,2.7152953147888184,1.0,0,both
teacher,val,ge5,all,4.051532348954536,191366,52270,0.21303679859536176,0.26458810790697407,0.4877410670171379,0.9661564951214846,0.14295875191436547,0.49477757538288547,0.9514061603214081,0.14102966852506543,0.6471627504638766,6.498612403869629,1.374747060756447,0.6084852982347757,0.18555240824392052,2.6849756240844727,1.0,0,both
teacher,val,ge5,near,4.051532348954536,191366,10483,0.21303679859536176,0.26458810790697407,0.43664548371972206,0.9675665362968616,0.13608052739900853,0.4513500868354457,0.9507774492034723,0.1336929398381093,0.6471627504638766,6.498612403869629,1.374747060756447,0.6084852982347757,0.18555240824392052,2.6849756240844727,1.0,0,both
teacher,val,ge5,far,4.051532348954536,191366,41787,0.21303679859536176,0.26458810790697407,0.5005592879879377,0.9658027616244287,0.14468427486634783,0.5056721206348253,0.9515638835044392,0.1428702152698751,0.6471627504638766,6.498612403869629,1.374747060756447,0.6084852982347757,0.18555240824392052,2.6849756240844727,1.0,0,both
student_both_direct,val,all,all,6.70596692136892,200000,53779,0.145615,0.15282156911689768,0.5257758084010486,0.954275832574053,0.11597522834191783,0.4963884543688057,0.9627735733278789,0.1111326223061046,0.727586653418988,10.73832893371582,1.527268528623416,0.6919314465015364,0.12492803948387504,3.053162097930908,1.0,0,both
student_both_direct,val,all,near,6.70596692136892,200000,10959,0.145615,0.15282156911689768,0.4525871774340724,0.956839127657633,0.106599535085318,0.44194184619947074,0.9798339264531435,0.10252830778355689,0.727586653418988,10.73832893371582,1.527268528623416,0.6919314465015364,0.12492803948387504,3.053162097930908,1.0,0,both
student_both_direct,val,all,far,6.70596692136892,200000,42820,0.145615,0.15282156911689768,0.5445071070177487,0.953619803829986,0.11837476646426905,0.5103230732134517,0.9584072863148062,0.11333474007473143,0.727586653418988,10.73832893371582,1.527268528623416,0.6919314465015364,0.12492803948387504,3.053162097930908,1.0,0,both
student_both_direct,val,ge5,all,6.70596692136892,191366,52270,0.14724663733369564,0.15458759316671764,0.5288678922019383,0.9538358523053376,0.11770535760160826,0.5005985492926099,0.9624067342643964,0.11327975957597419,0.7287626880701734,10.696467399597168,1.5275733591279734,0.6882572518544572,0.1292325519855002,3.020023822784424,1.0,0,both
student_both_direct,val,ge5,near,6.70596692136892,191366,10483,0.14724663733369564,0.15458759316671764,0.4556774163474153,0.9558332538395498,0.10820870001960599,0.44723083051370793,0.9800629590766002,0.1044575329070841,0.7287626880701734,10.696467399597168,1.5275733591279734,0.6882572518544572,0.1292325519855002,3.020023822784424,1.0,0,both
student_both_direct,val,ge5,far,6.70596692136892,191366,41787,0.14724663733369564,0.15458759316671764,0.5472290035136612,0.9533347691865891,0.12008776029699506,0.5139867751992131,0.9579773613803336,0.11549296947785699,0.7287626880701734,10.696467399597168,1.5275733591279734,0.6882572518544572,0.1292325519855002,3.020023822784424,1.0,0,both
student_both_kd,val,all,all,4.491439854212438,200000,53779,0.165035,0.20523220235812048,0.4997922222893695,0.9640194127819409,0.12374220876178435,0.48199886089365734,0.9658788746536753,0.12043168039569344,0.7115748083769531,7.923158645629883,1.48955906383249,0.6487838597329264,0.19219045502778143,2.9465384483337402,1.0,0,both
student_both_kd,val,all,near,4.491439854212438,200000,10959,0.165035,0.20523220235812048,0.4460705757824619,0.9641390637831919,0.11893397527146636,0.4272520487726983,0.9693402682726526,0.11369993475682087,0.7115748083769531,7.923158645629883,1.48955906383249,0.6487838597329264,0.19219045502778143,2.9465384483337402,1.0,0,both
student_both_kd,val,all,far,4.491439854212438,200000,42820,0.165035,0.20523220235812048,0.513541300385334,0.9639887902849136,0.12497278865016344,0.4960103114782812,0.964992993928071,0.12215454822512843,0.7115748083769531,7.923158645629883,1.48955906383249,0.6487838597329264,0.19219045502778143,2.9465384483337402,1.0,0,both
student_both_kd,val,ge5,all,4.491439854212438,191366,52270,0.16766823782699122,0.20781515846428764,0.5005691232900437,0.9643772718576621,0.12555052326357594,0.48345524993918587,0.9647407690836044,0.12227647932391125,0.709692347199125,7.812190532684326,1.4853447659842385,0.6446849372976635,0.19248874725308535,2.9139034748077393,1.0,0,both
student_both_kd,val,ge5,near,4.491439854212438,191366,10483,0.16766823782699122,0.20781515846428764,0.4485841044448012,0.9647047600877612,0.120948867623411,0.4316731972800073,0.9687112467805018,0.11585031714368267,0.709692347199125,7.812190532684326,1.4853447659842385,0.6446849372976635,0.19248874725308535,2.9139034748077393,1.0,0,both
student_both_kd,val,ge5,far,4.491439854212438,191366,41787,0.16766823782699122,0.20781515846428764,0.5136104747284018,0.9642951157058415,0.12670492908538292,0.4964456837589426,0.9637447052911192,0.12388859453044283,0.709692347199125,7.812190532684326,1.4853447659842385,0.6446849372976635,0.19248874725308535,2.9139034748077393,1.0,0,both
student_teacheronly_kd,val,all,all,2.312209552752477,200000,53779,0.930325,0.89462614975037,0.8544594614068688,0.7193514196991391,0.8348245716729579,0.8328352659030476,0.6901578683129103,0.8045693750348649,0.04800285925149922,0.42892852425575256,0.11488328852850867,0.00606524709072182,0.008132194907031917,0.2653656005859375,1.0,0,teacher_only
student_teacheronly_kd,val,all,near,2.312209552752477,200000,10959,0.930325,0.89462614975037,0.8471375084405512,0.7387535359065608,0.8291132703713844,0.8154491050734557,0.7615658362989324,0.7906985085318005,0.04800285925149922,0.42892852425575256,0.11488328852850867,0.00606524709072182,0.008132194907031917,0.2653656005859375,1.0,0,teacher_only
student_teacheronly_kd,val,all,far,2.312209552752477,200000,42820,0.930325,0.89462614975037,0.8563333820644558,0.7143858010275572,0.8362862753386269,0.837284937470808,0.6718822979915927,0.8081193709715087,0.04800285925149922,0.42892852425575256,0.11488328852850867,0.00606524709072182,0.008132194907031917,0.2653656005859375,1.0,0,teacher_only
student_teacheronly_kd,val,ge5,all,2.312209552752477,191366,52270,0.9405380266086975,0.9059299492114586,0.8629843268670311,0.6861297111153626,0.8475870181029767,0.8438883297021373,0.6347618136598431,0.8185663257696035,0.040701862693838346,0.3550237715244293,0.09766501265913859,0.004740639827027087,0.006800931619255179,0.22200490534305573,1.0,0,teacher_only
student_teacheronly_kd,val,ge5,near,2.312209552752477,191366,10483,0.9405380266086975,0.9059299492114586,0.8545187714425411,0.7156348373557188,0.8408067403053185,0.8280924259811467,0.7069541161881141,0.8057623939500479,0.040701862693838346,0.3550237715244293,0.09766501265913859,0.004740639827027087,0.006800931619255179,0.22200490534305573,1.0,0,teacher_only
student_teacheronly_kd,val,ge5,far,2.312209552752477,191366,41787,0.9405380266086975,0.9059299492114586,0.8651080595474084,0.6787278340153636,0.8492879694072784,0.8478510084947557,0.6166511115897289,0.8217784160671697,0.040701862693838346,0.3550237715244293,0.09766501265913859,0.004740639827027087,0.006800931619255179,0.22200490534305573,1.0,0,teacher_only
student_plain_direct,val,all,all,1.0606262849611976,200000,53779,0.94082,0.912440449062032,0.8637880160006693,0.7259153201063612,0.8454985186596999,0.8171930855910301,0.7460161029398092,0.7944128603172242,0.0033133003538846914,0.2111828327178955,0.08398738800139298,0.004010730667757608,0.006302497888207459,0.2106243520975113,,1,teacher_only
student_plain_direct,val,all,near,1.0606262849611976,200000,10959,0.94082,0.912440449062032,0.8430265224929282,0.7086412993886303,0.8246964061501962,0.7266842725157405,0.7679532804087964,0.7070359389542842,0.0033133003538846914,0.2111828327178955,0.08398738800139298,0.004010730667757608,0.006302497888207459,0.2106243520975113,,1,teacher_only
student_plain_direct,val,all,far,1.0606262849611976,200000,42820,0.94082,0.912440449062032,0.8691015425618871,0.7303362914525923,0.8508224409154601,0.8403571697220925,0.7404016814572629,0.8167753937412424,0.0033133003538846914,0.2111828327178955,0.08398738800139298,0.004010730667757608,0.006302497888207459,0.2106243520975113,,1,teacher_only
student_plain_direct,val,ge5,all,1.0606262849611976,191366,52270,0.949771641775446,0.9229421089456571,0.8766812739681642,0.6765448632102544,0.8607035484642236,0.8334632497785732,0.6939735986225368,0.8128531479960829,0.002907243545915401,0.17577721178531647,0.07167856370459237,0.003033657255426913,0.005518040669771651,0.17527039349079132,,1,teacher_only
student_plain_direct,val,ge5,near,1.0606262849611976,191366,10483,0.949771641775446,0.9229421089456571,0.8532709339691377,0.6757607555089192,0.8373981231661507,0.738693067604076,0.7164933702184489,0.720877469622399,0.002907243545915401,0.17577721178531647,0.07167856370459237,0.003033657255426913,0.005518040669771651,0.17527039349079132,,1,teacher_only
student_plain_direct,val,ge5,far,1.0606262849611976,191366,41787,0.949771641775446,0.9229421089456571,0.8825541673132188,0.6767415703448441,0.8665501221210954,0.8572380079506186,0.6883241199416086,0.8359268560007573,0.002907243545915401,0.17577721178531647,0.07167856370459237,0.003033657255426913,0.005518040669771651,0.17527039349079132,,1,teacher_only
teacher,val,all,all,1.290422754817755,200000,53779,0.97046,0.9573999619098157,0.9023639133304822,0.5867717882444821,0.8946910281894419,0.8441365114170959,0.6040833782703285,0.8337528010933637,0.006907457960285251,0.10446685552597046,0.042645002552333035,0.0011211782741507414,0.002171239151880189,0.09953660517930984,0.0,1,both
teacher,val,all,near,1.290422754817755,200000,10959,0.97046,0.9573999619098157,0.8712391459074733,0.5861848708823798,0.8638143690117711,0.815866343872616,0.6053472032119719,0.8056703786841866,0.006907457960285251,0.10446685552597046,0.042645002552333035,0.0011211782741507414,0.002171239151880189,0.09953660517930984,0.0,1,both
teacher,val,all,far,1.290422754817755,200000,42820,0.97046,0.9573999619098157,0.9103297313171416,0.5869219990658571,0.9025933473843999,0.851371746496964,0.6037599252685661,0.8409399862213919,0.006907457960285251,0.10446685552597046,0.042645002552333035,0.0011211782741507414,0.002171239151880189,0.09953660517930984,0.0,1,both
teacher,val,ge5,all,1.290422754817755,191366,52270,0.9759884200955238,0.965232145846263,0.9137487326147979,0.533116510426631,0.9073934987490708,0.8558224352150522,0.5438683757413431,0.8466846524157062,0.005830409136393425,0.08347373455762863,0.03494081100907287,0.0007972530982156659,0.0013542214932116782,0.07930697500705719,0.0,1,both
teacher,val,ge5,near,1.290422754817755,191366,10483,0.9759884200955238,0.965232145846263,0.8798910058052247,0.5499379948488028,0.8739451500260823,0.8248366031004223,0.5452637603739388,0.8158536920674145,0.005830409136393425,0.08347373455762863,0.03494081100907287,0.0007972530982156659,0.0013542214932116782,0.07930697500705719,0.0,1,both
teacher,val,ge5,far,1.290422754817755,191366,41787,0.9759884200955238,0.965232145846263,0.9222425357149189,0.5288965467729199,0.9157846021942354,0.8635957732880813,0.5435183190944552,0.8544191381967182,0.005830409136393425,0.08347373455762863,0.03494081100907287,0.0007972530982156659,0.0013542214932116782,0.07930697500705719,0.0,1,both
student_both_direct,val,all,all,1.0618160271891128,200000,53779,0.941895,0.9153757811384323,0.8583992140054668,0.7297086223246992,0.840971400732628,0.817781279495714,0.7536027073764853,0.7958974811729487,0.0031568638590722827,0.208160862326622,0.08269781677390707,0.003908667041748098,0.005971589079797254,0.20757584273815155,0.0,1,both
student_both_direct,val,all,near,1.0618160271891128,200000,10959,0.941895,0.9153757811384323,0.8262309797883018,0.707820056574505,0.8081591445387353,0.7309217063600694,0.7646683091522949,0.7122455885573501,0.0031568638590722827,0.208160862326622,0.08269781677390707,0.003908667041748098,0.005971589079797254,0.20757584273815155,0.0,1,both
student_both_direct,val,all,far,1.0618160271891128,200000,42820,0.941895,0.9153757811384323,0.8666320883348904,0.7353106025221859,0.8493691007706679,0.840011407052779,0.7507706679121906,0.8173066612564224,0.0031568638590722827,0.208160862326622,0.08269781677390707,0.003908667041748098,0.005971589079797254,0.20757584273815155,0.0,1,both
student_both_direct,val,ge5,all,1.0618160271891128,191366,52270,0.9509892039338231,0.9266725304231871,0.8712331816998201,0.6823608188253301,0.856081506794482,0.8341256042385561,0.6971494164912952,0.8143072840601066,0.0023970845445308335,0.17248456180095673,0.07030742692894099,0.002941241213766298,0.005418057478396278,0.17199492454528809,0.0,1,both
student_both_direct,val,ge5,near,1.0618160271891128,191366,10483,0.9509892039338231,0.9266725304231871,0.8347984391653682,0.6644090432128208,0.8192343912137714,0.74196274280602,0.7183058284842125,0.7251066332884728,0.0023970845445308335,0.17248456180095673,0.07030742692894099,0.002941241213766298,0.005418057478396278,0.17199492454528809,0.0,1,both
student_both_direct,val,ge5,far,1.0618160271891128,191366,41787,0.9509892039338231,0.9266725304231871,0.8803734742785805,0.6868643357982147,0.865325250366229,0.8572462703882502,0.6918419604183119,0.8366848278425996,0.0023970845445308335,0.17248456180095673,0.07030742692894099,0.002941241213766298,0.005418057478396278,0.17199492454528809,0.0,1,both
student_both_kd,val,all,all,1.711298823906633,200000,53779,0.92496,0.8912374699633375,0.8443181721489801,0.761933096561855,0.8201586642555645,0.8104181669889734,0.7310660294910653,0.7825860349764777,0.037583614414855804,0.32366541028022766,0.11354408124566719,0.0061504083869516725,0.006209091473594296,0.2624589800834656,0.0,1,both
student_both_kd,val,all,near,1.711298823906633,200000,10959,0.92496,0.8912374699633375,0.8365692319098458,0.7290811205401952,0.8114222971986496,0.7839128004379962,0.7690482708276303,0.7583672296742404,0.037583614414855804,0.32366541028022766,0.11354408124566719,0.0061504083869516725,0.006209091473594296,0.2624589800834656,0.0,1,both
student_both_kd,val,all,far,1.711298823906633,200000,42820,0.92496,0.8912374699633375,0.846301372431107,0.7703409621672116,0.8223945784680057,0.8172017333605792,0.721345165810369,0.7887843975945819,0.037583614414855804,0.32366541028022766,0.11354408124566719,0.0061504083869516725,0.006209091473594296,0.2624589800834656,0.0,1,both
student_both_kd,val,ge5,all,1.711298823906633,191366,52270,0.9368487610129281,0.9037733744799321,0.8561858862034826,0.7235890568203558,0.8357272741063548,0.8236831667029706,0.6803520183661756,0.7987894750410018,0.03166325825064462,0.26749110221862793,0.09594342107330081,0.004606161242527125,0.005717860826887042,0.21678733825683594,0.0,1,both
student_both_kd,val,ge5,near,1.711298823906633,191366,10483,0.9368487610129281,0.9037733744799321,0.8455597636268899,0.6979872173995993,0.8246585542394405,0.7958538555994776,0.7207860345320996,0.7729255001467836,0.03166325825064462,0.26749110221862793,0.09594342107330081,0.004606161242527125,0.005717860826887042,0.21678733825683594,0.0,1,both
student_both_kd,val,ge5,far,1.711298823906633,191366,41787,0.9368487610129281,0.9037733744799321,0.8588516349523856,0.7300117261349224,0.8385040561286312,0.8306646362580454,0.6702084380309665,0.8052779056250615,0.03166325825064462,0.26749110221862793,0.09594342107330081,0.004606161242527125,0.005717860826887042,0.21678733825683594,0.0,1,both
student_teacheronly_kd,val,all,all,1.7047203902148245,200000,53779,0.92595,0.8933186064912342,0.8523689636754123,0.7515015154614255,0.8274297303780286,0.8212719993863776,0.7198534744045073,0.7924584431655479,0.03636039822623137,0.3212926685810089,0.11225636999453303,0.006142928273450982,0.005431123428381999,0.26108208298683167,0.0,1,teacher_only
student_teacheronly_kd,val,all,near,1.7047203902148245,200000,10959,0.92595,0.8933186064912342,0.8389143279496305,0.737293548681449,0.8139636002372479,0.7779989542841501,0.7635733187334611,0.752786799890501,0.03636039822623137,0.3212926685810089,0.11225636999453303,0.006142928273450982,0.005431123428381999,0.26108208298683167,0.0,1,teacher_only
student_teacheronly_kd,val,all,far,1.7047203902148245,200000,42820,0.92595,0.8933186064912342,0.8558124329168613,0.7551377860812705,0.8308761414058851,0.8323469480382999,0.7086641756188697,0.8026116785380663,0.03636039822623137,0.3212926685810089,0.11225636999453303,0.006142928273450982,0.005431123428381999,0.26108208298683167,0.0,1,teacher_only
student_teacheronly_kd,val,ge5,all,1.7047203902148245,191366,52270,0.9375124107730736,0.9059157019412974,0.8647183353925405,0.7058924813468529,0.8433362232661478,0.8348727224553738,0.6601109623110771,0.80882323520299,0.031032720092293672,0.2655665874481201,0.09505359022239004,0.004637273687653622,0.0049982547393488605,0.2153056561946869,0.0,1,teacher_only
student_teacheronly_kd,val,ge5,near,1.7047203902148245,191366,10483,0.9375124107730736,0.9059157019412974,0.8483940116562421,0.7014213488505199,0.8274222346393911,0.7894699017802383,0.7246017361442335,0.7667351695164264,0.031032720092293672,0.2655665874481201,0.09505359022239004,0.004637273687653622,0.0049982547393488605,0.2153056561946869,0.0,1,teacher_only
student_teacheronly_kd,val,ge5,far,1.7047203902148245,191366,41787,0.9375124107730736,0.9059157019412974,0.8688135775905355,0.7070141431545696,0.8473285257232348,0.8462628143293406,0.6439323234498767,0.8193817627975108,0.031032720092293672,0.2655665874481201,0.09505359022239004,0.004637273687653622,0.0049982547393488605,0.2153056561946869,0.0,1,teacher_only
teacher,val,all,all,1.3518138204759091,200000,53779,0.96393,0.9487841428234077,0.8902734526023168,0.6199445880362223,0.8798599893080943,0.8321934342401309,0.6234589709738002,0.8187026887818667,0.011560468418933462,0.12748876214027405,0.05245872969441256,0.0016444928531288247,0.0017402334357798103,0.11876177787780762,0.5,1,both
teacher,val,all,near,1.3518138204759091,200000,10959,0.96393,0.9487841428234077,0.873534822520303,0.6186695866411169,0.863233774979469,0.8180044851263801,0.6379231681722785,0.8046519016333608,0.011560468418933462,0.12748876214027405,0.05245872969441256,0.0016444928531288247,0.0017402334357798103,0.11876177787780762,0.5,1,both
teacher,val,all,far,1.3518138204759091,200000,42820,0.96393,0.9487841428234077,0.8945574004553947,0.6202709014479215,0.8841151663942082,0.8358248376342832,0.6197571228397944,0.8222987321345167,0.011560468418933462,0.12748876214027405,0.05245872969441256,0.0016444928531288247,0.0017402334357798103,0.11876177787780762,0.5,1,both
teacher,val,ge5,all,1.3518138204759091,191366,52270,0.9702402725667046,0.9578950484005568,0.9017038459218858,0.5659843122249857,0.8930038856245628,0.8439700371344308,0.5704993303998469,0.83195269555208,0.009776359901068715,0.1029396578669548,0.04334748087389486,0.0011867790292869667,0.001701131716664715,0.09570986032485962,0.5,1,both
teacher,val,ge5,near,1.3518138204759091,191366,10483,0.9702402725667046,0.9578950484005568,0.8827865776104862,0.5695888581512926,0.8743296557488367,0.8279862482804595,0.57493084040828,0.8160273941638119,0.009776359901068715,0.1029396578669548,0.04334748087389486,0.0011867790292869667,0.001701131716664715,0.09570986032485962,0.5,1,both
teacher,val,ge5,far,1.3518138204759091,191366,41787,0.9702402725667046,0.9578950484005568,0.9064495736292684,0.5650800488190107,0.8976886428884783,0.8479798501996466,0.5693876085864025,0.835947836013305,0.009776359901068715,0.1029396578669548,0.04334748087389486,0.0011867790292869667,0.001701131716664715,0.09570986032485962,0.5,1,both
student_both_direct,val,all,all,1.1208654367529893,200000,53779,0.92891,0.8976594271309899,0.8464248682106399,0.7474478885810446,0.8229794337008869,0.8035413982688411,0.7737592740660852,0.7754914001747892,0.006887909838594526,0.24896396696567535,0.10088594295873325,0.0059145369516423844,0.004763534902408723,0.24637094140052795,0.5,1,both
student_both_direct,val,all,near,1.1208654367529893,200000,10959,0.92891,0.8976594271309899,0.8200065528332876,0.7354685646500593,0.796112613833379,0.715806804681084,0.7926818140341272,0.692038259877726,0.006887909838594526,0.24896396696567535,0.10088594295873325,0.0059145369516423844,0.004763534902408723,0.24637094140052795,0.5,1,both
student_both_direct,val,all,far,1.1208654367529893,200000,42820,0.92891,0.8976594271309899,0.853186155418029,0.7505137786081271,0.8298555074731435,0.8259954713918729,0.7689163942083139,0.7968497132181225,0.006887909838594526,0.24896396696567535,0.10088594295873325,0.0059145369516423844,0.004763534902408723,0.24637094140052795,0.5,1,both
student_both_direct,val,ge5,all,1.1208654367529893,191366,52270,0.9392995620956701,0.9094413978041235,0.8594113191720955,0.7066386072316817,0.8388282342928257,0.8192994125760527,0.7250621771570691,0.7938382129877597,0.005818843858917136,0.2081938236951828,0.08661261361497541,0.004552547489620422,0.0046616347640904745,0.20620746910572052,0.5,1,both
student_both_direct,val,ge5,near,1.1208654367529893,191366,10483,0.9392995620956701,0.9094413978041235,0.8292276196923027,0.6993227129638462,0.8084110700254015,0.7265407012108309,0.7500715444052275,0.7050072127928463,0.005818843858917136,0.2081938236951828,0.08661261361497541,0.004552547489620422,0.0046616347640904745,0.20620746910572052,0.5,1,both
student_both_direct,val,ge5,far,1.1208654367529893,191366,41787,0.9392995620956701,0.9094413978041235,0.8669834282406255,0.7084739272979634,0.846458912087724,0.8425695581055622,0.7187881398521071,0.8161230234561658,0.005818843858917136,0.2081938236951828,0.08661261361497541,0.004552547489620422,0.0046616347640904745,0.20620746910572052,0.5,1,both
student_both_kd,val,all,all,1.7569896359461323,200000,53779,0.9171,0.882281542001015,0.8355117128433032,0.7654102902619981,0.8071062330091672,0.8070973293478867,0.7419438814407111,0.774630643838673,0.043322577478513105,0.3664935231208801,0.12704345617990245,0.007899042151551773,0.005980711032375692,0.29079869389533997,0.5,1,both
student_both_kd,val,all,near,1.7569896359461323,200000,10959,0.9171,0.882281542001015,0.8373798608449676,0.7534446573592481,0.8081263929190619,0.7945321813121636,0.7755269641390637,0.7646635067068164,0.043322577478513105,0.3664935231208801,0.12704345617990245,0.007899042151551773,0.005980711032375692,0.29079869389533997,0.5,1,both
student_both_kd,val,all,far,1.7569896359461323,200000,42820,0.9171,0.882281542001015,0.8350335943484353,0.7684726763194769,0.8068451416394209,0.8103131503970107,0.7333489023820644,0.777181551261093,0.043322577478513105,0.3664935231208801,0.12704345617990245,0.007899042151551773,0.005980711032375692,0.29079869389533997,0.5,1,both
student_both_kd,val,ge5,all,1.7569896359461323,191366,52270,0.9294231995234263,0.8950219352330983,0.8472365077195221,0.7312033671321982,0.8228441175150534,0.8208711346322163,0.6925196097187679,0.7915656823573776,0.03694501025150495,0.3061782419681549,0.10861463173774447,0.006075352889107916,0.005362555089285139,0.24302881956100464,0.5,1,both
student_both_kd,val,ge5,near,1.7569896359461323,191366,10483,0.9294231995234263,0.8950219352330983,0.847249039469459,0.7267957645712105,0.8224144133991993,0.808293326292,0.7301345034818277,0.7812337290121021,0.03694501025150495,0.3061782419681549,0.10861463173774447,0.006075352889107916,0.005362555089285139,0.24302881956100464,0.5,1,both
student_both_kd,val,ge5,far,1.7569896359461323,191366,41787,0.9294231995234263,0.8950219352330983,0.8472333639108116,0.732309091344198,0.8229519163100493,0.8240264978990333,0.6830832555579487,0.7941576336082097,0.03694501025150495,0.3061782419681549,0.10861463173774447,0.006075352889107916,0.005362555089285139,0.24302881956100464,0.5,1,both
student_teacheronly_kd,val,all,all,1.7864221469978832,200000,53779,0.926525,0.8926532543703583,0.8482388754439465,0.7477639970992395,0.8243327943063277,0.826817105608137,0.7076182152884956,0.7983623014559587,0.03941063683182005,0.3287055790424347,0.11274571366654385,0.005917661381877603,0.006012486710287602,0.25787848234176636,0.5,1,teacher_only
student_teacheronly_kd,val,all,near,1.7864221469978832,200000,10959,0.926525,0.8926532543703583,0.8475293968427776,0.7257961492836937,0.8228176526142896,0.806596804681084,0.7495209416917602,0.7805830646044346,0.03941063683182005,0.3287055790424347,0.11274571366654385,0.005917661381877603,0.006012486710287602,0.25787848234176636,0.5,1,teacher_only
student_teacheronly_kd,val,all,far,1.7864221469978832,200000,42820,0.926525,0.8926532543703583,0.8484204535847735,0.7533862680990191,0.8247205672582905,0.8319921237739373,0.6968939747781411,0.802912573680523,0.03941063683182005,0.3287055790424347,0.11274571366654385,0.005917661381877603,0.006012486710287602,0.25787848234176636,0.5,1,teacher_only
student_teacheronly_kd,val,ge5,all,1.7864221469978832,191366,52270,0.9378154949155022,0.904929840280399,0.859889239894311,0.7102544480581595,0.8395951603598997,0.8404597066615054,0.6488234168739239,0.8147850759171261,0.033448594605952134,0.2739967405796051,0.09577854741505464,0.00448494572041112,0.005416091022652034,0.214304119348526,0.5,1,teacher_only
student_teacheronly_kd,val,ge5,near,1.7864221469978832,191366,10483,0.9378154949155022,0.904929840280399,0.8570312743999238,0.6884479633692645,0.8363712787932864,0.819922548102431,0.7060955833253839,0.7963404905999176,0.033448594605952134,0.2739967405796051,0.09577854741505464,0.00448494572041112,0.005416091022652034,0.214304119348526,0.5,1,teacher_only
student_teacheronly_kd,val,ge5,far,1.7864221469978832,191366,41787,0.9378154949155022,0.904929840280399,0.8606062105377565,0.7157249862397397,0.8404039274516462,0.8456118121769716,0.6344556919616149,0.8194122228259806,0.033448594605952134,0.2739967405796051,0.09577854741505464,0.00448494572041112,0.005416091022652034,0.214304119348526,0.5,1,teacher_only
teacher,val,all,all,1.5747083658869643,200000,53779,0.93393,0.9031233985899035,0.8683641091318173,0.6924821956525782,0.8429464140277804,0.8377886468231094,0.6699827070045928,0.8076748949404042,0.03193561171248559,0.25149762630462646,0.10111531534657177,0.005672272569882925,0.005273493068069203,0.21470922231674194,0.9,1,both
teacher,val,all,near,1.5747083658869643,200000,10959,0.93393,0.9031233985899035,0.8421353428688748,0.6972351491924446,0.8178768774523224,0.8180124491285701,0.6792590564832558,0.7891841687197738,0.03193561171248559,0.25149762630462646,0.10111531534657177,0.005672272569882925,0.005273493068069203,0.21470922231674194,0.9,1,both
teacher,val,all,far,1.5747083658869643,200000,42820,0.93393,0.9031233985899035,0.8750768846917328,0.6912657636618402,0.8493625058383933,0.8428500048458664,0.6676085941148996,0.8124072599252685,0.03193561171248559,0.25149762630462646,0.10111531534657177,0.005672272569882925,0.005273493068069203,0.21470922231674194,0.9,1,both
teacher,val,ge5,all,1.5747083658869643,191366,52270,0.944451992516957,0.9156327019239421,0.879931781214666,0.6502008800459155,0.8582973874250095,0.8508564391911903,0.6132772144633633,0.8239230106254443,0.02658411759145017,0.2072097808122635,0.08531352067603684,0.004288078617356318,0.00423389814616759,0.1779109239578247,0.9,1,both
teacher,val,ge5,near,1.5747083658869643,191366,10483,0.944451992516957,0.9156327019239421,0.8513421533919007,0.6572546026900696,0.8309147687606631,0.8294246976119132,0.6265382047123915,0.8036714710781006,0.02658411759145017,0.2072097808122635,0.08531352067603684,0.004288078617356318,0.00423389814616759,0.1779109239578247,0.9,1,both
teacher,val,ge5,far,1.5747083658869643,191366,41787,0.944451992516957,0.9156327019239421,0.8871039895202646,0.6484313303180415,0.8651667963669853,0.8562329665077137,0.609950463062675,0.8290034636150057,0.02658411759145017,0.2072097808122635,0.08531352067603684,0.004288078617356318,0.00423389814616759,0.1779109239578247,0.9,1,both
student_both_direct,val,all,all,1.3900620707342786,200000,53779,0.87315,0.8178908377540669,0.806035384862121,0.7966678443258521,0.7543218523959165,0.7931600868368693,0.7994942263708883,0.7331352761300879,0.0448388495018333,0.4520794153213501,0.1856107084567437,0.019625582051539178,0.005207848732434202,0.4170812964439392,0.9,1,both
student_both_direct,val,all,near,1.3900620707342786,200000,10959,0.87315,0.8178908377540669,0.7823612843325121,0.7944155488639474,0.7325182685464002,0.6952327821881559,0.8271740122273931,0.6466517925905648,0.0448388495018333,0.4520794153213501,0.1856107084567437,0.019625582051539178,0.005207848732434202,0.4170812964439392,0.9,1,both
student_both_direct,val,all,far,1.3900620707342786,200000,42820,0.87315,0.8178908377540669,0.8120943402031762,0.7972442783745913,0.7599020830219524,0.8182227989257356,0.7924100887435778,0.7552691503970108,0.0448388495018333,0.4520794153213501,0.1856107084567437,0.019625582051539178,0.005207848732434202,0.4170812964439392,0.9,1,both
student_both_direct,val,ge5,all,1.3900620707342786,191366,52270,0.8889719176865274,0.8342183756208468,0.8183795580621994,0.7730820738473312,0.7724025156837592,0.8081818055915821,0.7643007461258848,0.7528908131434044,0.03748733084511609,0.38738709688186646,0.16337960260559486,0.01598152022797455,0.0038998521976621376,0.3602294623851776,0.9,1,both
student_both_direct,val,ge5,near,1.3900620707342786,191366,10483,0.8889719176865274,0.8342183756208468,0.7934249590698029,0.7713440808928742,0.7491001078217947,0.707003755292551,0.7935705427835543,0.6621511966051202,0.03748733084511609,0.38738709688186646,0.16337960260559486,0.01598152022797455,0.0038998521976621376,0.3602294623851776,0.9,1,both
student_both_direct,val,ge5,far,1.3900620707342786,191366,41787,0.8889719176865274,0.8342183756208468,0.8246398557920507,0.7735180797855793,0.778248332363994,0.8335640895862395,0.7569579055687176,0.7756544334121684,0.03748733084511609,0.38738709688186646,0.16337960260559486,0.01598152022797455,0.0038998521976621376,0.3602294623851776,0.9,1,both
student_both_kd,val,all,all,1.9140465704028458,200000,53779,0.85738,0.8034136837816904,0.801586859740791,0.8002752003570167,0.7385709322412093,0.8164578793302218,0.7554249800107848,0.7408462981833058,0.08463467094995086,0.6527560949325562,0.22590949540203947,0.02627495195296274,0.011660516305156047,0.4841737747192383,0.9,1,both
student_both_kd,val,all,near,1.9140465704028458,200000,10959,0.85738,0.8034136837816904,0.7670931506068072,0.8244365361803084,0.7100649566566292,0.7465533946984214,0.8264440186148371,0.6842622985673876,0.08463467094995086,0.6527560949325562,0.22590949540203947,0.02627495195296274,0.011660516305156047,0.4841737747192383,0.9,1,both
student_both_kd,val,all,far,1.9140465704028458,200000,42820,0.85738,0.8034136837816904,0.8104148970691266,0.794091546006539,0.7458665180990192,0.8343486604390473,0.7372489490892107,0.7553279434843532,0.08463467094995086,0.6527560949325562,0.22590949540203947,0.02627495195296274,0.011660516305156047,0.4841737747192383,0.9,1,both
student_both_kd,val,ge5,all,1.9140465704028458,191366,52270,0.8738020337991075,0.8183638301622016,0.8134913474299034,0.7804859383967859,0.7571663580956729,0.8309484383338779,0.7009374402142721,0.7607668805593647,0.07438826269804777,0.5652890205383301,0.20006560902953882,0.021698224001421032,0.00791944294933388,0.4220999777317047,0.9,1,both
student_both_kd,val,ge5,near,1.9140465704028458,191366,10483,0.8738020337991075,0.8183638301622016,0.7775291944087659,0.8037775445960126,0.7266850187798524,0.7595562542665026,0.7926166173805208,0.701524666758957,0.07438826269804777,0.5652890205383301,0.20006560902953882,0.021698224001421032,0.00791944294933388,0.4220999777317047,0.9,1,both
student_both_kd,val,ge5,far,1.9140465704028458,191366,41787,0.8738020337991075,0.8183638301622016,0.8225130826614488,0.7746428315026205,0.7648131353241828,0.8488584166902637,0.6779381147246751,0.7756288263144961,0.07438826269804777,0.5652890205383301,0.20006560902953882,0.021698224001421032,0.00791944294933388,0.4220999777317047,0.9,1,both
student_teacheronly_kd,val,all,all,1.9823387487146036,200000,53779,0.929465,0.8956644822041475,0.8651699026106844,0.7301548931739155,0.8422218967440823,0.8540048701630748,0.7095520556350992,0.826389055207423,0.04168106901578606,0.34765276312828064,0.11107943988224593,0.005630751707459086,0.00524964507702742,0.2515881359577179,0.9,1,teacher_only
student_teacheronly_kd,val,all,near,1.9823387487146036,200000,10959,0.929465,0.8956644822041475,0.8499269636828177,0.7147549958937859,0.829043430969979,0.8289102137512547,0.7373847978830185,0.8033634610822156,0.04168106901578606,0.34765276312828064,0.11107943988224593,0.005630751707459086,0.00524964507702742,0.2515881359577179,0.9,1,teacher_only
student_teacheronly_kd,val,all,far,1.9823387487146036,200000,42820,0.929465,0.8956644822041475,0.86907105552312,0.7340962167211583,0.8455946853106024,0.8604273909388136,0.7024287716020551,0.8322820371321812,0.04168106901578606,0.34765276312828064,0.11107943988224593,0.005630751707459086,0.00524964507702742,0.2515881359577179,0.9,1,teacher_only
student_teacheronly_kd,val,ge5,all,1.9823387487146036,191366,52270,0.9406111848499733,0.9081230828735808,0.8761867666256962,0.6920413238951597,0.8571945310866551,0.8679225419940132,0.6497799885211403,0.8431415707382918,0.034762829809322854,0.28668805956840515,0.09362812830904339,0.004238416978035829,0.004088281987278657,0.2082906812429428,0.9,1,teacher_only
student_teacheronly_kd,val,ge5,near,1.9823387487146036,191366,10483,0.9406111848499733,0.9081230828735808,0.8585356447591649,0.676237718210436,0.8420887312850861,0.841815861642858,0.6853954020795574,0.8189150789840672,0.034762829809322854,0.28668805956840515,0.09362812830904339,0.004238416978035829,0.004088281987278657,0.2082906812429428,0.9,1,teacher_only
student_teacheronly_kd,val,ge5,far,1.9823387487146036,191366,41787,0.9406111848499733,0.9081230828735808,0.8806148593465628,0.696005934860124,0.8609840852379425,0.8744718594879982,0.6408452389499126,0.8492192100294479,0.034762829809322854,0.28668805956840515,0.09362812830904339,0.004238416978035829,0.004088281987278657,0.2082906812429428,0.9,1,teacher_only
teacher,val,all,all,4.038508640128204,200000,53779,0.211515,0.265909831550121,0.4844776849699697,0.9664739024526302,0.14171172362818202,0.4824788759552986,0.9546849141858346,0.13956706641997807,0.6519493883450329,6.555403232574463,1.3826897280808867,0.60984660831495,0.1842687415362522,2.6932616233825684,1.0,1,both
teacher,val,all,near,4.038508640128204,200000,10959,0.211515,0.265909831550121,0.42698119696140163,0.9676977826444019,0.13402522127931385,0.43130046058034494,0.9643215621863309,0.13060009033670955,0.6519493883450329,6.555403232574463,1.3826897280808867,0.60984660831495,0.1842687415362522,2.6932616233825684,1.0,1,both
teacher,val,all,far,4.038508640128204,200000,42820,0.211515,0.265909831550121,0.4991928650747315,0.9661606725829052,0.1436789440681924,0.4955770603106025,0.9522185894441849,0.14186200081737507,0.6519493883450329,6.555403232574463,1.3826897280808867,0.60984660831495,0.1842687415362522,2.6932616233825684,1.0,1,both
teacher,val,ge5,all,4.038508640128204,191366,52270,0.21429093987437686,0.2695692202012122,0.48427705468451665,0.9668452267074804,0.14334300773378522,0.4834255964980466,0.9538932466041706,0.14134379128616184,0.6491169712638405,6.459117412567139,1.376976361794109,0.6060550089520133,0.18429169488339342,2.662905693054199,1.0,1,both
teacher,val,ge5,near,4.038508640128204,191366,10483,0.21429093987437686,0.2695692202012122,0.4290348841506335,0.9675665362968616,0.13593513609937752,0.4349435653721775,0.9641324048459411,0.1326655954876213,0.6491169712638405,6.459117412567139,1.376976361794109,0.6060550089520133,0.18429169488339342,2.662905693054199,1.0,1,both
teacher,val,ge5,far,4.038508640128204,191366,41787,0.21429093987437686,0.2695692202012122,0.49813551960678193,0.966664273577907,0.14520140193158593,0.4955881621833671,0.951324574628473,0.14352086852444412,0.6491169712638405,6.459117412567139,1.376976361794109,0.6060550089520133,0.18429169488339342,2.662905693054199,1.0,1,both
student_both_direct,val,all,all,6.549790243427582,200000,53779,0.14745,0.15000514550334565,0.528749619042749,0.9527324792205136,0.11737658491232636,0.5009215188084568,0.9702672046709683,0.1119253016047156,0.7254622890778631,10.345107078552246,1.5211776899537501,0.6870543980096365,0.1296264057098888,3.009835958480835,1.0,1,both
student_both_direct,val,all,near,6.549790243427582,200000,10959,0.14745,0.15000514550334565,0.4478556595036043,0.9528241627885756,0.10648862533077834,0.4237054478054567,0.9742677251574049,0.10032073638105665,0.7254622890778631,10.345107078552246,1.5211776899537501,0.6870543980096365,0.1296264057098888,3.009835958480835,1.0,1,both
student_both_direct,val,all,far,6.549790243427582,200000,42820,0.14745,0.15000514550334565,0.5494529563288183,0.9527090144792153,0.1201631600887436,0.5206835674334424,0.9692433442316675,0.11489527895843064,0.7254622890778631,10.345107078552246,1.5211776899537501,0.6870543980096365,0.1296264057098888,3.009835958480835,1.0,1,both
student_both_direct,val,ge5,all,6.549790243427582,191366,52270,0.14881953952112706,0.1519150995711925,0.5317057774402173,0.9522479433709585,0.11887815954891273,0.5049024828776194,0.9707863018940118,0.11376022501090861,0.7266752221416053,10.26777458190918,1.521546200706203,0.6837772368884804,0.13402791984545773,2.973358392715454,1.0,1,both
student_both_direct,val,ge5,near,6.549790243427582,191366,10483,0.14881953952112706,0.1519150995711925,0.45097687173400275,0.9518267671468091,0.10784146171946647,0.42775588705482154,0.9754841171420395,0.10188938662744138,0.7266752221416053,10.26777458190918,1.521546200706203,0.6837772368884804,0.13402791984545773,2.973358392715454,1.0,1,both
student_both_direct,val,ge5,far,6.549790243427582,191366,41787,0.14881953952112706,0.1519150995711925,0.5519580357626203,0.9523536027951277,0.12164690828287508,0.5242560560944187,0.9696077727522914,0.11673823249586533,0.7266752221416053,10.26777458190918,1.521546200706203,0.6837772368884804,0.13402791984545773,2.973358392715454,1.0,1,both
student_both_kd,val,all,all,4.428131350909196,200000,53779,0.16041,0.202799087725629,0.494441197539932,0.9653954145670243,0.12193663177076555,0.4683080048903848,0.9694490414474051,0.11913839342494284,0.7168534387716651,7.7499189376831055,1.4973834372709225,0.6477695304588871,0.20361872058983896,2.9157040119171143,1.0,1,both
student_both_kd,val,all,near,4.428131350909196,200000,10959,0.16041,0.202799087725629,0.4232118085591751,0.9711652523040424,0.11591849621315811,0.399545463317821,0.9829363993065061,0.11091381558536362,0.7168534387716651,7.7499189376831055,1.4973834372709225,0.6477695304588871,0.20361872058983896,2.9157040119171143,1.0,1,both
student_both_kd,val,all,far,4.428131350909196,200000,42820,0.16041,0.202799087725629,0.5126710638136385,0.9639187295656235,0.12347686408220457,0.48590652644792154,0.9659971975712284,0.1212433244978982,0.7168534387716651,7.7499189376831055,1.4973834372709225,0.6477695304588871,0.20361872058983896,2.9157040119171143,1.0,1,both
student_both_kd,val,ge5,all,4.428131350909196,191366,52270,0.16223362561792587,0.20443431010253724,0.49453796949612255,0.9662904151520949,0.1233836272031977,0.4691813805043907,0.9697723359479625,0.1205643926277103,0.7152555977836247,7.644345760345459,1.4935402776850801,0.6440792654370033,0.20477392557893695,2.884220600128174,1.0,1,both
student_both_kd,val,ge5,near,4.428131350909196,191366,10483,0.16223362561792587,0.20443431010253724,0.42383414382763485,0.9729085185538491,0.11749381038917789,0.4006920554180701,0.9850233711723744,0.11230909277879783,0.7152555977836247,7.644345760345459,1.4935402776850801,0.6440792654370033,0.20477392557893695,2.884220600128174,1.0,1,both
student_both_kd,val,ge5,far,4.428131350909196,191366,41787,0.16223362561792587,0.20443431010253724,0.5122752611055407,0.9646301481321943,0.12486119079142775,0.4863631259008034,0.9659463469500084,0.122635379018601,0.7152555977836247,7.644345760345459,1.4935402776850801,0.6440792654370033,0.20477392557893695,2.884220600128174,1.0,1,both
student_teacheronly_kd,val,all,all,2.286776632929944,200000,53779,0.928615,0.8920714079674087,0.8566257278863497,0.7179940125327731,0.8349121735249818,0.8340266479015973,0.6725115751501516,0.8045159305676937,0.04804328961685302,0.43205928802490234,0.11696110965256763,0.006295493870460978,0.008611772385537632,0.27038541436195374,1.0,1,teacher_only
student_teacheronly_kd,val,all,near,2.286776632929944,200000,10959,0.928615,0.8920714079674087,0.8340863422757551,0.753809654165526,0.8171609102107856,0.8013219997262524,0.7664020439821152,0.7770222223743042,0.04804328961685302,0.43205928802490234,0.11696110965256763,0.006295493870460978,0.008611772385537632,0.27038541436195374,1.0,1,teacher_only
student_teacheronly_kd,val,all,far,2.286776632929944,200000,42820,0.928615,0.8920714079674087,0.8623942735871089,0.7088276506305464,0.8394552864315741,0.8423968076249416,0.6484820177487155,0.8115524450023354,0.04804328961685302,0.43205928802490234,0.11696110965256763,0.006295493870460978,0.008611772385537632,0.27038541436195374,1.0,1,teacher_only
student_teacheronly_kd,val,ge5,all,2.286776632929944,191366,52270,0.939215952677069,0.9037117779089471,0.8655142298857641,0.6789936866271283,0.8481484249770853,0.8445564204628486,0.6244691027357949,0.8182376092500184,0.0406119794577929,0.35576942563056946,0.09930938598207269,0.00488781691096863,0.0069998529236586495,0.22568222880363464,1.0,1,teacher_only
student_teacheronly_kd,val,ge5,near,2.286776632929944,191366,10483,0.939215952677069,0.9037117779089471,0.8417168122373035,0.7283220452160641,0.8291393432343187,0.8122526942061912,0.7259372317084803,0.7904371092408807,0.0406119794577929,0.35576942563056946,0.09930938598207269,0.00488781691096863,0.0069998529236586495,0.22568222880363464,1.0,1,teacher_only
student_teacheronly_kd,val,ge5,far,2.286776632929944,191366,41787,0.939215952677069,0.9037117779089471,0.871484228430977,0.6666188048914734,0.8529171856899727,0.8526603753375352,0.5990140474310193,0.8252118510380337,0.0406119794577929,0.35576942563056946,0.09930938598207269,0.00488781691096863,0.0069998529236586495,0.22568222880363464,1.0,1,teacher_only
student_plain_direct,val,all,all,1.0574403792593483,200000,53779,0.94032,0.9125918344471163,0.8542174782442962,0.7255992115881664,0.8360162064188623,0.8216879908979341,0.7403447442310196,0.7985827802673906,0.003309457945525657,0.21250677108764648,0.08458741472576367,0.00409602889957678,0.00577720732718706,0.2120053470134735,,2,teacher_only
student_plain_direct,val,all,near,1.0574403792593483,200000,10959,0.94032,0.9125918344471163,0.8357267572314993,0.71046628342002,0.8167752349666941,0.7436452655351766,0.7735194817045351,0.7243881449037322,0.003309457945525657,0.21250677108764648,0.08458741472576367,0.00409602889957678,0.00577720732718706,0.2120053470134735,,2,teacher_only
student_plain_direct,val,all,far,1.0574403792593483,200000,42820,0.94032,0.9125918344471163,0.8589498418963101,0.7294722092480149,0.8409405830219524,0.8416616066674452,0.7318542737038767,0.8175715474077534,0.003309457945525657,0.21250677108764648,0.08458741472576367,0.00409602889957678,0.00577720732718706,0.2120053470134735,,2,teacher_only
student_plain_direct,val,ge5,all,1.0574403792593483,191366,52270,0.9494110761577291,0.9236560287537707,0.8668642797615934,0.6841017792232639,0.8509747070491707,0.8383881197598391,0.6896498947771188,0.8174182266505097,0.003031809126248241,0.17653432488441467,0.07217259461537487,0.0031046534355307865,0.005470699365335015,0.17611271142959595,,2,teacher_only
student_plain_direct,val,ge5,near,1.0574403792593483,191366,10483,0.9494110761577291,0.9236560287537707,0.8449955423679947,0.6733759420013355,0.8285848251802418,0.7571155349857926,0.7304206811027377,0.7396183836195191,0.003031809126248241,0.17653432488441467,0.07217259461537487,0.0031046534355307865,0.005470699365335015,0.17611271142959595,,2,teacher_only
student_plain_direct,val,ge5,far,1.0574403792593483,191366,41787,0.9494110761577291,0.9236560287537707,0.8723504351232394,0.6867925431354249,0.8565916006197066,0.8587767694878964,0.6794218297556657,0.8369356783578321,0.003031809126248241,0.17653432488441467,0.07217259461537487,0.0031046534355307865,0.005470699365335015,0.17611271142959595,,2,teacher_only
teacher,val,all,all,1.2926350581038593,200000,53779,0.970365,0.9573567467764701,0.8948855381282658,0.5764517748563566,0.8871182386247419,0.8282799393350565,0.5948046635303743,0.8178568497926701,0.0074535480446368575,0.1041024923324585,0.04254160265489119,0.0011198479406682538,0.0017718184027448573,0.0989234670996666,0.0,2,both
teacher,val,all,near,1.2926350581038593,200000,10959,0.970365,0.9573567467764701,0.8792864684277762,0.5516014234875445,0.871394415548864,0.8231289608997171,0.598229765489552,0.8127367624783284,0.0074535480446368575,0.1041024923324585,0.04254160265489119,0.0011198479406682538,0.0017718184027448573,0.0989234670996666,0.0,2,both
teacher,val,all,far,1.2926350581038593,200000,42820,0.970365,0.9573567467764701,0.8988778362330686,0.5828117702008407,0.8911424650864084,0.8295982385567491,0.5939280709948622,0.8191672429939282,0.0074535480446368575,0.1041024923324585,0.04254160265489119,0.0011198479406682538,0.0017718184027448573,0.0989234670996666,0.0,2,both
teacher,val,ge5,all,1.2926350581038593,191366,52270,0.9759570665635484,0.9652197940928552,0.9057408314047726,0.5184235699253874,0.8993578774257492,0.8388789997319944,0.5398507748230342,0.8297683824957187,0.006128489832479133,0.08328311890363693,0.034769076831885466,0.0007977985861405913,0.0013410622093237448,0.07889164984226227,0.0,2,both
teacher,val,ge5,near,1.2926350581038593,191366,10483,0.9759570665635484,0.9652197940928552,0.8875563793436567,0.5062482113898693,0.8812486765983611,0.831763534114374,0.533816655537537,0.8226292178435097,0.006128489832479133,0.08328311890363693,0.034769076831885466,0.0007977985861405913,0.0013410622093237448,0.07889164984226227,0.0,2,both
teacher,val,ge5,far,1.2926350581038593,191366,41787,0.9759570665635484,0.9652197940928552,0.9103027193353892,0.5214779716179673,0.9039008872678891,0.8406640387649356,0.5413645392107593,0.8315593668460934,0.006128489832479133,0.08328311890363693,0.034769076831885466,0.0007977985861405913,0.0013410622093237448,0.07889164984226227,0.0,2,both
student_both_direct,val,all,all,1.0583270198455026,200000,53779,0.940375,0.9126587538264007,0.8548710219137581,0.7180869856263598,0.8363903743096748,0.8265993867959613,0.7472619423938712,0.8036413995239777,0.0033525917962193884,0.2126210331916809,0.08464716283870068,0.00408907534793626,0.006056942559033638,0.21204686164855957,0.0,2,both
student_both_direct,val,all,near,1.0583270198455026,200000,10959,0.940375,0.9126587538264007,0.8468677685007756,0.6825440277397573,0.8267120654256774,0.766999246737841,0.7361985582626152,0.7460953097910393,0.0033525917962193884,0.2126210331916809,0.08464716283870068,0.00408907534793626,0.006056942559033638,0.21204686164855957,0.0,2,both
student_both_direct,val,all,far,1.0583270198455026,200000,42820,0.940375,0.9126587538264007,0.8569193090261561,0.7271835590845399,0.8388673613965436,0.8418529583722558,0.7500934142923867,0.8183692742877161,0.0033525917962193884,0.2126210331916809,0.08464716283870068,0.00408907534793626,0.006056942559033638,0.21204686164855957,0.0,2,both
student_both_direct,val,ge5,all,1.0583270198455026,191366,52270,0.9495939717609189,0.9233499779801179,0.8673412615374014,0.6798546011096231,0.8512842165562241,0.8430839895899236,0.6985651425291755,0.8224271624271172,0.002897507724815403,0.17644420266151428,0.07208664675868218,0.003088717523099603,0.005732594850042568,0.1759786456823349,0.0,2,both
student_both_direct,val,ge5,near,1.0583270198455026,191366,10483,0.9495939717609189,0.9233499779801179,0.8561959114872675,0.6486692740627683,0.8387992090152607,0.7800361063900502,0.6820566631689402,0.7612471364678873,0.002897507724815403,0.17644420266151428,0.07208664675868218,0.003088717523099603,0.005732594850042568,0.1759786456823349,0.0,2,both
student_both_direct,val,ge5,far,1.0583270198455026,191366,41787,0.9495939717609189,0.9233499779801179,0.8701372675817587,0.6876779859764999,0.8544162991190287,0.8589006540928616,0.7027065833871778,0.837775242263684,0.002897507724815403,0.17644420266151428,0.07208664675868218,0.003088717523099603,0.005732594850042568,0.1759786456823349,0.0,2,both
student_both_kd,val,all,all,1.7135543134583393,200000,53779,0.925685,0.8918302662347198,0.8362592622585023,0.7628442328790048,0.8127551879915953,0.7980299336636977,0.7223265586939139,0.7703724212982763,0.03662209755845372,0.32350993156433105,0.11277487660565635,0.006152406687382293,0.005292861081846055,0.2617279291152954,0.0,2,both
student_both_kd,val,all,near,1.7135543134583393,200000,10959,0.925685,0.8918302662347198,0.8359872178118442,0.7341910758280865,0.8110760283785017,0.7829091680354047,0.753992152568665,0.7570754535085318,0.03662209755845372,0.32350993156433105,0.11277487660565635,0.006152406687382293,0.005292861081846055,0.2617279291152954,0.0,2,both
student_both_kd,val,all,far,1.7135543134583393,200000,42820,0.925685,0.8918302662347198,0.8363288870854739,0.7701774871555348,0.813184938346567,0.8018998185427371,0.7142223260158804,0.7737755382998599,0.03662209755845372,0.32350993156433105,0.11277487660565635,0.006152406687382293,0.005292861081846055,0.2617279291152954,0.0,2,both
student_both_kd,val,ge5,all,1.7135543134583393,191366,52270,0.937303387226571,0.9042617666931408,0.8481357438020425,0.7258274344748422,0.8280546059559142,0.8110674962684727,0.6708436961928449,0.786123275353546,0.031286976393572107,0.26794472336769104,0.0955865736318049,0.004649042664867378,0.004765625169292894,0.21615086495876312,0.0,2,both
student_both_kd,val,ge5,near,1.7135543134583393,191366,10483,0.937303387226571,0.9042617666931408,0.8457270106283349,0.7007536010683965,0.8246183008066751,0.7944282601294427,0.7160164075169322,0.7711894706638598,0.031286976393572107,0.26794472336769104,0.0955865736318049,0.004649042664867378,0.004765625169292894,0.21615086495876312,0.0,2,both
student_both_kd,val,ge5,far,1.7135543134583393,191366,41787,0.937303387226571,0.9042617666931408,0.8487400166586719,0.732117644243425,0.828916663219644,0.8152417397519832,0.659511331275277,0.789869681522019,0.031286976393572107,0.26794472336769104,0.0955865736318049,0.004649042664867378,0.004765625169292894,0.21615086495876312,0.0,2,both
student_teacheronly_kd,val,all,all,1.7209875936651657,200000,53779,0.925865,0.8916670224651684,0.8412705320385281,0.7583443351494078,0.817389803268934,0.8033271093270609,0.716748173078711,0.7755511437549972,0.03717189710129053,0.32494136691093445,0.11241507037442384,0.006058098066074202,0.005976613681241881,0.26183652877807617,0.0,2,teacher_only
student_teacheronly_kd,val,all,near,1.7209875936651657,200000,10959,0.925865,0.8916670224651684,0.8427439120813942,0.7524409161419837,0.8188719509079294,0.8013561225933024,0.750980928916872,0.7753173341545762,0.03717189710129053,0.32494136691093445,0.11241507037442384,0.006058098066074202,0.005976613681241881,0.26183652877807617,0.0,2,teacher_only
student_teacheronly_kd,val,all,far,1.7209875936651657,200000,42820,0.925865,0.8916670224651684,0.8408934472209249,0.7598552078468006,0.8170104745446054,0.8038315475245212,0.7079869219990659,0.7756109830686594,0.03717189710129053,0.32494136691093445,0.11241507037442384,0.006058098066074202,0.005976613681241881,0.26183652877807617,0.0,2,teacher_only
student_teacheronly_kd,val,ge5,all,1.7209875936651657,191366,52270,0.93762737372365,0.9044516664300659,0.8529542634066305,0.7206236847139851,0.8326495806359626,0.815941134736448,0.6707863018940119,0.7911205859699001,0.03142524057325098,0.2674422562122345,0.09492597740276083,0.00454875097884192,0.0051974082204076875,0.21545107662677765,0.0,2,teacher_only
student_teacheronly_kd,val,ge5,near,1.7209875936651657,191366,10483,0.93762737372365,0.9044516664300659,0.852801585084394,0.7204044643708862,0.8327807181518873,0.8134323253602661,0.7161118000572355,0.790124103309199,0.03142524057325098,0.2674422562122345,0.09492597740276083,0.00454875097884192,0.0051974082204076875,0.21545107662677765,0.0,2,teacher_only
student_teacheronly_kd,val,ge5,far,1.7209875936651657,191366,41787,0.93762737372365,0.9044516664300659,0.8529925654348214,0.7206786799722402,0.8326166824958846,0.8165705134592689,0.6594156077248905,0.7913705710784776,0.03142524057325098,0.2674422562122345,0.09492597740276083,0.00454875097884192,0.0051974082204076875,0.21545107662677765,0.0,2,teacher_only
teacher,val,all,all,1.3516859344419119,200000,53779,0.96424,0.9492016597925683,0.8937986111214415,0.6208929135908068,0.8835707290020269,0.8314900926941744,0.627624165566485,0.8183878394912513,0.011125360366106007,0.12631875276565552,0.05222107045940591,0.0016100208610035514,0.0017255288765579812,0.11780612170696259,0.5,2,both
teacher,val,all,near,1.3516859344419119,200000,10959,0.96424,0.9492016597925683,0.8815843058216991,0.6006022447303586,0.8713587854731272,0.8350100739118533,0.6362806825440277,0.8219628200565746,0.011125360366106007,0.12631875276565552,0.05222107045940591,0.0016100208610035514,0.0017255288765579812,0.11780612170696259,0.5,2,both
teacher,val,all,far,1.3516859344419119,200000,42820,0.96424,0.9492016597925683,0.8969246403549743,0.6260859411489959,0.8866961537832787,0.8305892175385333,0.625408687529192,0.8174728882531527,0.011125360366106007,0.12631875276565552,0.05222107045940591,0.0016100208610035514,0.0017255288765579812,0.11780612170696259,0.5,2,both
teacher,val,ge5,all,1.3516859344419119,191366,52270,0.9708046361422614,0.958300427580815,0.9054866630010833,0.5608188253300173,0.8970105740901286,0.8430335835536867,0.5737134111344939,0.8314731542675492,0.009231855155891295,0.10120242089033127,0.04280989499276827,0.0011406619581287587,0.001678955823542144,0.09426320344209671,0.5,2,both
teacher,val,ge5,near,1.3516859344419119,191366,10483,0.9708046361422614,0.958300427580815,0.8910353988653841,0.544786797672422,0.8827388875713618,0.8452848674053709,0.5773156539158638,0.833779135581638,0.009231855155891295,0.10120242089033127,0.04280989499276827,0.0011406619581287587,0.001678955823542144,0.09426320344209671,0.5,2,both
teacher,val,ge5,far,1.3516859344419119,191366,41787,0.9708046361422614,0.958300427580815,0.9091120154296983,0.5648407399430445,0.9005908763318841,0.8424688096140114,0.5728097255127192,0.8308946585125155,0.009231855155891295,0.10120242089033127,0.04280989499276827,0.0011406619581287587,0.001678955823542144,0.09426320344209671,0.5,2,both
student_both_direct,val,all,all,1.1181247521521656,200000,53779,0.92726,0.8947900533713392,0.8446975869298425,0.7459975083210919,0.8203365899328735,0.8142169105970734,0.7639599100020454,0.7849843596013313,0.00658616530917586,0.253758043050766,0.10292787382434938,0.006087576006743657,0.004278660249747379,0.25134631991386414,0.5,2,both
student_both_direct,val,all,near,1.1181247521521656,200000,10959,0.92726,0.8947900533713392,0.8353518306871064,0.7254311524774159,0.8099313920065699,0.7474544620859567,0.7569121270188885,0.7213102468290902,0.00658616530917586,0.253758043050766,0.10292787382434938,0.006087576006743657,0.004278660249747379,0.25134631991386414,0.5,2,both
student_both_direct,val,all,far,1.1181247521521656,200000,42820,0.92726,0.8947900533713392,0.8470894632181224,0.7512610929472209,0.8229996110462401,0.8313035447220926,0.7657636618402616,0.8012805903783279,0.00658616530917586,0.253758043050766,0.10292787382434938,0.006087576006743657,0.004278660249747379,0.25134631991386414,0.5,2,both
student_both_direct,val,ge5,all,1.1181247521521656,191366,52270,0.9379983905186919,0.9064312395873397,0.8575478217692009,0.7028505835087048,0.8361478237234732,0.8304033163615103,0.720968050506983,0.8038351841857847,0.005414313878527464,0.21166357398033142,0.08829224078545356,0.004670689702486165,0.004216298120446494,0.20991139113903046,0.5,2,both
student_both_direct,val,ge5,near,1.1181247521521656,191366,10483,0.9379983905186919,0.9064312395873397,0.8460075105372479,0.6805303825240866,0.823693781365751,0.7598242435189758,0.7194505389678527,0.7361133420819415,0.005414313878527464,0.21166357398033142,0.08829224078545356,0.004670689702486165,0.004216298120446494,0.20991139113903046,0.5,2,both
student_both_direct,val,ge5,far,1.1181247521521656,191366,41787,0.9379983905186919,0.9064312395873397,0.8604429107357352,0.7084499964103669,0.8392721381283359,0.8481093115420282,0.7213487448249456,0.8208243930491773,0.005414313878527464,0.21166357398033142,0.08829224078545356,0.004670689702486165,0.004216298120446494,0.20991139113903046,0.5,2,both
student_both_kd,val,all,all,1.7484302828591922,200000,53779,0.916765,0.8810431422690517,0.8328622559456293,0.7693337548113576,0.8049981080905186,0.8029185284683612,0.7367559828185724,0.7698765768236673,0.043333038141131354,0.36420926451683044,0.12662083731931456,0.007773218391976743,0.006050432463996135,0.2905751168727875,0.5,2,both
student_both_kd,val,all,near,1.7484302828591922,200000,10959,0.916765,0.8810431422690517,0.8380944700702619,0.7473309608540926,0.8083884975818961,0.7882875668400402,0.768044529610366,0.7578307715119992,0.043333038141131354,0.36420926451683044,0.12662083731931456,0.007773218391976743,0.006050432463996135,0.2905751168727875,0.5,2,both
student_both_kd,val,all,far,1.7484302828591922,200000,42820,0.916765,0.8810431422690517,0.8315231659271368,0.774964969640355,0.8041303995796356,0.8066630569243345,0.7287482484820178,0.7729594815506773,0.043333038141131354,0.36420926451683044,0.12662083731931456,0.007773218391976743,0.006050432463996135,0.2905751168727875,0.5,2,both
student_both_kd,val,ge5,all,1.7484302828591922,191366,52270,0.9295277112966776,0.8945106527313513,0.8450186638192383,0.7348192079586761,0.8210144733690035,0.8163058861736504,0.6873923856896882,0.7864430883778046,0.03691039044045301,0.3033706247806549,0.10801825547059779,0.005964685606034236,0.0053518881911846184,0.24192649126052856,0.5,2,both
student_both_kd,val,ge5,near,1.7484302828591922,191366,10483,0.9295277112966776,0.8945106527313513,0.8484919788569901,0.7124868835257083,0.8230232076881656,0.8008493406519915,0.7300391109415244,0.7732878199232815,0.03691039044045301,0.3033706247806549,0.10801825547059779,0.005964685606034236,0.0053518881911846184,0.24192649126052856,0.5,2,both
student_both_kd,val,ge5,far,1.7484302828591922,191366,41787,0.9295277112966776,0.8945106527313513,0.8441473219774993,0.7404216622394525,0.8205105472228869,0.8201834310250049,0.6766937085696508,0.789743317616773,0.03691039044045301,0.3033706247806549,0.10801825547059779,0.005964685606034236,0.0053518881911846184,0.24192649126052856,0.5,2,both
student_teacheronly_kd,val,all,all,1.8096479560860441,200000,53779,0.926405,0.8905423364807359,0.8445613180795477,0.742483125383514,0.820649796202979,0.8139381841889958,0.721731530894959,0.7867679799735956,0.039673935188129575,0.33375898003578186,0.11328231562432098,0.00597336276145952,0.005934379041008658,0.26009753346443176,0.5,2,teacher_only
student_teacheronly_kd,val,all,near,1.8096479560860441,200000,10959,0.926405,0.8905423364807359,0.8480623086047998,0.7276211333150835,0.8235198530887855,0.8098851277488822,0.7604708458800985,0.784811169358518,0.039673935188129575,0.33375898003578186,0.11328231562432098,0.00597336276145952,0.005934379041008658,0.26009753346443176,0.5,2,teacher_only
student_teacheronly_kd,val,all,far,1.8096479560860441,200000,42820,0.926405,0.8905423364807359,0.8436653032461467,0.7462867818776273,0.8199152573563755,0.8149754902498832,0.711816907986922,0.787268790051378,0.039673935188129575,0.33375898003578186,0.11328231562432098,0.00597336276145952,0.005934379041008658,0.26009753346443176,0.5,2,teacher_only
student_teacheronly_kd,val,ge5,all,1.8096479560860441,191366,52270,0.9379356834547412,0.9027352485162103,0.8562475987860245,0.7070021044576239,0.8359119951165348,0.8271913749990574,0.6664052037497609,0.8027543492998324,0.03347540967293425,0.2773195505142212,0.0959756840148169,0.004527174777519903,0.005267572635170121,0.2156001478433609,0.5,2,teacher_only
student_teacheronly_kd,val,ge5,near,1.8096479560860441,191366,10483,0.9379356834547412,0.9027352485162103,0.8575713541669818,0.6971286845368693,0.8370745952726749,0.8227956680211945,0.7127730611466183,0.8002187965886739,0.03347540967293425,0.2773195505142212,0.0959756840148169,0.004527174777519903,0.005267572635170121,0.2156001478433609,0.5,2,teacher_only
student_teacheronly_kd,val,ge5,far,1.8096479560860441,191366,41787,0.9379356834547412,0.9027352485162103,0.855915511590041,0.7094790245770216,0.8356203365280549,0.8282941149959211,0.6547730155311461,0.8033904370560981,0.03347540967293425,0.2773195505142212,0.0959756840148169,0.004527174777519903,0.005267572635170121,0.2156001478433609,0.5,2,teacher_only
teacher,val,all,all,1.5777899752182762,200000,53779,0.934525,0.9060599503722028,0.866217438358839,0.7034344260770933,0.8414853999702486,0.8347701499656,0.6623217240930475,0.8046718668067462,0.03134807799398903,0.24948696792125702,0.10006413197734626,0.005612963723401275,0.004785225034914952,0.21313267946243286,0.9,2,both
teacher,val,all,near,1.5777899752182762,200000,10959,0.934525,0.9060599503722028,0.8393601934483073,0.724518660461721,0.8165528186878365,0.8089890861392462,0.7135687562733826,0.7814011428962497,0.03134807799398903,0.24948696792125702,0.10006413197734626,0.005612963723401275,0.004785225034914952,0.21313267946243286,0.9,2,both
teacher,val,all,far,1.5777899752182762,200000,42820,0.934525,0.9060599503722028,0.873091061595049,0.6980382998598785,0.8478664405651564,0.8413683442316675,0.6492059785147127,0.8106275852405418,0.03134807799398903,0.24948696792125702,0.10006413197734626,0.005612963723401275,0.004785225034914952,0.21313267946243286,0.9,2,both
teacher,val,ge5,all,1.5777899752182762,191366,52270,0.9450790631564646,0.918799236008604,0.8779101502707946,0.6600344365792998,0.8568455076516025,0.847312415518192,0.6050124354314138,0.8204276720534764,0.02605088238402386,0.20507466793060303,0.0842614252066105,0.004242324926728155,0.0036700261183888134,0.1762804538011551,0.9,2,both
teacher,val,ge5,near,1.5777899752182762,191366,10483,0.9450790631564646,0.918799236008604,0.8498262336990983,0.687207860345321,0.8304680699090826,0.8215173421316342,0.655728322045216,0.7967247266438143,0.02605088238402386,0.20507466793060303,0.0842614252066105,0.004242324926728155,0.0036700261183888134,0.1762804538011551,0.9,2,both
teacher,val,ge5,far,1.5777899752182762,191366,41787,0.9450790631564646,0.918799236008604,0.8849554920618083,0.6532175078373657,0.863462749374024,0.8537835609536454,0.5922894680163687,0.8263739705848258,0.02605088238402386,0.20507466793060303,0.0842614252066105,0.004242324926728155,0.0036700261183888134,0.1762804538011551,0.9,2,both
student_both_direct,val,all,all,1.4007584994606774,200000,53779,0.87183,0.8190318566927568,0.8040325396065379,0.7971884936499377,0.7514683971438666,0.7875334192714628,0.7944922739359229,0.7276143830305509,0.044143752471655646,0.46224406361579895,0.18803441093695605,0.020142503969462187,0.0035446613837033175,0.4262680411338806,0.9,2,both
student_both_direct,val,all,near,1.4007584994606774,200000,10959,0.87183,0.8190318566927568,0.7810743817866594,0.8103841591386075,0.7318885505064332,0.7084910112692764,0.8146728716123733,0.6573980874167351,0.044143752471655646,0.46224406361579895,0.18803441093695605,0.020142503969462187,0.0035446613837033175,0.4262680411338806,0.9,2,both
student_both_direct,val,all,far,1.4007584994606774,200000,42820,0.87183,0.8190318566927568,0.8099082624357776,0.7938113031293788,0.7564795026856609,0.8077628856258758,0.7893274170948155,0.7455849664876226,0.044143752471655646,0.46224406361579895,0.18803441093695605,0.020142503969462187,0.0035446613837033175,0.4262680411338806,0.9,2,both
student_both_direct,val,ge5,all,1.4007584994606774,191366,52270,0.8874773993290345,0.834061394402852,0.8166513244769826,0.7727759709202219,0.7697520217344659,0.8022251864172021,0.7617945284101779,0.7470247141711472,0.037282730611322416,0.39642611145973206,0.16567358030393564,0.016433345565082923,0.003380907613636487,0.36855366826057434,0.9,2,both
student_both_direct,val,ge5,near,1.4007584994606774,191366,10483,0.8874773993290345,0.834061394402852,0.793098799938155,0.7905179814938472,0.7491544952182094,0.719901259573638,0.7833635409710961,0.6727603459230627,0.037282730611322416,0.39642611145973206,0.16567358030393564,0.016433345565082923,0.003380907613636487,0.36855366826057434,0.9,2,both
student_both_direct,val,ge5,far,1.4007584994606774,191366,41787,0.8874773993290345,0.834061394402852,0.8225598873013187,0.7683250771771125,0.7749192716081088,0.822877583696286,0.7563835642663986,0.765655230177194,0.037282730611322416,0.39642611145973206,0.16567358030393564,0.016433345565082923,0.003380907613636487,0.36855366826057434,0.9,2,both
student_both_kd,val,all,all,1.922983797833492,200000,53779,0.85817,0.8039065498692443,0.7851728581323565,0.8118968370553562,0.7261508448465014,0.7867389944495062,0.7687387270124026,0.716222323676528,0.08423561103515326,0.6449354290962219,0.22344198957890504,0.025628435652302266,0.011048812779374407,0.4779471755027771,0.9,2,both
student_both_kd,val,all,near,1.922983797833492,200000,10959,0.85817,0.8039065498692443,0.7622126441737385,0.8300939866776166,0.7075023779541929,0.7344584574322475,0.8389451592298567,0.6746967524409161,0.08423561103515326,0.6449354290962219,0.22344198957890504,0.025628435652302266,0.011048812779374407,0.4779471755027771,0.9,2,both
student_both_kd,val,all,far,1.922983797833492,200000,42820,0.85817,0.8039065498692443,0.7910491071929006,0.8072396076599719,0.730923580686595,0.8001192467888836,0.7507706679121906,0.726850038183092,0.08423561103515326,0.6449354290962219,0.22344198957890504,0.025628435652302266,0.011048812779374407,0.4779471755027771,0.9,2,both
student_both_kd,val,ge5,all,1.922983797833492,191366,52270,0.8752442962699748,0.81995453211159,0.7967010685320087,0.7925196097187679,0.7443231753081665,0.8003894830576369,0.7178687583700019,0.7351345638867163,0.07343126679635305,0.5560539960861206,0.19694850329452876,0.021063533075634376,0.0067845539209935605,0.4153698682785034,0.9,2,both
student_both_kd,val,ge5,near,1.922983797833492,191366,10483,0.8752442962699748,0.81995453211159,0.7726455894438041,0.8149384718115044,0.7242430453179847,0.747995750218114,0.8008203758466088,0.6922721655979647,0.07343126679635305,0.5560539960861206,0.19694850329452876,0.021063533075634376,0.0067845539209935605,0.4153698682785034,0.9,2,both
student_both_kd,val,ge5,far,1.922983797833492,191366,41787,0.8752442962699748,0.81995453211159,0.8027358063040826,0.7868954459520904,0.7493606272115592,0.813533367551779,0.6970588939143753,0.7458873463611936,0.07343126679635305,0.5560539960861206,0.19694850329452876,0.021063533075634376,0.0067845539209935605,0.4153698682785034,0.9,2,both
student_teacheronly_kd,val,all,all,2.0113792658475864,200000,53779,0.92906,0.8964767993754558,0.8548425868368694,0.7369791182431804,0.8330977513527584,0.82341430711802,0.7200766098291155,0.7974780514699046,0.0428729921649396,0.35641762614250183,0.11253936120873283,0.005764651005794874,0.005581246936470224,0.2547619044780731,0.9,2,teacher_only
student_teacheronly_kd,val,all,near,2.0113792658475864,200000,10959,0.92906,0.8964767993754558,0.847342327310886,0.7433159959850352,0.8268915243179122,0.8181015174742221,0.7540834017702345,0.7936937384797884,0.0428729921649396,0.35641762614250183,0.11253936120873283,0.005764651005794874,0.005581246936470224,0.2547619044780731,0.9,2,teacher_only
student_teacheronly_kd,val,all,far,2.0113792658475864,200000,42820,0.92906,0.8964767993754558,0.8567621418145727,0.7353573096683793,0.8346861222559552,0.8247740189747781,0.711373190098085,0.7984465775338626,0.0428729921649396,0.35641762614250183,0.11253936120873283,0.005764651005794874,0.005581246936470224,0.2547619044780731,0.9,2,teacher_only
student_teacheronly_kd,val,ge5,all,2.0113792658475864,191366,52270,0.9401826865796432,0.9086777574510603,0.8656833609065196,0.7032332121675914,0.8479274947463639,0.8369249701302174,0.6701740960397934,0.813730981908944,0.03568559399257421,0.29389089345932007,0.09497251122538905,0.004368162540267546,0.004243327156364101,0.21094386279582977,0.9,2,teacher_only
student_teacheronly_kd,val,ge5,near,2.0113792658475864,191366,10483,0.9401826865796432,0.9086777574510603,0.8561489985818571,0.7209768196127063,0.8400061136246914,0.8310842347555194,0.7132500238481351,0.8092471352994453,0.03568559399257421,0.29389089345932007,0.09497251122538905,0.004368162540267546,0.004243327156364101,0.21094386279582977,0.9,2,teacher_only
student_teacheronly_kd,val,ge5,far,2.0113792658475864,191366,41787,0.9401826865796432,0.9086777574510603,0.8680752224962351,0.698781917821332,0.8499147117827267,0.8383902207807296,0.6593677459496973,0.8148558332743778,0.03568559399257421,0.29389089345932007,0.09497251122538905,0.004368162540267546,0.004243327156364101,0.21094386279582977,0.9,2,teacher_only
teacher,val,all,all,4.047514243449656,200000,53779,0.217325,0.26529564721557386,0.49585693890738025,0.9622529240037933,0.14382295682329532,0.4982739058926347,0.9419847896018892,0.14007027984901171,0.6476995272439718,6.571714401245117,1.374018689843607,0.6093554848715208,0.18567944835819306,2.7000484466552734,1.0,2,both
teacher,val,all,near,4.047514243449656,200000,10959,0.217325,0.26529564721557386,0.4331269848982572,0.9658727986130121,0.1352767086412994,0.4426864205219454,0.9613103385345378,0.13141843872616113,0.6476995272439718,6.571714401245117,1.374018689843607,0.6093554848715208,0.18567944835819306,2.7000484466552734,1.0,2,both
teacher,val,all,far,4.047514243449656,200000,42820,0.217325,0.26529564721557386,0.5119115294255021,0.9613264829518916,0.14601021356842597,0.5125005115016348,0.9370387669313405,0.14228456118636149,0.6476995272439718,6.571714401245117,1.374018689843607,0.6093554848715208,0.18567944835819306,2.7000484466552734,1.0,2,both
teacher,val,ge5,all,4.047514243449656,191366,52270,0.22077066981595478,0.2702926374975623,0.495931749461242,0.9625023914291181,0.14561031167580193,0.49930218511723923,0.9410369236655826,0.1418216510248479,0.6439786229725721,6.456681251525879,1.3666574402252871,0.6054737957440738,0.1851828209186439,2.6669070720672607,1.0,2,both
teacher,val,ge5,near,4.047514243449656,191366,10483,0.22077066981595478,0.2702926374975623,0.4351281393648575,0.9661356481923113,0.13725940684196042,0.4461651399232642,0.9606982733950206,0.13350458236570506,0.6439786229725721,6.456681251525879,1.3666574402252871,0.6054737957440738,0.1851828209186439,2.6669070720672607,1.0,2,both
teacher,val,ge5,far,4.047514243449656,191366,41787,0.22077066981595478,0.2702926374975623,0.5111853987933405,0.9615909254074234,0.1477052822497403,0.512632542519504,0.936104530117022,0.1439081332024101,0.6439786229725721,6.456681251525879,1.3666574402252871,0.6054737957440738,0.1851828209186439,2.6669070720672607,1.0,2,both
student_both_direct,val,all,all,6.794903398873703,200000,53779,0.149055,0.15407346424812407,0.5194345477788728,0.9551683742724856,0.11727856960895519,0.50150930456126,0.9596496773833653,0.114597089198386,0.7231464526791871,10.912446022033691,1.518816065032049,0.6896732973304216,0.11135599426206205,3.101311445236206,1.0,2,both
student_both_direct,val,all,near,6.794903398873703,200000,10959,0.149055,0.15407346424812407,0.45144285587188615,0.9614015877361073,0.10804806186695869,0.43915535381877907,0.9694315174742221,0.10506865270553882,0.7231464526791871,10.912446022033691,1.518816065032049,0.6896732973304216,0.11135599426206205,3.101311445236206,1.0,2,both
student_both_direct,val,all,far,6.794903398873703,200000,42820,0.149055,0.15407346424812407,0.5368357843881364,0.9535730966837926,0.11964095014012141,0.5174676638836991,0.9571461933675852,0.11703571917328352,0.7231464526791871,10.912446022033691,1.518816065032049,0.6896732973304216,0.11135599426206205,3.101311445236206,1.0,2,both
student_both_direct,val,ge5,all,6.794903398873703,191366,52270,0.15035586258792052,0.15568481380145416,0.5229639591479853,0.9539889037688923,0.11875214628282764,0.5052540406781856,0.959575282188636,0.11643671783837278,0.7249105311452464,10.825906753540039,1.5199467371514166,0.6865886148239218,0.11521519150148841,3.065194845199585,1.0,2,both
student_both_direct,val,ge5,near,6.794903398873703,191366,10483,0.15035586258792052,0.15568481380145416,0.45722007512267976,0.9585042449680435,0.109607199244699,0.4458146466364179,0.9680434989983784,0.10701436214586006,0.7249105311452464,10.825906753540039,1.5199467371514166,0.6865886148239218,0.11521519150148841,3.065194845199585,1.0,2,both
student_both_direct,val,ge5,far,6.794903398873703,191366,41787,0.15035586258792052,0.15568481380145416,0.5394569626236424,0.9528561514346567,0.121046316235222,0.5201654525464664,0.9574508818532079,0.11880048060489372,0.7249105311452464,10.825906753540039,1.5199467371514166,0.6865886148239218,0.11521519150148841,3.065194845199585,1.0,2,both
student_both_kd,val,all,all,4.46369337384538,200000,53779,0.16645,0.20506754040364514,0.49393167216757466,0.9665668755462169,0.12396097314937059,0.48119844019040886,0.9651536845236989,0.12111134188065972,0.7099831588296592,7.82040548324585,1.4832249090889744,0.645084619518573,0.19364763708680868,2.9280805587768555,1.0,2,both
student_both_kd,val,all,near,4.46369337384538,200000,10959,0.16645,0.20506754040364514,0.42237245026918513,0.9761839583903641,0.11759364494935669,0.42090289305593576,0.966602792225568,0.11417152933661831,0.7099831588296592,7.82040548324585,1.4832249090889744,0.645084619518573,0.19364763708680868,2.9280805587768555,1.0,2,both
student_both_kd,val,all,far,4.46369337384538,200000,42820,0.16645,0.20506754040364514,0.5122459531760859,0.964105558150397,0.12559057496496964,0.4966299885567491,0.9647828117702009,0.12288746064922931,0.7099831588296592,7.82040548324585,1.4832249090889744,0.645084619518573,0.19364763708680868,2.9280805587768555,1.0,2,both
student_both_kd,val,ge5,all,4.46369337384538,191366,52270,0.16871335555950379,0.2073811888157713,0.49518301063212244,0.965831260761431,0.1254311932924532,0.4824842300441812,0.9651425291754352,0.12253274691064887,0.708178075184565,7.699762344360352,1.4788137401130426,0.6416259042426841,0.1940191734296841,2.894531011581421,1.0,2,both
student_both_kd,val,ge5,near,4.46369337384538,191366,10483,0.16871335555950379,0.2073811888157713,0.4248898443367673,0.9751979395211294,0.11924503909216369,0.4242847161349725,0.9668033959744348,0.11584598433659929,0.708178075184565,7.699762344360352,1.4788137401130426,0.6416259042426841,0.1940191734296841,2.894531011581421,1.0,2,both
student_both_kd,val,ge5,far,4.46369337384538,191366,41787,0.16871335555950379,0.2073811888157713,0.5128172811534379,0.9634814655275564,0.12698309829835538,0.4970845962899092,0.9647258716825807,0.12421023828508976,0.708178075184565,7.699762344360352,1.4788137401130426,0.6416259042426841,0.1940191734296841,2.894531011581421,1.0,2,both
student_teacheronly_kd,val,all,all,2.2924071486317614,200000,53779,0.929695,0.8949034375028235,0.8464047725413265,0.72487402145819,0.826079498317187,0.8113336740642259,0.7046616709124379,0.7839677238327228,0.04780602037370202,0.4365827441215515,0.11608230076382728,0.0063455128063256054,0.008075528846718341,0.2706652879714966,1.0,2,teacher_only
student_teacheronly_kd,val,all,near,2.2924071486317614,200000,10959,0.929695,0.8949034375028235,0.8490008871703622,0.7293548681449037,0.8289636965051556,0.822822674970344,0.7549958937859294,0.7971644780545669,0.04780602037370202,0.4365827441215515,0.11608230076382728,0.0063455128063256054,0.008075528846718341,0.2706652879714966,1.0,2,teacher_only
student_teacheronly_kd,val,all,far,2.2924071486317614,200000,42820,0.929695,0.8949034375028235,0.8457403442316676,0.7237272302662308,0.82534134026156,0.8083932732951891,0.6917795422699673,0.7805902546707146,0.04780602037370202,0.4365827441215515,0.11608230076382728,0.0063455128063256054,0.008075528846718341,0.2706652879714966,1.0,2,teacher_only
student_teacheronly_kd,val,ge5,all,2.2924071486317614,191366,52270,0.9400154677424412,0.9067217993168132,0.8551280467568758,0.6961163191123015,0.8389526027031567,0.8217104069598675,0.6590587334991391,0.7971899705383769,0.040377086587524674,0.3613196909427643,0.09876849579513033,0.004993171081593113,0.006435175447338289,0.22700370848178864,1.0,2,teacher_only
student_teacheronly_kd,val,ge5,near,2.2924071486317614,191366,10483,0.9400154677424412,0.9067217993168132,0.855507999602598,0.7006582085280931,0.8401001722266889,0.8353824728476333,0.7050462653820472,0.8121782703186677,0.040377086587524674,0.3613196909427643,0.09876849579513033,0.004993171081593113,0.006435175447338289,0.22700370848178864,1.0,2,teacher_only
student_teacheronly_kd,val,ge5,far,2.2924071486317614,191366,41787,0.9400154677424412,0.9067217993168132,0.8550327289383748,0.6949769066934692,0.8386647148118224,0.8182805300435669,0.64752195658937,0.793429893323052,0.040377086587524674,0.3613196909427643,0.09876849579513033,0.004993171081593113,0.006435175447338289,0.22700370848178864,1.0,2,teacher_only
